STATE_UT,DISTRICT,YEAR,MURDER,ATTEMPT_TO_MURDER,CULPABLE_HOMICIDE,RAPE,KIDNAPPING_ABDUCTION,DACOITY,ROBBERY,BURGLARY,THEFT,AUTO_THEFT,RIOTS,CHEATING,ARSON,HURT,DOWRY_DEATHS,ASSAULT_ON_WOMEN,INSULT_TO_MODESTY_OF_WOMEN,CRUELTY_BY_HUSBAND,TOTAL_IPC_CRIMES
ANDHRA PRADESH,ADILABAD,2001,101,60,17,100,92,9,41,198,398,0,78,104,30,1131,16,149,0,175,4154
ANDHRA PRADESH,ANANTAPUR,2001,151,125,1,46,106,8,16,191,732,0,168,65,69,1543,7,118,0,154,4125
ANDHRA PRADESH,CHITTOOR,2001,101,57,2,54,118,4,14,237,1446,0,156,209,38,2088,14,112,0,186,5818
ANDHRA PRADESH,CUDDAPAH,2001,80,53,1,40,50,1,4,98,346,0,164,37,23,795,17,126,0,57,3140
ANDHRA PRADESH,EAST GODAVARI,2001,82,67,1,46,98,4,25,437,2042,0,70,220,41,1244,12,109,0,247,6507
ANDHRA PRADESH,GUNTAKAL RLY.,2001,3,1,0,0,0,5,2,0,324,0,1,0,0,1,0,1,0,0,287
ANDHRA PRADESH,GUNTUR,2001,182,88,2,108,164,19,59,338,2244,0,244,300,43,1792,7,139,0,378,7848
ANDHRA PRADESH,HYDERABAD CITY,2001,111,113,7,74,160,13,67,1155,5584,0,65,1293,0,3137,24,118,0,746,11831
ANDHRA PRADESH,KARIMNAGAR,2001,162,85,6,112,134,28,50,218,784,0,220,243,33,1392,62,414,0,224,5811
ANDHRA PRADESH,KHAMMAM,2001,93,60,1,94,82,1,13,172,736,0,153,130,73,1026,17,180,0,172,4582
ANDHRA PRADESH,KRISHNA,2001,65,51,0,74,72,3,15,163,956,0,70,104,62,1985,10,208,0,265,4779
ANDHRA PRADESH,KURNOOL,2001,133,72,4,58,94,6,22,155,594,0,84,126,5,1547,13,141,0,92,4581
ANDHRA PRADESH,MAHABOOBNAGAR,2001,157,67,26,118,84,8,27,249,632,0,157,84,0,867,14,176,0,69,4819
ANDHRA PRADESH,MEDAK,2001,101,56,12,70,52,27,26,219,572,0,100,87,37,1367,26,100,0,192,3532
ANDHRA PRADESH,NALGONDA,2001,122,60,1,70,54,6,28,133,636,0,220,122,72,1132,31,188,0,214,5002
ANDHRA PRADESH,NELLORE,2001,89,69,5,92,180,14,16,244,1216,0,97,177,65,1119,10,207,0,287,5245
ANDHRA PRADESH,NIZAMABAD,2001,106,49,14,42,76,7,22,158,468,0,51,122,30,1383,19,55,0,228,3621
ANDHRA PRADESH,PRAKASHAM,2001,102,82,3,38,62,15,14,147,556,0,138,88,43,1266,5,140,0,119,3678
ANDHRA PRADESH,RANGA REDDY,2001,214,95,16,144,212,27,78,1076,2592,0,65,527,67,2829,37,113,0,421,9867
ANDHRA PRADESH,SECUNDERABAD RLY.,2001,6,0,0,0,0,0,10,2,592,0,1,4,0,17,1,0,0,0,439
ANDHRA PRADESH,SRIKAKULAM,2001,38,10,4,16,24,1,4,118,462,0,70,53,34,679,6,38,0,108,2572
ANDHRA PRADESH,VIJAYAWADA,2001,53,44,5,50,140,3,27,491,4114,0,19,614,17,1578,2,84,0,520,6733
ANDHRA PRADESH,VIJAYAWADA RLY.,2001,2,1,0,2,0,0,1,0,530,0,1,3,0,9,0,1,0,0,320
ANDHRA PRADESH,VISAKHA RURAL,2001,58,29,0,24,24,4,3,76,330,0,138,39,31,1476,3,67,0,99,3183
ANDHRA PRADESH,VISAKHAPATNAM,2001,22,10,1,26,26,1,5,323,1260,0,9,192,15,325,0,33,0,204,3422
ANDHRA PRADESH,VIZIANAGARAM,2001,33,14,1,16,16,0,2,99,288,0,36,41,12,529,0,40,0,121,2178
ANDHRA PRADESH,WARANGAL,2001,158,79,5,106,162,2,23,266,836,0,330,137,0,1718,52,241,0,165,6319
ANDHRA PRADESH,WEST GODAVARI,2001,77,58,1,122,82,7,15,257,2232,0,96,270,32,972,15,246,0,348,5696
ANDHRA PRADESH,TOTAL,2001,2602,1555,136,1742,2364,223,629,7220,33502,0,3001,5391,872,34947,420,3544,0,5791,130089
ARUNACHAL PRADESH,CHANGLANG,2001,11,2,0,2,6,5,4,18,48,0,0,3,1,30,0,3,0,0,163
ARUNACHAL PRADESH,DIBANG VALLEY,2001,3,5,0,4,8,2,5,18,38,0,0,0,0,27,0,4,0,2,139
ARUNACHAL PRADESH,KAMENG EAST,2001,3,1,0,4,14,1,6,8,52,0,0,1,1,36,0,5,0,0,126
ARUNACHAL PRADESH,KAMENG WEST,2001,4,2,0,0,4,1,0,6,52,0,0,4,0,27,0,0,0,0,103
ARUNACHAL PRADESH,LOHIT,2001,16,6,1,4,12,2,8,20,62,0,3,2,2,40,0,8,0,0,190
ARUNACHAL PRADESH,PAPUM PARE,2001,11,8,0,18,30,4,29,59,218,0,9,8,1,84,0,6,0,3,498
ARUNACHAL PRADESH,SIANG EAST,2001,7,0,0,10,22,4,8,25,104,0,1,4,1,58,0,7,0,2,243
ARUNACHAL PRADESH,SIANG UPPER,2001,1,1,0,4,10,0,0,5,18,0,1,0,2,15,0,3,0,0,56
ARUNACHAL PRADESH,SIANG WEST,2001,5,14,0,8,34,1,10,34,144,0,2,5,3,71,0,25,0,2,361
ARUNACHAL PRADESH,SUBANSIRI LOWER,2001,8,10,1,4,12,1,7,17,50,0,5,2,2,11,0,4,0,0,148
ARUNACHAL PRADESH,SUBANSIRI UPPER,2001,4,0,0,4,2,3,5,17,40,0,2,0,0,34,0,8,0,2,140
ARUNACHAL PRADESH,TAWANG,2001,2,0,0,2,0,0,0,3,26,0,0,1,0,3,0,5,0,0,48
ARUNACHAL PRADESH,TIRAP,2001,8,4,1,2,12,0,2,18,34,0,1,0,0,30,0,0,0,0,127
ARUNACHAL PRADESH,TOTAL,2001,83,53,3,66,166,24,84,248,886,0,24,30,13,466,0,78,0,11,2342
ASSAM,BARPETA,2001,64,5,0,56,210,44,45,93,374,0,196,29,38,266,10,29,0,95,1778
ASSAM,BONGAIGAON,2001,45,22,0,40,72,13,25,87,184,0,87,13,12,67,1,22,0,26,810
ASSAM,C.I.D.,2001,0,0,0,0,0,0,0,0,2,0,0,5,0,0,0,0,0,0,8
ASSAM,CACHAR,2001,52,30,1,90,208,29,42,189,718,0,533,33,64,286,7,80,0,216,3462
ASSAM,DARRANG,2001,61,13,0,96,128,21,29,111,370,0,100,25,16,319,9,56,0,37,1454
ASSAM,DHEMAJI,2001,15,16,0,84,62,2,12,26,158,0,13,15,16,203,0,26,0,0,652
ASSAM,DHUBRI,2001,65,23,0,86,138,54,19,79,166,0,402,24,23,193,5,49,0,111,1505
ASSAM,DIBRUGARH,2001,110,22,6,70,114,14,29,114,650,0,21,12,20,351,3,41,0,19,1565
ASSAM,G.R.P.,2001,13,1,0,2,6,8,16,11,270,0,9,0,0,35,0,0,0,0,343
ASSAM,GOALPARA,2001,28,12,0,70,86,37,13,61,232,0,129,16,4,51,1,54,0,64,873
ASSAM,GOLAGHAT,2001,53,2,0,60,88,14,27,95,422,0,26,20,21,135,0,23,0,26,1166
ASSAM,GUWAHATI CITY,2001,71,44,12,74,258,42,73,227,1472,0,151,72,18,913,5,67,0,98,4373
ASSAM,HAILAKANDI,2001,18,4,0,48,72,6,8,93,184,0,160,14,19,60,2,27,0,28,820
ASSAM,JORHAT,2001,40,22,2,84,74,6,27,43,460,0,30,23,13,134,2,44,0,48,1190
ASSAM,KAMRUP,2001,37,30,8,42,190,31,41,196,550,0,55,50,6,404,2,42,0,27,2011
ASSAM,KARBI ANGLONG,2001,65,26,3,10,76,12,33,13,158,0,90,11,24,66,4,5,0,8,721
ASSAM,KARIMGANJ,2001,32,20,0,66,84,8,5,57,228,0,271,8,17,68,1,9,0,30,843
ASSAM,KOKRAJHAR,2001,87,27,1,28,82,14,10,42,178,0,50,10,6,156,0,37,0,20,776
ASSAM,LAKHIMPUR,2001,26,21,1,128,144,15,47,124,390,0,106,71,0,386,0,22,0,93,1779
ASSAM,MORIGAON,2001,20,9,0,46,78,15,10,84,132,0,79,7,5,31,0,6,0,28,731
ASSAM,N.C.HILLS,2001,17,8,1,4,16,4,5,17,60,0,4,3,3,22,0,2,0,7,187
ASSAM,NAGAON,2001,95,22,3,102,238,61,33,288,982,0,267,35,41,513,1,113,0,132,3202
ASSAM,NALBARI,2001,79,36,0,60,106,16,39,96,238,0,4,18,21,172,3,16,0,15,1194
ASSAM,R.P.O.,2001,11,0,0,6,4,13,2,1,58,0,13,1,0,0,0,0,0,0,101
ASSAM,SIBSAGAR,2001,59,24,0,94,128,3,41,1,686,0,50,29,21,286,0,28,0,0,1643
ASSAM,SONITPUR,2001,86,25,1,106,174,30,21,175,712,0,85,21,32,451,1,43,0,99,2309
ASSAM,TINSUKIA,2001,107,17,1,82,124,34,35,100,700,0,22,10,1,237,2,9,0,21,1381
ASSAM,TOTAL,2001,1356,481,40,1634,2960,546,687,2423,10734,0,2953,575,441,5805,59,850,0,1248,36877
BIHAR,ARARIA,2001,47,27,4,186,158,40,43,80,322,0,375,47,3,10,11,3,0,50,2069
BIHAR,ARWAL,2001,37,64,1,0,26,5,8,20,48,0,76,7,14,209,7,11,0,14,591
BIHAR,AURANGABAD,2001,74,46,0,32,48,20,28,137,206,0,155,28,3,25,33,13,0,19,1690
BIHAR,BAGAHA,2001,34,67,12,50,112,1,9,7,230,0,67,15,6,343,0,4,0,2,912
BIHAR,BANKA,2001,93,16,4,68,54,51,39,51,146,0,196,3,4,8,9,0,0,16,1386
BIHAR,BEGUSARAI,2001,124,77,5,26,106,18,67,76,530,0,147,26,6,65,21,32,0,21,2628
BIHAR,BETTIAH,2001,66,9,20,40,168,10,32,93,530,0,340,33,21,842,17,23,0,54,2796
BIHAR,BHABHUA,2001,41,25,3,20,86,35,26,96,368,0,186,23,21,92,8,7,0,22,1368
BIHAR,BHAGALPUR,2001,128,73,6,70,132,28,55,127,740,0,171,47,13,9,20,15,0,52,2634
BIHAR,BHOJPUR,2001,135,33,0,44,92,32,49,114,428,0,240,31,0,515,23,0,0,29,2806
BIHAR,BUXAR,2001,56,38,0,16,68,49,34,76,358,0,189,57,18,39,15,0,0,0,1674
BIHAR,DARBHANGA,2001,53,64,4,38,78,29,37,65,206,0,142,31,17,0,37,40,0,34,2572
BIHAR,GAYA,2001,200,170,7,50,132,101,114,149,832,0,417,79,23,292,26,27,0,24,3182
BIHAR,GOPALGANJ,2001,107,92,4,26,118,39,73,81,306,0,227,75,6,42,22,0,0,155,2098
BIHAR,JAMALPUR RLY.,2001,7,0,0,2,8,11,13,1,234,0,0,3,0,0,0,1,0,1,225
BIHAR,JAMUI,2001,67,74,3,20,28,23,14,40,162,0,134,7,1,225,16,8,0,15,1046
BIHAR,JEHANABAD,2001,73,80,2,12,70,17,22,53,242,0,170,51,0,0,25,0,0,4,1353
BIHAR,KATIHAR,2001,60,47,2,102,98,49,30,49,292,0,193,23,1,64,6,6,0,29,1811
BIHAR,KATIHAR RLY.,2001,7,0,0,0,6,19,19,12,442,0,9,9,0,0,0,2,0,0,417
BIHAR,KHAGARIA,2001,72,27,2,10,68,9,29,17,172,0,167,6,1,5,11,6,0,2,895
BIHAR,KISHANGANJ,2001,25,15,1,44,46,19,10,34,114,0,116,5,8,4,4,2,0,39,897
BIHAR,LAKHISARAI,2001,61,44,5,20,60,9,13,25,158,0,93,6,4,9,6,12,0,5,754
BIHAR,MADHEPURA,2001,56,23,7,22,98,18,31,13,138,0,157,17,8,4,6,3,0,10,1062
BIHAR,MADHUBANI,2001,35,65,5,26,72,24,17,86,196,0,195,9,4,615,12,41,0,18,2897
BIHAR,MOTIHARI,2001,114,98,11,88,200,37,79,105,542,0,365,103,23,112,37,3,0,47,3881
BIHAR,MUNGER,2001,51,108,0,22,90,6,29,57,314,0,218,29,12,173,8,0,0,39,1758
BIHAR,MUZAFFARPUR,2001,153,162,21,146,226,46,135,118,1076,0,241,94,42,103,69,81,0,141,4212
BIHAR,MUZAFFARPUR RLY.,2001,13,3,0,4,10,4,15,8,626,0,13,20,1,53,0,4,0,1,538
BIHAR,NALANDA,2001,208,249,18,80,252,56,97,92,824,0,318,34,13,611,47,14,0,54,3479
BIHAR,NAUGACHIA,2001,36,65,0,14,58,18,18,7,64,0,56,11,1,52,4,0,0,5,570
BIHAR,NAWADAH,2001,77,54,5,30,84,18,31,37,132,0,183,30,12,282,17,7,0,13,1515
BIHAR,PATNA,2001,434,581,30,54,394,122,414,426,3136,0,506,331,54,354,90,47,0,152,8583
BIHAR,PATNA RLY.,2001,24,21,0,2,6,33,21,4,1622,0,11,11,0,0,0,9,0,0,1127
BIHAR,PURNEA,2001,104,89,10,78,128,80,97,100,454,0,269,28,7,35,8,5,0,22,2054
BIHAR,ROHTAS,2001,127,112,4,50,144,84,68,144,634,0,391,52,27,472,36,21,0,59,2961
BIHAR,SAHARSA,2001,36,151,3,24,54,3,15,24,112,0,156,25,6,229,7,9,0,12,1066
BIHAR,SAMASTIPUR,2001,107,115,20,38,150,48,61,94,494,0,312,33,45,255,11,17,0,35,2853
BIHAR,SARAN,2001,137,70,0,40,130,75,93,96,492,0,309,14,43,878,67,22,0,101,3442
BIHAR,SHEIKHPURA,2001,28,1,1,6,32,16,12,15,178,0,136,10,3,6,9,0,0,32,804
BIHAR,SHEOHAR,2001,18,0,1,22,26,7,8,5,32,0,38,1,0,0,3,0,0,2,428
BIHAR,SITAMARHI,2001,51,5,3,46,68,24,15,47,264,0,218,41,7,29,13,1,0,21,1797
BIHAR,SIWAN,2001,116,150,9,8,102,48,100,77,224,0,239,26,16,47,32,6,0,10,1853
BIHAR,SUPAUL,2001,41,61,4,60,52,32,40,49,258,0,170,8,0,0,7,8,0,18,1672
BIHAR,VAISHALI,2001,110,148,13,40,180,25,43,226,524,0,295,120,8,436,59,52,0,179,4076
BIHAR,TOTAL,2001,3643,3419,250,1776,4318,1438,2203,3233,19402,0,8606,1659,502,7544,859,562,0,1558,88432
CHHATTISGARH,BALRAMPUR,2001,13,2,0,34,2,18,11,26,42,0,15,6,2,30,1,18,0,7,235
CHHATTISGARH,BILASPUR,2001,99,42,11,138,40,5,37,551,1380,0,166,23,17,617,7,180,0,94,4353
CHHATTISGARH,BIZAPUR,2001,9,13,0,8,0,2,6,9,6,0,1,0,6,11,0,1,0,0,86
CHHATTISGARH,DANTEWARA,2001,83,37,0,38,22,7,5,59,128,0,14,5,5,116,1,18,0,3,739
CHHATTISGARH,DHAMTARI,2001,14,6,0,44,8,2,0,125,220,0,22,12,1,127,1,41,0,6,996
CHHATTISGARH,DURG,2001,76,66,0,288,114,10,50,593,1786,0,48,91,35,595,12,287,0,231,6544
CHHATTISGARH,GRP RAIPUR,2001,2,1,0,0,0,2,9,8,394,0,4,2,0,8,0,4,0,1,315
CHHATTISGARH,JAGDALPUR,2001,80,35,4,118,12,2,23,146,344,0,35,11,12,216,3,49,0,14,1812
CHHATTISGARH,JANJGIR,2001,48,29,0,58,18,3,25,193,474,0,105,23,23,556,9,110,0,116,2059
CHHATTISGARH,JASHPUR,2001,37,16,6,72,4,7,17,88,108,0,13,7,8,98,2,41,0,4,719
CHHATTISGARH,KANKER,2001,31,17,1,84,8,4,5,67,106,0,23,9,3,76,1,36,0,10,760
CHHATTISGARH,KAWARDHA,2001,19,12,2,70,2,2,2,69,86,0,10,4,4,167,1,45,0,15,685
CHHATTISGARH,KORBA,2001,33,13,1,92,26,0,8,221,610,0,67,47,7,515,1,90,0,31,2112
CHHATTISGARH,KORIYA,2001,35,25,4,68,14,5,6,228,306,0,21,9,7,163,3,102,0,31,1644
CHHATTISGARH,MAHASAMUND,2001,18,20,5,86,14,2,6,108,292,0,30,27,10,174,6,69,0,21,1185
CHHATTISGARH,RAIGARH,2001,50,24,0,106,12,5,13,212,346,0,34,17,4,277,2,104,0,22,1650
CHHATTISGARH,RAIPUR,2001,92,102,10,208,76,15,58,793,1906,0,110,64,28,1259,16,253,0,121,6786
CHHATTISGARH,RAJNANDGAON,2001,36,27,0,116,8,4,15,289,462,0,50,14,11,142,3,92,0,51,2650
CHHATTISGARH,SARGUJA,2001,105,42,1,290,34,11,42,359,628,0,103,31,32,330,1,223,0,62,3130
CHHATTISGARH,TOTAL,2001,880,529,45,1918,414,106,338,4144,9624,0,871,402,215,5477,70,1763,0,840,38460
GOA,NORTH GOA,2001,22,16,4,8,8,5,10,189,582,0,33,29,10,93,2,12,0,6,1271
GOA,SOUTH GOA,2001,14,14,1,16,10,2,15,170,570,0,31,33,6,81,0,5,0,5,1070
GOA,TOTAL,2001,36,30,5,24,18,7,25,359,1152,0,64,62,16,174,2,17,0,11,2341
GUJARAT,AHMEDABAD COMMR.,2001,90,58,60,78,286,22,192,695,7176,0,191,205,2,1311,7,54,0,530,13496
GUJARAT,AHMEDABAD RURAL,2001,26,17,1,10,54,16,25,122,450,0,50,9,24,482,0,26,0,84,2146
GUJARAT,AHWA-DANG,2001,6,0,0,2,4,0,1,6,16,0,10,4,2,32,0,2,0,2,147
GUJARAT,AMRELI,2001,41,11,0,4,78,4,25,127,398,0,52,21,17,363,2,21,0,94,2191
GUJARAT,ANAND,2001,28,16,0,6,60,10,14,195,854,0,63,76,22,596,0,27,0,210,3879
GUJARAT,BHARUCH,2001,37,14,0,8,78,13,17,150,776,0,44,71,22,385,0,19,0,56,3052
GUJARAT,BHAVNAGAR,2001,64,28,0,18,120,5,48,203,1122,0,113,103,25,100,2,36,0,129,5088
GUJARAT,DAHOD,2001,36,8,0,10,30,22,44,76,240,0,49,0,31,394,0,17,0,11,1717
GUJARAT,GANDHINAGAR,2001,25,11,0,8,30,14,22,182,1170,0,64,38,5,430,3,37,0,116,3478
GUJARAT,HIMATNAGAR,2001,55,9,3,34,62,23,29,204,382,0,65,52,25,357,4,51,0,165,4013
GUJARAT,JAMNAGAR,2001,48,27,2,40,54,2,20,204,1060,0,34,25,13,418,2,18,0,163,3857
GUJARAT,JUNAGADH,2001,56,37,0,28,92,4,52,252,1094,0,88,122,14,541,11,44,0,384,5186
GUJARAT,KHEDA NORTH,2001,42,5,0,22,60,9,19,159,716,0,63,63,21,472,0,43,0,122,3851
GUJARAT,KUTCH,2001,34,29,18,4,48,8,11,133,614,0,55,40,11,467,2,25,0,176,3355
GUJARAT,MEHSANA,2001,28,17,0,8,116,28,45,195,1114,0,98,90,15,1206,5,47,0,188,5175
GUJARAT,NARMADA,2001,16,3,0,16,18,1,0,14,92,0,9,15,11,96,0,7,0,9,536
GUJARAT,NAVSARI,2001,26,6,0,4,12,8,13,98,240,0,22,19,6,144,0,6,0,17,1404
GUJARAT,PALANPUR,2001,52,45,0,36,82,13,47,212,840,0,94,55,21,1370,2,50,0,152,3887
GUJARAT,PANCHMAHAL,2001,56,13,0,10,92,21,19,147,626,0,50,34,57,530,0,1,0,43,2535
GUJARAT,PATAN,2001,24,18,0,6,42,8,19,76,440,0,78,29,12,422,0,23,0,78,2447
GUJARAT,PORBANDAR,2001,15,9,0,12,10,0,3,44,232,0,8,15,5,136,0,10,0,64,1215
GUJARAT,RAJKOT COMMR.,2001,29,33,1,10,92,5,31,306,2490,0,110,71,9,628,3,19,0,199,4774
GUJARAT,RAJKOT RURAL,2001,30,36,3,40,80,9,23,198,756,0,58,44,21,616,2,45,0,206,4402
GUJARAT,SURAT COMMR.,2001,98,19,2,22,114,31,59,353,2844,0,127,228,10,353,20,10,0,132,3995
GUJARAT,SURAT RURAL,2001,62,8,0,52,46,14,28,100,438,0,30,33,9,315,0,11,0,34,1766
GUJARAT,SURENDRANAGAR,2001,38,17,0,22,58,8,13,103,408,0,73,32,9,522,2,45,0,75,3113
GUJARAT,VADODARA COMMR.,2001,34,14,0,6,70,4,39,244,1994,0,151,182,7,365,0,11,0,90,5047
GUJARAT,VADODARA RURAL,2001,71,13,1,36,76,15,21,67,420,0,34,56,10,354,0,34,0,81,3137
GUJARAT,VALSAD,2001,44,8,3,18,32,22,25,246,864,0,40,37,12,301,0,10,0,50,3109
GUJARAT,W.RLY,2001,15,8,0,2,0,7,87,31,1802,0,7,10,1,54,0,7,0,7,1421
GUJARAT,TOTAL,2001,1226,537,94,572,1996,346,991,5142,31668,0,1930,1779,449,13760,67,756,0,3667,103419
HARYANA,AMBALA,2001,26,23,2,22,76,7,18,316,730,0,5,76,11,280,11,27,0,132,2346
HARYANA,BHIWANI,2001,40,20,8,20,18,10,19,132,380,0,109,54,16,267,33,17,0,43,1855
HARYANA,FARIDABAD,2001,68,38,7,74,156,32,44,236,1336,0,133,61,14,304,19,47,0,108,5808
HARYANA,FATEHABAD,2001,18,23,2,34,40,8,11,96,282,0,11,52,6,210,17,17,0,93,1214
HARYANA,GRP,2001,24,3,0,0,4,0,5,1,338,0,9,3,0,11,5,1,0,0,615
HARYANA,GURGAON,2001,69,30,5,64,100,19,51,294,1588,0,78,29,20,244,17,21,0,136,3502
HARYANA,HISSAR,2001,45,53,7,20,52,13,27,244,876,0,28,159,8,392,24,33,0,117,2830
HARYANA,JHAJJAR,2001,48,28,2,42,28,2,25,98,366,0,68,50,0,193,20,42,0,122,1501
HARYANA,JIND,2001,37,21,6,42,24,30,28,151,296,0,71,51,2,160,11,22,0,67,1452
HARYANA,KAITHAL,2001,33,15,8,32,18,7,9,103,288,0,0,16,28,216,9,19,0,105,1195
HARYANA,KARNAL,2001,42,24,7,88,62,11,16,208,936,0,47,59,11,726,18,28,0,97,2383
HARYANA,KURUKSHETRA,2001,20,8,4,62,28,9,13,132,686,0,0,130,4,172,10,28,0,68,1753
HARYANA,MAHENDRAGARH,2001,26,10,0,22,26,1,1,59,232,0,47,9,21,157,8,19,0,23,1169
HARYANA,PANCHKULA,2001,12,7,1,12,36,1,5,118,452,0,1,19,2,21,4,23,0,43,1054
HARYANA,PANIPAT,2001,43,26,3,76,38,28,47,182,830,0,35,53,7,144,11,16,0,92,1895
HARYANA,REWARI,2001,21,13,4,22,26,2,7,86,310,0,39,19,23,130,12,17,0,14,1214
HARYANA,ROHTAK,2001,57,29,1,56,26,9,29,229,730,0,37,58,10,187,17,26,0,41,1856
HARYANA,SIRSA,2001,37,33,5,34,36,3,5,194,480,0,24,43,6,349,12,23,0,98,1768
HARYANA,SONIPAT,2001,73,49,4,30,52,12,28,130,694,0,6,43,8,346,18,22,0,51,1944
HARYANA,YAMUNANAGAR,2001,42,14,2,44,52,14,9,100,404,0,2,32,6,235,9,30,0,63,1405
HARYANA,TOTAL,2001,781,467,78,796,898,218,397,3109,12234,0,750,1016,203,4744,285,478,0,1513,38759
HIMACHAL PRADESH,BILASPUR,2001,8,10,0,10,20,2,3,50,98,0,76,12,20,74,1,35,0,47,1074
HIMACHAL PRADESH,CHAMBA,2001,13,3,0,24,34,0,1,92,58,0,6,8,8,63,0,23,0,21,555
HIMACHAL PRADESH,G.R.P.,2001,1,0,0,0,0,0,0,0,2,0,1,0,0,0,0,0,0,0,4
HIMACHAL PRADESH,HAMIRPUR,2001,2,5,1,6,6,0,1,29,34,0,26,11,7,178,1,17,0,33,747
HIMACHAL PRADESH,KANGRA,2001,24,16,3,36,60,1,4,146,216,0,125,29,26,280,1,43,0,58,2035
HIMACHAL PRADESH,KINNAUR,2001,5,0,0,12,6,0,0,24,4,0,4,0,1,4,0,4,0,2,147
HIMACHAL PRADESH,KULLU,2001,13,1,0,26,14,0,1,50,34,0,27,7,6,36,0,12,0,2,630
HIMACHAL PRADESH,LAHAUL-SPITI,2001,1,0,0,4,2,0,1,5,2,0,2,1,1,1,0,0,0,1,50
HIMACHAL PRADESH,MANDI,2001,18,8,0,32,22,0,3,107,128,0,83,22,34,218,0,59,0,56,1747
HIMACHAL PRADESH,SHIMLA,2001,14,13,2,36,26,0,7,170,376,0,122,31,13,89,2,50,0,31,1964
HIMACHAL PRADESH,SIRMAUR,2001,3,5,0,20,26,0,4,37,54,0,56,12,4,60,3,33,0,22,703
HIMACHAL PRADESH,SOLAN,2001,11,8,4,24,26,0,1,77,118,0,62,7,9,279,2,23,0,24,1130
HIMACHAL PRADESH,UNA,2001,6,6,1,18,10,1,2,57,76,0,38,6,5,121,0,11,0,20,713
HIMACHAL PRADESH,TOTAL,2001,119,75,11,248,252,4,28,844,1200,0,628,146,134,1403,10,310,0,317,11499
JAMMU & KASHMIR,ANANTNAG,2001,74,41,0,12,118,5,16,126,166,0,67,28,51,20,0,53,0,0,1104
JAMMU & KASHMIR,AWANTIPORA,2001,25,3,0,2,28,0,4,21,38,0,10,1,9,2,0,8,0,0,316
JAMMU & KASHMIR,BARAMULLA,2001,144,155,2,56,150,2,16,114,312,0,146,11,40,18,0,93,0,0,1533
JAMMU & KASHMIR,BORDER,2001,6,42,0,24,20,0,0,24,38,0,15,16,2,14,0,15,0,3,708
JAMMU & KASHMIR,BUDGAM,2001,78,103,6,14,80,0,2,65,188,0,88,6,13,0,0,35,0,0,812
JAMMU & KASHMIR,CRIME JAMMU,2001,0,0,0,0,0,0,0,0,0,0,0,27,0,0,0,0,0,0,27
JAMMU & KASHMIR,CRIME SRINAGAR,2001,0,0,0,0,0,0,0,0,0,0,0,61,0,0,0,0,0,0,69
JAMMU & KASHMIR,DODA,2001,104,147,0,14,30,2,6,19,36,0,17,4,40,13,0,6,0,1,627
JAMMU & KASHMIR,GANDERBAL,2001,24,8,2,10,66,1,0,28,88,0,50,3,13,6,0,30,0,0,395
JAMMU & KASHMIR,JAMMU,2001,27,82,6,26,86,0,4,238,958,0,103,62,13,58,5,40,0,26,3607
JAMMU & KASHMIR,KARGIL,2001,0,0,0,0,4,0,0,2,12,0,5,0,3,1,0,1,0,0,82
JAMMU & KASHMIR,KATHUA,2001,16,28,1,26,22,1,2,50,74,0,43,8,15,28,3,14,0,1,817
JAMMU & KASHMIR,KULGAM,2001,39,16,2,12,70,1,17,36,86,0,77,6,34,9,0,7,0,0,635
JAMMU & KASHMIR,KUPWARA,2001,141,269,0,12,94,0,1,36,78,0,74,10,22,18,0,62,0,0,1027
JAMMU & KASHMIR,LEH,2001,3,1,0,0,2,0,0,7,12,0,5,3,0,0,0,1,0,0,137
JAMMU & KASHMIR,POONCH,2001,100,189,0,26,32,1,0,13,134,0,30,6,40,27,0,4,0,2,766
JAMMU & KASHMIR,PULWAMA,2001,46,90,0,14,74,1,27,66,288,0,127,10,23,9,0,19,0,0,883
JAMMU & KASHMIR,RAILWAYS,2001,1,1,0,0,0,0,0,1,6,0,0,0,0,0,0,0,0,0,17
JAMMU & KASHMIR,RAJOURI,2001,76,97,1,34,40,2,4,28,42,0,3,14,18,34,3,7,0,6,965
JAMMU & KASHMIR,RAMBAN,2001,51,50,1,6,14,1,1,11,24,0,2,3,19,19,0,3,0,0,537
JAMMU & KASHMIR,REASI,2001,36,75,3,14,22,1,0,8,44,0,6,2,12,3,0,5,0,0,389
JAMMU & KASHMIR,SRINAGAR,2001,63,49,8,16,230,6,59,382,980,0,158,102,64,18,0,207,0,2,3042
JAMMU & KASHMIR,UDHAMPUR,2001,21,28,1,20,30,0,2,70,234,0,46,8,6,21,2,12,0,9,1010
JAMMU & KASHMIR,TOTAL,2001,1075,1474,33,338,1212,24,161,1345,3838,0,1072,391,437,318,13,622,0,50,19505
JHARKHAND,BOKARO,2001,70,75,2,52,76,40,66,108,870,0,119,17,13,74,25,24,0,45,1936
JHARKHAND,CHAIBASA,2001,109,34,10,64,34,9,9,38,198,0,22,22,5,35,0,6,0,0,669
JHARKHAND,CHATRA,2001,40,10,0,12,20,23,15,30,160,0,90,13,1,0,7,0,0,6,748
JHARKHAND,DEOGHAR,2001,47,82,4,44,14,15,15,66,258,0,118,14,11,259,10,13,0,10,1106
JHARKHAND,DHANBAD,2001,97,31,7,64,114,64,48,203,1092,0,205,77,14,318,30,47,0,18,2916
JHARKHAND,DHANBAD RLY.,2001,11,0,0,4,8,12,13,9,418,0,4,8,0,0,0,0,0,0,360
JHARKHAND,DUMKA,2001,63,32,4,54,48,13,8,48,132,0,75,8,16,263,3,20,0,23,1016
JHARKHAND,GARHWA,2001,32,6,6,22,10,19,17,32,108,0,113,15,12,125,15,0,0,5,788
JHARKHAND,GIRIDIH,2001,63,65,6,84,30,56,27,116,222,0,173,49,21,38,30,13,0,57,1918
JHARKHAND,GODDA,2001,61,0,0,74,60,24,18,66,140,0,90,3,0,0,1,0,0,0,1030
JHARKHAND,GUMLA,2001,136,18,7,58,32,30,44,31,112,0,40,7,0,0,0,2,0,10,658
JHARKHAND,HAZARIBAGH,2001,76,35,4,82,84,88,68,150,696,0,268,54,5,479,31,15,0,18,2498
JHARKHAND,JAMSHEDPUR,2001,81,190,8,100,120,12,27,134,686,0,131,115,8,76,6,58,0,88,2712
JHARKHAND,JAMSHEDPUR RLY.,2001,4,0,0,2,0,6,4,3,130,0,2,3,0,0,0,1,0,0,148
JHARKHAND,JAMTARA,2001,22,30,0,36,28,8,9,21,136,0,61,10,3,146,5,13,0,20,473
JHARKHAND,KODERMA,2001,21,18,1,4,28,13,15,27,154,0,80,17,3,18,11,8,0,29,667
JHARKHAND,LATEHAR,2001,54,8,5,24,8,47,9,13,96,0,27,0,0,0,6,0,0,0,380
JHARKHAND,LOHARDAGGA,2001,33,4,0,24,28,8,11,14,56,0,29,5,3,11,0,4,0,10,311
JHARKHAND,PAKUR,2001,31,19,0,46,14,11,5,13,74,0,39,19,7,5,7,0,0,18,483
JHARKHAND,PALAMU,2001,73,52,3,30,28,46,32,71,188,0,160,5,23,343,18,8,0,28,1461
JHARKHAND,RANCHI,2001,243,65,18,146,2,85,140,2,1294,0,66,55,10,21,4,24,0,78,1602
JHARKHAND,SAHEBGANJ,2001,47,34,3,40,34,12,8,25,160,0,72,19,10,42,3,23,0,21,628
JHARKHAND,SARAIKELA,2001,44,56,53,34,38,20,12,43,246,0,29,17,0,0,4,18,0,0,692
JHARKHAND,SIMDEGA,2001,49,2,2,34,24,23,27,3,28,0,5,2,0,1,1,0,0,0,247
JHARKHAND,TOTAL,2001,1507,866,143,1134,882,684,647,1266,7654,0,2018,554,165,2254,217,297,0,484,25447
KARNATAKA,BAGALKOT,2001,59,34,10,4,34,2,3,47,210,0,218,18,12,315,1,39,0,50,1710
KARNATAKA,BANGALORE COMMR.,2001,221,327,5,80,304,56,284,2108,12586,0,298,1708,3,3735,40,223,0,229,27254
KARNATAKA,BANGALORE RURAL,2001,137,86,2,26,74,23,32,405,1066,0,358,60,39,1097,30,90,0,123,5209
KARNATAKA,BELGAUM,2001,120,55,2,16,54,19,47,212,772,0,389,102,25,1002,4,62,0,125,5053
KARNATAKA,BELLARY,2001,58,41,1,32,28,5,20,179,606,0,260,19,13,709,5,82,0,49,3229
KARNATAKA,BIDAR,2001,48,58,4,14,38,9,36,154,404,0,163,33,21,1015,2,90,0,51,4371
KARNATAKA,BIJAPUR,2001,51,47,4,12,48,5,21,108,404,0,396,19,34,695,1,65,0,92,2941
KARNATAKA,CHAMARAJNAGAR,2001,19,18,0,8,10,2,9,72,266,0,107,10,25,480,7,43,0,15,1390
KARNATAKA,CHICKMAGALUR,2001,41,24,3,16,24,4,10,148,444,0,187,25,5,885,4,57,0,83,2766
KARNATAKA,CHITRADURGA,2001,31,22,0,36,8,8,20,115,290,0,269,22,8,717,2,48,0,35,2691
KARNATAKA,DAKSHIN KANNADA,2001,33,36,0,6,18,1,8,214,438,0,127,55,12,411,1,24,0,25,3047
KARNATAKA,DAVANAGERE,2001,58,39,6,44,46,6,26,246,664,0,297,46,1,684,8,84,0,77,3301
KARNATAKA,DHARWAD COMMR.,2001,16,24,0,8,16,5,34,159,490,0,168,56,7,191,2,3,0,24,1902
KARNATAKA,DHARWAD RURAL,2001,25,10,2,6,6,3,5,30,76,0,110,14,0,132,3,8,0,8,899
KARNATAKA,GADAG,2001,22,17,1,4,8,4,13,55,110,0,109,23,1,165,3,10,0,18,899
KARNATAKA,GULBARGA,2001,95,83,3,40,70,13,61,246,536,0,423,68,25,1148,6,143,0,104,4169
KARNATAKA,HASSAN,2001,64,69,0,40,34,5,23,162,536,0,210,17,0,1483,4,75,0,68,4039
KARNATAKA,HAVERI,2001,24,17,4,6,24,7,10,85,222,0,260,20,0,393,5,42,0,32,2211
KARNATAKA,K.G.F.,2001,20,22,3,2,24,4,6,94,216,0,73,12,0,256,4,12,0,20,906
KARNATAKA,KODAGU,2001,26,33,2,8,8,1,3,105,174,0,170,6,3,350,4,22,0,14,1301
KARNATAKA,KOLAR,2001,69,72,4,34,42,3,25,156,568,0,373,48,0,664,18,42,0,39,3230
KARNATAKA,KOPPAL,2001,23,33,0,12,24,3,8,71,240,0,166,21,5,279,5,40,0,23,1406
KARNATAKA,MANDYA,2001,67,47,3,30,18,2,28,195,656,0,280,30,0,1431,7,50,0,72,4807
KARNATAKA,MYSORE COMMR.,2001,32,34,0,4,22,0,32,109,652,0,67,52,0,360,9,8,0,48,1903
KARNATAKA,MYSORE RURAL,2001,53,58,1,24,28,0,0,167,400,0,212,15,0,1081,6,79,0,51,2900
KARNATAKA,RAICHUR,2001,33,38,9,24,22,7,13,137,300,0,261,94,15,602,1,63,0,52,2384
KARNATAKA,RAILWAYS,2001,12,0,0,2,2,3,11,9,662,0,16,2,0,17,1,0,0,0,583
KARNATAKA,SHIMOGA,2001,56,48,1,24,28,1,15,206,584,0,260,31,20,1148,6,65,0,134,4178
KARNATAKA,TUMKUR,2001,80,55,4,12,42,11,27,237,778,0,234,26,69,1099,28,53,0,44,4141
KARNATAKA,UDUPI,2001,16,14,0,4,4,1,12,93,224,0,107,15,5,304,0,16,0,16,1959
KARNATAKA,UTTAR KANNADA,2001,17,14,0,8,10,1,5,70,162,0,118,11,4,437,3,27,0,34,2319
KARNATAKA,TOTAL,2001,1626,1475,74,586,1118,214,847,6394,25736,0,6686,2678,352,23285,220,1665,0,1755,109098
KERALA,ALAPUZHA,2001,22,32,2,42,16,2,18,227,390,0,419,152,35,1373,1,162,0,105,7319
KERALA,CBCID,2001,22,7,0,4,4,1,1,5,10,0,6,37,1,5,0,0,0,4,250
KERALA,ERNAKULAM,2001,44,67,7,76,40,25,80,592,2528,0,626,267,25,1756,3,162,0,161,14843
KERALA,IDUKKI,2001,33,30,1,68,0,3,16,240,508,0,301,78,10,1726,0,145,0,127,5421
KERALA,KANNUR,2001,26,58,4,84,24,1,18,277,426,0,831,183,6,1175,0,77,0,157,5888
KERALA,KASARGOD,2001,18,23,2,56,8,32,9,132,290,0,683,55,0,627,0,0,0,66,3116
KERALA,KOLLAM,2001,41,65,21,110,32,13,62,334,582,0,575,120,63,2398,3,235,0,315,9282
KERALA,KOTTAYAM,2001,34,26,3,44,36,2,54,319,746,0,347,252,17,1763,2,125,0,82,7082
KERALA,KOZHIKODE,2001,34,35,8,78,24,29,15,448,856,0,1127,302,391,1035,2,118,0,319,8394
KERALA,MALAPPURAM,2001,23,33,5,142,34,6,11,288,680,0,663,211,30,1119,3,92,0,448,7428
KERALA,PALAKKAD,2001,45,57,14,126,28,11,30,342,630,0,608,159,67,1629,5,112,0,215,6516
KERALA,PATHANAMTHITTA,2001,20,13,16,24,0,1,7,144,258,0,224,65,29,970,0,90,0,95,4100
KERALA,RAILWAYS,2001,0,0,0,2,0,0,2,1,394,0,39,1,0,9,0,0,0,0,289
KERALA,THRISSUR,2001,42,79,20,84,36,14,82,406,1032,0,577,390,4,1329,2,223,0,198,10465
KERALA,TRIVANDRUM,2001,53,79,6,114,82,44,104,597,1272,0,892,394,77,2436,6,345,0,210,11368
KERALA,WAYANADU,2001,15,11,2,70,2,5,8,122,280,0,190,90,13,479,0,56,0,59,2086
KERALA,TOTAL,2001,472,615,111,1124,366,189,517,4474,10882,0,8108,2756,768,19829,27,1942,0,2561,103847
MADHYA PRADESH,BALAGHAT,2001,56,43,8,174,22,5,7,229,452,0,42,10,18,568,3,157,0,72,2925
MADHYA PRADESH,BARWANI,2001,41,30,3,68,4,4,18,130,474,0,35,5,10,795,5,81,0,18,2008
MADHYA PRADESH,BETUL,2001,56,48,1,190,38,0,18,199,492,0,9,15,16,521,7,135,0,71,2637
MADHYA PRADESH,BHIND,2001,63,97,2,62,94,11,28,223,566,0,99,28,17,851,34,80,0,54,3361
MADHYA PRADESH,BHOPAL,2001,61,109,0,212,110,14,99,852,2702,0,77,192,8,652,15,252,0,132,13708
MADHYA PRADESH,BHOPAL RLY.,2001,5,3,0,2,4,1,25,10,1410,0,3,8,0,1,0,10,0,0,1036
MADHYA PRADESH,CHHATARPUR,2001,54,72,1,130,56,8,42,240,326,0,104,36,20,445,20,193,0,46,3361
MADHYA PRADESH,CHHINDWARA,2001,78,51,2,186,36,1,18,165,478,0,26,67,26,1085,10,203,0,109,3672
MADHYA PRADESH,DAMOH,2001,43,78,0,132,36,4,24,114,376,0,54,18,32,1042,28,189,0,58,2879
MADHYA PRADESH,DATIYA,2001,53,55,0,24,50,4,26,87,206,0,30,8,9,424,8,57,0,18,1866
MADHYA PRADESH,DEWAS,2001,50,112,0,156,40,11,67,367,1354,0,119,22,39,508,15,279,0,96,5039
MADHYA PRADESH,DHAR,2001,89,99,0,136,44,16,35,285,1302,0,48,25,28,635,41,168,0,88,4910
MADHYA PRADESH,DINDORI,2001,13,4,0,40,4,0,2,52,88,0,6,6,4,119,0,53,0,4,821
MADHYA PRADESH,GUNA,2001,71,72,4,248,34,21,50,448,700,0,171,27,35,1602,7,317,0,95,6001
MADHYA PRADESH,GWALIOR,2001,84,168,5,118,92,9,144,939,1850,0,170,81,25,1084,20,139,0,49,6846
MADHYA PRADESH,HARDA,2001,14,12,0,56,4,1,3,43,148,0,23,9,8,109,9,35,0,27,746
MADHYA PRADESH,HOSHANGABAD,2001,53,57,27,130,32,0,31,253,572,0,33,25,13,479,9,109,0,31,2741
MADHYA PRADESH,INDORE,2001,111,133,1,168,100,15,112,874,5416,0,129,149,29,1306,25,215,0,161,13063
MADHYA PRADESH,INDORE RLY.,2001,6,4,2,4,0,1,7,3,386,0,2,5,0,14,0,5,0,0,353
MADHYA PRADESH,JABALPUR,2001,103,167,28,216,66,3,126,596,1774,0,112,40,15,2024,28,264,0,81,8333
MADHYA PRADESH,JABALPUR RLY.,2001,3,0,0,0,0,1,15,0,442,0,1,2,0,14,1,4,0,0,359
MADHYA PRADESH,JHABUA,2001,124,119,3,88,166,10,20,163,538,0,74,10,45,634,5,127,0,24,3416
MADHYA PRADESH,KATNI,2001,51,37,1,50,18,0,29,168,478,0,33,26,8,816,11,106,0,59,2285
MADHYA PRADESH,KHANDWA,2001,41,46,0,126,28,6,11,311,580,0,64,44,9,84,11,184,0,49,3911
MADHYA PRADESH,KHARGON,2001,47,41,5,94,30,14,21,171,1066,0,80,16,17,540,5,164,0,21,3499
MADHYA PRADESH,MANDLA,2001,35,13,0,128,18,2,11,190,232,0,18,29,15,444,4,151,0,46,2122
MADHYA PRADESH,MANDSAUR,2001,28,33,1,82,30,3,32,197,888,0,56,27,27,345,4,102,0,30,2616
MADHYA PRADESH,MORENA,2001,63,99,2,70,70,19,76,381,1128,0,198,13,19,929,29,77,0,34,5229
MADHYA PRADESH,NARSINGHPUR,2001,38,49,0,140,14,2,11,121,298,0,32,10,24,832,22,156,0,40,2311
MADHYA PRADESH,NEEMUCH,2001,17,18,0,74,32,5,15,203,752,0,65,32,18,391,1,83,0,62,2208
MADHYA PRADESH,PANNA,2001,24,26,0,88,22,1,10,145,198,0,54,10,11,62,19,104,0,31,1921
MADHYA PRADESH,RAISEN,2001,39,79,9,158,22,5,27,116,374,0,59,7,18,460,20,194,0,50,3009
MADHYA PRADESH,RAJGARH,2001,42,68,1,190,24,4,35,135,436,0,161,13,51,538,7,196,0,49,3718
MADHYA PRADESH,RATLAM,2001,58,60,0,140,42,11,54,233,936,0,42,37,17,448,4,125,0,53,3342
MADHYA PRADESH,REWA,2001,53,54,0,62,52,8,67,706,820,0,149,23,31,445,18,105,0,56,4603
MADHYA PRADESH,SAGAR,2001,84,122,0,282,60,4,53,473,994,0,151,56,51,2669,29,509,0,142,7681
MADHYA PRADESH,SATNA,2001,49,48,0,116,32,5,52,588,990,0,87,12,34,822,19,157,0,65,4763
MADHYA PRADESH,SEONI,2001,40,25,3,104,6,2,6,122,322,0,49,19,7,344,10,106,0,25,2143
MADHYA PRADESH,SHAHDOL,2001,57,28,4,126,26,3,34,464,780,0,44,19,26,433,9,216,0,87,4162
MADHYA PRADESH,SHAJAPUR,2001,42,46,1,180,26,4,47,273,1176,0,92,28,35,744,8,153,0,65,3663
MADHYA PRADESH,SHEOPUR,2001,24,30,2,42,36,8,10,54,188,0,38,8,4,321,6,52,0,14,1053
MADHYA PRADESH,SHIVPURI,2001,88,63,2,144,40,16,48,272,510,0,140,27,38,792,14,172,0,26,4321
MADHYA PRADESH,SIDHI,2001,36,21,2,84,66,10,15,315,692,0,33,25,23,561,27,105,0,66,3508
MADHYA PRADESH,SIHORE,2001,35,54,1,118,58,3,19,355,728,0,53,26,23,331,5,130,0,45,3389
MADHYA PRADESH,TIKAMGARH,2001,53,46,3,172,14,8,46,154,344,0,90,12,26,878,15,177,0,27,3078
MADHYA PRADESH,UJJAIN,2001,84,163,1,118,88,7,79,826,2774,0,133,64,38,744,7,161,0,109,7641
MADHYA PRADESH,UMARIYA,2001,19,12,0,50,6,2,19,130,254,0,30,16,12,130,2,61,0,21,1849
MADHYA PRADESH,VIDISHA,2001,47,56,0,224,20,4,20,174,536,0,77,26,35,880,13,245,0,56,3635
MADHYA PRADESH,TOTAL,2001,2425,2870,125,5702,1912,296,1764,13549,40526,0,3395,1413,1014,30895,609,7063,0,2562,181741
MAHARASHTRA,AHMEDNAGAR,2001,97,41,1,88,74,26,104,312,1430,0,266,59,44,575,0,74,0,496,4391
MAHARASHTRA,AKOLA,2001,64,41,0,30,30,9,41,298,1470,0,99,59,48,836,2,109,0,189,4020
MAHARASHTRA,AMRAVATI COMMR.,2001,44,29,3,46,54,10,48,259,1624,0,95,41,15,429,10,43,0,55,2837
MAHARASHTRA,AMRAVATI RURAL,2001,72,23,0,84,58,1,36,359,2062,0,112,31,23,884,4,99,0,92,3655
MAHARASHTRA,AURANGABAD COMMR.,2001,36,27,0,28,38,5,40,239,1006,0,130,108,3,371,4,33,0,102,2351
MAHARASHTRA,AURANGABAD RURAL,2001,61,12,0,56,32,15,49,193,546,0,139,35,24,780,6,53,0,247,2708
MAHARASHTRA,BEED,2001,68,43,1,44,50,17,62,264,998,0,272,41,38,1012,2,78,0,177,3644
MAHARASHTRA,BHANDARA,2001,32,22,3,78,8,2,15,195,804,0,63,19,55,392,5,71,0,60,2252
MAHARASHTRA,BULDHANA,2001,49,32,1,44,44,12,27,227,1498,0,246,46,69,753,35,118,0,223,3701
MAHARASHTRA,CHANDRAPUR,2001,49,26,4,86,20,8,36,253,1144,0,110,35,39,538,2,102,0,144,3123
MAHARASHTRA,DHULE,2001,48,25,1,32,12,10,13,96,720,0,86,36,22,338,6,17,0,127,2040
MAHARASHTRA,GADCHIROLI,2001,47,24,3,54,14,11,15,127,248,0,28,12,51,246,0,55,0,57,1364
MAHARASHTRA,GONDIA,2001,41,17,3,46,34,8,13,238,652,0,20,30,20,328,4,85,0,80,2006
MAHARASHTRA,HINGOLI,2001,36,27,0,40,18,6,39,119,482,0,96,20,33,471,2,44,0,134,1841
MAHARASHTRA,JALGAON,2001,83,44,0,38,32,21,30,238,1114,0,157,119,22,721,5,76,0,389,4014
MAHARASHTRA,JALNA,2001,43,24,0,32,24,14,46,209,690,0,120,38,38,675,5,56,0,172,2529
MAHARASHTRA,KOLHAPUR,2001,54,33,3,52,42,14,32,299,1122,0,129,71,20,516,19,46,0,80,3162
MAHARASHTRA,LATUR,2001,42,17,0,14,44,5,31,157,562,0,211,45,28,992,38,50,0,150,3044
MAHARASHTRA,MUMBAI,2001,295,200,6,254,296,141,406,2863,23128,0,196,1270,6,3845,18,274,0,198,28968
MAHARASHTRA,MUMBAI RLY.,2001,12,9,1,4,2,3,29,3,3512,0,13,34,0,30,0,5,0,0,2023
MAHARASHTRA,NAGPUR COMMR.,2001,112,70,2,78,128,69,171,1388,5332,0,235,263,15,1078,7,75,0,218,9912
MAHARASHTRA,NAGPUR RLY.,2001,12,1,0,4,0,6,20,2,1524,0,18,7,2,29,2,4,0,0,1056
MAHARASHTRA,NAGPUR RURAL,2001,101,56,6,162,46,8,58,501,2148,0,180,37,81,1050,3,131,0,141,5680
MAHARASHTRA,NANDED,2001,80,66,4,46,82,32,93,426,1078,0,217,128,67,1480,21,85,0,202,5348
MAHARASHTRA,NANDURBAR,2001,44,20,0,32,12,4,5,68,264,0,80,13,4,240,2,27,0,78,1079
MAHARASHTRA,NASIK COMMR.,2001,25,14,2,18,28,8,16,263,1058,0,139,61,19,245,3,19,0,99,2195
MAHARASHTRA,NASIK RURAL,2001,92,54,1,78,34,40,36,280,894,0,518,54,69,926,7,74,0,339,4880
MAHARASHTRA,NAVI MUMBAI,2001,34,18,0,34,38,31,62,375,1786,0,80,148,3,354,5,23,0,57,3063
MAHARASHTRA,OSMANABAD,2001,48,13,1,32,16,9,29,189,698,0,101,34,26,903,2,52,0,102,2702
MAHARASHTRA,PARBHANI,2001,49,28,0,50,44,7,43,143,460,0,148,42,31,994,1,57,0,120,2475
MAHARASHTRA,PUNE COMMR.,2001,71,44,3,112,92,27,98,840,5016,0,903,347,16,1004,2,54,0,147,8936
MAHARASHTRA,PUNE RLY.,2001,4,1,2,0,0,1,4,0,604,0,3,3,0,10,0,3,0,0,386
MAHARASHTRA,PUNE RURAL,2001,119,41,6,84,48,43,70,301,1270,0,150,46,28,517,5,64,0,165,4380
MAHARASHTRA,RAIGAD,2001,53,11,0,40,16,20,27,200,592,0,104,44,10,276,1,29,0,55,2218
MAHARASHTRA,RATNAGIRI,2001,17,5,1,20,16,5,14,97,512,0,69,20,17,232,0,32,0,62,1431
MAHARASHTRA,SANGLI,2001,85,24,1,64,36,11,27,225,1030,0,128,55,47,566,12,54,0,96,2999
MAHARASHTRA,SATARA,2001,57,19,0,64,24,8,20,266,928,0,93,91,24,487,13,49,0,179,3465
MAHARASHTRA,SINDHUDURG,2001,14,4,1,14,4,1,4,125,212,0,17,13,11,171,0,20,0,8,821
MAHARASHTRA,SOLAPUR COMMR.,2001,30,14,1,32,30,8,32,165,612,0,70,49,3,230,6,15,0,62,1567
MAHARASHTRA,SOLAPUR RURAL,2001,101,30,3,70,46,31,29,134,730,0,162,30,29,637,6,40,0,90,3145
MAHARASHTRA,THANE COMMR.,2001,133,81,3,78,124,79,146,1022,3548,0,223,477,4,1285,6,69,0,212,6616
MAHARASHTRA,THANE RURAL,2001,140,33,17,130,56,54,53,496,1046,0,148,83,30,635,6,76,0,104,3780
MAHARASHTRA,WARDHA,2001,60,25,4,70,24,6,20,266,1184,0,174,29,27,757,9,98,0,89,3443
MAHARASHTRA,WASHIM,2001,29,21,3,30,26,7,17,121,818,0,65,5,22,396,10,60,0,116,1826
MAHARASHTRA,YAVATMAL,2001,56,45,10,112,74,4,33,232,1576,0,106,45,25,978,12,125,0,177,4157
MAHARASHTRA,TOTAL,2001,2839,1454,101,2604,1970,857,2239,15073,79732,0,6719,4273,1208,30212,308,2823,0,6090,171233
MANIPUR,BISHNUPUR,2001,29,25,1,2,6,3,2,6,22,0,11,3,7,21,0,0,0,1,226
MANIPUR,CHANDEL,2001,7,7,0,0,2,16,4,2,2,0,0,1,1,13,0,0,0,0,74
MANIPUR,CHURACHANDPUR,2001,35,21,0,2,0,0,0,4,24,0,0,3,3,3,0,0,0,0,132
MANIPUR,IMPHAL(EAST),2001,29,29,2,14,26,0,1,12,56,0,24,16,8,26,0,2,0,1,337
MANIPUR,IMPHAL(WEST),2001,44,42,2,14,96,1,2,38,242,0,83,25,27,75,0,17,0,3,1084
MANIPUR,SENAPATI,2001,27,10,0,0,12,0,1,2,18,0,2,1,2,1,0,0,0,0,176
MANIPUR,TAMENGLONG,2001,2,1,0,0,0,0,0,1,8,0,0,0,3,2,0,0,0,0,14
MANIPUR,THOUBAL,2001,32,32,0,8,44,17,6,8,40,0,11,17,13,56,0,1,0,0,403
MANIPUR,UKHRUL,2001,4,1,0,0,2,0,3,2,22,0,0,0,0,4,0,1,0,0,43
MANIPUR,TOTAL,2001,209,168,5,40,188,37,19,75,434,0,131,66,64,201,0,21,0,5,2489
MEGHALAYA,GARO HILLS EAST,2001,16,9,0,4,10,7,14,7,32,0,1,1,1,12,0,2,0,0,134
MEGHALAYA,GARO HILLS SOUTH,2001,6,3,0,2,4,3,4,2,16,0,1,0,0,2,0,0,0,1,49
MEGHALAYA,GARO HILLS WEST,2001,19,3,0,10,28,9,4,34,60,0,3,4,3,24,0,8,0,0,235
MEGHALAYA,JAINTIA HILLS,2001,35,3,0,14,12,17,7,8,60,0,1,2,2,21,0,3,0,0,214
MEGHALAYA,KHASI HILLS EAST,2001,50,25,1,10,40,30,68,109,284,0,2,18,19,30,0,8,0,3,754
MEGHALAYA,KHASI HILLS WEST,2001,16,2,0,8,0,19,16,0,46,0,0,1,0,3,0,2,0,0,125
MEGHALAYA,RI-BHOI,2001,22,2,1,4,16,15,12,10,44,0,0,3,1,10,0,2,0,0,176
MEGHALAYA,TOTAL,2001,164,47,2,52,110,100,125,170,542,0,8,29,26,102,0,25,0,4,1687
MIZORAM,AIZAWL,2001,12,6,4,52,0,0,8,265,1124,0,1,45,16,39,0,13,0,1,1126
MIZORAM,CHAMPHAI,2001,2,1,0,14,2,0,0,37,102,0,0,8,1,15,0,7,0,0,203
MIZORAM,KOLASIB,2001,3,1,1,12,0,0,0,19,166,0,1,5,6,11,0,15,0,0,216
MIZORAM,LAWNGTLAI,2001,2,0,0,4,0,1,0,10,50,0,0,2,1,5,0,0,0,0,160
MIZORAM,LUNGLEI,2001,5,4,0,6,0,1,0,47,240,0,0,5,0,5,0,11,0,0,229
MIZORAM,MAMIT,2001,4,0,0,0,0,1,13,1,24,0,1,0,0,2,0,0,0,15,74
MIZORAM,SAIHA,2001,2,2,0,6,0,0,1,29,0,0,0,6,0,9,0,6,0,0,182
MIZORAM,SERCHHIP,2001,1,1,0,10,2,0,1,9,50,0,0,0,0,8,0,0,0,0,56
MIZORAM,TOTAL,2001,31,15,5,104,4,3,23,417,1756,0,3,71,24,94,0,52,0,16,2246
NAGALAND,DIMAPUR,2001,36,5,4,8,26,4,89,55,228,0,0,7,0,10,0,0,0,0,464
NAGALAND,KIPHIRE,2001,1,0,0,0,0,0,0,2,10,0,0,0,0,0,0,0,0,0,18
NAGALAND,KOHIMA,2001,25,16,0,12,6,2,19,30,132,0,0,16,0,6,0,6,0,0,335
NAGALAND,MOKOKCHUNG,2001,12,2,4,2,2,1,5,14,24,0,0,3,1,5,0,0,0,0,93
NAGALAND,MON,2001,3,3,1,4,4,1,5,13,12,0,0,2,0,6,0,0,0,0,57
NAGALAND,PEREN,2001,0,2,0,0,0,0,1,9,8,0,0,1,0,0,0,0,0,0,28
NAGALAND,PHEK,2001,7,4,0,2,4,2,2,9,14,0,0,0,0,5,0,0,0,0,51
NAGALAND,TUENSANG,2001,1,3,0,0,0,1,2,7,10,0,0,2,0,0,0,0,0,0,41
NAGALAND,WOKHA,2001,12,3,0,2,4,0,3,11,56,0,2,1,0,5,0,0,0,0,93
NAGALAND,ZUNHEBOTO,2001,4,1,0,4,0,0,3,13,22,0,0,2,0,0,0,0,0,0,54
NAGALAND,TOTAL,2001,101,39,9,34,46,11,129,163,516,0,2,34,1,37,0,6,0,0,1234
ODISHA,ANGUL,2001,39,27,5,66,10,3,19,85,350,0,62,26,22,127,8,90,0,53,1461
ODISHA,BALASORE,2001,17,10,2,116,74,13,43,175,328,0,76,27,26,173,36,92,0,68,2341
ODISHA,BARAGARH,2001,23,36,9,38,16,0,25,90,292,0,80,16,12,38,0,41,0,30,1244
ODISHA,BERHAMPUR,2001,23,52,1,20,26,9,54,113,286,0,41,19,14,235,4,41,0,29,1270
ODISHA,BHADRAK,2001,27,10,0,70,40,2,16,81,186,0,53,11,10,36,23,29,0,79,1354
ODISHA,BOLANGIR,2001,32,10,4,38,32,3,20,56,224,0,51,38,10,223,4,91,0,61,1323
ODISHA,BOUDH,2001,9,6,0,12,10,0,5,23,78,0,24,4,20,35,1,21,0,6,415
ODISHA,CUTTACK,2001,35,143,0,68,86,21,121,306,1476,0,33,105,28,0,39,42,0,125,4258
ODISHA,DEOGARH,2001,16,2,1,16,8,3,7,23,44,0,17,2,2,160,2,33,0,8,363
ODISHA,DHENKANAL,2001,25,30,1,30,28,3,26,48,168,0,55,18,20,54,14,82,0,31,1156
ODISHA,GAJAPATI,2001,19,7,1,20,10,2,1,13,80,0,16,13,5,16,1,13,0,7,433
ODISHA,GANJAM,2001,58,92,1,44,28,10,31,96,248,0,64,14,30,170,1,102,0,9,1790
ODISHA,JAGATSINGHPUR,2001,26,21,6,24,42,9,31,72,272,0,23,7,8,115,16,13,0,30,1314
ODISHA,JAJPUR,2001,21,16,0,48,28,2,30,103,258,0,21,9,8,223,16,16,0,42,1522
ODISHA,JHARSUGUDA,2001,15,29,1,24,10,7,12,46,162,0,6,11,4,45,4,39,0,13,750
ODISHA,KALAHANDI,2001,29,34,0,60,34,1,34,75,150,0,91,12,3,95,0,22,0,9,1269
ODISHA,KANDHAMAL,2001,24,10,2,68,50,2,19,74,230,0,44,8,14,368,4,95,0,29,1000
ODISHA,KENDRAPARA,2001,24,36,1,22,30,4,21,56,156,0,16,10,12,37,24,66,0,57,1057
ODISHA,KEONJHAR,2001,62,31,2,76,38,4,16,85,308,0,55,17,24,44,4,127,0,41,1922
ODISHA,KHURDA,2001,46,85,1,130,78,28,151,481,1906,0,86,126,31,1248,11,28,0,171,5076
ODISHA,KORAPUT,2001,39,30,7,76,26,4,16,92,306,0,64,31,8,82,7,56,0,132,1563
ODISHA,MALKANGIR,2001,36,27,2,28,12,10,8,25,84,0,23,6,5,70,0,27,0,12,496
ODISHA,MAYURBHANJ,2001,74,45,0,154,62,16,39,120,398,0,44,22,19,18,19,141,0,74,2029
ODISHA,NAYAGARH,2001,26,43,1,34,46,3,19,36,120,0,37,9,15,71,14,11,0,9,852
ODISHA,NOWRANGPUR,2001,19,22,1,26,22,13,14,46,166,0,74,3,24,27,0,41,0,13,687
ODISHA,NUAPADA,2001,13,2,0,18,8,0,11,16,88,0,22,5,4,12,0,16,0,17,466
ODISHA,PURI,2001,25,96,1,82,64,14,33,129,472,0,38,24,19,88,29,13,0,32,2202
ODISHA,RAYAGADA,2001,35,17,1,18,12,4,3,39,128,0,64,11,9,14,1,33,0,26,850
ODISHA,ROURKELA,2001,20,22,0,24,12,10,21,131,418,0,11,21,2,61,2,35,0,17,1213
ODISHA,SAMBALPUR,2001,39,90,0,36,26,9,50,201,606,0,56,25,7,94,0,82,0,18,2159
ODISHA,SONEPUR,2001,9,20,2,16,8,0,6,30,70,0,17,9,3,27,6,28,0,11,444
ODISHA,SRP(CUTTACK),2001,3,3,0,2,10,3,8,11,574,0,1,2,0,24,0,5,0,0,461
ODISHA,SRP(ROURKELA),2001,7,1,0,4,6,3,10,10,270,0,7,1,0,6,0,2,0,0,269
ODISHA,SUNDARGARH,2001,72,46,0,72,52,6,38,106,342,0,54,19,5,331,4,82,0,7,1652
ODISHA,TOTAL,2001,987,1151,53,1580,1044,221,958,3093,11244,0,1426,681,423,4367,294,1655,0,1266,46661
PUNJAB,AMRITSAR,2001,36,43,6,18,68,4,6,155,282,0,0,121,6,170,7,9,0,77,1244
PUNJAB,BARNALA,2001,15,29,1,24,32,1,0,30,78,0,0,48,5,71,6,13,0,24,501
PUNJAB,BATALA,2001,18,24,4,16,12,1,2,20,52,0,0,44,1,99,6,1,0,19,393
PUNJAB,BHATINDA,2001,25,38,3,26,30,4,1,88,188,0,0,164,0,242,4,15,0,57,1080
PUNJAB,FARIDKOT,2001,12,7,1,12,22,5,1,29,112,0,0,46,6,133,4,11,0,20,463
PUNJAB,FATEHGARH SAHIB,2001,16,23,0,22,24,0,5,40,124,0,0,44,2,96,4,4,0,7,671
PUNJAB,FEROZEPUR,2001,50,53,5,44,24,7,5,67,230,0,0,87,5,335,11,17,0,22,1110
PUNJAB,G.R.P,2001,10,0,0,0,0,5,3,0,82,0,0,81,0,4,3,1,0,0,482
PUNJAB,GURDASPUR,2001,22,20,0,24,34,1,4,23,76,0,0,31,1,93,6,4,0,21,580
PUNJAB,HOSHIARPUR,2001,47,30,0,38,40,9,10,89,238,0,0,120,7,257,12,13,0,46,1237
PUNJAB,JAGRAON,2001,27,33,1,38,38,3,5,38,180,0,0,29,2,105,7,3,0,27,633
PUNJAB,JALANDHAR,2001,74,72,4,42,140,17,6,216,580,0,0,271,10,326,17,16,0,104,2461
PUNJAB,KAPURTHALA,2001,20,24,1,16,34,5,5,55,128,0,0,140,2,88,2,20,0,34,755
PUNJAB,KHANNA,2001,17,17,2,12,8,3,6,31,88,0,1,36,2,76,4,0,0,15,486
PUNJAB,LUDHIANA,2001,74,68,6,76,176,32,23,250,1248,0,0,437,3,258,11,46,0,249,3785
PUNJAB,MAJITHA,2001,26,25,9,18,20,1,1,14,62,0,0,37,0,106,9,8,0,20,500
PUNJAB,MANSA,2001,25,21,1,12,10,1,0,31,84,0,0,36,2,133,2,3,0,3,425
PUNJAB,MOGA,2001,23,32,6,22,28,9,6,45,128,0,0,49,0,238,6,8,0,25,754
PUNJAB,MUKTSAR,2001,19,27,2,6,6,2,1,41,98,0,0,36,0,102,1,2,0,16,432
PUNJAB,NAWAN SHAHR,2001,17,19,2,22,26,4,5,52,114,0,0,80,0,155,4,8,0,14,612
PUNJAB,PATIALA,2001,56,74,17,46,120,2,16,391,1166,0,0,404,0,431,10,128,0,232,5973
PUNJAB,ROPAR,2001,26,19,4,12,48,0,1,65,258,0,0,111,5,132,5,13,0,33,1278
PUNJAB,SANGRUR,2001,46,45,0,30,56,6,13,111,314,0,0,111,4,222,10,18,0,36,1285
PUNJAB,TARN TARAN,2001,37,46,5,20,30,7,6,21,136,0,0,58,0,124,8,11,0,27,634
PUNJAB,TOTAL,2001,738,789,80,596,1026,129,131,1902,6046,0,1,2621,63,3996,159,372,0,1128,27774
RAJASTHAN,AJMER,2001,39,47,2,32,266,8,46,447,1496,0,112,314,27,136,12,95,0,236,6618
RAJASTHAN,ALWAR,2001,85,83,0,68,238,4,52,286,1928,0,445,363,44,2007,43,124,0,235,7023
RAJASTHAN,BANSWARA,2001,40,24,3,180,122,5,23,96,236,0,427,54,51,1452,10,112,0,151,3508
RAJASTHAN,BARAN,2001,36,95,3,162,192,0,32,204,730,0,167,102,47,288,3,219,0,124,4333
RAJASTHAN,BARMER,2001,11,26,0,26,42,0,12,108,370,0,67,62,21,825,13,71,0,45,2369
RAJASTHAN,BHARATPUR,2001,75,98,2,96,252,9,41,148,1616,0,445,304,59,1166,24,77,0,209,7291
RAJASTHAN,BHILWARA,2001,34,54,6,84,446,2,49,365,1574,0,257,354,37,491,5,126,0,312,6335
RAJASTHAN,BIKANER,2001,21,101,0,70,72,2,4,158,862,0,108,195,26,961,13,53,0,153,3952
RAJASTHAN,BUNDI,2001,33,72,4,72,240,4,33,222,782,0,229,106,39,1067,2,164,0,157,4078
RAJASTHAN,CHITTORGARH,2001,41,59,4,134,412,6,47,402,1460,0,507,283,59,2521,7,112,0,384,7062
RAJASTHAN,CHURU,2001,26,40,1,48,52,1,11,129,420,0,198,143,24,819,8,73,0,174,2880
RAJASTHAN,DAUSA,2001,28,21,0,18,80,6,14,148,760,0,717,102,18,138,8,31,0,60,3546
RAJASTHAN,DHOLPUR,2001,42,76,2,48,86,6,27,80,480,0,552,64,19,1113,21,34,0,93,3096
RAJASTHAN,DUNGARPUR,2001,31,9,1,34,108,0,8,79,148,0,207,40,25,340,3,56,0,60,1997
RAJASTHAN,G.R.P.,2001,3,2,4,2,14,1,12,10,1168,0,16,7,2,6,0,14,0,0,962
RAJASTHAN,GANGANAGAR,2001,51,97,0,110,158,3,14,253,816,0,36,396,11,1107,13,118,0,375,5610
RAJASTHAN,HANUMANGARH,2001,56,83,0,70,98,2,12,196,696,0,135,290,25,748,20,98,0,241,3956
RAJASTHAN,JAIPUR,2001,91,90,6,122,494,12,79,1110,6414,0,3181,1103,63,1528,29,179,0,453,20604
RAJASTHAN,JAISALMER,2001,9,0,0,4,16,0,4,51,284,0,28,30,6,413,3,21,0,16,1020
RAJASTHAN,JALORE,2001,17,35,2,20,64,3,11,104,312,0,44,67,34,66,12,61,0,96,2507
RAJASTHAN,JHALAWAR,2001,38,99,8,130,178,5,45,220,766,0,206,95,55,1046,8,144,0,224,3533
RAJASTHAN,JHUNJHUNU,2001,37,19,0,38,90,4,6,163,784,0,262,129,35,95,0,50,0,125,4102
RAJASTHAN,JODHPUR,2001,30,79,3,40,156,1,43,319,1662,0,172,450,37,2733,12,128,0,263,6535
RAJASTHAN,KARAULI,2001,35,0,1,42,144,0,12,68,596,0,134,63,15,22,10,37,0,66,2908
RAJASTHAN,KOTA,2001,58,310,1,100,292,4,86,456,2426,0,229,308,43,1175,17,203,0,319,7383
RAJASTHAN,NAGAUR,2001,48,17,1,44,118,3,23,274,814,0,57,164,27,523,14,65,0,102,4575
RAJASTHAN,PALI,2001,43,53,2,50,154,0,14,193,588,0,138,185,36,53,15,115,0,196,4640
RAJASTHAN,RAJSAMAND,2001,15,16,2,26,126,4,7,81,382,0,303,118,27,1043,6,40,0,104,2872
RAJASTHAN,SAWAI MADHOPUR,2001,23,19,1,38,124,3,31,102,620,0,180,125,19,31,6,49,0,97,3094
RAJASTHAN,SIKAR,2001,46,31,2,26,96,0,14,212,758,0,941,207,64,522,15,28,0,114,4333
RAJASTHAN,SIROHI,2001,31,35,0,44,48,0,16,157,244,0,104,73,14,536,8,29,0,79,2185
RAJASTHAN,TONK,2001,19,32,1,34,136,2,19,145,596,0,175,117,32,1524,7,84,0,142,3913
RAJASTHAN,UDAIPUR,2001,67,101,1,86,322,0,42,298,1090,0,435,231,51,990,9,68,0,127,6365
RAJASTHAN,TOTAL,2001,1259,1923,63,2098,5436,100,889,7284,33878,0,11214,6644,1092,27485,376,2878,0,5532,155185
SIKKIM,EAST,2001,13,7,5,14,8,0,2,59,100,0,1,10,1,21,0,0,0,0,279
SIKKIM,NORTH,2001,1,0,0,0,0,0,0,2,6,0,0,3,0,4,0,0,0,0,36
SIKKIM,SOUTH,2001,4,3,2,2,2,0,0,9,18,0,0,0,0,4,0,0,0,0,79
SIKKIM,WEST,2001,1,1,0,0,2,0,1,6,24,0,2,0,0,6,0,0,0,0,50
SIKKIM,TOTAL,2001,19,11,7,16,12,0,3,76,148,0,3,13,1,35,0,0,0,0,444
TAMIL NADU,ARIYALUR,2001,24,41,1,12,50,0,3,37,248,0,101,22,17,495,3,38,0,8,1754
TAMIL NADU,CHENGAI,2001,78,98,0,40,16,9,52,454,1866,0,119,96,0,699,16,58,0,57,7035
TAMIL NADU,CHENNAI,2001,91,298,0,56,80,12,127,668,4334,0,105,600,0,813,13,70,0,111,7292
TAMIL NADU,CHENNAI RLY.,2001,5,1,0,0,0,1,8,0,308,0,15,7,0,24,0,5,0,2,493
TAMIL NADU,COIMBATORE RURAL,2001,77,49,3,36,76,12,41,346,2016,0,455,102,30,1044,16,75,0,49,9115
TAMIL NADU,COIMBATORE URBAN,2001,16,20,0,8,28,4,15,179,1904,0,79,110,1,152,5,19,0,28,3490
TAMIL NADU,CUDDALORE,2001,60,177,2,32,42,4,33,166,1094,0,250,11,50,767,9,137,0,21,8018
TAMIL NADU,DHARMAPURI,2001,88,88,0,34,70,7,22,214,854,0,433,33,74,841,6,65,0,18,5123
TAMIL NADU,DINDIGUL,2001,72,74,0,28,98,4,13,168,958,0,69,24,29,467,8,48,0,8,4657
TAMIL NADU,ERODE,2001,63,22,0,18,90,10,13,218,1324,0,63,85,39,2767,4,72,0,25,6631
TAMIL NADU,KANCHIPURAM,2001,45,61,0,42,26,9,10,218,988,0,81,19,32,337,6,30,0,12,5840
TAMIL NADU,KANYAKUMARI,2001,33,65,0,12,26,1,4,230,520,0,10,16,18,1125,5,27,0,29,3732
TAMIL NADU,KARUR,2001,28,12,0,8,22,4,9,39,452,0,30,15,14,194,2,21,0,14,2245
TAMIL NADU,MADURAI RURAL,2001,64,51,0,26,60,13,42,137,702,0,286,59,34,2070,5,52,0,69,4877
TAMIL NADU,MADURAI URBAN,2001,34,53,0,4,52,9,33,198,1606,0,90,296,4,308,12,20,0,24,4161
TAMIL NADU,NAGAPATTINAM,2001,36,74,0,24,58,1,2,94,636,0,51,15,75,1273,4,55,0,8,3724
TAMIL NADU,NAMAKKAL,2001,36,31,0,14,32,1,6,58,306,0,56,15,10,1544,4,39,0,18,2659
TAMIL NADU,NILGIRIS,2001,16,15,0,16,10,0,5,109,204,0,39,10,0,206,2,6,0,16,1330
TAMIL NADU,PERAMBALUR,2001,10,16,2,6,26,3,2,31,94,0,56,27,10,340,0,18,0,12,1100
TAMIL NADU,PUDUKOTTAI,2001,30,30,0,10,54,2,5,81,476,0,198,8,23,254,2,32,0,25,3416
TAMIL NADU,RAMNATHAPURAM,2001,33,52,0,26,52,3,4,104,344,0,205,24,28,531,4,59,0,16,3234
TAMIL NADU,SALEM RURAL,2001,78,43,1,16,70,3,8,66,384,0,170,5,34,890,8,53,0,7,4225
TAMIL NADU,SALEM URBAN,2001,12,14,0,4,20,3,20,70,934,0,42,49,0,163,3,7,0,11,1846
TAMIL NADU,SIVAGANGAI,2001,26,51,0,10,32,4,10,159,656,0,88,22,34,959,4,17,0,9,3030
TAMIL NADU,THANJAVUR,2001,49,74,1,0,110,3,16,171,870,0,150,33,26,792,0,53,0,31,3506
TAMIL NADU,THENI,2001,16,17,0,8,36,5,9,83,480,0,69,58,9,842,4,29,0,9,2646
TAMIL NADU,THIRUNELVELI RURAL,2001,74,124,1,114,132,3,27,310,1120,0,97,51,102,835,3,155,0,13,6350
TAMIL NADU,THIRUNELVELI URBAN,2001,12,49,0,6,30,2,10,76,454,0,8,5,4,71,0,2,0,6,1569
TAMIL NADU,THIRUVALLUR,2001,34,56,3,32,48,2,11,106,452,0,201,28,28,329,6,70,0,16,3468
TAMIL NADU,THIRUVANNAMALAI,2001,44,34,0,10,80,1,14,162,804,0,218,30,14,693,1,53,0,18,4749
TAMIL NADU,THIRUVARUR,2001,31,56,0,14,60,0,6,96,364,0,59,15,49,890,4,50,0,2,3043
TAMIL NADU,THOOTHUGUDI,2001,69,98,0,24,76,4,34,169,968,0,112,41,47,506,1,94,0,36,5290
TAMIL NADU,TRICHY RLY.,2001,0,0,0,0,0,0,1,2,80,0,4,0,0,13,0,0,0,0,206
TAMIL NADU,TRICHY RURAL,2001,52,40,0,12,38,1,0,49,426,0,55,14,4,1041,3,22,0,2,3104
TAMIL NADU,TRICHY URBAN,2001,24,19,0,10,22,0,6,110,1008,0,10,58,0,619,4,9,0,18,2279
TAMIL NADU,VELLORE,2001,78,56,2,26,32,10,25,309,1488,0,440,55,50,2270,8,54,0,5,7941
TAMIL NADU,VILLUPURAM,2001,67,92,3,74,106,8,7,147,678,0,483,26,74,757,14,78,0,42,7120
TAMIL NADU,VIRUDHUNAGAR,2001,57,53,0,34,44,6,19,131,1018,0,199,55,17,508,2,81,0,20,4503
TAMIL NADU,TOTAL,2001,1662,2204,19,846,1904,164,672,5965,33418,0,5196,2139,980,28429,191,1773,0,815,154801
TRIPURA,DHALAI,2001,35,0,0,22,30,1,4,11,14,0,15,1,6,34,2,4,0,11,205
TRIPURA,NORTH,2001,38,11,0,58,38,4,19,42,94,0,29,3,5,62,3,16,0,60,566
TRIPURA,SOUTH,2001,42,4,0,58,40,3,8,30,74,0,37,3,6,90,5,18,0,59,586
TRIPURA,WEST,2001,125,10,0,66,78,18,32,115,336,0,57,10,14,226,6,20,0,97,1444
TRIPURA,TOTAL,2001,240,25,0,204,186,26,63,198,518,0,138,17,31,412,16,58,0,227,2801
UTTAR PRADESH,AGRA,2001,153,162,18,132,406,53,171,432,2362,0,377,229,14,518,63,110,0,327,6662
UTTAR PRADESH,ALIGARH,2001,229,242,21,100,246,43,182,190,1454,0,366,145,32,446,44,90,0,258,4688
UTTAR PRADESH,ALLAHABAD,2001,167,224,30,84,192,13,81,368,1700,0,260,25,38,1024,56,85,0,226,6096
UTTAR PRADESH,AMBEDKAR NAGAR,2001,46,49,7,38,58,4,22,95,232,0,64,43,13,244,14,15,0,87,1379
UTTAR PRADESH,AURAIYA,2001,53,53,11,22,122,9,24,36,164,0,44,14,13,247,21,13,0,26,1137
UTTAR PRADESH,AZAMGARH,2001,120,103,21,22,90,7,80,145,374,0,127,72,2,352,32,14,0,81,2247
UTTAR PRADESH,BADAUN,2001,239,272,30,94,164,26,67,118,612,0,64,64,38,616,62,51,0,76,3064
UTTAR PRADESH,BAGHPAT,2001,89,160,6,30,62,17,54,45,436,0,55,43,5,3,20,18,0,64,1355
UTTAR PRADESH,BAHRAICH,2001,43,49,23,28,56,6,20,79,338,0,50,37,14,175,19,15,0,62,1316
UTTAR PRADESH,BALLIA,2001,55,91,13,36,48,10,14,125,356,0,119,14,2,289,19,7,0,35,1934
UTTAR PRADESH,BALRAMPUR,2001,26,28,9,16,40,3,4,38,162,0,25,22,15,126,12,23,0,30,734
UTTAR PRADESH,BANDA,2001,75,53,14,54,58,7,31,87,216,0,72,55,13,247,21,51,0,50,1722
UTTAR PRADESH,BARABANKI,2001,88,85,24,82,142,22,50,160,698,0,81,31,18,307,35,37,0,188,2578
UTTAR PRADESH,BAREILLY,2001,272,331,28,186,288,47,138,210,1568,0,143,186,15,617,57,110,0,421,5269
UTTAR PRADESH,BASTI,2001,48,51,13,36,56,4,28,101,342,0,106,69,5,240,22,28,0,48,1753
UTTAR PRADESH,BIJNOR,2001,124,113,14,76,170,13,56,132,704,0,80,119,11,43,31,67,0,230,2487
UTTAR PRADESH,BULANDSHAHAR,2001,250,209,16,62,188,21,103,109,918,0,150,107,23,75,45,71,0,227,3972
UTTAR PRADESH,CHANDOLI,2001,35,30,9,8,40,0,18,52,168,0,16,47,10,110,16,13,0,22,765
UTTAR PRADESH,CHITRAKOOT DHAM,2001,28,16,5,16,10,3,3,23,54,0,15,22,0,83,8,16,0,2,392
UTTAR PRADESH,DEORIA,2001,48,97,17,14,78,2,26,87,326,0,196,54,8,192,27,15,0,44,2402
UTTAR PRADESH,ETAH,2001,240,364,12,114,236,32,79,136,700,0,259,121,5,404,68,68,0,156,4521
UTTAR PRADESH,ETAWAH,2001,82,92,8,40,186,16,32,48,332,0,90,37,11,200,29,25,0,52,1942
UTTAR PRADESH,FAIZABAD,2001,77,48,15,44,56,7,44,99,490,0,52,2,13,179,17,24,0,49,1967
UTTAR PRADESH,FATEHGARH,2001,120,86,14,18,126,4,18,48,252,0,73,77,9,227,22,23,0,93,1694
UTTAR PRADESH,FATEHPUR,2001,132,56,26,56,90,11,36,70,264,0,22,48,7,265,46,25,0,59,1946
UTTAR PRADESH,FIROZABAD,2001,135,169,10,44,240,22,72,105,584,0,147,69,3,359,48,33,0,89,2726
UTTAR PRADESH,G.R.P.,2001,31,20,0,4,8,23,49,4,6282,0,13,41,0,28,1,18,0,1,4352
UTTAR PRADESH,GAUTAMBUDH NAGAR,2001,92,60,16,32,84,12,47,56,1458,0,81,127,12,127,17,39,0,54,2443
UTTAR PRADESH,GHAZIABAD,2001,230,381,18,62,224,12,117,227,2714,0,123,258,10,134,33,54,0,140,5079
UTTAR PRADESH,GHAZIPUR,2001,46,58,24,12,56,2,17,92,214,0,70,32,8,211,22,18,0,56,1308
UTTAR PRADESH,GONDA,2001,68,101,25,36,68,16,32,118,322,0,64,89,9,262,26,19,0,46,1719
UTTAR PRADESH,GORAKHPUR,2001,96,74,29,26,120,6,38,137,384,0,117,100,12,378,16,25,0,52,2598
UTTAR PRADESH,HAMIRPUR,2001,66,33,6,28,48,4,31,60,220,0,55,18,7,65,22,32,0,25,1031
UTTAR PRADESH,HARDOI,2001,182,153,30,140,150,25,50,89,534,0,92,51,12,482,63,86,0,136,3078
UTTAR PRADESH,HATHRAS,2001,86,94,15,32,100,24,64,91,450,0,150,78,9,215,31,63,0,93,2216
UTTAR PRADESH,J.P.NAGAR,2001,112,72,6,46,94,12,37,36,332,0,85,50,10,141,14,35,0,98,1665
UTTAR PRADESH,JALAUN,2001,83,79,4,12,72,9,41,92,334,0,75,34,5,29,29,40,0,65,1778
UTTAR PRADESH,JAUNPUR,2001,56,85,29,22,44,10,33,101,330,0,112,70,7,410,43,21,0,85,1993
UTTAR PRADESH,JHANSI,2001,76,48,19,36,84,2,35,100,516,0,60,62,12,232,31,32,0,69,1981
UTTAR PRADESH,KANNAUJ,2001,66,68,8,16,80,6,13,52,212,0,39,30,7,77,22,18,0,63,1254
UTTAR PRADESH,KANPUR DEHAT,2001,85,67,12,42,100,15,30,48,280,0,72,40,12,312,39,45,0,79,1581
UTTAR PRADESH,KANPUR NAGAR,2001,210,198,28,94,420,31,128,361,2618,0,240,301,27,1040,64,106,0,356,6808
UTTAR PRADESH,KAUSHAMBI,2001,77,45,11,52,62,5,18,116,288,0,60,30,17,281,28,44,0,72,1456
UTTAR PRADESH,KHIRI,2001,172,178,36,166,224,21,79,161,984,0,193,64,6,401,88,99,0,138,3754
UTTAR PRADESH,KUSHI NAGAR,2001,69,48,18,14,68,3,11,58,214,0,99,46,8,322,18,19,0,14,1456
UTTAR PRADESH,LALITPUR,2001,25,18,7,40,10,2,6,46,120,0,30,21,14,89,10,26,0,31,773
UTTAR PRADESH,LUCKNOW,2001,166,189,28,124,350,29,123,670,4404,0,347,427,10,89,47,103,0,337,9205
UTTAR PRADESH,MAHARAJGANJ,2001,39,22,11,26,38,1,7,45,108,0,50,35,5,94,7,13,0,10,861
UTTAR PRADESH,MAHOBA,2001,56,36,5,24,26,3,19,40,120,0,24,19,9,58,11,22,0,4,728
UTTAR PRADESH,MAINPURI,2001,136,151,20,26,112,38,72,88,382,0,120,83,29,272,42,32,0,63,2147
UTTAR PRADESH,MATHURA,2001,125,170,9,50,124,21,97,108,744,0,170,127,19,125,21,48,0,77,2990
UTTAR PRADESH,MAU,2001,49,49,9,34,60,4,27,79,234,0,122,34,21,133,16,33,0,39,1331
UTTAR PRADESH,MEERUT,2001,275,239,10,56,320,35,210,268,2404,0,195,193,5,76,34,59,0,236,5377
UTTAR PRADESH,MIRZAPUR,2001,44,67,8,32,28,7,18,77,314,0,28,34,2,191,23,16,0,39,1185
UTTAR PRADESH,MORADABAD,2001,213,171,18,88,204,20,101,160,1214,0,97,104,21,246,45,79,0,207,3445
UTTAR PRADESH,MUZAFFARNAGAR,2001,324,255,12,108,284,28,150,185,1274,0,186,94,18,110,24,51,0,265,4042
UTTAR PRADESH,PILIBHIT,2001,115,233,12,128,132,21,62,92,384,0,84,69,5,21,44,50,0,195,2239
UTTAR PRADESH,PRATAPGARH,2001,76,123,22,36,86,6,44,129,278,0,101,59,22,519,33,21,0,44,2421
UTTAR PRADESH,RAIBAREILLY,2001,87,63,26,116,116,3,41,160,608,0,94,35,3,379,29,57,0,137,2544
UTTAR PRADESH,RAMPUR,2001,89,98,26,44,88,11,35,71,532,0,51,45,9,138,18,11,0,49,1644
UTTAR PRADESH,SAHARANPUR,2001,101,128,14,82,150,13,65,79,856,0,161,161,7,53,21,45,0,196,2869
UTTAR PRADESH,SANT KABIRNAGAR,2001,16,16,4,18,34,0,4,18,78,0,27,32,7,131,7,11,0,26,599
UTTAR PRADESH,SHAHJAHANPUR,2001,196,223,37,110,224,15,70,83,680,0,61,81,7,467,66,61,0,146,2941
UTTAR PRADESH,SHRAWASTI,2001,35,30,15,26,42,7,13,49,216,0,37,22,4,113,4,16,0,18,747
UTTAR PRADESH,SIDHARTHNAGAR,2001,13,18,8,24,48,3,10,84,164,0,26,30,8,131,13,20,0,28,834
UTTAR PRADESH,SITAPUR,2001,162,139,56,170,198,5,95,237,1652,0,124,134,18,291,82,71,0,106,4732
UTTAR PRADESH,SONBHADRA,2001,33,23,20,10,18,2,10,54,182,0,21,18,5,109,12,9,0,5,595
UTTAR PRADESH,ST.RAVIDASNAGAR,2001,21,24,4,2,16,2,12,49,200,0,26,12,2,107,9,3,0,23,590
UTTAR PRADESH,SULTANPUR,2001,103,154,25,58,94,8,42,157,590,0,76,62,3,352,38,34,0,153,2540
UTTAR PRADESH,UNNAO,2001,147,141,15,106,194,10,74,85,722,0,147,60,23,463,63,100,0,168,3548
UTTAR PRADESH,VARANASI,2001,78,89,17,54,110,9,95,161,1070,0,85,99,9,324,31,19,0,119,2904
UTTAR PRADESH,TOTAL,2001,7601,7964,1186,3916,8660,943,3825,8411,54022,0,7343,5363,812,17816,2211,2870,0,7365,178129
UTTARAKHAND,ALMORA,2001,18,12,2,8,2,7,7,12,110,0,4,11,2,28,3,5,0,5,251
UTTARAKHAND,BAGESHWAR,2001,10,7,0,2,8,0,4,2,26,0,2,4,0,11,8,1,0,0,115
UTTARAKHAND,CHAMOLI,2001,13,6,2,6,6,0,6,39,52,0,22,3,2,7,3,10,0,1,213
UTTARAKHAND,CHAMPAWAT,2001,3,3,2,0,6,1,4,8,26,0,1,6,1,29,0,7,0,5,127
UTTARAKHAND,DEHRADUN,2001,32,66,3,24,108,5,31,174,784,0,111,122,7,83,4,13,0,85,1988
UTTARAKHAND,HARIDWAR,2001,94,75,6,26,104,6,43,62,698,0,137,86,7,271,10,21,0,105,1843
UTTARAKHAND,NAINITAL,2001,36,31,5,10,28,7,26,64,302,0,38,26,0,179,5,11,0,29,877
UTTARAKHAND,PAURI GARHWAL,2001,26,9,0,14,14,2,18,32,162,0,19,10,5,63,5,4,0,7,396
UTTARAKHAND,PITHORAGARH,2001,8,3,3,14,2,1,6,28,82,0,14,8,1,14,2,6,0,10,364
UTTARAKHAND,RUDRA PRAYAG,2001,5,2,0,4,0,0,1,3,40,0,10,1,0,6,3,3,0,2,106
UTTARAKHAND,TEHRI GARHWAL,2001,7,10,2,4,10,0,7,26,74,0,11,4,2,16,2,3,0,8,314
UTTARAKHAND,UDHAMSINGH NAGAR,2001,54,44,13,20,72,6,32,65,396,0,40,33,0,112,10,7,0,31,1167
UTTARAKHAND,UTTARKASHI,2001,10,11,0,16,6,0,6,18,86,0,31,4,3,11,1,12,0,13,312
UTTARAKHAND,TOTAL,2001,316,279,38,148,366,35,191,533,2838,0,440,318,30,830,56,103,0,301,8073
WEST BENGAL,24 PARGANAS NORTH,2001,202,23,61,106,162,14,56,46,3358,0,285,35,1,0,23,63,0,447,6167
WEST BENGAL,24 PARGANAS SOUTH,2001,107,5,75,94,106,15,33,16,2286,0,327,4,9,0,48,54,0,480,5827
WEST BENGAL,ASANSOL,2001,9,7,1,0,6,12,1,0,108,0,12,9,0,11,1,0,0,32,362
WEST BENGAL,BANKURA,2001,35,32,12,52,14,31,30,6,470,0,66,23,6,30,22,28,0,78,1180
WEST BENGAL,BIRBHUM,2001,76,40,25,86,86,35,30,18,700,0,282,4,9,60,4,43,0,151,2213
WEST BENGAL,BURDWAN,2001,133,4,43,92,90,41,42,28,1696,0,237,53,7,99,32,85,0,296,4693
WEST BENGAL,COOCHBEHAR,2001,37,1,15,72,86,15,15,14,250,0,49,9,1,107,6,44,0,146,1262
WEST BENGAL,DAKSHIN DINAJPUR,2001,25,0,19,20,62,16,7,2,252,0,41,3,0,45,4,37,0,101,1011
WEST BENGAL,DARJEELING,2001,46,3,28,40,42,25,21,17,934,0,40,6,10,228,2,26,0,56,1778
WEST BENGAL,HOOGHLY,2001,81,22,33,58,82,71,28,15,1174,0,363,16,0,248,10,39,0,372,3020
WEST BENGAL,HOWRAH,2001,28,8,8,4,22,7,3,1,340,0,45,19,9,127,8,13,0,43,1195
WEST BENGAL,HOWRAH CITY,2001,21,8,11,14,34,73,16,6,706,0,79,56,6,108,5,6,0,84,1438
WEST BENGAL,HOWRAH G.R.P.,2001,18,0,0,2,14,16,10,0,1346,0,25,0,0,28,0,9,0,0,951
WEST BENGAL,JALPAIGURI,2001,152,30,60,108,66,44,58,27,972,0,84,12,4,319,2,47,0,150,2321
WEST BENGAL,KOLKATA,2001,65,152,8,38,242,86,149,148,8080,0,275,863,0,1346,6,165,0,207,11970
WEST BENGAL,MALDA,2001,55,27,34,80,76,17,9,10,666,0,52,16,0,91,5,48,0,92,1859
WEST BENGAL,MIDNAPUR,2001,120,20,44,168,148,49,59,39,1162,0,363,27,23,63,58,54,0,470,4617
WEST BENGAL,MURSHIDABAD,2001,130,10,38,132,104,21,31,10,756,0,109,18,0,179,12,36,0,240,2683
WEST BENGAL,NADIA,2001,124,0,34,142,182,42,23,10,1356,0,227,0,5,499,10,77,0,252,3623
WEST BENGAL,PURULIA,2001,69,0,5,46,34,14,20,5,600,0,70,17,3,0,3,48,0,86,1292
WEST BENGAL,SEALDAH G.R.P.,2001,23,6,4,2,6,8,11,0,552,0,16,6,0,18,0,0,0,2,418
WEST BENGAL,SILIGURI G.R.P.,2001,2,0,2,0,4,8,1,0,178,0,4,1,0,0,0,1,0,0,143
WEST BENGAL,UTTAR DINAJPUR,2001,36,51,21,62,82,35,7,8,548,0,44,19,9,52,4,31,0,74,1540
WEST BENGAL,TOTAL,2001,1594,449,581,1418,1750,695,660,426,28490,0,3095,1216,102,3658,265,954,0,3859,61563
A & N ISLANDS,ANDAMAN,2001,13,0,0,6,4,0,4,62,130,0,13,8,4,113,0,18,0,9,637
A & N ISLANDS,NICOBAR,2001,0,0,0,0,0,0,0,2,0,0,0,0,0,5,0,1,0,0,21
A & N ISLANDS,TOTAL,2001,13,0,0,6,4,0,4,64,130,0,13,8,4,118,0,19,0,9,658
CHANDIGARH,CHANDIGARH,2001,15,10,6,36,112,5,22,364,3058,0,91,155,5,95,3,24,0,36,3397
CHANDIGARH,TOTAL,2001,15,10,6,36,112,5,22,364,3058,0,91,155,5,95,3,24,0,36,3397
D & N HAVELI,D AND N HAVELI,2001,3,2,0,12,8,0,2,34,90,0,4,12,1,29,0,7,0,4,350
D & N HAVELI,TOTAL,2001,3,2,0,12,8,0,2,34,90,0,4,12,1,29,0,7,0,4,350
DAMAN & DIU,DAMAN,2001,6,5,0,0,10,0,0,39,68,0,14,7,3,18,0,0,0,4,194
DAMAN & DIU,DIU,2001,1,0,0,0,0,0,0,4,12,0,9,2,0,3,0,0,0,0,45
DAMAN & DIU,TOTAL,2001,7,5,0,0,10,0,0,43,80,0,23,9,3,21,0,0,0,4,239
DELHI UT,CENTRAL,2001,29,42,4,56,124,4,42,149,3190,0,9,134,1,113,4,30,0,2,3750
DELHI UT,DELHI UT TOTAL,2001,547,510,63,762,3254,122,624,3029,38552,0,165,2183,50,2011,113,502,0,138,54384
DELHI UT,EAST,2001,56,51,15,48,326,19,47,270,3302,0,20,143,4,257,11,56,0,27,4447
DELHI UT,G.R.P.(RLY),2001,11,4,0,2,14,1,11,2,2860,0,0,19,0,7,0,4,0,0,1630
DELHI UT,I.G.I. AIRPORT,2001,2,2,1,0,8,0,2,0,104,0,1,483,1,5,0,0,0,0,625
DELHI UT,NEW DELHI,2001,11,14,0,18,54,1,22,75,2474,0,14,296,3,35,0,20,0,2,2660
DELHI UT,NORTH,2001,28,33,5,56,198,7,52,177,2728,0,11,159,3,165,4,26,0,9,3998
DELHI UT,NORTH EAST,2001,62,79,5,72,314,9,74,157,1922,0,7,57,3,260,20,34,0,8,3449
DELHI UT,NORTH WEST,2001,134,107,13,206,1036,23,122,619,5700,0,20,139,14,429,25,102,0,22,10001
DELHI UT,S.T.F.,2001,0,0,0,0,0,0,0,0,0,0,0,0,0,0,0,0,0,0,0
DELHI UT,SOUTH,2001,83,75,7,130,530,19,120,803,8440,0,46,373,10,307,15,96,0,22,10745
DELHI UT,SOUTH WEST,2001,61,52,1,84,348,13,74,359,3632,0,32,182,8,181,16,69,0,24,5389
DELHI UT,WEST,2001,70,51,12,90,302,26,58,418,4200,0,5,198,3,252,18,65,0,22,7690
LAKSHADWEEP,LAKSHADWEEP,2001,1,0,0,0,0,0,0,1,20,0,1,0,2,3,0,0,0,0,36
LAKSHADWEEP,TOTAL,2001,1,0,0,0,0,0,0,1,20,0,1,0,2,3,0,0,0,0,36
PUDUCHERRY,PONDICHERRY,2001,25,32,1,18,8,1,4,111,1056,0,100,23,31,635,1,35,0,3,4068
PUDUCHERRY,TOTAL,2001,25,32,1,18,8,1,4,111,1056,0,100,23,31,635,1,35,0,3,4068
ANDHRA PRADESH,ADILABAD,2002,100,79,17,74,84,7,40,193,452,0,80,135,38,1181,20,174,0,240,4675
ANDHRA PRADESH,ANANTAPUR,2002,166,113,7,56,130,13,21,196,712,0,135,109,57,1752,9,179,0,151,4467
ANDHRA PRADESH,CHITTOOR,2002,105,66,5,56,134,4,14,208,1664,0,71,172,43,999,16,126,0,188,6306
ANDHRA PRADESH,CUDDAPAH,2002,91,0,9,32,54,1,11,84,410,0,92,52,20,788,21,100,0,63,3324
ANDHRA PRADESH,EAST GODAVARI,2002,97,102,2,50,110,3,12,468,2412,0,100,262,40,3076,11,108,0,276,7931
ANDHRA PRADESH,GUNTAKAL RLY.,2002,0,0,0,2,0,0,2,0,296,0,0,0,0,5,0,3,0,0,310
ANDHRA PRADESH,GUNTUR,2002,143,77,1,92,174,12,53,357,2364,0,144,346,38,1760,13,186,0,434,7883
ANDHRA PRADESH,HYDERABAD CITY,2002,117,109,3,114,230,13,68,1348,7554,0,128,1734,8,3714,24,138,0,590,14413
ANDHRA PRADESH,KARIMNAGAR,2002,160,88,6,198,124,18,60,216,808,0,191,357,52,2671,45,357,0,209,7086
ANDHRA PRADESH,KHAMMAM,2002,106,55,1,96,140,5,11,164,862,0,107,219,52,2204,13,191,0,324,5646
ANDHRA PRADESH,KRISHNA,2002,92,66,3,82,52,1,4,242,1086,0,49,146,42,1940,14,211,0,374,5318
ANDHRA PRADESH,KURNOOL,2002,124,98,1,90,108,8,17,134,616,0,76,185,16,1458,11,166,0,167,4684
ANDHRA PRADESH,MAHABOOBNAGAR,2002,171,84,31,170,114,5,39,241,878,0,140,91,74,906,31,202,0,225,5354
ANDHRA PRADESH,MEDAK,2002,103,50,20,136,92,18,35,272,712,0,64,105,57,1612,25,103,0,251,4208
ANDHRA PRADESH,NALGONDA,2002,109,53,8,82,92,5,18,167,642,0,87,184,78,1139,37,232,0,210,5290
ANDHRA PRADESH,NELLORE,2002,84,93,4,92,134,12,23,209,1084,0,46,157,58,1223,10,206,0,289,5240
ANDHRA PRADESH,NIZAMABAD,2002,93,42,12,70,58,13,30,179,676,0,46,138,39,1934,17,71,0,278,4417
ANDHRA PRADESH,PRAKASHAM,2002,67,79,2,42,64,12,13,132,518,0,124,86,48,1153,5,156,0,142,3636
ANDHRA PRADESH,RANGA REDDY,2002,214,107,12,98,208,23,62,1009,2900,0,61,597,81,3224,51,143,0,508,10602
ANDHRA PRADESH,SECUNDERABAD RLY.,2002,12,0,1,0,0,0,3,3,700,0,0,2,0,8,0,0,0,0,444
ANDHRA PRADESH,SRIKAKULAM,2002,27,9,2,28,20,2,2,100,470,0,28,58,28,641,4,60,0,114,2486
ANDHRA PRADESH,VIJAYAWADA,2002,39,49,3,62,156,3,56,723,5616,0,5,784,42,1950,9,119,0,869,9083
ANDHRA PRADESH,VIJAYAWADA RLY.,2002,3,0,0,2,2,0,1,0,656,0,0,5,0,10,0,2,0,2,410
ANDHRA PRADESH,VISAKHA RURAL,2002,54,25,0,28,14,4,4,97,390,0,36,40,21,717,2,65,0,85,2669
ANDHRA PRADESH,VISAKHAPATNAM,2002,20,15,1,16,30,1,7,250,1146,0,13,240,6,375,3,28,0,235,2838
ANDHRA PRADESH,VIZIANAGARAM,2002,28,22,1,24,18,3,3,105,342,0,9,51,6,471,1,38,0,190,2432
ANDHRA PRADESH,WARANGAL,2002,131,72,11,104,144,7,20,245,826,0,240,175,0,1812,45,212,0,157,6397
ANDHRA PRADESH,WEST GODAVARI,2002,69,91,2,108,118,7,19,286,1652,0,68,303,47,1116,12,223,0,447,6061
ANDHRA PRADESH,TOTAL,2002,2525,1644,165,2004,2604,200,648,7628,38444,0,2140,6733,991,39839,449,3799,0,7018,143610
ARUNACHAL PRADESH,CHANGLANG,2002,9,4,1,6,10,2,5,18,50,0,0,8,2,26,0,0,0,2,180
ARUNACHAL PRADESH,DIBANG VALLEY,2002,6,4,0,10,12,2,9,16,40,0,5,3,0,36,0,4,0,5,178
ARUNACHAL PRADESH,KAMENG EAST,2002,3,2,0,2,8,0,3,10,46,0,8,0,0,37,0,6,0,0,126
ARUNACHAL PRADESH,KAMENG WEST,2002,3,3,0,0,8,0,0,10,30,0,0,1,0,16,0,0,0,0,84
ARUNACHAL PRADESH,LOHIT,2002,14,2,0,6,10,6,5,12,48,0,0,2,1,50,0,8,0,0,169
ARUNACHAL PRADESH,PAPUM PARE,2002,3,3,1,6,20,7,42,66,188,0,0,3,1,51,0,9,0,1,383
ARUNACHAL PRADESH,SIANG EAST,2002,3,0,0,22,20,2,6,28,116,0,0,5,2,58,0,14,0,1,264
ARUNACHAL PRADESH,SIANG UPPER,2002,0,1,0,6,0,0,1,9,14,0,0,0,0,0,0,0,0,0,44
ARUNACHAL PRADESH,SIANG WEST,2002,4,7,3,8,14,1,7,39,100,0,3,2,6,58,0,18,0,2,331
ARUNACHAL PRADESH,SUBANSIRI LOWER,2002,8,3,0,2,8,2,8,16,64,0,0,1,4,18,0,4,0,0,152
ARUNACHAL PRADESH,SUBANSIRI UPPER,2002,5,2,0,4,2,0,6,13,28,0,4,2,4,24,0,4,0,0,132
ARUNACHAL PRADESH,TAWANG,2002,0,0,1,2,0,0,0,3,26,0,1,1,0,2,0,0,0,1,44
ARUNACHAL PRADESH,TIRAP,2002,3,7,0,2,2,0,4,9,40,0,0,1,0,25,0,1,0,1,141
ARUNACHAL PRADESH,TOTAL,2002,61,38,6,76,114,22,96,249,790,0,21,29,20,401,0,68,0,13,2228
ASSAM,BARPETA,2002,43,20,2,110,138,29,23,83,512,0,275,28,28,90,4,18,0,97,1527
ASSAM,BONGAIGAON,2002,47,0,0,42,102,27,20,78,160,0,81,9,2,30,3,2,0,32,818
ASSAM,C.I.D.,2002,0,0,0,0,4,0,0,0,0,0,0,5,0,0,0,0,0,0,52
ASSAM,CACHAR,2002,57,44,0,142,186,30,18,206,896,0,446,33,57,234,7,156,0,219,3520
ASSAM,DARRANG,2002,31,7,2,66,108,13,11,50,238,0,61,8,15,116,4,68,0,37,861
ASSAM,DHEMAJI,2002,30,15,0,96,62,7,11,27,166,0,14,14,13,194,1,23,0,57,689
ASSAM,DHUBRI,2002,60,16,1,92,124,48,20,78,176,0,418,23,21,257,4,67,0,167,1721
ASSAM,DIBRUGARH,2002,97,35,2,90,150,20,23,96,618,0,36,21,23,369,1,27,0,43,1642
ASSAM,G.R.P.,2002,6,0,0,0,0,2,6,2,124,0,0,0,0,2,0,0,0,0,116
ASSAM,GOALPARA,2002,24,18,1,80,96,25,10,63,214,0,128,17,12,69,2,67,0,93,959
ASSAM,GOLAGHAT,2002,57,9,4,84,136,11,37,56,520,0,13,31,28,342,0,36,0,36,1347
ASSAM,GUWAHATI CITY,2002,60,18,20,120,368,48,83,530,2272,0,313,146,5,378,6,41,0,69,4384
ASSAM,HAILAKANDI,2002,26,5,1,48,84,13,5,63,220,0,114,8,25,80,1,30,0,34,814
ASSAM,JORHAT,2002,37,13,4,72,72,4,14,67,408,0,68,21,17,124,0,39,0,42,1130
ASSAM,KAMRUP,2002,34,31,8,82,236,21,30,68,276,0,50,47,13,65,2,23,0,20,1673
ASSAM,KARBI ANGLONG,2002,41,3,1,10,74,13,20,15,236,0,16,7,7,46,2,6,0,6,527
ASSAM,KARIMGANJ,2002,43,12,0,46,76,6,4,71,284,0,179,15,16,59,6,11,0,69,894
ASSAM,KOKRAJHAR,2002,62,20,0,30,96,16,13,45,154,0,61,13,6,169,3,51,0,38,896
ASSAM,LAKHIMPUR,2002,26,34,1,138,168,2,44,95,566,0,59,86,45,478,0,63,0,175,1925
ASSAM,MORIGAON,2002,23,8,1,80,78,3,2,35,216,0,88,12,10,86,1,39,0,28,782
ASSAM,N.C.HILLS,2002,25,16,0,4,18,2,8,4,90,0,2,2,2,23,0,5,0,9,213
ASSAM,NAGAON,2002,78,40,3,122,264,55,77,355,596,0,305,61,45,493,7,115,0,158,3254
ASSAM,NALBARI,2002,47,56,0,54,100,25,31,81,174,0,3,15,7,112,0,11,0,24,1011
ASSAM,R.P.O.,2002,0,0,0,2,2,2,0,1,8,0,3,0,0,0,0,0,0,0,13
ASSAM,SIBSAGAR,2002,75,20,1,114,114,8,22,50,656,0,50,27,22,557,6,28,0,71,1881
ASSAM,SONITPUR,2002,109,22,1,134,228,24,35,166,664,0,157,45,19,278,9,53,0,146,2269
ASSAM,TINSUKIA,2002,115,17,2,82,106,37,40,119,666,0,74,25,0,113,1,5,0,24,1428
ASSAM,TOTAL,2002,1253,479,55,1940,3190,491,607,2504,11110,0,3014,719,438,4764,70,984,0,1694,36346
BIHAR,ARARIA,2002,61,15,2,202,182,36,36,63,218,0,365,5,14,89,5,2,0,30,2085
BIHAR,ARWAL,2002,44,58,8,0,22,5,11,15,74,0,61,2,14,204,8,12,0,2,606
BIHAR,AURANGABAD,2002,96,38,0,24,38,20,26,66,264,0,195,28,0,41,33,4,0,6,2312
BIHAR,BAGAHA,2002,27,71,11,46,98,1,11,17,254,0,89,17,6,361,0,6,0,3,975
BIHAR,BANKA,2002,100,18,3,54,64,38,35,55,184,0,255,4,2,4,10,4,0,14,1496
BIHAR,BEGUSARAI,2002,138,139,5,40,150,16,89,67,506,0,157,33,13,149,23,23,0,40,3054
BIHAR,BETTIAH,2002,100,229,10,110,134,36,58,111,548,0,436,16,18,1383,31,66,0,58,3288
BIHAR,BHABHUA,2002,48,10,6,34,82,32,24,78,280,0,196,35,19,3,17,0,0,18,1509
BIHAR,BHAGALPUR,2002,107,46,4,80,178,19,64,134,818,0,207,52,13,12,19,10,0,26,2791
BIHAR,BHOJPUR,2002,147,41,1,34,86,39,49,99,494,0,124,71,39,26,51,4,0,79,3021
BIHAR,BUXAR,2002,60,80,16,34,80,38,44,61,364,0,236,43,4,45,16,0,0,16,1840
BIHAR,DARBHANGA,2002,72,79,17,104,186,45,29,91,450,0,244,89,28,67,26,38,0,73,3087
BIHAR,GAYA,2002,218,149,8,62,76,101,132,162,696,0,319,63,38,290,26,27,0,44,3124
BIHAR,GOPALGANJ,2002,69,89,5,32,84,16,34,72,240,0,181,64,3,7,23,0,0,51,2035
BIHAR,JAMALPUR RLY.,2002,6,5,2,0,10,11,7,3,242,0,3,3,0,0,1,2,0,0,239
BIHAR,JAMUI,2002,56,203,3,30,76,8,34,39,212,0,142,18,12,94,21,0,0,19,1048
BIHAR,JEHANABAD,2002,73,55,1,14,64,29,20,34,246,0,169,35,0,0,21,0,0,5,1318
BIHAR,KATIHAR,2002,67,25,5,154,174,36,30,65,314,0,235,50,3,71,5,5,0,32,2173
BIHAR,KATIHAR RLY.,2002,14,0,0,4,6,9,17,17,436,0,9,12,0,0,1,2,0,0,434
BIHAR,KHAGARIA,2002,66,23,6,30,62,13,17,20,150,0,173,18,4,26,9,8,0,17,1101
BIHAR,KISHANGANJ,2002,30,2,1,40,70,17,10,38,164,0,137,4,8,5,5,4,0,37,966
BIHAR,LAKHISARAI,2002,67,36,2,4,68,10,15,22,168,0,67,10,4,41,4,10,0,6,788
BIHAR,MADHEPURA,2002,50,23,3,20,64,30,41,22,150,0,162,9,11,117,4,7,0,9,1019
BIHAR,MADHUBANI,2002,66,86,92,62,100,42,20,98,354,0,282,65,69,672,58,165,0,111,2627
BIHAR,MOTIHARI,2002,97,47,19,82,278,50,102,133,612,0,418,117,27,43,48,12,0,94,4596
BIHAR,MUNGER,2002,63,124,0,22,106,4,22,36,322,0,51,68,9,563,8,0,0,0,2014
BIHAR,MUZAFFARPUR,2002,130,92,23,120,334,58,122,178,1446,0,393,113,36,121,42,26,0,178,4863
BIHAR,MUZAFFARPUR RLY.,2002,18,1,1,4,10,12,18,11,638,0,8,15,0,56,0,5,0,1,609
BIHAR,NALANDA,2002,175,191,17,64,186,56,63,93,466,0,221,22,10,866,45,23,0,44,3247
BIHAR,NAUGACHIA,2002,35,4,9,22,48,9,18,6,100,0,103,13,6,40,7,3,0,15,711
BIHAR,NAWADAH,2002,69,87,23,68,100,8,24,33,156,0,188,25,5,535,12,3,0,30,1500
BIHAR,PATNA,2002,472,682,30,74,406,120,491,494,3526,0,489,342,35,445,76,42,0,148,9217
BIHAR,PATNA RLY.,2002,29,24,0,4,10,28,15,2,1414,0,11,13,0,0,1,9,0,3,1018
BIHAR,PURNEA,2002,96,75,4,92,96,105,114,86,348,0,316,23,6,39,6,6,0,17,2131
BIHAR,ROHTAS,2002,132,35,5,30,184,87,90,166,750,0,401,22,10,22,52,4,0,82,3419
BIHAR,SAHARSA,2002,39,106,4,22,40,4,20,18,130,0,110,20,10,152,10,16,0,8,967
BIHAR,SAMASTIPUR,2002,119,120,19,44,112,55,69,93,394,0,243,30,41,244,12,4,0,10,2808
BIHAR,SARAN,2002,100,63,0,24,146,49,46,88,542,0,265,15,16,1196,69,0,0,85,3277
BIHAR,SHEIKHPURA,2002,33,18,2,12,48,9,6,11,120,0,80,21,3,8,5,8,0,16,887
BIHAR,SHEOHAR,2002,10,0,0,28,38,10,3,12,32,0,48,18,5,0,7,1,0,0,447
BIHAR,SITAMARHI,2002,54,19,1,62,100,24,27,46,352,0,270,36,9,246,14,26,0,28,2172
BIHAR,SIWAN,2002,117,163,9,16,114,39,108,83,276,0,217,21,18,162,24,8,0,50,2016
BIHAR,SUPAUL,2002,43,46,0,44,68,41,35,34,228,0,192,16,9,90,7,5,0,12,1760
BIHAR,VAISHALI,2002,99,109,19,32,144,15,42,116,612,0,207,115,23,235,65,21,0,60,3445
BIHAR,TOTAL,2002,3712,3526,396,2080,4722,1430,2288,3188,20290,0,8675,1811,600,8770,927,621,0,1577,94040
CHHATTISGARH,BALRAMPUR,2002,30,21,0,60,6,36,18,61,92,0,23,0,8,53,2,33,0,19,618
CHHATTISGARH,BILASPUR,2002,56,43,9,144,30,1,48,504,1190,0,140,42,10,480,13,160,0,86,4709
CHHATTISGARH,BIZAPUR,2002,19,18,0,14,4,14,2,14,26,0,18,2,10,20,0,1,0,0,239
CHHATTISGARH,DANTEWARA,2002,59,29,0,18,8,2,6,62,132,0,19,2,8,66,1,19,0,5,616
CHHATTISGARH,DHAMTARI,2002,16,12,0,52,8,0,6,105,226,0,26,10,2,130,1,40,0,9,1249
CHHATTISGARH,DURG,2002,72,65,0,264,58,3,51,569,1574,0,59,74,27,515,11,230,0,116,6121
CHHATTISGARH,GRP RAIPUR,2002,2,1,0,10,0,0,0,8,414,0,0,1,0,6,0,1,0,0,320
CHHATTISGARH,JAGDALPUR,2002,70,34,0,92,38,36,19,169,232,0,29,18,17,181,0,46,0,16,1910
CHHATTISGARH,JANJGIR,2002,43,24,0,84,12,1,18,163,382,0,78,16,24,466,13,99,0,64,2014
CHHATTISGARH,JASHPUR,2002,54,14,2,70,0,9,18,59,164,0,15,3,6,67,2,16,0,4,766
CHHATTISGARH,KABIRDHAM,2002,18,6,1,40,4,1,3,73,114,0,26,3,8,249,0,42,0,25,817
CHHATTISGARH,KANKER,2002,35,6,0,74,12,21,4,76,108,0,22,2,28,52,1,33,0,22,1046
CHHATTISGARH,KORBA,2002,40,10,0,76,8,3,18,236,624,0,45,19,16,308,9,82,0,33,2295
CHHATTISGARH,KORIYA,2002,21,15,1,116,14,0,5,203,268,0,20,10,6,177,1,72,0,21,1531
CHHATTISGARH,MAHASAMUND,2002,15,16,4,66,10,3,9,141,300,0,27,13,4,211,0,56,0,14,1324
CHHATTISGARH,RAIGARH,2002,56,24,0,78,10,2,23,226,444,0,58,31,14,217,4,103,0,30,1547
CHHATTISGARH,RAIPUR,2002,86,63,3,318,80,5,36,467,1398,0,59,102,22,907,20,184,0,106,5595
CHHATTISGARH,RAJNANDGAON,2002,51,17,0,124,16,6,12,216,326,0,57,23,6,127,6,86,0,41,2494
CHHATTISGARH,SARGUJA,2002,101,35,4,284,38,7,30,379,590,0,96,22,19,252,1,180,0,42,2739
CHHATTISGARH,TOTAL,2002,844,453,24,1984,356,150,326,3731,8604,0,817,393,235,4484,85,1483,0,653,37950
GOA,NORTH GOA,2002,18,11,3,18,8,0,17,217,570,0,43,49,17,129,1,9,0,6,1380
GOA,SOUTH GOA,2002,12,9,1,6,10,5,7,159,422,0,36,29,8,107,1,9,0,2,1060
GOA,TOTAL,2002,30,20,4,24,18,5,24,376,992,0,79,78,25,236,2,18,0,8,2440
GUJARAT,AHMEDABAD COMMR.,2002,222,143,0,24,306,223,206,643,8014,0,626,245,13,1398,6,36,0,433,14479
GUJARAT,AHMEDABAD RURAL,2002,63,24,0,14,26,8,16,98,470,0,66,15,72,432,7,17,0,66,2772
GUJARAT,AHWA-DANG,2002,6,1,0,8,2,1,1,4,24,0,6,0,4,34,0,0,0,7,170
GUJARAT,AMRELI,2002,21,17,1,8,54,0,20,66,316,0,37,6,14,240,0,18,0,95,1851
GUJARAT,ANAND,2002,48,31,1,16,76,10,14,151,718,0,184,49,57,568,0,22,0,183,3859
GUJARAT,BHARUCH,2002,47,25,0,14,48,33,23,144,596,0,110,30,65,419,0,26,0,52,3086
GUJARAT,BHAVNAGAR,2002,59,43,1,18,102,9,46,277,1000,0,402,70,76,137,4,57,0,125,5146
GUJARAT,DAHOD,2002,64,14,2,28,18,76,64,61,240,0,67,6,52,397,0,19,0,18,1743
GUJARAT,GANDHINAGAR,2002,31,7,0,14,42,5,37,114,1044,0,108,28,22,393,1,15,0,126,3299
GUJARAT,HIMATNAGAR,2002,71,23,0,22,80,81,28,259,476,0,85,46,309,399,1,55,0,138,4386
GUJARAT,JAMNAGAR,2002,39,24,0,50,72,1,24,217,1000,0,41,22,13,435,5,19,0,176,3571
GUJARAT,JUNAGADH,2002,55,22,0,20,100,9,43,228,1062,0,112,109,58,536,2,38,0,368,4980
GUJARAT,KHEDA NORTH,2002,56,18,1,18,58,23,20,131,704,0,172,54,66,478,0,41,0,104,3868
GUJARAT,KUTCH,2002,35,22,4,6,80,10,26,217,526,0,71,54,20,441,2,29,0,174,3611
GUJARAT,MEHSANA,2002,49,43,0,26,82,50,52,246,1222,0,194,61,88,1143,0,40,0,170,5120
GUJARAT,NARMADA,2002,16,4,0,14,10,12,1,27,72,0,34,18,25,145,0,6,0,9,696
GUJARAT,NAVSARI,2002,26,4,0,10,22,3,14,108,268,0,19,10,14,133,0,2,0,23,1354
GUJARAT,PALANPUR,2002,38,31,0,32,94,6,53,220,586,0,89,26,71,1377,0,58,0,122,3745
GUJARAT,PANCHMAHAL,2002,83,18,0,8,44,76,14,190,580,0,118,21,62,484,0,11,0,22,2416
GUJARAT,PATAN,2002,24,13,0,6,58,9,23,88,430,0,95,44,22,410,0,25,0,88,2389
GUJARAT,PORBANDAR,2002,7,7,2,8,18,0,5,39,150,0,9,21,6,122,3,16,0,53,1213
GUJARAT,RAJKOT COMMR.,2002,35,33,0,12,80,17,25,294,2382,0,121,47,195,533,5,28,0,173,4644
GUJARAT,RAJKOT RURAL,2002,41,30,1,30,100,8,33,206,730,0,116,17,33,578,2,44,0,180,4382
GUJARAT,SURAT COMMR.,2002,81,28,0,36,126,42,64,360,3006,0,116,254,24,365,20,18,0,112,4172
GUJARAT,SURAT RURAL,2002,78,7,0,20,38,9,18,88,416,0,24,27,12,323,0,18,0,43,2060
GUJARAT,SURENDRANAGAR,2002,40,30,0,26,74,13,24,128,448,0,95,13,25,487,4,40,0,83,3137
GUJARAT,VADODARA COMMR.,2002,56,47,0,10,70,17,85,365,2080,0,340,112,334,353,0,9,0,80,7116
GUJARAT,VADODARA RURAL,2002,81,29,0,24,90,46,18,79,444,0,142,21,150,436,0,27,0,61,3377
GUJARAT,VALSAD,2002,39,14,0,6,42,15,18,259,796,0,53,27,13,279,0,12,0,32,2746
GUJARAT,W.RLY,2002,21,7,0,6,18,4,83,20,1684,0,13,4,0,56,0,4,0,5,1287
GUJARAT,TOTAL,2002,1532,759,13,534,2030,816,1098,5327,31484,0,3665,1457,1915,13531,62,750,0,3321,106675
HARYANA,AMBALA,2002,25,18,7,30,42,4,11,251,662,0,4,64,10,258,7,17,0,122,2172
HARYANA,BHIWANI,2002,35,24,5,34,32,10,14,140,412,0,110,62,20,244,35,29,0,54,1938
HARYANA,FARIDABAD,2002,57,38,7,74,122,22,26,240,1354,0,130,71,12,292,19,56,0,92,6999
HARYANA,FATEHABAD,2002,16,21,5,14,44,7,18,105,312,0,15,44,7,222,9,22,0,54,1226
HARYANA,GRP,2002,25,1,2,2,0,3,3,2,406,0,6,6,0,12,14,1,0,0,770
HARYANA,GURGAON,2002,66,50,15,54,100,18,46,301,1544,0,71,42,23,280,11,35,0,128,3623
HARYANA,HISSAR,2002,52,49,2,30,48,31,28,211,804,0,23,122,8,339,28,31,0,96,2545
HARYANA,JHAJJAR,2002,41,25,3,36,28,6,18,94,396,0,55,34,0,172,14,39,0,115,1518
HARYANA,JIND,2002,33,13,12,38,30,10,9,100,268,0,75,33,7,180,11,10,0,57,1325
HARYANA,KAITHAL,2002,26,21,9,14,14,7,3,86,302,0,0,17,23,235,6,11,0,98,1121
HARYANA,KARNAL,2002,39,28,5,74,32,10,14,216,766,0,42,49,6,635,11,25,0,115,2173
HARYANA,KURUKSHETRA,2002,31,13,4,30,36,5,11,181,642,0,0,123,3,193,7,20,0,88,1856
HARYANA,MAHENDRAGARH,2002,21,9,2,32,38,5,5,71,224,0,46,9,19,154,3,22,0,19,1303
HARYANA,PANCHKULA,2002,7,2,1,26,38,7,5,136,402,0,1,42,3,11,5,29,0,60,1187
HARYANA,PANIPAT,2002,46,25,4,85,60,15,27,173,898,0,37,27,5,180,9,22,0,193,2096
HARYANA,REWARI,2002,21,9,1,20,22,8,9,89,304,0,27,9,15,153,14,15,0,23,1293
HARYANA,ROHTAK,2002,63,39,0,34,32,9,27,225,718,0,36,46,13,155,17,14,0,30,1883
HARYANA,SIRSA,2002,43,37,4,40,44,6,16,175,458,0,18,56,5,326,7,30,0,103,1778
HARYANA,SONIPAT,2002,82,49,1,28,48,30,35,167,638,0,4,56,11,290,20,15,0,63,2046
HARYANA,YAMUNANAGAR,2002,31,16,0,26,44,10,5,85,414,0,0,21,9,183,9,11,0,55,1300
HARYANA,TOTAL,2002,760,487,89,721,854,223,330,3048,11924,0,700,933,199,4514,256,454,0,1565,40152
HIMACHAL PRADESH,BILASPUR,2002,11,15,1,18,16,0,1,59,112,0,119,7,32,74,0,36,0,22,1217
HIMACHAL PRADESH,CHAMBA,2002,15,2,0,32,28,0,1,127,50,0,13,6,8,64,2,21,0,12,677
HIMACHAL PRADESH,G.R.P.,2002,0,0,0,0,2,0,0,1,2,0,2,0,0,1,0,0,0,0,8
HIMACHAL PRADESH,HAMIRPUR,2002,8,6,1,6,28,0,1,18,56,0,36,11,6,194,0,17,0,24,851
HIMACHAL PRADESH,KANGRA,2002,28,22,1,28,40,0,2,90,172,0,95,30,24,287,2,50,0,32,1961
HIMACHAL PRADESH,KINNAUR,2002,2,0,0,8,6,0,0,19,22,0,10,1,1,16,0,6,0,7,154
HIMACHAL PRADESH,KULLU,2002,8,2,1,28,22,0,0,30,58,0,23,10,4,42,0,20,0,11,743
HIMACHAL PRADESH,LAHAUL-SPITI,2002,2,0,0,0,0,0,1,5,10,0,0,0,0,2,0,2,0,0,68
HIMACHAL PRADESH,MANDI,2002,5,9,2,48,18,0,3,85,140,0,56,13,38,217,2,51,0,47,1775
HIMACHAL PRADESH,SHIMLA,2002,15,10,0,54,44,0,2,120,238,0,115,26,10,78,0,49,0,22,2008
HIMACHAL PRADESH,SIRMAUR,2002,9,9,0,22,20,1,1,44,48,0,74,11,10,61,0,34,0,15,712
HIMACHAL PRADESH,SOLAN,2002,7,6,0,18,36,0,2,63,124,0,60,7,2,317,0,28,0,31,1266
HIMACHAL PRADESH,UNA,2002,13,5,0,12,16,0,4,49,96,0,43,15,10,123,0,12,0,11,803
HIMACHAL PRADESH,TOTAL,2002,123,86,6,274,276,1,18,710,1128,0,646,137,145,1476,6,326,0,234,12243
JAMMU & KASHMIR,ANANTNAG,2002,86,96,2,32,134,4,26,142,182,0,49,19,45,53,0,67,0,0,1358
JAMMU & KASHMIR,AWANTIPORA,2002,26,0,0,2,32,2,17,7,36,0,10,8,1,6,0,12,0,0,309
JAMMU & KASHMIR,BARAMULLA,2002,121,111,2,28,174,4,15,129,310,0,125,16,22,11,0,94,0,0,1476
JAMMU & KASHMIR,BORDER,2002,7,26,1,10,28,0,3,12,32,0,30,6,4,16,0,8,0,0,740
JAMMU & KASHMIR,BUDGAM,2002,46,23,2,24,80,2,3,47,218,0,87,13,18,2,0,80,0,0,831
JAMMU & KASHMIR,CRIME JAMMU,2002,1,0,0,0,0,0,0,0,0,0,0,44,0,0,0,0,0,0,48
JAMMU & KASHMIR,CRIME SRINAGAR,2002,1,0,0,0,0,0,0,0,0,0,0,61,0,0,0,0,0,0,63
JAMMU & KASHMIR,DODA,2002,105,118,0,30,38,1,2,30,42,0,17,3,29,12,0,6,0,0,726
JAMMU & KASHMIR,GANDERBAL,2002,22,5,1,14,78,0,2,39,106,0,71,6,8,5,0,61,0,0,519
JAMMU & KASHMIR,HANDWARA,2002,47,72,5,0,46,1,0,20,46,0,27,3,9,5,0,25,0,1,472
JAMMU & KASHMIR,JAMMU,2002,23,79,8,14,120,7,4,223,814,0,74,48,9,40,10,20,0,17,3236
JAMMU & KASHMIR,KARGIL,2002,0,1,0,2,4,0,0,2,10,0,4,1,1,0,0,0,0,0,71
JAMMU & KASHMIR,KATHUA,2002,15,25,1,22,26,0,1,47,94,0,44,12,7,30,3,11,0,4,968
JAMMU & KASHMIR,KULGAM,2002,41,4,1,14,90,0,17,33,86,0,57,8,17,10,0,10,0,0,585
JAMMU & KASHMIR,KUPWARA,2002,56,124,0,10,56,0,0,25,48,0,55,10,36,5,0,38,0,0,597
JAMMU & KASHMIR,LEH,2002,6,1,0,6,2,0,0,13,10,0,3,1,0,0,0,1,0,0,128
JAMMU & KASHMIR,POONCH,2002,84,140,0,18,28,0,0,11,92,0,7,13,27,40,0,4,0,0,625
JAMMU & KASHMIR,PULWAMA,2002,55,109,2,24,88,9,32,80,230,0,120,14,20,19,0,51,0,0,953
JAMMU & KASHMIR,RAILWAYS,2002,2,0,0,0,0,0,0,0,14,0,0,0,0,0,0,0,0,0,19
JAMMU & KASHMIR,RAJOURI,2002,97,104,0,26,26,2,2,22,76,0,4,12,25,24,1,11,0,9,1100
JAMMU & KASHMIR,RAMBAN,2002,62,69,0,14,12,0,0,25,54,0,6,2,24,9,0,3,0,0,566
JAMMU & KASHMIR,REASI,2002,45,62,2,16,32,3,3,7,56,0,4,0,32,7,0,3,0,2,377
JAMMU & KASHMIR,SRINAGAR,2002,86,50,4,48,234,6,33,335,1278,0,154,76,48,48,0,270,0,12,3104
JAMMU & KASHMIR,UDHAMPUR,2002,14,21,0,30,20,1,3,72,206,0,48,6,4,24,4,10,0,9,1096
JAMMU & KASHMIR,TOTAL,2002,1048,1240,31,384,1348,42,163,1321,4040,0,996,382,386,366,18,785,0,54,19967
JHARKHAND,BOKARO,2002,58,108,2,96,80,45,64,132,890,0,180,24,10,432,29,32,0,16,2194
JHARKHAND,CHAIBASA,2002,134,42,38,74,38,7,14,34,196,0,34,2,9,17,0,17,0,8,730
JHARKHAND,CHATRA,2002,31,4,0,36,8,31,19,19,166,0,123,3,3,2,15,0,0,4,840
JHARKHAND,DEOGHAR,2002,36,34,4,74,10,15,25,53,196,0,145,0,7,18,16,7,0,17,1283
JHARKHAND,DHANBAD,2002,88,42,13,76,144,83,64,149,986,0,237,61,9,135,36,53,0,19,3201
JHARKHAND,DHANBAD RLY.,2002,5,0,0,4,4,21,32,8,480,0,11,4,0,1,0,2,0,0,408
JHARKHAND,DUMKA,2002,67,149,4,100,30,8,13,54,176,0,99,10,7,57,8,31,0,37,1008
JHARKHAND,GARHWA,2002,39,17,3,64,18,19,20,29,136,0,107,10,9,225,14,2,0,19,869
JHARKHAND,GIRIDIH,2002,72,27,4,78,46,51,42,91,256,0,108,27,22,73,52,48,0,36,1955
JHARKHAND,GODDA,2002,31,36,0,172,42,9,10,46,256,0,125,17,0,314,4,0,0,56,2203
JHARKHAND,GUMLA,2002,108,32,8,62,18,25,41,37,116,0,32,6,0,2,1,4,0,14,689
JHARKHAND,HAZARIBAGH,2002,86,59,11,142,66,69,66,103,1074,0,198,73,14,102,31,27,0,90,2621
JHARKHAND,JAMSHEDPUR,2002,81,180,9,152,100,9,29,156,1078,0,114,64,19,93,12,40,0,72,2755
JHARKHAND,JAMSHEDPUR RLY.,2002,2,0,0,2,2,5,6,6,228,0,3,1,0,0,0,5,0,0,201
JHARKHAND,JAMTARA,2002,18,33,2,50,26,4,6,30,138,0,39,5,2,116,3,14,0,18,534
JHARKHAND,KODERMA,2002,30,25,0,12,26,39,24,13,100,0,103,15,4,187,7,8,0,37,785
JHARKHAND,LATEHAR,2002,43,14,2,24,16,31,13,12,66,0,20,4,5,39,3,4,0,3,456
JHARKHAND,LOHARDAGGA,2002,44,9,1,28,4,3,22,16,58,0,23,4,3,8,0,4,0,12,432
JHARKHAND,PAKUR,2002,37,7,4,74,12,6,13,16,64,0,44,11,3,6,2,3,0,5,584
JHARKHAND,PALAMU,2002,69,48,3,28,32,31,40,111,198,0,167,4,27,327,24,11,0,18,1549
JHARKHAND,RANCHI,2002,270,161,0,110,134,94,181,222,1458,0,263,51,7,2,9,73,0,62,4306
JHARKHAND,SAHEBGANJ,2002,45,58,2,52,44,5,17,21,196,0,65,19,4,28,5,22,0,19,730
JHARKHAND,SARAIKELA,2002,51,36,2,52,32,15,7,45,230,0,31,16,0,109,3,4,0,25,824
JHARKHAND,SIMDEGA,2002,43,22,3,32,4,10,12,16,6,0,10,10,3,1,1,0,0,1,282
JHARKHAND,TOTAL,2002,1488,1143,115,1594,936,635,780,1419,8748,0,2281,441,167,2294,275,411,0,588,31439
KARNATAKA,BAGALKOT,2002,51,38,2,8,34,2,1,74,294,0,209,28,6,363,2,53,0,63,1915
KARNATAKA,BANGALORE COMMR.,2002,201,311,4,64,318,74,365,2084,14162,0,284,1788,1,4029,33,237,0,242,29120
KARNATAKA,BANGALORE RURAL,2002,153,114,7,44,76,24,54,498,1534,0,480,63,41,1274,35,114,0,129,7310
KARNATAKA,BELGAUM,2002,113,60,1,12,52,12,48,203,544,0,370,137,19,806,7,55,0,102,4726
KARNATAKA,BELLARY,2002,62,58,0,22,26,5,18,189,530,0,271,29,15,643,8,68,0,52,3088
KARNATAKA,BIDAR,2002,49,62,0,16,46,11,29,222,416,0,166,31,29,1020,10,85,0,64,4417
KARNATAKA,BIJAPUR,2002,62,53,2,6,60,12,22,138,234,0,326,23,27,645,5,71,0,90,2762
KARNATAKA,CHAMARAJNAGAR,2002,29,24,0,8,12,4,6,46,198,0,222,2,22,375,1,26,0,13,1327
KARNATAKA,CHICKMAGALUR,2002,36,64,2,36,24,1,11,159,474,0,166,12,7,852,3,62,0,64,2796
KARNATAKA,CHITRADURGA,2002,37,18,1,24,14,3,15,113,330,0,319,18,6,733,7,46,0,32,2986
KARNATAKA,DAKSHIN KANNADA,2002,26,27,0,18,12,3,9,173,416,0,141,49,17,502,0,22,0,28,3429
KARNATAKA,DAVANAGERE,2002,57,26,7,28,36,8,43,176,558,0,276,39,2,589,8,74,0,73,3106
KARNATAKA,DHARWAD COMMR.,2002,17,36,0,2,32,7,38,105,538,0,122,61,9,221,5,14,0,24,2021
KARNATAKA,DHARWAD RURAL,2002,35,13,0,0,14,2,4,42,68,0,89,9,2,133,4,26,0,17,905
KARNATAKA,GADAG,2002,15,22,0,6,8,4,4,49,144,0,133,20,2,173,3,12,0,12,928
KARNATAKA,GULBARGA,2002,79,76,7,48,86,7,46,173,516,0,368,47,19,1163,4,119,0,73,4003
KARNATAKA,HASSAN,2002,74,65,1,22,52,4,22,195,574,0,242,13,91,1362,7,64,0,62,4100
KARNATAKA,HAVERI,2002,18,19,2,4,20,5,8,69,214,0,276,23,0,300,4,27,0,18,1955
KARNATAKA,K.G.F.,2002,14,16,0,12,6,0,7,94,510,0,79,16,0,250,3,6,0,21,1054
KARNATAKA,KODAGU,2002,35,29,2,8,12,0,4,145,152,0,74,15,3,445,2,27,0,18,1365
KARNATAKA,KOLAR,2002,73,71,1,36,72,6,29,141,724,0,367,25,0,649,16,34,0,46,3553
KARNATAKA,KOPPAL,2002,19,37,0,12,52,7,10,90,164,0,126,25,7,243,3,29,0,49,1393
KARNATAKA,MANDYA,2002,61,56,0,60,36,4,30,249,548,0,266,14,0,1339,14,45,0,102,4745
KARNATAKA,MYSORE COMMR.,2002,22,38,1,14,20,1,31,97,558,0,48,38,0,350,10,17,0,58,1762
KARNATAKA,MYSORE RURAL,2002,62,45,1,10,32,3,5,149,434,0,231,12,0,936,5,63,0,73,2798
KARNATAKA,RAICHUR,2002,59,67,7,12,50,9,9,142,276,0,256,112,19,580,10,72,0,56,2522
KARNATAKA,RAILWAYS,2002,14,1,0,0,0,4,15,5,760,0,118,2,1,26,1,2,0,1,724
KARNATAKA,SHIMOGA,2002,53,47,2,22,28,7,42,209,698,0,247,42,21,1133,4,59,0,159,4165
KARNATAKA,TUMKUR,2002,58,49,4,18,38,13,29,242,742,0,255,38,66,990,16,60,0,30,4180
KARNATAKA,UDUPI,2002,15,22,0,2,18,2,11,127,160,0,188,15,1,315,2,21,0,22,2209
KARNATAKA,UTTAR KANNADA,2002,28,12,1,10,4,0,7,82,166,0,123,18,4,385,1,38,0,33,2335
KARNATAKA,TOTAL,2002,1627,1576,55,584,1290,244,972,6480,27636,0,6838,2764,437,22824,233,1648,0,1826,113699
KERALA,ALAPUZHA,2002,18,30,1,26,28,5,19,234,488,0,548,129,38,1335,2,149,0,165,7578
KERALA,CBCID,2002,15,8,2,0,2,3,3,10,8,0,22,26,2,3,0,0,0,2,240
KERALA,ERNAKULAM,2002,36,80,18,54,24,27,119,649,2318,0,686,321,24,1753,1,170,0,179,15673
KERALA,IDUKKI,2002,32,18,2,52,0,6,9,185,430,0,323,60,19,1457,0,120,0,108,4646
KERALA,KANNUR,2002,28,63,7,42,28,4,17,242,394,0,567,123,3,1007,0,89,0,203,5024
KERALA,KASARGOD,2002,20,22,6,50,26,0,11,145,292,0,407,69,0,637,0,0,0,87,2770
KERALA,KOLLAM,2002,41,49,59,120,40,12,42,403,638,0,778,158,66,2411,2,307,0,312,9877
KERALA,KOTTAYAM,2002,20,22,7,56,30,6,65,337,758,0,439,275,19,1719,0,156,0,132,7316
KERALA,KOZHIKODE,2002,21,39,18,106,10,3,27,479,1138,0,973,383,67,1149,0,135,0,343,8746
KERALA,MALAPPURAM,2002,26,28,14,140,22,4,12,216,638,0,597,273,27,839,3,90,0,431,6532
KERALA,PALAKKAD,2002,51,42,10,96,20,19,39,352,622,0,609,138,64,1450,0,122,0,196,6135
KERALA,PATHANAMTHITTA,2002,28,24,15,24,0,1,19,195,372,0,295,61,22,960,0,139,0,116,4468
KERALA,RAILWAYS,2002,0,0,0,0,0,0,0,3,604,0,16,1,0,9,0,1,0,0,387
KERALA,THRISSUR,2002,52,59,42,60,22,15,78,361,810,0,642,406,22,1304,4,195,0,189,10049
KERALA,TRIVANDRUM,2002,58,69,9,112,72,29,138,717,1706,0,964,397,67,2550,2,404,0,314,12690
KERALA,WAYANADU,2002,8,9,0,60,0,7,12,96,270,0,224,104,12,450,3,46,0,59,2069
KERALA,TOTAL,2002,454,562,210,998,324,141,610,4624,11486,0,8090,2924,452,19033,17,2123,0,2836,104200
MADHYA PRADESH,BALAGHAT,2002,69,41,3,174,18,7,23,244,472,0,30,8,22,390,5,186,0,78,3005
MADHYA PRADESH,BARWANI,2002,37,34,0,60,8,7,6,48,216,0,36,16,12,307,3,71,0,15,1787
MADHYA PRADESH,BETUL,2002,65,50,0,230,44,1,17,158,338,0,11,21,15,544,13,152,0,50,2902
MADHYA PRADESH,BHIND,2002,72,106,2,66,58,9,36,218,616,0,107,36,30,650,36,91,0,65,3665
MADHYA PRADESH,BHOPAL,2002,62,92,0,196,82,7,103,908,3000,0,79,110,10,489,16,244,0,131,14217
MADHYA PRADESH,BHOPAL RLY.,2002,7,5,0,2,0,1,33,12,1848,0,8,6,1,2,0,18,0,0,1315
MADHYA PRADESH,CHHATARPUR,2002,70,66,1,152,50,4,34,261,342,0,76,31,19,502,20,188,0,58,3680
MADHYA PRADESH,CHHINDWARA,2002,81,46,4,164,20,3,30,183,388,0,65,24,27,1096,11,189,0,117,3834
MADHYA PRADESH,DAMOH,2002,49,57,0,114,28,3,20,137,350,0,19,9,15,1064,31,136,0,52,2785
MADHYA PRADESH,DATIYA,2002,54,63,0,44,24,7,21,93,256,0,19,11,15,401,14,53,0,16,1875
MADHYA PRADESH,DEWAS,2002,53,76,0,194,66,20,82,374,1804,0,145,53,43,399,14,191,0,135,6531
MADHYA PRADESH,DHAR,2002,90,101,0,148,60,16,42,315,1306,0,69,17,32,577,53,220,0,91,5397
MADHYA PRADESH,DINDORI,2002,26,7,0,52,4,0,0,53,44,0,21,5,8,102,1,57,0,15,865
MADHYA PRADESH,GUNA,2002,64,74,9,296,14,19,52,388,744,0,167,19,38,1654,12,339,0,99,6268
MADHYA PRADESH,GWALIOR,2002,102,126,3,138,158,17,133,999,1744,0,154,89,30,1007,18,150,0,133,7690
MADHYA PRADESH,HARDA,2002,18,13,0,56,6,0,6,50,136,0,21,5,3,341,7,42,0,16,876
MADHYA PRADESH,HOSHANGABAD,2002,48,86,97,124,42,3,40,311,678,0,29,39,12,423,9,122,0,45,3156
MADHYA PRADESH,INDORE,2002,109,135,1,186,94,11,142,974,5792,0,134,122,29,1114,23,217,0,249,14934
MADHYA PRADESH,INDORE RLY.,2002,3,4,0,2,2,0,6,1,328,0,3,0,0,7,0,7,0,0,278
MADHYA PRADESH,JABALPUR,2002,73,146,4,160,64,2,115,567,1974,0,65,78,29,2954,49,250,0,125,9290
MADHYA PRADESH,JABALPUR RLY.,2002,2,2,0,0,0,1,11,1,416,0,2,0,0,8,0,3,0,0,345
MADHYA PRADESH,JHABUA,2002,133,129,0,58,136,8,15,143,460,0,32,6,78,676,3,119,0,8,3104
MADHYA PRADESH,KATNI,2002,40,37,2,74,6,4,31,185,420,0,25,17,16,868,5,133,0,65,2403
MADHYA PRADESH,KHANDWA,2002,33,41,0,142,34,6,12,337,740,0,60,31,16,89,11,214,0,59,3983
MADHYA PRADESH,KHARGON,2002,37,39,43,100,54,13,16,201,944,0,83,20,9,133,7,162,0,65,3696
MADHYA PRADESH,MANDLA,2002,21,26,0,86,10,0,6,114,196,0,23,10,8,366,0,107,0,44,1823
MADHYA PRADESH,MANDSAUR,2002,34,38,0,90,34,3,14,185,812,0,68,28,18,338,7,129,0,49,2812
MADHYA PRADESH,MORENA,2002,62,116,3,92,54,12,79,366,1066,0,154,19,20,1274,28,73,0,41,5149
MADHYA PRADESH,NARSINGHPUR,2002,48,53,2,176,14,3,10,134,326,0,46,5,28,838,23,174,0,46,2443
MADHYA PRADESH,NEEMUCH,2002,19,23,2,52,26,1,28,158,620,0,45,18,4,308,3,75,0,90,2223
MADHYA PRADESH,PANNA,2002,35,30,1,70,24,2,18,110,210,0,12,9,10,66,17,74,0,31,1717
MADHYA PRADESH,RAISEN,2002,34,70,0,196,20,2,23,148,338,0,45,11,22,521,16,296,0,58,3080
MADHYA PRADESH,RAJGARH,2002,36,57,0,160,22,3,27,149,580,0,186,14,56,323,4,179,0,68,4301
MADHYA PRADESH,RATLAM,2002,36,47,1,134,20,6,39,222,806,0,46,18,27,421,7,138,0,79,3332
MADHYA PRADESH,REWA,2002,68,40,1,64,72,10,91,760,872,0,87,18,27,537,26,95,0,54,4569
MADHYA PRADESH,SAGAR,2002,81,120,0,272,60,0,39,414,1002,0,183,46,43,2343,26,425,0,164,7303
MADHYA PRADESH,SATNA,2002,62,72,0,132,58,8,47,437,712,0,54,22,20,925,37,173,0,47,4503
MADHYA PRADESH,SEONI,2002,40,15,2,88,8,0,7,98,288,0,32,29,9,350,3,116,0,24,2038
MADHYA PRADESH,SHAHDOL,2002,51,34,1,144,26,12,47,390,784,0,38,25,20,402,11,259,0,133,4734
MADHYA PRADESH,SHAJAPUR,2002,42,57,4,168,36,3,84,319,1294,0,126,25,39,666,9,144,0,84,3765
MADHYA PRADESH,SHEOPUR,2002,20,36,0,56,40,4,13,100,186,0,41,4,3,333,5,68,0,21,1339
MADHYA PRADESH,SHIVPURI,2002,71,77,0,146,36,15,23,172,454,0,115,19,29,802,6,180,0,41,4429
MADHYA PRADESH,SIDHI,2002,48,25,3,92,34,5,21,296,690,0,28,15,12,432,36,131,0,42,3606
MADHYA PRADESH,SIHORE,2002,21,61,2,126,102,6,13,364,724,0,37,39,20,448,5,115,0,49,3897
MADHYA PRADESH,TIKAMGARH,2002,45,58,3,102,26,2,34,151,408,0,82,19,38,889,20,161,0,40,3240
MADHYA PRADESH,UJJAIN,2002,54,172,0,136,94,6,100,783,3056,0,164,51,50,715,9,156,0,140,8425
MADHYA PRADESH,UMARIYA,2002,28,7,0,40,2,2,25,87,166,0,20,5,6,132,7,65,0,31,1272
MADHYA PRADESH,VIDISHA,2002,42,54,0,228,38,4,15,226,572,0,86,18,35,729,8,231,0,54,3918
MADHYA PRADESH,TOTAL,2002,2395,2864,194,5782,1928,278,1829,13344,41518,0,3178,1240,1053,29955,674,7118,0,3117,191799
MAHARASHTRA,AHMEDNAGAR,2002,82,45,6,90,54,30,97,352,1682,0,296,69,38,663,8,75,0,280,4506
MAHARASHTRA,AKOLA,2002,59,34,0,56,42,8,41,314,1458,0,120,37,40,801,4,70,0,156,3886
MAHARASHTRA,AMRAVATI COMMR.,2002,27,25,1,36,24,2,42,275,1582,0,50,52,16,475,4,35,0,68,2665
MAHARASHTRA,AMRAVATI RURAL,2002,58,36,3,132,44,16,47,392,2104,0,85,26,59,773,5,130,0,95,3922
MAHARASHTRA,AURANGABAD COMMR.,2002,32,18,0,16,40,10,58,248,1070,0,124,96,12,408,7,30,0,110,2440
MAHARASHTRA,AURANGABAD RURAL,2002,50,29,0,24,22,15,32,131,582,0,158,26,53,792,24,36,0,208,2703
MAHARASHTRA,BEED,2002,69,51,0,50,46,21,64,198,862,0,313,43,38,884,2,51,0,158,3288
MAHARASHTRA,BHANDARA,2002,36,13,2,64,32,2,14,228,680,0,66,25,43,403,3,57,0,70,2258
MAHARASHTRA,BULDHANA,2002,50,35,2,60,36,22,42,259,1456,0,169,43,87,749,17,107,0,162,3665
MAHARASHTRA,CHANDRAPUR,2002,52,19,6,58,48,8,28,249,942,0,128,50,42,538,3,89,0,116,2970
MAHARASHTRA,DHULE,2002,46,25,1,32,16,6,14,96,710,0,82,40,23,392,7,20,0,124,2149
MAHARASHTRA,GADCHIROLI,2002,51,33,4,44,18,12,11,113,226,0,33,17,42,285,0,59,0,65,1403
MAHARASHTRA,GONDIA,2002,44,16,0,50,42,5,14,217,636,0,23,24,8,370,4,74,0,70,1959
MAHARASHTRA,HINGOLI,2002,32,15,1,34,14,7,34,103,326,0,74,21,18,485,6,36,0,98,1629
MAHARASHTRA,JALGAON,2002,81,39,2,44,42,24,29,316,1252,0,184,55,13,790,10,78,0,219,4302
MAHARASHTRA,JALNA,2002,48,28,1,28,22,10,38,187,544,0,128,47,28,587,5,25,0,199,2326
MAHARASHTRA,KOLHAPUR,2002,65,42,3,34,30,17,17,220,944,0,138,70,18,549,20,46,0,70,2990
MAHARASHTRA,LATUR,2002,39,27,2,8,38,9,45,102,528,0,166,41,30,869,5,53,0,125,2832
MAHARASHTRA,MUMBAI,2002,252,134,7,256,238,90,291,2597,20332,0,143,1155,5,3542,18,254,0,214,26276
MAHARASHTRA,MUMBAI RLY.,2002,3,3,0,4,14,5,22,4,3388,0,8,35,0,34,0,4,0,0,1942
MAHARASHTRA,NAGPUR COMMR.,2002,98,54,0,98,100,74,146,1307,5022,0,254,235,23,916,4,63,0,210,8722
MAHARASHTRA,NAGPUR RLY.,2002,7,2,1,0,0,8,16,2,1594,0,8,2,1,25,0,2,0,0,1052
MAHARASHTRA,NAGPUR RURAL,2002,95,35,1,132,50,11,61,401,1996,0,132,38,90,915,7,114,0,98,5053
MAHARASHTRA,NANDED,2002,83,85,0,58,80,30,100,373,1084,0,191,110,72,1559,24,83,0,241,5799
MAHARASHTRA,NANDURBAR,2002,26,9,0,56,10,5,14,103,292,0,82,27,9,237,2,41,0,75,1178
MAHARASHTRA,NASIK COMMR.,2002,25,9,2,24,34,10,32,369,1224,0,131,98,4,272,3,20,0,136,2521
MAHARASHTRA,NASIK RURAL,2002,90,44,1,76,28,25,37,301,962,0,365,53,45,1024,8,101,0,375,4783
MAHARASHTRA,NAVI MUMBAI,2002,48,21,1,48,36,29,50,333,1780,0,66,197,3,322,6,28,0,34,3071
MAHARASHTRA,OSMANABAD,2002,46,17,3,56,30,11,26,143,554,0,173,30,32,828,0,53,0,115,2656
MAHARASHTRA,PARBHANI,2002,55,31,0,38,22,9,68,141,458,0,143,38,24,955,5,55,0,137,2366
MAHARASHTRA,PUNE COMMR.,2002,95,42,0,102,72,14,80,836,4894,0,702,346,13,1058,5,59,0,131,8504
MAHARASHTRA,PUNE RLY.,2002,1,3,0,3,2,0,7,0,642,0,1,5,0,2,0,0,0,0,409
MAHARASHTRA,PUNE RURAL,2002,141,37,7,84,32,25,61,296,1412,0,185,41,23,592,4,60,0,175,4518
MAHARASHTRA,RAIGAD,2002,43,21,0,58,24,27,38,169,556,0,144,54,17,277,13,40,0,54,2149
MAHARASHTRA,RATNAGIRI,2002,26,6,0,26,10,2,12,144,350,0,49,22,19,211,0,41,0,23,1222
MAHARASHTRA,SANGLI,2002,97,29,0,66,44,16,22,225,892,0,107,90,29,411,4,38,0,63,2688
MAHARASHTRA,SATARA,2002,83,17,4,62,28,14,26,218,884,0,97,72,20,490,13,51,0,156,3341
MAHARASHTRA,SINDHUDURG,2002,18,7,0,22,8,6,8,97,192,0,43,9,16,152,1,14,0,11,781
MAHARASHTRA,SOLAPUR COMMR.,2002,27,39,2,60,26,34,18,203,626,0,109,42,10,180,4,10,0,62,1597
MAHARASHTRA,SOLAPUR RURAL,2002,79,40,2,66,56,12,23,122,618,0,184,30,43,558,1,34,0,74,2835
MAHARASHTRA,THANE COMMR.,2002,128,68,0,84,150,71,124,924,3230,0,229,446,32,1010,3,91,0,175,6419
MAHARASHTRA,THANE RURAL,2002,122,41,21,102,70,52,81,485,1176,0,174,79,37,727,16,100,0,81,4010
MAHARASHTRA,WARDHA,2002,49,31,5,74,42,4,42,257,1202,0,122,43,31,744,2,110,0,79,3493
MAHARASHTRA,WASHIM,2002,34,13,0,58,18,6,27,122,708,0,71,15,22,416,9,45,0,99,1875
MAHARASHTRA,YAVATMAL,2002,76,67,2,130,72,5,37,299,1560,0,110,51,41,980,17,104,0,142,4309
MAHARASHTRA,TOTAL,2002,2768,1435,93,2703,1906,819,2136,14471,75212,0,6360,4145,1269,29250,303,2686,0,5353,165462
MANIPUR,BISHNUPUR,2002,24,23,0,4,40,1,0,5,18,0,5,8,2,66,0,9,0,1,293
MANIPUR,CHANDEL,2002,9,4,0,0,18,0,5,2,12,0,0,2,1,19,0,0,0,0,98
MANIPUR,CHURACHANDPUR,2002,30,11,0,0,38,0,0,4,8,0,2,0,2,6,0,1,0,0,108
MANIPUR,IMPHAL(EAST),2002,24,27,3,8,50,2,0,7,78,0,8,11,6,50,0,9,0,0,391
MANIPUR,IMPHAL(WEST),2002,32,51,0,6,88,0,0,20,324,0,26,29,28,128,0,31,0,5,1010
MANIPUR,SENAPATI,2002,13,11,0,0,2,0,0,2,12,0,2,2,0,0,0,0,0,0,130
MANIPUR,TAMENGLONG,2002,3,3,0,0,8,0,0,0,12,0,0,0,2,2,0,0,0,0,28
MANIPUR,THOUBAL,2002,27,29,0,8,68,8,0,3,36,0,21,20,6,102,0,8,0,4,488
MANIPUR,UKHRUL,2002,3,1,0,2,2,0,1,1,10,0,0,0,1,5,0,0,0,0,38
MANIPUR,TOTAL,2002,165,160,3,28,314,11,6,44,510,0,64,72,48,378,0,58,0,10,2584
MEGHALAYA,GARO HILLS EAST,2002,10,13,0,2,10,6,5,10,50,0,2,2,0,8,0,2,0,0,110
MEGHALAYA,GARO HILLS SOUTH,2002,10,3,0,2,4,2,1,5,22,0,0,3,0,4,0,0,0,0,57
MEGHALAYA,GARO HILLS WEST,2002,17,6,0,10,24,2,2,23,90,0,4,4,1,21,0,8,0,0,196
MEGHALAYA,JAINTIA HILLS,2002,39,4,0,4,6,6,10,7,86,0,0,0,2,19,0,5,0,0,227
MEGHALAYA,KHASI HILLS EAST,2002,48,22,3,38,44,25,66,98,442,0,3,21,17,18,0,5,0,0,771
MEGHALAYA,KHASI HILLS WEST,2002,16,8,0,14,8,10,11,8,22,0,0,0,0,6,0,3,0,0,119
MEGHALAYA,RI-BHOI,2002,27,2,0,6,8,15,14,3,72,0,0,3,3,13,0,0,0,0,184
MEGHALAYA,TOTAL,2002,167,58,3,76,104,66,109,154,784,0,9,33,23,89,0,23,0,0,1664
MIZORAM,AIZAWL,2002,5,18,0,72,8,0,2,228,1084,0,0,58,10,33,0,28,0,2,1409
MIZORAM,CHAMPHAI,2002,6,1,0,18,0,0,1,47,90,0,0,5,3,17,0,10,0,0,212
MIZORAM,KOLASIB,2002,4,1,1,10,2,2,3,28,174,0,1,6,5,12,0,6,0,1,240
MIZORAM,LAWNGTLAI,2002,3,0,0,4,0,0,0,14,44,0,0,0,0,7,0,4,0,0,162
MIZORAM,LUNGLEI,2002,2,2,0,22,0,0,0,71,346,0,0,10,5,13,0,11,0,0,336
MIZORAM,MAMIT,2002,1,0,0,8,0,1,0,16,36,0,0,3,1,6,0,0,0,0,62
MIZORAM,SAIHA,2002,2,4,3,14,2,1,1,19,176,0,0,2,2,19,0,14,0,0,326
MIZORAM,SERCHHIP,2002,6,0,1,4,2,1,0,23,48,0,0,1,1,5,0,0,0,0,73
MIZORAM,TOTAL,2002,29,26,5,152,14,5,7,446,1998,0,1,85,27,112,0,73,0,3,2820
NAGALAND,DIMAPUR,2002,32,7,1,6,38,9,91,58,256,0,1,3,2,27,0,1,0,0,467
NAGALAND,KIPHIRE,2002,1,0,0,2,2,0,1,2,6,0,0,0,0,0,0,0,0,0,11
NAGALAND,KOHIMA,2002,25,2,0,18,0,4,0,19,88,0,0,12,0,1,0,0,0,0,226
NAGALAND,MOKOKCHUNG,2002,11,1,1,0,2,1,5,8,14,0,0,0,3,2,0,0,0,0,64
NAGALAND,MON,2002,1,1,0,0,2,2,3,12,34,0,0,3,0,7,0,0,0,0,64
NAGALAND,PEREN,2002,4,9,0,0,0,0,0,2,10,0,0,1,1,1,0,0,0,0,31
NAGALAND,PHEK,2002,5,4,3,2,8,2,6,2,16,0,0,0,0,5,0,0,0,0,52
NAGALAND,TUENSANG,2002,6,5,0,2,2,0,4,6,4,0,3,0,0,0,0,0,0,0,45
NAGALAND,WOKHA,2002,6,3,0,2,0,3,0,11,72,0,1,0,0,10,0,0,0,0,99
NAGALAND,ZUNHEBOTO,2002,9,2,0,2,0,0,0,8,14,0,0,2,0,0,0,0,0,0,55
NAGALAND,TOTAL,2002,100,34,5,34,54,21,110,128,514,0,5,21,6,53,0,1,0,0,1114
ODISHA,ANGUL,2002,40,43,2,50,30,7,27,69,254,0,105,19,16,43,8,53,0,49,1614
ODISHA,BALASORE,2002,23,6,0,94,70,16,33,148,356,0,73,27,27,170,28,81,0,86,2490
ODISHA,BARAGARH,2002,22,36,2,24,8,16,19,61,238,0,91,15,17,76,3,50,0,29,1259
ODISHA,BERHAMPUR,2002,30,56,2,20,14,7,48,70,252,0,42,21,3,236,7,41,0,22,1128
ODISHA,BHADRAK,2002,26,36,5,54,36,4,16,60,112,0,76,15,10,14,12,35,0,12,1411
ODISHA,BOLANGIR,2002,33,52,14,30,32,1,23,58,196,0,60,83,13,316,4,74,0,17,1439
ODISHA,BOUDH,2002,12,15,0,4,6,0,4,17,56,0,18,1,16,47,1,21,0,5,403
ODISHA,CUTTACK,2002,47,140,0,64,76,28,135,287,1438,0,78,77,26,73,3,69,0,131,4280
ODISHA,DEOGARH,2002,12,9,0,14,10,6,2,17,42,0,15,4,6,126,5,44,0,10,433
ODISHA,DHENKANAL,2002,28,35,1,24,42,3,26,56,192,0,100,12,18,108,5,69,0,30,1305
ODISHA,GAJAPATI,2002,6,10,0,16,8,1,3,17,72,0,31,8,3,36,0,18,0,7,425
ODISHA,GANJAM,2002,76,117,5,68,28,11,41,120,314,0,106,35,45,161,21,124,0,54,2179
ODISHA,JAGATSINGHPUR,2002,16,24,4,34,34,7,39,78,286,0,4,17,6,131,8,19,0,29,1261
ODISHA,JAJPUR,2002,22,21,0,36,46,2,23,97,288,0,20,15,12,267,18,18,0,66,1687
ODISHA,JHARSUGUDA,2002,17,17,1,22,8,2,11,32,128,0,14,15,3,47,0,27,0,13,710
ODISHA,KALAHANDI,2002,22,32,0,36,18,12,29,59,128,0,75,36,3,94,2,25,0,19,909
ODISHA,KANDHAMAL,2002,19,13,2,64,64,2,13,58,172,0,17,6,5,374,2,72,0,48,948
ODISHA,KENDRAPARA,2002,19,52,0,18,34,9,7,42,140,0,31,10,8,32,24,13,0,18,929
ODISHA,KEONJHAR,2002,74,38,4,84,46,7,38,106,300,0,96,22,29,118,4,157,0,25,2047
ODISHA,KHURDA,2002,63,92,0,104,106,30,145,489,1814,0,104,157,25,1257,19,36,0,187,5236
ODISHA,KORAPUT,2002,47,34,1,60,18,11,12,123,294,0,76,17,7,35,3,53,0,41,1452
ODISHA,MALKANGIR,2002,36,23,3,30,12,20,3,22,96,0,16,1,2,44,3,17,0,8,459
ODISHA,MAYURBHANJ,2002,83,40,2,136,58,7,34,113,316,0,42,29,17,20,26,125,0,106,2025
ODISHA,NAYAGARH,2002,28,61,0,18,28,5,19,51,144,0,36,9,12,47,8,2,0,11,865
ODISHA,NOWRANGPUR,2002,25,16,3,34,36,10,16,70,164,0,39,15,11,53,0,34,0,11,764
ODISHA,NUAPADA,2002,15,9,0,10,18,2,7,17,90,0,27,2,3,27,2,26,0,17,491
ODISHA,PURI,2002,47,139,2,82,62,13,53,140,390,0,31,26,21,75,23,15,0,16,2561
ODISHA,RAYAGADA,2002,18,33,0,30,24,8,1,44,130,0,64,16,3,27,0,56,0,24,959
ODISHA,ROURKELA,2002,28,24,3,36,20,5,17,79,436,0,9,24,9,47,0,44,0,18,1226
ODISHA,SAMBALPUR,2002,41,57,0,30,10,13,44,147,428,0,43,22,8,32,5,84,0,6,1904
ODISHA,SONEPUR,2002,7,31,0,12,4,2,4,32,66,0,29,11,5,22,0,38,0,20,488
ODISHA,SRP(CUTTACK),2002,0,2,0,2,8,0,5,12,554,0,1,4,1,43,0,4,0,2,439
ODISHA,SRP(ROURKELA),2002,6,2,0,0,2,1,4,13,316,0,0,0,0,13,0,6,0,3,281
ODISHA,SUNDARGARH,2002,87,57,2,42,30,8,44,80,334,0,29,22,15,736,4,55,0,27,1721
ODISHA,TOTAL,2002,1075,1372,58,1382,1046,276,945,2884,10536,0,1598,793,405,4947,248,1605,0,1167,47728
PUNJAB,AMRITSAR,2002,51,24,4,10,64,11,5,94,264,0,0,153,3,170,9,14,0,74,1320
PUNJAB,BARNALA,2002,10,22,0,22,12,0,3,28,92,0,0,70,0,72,3,8,0,25,545
PUNJAB,BATALA,2002,30,34,4,28,28,0,2,18,98,0,0,72,0,147,7,5,0,32,640
PUNJAB,BHATINDA,2002,34,30,2,28,64,9,3,126,198,0,0,135,3,193,5,25,0,36,1197
PUNJAB,FARIDKOT,2002,12,12,1,12,22,3,3,43,84,0,0,72,0,145,5,6,0,23,504
PUNJAB,FATEHGARH SAHIB,2002,14,13,1,0,22,1,3,47,76,0,0,33,0,99,5,5,0,4,565
PUNJAB,FEROZEPUR,2002,39,63,4,54,48,2,1,99,336,0,0,138,6,542,9,15,0,41,1532
PUNJAB,G.R.P,2002,5,8,0,0,2,0,0,0,54,0,0,7,0,11,2,2,0,0,390
PUNJAB,GURDASPUR,2002,26,24,4,34,28,7,5,43,124,0,0,57,0,93,4,10,0,28,819
PUNJAB,HOSHIARPUR,2002,31,38,2,38,32,21,20,80,222,0,0,153,10,276,12,12,0,55,1339
PUNJAB,JAGRAON,2002,15,30,3,26,44,2,6,27,152,0,0,67,0,123,3,4,0,26,660
PUNJAB,JALANDHAR,2002,59,64,6,40,100,9,11,224,660,0,0,249,12,378,14,12,0,82,2425
PUNJAB,KAPURTHALA,2002,32,18,4,34,32,5,2,36,162,0,0,196,1,147,7,14,0,47,912
PUNJAB,KHANNA,2002,21,13,2,14,20,4,1,49,112,0,0,58,0,105,5,7,0,16,599
PUNJAB,LUDHIANA,2002,68,77,14,80,250,20,12,346,1434,0,0,405,18,328,16,88,0,145,5648
PUNJAB,MAJITHA,2002,28,34,9,18,28,0,2,28,96,0,0,55,4,188,5,6,0,25,743
PUNJAB,MANSA,2002,25,23,1,20,10,3,2,40,80,0,0,39,3,155,3,7,0,11,533
PUNJAB,MOGA,2002,27,35,4,8,28,7,5,39,140,0,1,93,2,159,7,7,0,14,704
PUNJAB,MUKTSAR,2002,18,28,1,16,16,1,3,49,76,0,1,46,0,121,8,3,0,13,466
PUNJAB,NAWAN SHAHR,2002,22,9,1,16,32,3,3,43,138,0,0,93,0,167,7,5,0,31,665
PUNJAB,PATIALA,2002,46,48,4,36,82,7,7,234,632,0,0,243,0,384,14,45,0,119,3196
PUNJAB,ROPAR,2002,27,13,3,12,58,3,1,85,270,0,0,112,2,117,6,17,0,25,1370
PUNJAB,SANGRUR,2002,42,37,0,28,46,14,7,116,338,0,0,133,4,221,6,19,0,52,1402
PUNJAB,TARN TARAN,2002,51,31,5,24,34,1,3,34,88,0,0,37,0,112,4,5,0,20,620
PUNJAB,TOTAL,2002,733,728,79,598,1102,133,110,1928,5926,0,2,2716,68,4453,166,341,0,944,28794
RAJASTHAN,AJMER,2002,48,63,3,54,248,5,42,457,1474,0,91,370,36,695,23,65,0,285,6983
RAJASTHAN,ALWAR,2002,82,96,0,88,242,4,43,226,1928,0,79,392,47,2364,42,115,0,250,6814
RAJASTHAN,BANSWARA,2002,40,26,1,148,110,5,23,117,252,0,235,42,62,1402,10,92,0,85,3215
RAJASTHAN,BARAN,2002,30,89,0,102,178,1,13,188,932,0,69,126,28,332,6,188,0,160,3704
RAJASTHAN,BARMER,2002,18,28,0,48,50,1,12,94,364,0,36,92,23,766,8,83,0,66,2442
RAJASTHAN,BHARATPUR,2002,87,81,4,118,218,2,48,148,1418,0,18,303,59,1116,27,29,0,227,7304
RAJASTHAN,BHILWARA,2002,30,46,4,92,392,0,48,361,1504,0,219,355,28,557,4,134,0,339,6593
RAJASTHAN,BIKANER,2002,40,90,0,48,42,0,6,122,734,0,9,169,20,646,13,34,0,142,3065
RAJASTHAN,BUNDI,2002,21,95,9,76,218,2,24,216,778,0,135,109,31,978,7,151,0,225,3899
RAJASTHAN,CHITTORGARH,2002,46,52,1,146,342,8,27,310,1402,0,357,235,60,2308,7,121,0,330,6470
RAJASTHAN,CHURU,2002,26,48,0,44,62,2,6,88,466,0,151,144,27,947,8,50,0,163,2855
RAJASTHAN,DAUSA,2002,21,25,2,32,94,0,6,83,766,0,145,107,28,156,5,10,0,82,3646
RAJASTHAN,DHOLPUR,2002,42,89,0,52,116,5,18,78,380,0,373,74,7,972,25,43,0,78,2811
RAJASTHAN,DUNGARPUR,2002,24,16,1,42,86,0,13,88,160,0,204,27,40,142,4,58,0,42,1936
RAJASTHAN,G.R.P.,2002,5,2,1,8,6,2,8,4,1066,0,4,5,0,7,2,20,0,0,851
RAJASTHAN,GANGANAGAR,2002,63,94,0,108,120,1,9,211,882,0,8,435,14,1159,19,100,0,391,5393
RAJASTHAN,HANUMANGARH,2002,65,97,1,80,68,1,9,145,686,0,27,284,18,607,19,95,0,227,3867
RAJASTHAN,JAIPUR,2002,85,116,10,114,512,6,78,982,6000,0,2699,1423,65,1482,32,187,0,517,19663
RAJASTHAN,JAISALMER,2002,7,0,0,6,10,0,6,61,314,0,25,22,10,1,5,13,0,17,917
RAJASTHAN,JALORE,2002,19,23,2,22,64,0,8,111,354,0,30,88,37,49,10,77,0,84,2587
RAJASTHAN,JHALAWAR,2002,44,71,5,122,164,2,12,186,712,0,121,79,57,1065,7,150,0,210,3498
RAJASTHAN,JHUNJHUNU,2002,44,25,0,24,98,5,9,138,626,0,252,142,45,146,15,65,0,122,4197
RAJASTHAN,JODHPUR,2002,38,69,2,66,208,2,43,383,1876,0,140,430,46,2597,17,157,0,267,7123
RAJASTHAN,KARAULI,2002,19,17,1,42,116,1,14,38,520,0,90,79,25,17,15,57,0,55,2924
RAJASTHAN,KOTA,2002,56,374,4,74,320,2,64,381,2116,0,159,279,27,480,6,154,0,319,6528
RAJASTHAN,NAGAUR,2002,43,30,4,78,122,1,26,306,892,0,42,219,28,345,14,78,0,153,4814
RAJASTHAN,PALI,2002,32,74,2,50,148,0,34,216,664,0,88,244,44,48,14,116,0,205,5065
RAJASTHAN,RAJSAMAND,2002,18,22,0,18,120,1,9,91,296,0,203,98,26,1226,7,38,0,74,2587
RAJASTHAN,SAWAI MADHOPUR,2002,27,25,1,42,104,5,19,104,552,0,47,187,24,57,2,59,0,113,3004
RAJASTHAN,SIKAR,2002,41,29,5,26,104,2,2,206,612,0,577,217,49,465,10,42,0,116,4054
RAJASTHAN,SIROHI,2002,28,26,0,18,88,4,14,171,294,0,46,107,33,478,3,33,0,83,2313
RAJASTHAN,TONK,2002,22,26,1,36,180,1,12,101,588,0,165,120,24,1320,1,45,0,169,3738
RAJASTHAN,UDAIPUR,2002,65,79,4,78,224,9,29,250,1018,0,334,283,62,1589,12,71,0,95,6388
RAJASTHAN,TOTAL,2002,1276,2043,68,2102,5174,80,734,6661,32626,0,7178,7286,1130,26519,399,2730,0,5691,151248
SIKKIM,EAST,2002,6,1,1,6,10,0,4,44,104,0,9,28,1,28,0,9,0,2,283
SIKKIM,NORTH,2002,1,0,1,0,2,0,0,6,8,0,1,5,0,5,0,2,0,0,46
SIKKIM,SOUTH,2002,2,2,0,2,2,0,0,8,6,0,3,10,1,12,0,3,0,1,89
SIKKIM,WEST,2002,4,2,0,4,4,0,1,8,10,0,2,5,0,5,0,3,0,0,67
SIKKIM,TOTAL,2002,13,5,2,12,18,0,5,66,128,0,15,48,2,50,0,17,0,3,485
TAMIL NADU,CHENGAI,2002,67,157,0,54,62,20,55,582,2414,0,129,170,25,1011,28,69,0,90,12887
TAMIL NADU,CHENNAI,2002,90,294,5,52,88,14,97,570,5582,0,52,644,0,812,20,61,0,106,8526
TAMIL NADU,CHENNAI RLY.,2002,10,0,0,0,0,0,22,2,618,0,10,12,0,40,0,3,0,0,559
TAMIL NADU,COIMBATORE RURAL,2002,83,54,1,50,60,12,36,284,2060,0,476,79,5,1106,21,79,0,74,8862
TAMIL NADU,COIMBATORE URBAN,2002,16,22,0,4,20,2,12,161,2134,0,93,61,4,127,7,14,0,28,3226
TAMIL NADU,CUDDALORE,2002,65,119,8,54,84,2,35,173,1170,0,165,23,46,814,10,110,0,27,7095
TAMIL NADU,DHARMAPURI,2002,94,49,2,40,96,21,31,185,942,0,316,45,70,998,14,62,0,30,5816
TAMIL NADU,DINDIGUL,2002,61,38,0,28,52,9,18,156,1110,0,50,30,28,456,2,33,0,23,5165
TAMIL NADU,ERODE,2002,59,12,1,26,98,8,18,173,1322,0,74,39,32,2707,3,68,0,31,6666
TAMIL NADU,KANCHIPURAM,2002,48,43,0,40,36,19,14,203,1148,0,91,26,0,409,9,41,0,13,7869
TAMIL NADU,KANYAKUMARI,2002,33,67,0,20,20,1,5,249,642,0,10,32,17,516,4,43,0,29,4731
TAMIL NADU,KARUR,2002,29,12,0,20,32,3,16,48,608,0,23,6,9,201,1,8,0,24,2579
TAMIL NADU,MADURAI RURAL,2002,65,45,0,30,64,11,52,107,636,0,131,53,44,638,8,60,0,45,4459
TAMIL NADU,MADURAI URBAN,2002,22,71,0,14,52,20,25,176,1512,0,77,124,12,232,6,23,0,25,3689
TAMIL NADU,NAGAPATTINAM,2002,48,65,0,54,66,0,4,100,668,0,83,36,29,1246,7,83,0,14,4061
TAMIL NADU,NAMAKKAL,2002,43,25,0,26,50,2,6,39,442,0,72,10,19,1601,3,41,0,26,3777
TAMIL NADU,NILGIRIS,2002,21,15,0,12,6,2,1,73,270,0,34,10,0,261,0,20,0,25,1380
TAMIL NADU,PERAMBALUR,2002,41,58,5,32,60,1,9,79,394,0,104,33,26,840,4,88,0,22,2931
TAMIL NADU,PUDUKOTTAI,2002,34,19,1,20,50,3,6,70,468,0,169,14,22,289,4,49,0,32,3391
TAMIL NADU,RAMNATHAPURAM,2002,37,50,0,26,40,4,8,67,454,0,191,15,36,551,5,51,0,23,3166
TAMIL NADU,SALEM RURAL,2002,79,41,2,28,52,7,7,72,418,0,228,15,29,1860,3,54,0,27,4507
TAMIL NADU,SALEM URBAN,2002,24,21,0,16,14,4,4,55,732,0,21,47,0,151,5,3,0,15,1996
TAMIL NADU,SIVAGANGAI,2002,36,50,0,12,32,2,7,134,672,0,73,28,31,408,3,22,0,44,2832
TAMIL NADU,THANJAVUR,2002,56,110,0,20,80,2,17,143,1162,0,115,35,31,664,1,30,0,23,3909
TAMIL NADU,THENI,2002,23,58,0,24,52,4,14,76,518,0,67,39,18,411,4,52,0,15,2941
TAMIL NADU,THIRUNELVELI RURAL,2002,80,103,3,82,130,2,30,239,1180,0,7,59,85,803,3,143,0,28,6629
TAMIL NADU,THIRUNELVELI URBAN,2002,23,37,0,6,30,1,8,43,400,0,72,9,3,57,6,10,0,10,1276
TAMIL NADU,THIRUVALLUR,2002,41,43,0,20,68,5,12,98,416,0,159,25,17,384,7,96,0,28,3612
TAMIL NADU,THIRUVANNAMALAI,2002,35,39,0,20,88,3,17,164,980,0,289,28,45,739,9,54,0,18,4953
TAMIL NADU,THIRUVARUR,2002,30,32,1,8,26,2,3,74,340,0,65,13,20,813,5,50,0,2,2532
TAMIL NADU,THOOTHUGUDI,2002,72,103,1,26,52,6,23,169,1028,0,129,38,38,487,4,121,0,48,5090
TAMIL NADU,TRICHY RLY.,2002,2,1,0,0,0,0,1,8,152,0,2,1,0,26,0,2,0,1,232
TAMIL NADU,TRICHY RURAL,2002,46,50,0,10,28,1,2,41,314,0,69,10,12,916,10,14,0,2,3318
TAMIL NADU,TRICHY URBAN,2002,21,20,0,4,24,0,6,88,1088,0,0,28,0,101,7,16,0,20,2495
TAMIL NADU,VELLORE,2002,61,73,3,62,110,6,11,336,1758,0,139,94,45,993,13,48,0,6,8245
TAMIL NADU,VILLUPURAM,2002,76,82,2,102,134,0,4,142,940,0,374,27,24,885,3,92,0,42,7260
TAMIL NADU,VIRUDHUNAGAR,2002,52,55,1,26,46,2,17,154,818,0,93,59,28,597,4,64,0,36,4280
TAMIL NADU,TOTAL,2002,1723,2133,36,1068,2002,201,653,5533,37510,0,4252,2017,850,25150,243,1877,0,1052,166942
TRIPURA,DHALAI,2002,29,7,0,12,66,1,4,16,24,0,23,2,8,138,2,11,0,9,401
TRIPURA,NORTH,2002,28,10,0,70,32,12,26,36,84,0,28,6,11,150,2,20,0,60,712
TRIPURA,SOUTH,2002,31,9,1,60,32,2,12,45,102,0,63,4,7,100,4,57,0,90,735
TRIPURA,WEST,2002,113,12,0,74,126,14,14,95,330,0,66,8,14,130,8,40,0,77,1227
TRIPURA,TOTAL,2002,201,38,1,216,256,29,56,192,540,0,180,20,40,518,16,128,0,236,3075
UTTAR PRADESH,AGRA,2002,158,159,28,82,278,20,107,272,2118,0,260,297,19,573,50,86,0,372,5617
UTTAR PRADESH,ALIGARH,2002,178,216,21,62,224,22,111,151,1152,0,252,169,20,319,38,72,0,169,3996
UTTAR PRADESH,ALLAHABAD,2002,146,188,34,80,160,14,51,225,1284,0,211,295,30,506,63,57,0,147,4962
UTTAR PRADESH,AMBEDKAR NAGAR,2002,55,38,15,20,70,8,13,59,192,0,24,41,11,171,16,16,0,30,1028
UTTAR PRADESH,AURAIYA,2002,56,46,8,20,82,8,24,37,142,0,33,19,7,197,29,20,0,42,1036
UTTAR PRADESH,AZAMGARH,2002,111,91,24,14,82,7,90,119,320,0,112,66,7,311,23,27,0,72,1879
UTTAR PRADESH,BADAUN,2002,206,226,35,62,176,19,56,87,542,0,48,64,30,524,44,48,0,63,2617
UTTAR PRADESH,BAGHPAT,2002,95,109,4,30,48,3,35,28,252,0,41,49,4,1,17,14,0,45,1117
UTTAR PRADESH,BAHRAICH,2002,59,34,21,28,46,3,15,61,252,0,34,41,18,214,16,10,0,0,1069
UTTAR PRADESH,BALLIA,2002,43,64,18,14,28,5,11,70,246,0,79,8,4,180,16,12,0,23,1436
UTTAR PRADESH,BALRAMPUR,2002,25,15,14,26,26,0,2,36,90,0,9,30,0,103,5,9,0,11,535
UTTAR PRADESH,BANDA,2002,75,42,17,40,46,4,16,70,194,0,82,48,12,232,21,31,0,43,1474
UTTAR PRADESH,BARABANKI,2002,78,67,18,64,102,10,46,99,520,0,59,19,12,298,27,29,0,171,2198
UTTAR PRADESH,BAREILLY,2002,237,265,30,130,244,42,101,195,1356,0,90,160,11,633,62,70,0,261,4392
UTTAR PRADESH,BASTI,2002,46,54,22,32,62,3,14,77,246,0,77,39,23,163,24,13,0,31,1412
UTTAR PRADESH,BIJNOR,2002,107,87,17,52,130,8,45,69,548,0,62,83,12,105,34,34,0,156,1911
UTTAR PRADESH,BULANDSHAHAR,2002,217,172,21,66,188,13,80,99,808,0,159,112,29,266,47,70,0,185,3172
UTTAR PRADESH,CHANDOLI,2002,27,21,9,12,18,0,15,45,158,0,13,29,7,79,14,11,0,24,627
UTTAR PRADESH,CHITRAKOOT DHAM,2002,25,8,8,16,20,0,4,20,66,0,5,13,9,25,9,23,0,10,397
UTTAR PRADESH,DEORIA,2002,39,48,21,10,40,1,15,53,192,0,91,44,8,284,15,10,0,18,1582
UTTAR PRADESH,ETAH,2002,210,278,15,74,172,36,75,69,474,0,146,67,3,355,81,43,0,85,3170
UTTAR PRADESH,ETAWAH,2002,85,70,5,24,94,4,30,57,246,0,57,34,10,128,25,32,0,32,1492
UTTAR PRADESH,FAIZABAD,2002,62,43,15,30,36,11,14,72,338,0,40,12,13,262,12,18,0,33,1681
UTTAR PRADESH,FATEHGARH,2002,96,62,15,18,74,4,14,32,152,0,54,49,3,169,32,0,0,0,1413
UTTAR PRADESH,FATEHPUR,2002,91,43,28,24,58,3,17,60,198,0,13,46,5,206,26,18,0,44,1637
UTTAR PRADESH,FIROZABAD,2002,138,127,16,52,190,7,59,52,458,0,85,96,21,377,36,37,0,105,2555
UTTAR PRADESH,G.R.P.,2002,30,12,3,4,14,17,46,1,5690,0,10,42,0,2,0,11,0,0,4039
UTTAR PRADESH,GAUTAMBUDH NAGAR,2002,72,68,12,38,72,9,28,65,1304,0,57,116,0,15,17,20,0,42,2213
UTTAR PRADESH,GHAZIABAD,2002,231,375,18,39,198,15,83,191,2548,0,96,198,5,82,21,35,0,176,4619
UTTAR PRADESH,GHAZIPUR,2002,55,42,27,8,32,1,16,46,160,0,32,44,2,163,14,12,0,50,1048
UTTAR PRADESH,GONDA,2002,23,65,24,22,62,7,20,106,310,0,32,70,5,260,29,20,0,27,1505
UTTAR PRADESH,GORAKHPUR,2002,112,74,31,54,86,6,46,174,452,0,107,109,1,280,30,28,0,56,2618
UTTAR PRADESH,HAMIRPUR,2002,62,32,13,18,38,1,23,33,138,0,17,17,0,52,17,34,0,28,861
UTTAR PRADESH,HARDOI,2002,135,103,27,78,96,1,20,42,318,0,45,55,21,389,26,54,0,72,1990
UTTAR PRADESH,HATHRAS,2002,76,80,9,50,98,23,52,57,350,0,116,58,4,158,21,41,0,107,1845
UTTAR PRADESH,J.P.NAGAR,2002,85,41,6,30,62,3,26,43,196,0,54,53,0,35,10,22,0,80,1241
UTTAR PRADESH,JALAUN,2002,79,28,8,8,68,3,15,36,268,0,18,13,10,24,22,19,0,22,1153
UTTAR PRADESH,JAUNPUR,2002,51,57,28,16,32,4,20,68,244,0,46,70,2,242,23,18,0,45,1405
UTTAR PRADESH,JHANSI,2002,62,29,33,28,56,0,26,43,384,0,32,48,1,177,14,21,0,42,1419
UTTAR PRADESH,KANNAUJ,2002,67,53,10,12,48,6,14,32,146,0,16,28,4,51,15,10,0,37,921
UTTAR PRADESH,KANPUR DEHAT,2002,56,45,10,26,82,21,33,39,240,0,56,37,12,271,37,26,0,73,1436
UTTAR PRADESH,KANPUR NAGAR,2002,202,166,24,60,326,19,106,268,2306,0,156,223,17,664,50,75,0,307,5908
UTTAR PRADESH,KAUSHAMBI,2002,61,30,13,56,40,2,14,41,166,0,23,32,18,139,13,25,0,32,950
UTTAR PRADESH,KHIRI,2002,144,139,27,82,120,9,33,86,544,0,68,37,30,367,66,45,0,97,2452
UTTAR PRADESH,KUSHI NAGAR,2002,55,29,19,14,48,4,10,34,216,0,61,42,10,209,18,22,0,7,1198
UTTAR PRADESH,LALITPUR,2002,18,11,8,20,4,9,1,23,96,0,20,13,1,26,9,14,0,5,584
UTTAR PRADESH,LUCKNOW,2002,175,162,38,86,390,23,145,656,4420,0,219,358,16,85,59,92,0,369,8622
UTTAR PRADESH,MAHARAJGANJ,2002,46,20,19,26,20,1,4,28,78,0,40,18,4,85,6,15,0,10,679
UTTAR PRADESH,MAHOBA,2002,41,8,8,10,14,5,17,52,114,0,13,14,10,41,13,21,0,0,593
UTTAR PRADESH,MAINPURI,2002,123,122,15,18,110,23,67,53,258,0,86,71,20,192,42,17,0,38,1701
UTTAR PRADESH,MATHURA,2002,123,139,11,32,98,9,63,77,752,0,114,117,2,125,29,40,0,94,2610
UTTAR PRADESH,MAU,2002,46,45,10,30,52,6,27,64,146,0,87,31,10,121,6,29,0,41,1119
UTTAR PRADESH,MEERUT,2002,230,175,15,70,254,22,122,173,1714,0,114,149,3,48,26,47,0,212,4018
UTTAR PRADESH,MIRZAPUR,2002,46,35,13,14,34,5,12,38,216,0,31,19,0,123,15,15,0,28,902
UTTAR PRADESH,MORADABAD,2002,178,160,31,72,154,16,60,126,1036,0,86,112,5,118,35,53,0,174,2852
UTTAR PRADESH,MUZAFFARNAGAR,2002,287,195,9,60,242,16,122,127,958,0,112,88,4,10,37,34,0,163,3188
UTTAR PRADESH,PILIBHIT,2002,91,100,14,82,102,13,46,58,358,0,53,76,0,12,33,19,0,103,1907
UTTAR PRADESH,PRATAPGARH,2002,64,87,17,36,50,9,21,55,226,0,75,57,0,336,27,18,0,36,1862
UTTAR PRADESH,RAIBAREILLY,2002,75,56,23,70,80,2,24,98,490,0,70,44,13,324,26,46,0,110,2109
UTTAR PRADESH,RAMPUR,2002,87,77,15,40,80,6,31,70,554,0,40,45,2,81,11,36,0,106,1412
UTTAR PRADESH,SAHARANPUR,2002,89,114,9,30,128,4,44,81,618,0,70,139,0,5,24,19,0,216,2331
UTTAR PRADESH,SANT KABIRNAGAR,2002,22,18,4,8,24,2,4,16,78,0,14,17,0,100,6,6,0,16,418
UTTAR PRADESH,SHAHJAHANPUR,2002,210,205,34,80,178,9,70,88,674,0,44,81,16,211,49,52,0,83,2716
UTTAR PRADESH,SHRAWASTI,2002,18,25,9,6,12,3,7,37,118,0,18,19,0,46,3,16,0,12,488
UTTAR PRADESH,SIDHARTHNAGAR,2002,15,10,9,12,42,2,8,43,78,0,16,39,2,77,6,19,0,11,595
UTTAR PRADESH,SITAPUR,2002,167,144,43,146,198,3,87,171,1180,0,102,62,32,310,83,65,0,66,3405
UTTAR PRADESH,SONBHADRA,2002,33,29,13,10,14,1,9,36,140,0,13,16,4,104,8,8,0,8,557
UTTAR PRADESH,ST.RAVIDASNAGAR,2002,29,15,7,0,10,1,10,35,130,0,18,9,1,84,4,1,0,18,532
UTTAR PRADESH,SULTANPUR,2002,85,109,22,46,68,5,45,99,458,0,62,53,9,314,20,22,0,66,2140
UTTAR PRADESH,UNNAO,2002,126,94,15,68,126,5,51,67,436,0,92,60,14,397,57,70,0,118,2662
UTTAR PRADESH,VARANASI,2002,78,87,11,32,104,5,52,136,988,0,91,97,5,311,34,23,0,104,2809
UTTAR PRADESH,TOTAL,2002,6825,6283,1243,2829,6860,611,2840,6126,44838,0,4878,5026,643,13947,1893,2145,0,5679,146037
UTTARAKHAND,ALMORA,2002,17,14,3,6,4,2,14,22,110,0,12,7,8,68,11,7,0,6,324
UTTARAKHAND,BAGESHWAR,2002,4,1,0,10,6,0,9,2,44,0,0,7,0,16,2,0,0,7,129
UTTARAKHAND,CHAMOLI,2002,15,7,1,8,12,2,6,27,36,0,21,3,2,14,5,12,0,4,227
UTTARAKHAND,CHAMPAWAT,2002,6,4,0,4,8,0,1,8,28,0,2,1,0,12,1,3,0,0,92
UTTARAKHAND,DEHRADUN,2002,39,37,15,24,124,7,22,139,588,0,71,121,3,75,5,11,0,79,1777
UTTARAKHAND,HARIDWAR,2002,75,70,6,46,126,8,49,90,860,0,114,78,8,207,11,41,0,102,2028
UTTARAKHAND,NAINITAL,2002,34,32,4,10,26,3,17,75,328,0,35,27,2,79,5,11,0,36,806
UTTARAKHAND,PAURI GARHWAL,2002,20,18,0,12,22,2,13,62,114,0,11,13,5,71,5,7,0,14,426
UTTARAKHAND,PITHORAGARH,2002,6,5,3,6,0,0,4,8,40,0,12,4,0,7,3,7,0,4,271
UTTARAKHAND,RUDRA PRAYAG,2002,9,5,0,0,2,1,6,14,26,0,15,1,5,22,4,7,0,1,120
UTTARAKHAND,TEHRI GARHWAL,2002,7,11,0,6,10,1,2,19,70,0,6,7,2,42,3,10,0,10,283
UTTARAKHAND,UDHAMSINGH NAGAR,2002,54,39,12,28,44,12,30,64,442,0,26,38,5,139,11,24,0,41,1257
UTTARAKHAND,UTTARKASHI,2002,6,6,3,18,12,0,4,24,44,0,17,5,0,8,0,5,0,12,236
UTTARAKHAND,TOTAL,2002,292,249,47,178,396,38,177,554,2730,0,342,312,40,760,66,145,0,316,7976
WEST BENGAL,24 PARGANAS NORTH,2002,204,55,47,176,182,10,60,21,3684,0,248,77,1,0,29,84,0,630,6894
WEST BENGAL,24 PARGANAS SOUTH,2002,140,2,62,136,134,19,26,13,2136,0,218,19,6,0,53,64,0,555,5965
WEST BENGAL,ASANSOL,2002,11,0,4,2,6,34,5,1,78,0,8,9,1,2,2,1,0,28,363
WEST BENGAL,BANKURA,2002,39,27,14,38,24,23,9,6,430,0,61,19,5,45,20,22,0,85,1205
WEST BENGAL,BIRBHUM,2002,57,21,23,72,56,35,11,5,390,0,150,3,12,87,1,50,0,175,2010
WEST BENGAL,BURDWAN,2002,92,11,38,106,96,50,27,23,1048,0,150,35,4,117,21,59,0,296,4129
WEST BENGAL,COOCHBEHAR,2002,30,1,7,86,84,7,10,9,246,0,39,14,1,130,5,39,0,155,1146
WEST BENGAL,DAKSHIN DINAJPUR,2002,23,0,16,40,52,38,1,3,172,0,35,7,1,37,14,31,0,61,1114
WEST BENGAL,DARJEELING,2002,63,0,22,44,46,39,24,6,952,0,25,7,2,102,1,21,0,55,1881
WEST BENGAL,HOOGHLY,2002,77,6,25,64,72,110,13,13,876,0,309,61,0,246,5,26,0,328,2773
WEST BENGAL,HOWRAH,2002,18,2,11,12,16,23,8,3,240,0,64,62,8,112,9,9,0,65,1359
WEST BENGAL,HOWRAH CITY,2002,24,3,9,20,48,106,16,2,566,0,43,45,5,117,5,7,0,71,1258
WEST BENGAL,HOWRAH G.R.P.,2002,9,7,0,6,2,24,10,0,632,0,9,2,0,0,0,5,0,1,509
WEST BENGAL,JALPAIGURI,2002,92,21,54,76,44,25,27,9,800,0,52,12,7,143,3,54,0,154,1924
WEST BENGAL,KHARAGPUR G.R.P.,2002,3,3,0,0,2,11,6,0,248,0,5,0,0,0,0,0,0,0,185
WEST BENGAL,KOLKATA,2002,58,148,15,66,214,76,166,190,7432,0,242,859,0,1173,4,160,0,235,10663
WEST BENGAL,MALDA,2002,53,32,32,66,78,19,8,1,566,0,28,11,0,72,5,60,0,69,1611
WEST BENGAL,MURSHIDABAD,2002,123,5,53,124,74,64,24,6,620,0,133,8,0,140,8,58,0,254,2631
WEST BENGAL,NADIA,2002,99,0,38,158,164,34,23,10,1218,0,228,0,4,512,13,90,0,270,3786
WEST BENGAL,PASCHIM MIDNAPUR,2002,86,38,24,106,94,36,24,9,656,0,167,23,44,47,22,35,0,249,2587
WEST BENGAL,PURAB MIDNAPUR,2002,38,1,18,50,84,17,11,9,314,0,136,3,2,0,39,10,0,175,1946
WEST BENGAL,PURULIA,2002,41,0,8,30,28,19,15,3,460,0,53,24,3,0,4,51,0,92,1158
WEST BENGAL,SEALDAH G.R.P.,2002,22,4,3,0,8,8,14,0,492,0,10,4,0,0,0,1,0,0,410
WEST BENGAL,SILIGURI G.R.P.,2002,4,0,0,0,2,3,1,0,178,0,0,1,0,0,0,1,0,0,130
WEST BENGAL,UTTAR DINAJPUR,2002,38,26,17,40,52,20,5,6,464,0,48,10,8,30,10,26,0,66,1325
WEST BENGAL,TOTAL,2002,1444,413,540,1518,1662,850,544,348,24898,0,2461,1315,114,3112,273,964,0,4069,58962
A & N ISLANDS,ANDAMAN,2002,14,3,0,2,4,1,7,47,92,0,11,11,2,92,0,16,0,4,580
A & N ISLANDS,NICOBAR,2002,3,0,1,2,0,0,0,2,6,0,0,0,0,5,0,1,0,0,28
A & N ISLANDS,TOTAL,2002,17,3,1,4,4,1,7,49,98,0,11,11,2,97,0,17,0,4,608
CHANDIGARH,CHANDIGARH,2002,31,35,7,36,108,2,26,336,3294,0,78,181,5,107,1,36,0,56,3806
CHANDIGARH,TOTAL,2002,31,35,7,36,108,2,26,336,3294,0,78,181,5,107,1,36,0,56,3806
D & N HAVELI,D AND N HAVELI,2002,11,2,0,8,18,3,1,38,150,0,5,10,2,29,0,3,0,3,349
D & N HAVELI,TOTAL,2002,11,2,0,8,18,3,1,38,150,0,5,10,2,29,0,3,0,3,349
DAMAN & DIU,DAMAN,2002,7,1,0,0,4,1,0,51,92,0,14,10,2,16,0,0,0,3,211
DAMAN & DIU,DIU,2002,1,2,0,0,2,1,1,5,20,0,2,0,0,2,0,0,0,0,50
DAMAN & DIU,TOTAL,2002,8,3,0,0,6,2,1,56,112,0,16,10,2,18,0,0,0,3,261
DELHI UT,CENTRAL,2002,23,38,7,44,142,2,39,143,2712,0,8,143,1,108,2,41,0,6,3578
DELHI UT,DELHI UT TOTAL,2002,531,440,68,806,2646,114,502,2360,33250,0,139,2098,57,1851,135,446,0,135,49137
DELHI UT,EAST,2002,50,35,9,20,282,20,37,210,2880,0,14,105,6,247,19,55,0,16,3881
DELHI UT,G.R.P.(RLY),2002,2,4,0,0,6,1,12,0,2560,0,0,22,0,10,0,3,0,0,1407
DELHI UT,I.G.I. AIRPORT,2002,4,0,1,0,2,0,2,1,104,0,1,576,0,0,0,2,0,0,724
DELHI UT,NEW DELHI,2002,6,8,1,16,40,2,20,54,2298,0,10,266,2,45,0,11,0,2,2406
DELHI UT,NORTH,2002,40,22,12,54,168,19,43,131,2366,0,14,136,8,160,5,31,0,4,3681
DELHI UT,NORTH EAST,2002,66,65,2,78,312,10,65,139,1756,0,12,71,3,224,13,27,0,29,2957
DELHI UT,NORTH WEST,2002,135,90,9,240,860,31,112,487,4580,0,14,136,12,360,26,101,0,20,9191
DELHI UT,S.T.F.,2002,0,0,0,0,0,0,0,0,0,0,0,0,0,0,0,0,0,0,0
DELHI UT,SOUTH,2002,80,60,6,130,326,7,74,518,7082,0,37,293,10,252,22,76,0,22,9306
DELHI UT,SOUTH WEST,2002,52,45,5,136,252,8,48,364,3062,0,24,168,8,167,21,62,0,20,4814
DELHI UT,SPL CELL,2002,0,1,0,0,0,0,0,0,0,0,0,28,0,0,0,0,0,0,44
DELHI UT,WEST,2002,73,72,16,88,256,14,50,313,3850,0,5,154,7,278,27,37,0,16,7148
LAKSHADWEEP,LAKSHADWEEP,2002,0,0,0,2,0,0,0,9,24,0,18,0,2,5,0,1,0,0,53
LAKSHADWEEP,TOTAL,2002,0,0,0,2,0,0,0,9,24,0,18,0,2,5,0,1,0,0,53
PUDUCHERRY,PONDICHERRY,2002,29,43,2,12,20,2,6,129,1052,0,193,31,22,1093,5,59,0,9,4437
PUDUCHERRY,TOTAL,2002,29,43,2,12,20,2,6,129,1052,0,193,31,22,1093,5,59,0,9,4437
ANDHRA PRADESH,ADILABAD,2003,107,65,11,70,92,8,24,207,568,0,98,146,42,1194,11,141,0,238,4881
ANDHRA PRADESH,ANANTAPUR,2003,173,115,9,38,120,4,17,190,716,0,144,84,40,1873,4,224,0,146,4582
ANDHRA PRADESH,CHITTOOR,2003,109,80,1,72,180,5,18,304,1802,0,66,292,27,1049,23,121,0,60,6624
ANDHRA PRADESH,CUDDAPAH,2003,95,7,4,20,74,4,9,109,398,0,74,65,35,815,5,104,0,60,3447
ANDHRA PRADESH,CYBERABAD,2003,155,101,4,62,204,14,56,1041,2978,0,49,691,45,1203,25,96,0,543,10305
ANDHRA PRADESH,EAST GODAVARI,2003,73,78,2,36,118,4,17,569,2324,0,79,252,71,2918,11,150,0,357,7616
ANDHRA PRADESH,GUNTAKAL RLY.,2003,4,0,0,2,2,0,5,0,418,0,0,0,0,9,0,2,0,0,368
ANDHRA PRADESH,GUNTUR,2003,210,84,2,92,190,16,28,316,2346,0,124,368,69,1633,22,228,0,399,7715
ANDHRA PRADESH,HYDERABAD CITY,2003,124,132,5,114,310,19,91,1875,13148,0,231,2093,68,4595,42,165,0,1082,20252
ANDHRA PRADESH,KARIMNAGAR,2003,153,105,11,176,178,13,43,261,920,0,180,376,48,2771,53,362,0,602,7709
ANDHRA PRADESH,KHAMMAM,2003,89,44,6,90,82,6,8,211,728,0,120,144,45,2246,17,162,0,180,5179
ANDHRA PRADESH,KRISHNA,2003,66,65,3,90,110,2,12,233,1202,0,50,170,48,1992,20,186,0,317,5283
ANDHRA PRADESH,KURNOOL,2003,125,101,4,56,70,8,24,146,524,0,88,196,34,1113,11,231,0,202,4775
ANDHRA PRADESH,MAHABOOBNAGAR,2003,191,108,22,138,92,5,33,270,904,0,117,104,69,931,19,179,0,238,5390
ANDHRA PRADESH,MEDAK,2003,124,36,16,60,104,10,50,300,1004,0,84,100,60,1848,44,128,0,174,4818
ANDHRA PRADESH,NALGONDA,2003,142,68,5,124,98,9,24,165,708,0,177,154,46,1258,33,249,0,319,5651
ANDHRA PRADESH,NELLORE,2003,80,70,1,54,126,4,12,232,1138,0,67,172,67,1898,10,204,0,231,5952
ANDHRA PRADESH,NIZAMABAD,2003,90,49,20,58,70,7,32,241,664,0,52,182,36,2135,11,61,0,329,4674
ANDHRA PRADESH,PRAKASHAM,2003,94,36,5,44,84,9,19,143,692,0,38,101,26,1450,13,133,0,114,3720
ANDHRA PRADESH,RANGA REDDY,2003,65,30,3,28,46,0,10,135,268,0,32,47,35,837,12,71,0,113,1980
ANDHRA PRADESH,SECUNDERABAD RLY.,2003,10,0,0,0,0,4,5,0,826,0,6,2,0,7,0,0,0,0,536
ANDHRA PRADESH,SRIKAKULAM,2003,39,32,4,18,16,7,4,102,334,0,43,71,24,654,7,58,0,147,2663
ANDHRA PRADESH,VIJAYAWADA,2003,34,58,0,54,126,5,61,876,6834,0,17,816,21,2101,7,170,0,1208,10084
ANDHRA PRADESH,VIJAYAWADA RLY.,2003,0,0,0,0,0,0,2,0,720,0,0,6,1,11,0,0,0,0,430
ANDHRA PRADESH,VISAKHA RURAL,2003,61,5,1,30,30,1,6,115,388,0,30,58,35,654,3,54,0,89,2599
ANDHRA PRADESH,VISAKHAPATNAM,2003,19,21,0,18,60,4,5,281,1064,0,1,290,3,362,3,11,0,146,3261
ANDHRA PRADESH,VIZIANAGARAM,2003,30,16,1,12,6,1,8,106,268,0,13,33,0,436,4,34,0,127,2150
ANDHRA PRADESH,WARANGAL,2003,128,80,3,122,206,6,23,293,904,0,276,224,0,1821,35,222,0,162,6827
ANDHRA PRADESH,WEST GODAVARI,2003,77,92,4,214,176,6,14,329,2028,0,72,344,54,1731,21,382,0,584,7480
ANDHRA PRADESH,TOTAL,2003,2667,1678,147,1892,2970,181,660,9050,46816,0,2328,7581,1049,41545,466,4128,0,8167,156951
ARUNACHAL PRADESH,CHANGLANG,2003,10,1,0,8,14,4,0,16,38,0,1,1,3,33,0,0,0,2,145
ARUNACHAL PRADESH,DIBANG VALLEY,2003,1,1,0,4,2,2,6,15,26,0,1,2,0,38,0,1,0,5,116
ARUNACHAL PRADESH,K/KUMEY,2003,4,1,0,0,4,1,1,0,2,0,0,0,0,10,0,0,0,0,25
ARUNACHAL PRADESH,KAMENG EAST,2003,4,0,0,0,4,0,5,15,22,0,1,0,0,33,0,10,0,1,101
ARUNACHAL PRADESH,KAMENG WEST,2003,7,1,0,2,0,1,2,11,22,0,0,0,0,22,0,0,0,0,83
ARUNACHAL PRADESH,LOHIT,2003,16,0,0,2,30,4,2,26,50,0,0,2,0,30,0,5,0,1,189
ARUNACHAL PRADESH,PAPUM PARE,2003,9,2,0,6,20,11,11,56,220,0,1,2,0,67,0,7,0,1,405
ARUNACHAL PRADESH,SIANG EAST,2003,6,2,0,18,20,4,13,22,92,0,0,7,1,40,0,4,0,1,232
ARUNACHAL PRADESH,SIANG UPPER,2003,4,2,1,2,2,0,0,8,32,0,0,0,0,12,0,0,0,0,55
ARUNACHAL PRADESH,SIANG WEST,2003,5,2,0,10,10,2,2,22,100,0,2,4,0,57,0,6,0,1,257
ARUNACHAL PRADESH,SUBANSIRI LOWER,2003,3,3,1,6,8,4,5,20,34,0,1,1,1,11,0,0,0,0,123
ARUNACHAL PRADESH,SUBANSIRI UPPER,2003,4,1,0,2,4,2,7,15,22,0,0,0,3,35,0,0,0,0,118
ARUNACHAL PRADESH,TAWANG,2003,0,0,0,0,0,0,1,12,28,0,0,0,0,6,0,1,0,0,49
ARUNACHAL PRADESH,TIRAP,2003,2,3,1,2,16,2,5,13,50,0,0,2,2,33,0,9,0,2,146
ARUNACHAL PRADESH,UPPER DIBANG VALLEY,2003,2,1,0,0,2,0,0,2,2,0,0,0,0,0,0,0,0,0,17
ARUNACHAL PRADESH,TOTAL,2003,77,20,3,62,136,37,60,253,740,0,7,21,10,427,0,43,0,14,2061
ASSAM,BARPETA,2003,46,9,3,122,152,38,21,88,242,0,213,41,10,216,6,15,0,112,1644
ASSAM,BONGAIGAON,2003,27,9,2,54,92,22,15,68,186,0,75,17,1,73,6,10,0,61,772
ASSAM,C.I.D.,2003,0,0,0,0,2,0,0,0,0,0,0,4,0,0,0,0,0,0,24
ASSAM,CACHAR,2003,68,35,0,140,240,28,13,273,796,0,395,58,82,212,3,118,0,229,3457
ASSAM,DARRANG,2003,73,21,0,106,166,28,22,138,404,0,97,22,23,209,7,93,0,48,1400
ASSAM,DHEMAJI,2003,20,18,0,86,50,3,13,31,188,0,24,14,38,195,0,14,0,44,762
ASSAM,DHUBRI,2003,64,20,1,136,124,37,12,77,218,0,468,35,16,315,6,87,0,151,1920
ASSAM,DIBRUGARH,2003,107,33,11,76,108,45,36,122,596,0,81,28,136,369,0,28,0,28,1901
ASSAM,G.R.P.,2003,4,0,0,0,2,6,3,0,110,0,7,1,0,10,0,1,0,0,182
ASSAM,GOALPARA,2003,30,23,3,120,102,32,11,5,318,0,118,28,11,62,2,36,0,152,1098
ASSAM,GOLAGHAT,2003,55,16,7,134,146,7,24,94,592,0,8,38,35,348,0,26,0,58,1459
ASSAM,GUWAHATI CITY,2003,50,29,3,76,432,28,100,606,2314,0,415,213,7,527,4,52,0,135,5590
ASSAM,HAILAKANDI,2003,25,18,0,54,86,5,6,73,160,0,114,13,24,136,2,29,0,30,791
ASSAM,JORHAT,2003,46,7,0,80,56,6,14,59,378,0,74,21,20,161,0,26,0,23,1131
ASSAM,KAMRUP,2003,24,18,0,96,102,20,14,71,380,0,71,42,8,76,0,6,0,10,1255
ASSAM,KARBI ANGLONG,2003,67,12,0,32,74,8,14,23,226,0,34,2,19,45,0,14,0,4,619
ASSAM,KARIMGANJ,2003,31,19,0,58,94,11,5,71,208,0,215,18,28,60,5,4,0,84,919
ASSAM,KOKRAJHAR,2003,46,23,1,44,80,4,8,50,150,0,49,17,5,114,2,28,0,37,723
ASSAM,LAKHIMPUR,2003,31,19,4,152,160,11,26,18,542,0,82,62,27,367,0,44,0,108,1651
ASSAM,MORIGAON,2003,14,7,3,70,98,10,7,65,160,0,75,21,5,83,1,34,0,26,861
ASSAM,N.C.HILLS,2003,19,10,0,0,26,3,12,0,80,0,4,2,25,20,0,2,0,16,212
ASSAM,NAGAON,2003,75,51,5,210,338,59,50,256,880,0,287,59,53,490,7,107,0,181,3539
ASSAM,NALBARI,2003,35,32,1,66,128,23,28,69,260,0,14,21,15,295,0,18,0,23,1215
ASSAM,R.P.O.,2003,2,0,0,10,0,3,1,0,4,0,5,0,0,3,0,1,0,5,30
ASSAM,SIBSAGAR,2003,55,26,2,76,152,5,26,93,536,0,60,46,42,230,4,15,0,74,1628
ASSAM,SONITPUR,2003,98,27,2,128,180,27,23,168,724,0,172,58,29,262,3,56,0,146,2317
ASSAM,TINSUKIA,2003,79,3,0,64,66,28,19,88,398,0,183,13,18,74,2,14,0,23,1095
ASSAM,TOTAL,2003,1191,485,48,2190,3256,497,523,2606,11050,0,3340,894,677,4952,60,878,0,1808,38195
BIHAR,ARARIA,2003,49,26,2,76,112,41,49,49,362,0,369,26,31,4,13,3,0,24,2071
BIHAR,ARWAL,2003,30,25,6,6,18,12,5,10,72,0,59,1,15,58,19,0,0,13,597
BIHAR,AURANGABAD,2003,84,52,0,36,52,18,39,70,254,0,145,6,13,51,25,6,0,19,2329
BIHAR,BAGAHA,2003,30,23,9,42,80,4,13,28,180,0,97,36,11,44,4,3,0,6,932
BIHAR,BANKA,2003,89,18,5,38,50,41,28,49,178,0,174,7,15,1,19,5,0,9,1250
BIHAR,BEGUSARAI,2003,145,53,3,38,192,16,73,63,582,0,216,26,0,23,29,0,0,34,2903
BIHAR,BETTIAH,2003,72,94,0,54,178,12,36,70,382,0,455,17,2,1202,21,56,0,58,3012
BIHAR,BHABHUA,2003,76,77,1,22,80,25,34,58,332,0,156,38,20,141,21,6,0,13,1236
BIHAR,BHAGALPUR,2003,97,189,5,90,196,19,73,165,672,0,168,79,26,36,13,33,0,107,3042
BIHAR,BHOJPUR,2003,125,46,4,24,96,39,38,86,480,0,164,71,38,80,24,14,0,75,2794
BIHAR,BUXAR,2003,61,173,9,24,52,25,27,66,398,0,108,17,16,189,14,6,0,27,1167
BIHAR,DARBHANGA,2003,68,58,4,154,122,25,32,52,396,0,240,177,39,30,19,10,0,95,2808
BIHAR,GAYA,2003,230,56,11,54,138,110,157,173,748,0,311,33,45,377,37,40,0,46,3345
BIHAR,GOPALGANJ,2003,65,78,6,24,68,11,27,46,178,0,164,55,4,3,14,0,0,34,2005
BIHAR,JAMALPUR RLY.,2003,9,1,0,2,8,11,7,0,274,0,13,6,1,25,0,0,0,0,237
BIHAR,JAMUI,2003,64,25,0,48,68,32,25,50,162,0,115,9,10,127,11,12,0,34,1055
BIHAR,JEHANABAD,2003,64,101,1,18,80,33,35,40,292,0,79,40,18,24,16,0,0,34,1680
BIHAR,KATIHAR,2003,78,35,5,184,136,35,42,50,458,0,215,47,20,241,9,9,0,60,2177
BIHAR,KATIHAR RLY.,2003,7,0,2,0,20,13,16,6,514,0,16,9,1,0,3,2,0,4,524
BIHAR,KHAGARIA,2003,62,70,2,32,154,9,20,26,160,0,137,12,6,115,6,9,0,22,1397
BIHAR,KISHANGANJ,2003,27,4,6,34,78,12,11,43,192,0,127,11,1,155,5,2,0,20,959
BIHAR,LAKHISARAI,2003,56,26,2,14,78,9,26,13,112,0,48,0,4,0,10,0,0,6,782
BIHAR,MADHEPURA,2003,62,14,6,16,48,20,29,19,116,0,105,12,7,3,6,2,0,8,1001
BIHAR,MADHUBANI,2003,78,172,68,76,124,43,22,104,368,0,320,56,2,442,20,112,0,262,2687
BIHAR,MOTIHARI,2003,113,61,16,78,228,28,65,128,590,0,386,124,31,326,36,49,0,110,4286
BIHAR,MUNGER,2003,80,28,1,14,94,9,24,35,296,0,231,38,8,124,6,16,0,63,1877
BIHAR,MUZAFFARPUR,2003,120,30,16,118,320,48,107,187,1318,0,460,91,27,2084,63,27,0,98,4841
BIHAR,MUZAFFARPUR RLY.,2003,19,9,0,6,12,19,11,5,648,0,11,20,0,35,1,4,0,0,594
BIHAR,NALANDA,2003,171,139,17,42,116,32,56,83,362,0,162,56,25,604,49,39,0,64,2949
BIHAR,NAUGACHIA,2003,47,23,0,24,58,5,10,16,96,0,83,3,4,4,8,1,0,8,693
BIHAR,NAWADAH,2003,88,60,10,26,106,23,24,37,158,0,158,15,9,96,19,10,0,11,1347
BIHAR,PATNA,2003,484,680,9,68,440,152,694,469,3308,0,494,370,59,389,85,49,0,127,9770
BIHAR,PATNA RLY.,2003,24,17,0,4,10,47,31,5,1526,0,7,10,0,0,0,7,0,3,1119
BIHAR,PURNEA,2003,99,74,12,100,104,82,131,72,462,0,189,4,6,12,13,11,0,27,1919
BIHAR,ROHTAS,2003,157,218,14,30,174,48,75,121,604,0,254,19,37,25,28,30,0,52,2855
BIHAR,SAHARSA,2003,47,69,2,22,50,9,29,29,172,0,144,23,8,145,13,14,0,3,1004
BIHAR,SAMASTIPUR,2003,136,121,17,40,160,52,64,87,742,0,286,33,45,260,18,11,0,34,2970
BIHAR,SARAN,2003,115,154,6,64,190,36,55,78,512,0,240,73,29,891,65,17,0,82,3709
BIHAR,SHEIKHPURA,2003,36,12,1,10,42,6,8,10,80,0,71,30,0,0,6,0,0,0,717
BIHAR,SHEOHAR,2003,12,19,3,16,22,7,4,6,32,0,31,16,1,0,7,3,0,11,410
BIHAR,SITAMARHI,2003,51,16,3,74,164,29,31,61,366,0,271,20,4,4,27,6,0,39,2407
BIHAR,SIWAN,2003,86,160,4,26,124,49,114,88,310,0,186,18,15,124,32,36,0,54,2065
BIHAR,SUPAUL,2003,40,27,3,44,42,36,35,25,128,0,182,32,6,128,6,6,0,19,1246
BIHAR,VAISHALI,2003,118,207,7,58,170,9,31,108,676,0,182,161,10,262,69,22,0,65,3495
BIHAR,TOTAL,2003,3771,3540,298,1970,4854,1341,2463,2986,20248,0,8029,1947,669,8884,909,688,0,1880,92263
CHHATTISGARH,BALRAMPUR,2003,22,19,0,48,8,14,11,51,68,0,16,1,7,29,3,29,0,15,488
CHHATTISGARH,BILASPUR,2003,95,55,27,98,24,3,32,549,1358,0,123,22,10,480,18,165,0,87,4896
CHHATTISGARH,BIZAPUR,2003,23,38,0,16,4,32,3,8,24,0,13,0,8,29,0,5,0,1,265
CHHATTISGARH,DANTEWARA,2003,44,35,0,24,12,8,5,56,58,0,15,7,3,75,0,14,0,4,605
CHHATTISGARH,DHAMTARI,2003,14,7,0,64,16,0,4,104,236,0,21,18,7,88,3,71,0,8,1412
CHHATTISGARH,DURG,2003,58,50,0,234,42,4,45,559,1462,0,40,82,15,445,13,229,0,118,6127
CHHATTISGARH,GRP RAIPUR,2003,1,3,0,2,4,0,2,5,396,0,1,1,0,12,0,1,0,1,327
CHHATTISGARH,JAGDALPUR,2003,51,34,3,142,24,5,18,172,216,0,40,17,8,181,0,72,0,8,1923
CHHATTISGARH,JANJGIR,2003,30,23,0,94,16,1,19,171,350,0,55,28,10,380,3,84,0,42,1733
CHHATTISGARH,JASHPUR,2003,40,11,5,66,6,4,20,49,98,0,12,4,1,107,0,39,0,3,704
CHHATTISGARH,KABIRDHAM,2003,12,11,0,48,6,0,3,69,118,0,28,7,3,273,1,59,0,10,869
CHHATTISGARH,KANKER,2003,34,35,0,58,10,21,9,51,76,0,16,4,9,48,0,30,0,7,874
CHHATTISGARH,KORBA,2003,32,17,0,74,14,3,8,239,610,0,71,28,8,131,4,97,0,40,2661
CHHATTISGARH,KORIYA,2003,41,12,1,80,8,5,6,175,198,0,26,9,5,144,0,66,0,24,1313
CHHATTISGARH,MAHASAMUND,2003,21,11,5,60,6,1,6,130,246,0,24,8,0,206,2,39,0,24,1412
CHHATTISGARH,NARAYANPUR,2003,11,13,0,6,2,7,1,9,20,0,0,0,5,9,0,0,0,1,114
CHHATTISGARH,RAIGARH,2003,46,27,0,72,30,5,34,224,478,0,56,19,11,154,2,94,0,32,1941
CHHATTISGARH,RAIPUR,2003,77,53,4,252,82,2,41,510,1596,0,46,117,10,487,15,185,0,116,6198
CHHATTISGARH,RAJNANDGAON,2003,36,26,6,120,16,7,16,214,300,0,32,25,13,113,13,67,0,28,2247
CHHATTISGARH,SARGUJA,2003,88,33,0,238,24,32,48,276,432,0,68,15,18,262,2,135,0,32,2340
CHHATTISGARH,TOTAL,2003,776,513,51,1796,354,154,331,3621,8340,0,703,412,151,3653,79,1481,0,601,38449
GOA,NORTH GOA,2003,22,8,3,44,16,5,12,180,546,0,34,70,14,101,1,11,0,9,1330
GOA,SOUTH GOA,2003,12,17,3,18,12,0,9,77,382,0,13,36,4,97,1,8,0,15,914
GOA,TOTAL,2003,34,25,6,62,28,5,21,257,928,0,47,106,18,198,2,19,0,24,2244
GUJARAT,AHMEDABAD COMMR.,2003,90,68,3,36,314,37,365,959,10754,0,212,394,10,1371,3,50,0,595,16199
GUJARAT,AHMEDABAD RURAL,2003,38,11,1,6,36,15,21,97,498,0,54,22,8,357,1,18,0,61,2638
GUJARAT,AHWA-DANG,2003,6,1,0,0,0,1,2,2,10,0,4,0,1,19,0,2,0,3,104
GUJARAT,AMRELI,2003,19,11,0,12,56,0,26,88,328,0,27,16,8,328,0,24,0,98,1940
GUJARAT,ANAND,2003,28,21,2,10,72,11,19,170,864,0,40,65,13,518,0,24,0,130,3512
GUJARAT,BHARUCH,2003,43,9,0,10,56,11,31,120,940,0,27,37,26,359,0,19,0,69,2793
GUJARAT,BHAVNAGAR,2003,57,36,0,10,140,15,39,304,1222,0,116,95,35,119,6,36,0,126,4815
GUJARAT,DAHOD,2003,43,7,0,0,38,27,69,88,244,0,37,2,39,275,0,22,0,15,1537
GUJARAT,GANDHINAGAR,2003,23,12,0,0,68,5,64,157,1234,0,66,32,13,332,2,25,0,113,3380
GUJARAT,HIMATNAGAR,2003,42,12,1,12,88,14,30,200,662,0,58,70,23,339,2,47,0,160,4182
GUJARAT,JAMNAGAR,2003,34,19,1,20,54,2,19,232,776,0,40,34,29,342,0,20,0,150,3225
GUJARAT,JUNAGADH,2003,52,20,0,26,94,14,37,243,1256,0,95,104,39,449,6,40,0,312,4832
GUJARAT,KHEDA NORTH,2003,46,13,2,22,98,11,18,149,732,0,42,72,16,431,0,27,0,125,3627
GUJARAT,KUTCH,2003,30,22,2,14,50,12,29,240,570,0,57,47,16,425,0,26,0,165,3272
GUJARAT,MEHSANA,2003,37,31,0,14,114,15,53,251,1398,0,93,91,16,1166,0,34,0,207,4789
GUJARAT,NARMADA,2003,13,1,0,8,6,4,0,21,64,0,9,3,4,83,0,4,0,7,477
GUJARAT,NAVSARI,2003,26,7,0,4,20,4,7,86,276,0,16,24,1,105,0,6,0,15,1402
GUJARAT,PALANPUR,2003,38,20,1,40,84,6,44,234,662,0,77,98,18,1267,0,47,0,135,3788
GUJARAT,PANCHMAHAL,2003,45,8,1,22,62,35,25,109,674,0,51,24,37,338,0,34,0,74,2192
GUJARAT,PATAN,2003,17,11,1,4,30,3,9,99,464,0,64,38,9,361,0,21,0,112,2357
GUJARAT,PORBANDAR,2003,8,6,1,2,14,0,2,35,156,0,14,15,2,100,0,7,0,44,958
GUJARAT,RAJKOT COMMR.,2003,37,12,1,10,68,7,51,350,3050,0,98,77,16,357,5,8,0,158,4802
GUJARAT,RAJKOT RURAL,2003,38,23,1,28,96,9,34,210,914,0,78,11,47,432,4,35,0,174,4319
GUJARAT,SURAT COMMR.,2003,75,16,5,50,124,19,57,388,3498,0,64,239,7,428,19,17,0,126,4401
GUJARAT,SURAT RURAL,2003,52,11,0,22,32,6,14,99,406,0,32,39,16,280,0,21,0,204,2156
GUJARAT,SURENDRANAGAR,2003,25,14,0,32,64,10,19,130,576,0,57,22,16,983,6,42,0,53,3051
GUJARAT,VADODARA COMMR.,2003,38,28,1,16,72,6,44,434,2770,0,195,197,20,366,0,17,0,136,5712
GUJARAT,VADODARA RURAL,2003,74,17,1,28,104,21,23,94,516,0,63,49,18,440,0,33,0,76,3215
GUJARAT,VALSAD,2003,31,7,4,10,26,22,27,234,738,0,33,47,13,214,0,7,0,37,2481
GUJARAT,W.RLY,2003,9,4,0,4,8,10,89,21,2356,0,5,11,0,27,0,9,0,4,1553
GUJARAT,TOTAL,2003,1114,478,29,472,2088,352,1267,5844,38608,0,1824,1975,516,12611,54,722,0,3684,103709
HARYANA,AMBALA,2003,26,16,3,20,52,3,14,236,416,0,2,73,9,190,7,17,0,129,1898
HARYANA,BHIWANI,2003,47,22,3,30,34,8,29,163,380,0,92,56,13,237,28,17,0,69,1994
HARYANA,FARIDABAD,2003,57,30,2,72,140,25,20,264,1402,0,132,38,12,300,14,34,0,136,7110
HARYANA,FATEHABAD,2003,18,16,4,14,30,3,6,71,176,0,16,29,5,177,3,11,0,47,938
HARYANA,GRP,2003,19,6,0,2,0,4,2,0,298,0,9,6,0,5,3,0,0,0,729
HARYANA,GURGAON,2003,62,33,6,64,88,24,40,359,1634,0,64,38,9,227,13,17,0,101,3683
HARYANA,HISSAR,2003,50,26,4,32,54,32,14,199,720,0,27,138,7,270,17,35,0,80,2355
HARYANA,JHAJJAR,2003,39,28,3,18,16,9,13,73,270,0,53,29,0,147,17,32,0,92,1272
HARYANA,JIND,2003,33,20,13,34,22,11,3,86,254,0,53,23,4,127,10,7,0,34,1084
HARYANA,KAITHAL,2003,18,16,2,30,8,12,10,89,376,0,0,15,6,222,8,14,0,125,1206
HARYANA,KARNAL,2003,41,33,4,54,44,15,18,203,760,0,44,46,8,641,14,18,0,173,2215
HARYANA,KURUKSHETRA,2003,30,15,3,46,22,7,15,146,722,0,0,135,6,188,12,23,0,92,1804
HARYANA,MAHENDRAGARH,2003,16,10,3,20,22,4,3,88,216,0,48,7,4,140,4,12,0,27,1235
HARYANA,PANCHKULA,2003,11,4,4,24,30,6,8,113,398,0,1,54,1,14,5,10,0,56,1419
HARYANA,PANIPAT,2003,47,21,10,76,32,27,23,161,818,0,24,16,3,156,13,17,0,165,1863
HARYANA,REWARI,2003,16,10,0,22,22,6,9,111,330,0,34,14,9,140,7,22,0,34,1417
HARYANA,ROHTAK,2003,50,52,2,50,42,8,20,242,678,0,22,41,2,170,17,12,0,34,1764
HARYANA,SIRSA,2003,38,36,2,44,36,4,11,155,418,0,17,55,8,354,9,10,0,70,1515
HARYANA,SONIPAT,2003,62,37,5,30,52,43,13,127,542,0,1,55,9,300,17,21,0,68,1828
HARYANA,YAMUNANAGAR,2003,22,15,3,24,30,2,10,95,374,0,0,32,7,148,4,15,0,86,1283
HARYANA,TOTAL,2003,702,446,76,706,776,253,281,2981,11182,0,639,900,122,4153,222,344,0,1618,38612
HIMACHAL PRADESH,BILASPUR,2003,8,5,0,26,24,2,2,48,102,0,65,15,19,59,0,20,0,17,1098
HIMACHAL PRADESH,CHAMBA,2003,6,3,0,20,28,0,0,111,68,0,14,6,15,61,0,13,0,8,585
HIMACHAL PRADESH,G.R.P.,2003,0,0,0,0,0,0,0,0,0,0,0,0,0,0,0,0,0,0,1
HIMACHAL PRADESH,HAMIRPUR,2003,4,5,0,12,16,0,0,25,50,0,30,13,9,228,0,13,0,15,868
HIMACHAL PRADESH,KANGRA,2003,38,16,0,16,14,1,2,75,140,0,121,15,18,223,0,28,0,35,2015
HIMACHAL PRADESH,KINNAUR,2003,3,1,1,12,8,0,0,36,32,0,9,1,0,9,0,2,0,2,156
HIMACHAL PRADESH,KULLU,2003,14,1,2,32,16,1,3,43,58,0,30,8,6,47,2,24,0,13,747
HIMACHAL PRADESH,LAHAUL-SPITI,2003,0,0,0,4,0,0,0,2,2,0,1,1,0,1,0,0,0,1,59
HIMACHAL PRADESH,MANDI,2003,10,9,0,46,14,0,0,85,126,0,67,19,24,177,1,52,0,43,1744
HIMACHAL PRADESH,SHIMLA,2003,18,15,0,42,42,1,3,143,304,0,105,20,10,79,2,40,0,15,1963
HIMACHAL PRADESH,SIRMAUR,2003,6,4,1,16,30,0,2,28,76,0,63,10,6,58,1,24,0,18,663
HIMACHAL PRADESH,SOLAN,2003,13,8,1,22,20,1,1,58,176,0,63,11,7,339,0,24,0,24,1332
HIMACHAL PRADESH,UNA,2003,5,7,0,4,14,2,6,53,120,0,42,11,7,104,0,10,0,30,780
HIMACHAL PRADESH,TOTAL,2003,125,74,5,252,226,8,19,707,1254,0,610,130,121,1385,6,250,0,221,12011
JAMMU & KASHMIR,ANANTNAG,2003,77,71,5,18,162,3,19,125,210,0,102,21,35,27,0,63,0,0,1347
JAMMU & KASHMIR,AWANTIPORA,2003,8,3,1,4,26,1,6,49,46,0,13,1,0,1,0,21,0,0,356
JAMMU & KASHMIR,BARAMULLA,2003,95,92,2,36,180,1,9,156,416,0,172,22,18,25,0,159,0,1,1815
JAMMU & KASHMIR,BORDER,2003,8,26,0,18,16,2,1,23,64,0,26,9,5,10,0,8,0,7,768
JAMMU & KASHMIR,BUDGAM,2003,48,24,5,22,92,0,1,80,238,0,82,13,13,6,0,69,0,1,921
JAMMU & KASHMIR,CRIME JAMMU,2003,1,0,0,0,0,0,0,0,0,0,0,34,0,0,0,0,0,0,36
JAMMU & KASHMIR,CRIME SRINAGAR,2003,1,0,0,0,0,0,0,0,0,0,0,74,0,0,0,0,0,0,81
JAMMU & KASHMIR,DODA,2003,87,95,0,12,38,0,7,47,46,0,28,11,26,18,0,8,0,3,761
JAMMU & KASHMIR,GANDERBAL,2003,15,10,1,16,90,0,2,39,106,0,92,3,15,0,0,82,0,1,588
JAMMU & KASHMIR,HANDWARA,2003,39,60,2,4,44,0,9,26,58,0,52,5,10,3,0,24,0,1,426
JAMMU & KASHMIR,JAMMU,2003,34,63,6,40,114,0,10,252,726,0,56,50,14,37,3,12,0,21,3370
JAMMU & KASHMIR,KARGIL,2003,0,0,0,2,12,0,0,4,8,0,7,2,1,0,0,0,0,0,83
JAMMU & KASHMIR,KATHUA,2003,16,28,0,26,40,2,2,48,92,0,56,15,7,27,0,8,0,7,1046
JAMMU & KASHMIR,KULGAM,2003,43,8,0,10,100,0,11,40,58,0,46,12,8,5,0,23,0,0,563
JAMMU & KASHMIR,KUPWARA,2003,38,151,0,10,70,0,1,32,84,0,49,16,2,6,0,68,0,0,713
JAMMU & KASHMIR,LEH,2003,0,1,0,6,2,0,0,2,6,0,6,1,0,0,0,2,0,0,142
JAMMU & KASHMIR,POONCH,2003,111,113,0,24,24,0,0,18,122,0,19,8,27,38,0,11,0,1,727
JAMMU & KASHMIR,PULWAMA,2003,70,80,3,20,96,7,22,79,248,0,131,5,21,32,2,38,0,0,956
JAMMU & KASHMIR,RAILWAYS,2003,0,0,0,2,0,0,0,0,28,0,0,1,0,0,0,1,0,0,25
JAMMU & KASHMIR,RAJOURI,2003,86,135,0,56,38,2,1,51,92,0,22,11,49,26,2,8,0,14,1303
JAMMU & KASHMIR,RAMBAN,2003,53,94,1,20,20,0,0,19,32,0,17,6,26,8,0,8,0,0,609
JAMMU & KASHMIR,REASI,2003,33,52,0,16,12,3,0,9,20,0,0,5,7,3,0,2,0,0,275
JAMMU & KASHMIR,SRINAGAR,2003,56,94,3,46,228,2,51,344,1026,0,138,79,34,29,0,249,0,6,3109
JAMMU & KASHMIR,UDHAMPUR,2003,10,16,0,14,20,0,2,83,172,0,53,4,10,9,3,11,0,8,1213
JAMMU & KASHMIR,TOTAL,2003,929,1216,29,422,1424,23,154,1526,3898,0,1167,408,328,310,10,875,0,71,21233
JHARKHAND,BOKARO,2003,58,108,2,96,80,45,64,122,850,0,180,24,10,422,29,32,0,16,2154
JHARKHAND,CHAIBASA,2003,129,42,34,76,42,7,17,34,196,0,39,2,9,16,0,17,0,8,735
JHARKHAND,CHATRA,2003,35,2,3,28,14,29,23,18,160,0,130,10,5,0,16,2,0,0,1038
JHARKHAND,DEOGHAR,2003,55,40,5,106,16,14,31,89,214,0,184,16,7,167,14,14,0,20,1582
JHARKHAND,DHANBAD,2003,92,31,7,86,110,61,50,190,1146,0,218,77,15,308,30,47,0,18,3227
JHARKHAND,DHANBAD RLY.,2003,9,1,0,0,8,41,33,9,240,0,20,5,0,0,1,1,0,0,363
JHARKHAND,DUMKA,2003,57,142,3,98,38,9,9,51,152,0,22,13,13,16,9,23,0,69,967
JHARKHAND,GARHWA,2003,32,21,3,46,36,25,26,33,134,0,156,10,12,71,13,5,0,12,985
JHARKHAND,GIRIDIH,2003,65,27,7,70,62,65,50,116,472,0,128,32,24,62,42,52,0,37,2386
JHARKHAND,GODDA,2003,31,36,0,152,50,9,15,46,258,0,124,20,0,302,4,0,0,56,2195
JHARKHAND,GUMLA,2003,131,24,12,62,28,32,33,41,112,0,43,9,3,0,0,14,0,11,769
JHARKHAND,HAZARIBAGH,2003,81,42,11,80,72,108,102,132,812,0,295,47,4,403,41,57,0,30,2839
JHARKHAND,JAMSHEDPUR,2003,49,112,5,56,74,16,36,108,872,0,122,82,3,270,12,23,0,58,2138
JHARKHAND,JAMSHEDPUR RLY.,2003,6,0,0,4,4,9,11,7,168,0,23,2,0,0,3,0,0,0,235
JHARKHAND,JAMTARA,2003,17,6,3,70,24,3,7,16,84,0,36,4,0,123,5,6,0,26,476
JHARKHAND,KODERMA,2003,30,25,0,0,0,39,24,13,70,0,103,15,4,187,7,8,0,37,751
JHARKHAND,LATEHAR,2003,43,14,3,20,2,48,22,69,84,0,28,1,0,38,0,5,0,3,519
JHARKHAND,LOHARDAGGA,2003,44,9,1,30,14,3,23,16,56,0,28,5,3,7,0,4,0,12,448
JHARKHAND,PAKUR,2003,27,29,4,62,24,7,13,25,90,0,57,14,9,141,0,3,0,10,526
JHARKHAND,PALAMU,2003,70,24,1,26,28,51,31,62,134,0,194,23,7,404,11,4,0,13,1603
JHARKHAND,RANCHI,2003,250,136,0,110,140,98,183,214,1480,0,264,53,7,0,9,73,0,61,4277
JHARKHAND,SAHEBGANJ,2003,61,43,3,46,32,5,12,24,138,0,25,8,8,31,9,17,0,19,642
JHARKHAND,SARAIKELA,2003,60,42,0,62,52,5,32,22,324,0,33,5,0,19,7,14,0,36,973
JHARKHAND,SIMDEGA,2003,50,1,2,38,24,10,17,11,64,0,29,2,4,75,0,3,0,7,375
JHARKHAND,TOTAL,2003,1482,957,109,1424,974,739,864,1468,8310,0,2481,479,147,3062,262,424,0,559,32203
KARNATAKA,BAGALKOT,2003,50,28,6,24,32,1,7,84,224,0,180,20,17,342,2,44,0,45,1951
KARNATAKA,BANGALORE COMMR.,2003,216,280,1,68,264,92,311,1713,14246,0,273,1780,0,3847,34,213,0,213,29260
KARNATAKA,BANGALORE RURAL,2003,128,85,17,54,68,17,49,462,1728,0,465,54,103,1363,31,107,0,130,7409
KARNATAKA,BELGAUM,2003,107,39,3,22,56,17,41,205,596,0,243,111,18,703,12,45,0,93,4494
KARNATAKA,BELLARY,2003,48,41,0,28,24,5,16,128,530,0,218,34,14,528,2,58,0,36,3302
KARNATAKA,BIDAR,2003,37,57,3,12,44,10,43,210,452,0,144,36,27,1142,5,45,0,67,4069
KARNATAKA,BIJAPUR,2003,55,33,2,18,36,5,15,108,230,0,226,22,13,634,4,68,0,83,4283
KARNATAKA,CHAMARAJNAGAR,2003,25,16,0,6,4,4,4,76,242,0,87,19,8,358,4,40,0,19,1171
KARNATAKA,CHICKMAGALUR,2003,28,30,1,24,28,8,13,213,616,0,150,6,10,916,4,49,0,89,3013
KARNATAKA,CHITRADURGA,2003,42,20,0,38,30,5,10,135,370,0,326,27,5,840,6,43,0,32,3276
KARNATAKA,DAKSHIN KANNADA,2003,35,30,1,6,20,7,7,163,440,0,194,40,22,508,2,23,0,31,3521
KARNATAKA,DAVANAGERE,2003,28,20,3,32,28,11,35,192,658,0,277,47,0,584,10,56,0,78,2988
KARNATAKA,DHARWAD COMMR.,2003,23,18,0,6,22,5,16,126,576,0,80,81,0,183,3,3,0,28,1793
KARNATAKA,DHARWAD RURAL,2003,28,11,3,10,0,8,6,39,120,0,106,12,3,137,3,11,0,12,903
KARNATAKA,GADAG,2003,16,12,0,2,8,5,1,56,124,0,98,14,7,150,1,12,0,13,842
KARNATAKA,GULBARGA,2003,88,72,3,28,58,8,33,199,380,0,334,67,62,1193,5,150,0,103,4278
KARNATAKA,HASSAN,2003,53,67,0,32,40,9,39,257,696,0,200,34,25,1395,3,78,0,43,4196
KARNATAKA,HAVERI,2003,25,8,0,6,16,8,4,59,226,0,239,20,0,252,1,33,0,17,1827
KARNATAKA,K.G.F.,2003,12,20,1,10,8,3,11,78,246,0,66,23,0,281,7,21,0,17,920
KARNATAKA,KODAGU,2003,32,24,0,22,12,5,6,132,138,0,89,11,3,354,1,27,0,18,1282
KARNATAKA,KOLAR,2003,65,56,1,28,64,1,22,153,714,0,298,35,0,667,10,32,0,52,3213
KARNATAKA,KOPPAL,2003,24,23,0,24,10,8,13,53,136,0,97,15,1,180,5,18,0,27,1135
KARNATAKA,MANDYA,2003,57,59,0,26,16,5,22,179,610,0,299,20,0,966,5,65,0,77,3755
KARNATAKA,MYSORE COMMR.,2003,26,22,0,16,18,4,49,132,648,0,47,43,0,361,5,14,0,44,1819
KARNATAKA,MYSORE RURAL,2003,40,23,0,8,10,2,16,176,382,0,158,9,0,812,7,59,0,45,2374
KARNATAKA,RAICHUR,2003,37,26,8,24,32,5,8,126,248,0,217,72,9,505,7,61,0,79,2334
KARNATAKA,RAILWAYS,2003,13,3,1,0,4,7,9,0,1076,0,15,3,0,20,1,2,0,0,812
KARNATAKA,SHIMOGA,2003,51,40,0,30,42,8,21,156,532,0,242,33,14,915,4,73,0,127,3706
KARNATAKA,TUMKUR,2003,79,46,2,28,48,6,19,260,792,0,179,34,48,1027,10,77,0,38,4003
KARNATAKA,UDUPI,2003,15,10,2,10,18,3,9,121,214,0,144,19,4,354,0,21,0,23,2170
KARNATAKA,UTTAR KANNADA,2003,23,22,0,0,2,3,6,64,170,0,93,11,2,396,0,37,0,25,2306
KARNATAKA,TOTAL,2003,1506,1241,58,642,1062,285,861,6055,28360,0,5784,2752,415,21913,194,1585,0,1704,112405
KERALA,ALAPUZHA,2003,23,37,0,20,24,5,38,200,340,0,385,121,27,1179,3,124,0,178,6975
KERALA,CBCID,2003,18,5,0,2,8,1,2,5,20,0,8,32,3,3,0,0,0,2,232
KERALA,ERNAKULAM COMMR.,2003,21,28,7,22,22,26,66,304,972,0,221,290,15,531,0,77,0,54,6829
KERALA,ERNAKULAM RURAL,2003,25,38,16,44,24,12,28,292,646,0,348,115,17,1150,2,109,0,92,8080
KERALA,IDUKKI,2003,28,14,0,28,0,1,16,155,334,0,233,65,17,1309,0,93,0,104,4252
KERALA,KANNUR,2003,12,38,7,26,8,8,13,218,328,0,505,81,0,804,0,65,0,174,4273
KERALA,KASARGOD,2003,24,19,9,30,18,6,16,143,338,0,372,69,36,635,0,71,0,66,2843
KERALA,KOLLAM,2003,36,22,97,106,48,8,28,260,658,0,712,158,58,2215,5,317,0,365,9380
KERALA,KOTTAYAM,2003,19,25,7,50,30,4,45,357,654,0,316,279,14,1697,0,141,0,115,6684
KERALA,KOZHIKODE COMMR.,2003,14,14,18,20,14,4,23,494,670,0,399,233,15,546,2,50,0,157,4717
KERALA,KOZHIKODE RURAL,2003,8,17,31,48,12,9,6,141,308,0,458,165,48,571,1,76,0,210,3982
KERALA,MALAPPURAM,2003,18,17,25,84,22,8,9,296,530,0,441,289,14,753,2,57,0,460,5909
KERALA,PALAKKAD,2003,52,41,25,94,24,13,35,281,524,0,458,157,46,1143,3,140,0,214,5465
KERALA,PATHANAMTHITTA,2003,27,10,31,26,0,1,25,130,288,0,221,59,22,867,2,94,0,116,4206
KERALA,RAILWAYS,2003,3,0,1,0,0,0,4,2,314,0,10,2,0,16,0,0,0,0,240
KERALA,THRISSUR,2003,39,35,33,58,40,26,89,333,976,0,658,388,2,1224,3,157,0,224,9797
KERALA,TRIVANDRUM COMMR.,2003,10,53,16,34,28,14,113,334,884,0,311,277,13,893,2,114,0,82,5189
KERALA,TRIVANDRUM RURAL,2003,37,27,11,56,56,12,64,360,618,0,488,173,53,1687,7,212,0,232,7544
KERALA,WAYANADU,2003,21,8,9,40,0,3,14,104,380,0,254,108,13,473,1,50,0,85,2227
KERALA,TOTAL,2003,435,448,343,788,378,161,634,4409,9782,0,6798,3061,413,17696,33,1947,0,2930,98824
MADHYA PRADESH,ANUPPUR,2003,10,4,0,20,2,1,3,55,92,0,3,3,0,18,1,14,0,3,633
MADHYA PRADESH,ASHOK NAGAR,2003,24,24,3,66,10,1,11,119,202,0,56,3,20,860,6,140,0,36,2195
MADHYA PRADESH,BALAGHAT,2003,55,25,2,122,14,3,12,171,328,0,36,8,13,382,10,134,0,69,2895
MADHYA PRADESH,BARWANI,2003,45,24,0,76,18,11,15,93,242,0,39,10,6,326,4,88,0,23,2252
MADHYA PRADESH,BETUL,2003,65,51,4,274,48,1,11,229,380,0,20,27,13,442,9,171,0,51,3313
MADHYA PRADESH,BHIND,2003,61,101,3,50,56,11,40,191,500,0,100,32,28,639,24,94,0,53,3647
MADHYA PRADESH,BHOPAL,2003,54,111,0,186,110,5,97,978,3280,0,92,109,20,646,16,252,0,142,14689
MADHYA PRADESH,BHOPAL RLY.,2003,5,2,1,6,2,2,25,32,2172,0,5,8,1,2,2,14,0,1,1504
MADHYA PRADESH,BURHANPUR,2003,6,2,0,14,0,1,2,17,74,0,5,4,0,102,1,22,0,13,456
MADHYA PRADESH,CHHATARPUR,2003,55,69,1,112,22,4,32,228,270,0,49,11,22,542,17,164,0,50,3042
MADHYA PRADESH,CHHINDWARA,2003,45,34,5,164,28,2,9,164,362,0,26,27,20,1071,12,187,0,78,3539
MADHYA PRADESH,DAMOH,2003,47,50,0,98,36,0,19,146,228,0,18,9,7,1123,27,179,0,64,2676
MADHYA PRADESH,DATIYA,2003,55,39,0,60,26,3,31,99,264,0,19,14,10,391,10,66,0,35,1987
MADHYA PRADESH,DEWAS,2003,57,85,2,176,68,33,67,366,1998,0,112,44,31,396,12,213,0,196,8478
MADHYA PRADESH,DHAR,2003,87,86,0,164,54,22,46,261,1030,0,138,11,46,586,40,200,0,85,4938
MADHYA PRADESH,DINDORI,2003,14,3,0,74,4,0,5,61,88,0,5,10,6,109,1,64,0,22,1035
MADHYA PRADESH,GUNA,2003,37,32,8,166,16,1,21,258,508,0,76,21,16,953,9,175,0,68,3578
MADHYA PRADESH,GWALIOR,2003,91,137,8,144,162,18,112,997,1934,0,151,109,9,847,24,161,0,125,7833
MADHYA PRADESH,HARDA,2003,13,10,0,50,2,4,14,42,166,0,7,3,3,277,3,52,0,22,828
MADHYA PRADESH,HOSHANGABAD,2003,49,53,68,140,20,3,48,337,714,0,29,19,12,465,19,127,0,52,3361
MADHYA PRADESH,INDORE,2003,93,129,3,154,122,13,162,966,5712,0,134,123,42,974,22,240,0,298,15998
MADHYA PRADESH,INDORE RLY.,2003,4,2,1,0,0,0,4,4,222,0,3,4,0,8,1,3,0,0,202
MADHYA PRADESH,JABALPUR,2003,92,131,0,206,90,7,96,635,2302,0,95,84,18,3420,57,297,0,108,10004
MADHYA PRADESH,JABALPUR RLY.,2003,1,3,0,0,6,4,16,8,446,0,1,1,0,15,0,4,0,0,397
MADHYA PRADESH,JHABUA,2003,119,101,15,72,74,17,18,143,428,0,46,17,47,634,0,112,0,12,3371
MADHYA PRADESH,KATNI,2003,35,34,3,74,12,3,27,190,450,0,30,16,6,886,17,137,0,61,2557
MADHYA PRADESH,KHANDWA,2003,31,30,0,106,40,5,9,225,444,0,37,23,6,34,6,157,0,23,2791
MADHYA PRADESH,KHARGON,2003,37,36,7,100,26,20,18,259,1292,0,77,27,6,393,5,184,0,43,4161
MADHYA PRADESH,MANDLA,2003,37,15,1,78,4,0,5,92,226,0,20,17,4,344,4,143,0,44,2147
MADHYA PRADESH,MANDSAUR,2003,30,27,0,90,24,5,33,231,826,0,52,33,21,306,4,126,0,54,2758
MADHYA PRADESH,MORENA,2003,57,65,4,80,64,8,42,248,916,0,167,29,14,783,23,93,0,41,4487
MADHYA PRADESH,NARSINGHPUR,2003,44,39,2,80,6,1,19,101,254,0,28,11,15,898,15,134,0,34,2146
MADHYA PRADESH,NEEMUCH,2003,13,15,2,62,18,5,18,225,626,0,36,20,11,319,4,65,0,65,2116
MADHYA PRADESH,PANNA,2003,36,16,1,64,14,0,15,100,244,0,14,5,9,72,21,92,0,26,1632
MADHYA PRADESH,RAISEN,2003,35,50,0,150,16,1,16,153,416,0,33,10,7,231,17,176,0,46,3376
MADHYA PRADESH,RAJGARH,2003,31,48,1,176,18,1,35,214,656,0,121,10,35,367,2,163,0,83,4066
MADHYA PRADESH,RATLAM,2003,45,46,3,124,28,9,18,169,886,0,24,37,19,315,5,132,0,50,3447
MADHYA PRADESH,REWA,2003,57,46,0,82,72,15,59,723,786,0,49,16,26,582,28,110,0,44,4450
MADHYA PRADESH,SAGAR,2003,59,109,0,242,60,1,32,411,1042,0,103,34,35,2040,27,388,0,127,6856
MADHYA PRADESH,SATNA,2003,61,59,0,118,36,2,38,330,724,0,34,17,21,910,33,187,0,57,4537
MADHYA PRADESH,SEONI,2003,27,24,2,108,2,0,13,103,186,0,28,14,5,375,6,86,0,25,1895
MADHYA PRADESH,SHAHDOL,2003,60,21,8,136,24,0,31,340,602,0,29,15,28,322,13,221,0,120,4165
MADHYA PRADESH,SHAJAPUR,2003,31,51,3,142,26,4,43,268,1070,0,103,23,31,1037,10,166,0,79,3718
MADHYA PRADESH,SHEOPUR,2003,15,28,0,38,8,5,7,58,192,0,37,9,2,227,1,51,0,11,1254
MADHYA PRADESH,SHIVPURI,2003,60,66,0,138,94,0,21,191,420,0,109,16,12,400,13,130,0,32,3473
MADHYA PRADESH,SIDHI,2003,44,19,5,76,52,3,16,342,606,0,32,27,18,446,17,121,0,27,3717
MADHYA PRADESH,SIHORE,2003,32,32,2,172,12,0,24,154,672,0,24,21,12,369,6,87,0,32,3212
MADHYA PRADESH,TIKAMGARH,2003,40,31,0,100,30,2,14,169,308,0,47,14,23,912,20,98,0,21,2678
MADHYA PRADESH,UJJAIN,2003,58,146,1,118,80,12,73,602,2348,0,91,48,44,813,7,172,0,125,7634
MADHYA PRADESH,UMARIYA,2003,27,4,34,40,0,2,16,111,138,0,17,8,8,143,5,59,0,22,1244
MADHYA PRADESH,VIDISHA,2003,41,48,0,188,18,23,20,275,572,0,122,11,60,606,12,197,0,40,3710
MADHYA PRADESH,TOTAL,2003,2227,2413,203,5476,1774,294,1578,12884,40844,0,2729,1222,868,29358,648,6848,0,2938,191078
MAHARASHTRA,AHMEDNAGAR,2003,101,38,2,88,54,30,102,302,1572,0,254,77,44,575,15,51,0,287,4251
MAHARASHTRA,AKOLA,2003,48,38,0,58,58,11,45,298,1454,0,89,70,28,832,9,80,0,132,3900
MAHARASHTRA,AMRAVATI COMMR.,2003,31,25,2,52,30,9,35,316,1896,0,85,38,20,435,3,45,0,77,2986
MAHARASHTRA,AMRAVATI RURAL,2003,53,38,3,94,34,11,31,343,1804,0,138,29,70,855,8,118,0,151,3763
MAHARASHTRA,AURANGABAD COMMR.,2003,28,26,1,16,38,22,49,234,1012,0,126,111,11,339,4,25,0,130,2286
MAHARASHTRA,AURANGABAD RURAL,2003,60,24,0,28,8,12,47,110,562,0,165,35,53,798,32,48,0,190,2675
MAHARASHTRA,BEED,2003,72,55,1,50,34,30,73,282,1198,0,318,47,53,992,10,58,0,186,3887
MAHARASHTRA,BHANDARA,2003,30,7,1,82,14,3,12,224,722,0,73,19,30,378,7,54,0,69,2313
MAHARASHTRA,BULDHANA,2003,53,33,4,78,34,19,40,239,1446,0,167,69,86,825,61,106,0,164,3821
MAHARASHTRA,CHANDRAPUR,2003,41,21,8,72,26,9,29,295,1148,0,116,47,27,508,3,85,0,101,3033
MAHARASHTRA,DHULE,2003,32,13,2,14,10,5,3,82,438,0,61,38,3,290,2,18,0,90,1754
MAHARASHTRA,GADCHIROLI,2003,58,28,4,60,34,9,7,113,262,0,21,8,51,282,2,57,0,81,1501
MAHARASHTRA,GONDIA,2003,41,13,1,50,24,8,9,214,600,0,27,13,15,360,6,93,0,74,1875
MAHARASHTRA,HINGOLI,2003,28,29,1,28,14,4,44,98,284,0,107,31,25,488,1,36,0,112,1735
MAHARASHTRA,JALGAON,2003,82,39,3,76,40,15,28,228,950,0,135,147,19,822,8,79,0,239,3927
MAHARASHTRA,JALNA,2003,53,25,1,16,30,7,43,165,618,0,146,44,28,644,15,53,0,204,2430
MAHARASHTRA,KOLHAPUR,2003,66,40,7,30,36,5,24,229,1016,0,148,304,16,567,25,47,0,64,3358
MAHARASHTRA,LATUR,2003,56,34,0,42,30,6,34,100,582,0,175,58,37,950,31,49,0,80,3074
MAHARASHTRA,MUMBAI,2003,242,115,8,266,300,83,239,2550,19586,0,131,1178,7,3562,8,282,0,199,25686
MAHARASHTRA,MUMBAI RLY.,2003,9,8,0,8,4,3,32,3,3178,0,9,36,0,28,1,16,0,0,1841
MAHARASHTRA,NAGPUR COMMR.,2003,104,40,0,52,72,53,172,1079,4044,0,165,151,14,783,4,36,0,136,7357
MAHARASHTRA,NAGPUR RLY.,2003,8,2,0,2,4,2,12,3,1880,0,4,2,0,29,0,5,0,0,1169
MAHARASHTRA,NAGPUR RURAL,2003,73,28,5,104,46,9,63,341,1720,0,112,47,62,758,5,95,0,111,4644
MAHARASHTRA,NANDED,2003,71,90,1,66,48,33,74,362,1036,0,219,131,73,1508,16,78,0,229,5829
MAHARASHTRA,NANDURBAR,2003,43,13,0,20,20,11,11,89,268,0,91,23,5,277,2,34,0,77,1283
MAHARASHTRA,NASIK COMMR.,2003,27,20,1,22,28,16,31,375,1410,0,86,101,4,233,4,18,0,116,2542
MAHARASHTRA,NASIK RURAL,2003,110,46,5,108,40,33,51,260,894,0,277,95,41,806,3,84,0,358,4384
MAHARASHTRA,NAVI MUMBAI,2003,50,19,0,32,34,29,49,318,1564,0,67,145,1,319,6,28,0,55,2861
MAHARASHTRA,OSMANABAD,2003,38,16,2,24,14,6,17,191,658,0,153,25,15,727,3,37,0,92,2507
MAHARASHTRA,PARBHANI,2003,52,30,1,26,24,26,56,151,410,0,131,60,25,966,7,49,0,149,2350
MAHARASHTRA,PUNE COMMR.,2003,110,54,4,80,92,19,97,868,5480,0,531,462,7,983,2,61,0,166,8813
MAHARASHTRA,PUNE RLY.,2003,0,0,0,6,0,0,4,0,384,0,2,3,1,1,0,1,0,0,261
MAHARASHTRA,PUNE RURAL,2003,127,26,6,58,52,27,58,283,1322,0,143,87,21,563,7,55,0,165,4479
MAHARASHTRA,RAIGAD,2003,50,22,1,50,38,19,26,156,548,0,129,47,14,281,2,42,0,57,2179
MAHARASHTRA,RATNAGIRI,2003,20,14,3,32,10,2,5,154,356,0,48,43,17,191,0,27,0,47,1272
MAHARASHTRA,SANGLI,2003,78,24,5,94,48,13,19,187,996,0,93,153,33,414,7,39,0,87,2713
MAHARASHTRA,SATARA,2003,61,20,0,34,28,23,34,213,1012,0,88,79,16,413,8,42,0,156,3164
MAHARASHTRA,SINDHUDURG,2003,14,4,1,16,16,5,8,97,186,0,38,9,10,178,1,16,0,3,810
MAHARASHTRA,SOLAPUR COMMR.,2003,22,15,2,30,30,10,45,160,702,0,66,116,10,197,4,19,0,72,1682
MAHARASHTRA,SOLAPUR RURAL,2003,112,50,6,88,44,13,34,173,734,0,153,35,30,726,4,52,0,130,3230
MAHARASHTRA,THANE COMMR.,2003,111,63,4,102,116,43,148,929,3744,0,238,570,10,1378,4,66,0,153,6708
MAHARASHTRA,THANE RURAL,2003,149,49,7,102,64,44,85,476,1074,0,208,103,20,644,6,101,0,107,4008
MAHARASHTRA,WARDHA,2003,48,26,3,50,30,6,27,284,1310,0,48,50,53,791,1,81,0,67,3783
MAHARASHTRA,WASHIM,2003,27,24,1,30,26,11,21,100,646,0,75,21,33,514,9,60,0,119,1959
MAHARASHTRA,YAVATMAL,2003,83,68,6,100,76,9,23,218,1490,0,58,48,50,995,12,135,0,170,4223
MAHARASHTRA,TOTAL,2003,2772,1412,113,2536,1852,763,2096,13892,74196,0,5714,5005,1188,29205,368,2661,0,5452,164306
MANIPUR,BISHNUPUR,2003,22,42,1,4,20,0,0,6,22,0,8,6,1,46,0,16,0,0,274
MANIPUR,CHANDEL,2003,17,6,0,0,6,0,1,0,10,0,5,0,4,10,0,0,0,0,83
MANIPUR,CHURACHANDPUR,2003,14,21,0,0,8,0,0,3,32,0,0,1,0,4,0,2,0,0,97
MANIPUR,IMPHAL(EAST),2003,25,32,1,6,36,0,1,9,88,0,18,8,5,64,0,2,0,0,458
MANIPUR,IMPHAL(WEST),2003,28,35,1,10,82,2,1,37,262,0,32,25,25,91,0,22,0,1,941
MANIPUR,SENAPATI,2003,17,13,2,0,14,1,1,1,6,0,5,4,4,3,0,0,0,0,132
MANIPUR,TAMENGLONG,2003,3,3,0,0,0,0,0,0,10,0,0,0,1,1,0,0,0,0,24
MANIPUR,THOUBAL,2003,22,42,1,16,68,0,1,10,66,0,5,32,4,100,0,1,0,3,488
MANIPUR,UKHRUL,2003,2,5,0,0,6,0,1,2,8,0,0,0,3,5,0,1,0,0,40
MANIPUR,TOTAL,2003,150,199,6,36,240,3,6,68,504,0,73,76,47,324,0,44,0,4,2537
MEGHALAYA,GARO HILLS EAST,2003,14,16,1,2,14,4,6,19,40,0,3,3,5,11,0,0,0,0,132
MEGHALAYA,GARO HILLS SOUTH,2003,7,4,0,6,6,2,1,3,14,0,0,0,0,0,0,1,0,0,46
MEGHALAYA,GARO HILLS WEST,2003,24,8,12,12,36,13,17,21,48,0,0,4,3,14,0,5,0,0,200
MEGHALAYA,JAINTIA HILLS,2003,52,2,0,22,0,8,4,10,82,0,0,3,1,35,0,0,0,0,264
MEGHALAYA,KHASI HILLS EAST,2003,45,19,3,20,28,34,84,103,422,0,2,20,3,22,0,7,0,4,770
MEGHALAYA,KHASI HILLS WEST,2003,17,9,0,12,4,8,9,1,36,0,0,0,0,0,0,0,0,0,91
MEGHALAYA,RI-BHOI,2003,16,2,1,6,10,15,12,3,78,0,0,4,4,24,0,0,0,0,166
MEGHALAYA,TOTAL,2003,175,60,17,80,98,84,133,160,720,0,5,34,16,106,0,13,0,4,1669
MIZORAM,AIZAWL,2003,14,24,1,48,8,1,14,264,1418,0,3,41,11,48,0,25,0,3,1871
MIZORAM,CHAMPHAI,2003,6,1,1,20,2,0,2,39,134,0,0,4,1,19,0,11,0,0,221
MIZORAM,KOLASIB,2003,5,2,1,10,4,3,3,33,154,0,0,2,3,15,0,11,0,0,253
MIZORAM,LAWNGTLAI,2003,6,3,0,2,0,1,0,7,100,0,0,1,1,5,0,6,0,0,144
MIZORAM,LUNGLEI,2003,6,2,0,12,0,0,2,59,410,0,0,7,4,20,0,15,0,0,355
MIZORAM,MAMIT,2003,2,2,0,2,0,0,0,18,68,0,0,1,1,6,0,0,0,0,93
MIZORAM,SAIHA,2003,6,1,0,8,2,0,0,34,202,0,0,3,2,19,0,11,0,0,360
MIZORAM,SERCHHIP,2003,1,1,0,6,0,0,0,33,120,0,0,1,0,10,0,9,0,0,159
MIZORAM,TOTAL,2003,46,36,3,108,16,5,21,487,2606,0,3,60,23,142,0,88,0,3,3456
NAGALAND,DIMAPUR,2003,15,2,3,4,24,2,54,20,148,0,0,1,0,19,0,0,0,0,238
NAGALAND,KIPHIRE,2003,1,0,0,2,2,1,0,2,4,0,0,0,0,0,0,0,0,0,16
NAGALAND,KOHIMA,2003,28,10,0,10,4,4,16,19,106,0,0,5,0,2,0,4,0,0,245
NAGALAND,MOKOKCHUNG,2003,8,3,1,2,20,3,3,7,18,0,3,1,5,9,0,0,0,0,103
NAGALAND,MON,2003,7,7,0,4,2,6,4,10,42,0,0,1,0,5,0,0,0,0,84
NAGALAND,PEREN,2003,4,0,2,2,8,0,2,3,10,0,0,0,0,1,0,0,0,0,27
NAGALAND,PHEK,2003,8,4,2,4,12,3,5,10,6,0,1,0,0,4,0,0,0,0,65
NAGALAND,TUENSANG,2003,9,1,0,0,0,0,3,9,22,0,4,1,0,0,0,0,0,0,56
NAGALAND,WOKHA,2003,5,6,0,0,4,0,3,3,80,0,0,2,0,6,0,0,0,0,85
NAGALAND,ZUNHEBOTO,2003,6,1,0,0,0,0,2,12,6,0,0,0,0,2,0,0,0,0,57
NAGALAND,TOTAL,2003,91,34,8,28,76,19,92,95,442,0,8,11,5,48,0,4,0,0,976
ODISHA,ANGUL,2003,42,50,1,40,18,6,27,74,334,0,83,20,19,50,18,111,0,36,1614
ODISHA,BALASORE,2003,45,26,1,98,80,11,51,137,372,0,58,32,14,198,30,61,0,44,2545
ODISHA,BARAGARH,2003,27,35,10,60,8,7,19,56,248,0,83,27,13,40,10,70,0,91,1372
ODISHA,BERHAMPUR,2003,13,33,0,24,12,8,47,93,240,0,29,25,4,183,4,47,0,18,1097
ODISHA,BHADRAK,2003,17,45,0,50,42,5,21,57,164,0,48,16,19,23,21,49,0,67,1410
ODISHA,BOLANGIR,2003,24,48,0,50,8,0,26,72,246,0,100,48,10,78,0,95,0,38,1648
ODISHA,BOUDH,2003,14,6,0,22,12,0,9,23,80,0,15,2,9,25,1,32,0,10,405
ODISHA,CUTTACK,2003,47,143,138,64,64,17,113,303,1152,0,56,94,23,44,47,27,0,122,3985
ODISHA,DEOGARH,2003,12,11,0,10,22,1,7,32,52,0,21,5,4,165,0,52,0,12,502
ODISHA,DHENKANAL,2003,34,46,0,18,18,4,15,71,130,0,62,10,24,103,3,67,0,27,1187
ODISHA,GAJAPATI,2003,9,9,0,8,10,0,3,15,50,0,14,7,7,53,3,21,0,7,368
ODISHA,GANJAM,2003,54,88,4,34,18,11,33,106,314,0,85,27,25,173,13,185,0,46,2026
ODISHA,JAGATSINGHPUR,2003,22,28,6,26,46,8,24,71,278,0,16,21,9,142,12,9,0,29,1302
ODISHA,JAJPUR,2003,23,23,0,34,44,10,19,110,346,0,43,17,10,254,19,18,0,73,1630
ODISHA,JHARSUGUDA,2003,22,9,2,30,16,4,15,62,162,0,31,16,7,15,0,38,0,23,962
ODISHA,KALAHANDI,2003,14,18,2,36,18,5,24,45,164,0,48,75,3,69,5,22,0,11,780
ODISHA,KANDHAMAL,2003,25,4,1,70,48,1,7,58,156,0,14,13,10,486,2,84,0,75,945
ODISHA,KENDRAPARA,2003,26,41,0,20,32,5,8,71,166,0,10,16,3,14,12,14,0,12,930
ODISHA,KEONJHAR,2003,76,33,4,74,50,12,25,65,314,0,83,11,11,72,14,84,0,55,1973
ODISHA,KHURDA,2003,65,109,0,114,94,37,151,553,2032,0,111,160,24,1194,29,39,0,131,5271
ODISHA,KORAPUT,2003,41,27,0,76,46,4,24,99,324,0,56,31,12,41,0,82,0,51,1534
ODISHA,MALKANGIR,2003,31,16,9,34,10,1,4,17,94,0,5,7,3,73,1,16,0,6,440
ODISHA,MAYURBHANJ,2003,79,46,1,140,56,11,29,110,346,0,41,35,12,16,11,120,0,135,2213
ODISHA,NAYAGARH,2003,28,34,2,30,36,4,18,57,186,0,20,9,11,84,12,10,0,15,903
ODISHA,NOWRANGPUR,2003,17,24,3,52,32,3,9,49,134,0,56,7,5,54,0,44,0,19,708
ODISHA,NUAPADA,2003,10,6,0,12,8,0,8,17,82,0,19,11,5,34,0,21,0,16,562
ODISHA,PURI,2003,49,125,0,78,38,10,41,141,422,0,57,31,18,56,0,7,0,24,2442
ODISHA,RAYAGADA,2003,27,17,1,28,10,4,9,37,134,0,55,27,7,58,4,44,0,27,881
ODISHA,ROURKELA,2003,23,12,0,20,8,0,18,94,362,0,6,48,3,154,1,31,0,21,1178
ODISHA,SAMBALPUR,2003,29,48,1,44,20,12,36,148,440,0,31,37,6,78,1,61,0,15,1775
ODISHA,SONEPUR,2003,9,5,0,8,4,0,2,24,90,0,18,9,3,16,1,44,0,8,466
ODISHA,SRP(CUTTACK),2003,3,6,0,2,6,0,10,8,670,0,1,4,0,21,0,9,0,3,509
ODISHA,SRP(ROURKELA),2003,4,2,0,2,2,0,7,6,172,0,1,3,0,8,0,3,0,0,211
ODISHA,SUNDARGARH,2003,83,41,2,42,18,7,16,80,262,0,32,36,4,685,5,52,0,22,1507
ODISHA,TOTAL,2003,1044,1214,188,1450,954,208,875,2961,10718,0,1408,937,337,4759,279,1669,0,1289,47281
PUNJAB,AMRITSAR,2003,49,31,3,22,76,7,16,102,322,0,0,207,2,177,4,9,0,50,1422
PUNJAB,BARNALA,2003,16,23,3,30,24,1,3,34,96,0,0,82,0,58,2,12,0,52,623
PUNJAB,BATALA,2003,34,24,3,26,24,3,1,40,120,0,0,82,4,128,6,6,0,28,715
PUNJAB,BHATINDA,2003,51,24,2,30,32,1,0,119,294,0,0,230,4,189,1,20,0,36,1330
PUNJAB,FARIDKOT,2003,12,8,2,20,14,3,2,44,110,0,0,99,3,94,2,8,0,49,561
PUNJAB,FATEHGARH SAHIB,2003,11,4,3,18,16,4,3,36,60,0,0,62,0,69,1,2,0,14,482
PUNJAB,FEROZEPUR,2003,51,65,5,60,40,3,5,158,500,0,0,143,6,476,7,32,0,34,1909
PUNJAB,G.R.P,2003,10,2,2,2,2,0,2,0,52,0,0,5,1,11,3,3,0,0,377
PUNJAB,GURDASPUR,2003,23,19,4,30,10,3,3,27,60,0,0,51,1,74,4,4,0,19,669
PUNJAB,HOSHIARPUR,2003,38,22,2,60,54,11,7,84,214,0,0,128,10,198,7,13,0,51,1205
PUNJAB,JAGRAON,2003,23,27,3,24,20,3,4,50,90,0,0,58,4,117,5,9,0,34,597
PUNJAB,JALANDHAR,2003,55,79,15,66,128,20,9,256,760,0,0,507,4,370,13,27,0,107,3019
PUNJAB,KAPURTHALA,2003,22,14,3,22,22,8,4,57,128,0,0,227,1,111,2,3,0,37,887
PUNJAB,KHANNA,2003,18,15,0,14,20,9,2,48,104,0,0,44,1,104,2,7,0,14,612
PUNJAB,LUDHIANA,2003,64,66,5,76,170,21,13,350,1512,0,0,351,9,270,8,72,0,116,4663
PUNJAB,MAJITHA,2003,42,20,3,24,24,4,0,28,114,0,0,67,3,175,3,15,0,29,769
PUNJAB,MANSA,2003,17,22,2,22,14,2,3,35,106,0,0,44,1,133,6,8,0,12,546
PUNJAB,MOGA,2003,27,27,4,18,28,3,7,69,204,0,0,68,1,194,3,16,0,17,832
PUNJAB,MUKTSAR,2003,15,26,2,18,12,5,3,40,74,0,0,54,0,108,1,12,0,10,506
PUNJAB,NAWAN SHAHR,2003,15,25,0,28,30,1,4,64,170,0,0,81,9,200,1,5,0,32,737
PUNJAB,PATIALA,2003,49,32,7,66,72,17,5,221,650,0,0,257,0,421,6,28,0,138,2949
PUNJAB,ROPAR,2003,24,14,2,20,38,6,2,91,244,0,0,136,3,140,8,14,0,41,1420
PUNJAB,SANGRUR,2003,33,35,9,38,36,7,8,114,308,0,0,107,4,188,12,14,0,56,1328
PUNJAB,TARN TARAN,2003,32,20,5,26,22,5,2,27,104,0,0,33,0,119,3,7,0,11,598
PUNJAB,TOTAL,2003,731,644,89,760,928,147,108,2094,6396,0,0,3123,71,4124,110,346,0,987,28756
RAJASTHAN,AJMER,2003,47,61,3,72,200,3,48,372,1472,0,57,311,15,709,17,75,0,284,6360
RAJASTHAN,ALWAR,2003,80,134,0,100,162,4,40,222,2242,0,11,328,40,2217,42,114,0,274,7118
RAJASTHAN,BANSWARA,2003,35,26,0,106,108,4,12,96,256,0,259,42,31,1385,3,89,0,100,3171
RAJASTHAN,BARAN,2003,25,90,2,100,132,3,18,157,796,0,46,138,22,280,3,175,0,187,3486
RAJASTHAN,BARMER,2003,16,16,2,32,52,0,12,110,392,0,25,95,19,651,17,72,0,63,2424
RAJASTHAN,BHARATPUR,2003,91,92,3,82,210,9,40,81,1682,0,3,297,41,1219,30,55,0,228,7191
RAJASTHAN,BHILWARA,2003,24,56,0,84,296,2,48,262,1630,0,159,272,23,128,6,111,0,286,5890
RAJASTHAN,BIKANER,2003,50,88,0,54,82,1,12,125,704,0,4,196,14,639,14,50,0,164,3512
RAJASTHAN,BUNDI,2003,28,100,3,84,138,2,21,179,728,0,71,77,17,873,4,152,0,198,3648
RAJASTHAN,CHITTORGARH,2003,50,48,6,156,382,8,39,329,1314,0,244,265,43,2320,6,99,0,379,6574
RAJASTHAN,CHURU,2003,29,34,1,44,58,2,1,99,486,0,75,228,11,985,15,76,0,173,2866
RAJASTHAN,DAUSA,2003,33,17,0,34,80,3,5,82,822,0,82,116,17,76,3,20,0,61,3482
RAJASTHAN,DHOLPUR,2003,40,67,1,40,64,4,17,68,452,0,71,52,15,1036,21,36,0,92,2530
RAJASTHAN,DUNGARPUR,2003,30,20,2,30,58,0,9,59,110,0,105,39,24,140,10,50,0,54,1885
RAJASTHAN,G.R.P.,2003,5,8,1,0,6,7,8,3,1072,0,2,4,0,2,2,12,0,0,858
RAJASTHAN,GANGANAGAR,2003,59,143,0,150,102,1,11,230,778,0,10,531,9,1215,16,69,0,352,5236
RAJASTHAN,HANUMANGARH,2003,59,92,1,112,64,1,15,161,754,0,44,252,7,645,18,93,0,254,3818
RAJASTHAN,JAIPUR,2003,92,114,7,114,452,5,51,970,6322,0,1459,1357,54,1565,32,188,0,482,18758
RAJASTHAN,JAISALMER,2003,3,0,0,6,20,0,3,32,240,0,13,25,8,3,4,16,0,13,696
RAJASTHAN,JALORE,2003,22,21,1,12,72,0,8,69,294,0,13,87,25,51,7,72,0,75,2404
RAJASTHAN,JHALAWAR,2003,32,81,7,100,138,1,31,156,650,0,142,73,42,1107,11,141,0,191,3262
RAJASTHAN,JHUNJHUNU,2003,41,10,0,54,94,0,6,122,538,0,87,125,20,191,7,50,0,102,3607
RAJASTHAN,JODHPUR,2003,39,68,5,68,192,2,25,375,2022,0,101,511,46,2318,15,96,0,282,6824
RAJASTHAN,KARAULI,2003,28,27,0,68,152,1,10,30,534,0,23,97,26,361,13,80,0,73,3217
RAJASTHAN,KOTA,2003,35,292,0,70,268,1,41,324,1974,0,57,365,21,459,9,146,0,307,6030
RAJASTHAN,NAGAUR,2003,45,30,0,64,80,2,10,268,798,0,15,173,23,349,10,115,0,128,4476
RAJASTHAN,PALI,2003,38,54,4,54,160,1,29,233,636,0,78,184,36,42,9,184,0,190,4969
RAJASTHAN,RAJSAMAND,2003,21,3,0,24,116,1,8,87,332,0,122,103,17,1304,2,32,0,106,2639
RAJASTHAN,SAWAI MADHOPUR,2003,24,32,1,42,84,1,12,110,606,0,20,154,12,31,10,56,0,112,3098
RAJASTHAN,SIKAR,2003,33,20,1,30,82,0,4,179,552,0,159,188,29,327,17,44,0,111,3552
RAJASTHAN,SIROHI,2003,27,29,0,22,70,2,10,113,280,0,19,56,25,565,6,37,0,97,2055
RAJASTHAN,TONK,2003,20,27,5,22,120,0,13,145,582,0,182,139,10,1274,5,45,0,179,3837
RAJASTHAN,UDAIPUR,2003,61,77,5,70,182,6,38,224,862,0,294,345,42,1706,5,65,0,136,6106
RAJASTHAN,TOTAL,2003,1262,1977,61,2100,4476,77,655,6072,32912,0,4052,7225,784,26173,389,2715,0,5733,145579
SIKKIM,EAST,2003,7,4,1,10,0,0,3,33,82,0,5,10,1,31,0,11,0,1,280
SIKKIM,NORTH,2003,1,0,0,4,0,0,0,3,4,0,0,0,0,0,0,0,0,0,14
SIKKIM,SOUTH,2003,3,1,1,2,0,1,0,8,38,0,1,1,1,12,0,6,0,0,91
SIKKIM,WEST,2003,3,2,1,4,0,1,0,4,6,0,4,1,0,13,0,8,0,0,58
SIKKIM,TOTAL,2003,14,7,3,20,0,2,3,48,130,0,10,12,2,56,0,25,0,1,443
TAMIL NADU,CHENGAI,2003,84,75,0,34,78,24,25,477,2340,0,82,94,17,999,15,100,0,78,11079
TAMIL NADU,CHENNAI,2003,71,279,4,75,68,6,74,649,7558,0,43,627,1,749,18,90,0,159,8580
TAMIL NADU,CHENNAI RLY.,2003,0,1,0,0,0,2,15,0,398,0,3,2,0,32,0,4,0,0,574
TAMIL NADU,COIMBATORE RURAL,2003,72,61,1,32,38,7,35,265,2292,0,321,71,20,1027,17,79,0,97,9257
TAMIL NADU,COIMBATORE URBAN,2003,22,17,0,8,12,3,29,173,1986,0,106,69,1,115,1,18,0,24,3187
TAMIL NADU,CUDDALORE,2003,62,87,2,38,42,5,19,121,988,0,113,14,59,581,10,73,0,35,6098
TAMIL NADU,DHARMAPURI,2003,90,58,2,46,82,7,19,152,664,0,374,38,54,1205,16,91,0,36,6099
TAMIL NADU,DINDIGUL,2003,62,35,0,36,46,4,22,118,934,0,51,47,32,497,3,51,0,30,5020
TAMIL NADU,ERODE,2003,53,18,2,22,92,2,23,194,1352,0,40,36,26,2210,2,60,0,50,6052
TAMIL NADU,KANCHIPURAM,2003,48,62,0,62,32,3,3,131,942,0,75,31,4,447,11,57,0,23,5087
TAMIL NADU,KANYAKUMARI,2003,38,36,3,22,18,4,7,188,464,0,6,46,42,479,4,22,0,50,3502
TAMIL NADU,KARUR,2003,26,14,0,6,26,3,3,62,592,0,15,11,10,800,2,5,0,24,2414
TAMIL NADU,MADURAI RURAL,2003,48,73,1,44,62,22,50,115,766,0,173,61,21,1868,13,58,0,63,4110
TAMIL NADU,MADURAI URBAN,2003,27,39,1,14,48,5,12,83,936,0,64,115,6,224,10,29,0,35,3253
TAMIL NADU,NAGAPATTINAM,2003,41,57,0,10,48,2,5,82,518,0,40,16,27,1300,8,50,0,25,3636
TAMIL NADU,NAMAKKAL,2003,31,24,0,14,44,1,8,56,514,0,67,18,14,1146,6,54,0,41,3558
TAMIL NADU,NILGIRIS,2003,18,17,0,18,6,0,3,93,288,0,26,10,0,280,0,39,0,0,1599
TAMIL NADU,PERAMBALUR,2003,31,56,1,26,72,0,1,58,408,0,57,15,17,740,3,65,0,42,2438
TAMIL NADU,PUDUKOTTAI,2003,32,21,0,16,42,1,7,67,370,0,162,15,23,282,2,52,0,28,3262
TAMIL NADU,RAMNATHAPURAM,2003,26,23,0,20,30,0,5,59,434,0,158,20,25,511,3,49,0,45,2959
TAMIL NADU,SALEM RURAL,2003,78,123,2,70,138,13,14,138,714,0,306,52,36,2813,10,167,0,151,6310
TAMIL NADU,SALEM URBAN,2003,15,18,0,22,18,5,2,51,674,0,14,25,2,149,3,11,0,13,2070
TAMIL NADU,SIVAGANGAI,2003,24,33,1,8,50,0,3,67,462,0,41,31,14,337,4,17,0,34,2721
TAMIL NADU,THANJAVUR,2003,60,78,0,28,106,2,8,151,904,0,99,18,21,688,1,100,0,33,3985
TAMIL NADU,THENI,2003,35,47,0,12,14,2,14,69,492,0,104,51,19,586,4,53,0,25,3054
TAMIL NADU,THIRUNELVELI RURAL,2003,54,76,0,86,60,0,10,150,878,0,2,34,65,1445,11,122,0,41,6367
TAMIL NADU,THIRUNELVELI URBAN,2003,12,38,0,8,20,1,9,39,248,0,40,14,4,68,0,11,0,21,1065
TAMIL NADU,THIRUVALLUR,2003,25,47,0,28,46,3,8,71,558,0,140,20,24,1232,8,70,0,28,3184
TAMIL NADU,THIRUVANNAMALAI,2003,38,17,1,50,52,0,10,138,716,0,146,28,33,1185,6,37,0,22,3949
TAMIL NADU,THIRUVARUR,2003,14,38,2,18,22,0,5,75,484,0,70,12,30,891,2,71,0,19,2776
TAMIL NADU,THOOTHUGUDI,2003,76,104,1,42,70,3,20,154,1100,0,205,64,40,626,5,76,0,54,5353
TAMIL NADU,TRICHY RLY.,2003,0,0,1,0,0,0,0,3,94,0,4,2,0,16,0,0,0,0,177
TAMIL NADU,TRICHY RURAL,2003,44,39,0,14,18,3,9,59,458,0,84,19,14,826,7,16,0,44,3037
TAMIL NADU,TRICHY URBAN,2003,17,11,0,12,28,1,5,62,898,0,10,51,3,86,0,5,0,44,2470
TAMIL NADU,VELLORE,2003,87,30,0,40,84,0,5,179,1182,0,84,43,24,2431,6,43,0,17,7354
TAMIL NADU,VILLUPURAM,2003,77,54,3,78,104,2,14,159,824,0,318,23,38,726,6,100,0,62,6735
TAMIL NADU,VIRUDHUNAGAR,2003,53,37,0,54,42,2,13,141,996,0,63,61,25,631,3,77,0,62,4815
TAMIL NADU,TOTAL,2003,1591,1843,28,1113,1758,138,514,4849,36426,0,3706,1904,791,30228,220,2022,0,1555,157186
TRIPURA,DHALAI,2003,40,22,0,10,72,4,14,16,26,0,35,4,12,50,2,8,0,10,530
TRIPURA,NORTH,2003,40,15,0,72,70,8,27,27,108,0,30,5,10,99,3,38,0,75,719
TRIPURA,SOUTH,2003,38,20,0,74,36,6,12,43,106,0,81,10,26,143,3,54,0,73,897
TRIPURA,WEST,2003,136,30,0,72,114,18,16,81,312,0,128,6,35,242,12,27,0,89,1368
TRIPURA,TOTAL,2003,254,87,0,228,292,36,69,167,552,0,274,25,83,534,20,127,0,247,3514
UTTAR PRADESH,AGRA,2003,126,116,34,54,198,23,60,203,1448,0,140,122,12,360,55,59,0,183,3438
UTTAR PRADESH,ALIGARH,2003,156,167,42,48,184,17,83,93,908,0,105,77,71,236,33,27,0,108,2325
UTTAR PRADESH,ALLAHABAD,2003,119,97,39,42,114,13,44,160,718,0,84,104,14,256,40,12,0,77,2512
UTTAR PRADESH,AMBEDKAR NAGAR,2003,12,22,14,14,30,1,10,24,118,0,8,13,3,30,10,6,0,16,406
UTTAR PRADESH,AURAIYA,2003,32,16,17,8,48,4,4,20,86,0,7,50,1,93,16,11,0,13,745
UTTAR PRADESH,AZAMGARH,2003,89,62,21,12,52,4,76,76,232,0,54,67,0,242,16,18,0,45,1404
UTTAR PRADESH,BADAUN,2003,182,137,34,62,146,12,47,76,350,0,28,28,20,205,28,29,0,15,1834
UTTAR PRADESH,BAGHPAT,2003,81,33,4,24,34,9,31,15,170,0,13,20,3,21,10,9,0,23,690
UTTAR PRADESH,BAHRAICH,2003,41,21,24,10,24,14,12,38,94,0,12,23,7,118,7,8,0,17,1144
UTTAR PRADESH,BALLIA,2003,32,36,32,4,10,5,7,38,162,0,40,10,4,65,8,8,0,8,652
UTTAR PRADESH,BALRAMPUR,2003,15,4,7,6,14,1,2,18,48,0,6,11,0,19,3,1,0,6,255
UTTAR PRADESH,BANDA,2003,49,23,12,20,20,0,9,24,98,0,21,52,4,64,13,15,0,10,746
UTTAR PRADESH,BARABANKI,2003,55,33,15,24,52,11,32,67,228,0,15,23,2,119,16,11,0,27,1033
UTTAR PRADESH,BAREILLY,2003,194,122,40,64,140,16,44,107,666,0,48,91,2,310,37,27,0,84,2545
UTTAR PRADESH,BASTI,2003,38,40,17,10,22,13,14,35,152,0,34,31,4,102,14,9,0,15,1233
UTTAR PRADESH,BIJNOR,2003,81,35,17,40,66,6,28,50,300,0,29,47,4,60,24,23,0,50,1869
UTTAR PRADESH,BULANDSHAHAR,2003,144,98,29,26,72,13,37,51,648,0,33,52,1,134,25,26,0,105,1870
UTTAR PRADESH,CHANDOLI,2003,30,16,5,6,10,0,7,17,104,0,3,18,2,56,11,5,0,3,390
UTTAR PRADESH,CHITRAKOOT DHAM,2003,30,7,7,20,26,1,3,14,30,0,6,1,2,55,6,7,0,7,299
UTTAR PRADESH,DEORIA,2003,34,43,26,6,28,3,14,42,134,0,63,19,5,106,21,7,0,14,844
UTTAR PRADESH,ETAH,2003,137,141,26,36,110,7,42,52,262,0,33,36,0,220,38,19,0,37,1555
UTTAR PRADESH,ETAWAH,2003,44,44,9,4,60,4,17,43,184,0,15,46,6,54,16,12,0,18,808
UTTAR PRADESH,FAIZABAD,2003,31,26,15,20,22,3,6,35,118,0,10,0,5,151,4,6,0,2,704
UTTAR PRADESH,FATEHGARH,2003,72,42,18,14,34,5,11,35,132,0,4,22,0,44,18,9,0,19,851
UTTAR PRADESH,FATEHPUR,2003,73,31,35,6,40,1,14,33,124,0,13,26,0,109,24,4,0,15,913
UTTAR PRADESH,FIROZABAD,2003,95,89,25,24,126,6,48,36,372,0,44,37,8,253,30,33,0,51,1715
UTTAR PRADESH,G.R.P.,2003,19,12,4,6,6,16,48,1,4974,0,8,40,0,5,0,6,0,0,3278
UTTAR PRADESH,GAUTAMBUDH NAGAR,2003,66,44,9,20,54,9,22,38,850,0,28,47,1,11,14,13,0,23,1085
UTTAR PRADESH,GHAZIABAD,2003,176,110,40,30,146,5,52,122,1862,0,27,108,3,66,17,18,0,97,2627
UTTAR PRADESH,GHAZIPUR,2003,48,37,18,4,16,0,12,52,124,0,23,16,4,95,11,3,0,24,659
UTTAR PRADESH,GONDA,2003,21,22,21,10,20,4,11,49,108,0,27,15,0,50,16,3,0,4,912
UTTAR PRADESH,GORAKHPUR,2003,82,64,39,26,74,2,42,136,430,0,78,71,0,169,18,22,0,36,1690
UTTAR PRADESH,HAMIRPUR,2003,36,13,26,20,14,1,3,11,82,0,7,9,0,30,12,15,0,2,365
UTTAR PRADESH,HARDOI,2003,101,72,27,48,76,3,34,40,258,0,21,49,15,269,18,30,0,37,1446
UTTAR PRADESH,HATHRAS,2003,52,76,9,42,76,22,55,39,282,0,75,55,0,89,10,19,0,74,1387
UTTAR PRADESH,J.P.NAGAR,2003,62,28,11,12,40,11,22,44,172,0,22,30,0,44,13,4,0,24,1066
UTTAR PRADESH,JALAUN,2003,68,23,13,12,46,4,11,9,150,0,10,21,0,4,22,11,0,15,734
UTTAR PRADESH,JAUNPUR,2003,33,32,31,8,32,3,21,57,200,0,19,47,5,65,22,6,0,29,1108
UTTAR PRADESH,JHANSI,2003,54,23,14,8,40,6,21,61,246,0,35,25,0,84,8,4,0,5,1516
UTTAR PRADESH,KANNAUJ,2003,64,38,16,8,58,2,11,33,96,0,12,19,0,2,16,14,0,29,870
UTTAR PRADESH,KANPUR DEHAT,2003,37,22,27,12,52,9,16,21,214,0,20,9,5,135,22,15,0,19,1218
UTTAR PRADESH,KANPUR NAGAR,2003,187,107,38,48,168,13,67,167,1660,0,61,117,7,328,43,40,0,94,3231
UTTAR PRADESH,KAUSHAMBI,2003,56,19,11,34,16,0,11,30,90,0,11,15,4,87,16,7,0,5,503
UTTAR PRADESH,KHIRI,2003,99,89,31,56,96,43,32,55,346,0,36,50,1,257,35,30,0,60,2108
UTTAR PRADESH,KUSHI NAGAR,2003,37,17,18,10,36,6,6,32,140,0,38,33,6,106,12,11,0,14,731
UTTAR PRADESH,LALITPUR,2003,12,5,8,10,10,0,2,10,46,0,11,8,0,61,5,4,0,3,344
UTTAR PRADESH,LUCKNOW,2003,176,100,34,76,236,13,114,420,3506,0,108,300,8,78,29,63,0,216,6806
UTTAR PRADESH,MAHARAJGANJ,2003,28,16,24,8,26,3,11,27,60,0,30,19,4,52,4,7,0,2,679
UTTAR PRADESH,MAHOBA,2003,32,19,10,4,14,0,10,15,76,0,10,14,3,25,9,13,0,3,386
UTTAR PRADESH,MAINPURI,2003,108,85,31,14,60,10,31,26,192,0,28,29,1,162,31,10,0,13,1073
UTTAR PRADESH,MATHURA,2003,94,103,19,32,72,4,46,61,586,0,56,50,6,66,18,21,0,65,1520
UTTAR PRADESH,MAU,2003,38,55,13,10,22,4,29,69,130,0,31,16,4,54,9,10,0,10,745
UTTAR PRADESH,MEERUT,2003,193,139,21,80,170,22,87,158,1330,0,91,89,5,32,31,31,0,199,2705
UTTAR PRADESH,MIRZAPUR,2003,31,27,11,12,22,4,13,45,136,0,8,16,0,44,12,6,0,8,544
UTTAR PRADESH,MORADABAD,2003,156,86,34,86,126,28,51,92,626,0,39,83,2,40,24,25,0,112,2037
UTTAR PRADESH,MUZAFFARNAGAR,2003,186,107,46,64,148,9,98,59,692,0,66,28,0,12,29,23,0,73,2485
UTTAR PRADESH,PILIBHIT,2003,63,62,14,42,72,8,18,28,264,0,22,34,0,8,13,9,0,0,1181
UTTAR PRADESH,PRATAPGARH,2003,44,39,19,18,44,1,13,45,158,0,34,56,0,193,24,7,0,38,1001
UTTAR PRADESH,RAIBAREILLY,2003,69,48,28,40,54,6,19,64,306,0,25,16,14,237,16,36,0,38,1445
UTTAR PRADESH,RAMPUR,2003,63,49,17,26,48,12,15,40,252,0,20,38,1,46,12,12,0,5,1149
UTTAR PRADESH,SAHARANPUR,2003,82,99,36,34,126,3,37,50,460,0,58,129,0,39,10,17,0,77,1623
UTTAR PRADESH,SANT KABIRNAGAR,2003,19,12,4,0,10,0,6,12,46,0,19,12,2,72,10,5,0,10,378
UTTAR PRADESH,SHAHJAHANPUR,2003,162,118,36,34,130,4,39,50,324,0,12,19,0,126,28,17,0,11,1446
UTTAR PRADESH,SHRAWASTI,2003,15,6,12,6,8,1,3,16,36,0,3,6,0,52,4,2,0,5,237
UTTAR PRADESH,SIDHARTHNAGAR,2003,10,14,9,4,14,2,3,17,58,0,10,12,0,50,8,4,0,11,634
UTTAR PRADESH,SITAPUR,2003,129,64,46,94,116,1,32,69,574,0,42,23,10,258,50,53,0,37,1905
UTTAR PRADESH,SONBHADRA,2003,19,14,13,10,12,6,3,19,78,0,7,8,3,46,11,7,0,6,334
UTTAR PRADESH,ST.RAVIDASNAGAR,2003,18,9,6,4,4,1,7,31,84,0,6,7,0,47,5,2,0,9,285
UTTAR PRADESH,SULTANPUR,2003,62,56,21,36,44,2,33,76,302,0,15,36,1,196,19,10,0,38,1249
UTTAR PRADESH,UNNAO,2003,111,64,19,46,44,12,41,39,248,0,33,24,0,255,42,28,0,45,1887
UTTAR PRADESH,VARANASI,2003,74,48,27,14,36,6,28,79,762,0,41,37,2,131,21,4,0,33,1681
UTTAR PRADESH,TOTAL,2003,5284,3793,1525,1822,4416,513,1988,4016,31502,0,2251,2911,297,7760,1322,1098,0,2626,95073
UTTARAKHAND,ALMORA,2003,15,5,2,2,2,1,9,23,94,0,6,15,1,53,9,6,0,5,254
UTTARAKHAND,BAGESHWAR,2003,11,4,0,8,0,0,8,0,34,0,1,0,1,0,2,3,0,0,102
UTTARAKHAND,CHAMOLI,2003,9,9,0,8,6,0,1,36,28,0,33,1,2,33,3,8,0,1,201
UTTARAKHAND,CHAMPAWAT,2003,7,6,2,2,6,2,2,9,28,0,3,3,0,13,2,5,0,4,123
UTTARAKHAND,DEHRADUN,2003,31,43,5,32,60,5,29,114,622,0,58,151,4,73,11,13,0,85,1673
UTTARAKHAND,HARIDWAR,2003,75,45,9,62,96,4,37,82,776,0,85,93,8,206,7,21,0,79,1776
UTTARAKHAND,NAINITAL,2003,31,30,1,18,32,3,18,80,380,0,34,18,2,35,12,15,0,30,875
UTTARAKHAND,PAURI GARHWAL,2003,15,15,0,14,28,1,13,55,122,0,26,6,3,80,13,9,0,17,451
UTTARAKHAND,PITHORAGARH,2003,5,9,3,6,4,1,5,25,52,0,14,6,2,10,6,7,0,1,305
UTTARAKHAND,RUDRA PRAYAG,2003,8,4,0,4,6,0,2,16,18,0,18,8,1,9,7,2,0,4,143
UTTARAKHAND,TEHRI GARHWAL,2003,9,23,1,12,8,0,0,32,62,0,30,10,2,50,6,10,0,10,317
UTTARAKHAND,UDHAMSINGH NAGAR,2003,46,41,6,28,80,12,33,60,464,0,58,58,0,118,15,29,0,75,1426
UTTARAKHAND,UTTARKASHI,2003,6,2,2,18,14,0,3,25,56,0,26,10,7,7,0,8,0,6,277
UTTARAKHAND,TOTAL,2003,268,236,31,214,342,29,160,557,2736,0,392,379,33,687,93,136,0,317,7923
WEST BENGAL,24 PARGANAS NORTH,2003,193,30,50,184,238,29,73,29,3976,0,243,99,0,0,24,105,0,672,7351
WEST BENGAL,24 PARGANAS SOUTH,2003,125,5,60,178,162,8,30,7,2068,0,250,65,7,0,47,105,0,822,6556
WEST BENGAL,ASANSOL,2003,28,5,5,16,22,75,9,8,150,0,37,20,0,100,4,19,0,128,1327
WEST BENGAL,BANKURA,2003,41,13,11,86,22,26,9,11,480,0,51,19,5,260,20,31,0,106,1341
WEST BENGAL,BIRBHUM,2003,51,13,25,96,70,35,16,10,460,0,174,12,17,59,13,51,0,164,1845
WEST BENGAL,BURDWAN,2003,98,9,25,122,66,105,25,17,740,0,169,48,10,99,26,51,0,301,3209
WEST BENGAL,COOCHBEHAR,2003,24,8,17,106,80,7,5,9,270,0,35,13,0,103,11,60,0,176,1191
WEST BENGAL,DAKSHIN DINAJPUR,2003,22,12,12,62,64,38,5,3,168,0,18,4,2,51,8,40,0,104,870
WEST BENGAL,DARJEELING,2003,54,0,16,48,52,61,13,6,930,0,15,16,4,165,3,20,0,58,1720
WEST BENGAL,HOOGHLY,2003,88,3,31,78,68,97,29,25,1188,0,318,43,6,212,14,25,0,383,3031
WEST BENGAL,HOWRAH,2003,25,6,15,18,22,35,10,2,214,0,47,29,0,99,12,7,0,59,1113
WEST BENGAL,HOWRAH CITY,2003,18,5,12,12,24,94,21,2,550,0,29,63,1,101,5,11,0,65,1417
WEST BENGAL,HOWRAH G.R.P.,2003,11,3,0,0,6,43,8,0,584,0,13,3,0,17,0,5,0,1,467
WEST BENGAL,JALPAIGURI,2003,108,32,56,120,58,29,22,7,948,0,59,6,2,197,4,75,0,164,2301
WEST BENGAL,KHARAGPUR G.R.P.,2003,2,1,0,0,0,8,6,0,216,0,3,2,0,6,0,0,0,0,165
WEST BENGAL,KOLKATA,2003,52,123,13,72,216,93,173,144,7368,0,200,990,0,1225,16,185,0,222,10714
WEST BENGAL,MALDA,2003,48,49,20,114,48,21,18,10,494,0,46,12,0,72,4,67,0,99,1747
WEST BENGAL,MURSHIDABAD,2003,116,16,42,212,182,67,20,5,782,0,180,13,0,418,17,131,0,408,3467
WEST BENGAL,NADIA,2003,93,0,7,216,118,57,14,16,1316,0,193,0,12,635,23,96,0,299,3520
WEST BENGAL,PASCHIM MIDNAPUR,2003,77,58,27,100,90,81,36,21,716,0,245,35,11,68,18,31,0,338,2956
WEST BENGAL,PURAB MIDNAPUR,2003,43,0,12,66,104,36,15,5,286,0,188,0,4,1,37,11,0,233,1966
WEST BENGAL,PURULIA,2003,46,0,10,50,32,25,21,1,294,0,36,27,0,0,8,34,0,82,1089
WEST BENGAL,SEALDAH G.R.P.,2003,22,3,3,0,6,14,11,0,414,0,2,6,0,14,1,2,0,0,337
WEST BENGAL,SILIGURI G.R.P.,2003,6,0,0,0,4,1,3,0,178,0,7,1,0,0,0,1,0,0,147
WEST BENGAL,UTTAR DINAJPUR,2003,34,6,15,48,50,15,6,4,436,0,38,8,6,270,14,23,0,64,1327
WEST BENGAL,TOTAL,2003,1425,400,484,2004,1804,1100,598,342,25226,0,2596,1534,87,4172,329,1186,0,4948,61174
A & N ISLANDS,ANDAMAN,2003,16,4,1,4,4,1,7,56,116,0,19,13,7,107,0,9,0,7,611
A & N ISLANDS,NICOBAR,2003,5,0,0,0,0,1,0,0,4,0,0,0,1,3,0,0,0,0,33
A & N ISLANDS,TOTAL,2003,21,4,1,4,4,2,7,56,120,0,19,13,8,110,0,9,0,7,644
CHANDIGARH,CHANDIGARH,2003,21,15,2,36,64,4,12,204,2476,0,46,209,4,71,1,11,0,93,2806
CHANDIGARH,TOTAL,2003,21,15,2,36,64,4,12,204,2476,0,46,209,4,71,1,11,0,93,2806
D & N HAVELI,D AND N HAVELI,2003,11,5,0,2,14,4,6,41,122,0,17,13,4,22,0,4,0,2,338
D & N HAVELI,TOTAL,2003,11,5,0,2,14,4,6,41,122,0,17,13,4,22,0,4,0,2,338
DAMAN & DIU,DAMAN,2003,6,3,0,8,2,4,1,37,88,0,29,8,1,14,0,3,0,0,240
DAMAN & DIU,DIU,2003,0,0,0,2,0,0,0,4,4,0,2,0,0,0,1,0,0,0,29
DAMAN & DIU,TOTAL,2003,6,3,0,10,2,4,1,41,92,0,31,8,1,14,1,3,0,0,269
DELHI UT,CENTRAL,2003,29,20,6,40,126,6,14,102,2374,0,0,141,4,135,4,29,0,49,2998
DELHI UT,DELHI UT TOTAL,2003,485,407,65,980,2312,135,441,1898,31088,0,80,2079,60,1708,130,489,0,1211,47404
DELHI UT,EAST,2003,44,38,6,74,316,19,39,179,3514,0,9,121,3,231,15,73,0,190,4331
DELHI UT,G.R.P.(RLY),2003,8,4,2,0,12,2,14,0,2030,0,2,20,4,10,3,4,0,0,1168
DELHI UT,I.G.I. AIRPORT,2003,2,2,0,0,4,0,4,0,148,0,3,491,0,7,0,5,0,0,668
DELHI UT,NEW DELHI,2003,7,5,1,16,48,3,16,58,1726,0,4,232,3,38,1,20,0,13,2177
DELHI UT,NORTH,2003,32,23,12,68,126,11,35,81,1846,0,7,147,9,155,4,16,0,55,3391
DELHI UT,NORTH EAST,2003,54,64,5,106,364,25,56,130,1592,0,4,92,0,222,20,41,0,128,3125
DELHI UT,NORTH WEST,2003,106,101,12,256,602,24,93,390,4382,0,7,162,10,305,27,102,0,290,8782
DELHI UT,S.T.F.,2003,0,2,0,0,0,5,0,0,0,0,0,43,0,0,0,0,0,0,68
DELHI UT,SOUTH,2003,86,52,10,166,268,16,57,375,6614,0,19,334,8,220,24,89,0,199,8440
DELHI UT,SOUTH WEST,2003,45,45,5,114,236,7,60,368,2792,0,21,157,12,148,22,52,0,119,5179
DELHI UT,WEST,2003,72,51,6,140,210,17,53,215,4070,0,4,139,7,237,10,58,0,168,7077
LAKSHADWEEP,LAKSHADWEEP,2003,0,0,0,4,0,0,0,6,16,0,4,0,2,1,0,1,0,1,31
LAKSHADWEEP,TOTAL,2003,0,0,0,4,0,0,0,6,16,0,4,0,2,1,0,1,0,1,31
PUDUCHERRY,PONDICHERRY,2003,29,32,0,4,36,2,11,126,1134,0,159,32,18,1053,1,56,0,4,4517
PUDUCHERRY,TOTAL,2003,29,32,0,4,36,2,11,126,1134,0,159,32,18,1053,1,56,0,4,4517
ANDHRA PRADESH,ADILABAD,2004,113,83,11,100,96,4,9,177,512,0,88,152,30,1266,14,135,0,296,5011
ANDHRA PRADESH,ANANTAPUR,2004,152,79,5,40,102,8,35,208,884,0,143,119,51,1142,11,196,0,147,4296
ANDHRA PRADESH,CHITTOOR,2004,105,52,1,56,138,8,17,337,2110,0,82,267,30,1065,22,116,0,234,6960
ANDHRA PRADESH,CUDDAPAH,2004,96,58,0,28,78,3,5,111,550,0,74,120,37,1153,7,118,0,120,4107
ANDHRA PRADESH,CYBERABAD,2004,145,74,8,80,138,12,43,941,3394,0,32,647,21,2922,43,106,0,517,9911
ANDHRA PRADESH,EAST GODAVARI,2004,96,101,1,62,94,3,17,392,2212,0,105,251,23,3023,13,112,0,293,7741
ANDHRA PRADESH,GUNTAKAL RLY.,2004,8,1,0,0,0,1,1,0,354,0,0,2,0,7,0,1,0,0,338
ANDHRA PRADESH,GUNTUR,2004,163,96,0,92,176,5,36,349,2958,0,133,405,58,1714,32,186,0,397,8544
ANDHRA PRADESH,HYDERABAD CITY,2004,121,135,1,112,272,13,71,1359,11470,0,141,2160,37,4837,29,144,0,1142,18868
ANDHRA PRADESH,KARIMNAGAR,2004,123,93,9,170,248,7,25,236,1080,0,184,444,64,2902,61,370,0,717,8048
ANDHRA PRADESH,KHAMMAM,2004,108,52,4,86,140,6,23,242,964,0,122,166,45,1136,18,176,0,400,5928
ANDHRA PRADESH,KRISHNA,2004,60,57,1,66,56,4,13,197,1464,0,53,162,31,2070,13,182,0,362,5377
ANDHRA PRADESH,KURNOOL,2004,112,96,3,58,92,5,15,179,656,0,125,221,48,1271,6,242,0,230,5372
ANDHRA PRADESH,MAHABOOBNAGAR,2004,183,87,23,112,126,15,36,290,958,0,171,109,40,902,21,164,0,251,4545
ANDHRA PRADESH,MEDAK,2004,127,36,10,104,98,10,19,257,1010,0,53,139,55,1888,41,86,0,229,4789
ANDHRA PRADESH,NALGONDA,2004,118,59,5,92,144,4,26,205,802,0,115,156,69,1368,34,200,0,272,6009
ANDHRA PRADESH,NELLORE,2004,94,248,13,214,144,49,40,421,1746,0,263,307,62,1919,11,173,0,142,7047
ANDHRA PRADESH,NIZAMABAD,2004,96,54,27,48,112,14,29,349,720,0,81,174,40,1856,17,74,0,339,4804
ANDHRA PRADESH,PRAKASHAM,2004,103,93,4,38,88,8,22,158,596,0,45,116,27,1473,6,130,0,146,3881
ANDHRA PRADESH,RANGA REDDY,2004,73,39,6,50,52,0,11,170,410,0,42,41,60,883,17,49,0,136,2240
ANDHRA PRADESH,SECUNDERABAD RLY.,2004,8,4,0,0,0,0,0,1,734,0,2,2,0,10,2,1,0,2,465
ANDHRA PRADESH,SRIKAKULAM,2004,26,30,14,30,30,2,3,108,392,0,26,79,5,699,14,58,0,165,2821
ANDHRA PRADESH,VIJAYAWADA,2004,46,43,1,38,152,4,29,555,4544,0,12,531,17,2218,10,132,0,678,7659
ANDHRA PRADESH,VIJAYAWADA RLY.,2004,1,1,0,0,0,0,1,0,576,0,7,3,0,10,0,6,0,1,359
ANDHRA PRADESH,VISAKHA RURAL,2004,50,18,1,36,24,2,6,79,368,0,62,64,17,1124,3,54,0,94,2903
ANDHRA PRADESH,VISAKHAPATNAM,2004,27,27,3,24,54,1,12,333,1466,0,3,280,8,374,1,24,0,243,3182
ANDHRA PRADESH,VIZIANAGARAM,2004,42,17,2,28,16,4,8,106,392,0,15,62,0,403,6,53,0,155,2464
ANDHRA PRADESH,WARANGAL,2004,111,67,7,106,250,9,31,352,1340,0,304,400,0,1902,43,228,0,162,7717
ANDHRA PRADESH,WEST GODAVARI,2004,72,108,3,162,132,0,13,345,2494,0,57,349,40,1798,17,301,0,518,7370
ANDHRA PRADESH,TOTAL,2004,2579,1908,163,2032,3052,201,596,8457,47156,0,2540,7928,915,43335,512,3817,0,8388,158756
ARUNACHAL PRADESH,CHANGLANG,2004,8,3,1,18,14,7,1,17,54,0,6,0,1,22,0,1,0,1,162
ARUNACHAL PRADESH,DIBANG VALLEY,2004,1,10,0,6,6,1,3,9,30,0,12,3,1,30,0,0,0,0,112
ARUNACHAL PRADESH,K/KUMEY,2004,5,0,0,0,2,2,0,4,4,0,1,1,0,11,0,0,0,0,39
ARUNACHAL PRADESH,KAMENG EAST,2004,4,1,0,0,4,0,0,18,22,0,4,2,0,34,0,4,0,0,100
ARUNACHAL PRADESH,KAMENG WEST,2004,3,0,0,4,8,1,4,5,48,0,1,2,0,23,0,1,0,0,104
ARUNACHAL PRADESH,LOHIT,2004,10,2,0,10,14,5,4,13,46,0,1,3,1,37,0,8,0,0,180
ARUNACHAL PRADESH,PAPUM PARE,2004,7,4,0,8,16,6,7,51,264,0,1,9,1,66,0,8,0,0,440
ARUNACHAL PRADESH,SIANG EAST,2004,1,2,0,22,28,4,5,20,82,0,14,7,4,66,0,11,0,1,292
ARUNACHAL PRADESH,SIANG UPPER,2004,1,4,0,2,0,0,0,9,20,0,0,0,1,5,0,2,0,0,51
ARUNACHAL PRADESH,SIANG WEST,2004,3,8,0,12,20,5,6,25,88,0,21,5,8,54,0,8,0,0,329
ARUNACHAL PRADESH,SUBANSIRI LOWER,2004,8,2,0,0,2,0,5,12,14,0,1,2,0,13,0,1,0,0,95
ARUNACHAL PRADESH,SUBANSIRI UPPER,2004,10,6,0,0,8,0,8,10,36,0,1,0,2,36,0,3,0,1,138
ARUNACHAL PRADESH,TAWANG,2004,0,2,0,0,0,0,0,6,22,0,2,0,0,16,0,13,0,1,75
ARUNACHAL PRADESH,TIRAP,2004,3,1,0,2,8,1,2,14,42,0,0,0,0,14,0,1,0,0,122
ARUNACHAL PRADESH,UPPER DIBANG VALLEY,2004,3,0,0,0,0,0,0,2,4,0,0,0,0,2,0,0,0,0,17
ARUNACHAL PRADESH,TOTAL,2004,67,45,1,84,130,32,45,215,776,0,65,34,19,429,0,61,0,4,2256
ASSAM,BARPETA,2004,48,6,1,100,148,23,28,84,476,0,241,42,12,185,8,25,0,102,1543
ASSAM,BONGAIGAON,2004,36,2,0,82,104,15,10,48,272,0,91,17,3,229,3,12,0,23,1142
ASSAM,C.I.D.,2004,0,0,0,0,0,0,0,0,0,0,0,5,0,0,0,0,0,0,22
ASSAM,CACHAR,2004,46,30,3,92,224,21,15,249,822,0,388,66,42,196,4,114,0,256,3518
ASSAM,DARRANG,2004,69,16,1,110,118,37,31,126,524,0,93,21,29,364,7,55,0,38,1653
ASSAM,DHEMAJI,2004,17,17,0,106,106,2,5,29,250,0,24,24,8,211,0,33,0,74,838
ASSAM,DHUBRI,2004,53,15,1,158,150,23,11,68,272,0,546,43,23,324,9,110,0,183,2160
ASSAM,DIBRUGARH,2004,125,19,3,116,176,9,14,107,700,0,62,24,22,478,4,50,0,63,2074
ASSAM,G.R.P.,2004,17,0,0,4,6,10,10,8,332,0,7,4,0,3,0,2,0,7,330
ASSAM,GOALPARA,2004,35,0,0,100,106,17,9,67,200,0,21,30,12,133,3,8,0,119,1053
ASSAM,GOLAGHAT,2004,71,11,9,124,182,15,34,91,620,0,4,27,23,323,0,31,0,79,1514
ASSAM,GUWAHATI CITY,2004,21,39,15,176,590,23,78,534,1734,0,504,158,13,576,3,45,0,55,5074
ASSAM,HAILAKANDI,2004,25,18,1,36,64,5,2,62,94,0,108,9,23,85,2,4,0,23,798
ASSAM,JORHAT,2004,38,8,0,64,68,2,12,62,300,0,53,13,12,118,0,32,0,35,953
ASSAM,KAMRUP,2004,15,13,6,118,386,22,54,170,596,0,417,72,8,321,3,26,0,67,2559
ASSAM,KARBI ANGLONG,2004,57,5,0,28,40,15,20,19,204,0,40,1,8,38,0,8,0,8,593
ASSAM,KARIMGANJ,2004,40,29,0,64,72,5,3,57,202,0,201,19,12,44,8,4,0,67,1097
ASSAM,KOKRAJHAR,2004,63,21,3,66,62,7,13,56,208,0,52,21,15,127,2,41,0,45,859
ASSAM,LAKHIMPUR,2004,31,20,2,112,194,10,13,2,582,0,81,40,17,348,1,46,0,112,1478
ASSAM,MORIGAON,2004,19,0,0,72,86,4,6,28,162,0,74,22,4,92,2,12,0,23,792
ASSAM,N.C.HILLS,2004,7,9,1,2,18,2,6,23,84,0,3,5,2,42,0,3,0,21,229
ASSAM,NAGAON,2004,79,44,1,182,278,64,32,237,866,0,346,54,31,595,6,69,0,203,3477
ASSAM,NALBARI,2004,37,24,2,58,122,8,19,81,258,0,10,20,15,290,3,48,0,23,1133
ASSAM,R.P.O.,2004,6,0,0,10,0,7,1,2,42,0,20,0,0,2,0,2,0,7,110
ASSAM,SIBSAGAR,2004,55,12,1,98,162,5,9,67,476,0,62,44,18,149,0,12,0,92,1514
ASSAM,SONITPUR,2004,87,30,2,174,216,23,33,181,784,0,156,54,8,462,5,60,0,167,2639
ASSAM,TINSUKIA,2004,117,22,11,90,134,17,37,86,672,0,11,30,19,176,1,31,0,53,1523
ASSAM,TOTAL,2004,1214,410,63,2342,3812,391,505,2544,11732,0,3615,865,379,5911,74,883,0,1945,40675
BIHAR,ARARIA,2004,66,59,12,68,168,37,60,42,372,0,325,66,28,161,11,13,0,27,2035
BIHAR,ARWAL,2004,36,8,0,4,18,9,23,6,108,0,31,6,0,40,16,0,0,10,487
BIHAR,AURANGABAD,2004,77,0,0,36,62,41,46,80,428,0,235,23,0,0,40,0,0,33,2418
BIHAR,BAGAHA,2004,49,92,3,46,176,7,15,24,132,0,153,32,10,301,5,12,0,7,977
BIHAR,BANKA,2004,71,12,4,88,80,46,26,65,198,0,175,19,11,9,25,5,0,15,1378
BIHAR,BEGUSARAI,2004,107,103,6,46,246,20,83,71,646,0,204,56,12,173,15,5,0,55,3110
BIHAR,BETTIAH,2004,108,62,9,256,452,26,52,55,602,0,682,287,18,2642,29,9,0,161,5235
BIHAR,BHABHUA,2004,59,14,3,39,94,16,26,85,292,0,165,55,35,201,28,8,0,24,1432
BIHAR,BHAGALPUR,2004,133,88,6,126,190,39,54,140,786,0,239,106,20,50,12,13,0,226,3362
BIHAR,BHOJPUR,2004,108,211,3,18,60,43,57,100,570,0,232,20,48,90,34,42,0,68,3795
BIHAR,BUXAR,2004,70,65,2,26,102,43,36,88,470,0,223,60,20,401,21,13,0,37,2304
BIHAR,DARBHANGA,2004,55,20,11,118,120,29,53,33,276,0,420,75,16,2,33,0,0,70,3083
BIHAR,GAYA,2004,163,178,15,38,140,111,168,127,922,0,391,27,36,540,36,42,0,58,3536
BIHAR,GOPALGANJ,2004,77,132,8,78,156,25,67,69,326,0,185,75,8,5,38,5,0,132,2724
BIHAR,JAMALPUR RLY.,2004,10,6,0,0,2,27,4,3,342,0,5,4,0,3,3,1,0,0,328
BIHAR,JAMUI,2004,79,74,0,62,142,31,26,39,154,0,152,47,13,313,11,29,0,45,1388
BIHAR,JEHANABAD,2004,68,50,2,12,76,35,34,50,260,0,98,35,12,290,6,19,0,25,1430
BIHAR,KATIHAR,2004,71,22,7,158,142,28,27,55,318,0,171,38,19,175,19,9,0,34,1899
BIHAR,KATIHAR RLY.,2004,10,0,0,4,10,11,20,5,448,0,7,14,0,0,0,1,0,1,445
BIHAR,KHAGARIA,2004,50,88,5,36,86,32,36,16,234,0,199,10,17,160,9,10,0,27,1554
BIHAR,KISHANGANJ,2004,26,12,8,64,160,12,12,32,244,0,110,36,2,43,4,25,0,36,1052
BIHAR,LAKHISARAI,2004,63,87,4,26,100,12,38,35,124,0,90,15,3,31,10,4,0,9,914
BIHAR,MADHEPURA,2004,58,23,4,22,46,19,41,35,116,0,143,18,4,4,7,4,0,8,1175
BIHAR,MADHUBANI,2004,60,91,0,122,138,57,43,67,448,0,338,27,2,612,34,121,0,111,2721
BIHAR,MOTIHARI,2004,120,69,8,58,258,26,79,127,756,0,365,135,26,532,45,15,0,93,4331
BIHAR,MUNGER,2004,64,30,1,22,86,9,29,44,326,0,230,30,9,120,20,12,0,40,1672
BIHAR,MUZAFFARPUR,2004,180,17,18,332,600,55,146,202,1558,0,819,286,46,318,72,11,0,206,6810
BIHAR,MUZAFFARPUR RLY.,2004,20,3,1,4,20,8,18,6,790,0,18,34,0,73,0,1,0,1,685
BIHAR,NALANDA,2004,220,139,15,86,288,34,65,72,776,0,191,78,32,605,68,43,0,110,3403
BIHAR,NAUGACHIA,2004,50,37,1,14,54,13,36,15,132,0,118,6,2,6,8,1,0,11,1059
BIHAR,NAWADAH,2004,78,101,7,74,134,30,40,38,158,0,245,33,13,145,16,5,0,23,1772
BIHAR,PATNA,2004,542,188,46,92,540,158,751,584,3136,0,562,319,52,385,44,28,0,147,10632
BIHAR,PATNA RLY.,2004,21,14,4,4,10,45,30,1,1488,0,13,23,0,0,1,13,0,1,1135
BIHAR,PURNEA,2004,128,41,6,124,152,76,144,82,484,0,202,8,13,9,11,3,0,19,2275
BIHAR,ROHTAS,2004,130,215,10,24,88,19,53,107,530,0,204,28,0,72,35,38,0,36,2854
BIHAR,SAHARSA,2004,48,100,3,42,94,13,45,35,244,0,221,29,6,416,11,39,0,13,1554
BIHAR,SAMASTIPUR,2004,118,145,21,56,246,32,58,102,584,0,274,47,57,284,44,9,0,40,3159
BIHAR,SARAN,2004,160,44,6,34,318,49,112,133,516,0,330,126,31,849,38,12,0,258,4851
BIHAR,SHEIKHPURA,2004,44,40,0,6,40,7,8,11,106,0,92,31,9,0,6,14,0,16,794
BIHAR,SHEOHAR,2004,9,31,1,26,16,7,13,11,38,0,44,8,6,49,5,9,0,6,389
BIHAR,SITAMARHI,2004,80,26,2,140,224,17,34,82,460,0,206,47,19,129,21,9,0,100,2734
BIHAR,SIWAN,2004,125,57,9,14,208,56,146,77,330,0,223,42,21,487,33,6,0,74,2294
BIHAR,SUPAUL,2004,38,49,1,50,50,44,60,40,228,0,249,31,6,144,7,20,0,18,1843
BIHAR,VAISHALI,2004,99,152,8,84,434,10,72,84,770,0,214,272,25,362,98,26,0,248,5032
BIHAR,TOTAL,2004,3948,2995,280,2779,6826,1464,2986,3175,22226,0,9793,2764,707,11231,1029,704,0,2679,108060
CHHATTISGARH,BALRAMPUR,2004,33,20,8,54,12,15,17,27,56,0,20,8,7,25,0,32,0,14,489
CHHATTISGARH,BILASPUR,2004,83,53,3,122,42,2,36,585,1408,0,164,47,34,288,9,179,0,102,5327
CHHATTISGARH,BIZAPUR,2004,24,59,0,6,2,11,3,10,18,0,9,2,14,23,1,10,0,1,260
CHHATTISGARH,DANTEWARA,2004,70,51,0,22,16,4,0,45,140,0,13,5,5,72,1,8,0,1,702
CHHATTISGARH,DHAMTARI,2004,18,8,0,74,10,0,3,113,152,0,13,9,4,103,0,64,0,16,1270
CHHATTISGARH,DURG,2004,55,58,0,248,82,2,50,576,1626,0,53,73,31,563,10,253,0,114,6518
CHHATTISGARH,GRP RAIPUR,2004,2,5,2,4,4,0,5,8,446,0,3,4,0,14,0,2,0,1,351
CHHATTISGARH,JAGDALPUR,2004,63,33,0,164,40,11,16,196,356,0,44,18,7,138,0,69,0,16,2197
CHHATTISGARH,JANJGIR,2004,55,39,1,60,16,5,26,213,536,0,74,27,14,282,7,104,0,75,2398
CHHATTISGARH,JASHPUR,2004,46,14,0,112,8,6,19,72,140,0,17,14,5,97,1,60,0,10,835
CHHATTISGARH,KABIRDHAM,2004,13,13,1,44,14,0,1,74,230,0,18,7,6,350,5,70,0,19,1114
CHHATTISGARH,KANKER,2004,48,45,0,44,24,23,14,57,138,0,32,5,7,56,0,43,0,10,966
CHHATTISGARH,KORBA,2004,46,15,4,68,12,0,13,194,616,0,35,15,7,342,5,49,0,32,2210
CHHATTISGARH,KORIYA,2004,33,18,0,100,8,3,16,159,274,0,20,20,11,191,2,109,0,36,1486
CHHATTISGARH,MAHASAMUND,2004,22,11,1,70,6,2,10,121,328,0,21,20,8,236,6,54,0,26,1489
CHHATTISGARH,NARAYANPUR,2004,21,26,0,2,2,12,0,9,36,0,2,3,6,22,0,2,0,0,165
CHHATTISGARH,RAIGARH,2004,55,25,0,90,34,2,36,203,642,0,49,25,9,240,7,78,0,30,2035
CHHATTISGARH,RAIPUR,2004,84,59,4,286,62,6,42,559,1854,0,77,71,24,492,10,253,0,134,6970
CHHATTISGARH,RAJNANDGAON,2004,45,20,0,122,8,2,12,192,420,0,15,24,14,115,5,74,0,40,2380
CHHATTISGARH,SARGUJA,2004,111,47,1,246,26,8,44,307,612,0,111,27,29,250,2,148,0,64,2765
CHHATTISGARH,TOTAL,2004,927,619,25,1938,428,114,363,3720,10028,0,790,424,242,3899,71,1661,0,741,41927
GOA,NORTH GOA,2004,23,3,3,26,6,4,11,147,596,0,18,36,5,98,2,16,0,6,1227
GOA,SOUTH GOA,2004,17,3,2,48,20,1,7,114,410,0,15,25,2,72,0,7,0,11,900
GOA,TOTAL,2004,40,6,5,74,26,5,18,261,1006,0,33,61,7,170,2,23,0,17,2127
GUJARAT,AHMEDABAD COMMR.,2004,92,62,5,80,430,37,271,931,11422,0,162,333,10,1594,10,63,0,768,17553
GUJARAT,AHMEDABAD RURAL,2004,26,7,0,24,64,9,28,96,504,0,36,13,11,341,1,22,0,65,2813
GUJARAT,AHWA-DANG,2004,4,0,0,4,0,0,1,3,10,0,4,2,1,27,0,3,0,3,124
GUJARAT,AMRELI,2004,28,14,1,10,52,4,11,118,316,0,38,29,18,362,1,26,0,116,2240
GUJARAT,ANAND,2004,21,12,2,24,82,13,16,148,722,0,23,20,16,413,0,24,0,116,3216
GUJARAT,BHARUCH,2004,38,7,1,28,42,4,14,144,740,0,42,17,29,384,0,27,0,65,2747
GUJARAT,BHAVNAGAR,2004,53,21,0,44,142,20,87,319,1436,0,141,112,32,113,0,41,0,137,5341
GUJARAT,DAHOD,2004,44,10,1,18,56,38,56,115,288,0,45,1,21,357,0,26,0,20,1759
GUJARAT,GANDHINAGAR,2004,25,14,0,16,30,3,31,134,832,0,32,50,7,282,2,16,0,90,2756
GUJARAT,HIMATNAGAR,2004,35,20,0,20,94,15,25,200,388,0,56,57,19,383,0,61,0,204,4053
GUJARAT,JAMNAGAR,2004,42,13,3,16,64,4,24,176,744,0,41,30,14,447,0,26,0,171,3794
GUJARAT,JUNAGADH,2004,40,31,0,18,114,12,44,259,952,0,88,63,26,525,13,49,0,368,4764
GUJARAT,KHEDA NORTH,2004,53,9,3,16,48,9,23,124,788,0,45,58,10,374,0,27,0,139,3643
GUJARAT,KUTCH,2004,28,20,0,26,74,11,31,294,720,0,48,64,11,407,1,26,0,217,3638
GUJARAT,MEHSANA,2004,40,26,1,8,108,16,47,231,1242,0,99,103,9,1058,2,25,0,185,4549
GUJARAT,NARMADA,2004,15,3,0,12,16,0,6,20,58,0,10,6,6,108,0,2,0,10,590
GUJARAT,NAVSARI,2004,26,2,0,10,14,5,8,77,294,0,9,14,3,113,1,5,0,19,1199
GUJARAT,PALANPUR,2004,38,21,0,42,74,12,26,199,656,0,78,46,16,1082,0,33,0,133,3544
GUJARAT,PANCHMAHAL,2004,51,13,0,14,56,32,22,156,736,0,34,10,33,323,0,33,0,70,2306
GUJARAT,PATAN,2004,19,16,0,12,58,0,9,79,466,0,44,43,3,350,0,19,0,103,2186
GUJARAT,PORBANDAR,2004,11,9,0,2,14,0,7,45,148,0,13,25,6,137,0,5,0,41,1008
GUJARAT,RAJKOT COMMR.,2004,37,16,0,18,78,8,24,332,2432,0,72,69,8,341,4,10,0,184,4339
GUJARAT,RAJKOT RURAL,2004,36,22,0,34,82,11,24,256,652,0,66,15,15,526,3,47,0,265,4178
GUJARAT,SURAT COMMR.,2004,74,8,5,48,144,32,61,317,3086,0,62,140,9,467,17,21,0,102,4131
GUJARAT,SURAT RURAL,2004,47,12,0,28,26,24,24,78,308,0,18,26,3,248,3,11,0,33,2614
GUJARAT,SURENDRANAGAR,2004,28,22,0,26,54,8,13,143,532,0,46,16,11,446,0,35,0,63,2850
GUJARAT,VADODARA COMMR.,2004,28,33,0,12,88,14,40,488,2828,0,164,268,16,305,0,10,0,140,5551
GUJARAT,VADODARA RURAL,2004,85,9,5,44,112,12,20,101,592,0,38,18,13,496,0,43,0,84,3142
GUJARAT,VALSAD,2004,36,13,0,18,44,16,34,229,692,0,35,45,10,230,0,12,0,40,2565
GUJARAT,W.RLY,2004,13,4,0,6,6,6,109,16,2518,0,10,33,2,23,0,9,0,4,2276
GUJARAT,TOTAL,2004,1113,469,27,678,2266,375,1136,5828,37102,0,1599,1726,388,12262,58,757,0,3955,105469
HARYANA,AMBALA,2004,28,10,5,20,44,4,7,208,486,0,1,73,6,242,11,25,0,227,2225
HARYANA,BHIWANI,2004,51,26,1,56,38,10,14,209,602,0,116,75,19,241,28,19,0,68,2181
HARYANA,FARIDABAD,2004,67,31,6,84,132,22,23,227,1630,0,156,30,4,346,28,45,0,157,5585
HARYANA,FATEHABAD,2004,29,12,0,18,34,4,2,76,222,0,18,80,2,172,6,17,0,38,1104
HARYANA,GRP,2004,27,4,0,4,6,0,3,2,360,0,3,1,0,15,7,3,0,0,931
HARYANA,GURGAON,2004,66,40,6,72,110,38,33,283,2090,0,67,42,7,226,21,21,0,115,4077
HARYANA,HISSAR,2004,49,52,1,32,86,15,20,186,860,0,33,130,2,277,12,18,0,127,2464
HARYANA,JHAJJAR,2004,42,27,0,22,22,6,13,87,320,0,50,40,3,137,14,17,0,104,1336
HARYANA,JIND,2004,28,16,17,14,18,4,3,60,294,0,49,38,2,111,14,2,0,31,1008
HARYANA,KAITHAL,2004,25,16,2,36,26,6,9,84,400,0,0,15,8,166,9,13,0,136,1226
HARYANA,KARNAL,2004,40,28,3,62,30,9,19,159,772,0,34,104,4,660,15,23,0,242,2352
HARYANA,KURUKSHETRA,2004,26,12,4,42,22,8,13,208,822,0,0,160,5,190,15,28,0,120,2050
HARYANA,MAHENDRAGARH,2004,16,10,0,40,26,2,4,66,222,0,52,11,5,175,8,18,0,36,1233
HARYANA,PANCHKULA,2004,7,4,1,12,12,0,2,82,414,0,1,70,0,20,4,53,0,57,1169
HARYANA,PANIPAT,2004,37,22,6,76,38,18,13,131,866,0,27,19,1,142,4,14,0,152,1817
HARYANA,REWARI,2004,17,14,0,32,48,11,10,89,446,0,35,16,4,142,8,24,0,48,1558
HARYANA,ROHTAK,2004,65,39,2,58,38,16,14,206,734,0,35,66,5,137,15,14,0,45,1867
HARYANA,SIRSA,2004,25,29,2,34,32,3,11,159,492,0,14,40,6,319,9,17,0,102,1531
HARYANA,SONIPAT,2004,67,34,4,26,50,15,20,159,754,0,8,45,5,315,16,22,0,88,2051
HARYANA,YAMUNANAGAR,2004,21,15,5,32,34,6,11,105,330,0,0,34,7,161,7,10,0,133,1331
HARYANA,TOTAL,2004,733,441,65,772,846,197,244,2786,13116,0,699,1089,95,4194,251,403,0,2026,39096
HIMACHAL PRADESH,BILASPUR,2004,9,11,0,20,16,0,4,41,110,0,47,13,16,66,0,28,0,28,1103
HIMACHAL PRADESH,CHAMBA,2004,8,5,1,28,44,0,0,134,54,0,10,9,2,55,1,22,0,11,627
HIMACHAL PRADESH,G.R.P.,2004,0,0,0,0,0,0,0,0,4,0,0,0,0,0,0,0,0,0,8
HIMACHAL PRADESH,HAMIRPUR,2004,9,8,1,10,20,0,0,37,84,0,34,9,3,239,0,24,0,23,936
HIMACHAL PRADESH,KANGRA,2004,18,15,3,30,30,0,1,97,162,0,111,24,26,200,2,34,0,57,2057
HIMACHAL PRADESH,KINNAUR,2004,3,1,0,16,6,0,0,38,20,0,5,2,1,14,0,4,0,4,190
HIMACHAL PRADESH,KULLU,2004,9,4,0,26,26,0,7,50,80,0,40,9,6,56,1,11,0,10,790
HIMACHAL PRADESH,LAHAUL-SPITI,2004,2,0,0,0,0,0,0,1,2,0,2,1,0,3,0,0,0,1,52
HIMACHAL PRADESH,MANDI,2004,19,7,1,30,14,0,2,97,126,0,45,30,29,194,1,56,0,29,1735
HIMACHAL PRADESH,SHIMLA,2004,10,10,2,68,32,1,5,139,308,0,114,42,10,84,1,43,0,24,1992
HIMACHAL PRADESH,SIRMAUR,2004,9,3,1,18,26,0,3,36,54,0,58,12,7,46,1,23,0,15,692
HIMACHAL PRADESH,SOLAN,2004,4,7,3,40,18,0,2,49,178,0,64,12,6,362,0,27,0,28,1344
HIMACHAL PRADESH,UNA,2004,10,6,0,20,14,0,1,47,104,0,32,11,6,102,1,12,0,22,800
HIMACHAL PRADESH,TOTAL,2004,110,77,12,306,246,1,25,766,1286,0,562,174,112,1421,8,284,0,252,12326
JAMMU & KASHMIR,ANANTNAG,2004,70,109,1,34,120,7,30,151,184,0,55,20,39,24,0,88,0,0,1473
JAMMU & KASHMIR,AWANTIPORA,2004,18,3,0,16,24,0,1,32,74,0,10,12,0,1,0,23,0,0,384
JAMMU & KASHMIR,BARAMULLA,2004,86,83,2,30,174,0,6,139,394,0,116,17,32,18,1,167,0,0,1815
JAMMU & KASHMIR,BORDER,2004,7,12,0,8,22,0,0,14,38,0,13,8,1,15,0,10,0,2,713
JAMMU & KASHMIR,BUDGAM,2004,60,38,3,12,122,0,7,61,294,0,92,5,8,3,0,87,0,0,989
JAMMU & KASHMIR,CRIME JAMMU,2004,0,0,0,0,0,0,0,0,0,0,0,52,0,0,0,0,0,0,52
JAMMU & KASHMIR,CRIME SRINAGAR,2004,0,0,0,0,0,0,0,0,0,0,0,99,0,0,0,0,0,0,108
JAMMU & KASHMIR,DODA,2004,83,83,0,8,40,9,3,33,56,0,19,5,28,35,0,13,0,1,751
JAMMU & KASHMIR,GANDERBAL,2004,15,7,2,24,68,0,1,56,126,0,56,14,12,4,0,80,0,0,608
JAMMU & KASHMIR,HANDWARA,2004,25,38,0,14,68,0,3,30,64,0,52,4,4,9,0,43,0,0,434
JAMMU & KASHMIR,JAMMU,2004,28,61,8,38,108,0,6,267,766,0,89,71,13,37,5,24,0,38,3626
JAMMU & KASHMIR,KARGIL,2004,1,2,0,2,2,0,0,6,2,0,7,1,2,0,0,1,0,0,97
JAMMU & KASHMIR,KATHUA,2004,17,30,0,20,48,0,2,65,60,0,25,4,10,8,0,11,0,6,967
JAMMU & KASHMIR,KULGAM,2004,48,4,2,22,84,0,5,45,52,0,64,4,9,3,0,23,0,0,577
JAMMU & KASHMIR,KUPWARA,2004,31,84,1,40,92,0,0,44,124,0,75,6,9,9,0,61,0,0,732
JAMMU & KASHMIR,LEH,2004,2,0,0,6,8,0,0,15,8,0,5,2,0,1,0,3,0,1,153
JAMMU & KASHMIR,POONCH,2004,80,121,0,22,36,0,0,9,82,0,13,5,20,32,0,7,0,2,586
JAMMU & KASHMIR,PULWAMA,2004,54,97,0,0,94,7,17,51,208,0,152,3,17,61,1,35,0,1,903
JAMMU & KASHMIR,RAILWAYS,2004,1,0,0,2,0,0,0,0,18,0,0,0,0,0,0,0,0,0,16
JAMMU & KASHMIR,RAJOURI,2004,54,96,3,44,68,0,0,47,192,0,57,13,47,33,2,23,0,7,1197
JAMMU & KASHMIR,RAMBAN,2004,48,57,1,14,24,0,0,27,72,0,25,4,18,8,0,8,0,0,598
JAMMU & KASHMIR,REASI,2004,34,37,3,10,22,1,0,16,24,0,0,0,9,2,0,5,0,4,293
JAMMU & KASHMIR,SRINAGAR,2004,45,130,2,48,230,3,48,223,860,0,153,56,33,24,0,261,0,16,2837
JAMMU & KASHMIR,UDHAMPUR,2004,9,20,1,22,16,1,0,89,180,0,38,9,9,7,0,17,0,4,1282
JAMMU & KASHMIR,TOTAL,2004,816,1112,29,436,1470,28,129,1420,3878,0,1116,414,320,334,9,990,0,82,21191
JHARKHAND,BOKARO,2004,58,108,2,96,80,45,64,132,890,0,180,24,10,432,29,32,0,16,2194
JHARKHAND,CHAIBASA,2004,134,42,38,74,38,7,14,34,196,0,34,2,9,17,0,17,0,8,730
JHARKHAND,CHATRA,2004,31,4,0,36,8,31,19,19,166,0,123,3,3,2,15,0,0,4,840
JHARKHAND,DEOGHAR,2004,36,34,4,74,10,15,25,53,196,0,145,0,7,18,16,7,0,17,1283
JHARKHAND,DHANBAD,2004,88,42,13,76,144,83,64,149,986,0,237,61,9,135,36,53,0,19,3201
JHARKHAND,DHANBAD RLY.,2004,5,0,0,4,4,21,32,8,480,0,11,4,0,1,0,2,0,0,408
JHARKHAND,DUMKA,2004,67,149,4,100,30,8,13,54,176,0,99,10,7,57,8,31,0,37,1008
JHARKHAND,GARHWA,2004,39,17,3,64,18,19,20,29,136,0,107,10,9,225,14,2,0,19,869
JHARKHAND,GIRIDIH,2004,72,27,4,78,46,51,42,91,256,0,108,27,22,73,52,48,0,36,1955
JHARKHAND,GODDA,2004,31,36,0,172,42,9,10,46,256,0,125,17,0,314,4,0,0,56,2203
JHARKHAND,GUMLA,2004,108,32,8,62,18,25,41,37,116,0,32,6,0,2,1,4,0,14,689
JHARKHAND,HAZARIBAGH,2004,86,59,11,142,66,69,66,103,1074,0,198,73,14,102,31,27,0,90,2621
JHARKHAND,JAMSHEDPUR,2004,81,180,9,152,100,9,29,156,1078,0,114,64,19,93,12,40,0,72,2755
JHARKHAND,JAMSHEDPUR RLY.,2004,2,0,0,2,2,5,6,6,228,0,3,1,0,0,0,5,0,0,201
JHARKHAND,JAMTARA,2004,18,33,2,50,26,4,6,30,138,0,39,5,2,116,3,14,0,18,534
JHARKHAND,KODERMA,2004,30,25,0,12,26,39,24,13,100,0,103,15,4,187,7,8,0,37,785
JHARKHAND,LATEHAR,2004,43,14,2,24,16,31,13,12,66,0,20,4,5,39,3,4,0,3,456
JHARKHAND,LOHARDAGGA,2004,44,9,1,28,4,3,22,16,58,0,23,4,3,8,0,4,0,12,432
JHARKHAND,PAKUR,2004,37,7,4,74,12,6,13,16,64,0,44,11,3,6,2,3,0,5,584
JHARKHAND,PALAMU,2004,69,48,3,28,32,31,40,111,198,0,167,4,27,327,24,11,0,18,1549
JHARKHAND,RANCHI,2004,270,161,0,110,134,94,181,222,1458,0,263,51,7,2,9,73,0,62,4306
JHARKHAND,SAHEBGANJ,2004,45,58,2,52,44,5,17,21,196,0,65,19,4,28,5,22,0,19,730
JHARKHAND,SARAIKELA,2004,51,36,2,52,32,15,7,45,230,0,31,16,0,109,3,4,0,25,824
JHARKHAND,SIMDEGA,2004,43,22,3,32,4,10,12,16,6,0,10,10,3,1,1,0,0,1,282
JHARKHAND,TOTAL,2004,1488,1143,115,1594,936,635,780,1419,8748,0,2281,441,167,2294,275,411,0,588,31439
KARNATAKA,BAGALKOT,2004,38,39,1,6,48,19,11,89,268,0,189,23,15,336,2,40,0,54,2038
KARNATAKA,BANGALORE COMMR.,2004,214,285,2,64,350,110,455,1874,16482,0,323,1534,3,3542,44,151,0,227,28526
KARNATAKA,BANGALORE RURAL,2004,152,88,2,58,84,17,42,539,2076,0,477,142,17,1128,31,104,0,94,8084
KARNATAKA,BELGAUM,2004,106,81,2,10,52,15,30,188,582,0,255,144,19,773,6,56,0,109,4657
KARNATAKA,BELLARY,2004,42,31,1,10,34,4,13,118,590,0,219,43,8,518,5,38,0,44,3850
KARNATAKA,BIDAR,2004,40,94,1,16,50,10,20,155,492,0,187,37,14,1112,8,27,0,47,4045
KARNATAKA,BIJAPUR,2004,66,49,4,16,42,7,16,123,242,0,242,29,19,621,2,96,0,73,3109
KARNATAKA,CHAMARAJNAGAR,2004,23,16,3,14,18,2,6,99,302,0,106,22,0,520,4,42,0,19,1627
KARNATAKA,CHICKMAGALUR,2004,29,37,3,14,26,5,14,141,474,0,161,29,9,864,5,55,0,59,2823
KARNATAKA,CHITRADURGA,2004,32,32,4,32,14,6,10,119,504,0,315,23,6,911,6,63,0,39,3672
KARNATAKA,DAKSHIN KANNADA,2004,24,25,2,24,26,8,50,218,518,0,277,66,24,565,1,25,0,26,4133
KARNATAKA,DAVANAGERE,2004,38,14,4,16,20,7,19,143,546,0,266,60,4,525,11,61,0,59,2950
KARNATAKA,DHARWAD COMMR.,2004,17,17,0,2,20,0,8,101,502,0,67,143,3,201,3,8,0,10,1698
KARNATAKA,DHARWAD RURAL,2004,26,15,2,6,6,4,0,26,160,0,102,8,1,124,2,13,0,4,918
KARNATAKA,GADAG,2004,16,17,2,2,10,4,4,54,130,0,101,19,2,178,2,21,0,16,947
KARNATAKA,GULBARGA,2004,102,133,4,45,80,16,27,203,502,0,513,60,45,1221,7,122,0,98,4684
KARNATAKA,HASSAN,2004,61,57,0,32,38,4,49,241,826,0,186,38,14,1252,9,49,0,72,4298
KARNATAKA,HAVERI,2004,25,11,0,18,14,1,4,66,230,0,252,17,0,284,2,28,0,25,1970
KARNATAKA,K.G.F.,2004,16,11,1,4,16,0,7,58,188,0,67,16,0,251,7,9,0,13,833
KARNATAKA,KODAGU,2004,21,22,0,16,6,1,9,140,222,0,52,15,5,473,2,18,0,11,1459
KARNATAKA,KOLAR,2004,59,41,0,32,56,3,23,149,730,0,412,35,0,592,28,32,0,43,3129
KARNATAKA,KOPPAL,2004,25,9,1,16,8,3,4,66,108,0,85,20,2,160,6,16,0,47,1103
KARNATAKA,MANDYA,2004,58,50,0,30,16,3,17,169,604,0,270,20,0,825,19,46,0,43,3380
KARNATAKA,MYSORE COMMR.,2004,29,24,1,8,14,1,63,136,970,0,31,43,0,319,4,6,0,49,2159
KARNATAKA,MYSORE RURAL,2004,44,19,2,22,22,3,12,156,466,0,191,20,0,843,14,79,0,53,2600
KARNATAKA,RAICHUR,2004,43,34,11,12,22,4,13,91,220,0,194,51,6,523,5,57,0,67,2333
KARNATAKA,RAILWAYS,2004,20,2,0,0,8,1,6,5,1286,0,11,2,0,25,0,3,0,0,879
KARNATAKA,SHIMOGA,2004,48,40,1,22,44,7,31,148,660,0,246,45,4,939,5,60,0,107,3749
KARNATAKA,TUMKUR,2004,65,56,1,30,16,8,31,285,954,0,210,25,18,954,16,61,0,33,4251
KARNATAKA,UDUPI,2004,16,22,2,0,16,10,11,111,206,0,136,21,4,265,0,21,0,22,2240
KARNATAKA,UTTAR KANNADA,2004,24,16,0,4,8,3,19,82,146,0,94,9,6,388,3,28,0,25,2296
KARNATAKA,TOTAL,2004,1519,1387,57,581,1184,286,1024,6093,32186,0,6237,2759,248,21232,259,1435,0,1588,114440
KERALA,ALAPUZHA,2004,18,15,2,24,22,5,31,191,346,0,312,163,16,1170,0,132,0,213,7082
KERALA,CBCID,2004,22,4,3,0,0,4,1,14,38,0,3,75,6,1,0,0,0,3,226
KERALA,ERNAKULAM COMMR.,2004,13,21,11,14,36,8,56,307,972,0,189,377,4,555,1,64,0,79,6756
KERALA,ERNAKULAM RURAL,2004,31,24,17,42,20,4,28,232,664,0,305,131,14,152,5,136,0,110,8777
KERALA,IDUKKI,2004,34,13,5,30,20,2,20,153,390,0,220,76,9,1183,0,101,0,111,4229
KERALA,KANNUR,2004,23,21,12,66,8,4,14,205,350,0,519,96,20,909,0,92,0,193,4621
KERALA,KASARGOD,2004,14,19,11,58,8,3,14,187,330,0,308,69,37,1090,1,73,0,92,2669
KERALA,KOLLAM,2004,46,26,148,110,40,7,58,365,660,0,575,198,50,2138,3,287,0,337,9448
KERALA,KOTTAYAM,2004,18,7,6,56,26,5,36,345,638,0,272,368,14,1595,1,159,0,139,7919
KERALA,KOZHIKODE COMMR.,2004,8,20,24,26,30,11,26,307,722,0,394,221,19,539,3,65,0,147,4164
KERALA,KOZHIKODE RURAL,2004,9,22,46,60,20,6,15,216,402,0,408,164,53,675,5,96,0,241,4238
KERALA,MALAPPURAM,2004,23,25,31,114,20,6,29,361,682,0,584,293,23,891,0,133,0,516,6777
KERALA,PALAKKAD,2004,34,45,43,72,26,7,33,276,584,0,463,231,32,1109,1,102,0,233,5668
KERALA,PATHANAMTHITTA,2004,18,16,12,36,38,3,28,166,322,0,188,144,16,1681,1,139,0,138,4409
KERALA,RAILWAYS,2004,3,0,0,0,2,5,4,3,240,0,14,1,0,18,0,3,0,0,185
KERALA,THRISSUR,2004,41,52,56,82,44,24,66,387,1094,0,685,472,2,2801,2,175,0,244,10143
KERALA,TRIVANDRUM COMMR.,2004,15,27,8,36,42,16,94,349,974,0,290,315,12,1029,0,172,0,95,5577
KERALA,TRIVANDRUM RURAL,2004,36,27,32,84,56,17,70,398,734,0,475,261,35,1896,5,273,0,268,8742
KERALA,WAYANADU,2004,11,7,6,50,6,7,16,118,338,0,257,100,12,1178,3,58,0,63,2395
KERALA,TOTAL,2004,417,391,473,960,464,144,639,4580,10480,0,6461,3755,374,20610,31,2260,0,3222,104025
MADHYA PRADESH,ANUPPUR,2004,24,4,0,56,8,1,10,106,262,0,8,0,4,177,4,74,0,35,1458
MADHYA PRADESH,ASHOK NAGAR,2004,22,28,5,70,6,2,11,109,304,0,25,4,15,860,4,89,0,14,1954
MADHYA PRADESH,BALAGHAT,2004,74,22,2,172,20,2,20,166,408,0,40,10,12,501,13,175,0,69,3053
MADHYA PRADESH,BARWANI,2004,29,31,3,60,2,2,4,101,418,0,28,5,10,328,4,83,0,22,2255
MADHYA PRADESH,BETUL,2004,59,43,2,220,34,5,9,149,358,0,15,31,16,461,18,125,0,76,3018
MADHYA PRADESH,BHIND,2004,57,126,3,58,66,11,43,197,546,0,104,44,11,716,35,75,0,75,3802
MADHYA PRADESH,BHOPAL,2004,71,91,0,168,86,6,106,950,4220,0,129,114,22,751,29,251,0,152,15718
MADHYA PRADESH,BHOPAL RLY.,2004,6,5,0,2,2,0,24,10,2590,0,3,11,0,19,0,9,0,1,1673
MADHYA PRADESH,BURHANPUR,2004,22,18,3,36,4,9,3,66,266,0,15,6,4,113,3,64,0,0,1523
MADHYA PRADESH,CHHATARPUR,2004,56,44,2,124,38,5,36,244,412,0,40,16,27,482,17,160,0,55,3528
MADHYA PRADESH,CHHINDWARA,2004,66,28,2,264,30,4,15,195,556,0,47,30,12,1149,8,204,0,138,4126
MADHYA PRADESH,DAMOH,2004,49,58,0,108,18,3,24,151,328,0,13,9,18,1041,23,150,0,52,2645
MADHYA PRADESH,DATIYA,2004,60,54,0,50,36,4,29,107,312,0,34,13,13,415,6,71,0,32,2089
MADHYA PRADESH,DEWAS,2004,48,93,0,164,60,17,70,315,1706,0,107,47,40,459,16,193,0,216,7197
MADHYA PRADESH,DHAR,2004,100,78,0,218,60,6,38,249,1070,0,69,12,28,688,48,154,0,112,5045
MADHYA PRADESH,DINDORI,2004,14,13,1,68,6,0,4,46,76,0,6,9,2,100,1,61,0,11,826
MADHYA PRADESH,GUNA,2004,45,32,8,156,12,11,21,238,542,0,68,9,17,968,10,161,0,42,3421
MADHYA PRADESH,GWALIOR,2004,86,145,13,116,104,14,109,882,2700,0,140,82,19,961,31,180,0,147,8428
MADHYA PRADESH,HARDA,2004,15,17,0,62,6,0,15,83,190,0,18,11,2,393,5,30,0,14,1092
MADHYA PRADESH,HOSHANGABAD,2004,50,63,76,102,40,9,29,264,742,0,33,47,15,515,8,132,0,71,3484
MADHYA PRADESH,INDORE,2004,107,136,6,194,94,14,121,838,5220,0,117,149,30,1270,35,269,0,294,15350
MADHYA PRADESH,INDORE RLY.,2004,3,0,2,2,0,0,5,3,298,0,0,2,0,11,0,5,0,0,288
MADHYA PRADESH,JABALPUR,2004,84,178,0,204,78,12,79,596,2096,0,82,119,46,3487,42,227,0,115,9524
MADHYA PRADESH,JABALPUR RLY.,2004,4,3,0,14,0,3,15,4,578,0,1,3,0,10,0,5,0,0,515
MADHYA PRADESH,JHABUA,2004,139,87,2,44,86,3,12,89,366,0,27,3,42,574,1,73,0,12,2566
MADHYA PRADESH,KATNI,2004,33,18,2,60,8,4,14,172,372,0,29,24,8,959,19,130,0,67,2516
MADHYA PRADESH,KHANDWA,2004,36,38,0,114,28,7,26,281,580,0,39,23,9,41,12,188,0,49,3791
MADHYA PRADESH,KHARGON,2004,32,39,4,126,36,9,22,263,1510,0,76,27,16,1298,12,194,0,77,4367
MADHYA PRADESH,MANDLA,2004,22,11,0,88,8,1,10,85,130,0,16,14,5,357,6,110,0,30,1985
MADHYA PRADESH,MANDSAUR,2004,27,35,0,80,34,4,35,199,1006,0,34,18,17,360,8,128,0,68,2997
MADHYA PRADESH,MORENA,2004,66,144,3,110,30,16,42,208,750,0,168,31,15,1048,33,89,0,62,4976
MADHYA PRADESH,NARSINGHPUR,2004,33,49,0,84,8,2,6,110,272,0,21,13,15,1020,18,130,0,48,2349
MADHYA PRADESH,NEEMUCH,2004,18,23,1,46,12,4,15,201,638,0,50,17,9,403,4,62,0,60,2204
MADHYA PRADESH,PANNA,2004,41,37,1,68,20,5,13,110,168,0,7,4,13,68,15,65,0,28,1384
MADHYA PRADESH,RAISEN,2004,44,55,0,134,22,0,12,115,416,0,38,20,1,312,15,198,0,66,3358
MADHYA PRADESH,RAJGARH,2004,30,45,2,196,38,14,41,281,916,0,119,11,85,415,4,193,0,126,5098
MADHYA PRADESH,RATLAM,2004,42,35,2,142,38,6,11,148,784,0,40,37,20,307,5,109,0,60,3661
MADHYA PRADESH,REWA,2004,65,28,0,104,72,6,74,707,972,0,76,23,31,630,39,123,0,50,4478
MADHYA PRADESH,SAGAR,2004,69,89,0,282,60,0,40,348,898,0,87,20,28,2591,40,338,0,161,7143
MADHYA PRADESH,SATNA,2004,60,65,2,128,34,9,43,421,814,0,35,22,27,998,33,180,0,64,4877
MADHYA PRADESH,SEONI,2004,21,24,3,148,20,0,8,126,222,0,22,13,10,405,17,117,0,23,2278
MADHYA PRADESH,SHAHDOL,2004,36,18,0,94,20,3,19,230,454,0,12,8,11,266,8,135,0,72,2518
MADHYA PRADESH,SHAJAPUR,2004,40,53,1,148,30,7,63,277,1278,0,114,15,35,1166,15,180,0,96,3995
MADHYA PRADESH,SHEOPUR,2004,12,14,0,42,10,3,4,53,180,0,27,4,4,309,3,51,0,22,1053
MADHYA PRADESH,SHIVPURI,2004,78,49,0,122,56,11,32,196,608,0,53,14,22,390,7,113,0,36,3824
MADHYA PRADESH,SIDHI,2004,61,19,2,102,54,1,29,358,526,0,31,20,13,565,17,161,0,59,3719
MADHYA PRADESH,SIHORE,2004,31,30,1,124,10,6,11,129,768,0,18,15,17,405,6,90,0,46,3042
MADHYA PRADESH,TIKAMGARH,2004,59,42,0,86,22,6,22,189,428,0,27,18,22,897,24,133,0,37,2923
MADHYA PRADESH,UJJAIN,2004,62,136,0,130,72,12,58,617,3184,0,100,48,29,709,13,187,0,192,8685
MADHYA PRADESH,UMARIYA,2004,23,14,32,60,4,2,10,115,190,0,14,18,5,193,6,63,0,24,1212
MADHYA PRADESH,VIDISHA,2004,48,56,2,200,22,0,14,211,544,0,57,24,21,724,11,203,0,58,3856
MADHYA PRADESH,TOTAL,2004,2379,2563,188,5750,1664,281,1526,12308,45172,0,2479,1287,893,33285,751,6690,0,3436,196867
MAHARASHTRA,AHMEDNAGAR,2004,98,57,0,82,50,40,108,309,1938,0,175,114,35,618,0,73,0,277,4738
MAHARASHTRA,AKOLA,2004,55,45,0,76,46,16,57,314,1914,0,108,88,30,843,6,94,0,147,4354
MAHARASHTRA,AMRAVATI COMMR.,2004,19,20,4,34,42,1,45,242,1676,0,95,37,20,417,1,40,0,54,2740
MAHARASHTRA,AMRAVATI RURAL,2004,60,28,7,112,40,15,21,305,1776,0,95,26,62,832,9,127,0,104,3660
MAHARASHTRA,AURANGABAD COMMR.,2004,31,17,0,24,30,20,36,194,1206,0,114,106,3,324,5,21,0,132,2326
MAHARASHTRA,AURANGABAD RURAL,2004,41,21,0,20,22,37,44,123,660,0,157,28,33,761,20,57,0,225,2777
MAHARASHTRA,BEED,2004,57,42,1,48,38,46,59,294,1454,0,391,45,39,960,4,82,0,246,3936
MAHARASHTRA,BHANDARA,2004,22,11,6,72,32,1,12,206,984,0,77,15,49,458,1,66,0,52,2550
MAHARASHTRA,BULDHANA,2004,48,35,2,78,40,25,38,183,1490,0,131,57,71,778,18,106,0,195,3705
MAHARASHTRA,CHANDRAPUR,2004,59,19,5,62,36,14,24,326,1346,0,126,59,39,625,3,93,0,94,3539
MAHARASHTRA,DHULE,2004,32,16,3,22,6,12,8,98,532,0,88,42,1,336,1,24,0,96,2042
MAHARASHTRA,GADCHIROLI,2004,47,49,1,62,16,5,11,126,304,0,26,18,49,270,3,44,0,46,1367
MAHARASHTRA,GONDIA,2004,27,11,1,60,42,5,23,179,634,0,47,18,20,352,2,85,0,54,1898
MAHARASHTRA,HINGOLI,2004,35,25,2,26,30,10,34,113,404,0,83,27,29,481,1,29,0,85,1689
MAHARASHTRA,JALGAON,2004,83,39,2,72,24,14,40,218,1304,0,169,211,20,771,6,83,0,323,4336
MAHARASHTRA,JALNA,2004,53,30,0,20,20,16,39,199,676,0,151,52,36,632,24,49,0,226,2603
MAHARASHTRA,KOLHAPUR,2004,54,54,4,30,40,7,28,215,1242,0,127,70,19,523,29,34,0,78,3132
MAHARASHTRA,LATUR,2004,61,31,4,44,38,12,31,224,732,0,188,50,30,1077,39,36,0,82,3382
MAHARASHTRA,MUMBAI,2004,253,127,4,374,356,110,302,2978,23020,0,213,1427,10,3702,13,321,0,248,29453
MAHARASHTRA,MUMBAI RLY.,2004,7,4,2,2,4,4,29,5,3544,0,8,31,0,32,0,9,0,0,2020
MAHARASHTRA,NAGPUR COMMR.,2004,112,56,2,82,98,54,178,1107,4894,0,199,194,22,915,9,41,0,156,8518
MAHARASHTRA,NAGPUR RLY.,2004,5,1,0,4,4,2,13,1,2048,0,10,4,0,26,0,5,0,0,1249
MAHARASHTRA,NAGPUR RURAL,2004,71,27,7,96,54,12,49,321,2150,0,128,49,54,829,8,104,0,83,4884
MAHARASHTRA,NANDED,2004,91,82,3,62,46,41,68,395,1238,0,235,79,72,1492,16,78,0,198,5687
MAHARASHTRA,NANDURBAR,2004,35,17,0,40,18,6,5,78,394,0,68,29,5,237,1,30,0,82,1247
MAHARASHTRA,NASIK COMMR.,2004,19,13,4,30,34,8,17,350,1616,0,80,148,6,228,4,26,0,126,2606
MAHARASHTRA,NASIK RURAL,2004,97,41,2,66,48,24,29,240,924,0,293,130,17,808,11,86,0,371,4344
MAHARASHTRA,NAVI MUMBAI,2004,61,32,0,34,38,54,99,323,2172,0,97,174,4,444,2,33,0,51,3688
MAHARASHTRA,OSMANABAD,2004,46,15,1,52,24,10,22,168,662,0,134,58,8,617,1,35,0,105,2418
MAHARASHTRA,PARBHANI,2004,42,31,1,26,24,15,51,171,584,0,109,44,24,982,4,45,0,132,2444
MAHARASHTRA,PUNE COMMR.,2004,100,76,3,126,140,37,130,843,7810,0,524,433,9,1153,0,67,0,174,10754
MAHARASHTRA,PUNE RLY.,2004,4,0,0,0,0,2,4,0,264,0,3,0,0,4,0,0,0,0,186
MAHARASHTRA,PUNE RURAL,2004,132,31,7,62,52,42,70,360,1708,0,137,120,20,503,10,72,0,154,4830
MAHARASHTRA,RAIGAD,2004,61,14,0,38,26,31,19,148,506,0,146,46,12,268,2,50,0,47,2127
MAHARASHTRA,RATNAGIRI,2004,16,8,1,46,12,2,12,154,392,0,76,34,23,189,1,40,0,44,1301
MAHARASHTRA,SANGLI,2004,69,26,0,60,28,20,21,240,1132,0,122,158,18,380,3,31,0,85,2588
MAHARASHTRA,SATARA,2004,59,28,1,44,40,17,36,242,1178,0,111,48,23,431,7,38,0,169,3288
MAHARASHTRA,SINDHUDURG,2004,10,4,2,10,10,0,11,74,210,0,45,12,11,133,0,18,0,6,791
MAHARASHTRA,SOLAPUR COMMR.,2004,20,13,0,38,20,9,39,207,720,0,55,121,3,197,2,13,0,60,1737
MAHARASHTRA,SOLAPUR RURAL,2004,96,43,9,82,36,21,34,166,870,0,140,23,14,565,10,55,0,124,2990
MAHARASHTRA,THANE COMMR.,2004,115,72,1,114,134,51,159,1089,4228,0,244,523,12,1657,7,87,0,190,7286
MAHARASHTRA,THANE RURAL,2004,144,44,5,120,84,49,83,494,1246,0,193,112,25,760,10,100,0,105,4250
MAHARASHTRA,WARDHA,2004,42,25,3,62,50,11,41,241,1238,0,65,43,63,840,5,104,0,70,3692
MAHARASHTRA,WASHIM,2004,28,21,2,38,34,6,17,121,836,0,111,19,46,495,5,71,0,144,2233
MAHARASHTRA,YAVATMAL,2004,79,62,13,124,84,10,33,275,2048,0,86,45,63,1177,11,129,0,206,4917
MAHARASHTRA,TOTAL,2004,2696,1463,115,2776,2090,944,2229,14659,87904,0,5980,5167,1149,30122,314,2831,0,5646,176302
MANIPUR,BISHNUPUR,2004,19,48,0,6,28,2,0,5,52,0,14,3,29,36,0,7,0,1,283
MANIPUR,CHANDEL,2004,6,13,0,2,2,0,0,5,8,0,0,0,0,1,0,0,0,0,64
MANIPUR,CHURACHANDPUR,2004,26,18,2,0,14,0,0,3,16,0,0,1,0,0,0,0,0,0,120
MANIPUR,IMPHAL(EAST),2004,24,30,0,14,46,0,1,7,54,0,28,85,21,47,0,2,0,0,467
MANIPUR,IMPHAL(WEST),2004,28,58,1,18,76,1,1,40,284,0,55,42,25,106,0,19,0,0,1053
MANIPUR,SENAPATI,2004,7,11,0,0,14,0,1,1,16,0,5,2,0,0,0,0,0,0,117
MANIPUR,TAMENGLONG,2004,1,1,0,0,10,0,0,0,14,0,0,1,0,0,0,0,0,0,37
MANIPUR,THOUBAL,2004,38,46,0,22,64,0,0,3,28,0,10,7,10,43,0,2,0,1,346
MANIPUR,UKHRUL,2004,10,2,0,0,2,1,0,2,16,0,3,1,0,0,0,0,0,0,48
MANIPUR,TOTAL,2004,159,227,3,62,256,4,3,66,488,0,115,142,85,233,0,30,0,2,2535
MEGHALAYA,GARO HILLS EAST,2004,7,9,1,0,6,5,10,18,36,0,0,1,2,2,0,1,0,0,98
MEGHALAYA,GARO HILLS SOUTH,2004,5,2,0,2,4,4,1,0,18,0,0,0,0,2,0,0,0,0,33
MEGHALAYA,GARO HILLS WEST,2004,17,13,2,24,20,14,3,16,62,0,2,3,0,36,1,10,0,0,212
MEGHALAYA,JAINTIA HILLS,2004,32,3,2,22,12,15,5,20,122,0,0,2,8,38,0,5,0,0,305
MEGHALAYA,KHASI HILLS EAST,2004,33,12,1,34,58,28,46,75,456,0,0,34,2,16,1,13,0,5,762
MEGHALAYA,KHASI HILLS WEST,2004,14,1,0,18,4,6,6,12,50,0,0,2,0,12,0,3,0,0,123
MEGHALAYA,RI-BHOI,2004,16,2,1,8,4,21,10,1,92,0,0,2,3,17,0,2,0,0,219
MEGHALAYA,TOTAL,2004,124,42,7,108,108,93,81,142,836,0,2,44,15,123,2,34,0,5,1752
MIZORAM,AIZAWL,2004,10,7,1,12,12,3,2,70,700,0,1,5,6,15,0,30,0,0,670
MIZORAM,CHAMPHAI,2004,6,4,0,6,4,1,1,50,100,0,0,2,3,10,0,5,0,0,161
MIZORAM,KOLASIB,2004,4,2,0,4,2,1,1,5,10,0,0,2,1,15,0,2,0,0,47
MIZORAM,LAWNGTLAI,2004,3,1,0,2,2,1,1,20,60,0,0,3,3,5,0,5,0,0,99
MIZORAM,LUNGLEI,2004,4,3,1,4,4,2,1,30,200,0,1,4,4,10,0,10,0,0,250
MIZORAM,MAMIT,2004,3,1,0,4,2,1,0,5,10,0,0,1,1,10,0,2,0,0,38
MIZORAM,SAIHA,2004,3,2,0,2,2,1,0,20,100,0,0,1,3,5,0,10,0,0,142
MIZORAM,SERCHHIP,2004,2,1,0,6,2,0,0,50,40,0,0,2,1,10,0,2,0,0,108
MIZORAM,TOTAL,2004,35,21,2,40,30,10,6,250,1220,0,2,20,22,80,0,66,0,0,1515
NAGALAND,DIMAPUR,2004,22,5,0,4,18,4,93,23,170,0,0,8,0,3,0,0,0,0,333
NAGALAND,KIPHIRE,2004,0,1,0,0,0,2,1,0,20,0,0,0,0,1,0,0,0,0,21
NAGALAND,KOHIMA,2004,12,5,0,20,18,3,14,16,72,0,0,8,1,8,0,2,0,0,202
NAGALAND,MOKOKCHUNG,2004,6,3,0,2,2,0,1,8,18,0,0,2,2,11,0,0,0,0,62
NAGALAND,MON,2004,6,6,0,0,4,3,4,2,66,0,0,6,0,10,0,0,0,0,96
NAGALAND,PEREN,2004,3,1,1,4,0,0,0,1,6,0,0,1,0,0,0,0,0,0,14
NAGALAND,PHEK,2004,6,2,2,2,0,0,0,5,8,0,0,2,1,6,0,1,0,0,44
NAGALAND,TUENSANG,2004,10,3,0,2,0,0,2,5,18,0,5,0,0,1,0,0,0,0,58
NAGALAND,WOKHA,2004,4,4,1,0,4,0,0,2,82,0,1,1,1,5,0,0,0,0,85
NAGALAND,ZUNHEBOTO,2004,1,3,1,2,0,2,2,8,50,0,0,0,0,7,0,0,0,0,69
NAGALAND,TOTAL,2004,70,33,5,36,46,14,117,70,510,0,6,28,5,52,0,3,0,0,984
ODISHA,ANGUL,2004,51,40,0,54,20,12,19,92,444,0,94,36,13,24,13,81,0,63,1889
ODISHA,BALASORE,2004,29,21,0,88,70,7,32,138,394,0,46,21,23,191,41,129,0,28,2504
ODISHA,BARAGARH,2004,33,40,2,44,28,6,19,58,310,0,81,32,12,44,8,63,0,90,1399
ODISHA,BERHAMPUR,2004,18,47,3,32,26,4,43,56,328,0,36,31,3,9,6,54,0,53,1152
ODISHA,BHADRAK,2004,23,39,0,62,34,5,13,56,190,0,39,22,14,10,8,63,0,70,1662
ODISHA,BOLANGIR,2004,32,58,0,66,12,0,31,83,292,0,92,17,7,53,6,94,0,43,1667
ODISHA,BOUDH,2004,9,4,1,14,8,2,3,28,84,0,22,2,9,161,2,41,0,19,397
ODISHA,CUTTACK,2004,41,120,0,90,102,29,129,296,1458,0,77,84,17,189,50,64,0,126,3973
ODISHA,DEOGARH,2004,15,10,0,26,6,3,9,17,80,0,18,4,5,130,1,37,0,17,470
ODISHA,DHENKANAL,2004,35,50,0,38,40,9,24,67,224,0,95,19,23,84,12,97,0,25,1469
ODISHA,GAJAPATI,2004,17,6,1,10,14,1,1,25,52,0,21,7,4,10,0,23,0,8,402
ODISHA,GANJAM,2004,62,77,3,30,36,13,37,116,364,0,95,22,24,180,21,155,0,30,1922
ODISHA,JAGATSINGHPUR,2004,27,32,3,38,58,4,31,73,258,0,24,13,13,117,14,10,0,32,1347
ODISHA,JAJPUR,2004,27,25,0,30,42,10,42,102,336,0,72,11,13,272,21,25,0,64,1778
ODISHA,JHARSUGUDA,2004,15,14,0,24,18,4,4,39,182,0,22,7,7,5,0,41,0,4,887
ODISHA,KALAHANDI,2004,21,19,2,44,22,5,26,58,162,0,59,58,6,56,2,33,0,20,870
ODISHA,KANDHAMAL,2004,23,14,0,52,34,1,13,70,124,0,22,2,12,431,2,67,0,42,823
ODISHA,KENDRAPARA,2004,31,24,0,38,16,7,19,56,152,0,18,7,11,42,29,9,0,10,994
ODISHA,KEONJHAR,2004,60,39,0,78,28,1,24,56,344,0,56,14,25,144,16,87,0,15,1933
ODISHA,KHURDA,2004,61,62,1,88,114,39,174,561,2260,0,69,188,20,1198,20,49,0,64,5337
ODISHA,KORAPUT,2004,56,29,0,80,40,20,28,112,218,0,72,20,7,58,1,82,0,46,1587
ODISHA,MALKANGIR,2004,43,34,2,38,4,2,4,22,84,0,7,3,8,61,1,28,0,12,507
ODISHA,MAYURBHANJ,2004,77,66,1,168,52,5,29,115,458,0,25,24,12,23,21,102,0,125,2234
ODISHA,NAYAGARH,2004,30,19,1,34,40,5,20,48,220,0,11,13,8,253,1,11,0,10,842
ODISHA,NOWRANGPUR,2004,14,19,1,32,26,8,14,53,102,0,40,11,6,54,0,33,0,24,683
ODISHA,NUAPADA,2004,6,5,1,20,14,1,7,24,112,0,36,8,1,38,1,22,0,10,704
ODISHA,PURI,2004,40,116,0,72,60,6,49,134,564,0,44,25,16,89,19,22,0,17,2527
ODISHA,RAYAGADA,2004,25,20,1,38,8,5,5,35,138,0,47,17,5,50,0,59,0,36,951
ODISHA,ROURKELA,2004,14,30,1,20,18,2,19,118,424,0,10,29,3,21,1,56,0,39,1271
ODISHA,SAMBALPUR,2004,43,49,0,44,32,9,38,151,466,0,37,19,5,173,0,57,0,25,1841
ODISHA,SONEPUR,2004,9,14,0,10,2,1,8,21,80,0,9,5,2,17,0,29,0,7,375
ODISHA,SRP(CUTTACK),2004,4,0,0,0,6,1,8,4,538,0,1,2,0,16,0,3,0,1,402
ODISHA,SRP(ROURKELA),2004,7,3,0,4,0,1,5,16,172,0,3,2,0,6,0,2,0,0,228
ODISHA,SUNDARGARH,2004,68,52,1,34,22,10,25,92,320,0,33,30,9,729,2,83,0,17,1712
ODISHA,TOTAL,2004,1066,1197,25,1540,1052,238,952,2992,11934,0,1433,805,343,4938,319,1811,0,1192,48739
PUNJAB,AMRITSAR,2004,48,50,4,50,62,4,6,102,362,0,0,206,4,189,7,9,0,54,1444
PUNJAB,BARNALA,2004,12,18,11,26,16,6,5,40,98,0,0,60,0,59,0,5,0,18,474
PUNJAB,BATALA,2004,27,33,1,16,16,1,0,36,100,0,0,64,0,110,2,5,0,14,565
PUNJAB,BHATINDA,2004,36,33,17,44,52,1,0,138,248,0,0,161,1,236,5,23,0,40,1319
PUNJAB,FARIDKOT,2004,19,18,0,26,30,0,2,48,94,0,0,75,0,155,1,9,0,19,611
PUNJAB,FATEHGARH SAHIB,2004,26,6,4,8,20,5,1,31,92,0,0,61,0,85,4,10,0,14,557
PUNJAB,FEROZEPUR,2004,50,44,1,60,38,5,2,102,330,0,0,113,5,385,6,16,0,49,1482
PUNJAB,G.R.P,2004,9,2,1,0,0,0,1,0,60,0,16,20,0,11,1,6,0,0,361
PUNJAB,GURDASPUR,2004,19,15,10,32,16,0,2,56,118,0,0,28,2,101,3,6,0,18,724
PUNJAB,HOSHIARPUR,2004,35,27,8,46,42,7,3,67,150,0,0,119,5,263,13,11,0,39,1175
PUNJAB,JAGRAON,2004,29,28,7,40,56,0,4,91,200,0,0,68,2,142,3,11,0,14,942
PUNJAB,JALANDHAR,2004,74,85,13,62,106,15,6,212,508,0,0,364,9,510,14,26,0,109,2753
PUNJAB,KAPURTHALA,2004,22,23,6,24,24,3,1,38,124,0,0,166,3,122,5,2,0,32,807
PUNJAB,KHANNA,2004,20,17,7,16,28,0,3,46,130,0,0,24,0,21,4,5,0,10,357
PUNJAB,LUDHIANA,2004,53,55,12,96,140,18,8,145,738,0,0,333,2,232,5,33,0,104,2877
PUNJAB,MAJITHA,2004,34,23,8,28,32,1,5,30,116,0,0,58,2,142,4,6,0,13,652
PUNJAB,MANSA,2004,28,36,6,16,10,1,2,40,64,0,0,61,0,142,3,1,0,21,587
PUNJAB,MOGA,2004,35,22,2,22,28,2,0,55,122,0,0,68,2,200,7,5,0,18,749
PUNJAB,MUKTSAR,2004,16,22,7,14,20,4,1,44,112,0,0,53,2,107,1,6,0,24,571
PUNJAB,NAWAN SHAHR,2004,23,20,1,28,32,3,11,39,216,0,0,60,3,257,3,7,0,14,766
PUNJAB,PATIALA,2004,49,45,9,40,90,5,10,197,608,0,0,289,2,444,9,24,0,96,2814
PUNJAB,ROPAR,2004,25,14,3,16,24,6,1,72,274,0,0,92,3,145,0,12,0,29,1152
PUNJAB,SANGRUR,2004,44,50,9,42,32,7,7,103,222,0,0,141,5,191,3,13,0,42,1267
PUNJAB,TARN TARAN,2004,42,30,1,28,12,2,5,34,88,0,0,45,0,153,10,10,0,10,624
PUNJAB,TOTAL,2004,775,716,148,780,926,96,86,1766,5174,0,16,2729,52,4402,113,261,0,801,25630
RAJASTHAN,AJMER,2004,41,82,2,96,202,7,47,378,1634,0,60,347,18,611,8,78,0,371,6775
RAJASTHAN,ALWAR,2004,60,98,0,86,172,3,31,203,2276,0,85,327,29,2036,30,98,0,276,7163
RAJASTHAN,BANSWARA,2004,26,22,1,40,108,1,9,86,184,0,142,49,28,1370,7,92,0,86,2984
RAJASTHAN,BARAN,2004,35,95,4,100,126,1,11,114,566,0,25,119,18,274,3,164,0,163,3301
RAJASTHAN,BARMER,2004,15,22,3,28,42,0,7,122,388,0,28,138,33,678,9,95,0,69,2559
RAJASTHAN,BHARATPUR,2004,92,134,1,88,256,17,26,99,1642,0,3,322,44,1186,16,52,0,295,7528
RAJASTHAN,BHILWARA,2004,37,43,4,88,314,3,55,292,1692,0,186,383,23,106,11,121,0,342,6297
RAJASTHAN,BIKANER,2004,52,98,0,82,62,2,8,152,1026,0,1,292,21,523,23,48,0,190,3937
RAJASTHAN,BUNDI,2004,17,102,0,94,198,0,17,128,732,0,88,128,23,992,4,141,0,228,4154
RAJASTHAN,CHITTORGARH,2004,51,46,1,134,368,4,40,298,1346,0,138,284,40,2313,7,165,0,501,6861
RAJASTHAN,CHURU,2004,32,34,1,30,62,2,1,118,408,0,34,219,16,894,7,44,0,198,2713
RAJASTHAN,DAUSA,2004,30,15,0,28,100,0,5,97,958,0,87,172,17,45,14,30,0,89,4053
RAJASTHAN,DHOLPUR,2004,32,50,0,62,88,4,22,88,556,0,65,92,14,1389,12,50,0,127,3043
RAJASTHAN,DUNGARPUR,2004,26,8,0,34,80,1,13,58,152,0,132,35,21,113,5,44,0,72,1910
RAJASTHAN,G.R.P.,2004,3,4,0,2,6,2,3,1,1108,0,8,6,0,4,1,13,0,1,972
RAJASTHAN,GANGANAGAR,2004,58,106,2,100,138,2,12,233,960,0,20,532,16,1215,20,46,0,450,5512
RAJASTHAN,HANUMANGARH,2004,49,96,3,76,70,9,15,104,672,0,11,319,11,519,12,91,0,291,3846
RAJASTHAN,JAIPUR,2004,83,116,10,162,454,14,63,939,8064,0,821,1581,35,1707,39,240,0,536,20209
RAJASTHAN,JAISALMER,2004,5,0,0,4,20,0,0,57,312,0,20,17,7,0,3,14,0,27,821
RAJASTHAN,JALORE,2004,30,20,0,10,54,0,8,75,248,0,11,82,17,57,8,45,0,75,2411
RAJASTHAN,JHALAWAR,2004,46,98,4,80,176,6,38,179,876,0,90,78,49,1102,4,167,0,258,3838
RAJASTHAN,JHUNJHUNU,2004,32,12,0,52,80,2,8,109,660,0,86,169,31,180,14,55,0,132,3917
RAJASTHAN,JODHPUR,2004,49,114,0,38,132,3,23,330,2400,0,77,570,52,2200,15,101,0,270,6883
RAJASTHAN,KARAULI,2004,26,26,0,90,150,1,14,33,678,0,3,119,25,192,11,70,0,87,3373
RAJASTHAN,KOTA,2004,47,300,4,84,274,3,50,325,2402,0,59,409,39,497,10,186,0,400,7221
RAJASTHAN,NAGAUR,2004,54,35,0,50,80,2,7,208,800,0,20,209,28,275,16,160,0,154,4311
RAJASTHAN,PALI,2004,42,59,9,62,180,0,19,223,906,0,39,221,35,38,12,127,0,239,5329
RAJASTHAN,RAJSAMAND,2004,18,15,0,14,76,1,7,72,330,0,58,113,10,1256,3,29,0,131,2499
RAJASTHAN,SAWAI MADHOPUR,2004,22,21,1,56,100,2,6,83,754,0,4,156,20,40,13,45,0,113,3217
RAJASTHAN,SIKAR,2004,39,27,1,36,132,1,6,178,706,0,239,165,30,436,17,38,0,120,4029
RAJASTHAN,SIROHI,2004,44,28,1,28,66,6,18,113,376,0,40,91,17,657,6,44,0,86,2207
RAJASTHAN,TONK,2004,27,28,4,28,134,1,9,108,636,0,127,152,16,1288,5,30,0,205,3803
RAJASTHAN,UDAIPUR,2004,59,76,3,114,268,4,75,308,1236,0,294,437,52,1754,14,102,0,199,7183
RAJASTHAN,TOTAL,2004,1279,2030,59,2076,4768,104,673,5911,37684,0,3101,8333,835,25947,379,2825,0,6781,154859
SIKKIM,EAST,2004,4,3,2,2,2,0,4,42,116,0,22,15,3,37,0,15,0,0,332
SIKKIM,NORTH,2004,3,0,0,0,0,0,0,2,0,0,2,1,1,4,0,1,0,0,24
SIKKIM,SOUTH,2004,4,4,1,4,8,0,0,15,22,0,15,4,0,15,0,12,0,1,137
SIKKIM,WEST,2004,5,1,0,0,0,0,1,5,8,0,37,2,3,22,0,12,0,0,138
SIKKIM,TOTAL,2004,16,8,3,6,10,0,5,64,146,0,76,22,7,78,0,40,0,1,631
TAMIL NADU,CHENGAI,2004,79,56,0,66,72,2,26,342,1982,0,87,104,9,733,32,102,0,94,12560
TAMIL NADU,CHENNAI,2004,67,210,4,60,74,4,47,430,6526,0,33,359,0,667,23,55,0,154,12436
TAMIL NADU,CHENNAI RLY.,2004,1,4,0,0,2,0,5,2,444,0,7,9,0,16,1,0,0,1,645
TAMIL NADU,COIMBATORE RURAL,2004,64,43,0,46,50,8,31,256,2342,0,295,100,18,3012,7,65,0,67,9840
TAMIL NADU,COIMBATORE URBAN,2004,17,15,0,8,16,3,17,148,2128,0,194,66,4,144,4,16,0,29,3831
TAMIL NADU,CUDDALORE,2004,55,102,4,36,82,2,17,93,948,0,223,22,45,2739,6,53,0,25,7109
TAMIL NADU,DHARMAPURI,2004,39,16,0,44,46,4,10,62,326,0,173,38,23,821,2,57,0,23,2789
TAMIL NADU,DINDIGUL,2004,52,48,1,36,52,0,20,116,1008,0,35,56,29,463,7,30,0,38,5047
TAMIL NADU,ERODE,2004,59,23,0,26,44,1,20,150,1332,0,24,149,25,2105,7,35,0,21,6045
TAMIL NADU,KANCHIPURAM,2004,48,52,0,34,24,3,9,109,752,0,76,5,0,570,5,65,0,6,6807
TAMIL NADU,KANYAKUMARI,2004,30,43,2,6,24,0,7,139,628,0,4,46,19,356,0,22,0,54,3113
TAMIL NADU,KARUR,2004,19,18,1,8,12,1,6,35,424,0,26,11,6,140,3,12,0,13,2435
TAMIL NADU,KRISHNAGIRI,2004,46,28,0,18,54,4,9,80,584,0,170,70,29,665,8,38,0,31,4890
TAMIL NADU,MADURAI RURAL,2004,57,45,0,58,58,19,35,131,1052,0,102,68,15,1329,7,70,0,26,4253
TAMIL NADU,MADURAI URBAN,2004,16,32,0,16,54,2,18,79,1058,0,71,143,7,143,5,34,0,38,3164
TAMIL NADU,NAGAPATTINAM,2004,32,44,0,18,42,0,3,73,530,0,44,24,34,1308,5,28,0,9,3480
TAMIL NADU,NAMAKKAL,2004,31,20,0,14,36,4,3,42,392,0,87,29,12,1334,8,35,0,39,3608
TAMIL NADU,NILGIRIS,2004,14,26,0,28,6,0,6,86,300,0,26,14,0,273,2,45,0,4,1707
TAMIL NADU,PERAMBALUR,2004,33,33,0,30,62,1,8,73,324,0,56,25,27,669,4,44,0,39,2505
TAMIL NADU,PUDUKOTTAI,2004,30,30,0,22,44,0,5,71,438,0,161,39,18,309,2,60,0,35,3323
TAMIL NADU,RAMNATHAPURAM,2004,37,42,0,20,38,3,6,86,418,0,122,26,29,418,2,48,0,5,2865
TAMIL NADU,SALEM RURAL,2004,73,178,1,112,204,14,28,92,490,0,160,113,53,2153,12,337,0,254,5908
TAMIL NADU,SALEM URBAN,2004,22,14,0,22,12,3,3,49,516,0,12,42,2,134,9,5,0,18,2865
TAMIL NADU,SIVAGANGAI,2004,29,30,0,26,42,0,7,91,616,0,31,31,5,320,7,16,0,40,2620
TAMIL NADU,THANJAVUR,2004,48,67,1,24,58,21,10,149,950,0,111,21,19,732,5,75,0,21,3930
TAMIL NADU,THENI,2004,31,62,2,10,20,0,8,79,574,0,93,56,10,1107,1,64,0,27,3367
TAMIL NADU,THIRUNELVELI RURAL,2004,63,92,0,60,42,2,13,94,920,0,4,34,26,752,5,88,0,57,4834
TAMIL NADU,THIRUNELVELI URBAN,2004,19,40,0,6,12,1,7,27,322,0,12,26,8,52,2,13,0,13,1305
TAMIL NADU,THIRUVALLUR,2004,20,11,1,32,28,2,5,71,390,0,97,10,11,1202,14,46,0,29,3163
TAMIL NADU,THIRUVANNAMALAI,2004,30,20,0,54,50,2,9,101,788,0,172,30,21,530,3,27,0,4,3842
TAMIL NADU,THIRUVARUR,2004,24,25,0,14,20,0,2,50,430,0,55,12,24,988,2,68,0,10,2950
TAMIL NADU,THOOTHUGUDI,2004,59,93,1,70,62,3,15,162,1032,0,6,74,35,422,2,16,0,62,4950
TAMIL NADU,TRICHY RLY.,2004,0,1,0,0,0,1,3,0,132,0,3,3,0,9,0,2,0,0,210
TAMIL NADU,TRICHY RURAL,2004,58,29,0,32,60,3,5,62,314,0,71,35,9,967,5,9,0,0,3639
TAMIL NADU,TRICHY URBAN,2004,13,14,1,0,12,3,1,82,748,0,5,49,2,55,4,8,0,32,2615
TAMIL NADU,VELLORE,2004,60,36,3,34,60,0,6,173,1150,0,244,66,31,2087,6,46,0,11,6760
TAMIL NADU,VILLUPURAM,2004,68,78,4,110,112,9,21,111,780,0,275,30,31,620,5,87,0,59,6559
TAMIL NADU,VIRUDHUNAGAR,2004,36,52,0,36,54,1,13,151,972,0,66,86,26,511,3,40,0,49,4637
TAMIL NADU,TOTAL,2004,1479,1772,26,1236,1740,126,464,4147,35060,0,3433,2121,662,30855,225,1861,0,1437,166606
TRIPURA,DHALAI,2004,24,4,0,30,32,5,7,20,60,0,35,3,4,34,1,5,0,19,301
TRIPURA,NORTH,2004,26,18,0,92,60,6,14,33,112,0,25,2,7,95,0,37,0,63,633
TRIPURA,SOUTH,2004,42,1,0,102,56,6,12,50,126,0,30,22,10,163,8,66,0,117,971
TRIPURA,WEST,2004,97,13,0,96,50,12,13,63,222,0,58,7,3,160,11,26,0,103,1176
TRIPURA,TOTAL,2004,189,36,0,320,198,29,46,166,520,0,148,34,24,452,20,134,0,302,3081
UTTAR PRADESH,AGRA,2004,125,153,21,64,312,11,61,196,2106,0,217,174,10,528,70,87,0,282,5040
UTTAR PRADESH,ALIGARH,2004,193,218,26,116,256,18,111,114,1608,0,192,148,72,322,36,45,0,228,3884
UTTAR PRADESH,ALLAHABAD,2004,144,148,40,46,158,7,55,238,1158,0,174,155,26,346,57,24,0,148,3963
UTTAR PRADESH,AMBEDKAR NAGAR,2004,37,47,6,20,56,0,28,35,216,0,20,20,10,125,4,6,0,26,793
UTTAR PRADESH,AURAIYA,2004,47,40,13,8,90,3,10,23,112,0,22,18,11,140,20,11,0,16,814
UTTAR PRADESH,AZAMGARH,2004,110,63,24,32,94,8,90,96,282,0,109,69,3,321,27,23,0,150,2039
UTTAR PRADESH,BADAUN,2004,212,215,39,70,192,13,60,86,524,0,39,33,22,242,50,47,0,37,2492
UTTAR PRADESH,BAGHPAT,2004,85,101,14,22,58,6,33,23,236,0,32,32,4,31,16,12,0,56,974
UTTAR PRADESH,BAHRAICH,2004,45,44,19,32,60,24,12,76,252,0,29,40,8,112,16,12,0,24,1266
UTTAR PRADESH,BALLIA,2004,49,68,20,12,38,3,12,56,270,0,75,45,6,205,11,15,0,33,1133
UTTAR PRADESH,BALRAMPUR,2004,22,13,11,10,14,0,2,20,56,0,9,22,0,48,3,8,0,8,312
UTTAR PRADESH,BANDA,2004,66,32,19,42,38,3,16,61,192,0,21,29,8,93,27,37,0,17,1060
UTTAR PRADESH,BARABANKI,2004,49,77,17,50,82,3,19,86,422,0,39,33,3,219,25,27,0,48,1661
UTTAR PRADESH,BAREILLY,2004,214,200,23,82,234,31,97,158,1218,0,113,187,2,587,44,76,0,201,4117
UTTAR PRADESH,BASTI,2004,34,30,11,14,42,0,12,40,272,0,35,25,3,151,17,12,0,21,975
UTTAR PRADESH,BIJNOR,2004,86,68,22,50,68,4,26,47,422,0,55,92,1,47,21,23,0,132,1547
UTTAR PRADESH,BULANDSHAHAR,2004,199,140,31,80,180,4,78,78,822,0,74,60,6,32,36,51,0,106,2811
UTTAR PRADESH,CHANDOLI,2004,23,14,12,10,14,2,14,19,108,0,12,13,1,56,10,2,0,18,608
UTTAR PRADESH,CHITRAKOOT DHAM,2004,25,11,11,20,18,1,1,18,50,0,7,5,2,49,8,9,0,5,406
UTTAR PRADESH,DEORIA,2004,44,60,20,24,58,3,16,65,172,0,78,19,8,123,16,10,0,31,1217
UTTAR PRADESH,ETAH,2004,148,216,29,52,126,10,40,67,448,0,67,52,19,306,47,44,0,61,2235
UTTAR PRADESH,ETAWAH,2004,71,75,14,18,126,1,27,40,228,0,29,27,3,75,13,15,0,46,1406
UTTAR PRADESH,FAIZABAD,2004,50,31,12,24,38,1,15,61,262,0,28,8,5,151,14,18,0,24,1079
UTTAR PRADESH,FATEHGARH,2004,89,85,12,20,80,5,34,31,160,0,21,35,1,60,21,13,0,35,829
UTTAR PRADESH,FATEHPUR,2004,87,34,34,20,40,1,14,33,178,0,7,27,0,172,23,19,0,17,1193
UTTAR PRADESH,FIROZABAD,2004,123,127,21,20,178,12,70,73,822,0,65,42,9,362,48,33,0,89,2325
UTTAR PRADESH,G.R.P.,2004,15,12,2,4,10,16,40,1,3932,0,8,42,1,10,0,15,0,0,2916
UTTAR PRADESH,GAUTAMBUDH NAGAR,2004,63,60,14,40,64,10,39,47,1652,0,45,89,0,23,14,24,0,39,2290
UTTAR PRADESH,GHAZIABAD,2004,190,160,36,50,236,19,65,135,3046,0,65,174,3,76,35,31,0,142,4613
UTTAR PRADESH,GHAZIPUR,2004,61,54,24,8,18,5,25,57,202,0,52,7,5,185,17,19,0,49,1037
UTTAR PRADESH,GONDA,2004,52,57,25,28,46,2,11,72,240,0,30,29,1,108,15,12,0,2,976
UTTAR PRADESH,GORAKHPUR,2004,98,84,38,48,102,8,47,191,714,0,115,84,0,266,25,26,0,79,2528
UTTAR PRADESH,HAMIRPUR,2004,50,33,16,24,26,1,12,35,110,0,13,9,0,41,16,23,0,7,646
UTTAR PRADESH,HARDOI,2004,116,72,28,74,116,1,35,71,458,0,19,43,0,327,44,68,0,64,2094
UTTAR PRADESH,HATHRAS,2004,66,90,14,32,80,17,56,70,456,0,99,43,0,180,24,39,0,134,1783
UTTAR PRADESH,J.P.NAGAR,2004,76,59,12,54,48,8,44,57,222,0,44,38,1,60,6,26,0,66,1301
UTTAR PRADESH,JALAUN,2004,88,55,11,14,98,5,21,44,250,0,23,23,5,11,28,17,0,20,1084
UTTAR PRADESH,JAUNPUR,2004,53,73,26,38,44,5,40,77,320,0,55,73,0,253,29,9,0,63,1586
UTTAR PRADESH,JHANSI,2004,70,31,26,32,78,5,19,63,316,0,46,42,0,92,25,21,0,53,1672
UTTAR PRADESH,KANNAUJ,2004,66,39,10,10,34,1,19,32,138,0,26,36,0,16,22,22,0,63,993
UTTAR PRADESH,KANPUR DEHAT,2004,46,37,19,26,98,4,12,37,282,0,48,37,8,198,25,45,0,39,1387
UTTAR PRADESH,KANPUR NAGAR,2004,149,126,36,40,218,10,62,161,1876,0,96,211,6,402,46,40,0,202,4526
UTTAR PRADESH,KAUSHAMBI,2004,65,31,15,28,24,4,17,30,148,0,9,18,0,113,19,9,0,43,762
UTTAR PRADESH,KHIRI,2004,113,118,24,86,152,7,34,84,700,0,58,93,3,487,58,52,0,121,2670
UTTAR PRADESH,KUSHI NAGAR,2004,46,47,22,26,56,1,23,57,214,0,77,35,8,203,21,14,0,17,1204
UTTAR PRADESH,LALITPUR,2004,16,16,12,8,8,0,2,16,108,0,19,7,1,17,6,11,0,10,448
UTTAR PRADESH,LUCKNOW,2004,173,135,27,92,328,15,109,479,4558,0,150,325,7,71,48,64,0,272,7412
UTTAR PRADESH,MAHARAJGANJ,2004,25,22,11,16,22,2,7,30,78,0,27,14,1,52,8,11,0,7,577
UTTAR PRADESH,MAHOBA,2004,36,17,10,12,18,0,4,24,58,0,6,10,6,38,5,14,0,3,440
UTTAR PRADESH,MAINPURI,2004,127,117,14,16,98,8,47,44,352,0,64,39,0,216,35,13,0,34,1587
UTTAR PRADESH,MATHURA,2004,96,95,16,48,68,8,51,52,776,0,80,76,10,129,22,35,0,57,2227
UTTAR PRADESH,MAU,2004,42,54,19,6,38,1,27,52,184,0,69,16,1,109,9,11,0,24,778
UTTAR PRADESH,MEERUT,2004,225,179,19,66,274,26,146,149,2384,0,131,128,3,61,19,52,0,279,4298
UTTAR PRADESH,MIRZAPUR,2004,36,37,10,24,26,4,24,44,160,0,23,30,0,158,20,18,0,26,878
UTTAR PRADESH,MORADABAD,2004,194,153,26,114,196,22,89,140,1054,0,89,148,5,62,27,66,0,265,3664
UTTAR PRADESH,MUZAFFARNAGAR,2004,253,163,21,88,180,11,93,95,1126,0,91,88,0,10,23,34,0,73,2893
UTTAR PRADESH,PILIBHIT,2004,74,60,17,56,108,11,27,35,330,0,37,83,1,7,21,37,0,163,1637
UTTAR PRADESH,PRATAPGARH,2004,63,71,21,36,62,1,18,89,354,0,75,39,11,387,22,19,0,37,1732
UTTAR PRADESH,RAIBAREILLY,2004,74,62,32,84,104,5,26,66,440,0,52,50,0,341,23,54,0,101,1854
UTTAR PRADESH,RAMPUR,2004,74,82,20,44,78,3,23,47,450,0,38,99,2,24,14,23,0,9,1479
UTTAR PRADESH,SAHARANPUR,2004,93,117,24,44,104,4,47,89,954,0,84,154,0,3,19,28,0,173,2477
UTTAR PRADESH,SANT KABIRNAGAR,2004,19,21,6,12,20,1,6,20,100,0,40,11,0,70,4,1,0,15,430
UTTAR PRADESH,SHAHJAHANPUR,2004,137,166,34,62,178,12,48,82,432,0,34,55,9,200,41,49,0,21,2166
UTTAR PRADESH,SHRAWASTI,2004,17,12,7,8,18,3,6,21,64,0,11,13,3,88,6,7,0,0,366
UTTAR PRADESH,SIDHARTHNAGAR,2004,23,12,11,20,34,9,8,61,182,0,25,33,0,100,16,13,0,27,847
UTTAR PRADESH,SITAPUR,2004,152,131,35,144,208,2,73,140,920,0,97,81,23,292,71,73,0,79,3039
UTTAR PRADESH,SONBHADRA,2004,34,24,13,12,30,7,6,28,104,0,18,27,5,100,11,9,0,9,559
UTTAR PRADESH,ST.RAVIDASNAGAR,2004,21,35,12,6,10,9,21,43,126,0,29,18,6,96,13,2,0,21,579
UTTAR PRADESH,SULTANPUR,2004,59,78,41,36,72,2,32,111,440,0,18,34,0,211,17,21,0,53,1441
UTTAR PRADESH,UNNAO,2004,123,107,23,90,124,3,36,49,302,0,59,24,2,308,29,37,0,78,1917
UTTAR PRADESH,VARANASI,2004,80,66,36,30,70,4,56,132,1140,0,52,46,1,161,30,7,0,52,2209
UTTAR PRADESH,TOTAL,2004,6126,5580,1436,2794,6674,476,2606,5299,45048,0,3915,4184,381,11265,1708,1900,0,4950,130181
UTTARAKHAND,ALMORA,2004,10,11,0,2,10,0,6,21,54,0,9,3,2,48,7,7,0,9,221
UTTARAKHAND,BAGESHWAR,2004,4,1,0,10,8,0,4,11,12,0,1,2,1,7,4,0,0,2,90
UTTARAKHAND,CHAMOLI,2004,5,14,1,8,14,0,1,20,26,0,14,10,6,23,1,12,0,3,243
UTTARAKHAND,CHAMPAWAT,2004,6,2,2,4,4,1,1,10,16,0,2,4,0,16,0,5,0,4,128
UTTARAKHAND,DEHRADUN,2004,42,35,2,42,74,2,24,141,852,0,78,144,4,68,6,16,0,119,1955
UTTARAKHAND,HARIDWAR,2004,56,66,3,66,108,14,41,106,802,0,87,97,3,273,10,28,0,118,1909
UTTARAKHAND,NAINITAL,2004,43,26,8,12,56,4,23,46,438,0,29,21,1,145,6,18,0,25,892
UTTARAKHAND,PAURI GARHWAL,2004,19,13,2,12,20,2,7,62,94,0,28,10,5,66,7,11,0,11,439
UTTARAKHAND,PITHORAGARH,2004,5,9,5,18,6,2,7,24,42,0,15,5,1,24,8,4,0,6,306
UTTARAKHAND,RUDRA PRAYAG,2004,4,1,0,8,6,0,4,21,12,0,23,4,1,14,6,5,0,2,132
UTTARAKHAND,TEHRI GARHWAL,2004,11,18,0,8,28,0,0,22,66,0,14,10,0,27,4,2,0,12,331
UTTARAKHAND,UDHAMSINGH NAGAR,2004,53,45,4,30,82,13,47,68,718,0,127,55,2,151,21,32,0,85,1771
UTTARAKHAND,UTTARKASHI,2004,4,6,2,10,10,0,0,14,62,0,17,7,2,3,2,3,0,9,217
UTTARAKHAND,TOTAL,2004,262,247,29,230,426,38,165,566,3194,0,444,372,28,865,82,143,0,405,8634
WEST BENGAL,24 PARGANAS NORTH,2004,177,43,50,352,360,104,72,60,4392,0,208,130,0,121,55,154,0,810,8827
WEST BENGAL,24 PARGANAS SOUTH,2004,130,3,54,244,206,21,33,12,3194,0,231,114,16,36,43,101,0,966,7123
WEST BENGAL,ASANSOL,2004,28,6,8,18,20,26,7,19,224,0,62,13,1,40,7,37,0,247,1062
WEST BENGAL,BANKURA,2004,37,0,6,98,48,25,21,10,748,0,60,14,5,170,22,40,0,123,1618
WEST BENGAL,BIRBHUM,2004,51,16,25,116,62,32,16,32,442,0,187,27,11,150,9,37,0,139,1612
WEST BENGAL,BURDWAN,2004,110,10,26,184,112,89,22,45,764,0,209,62,6,98,40,56,0,230,4140
WEST BENGAL,COOCHBEHAR,2004,20,4,8,184,82,0,3,11,302,0,15,13,1,107,6,69,0,173,1264
WEST BENGAL,DAKSHIN DINAJPUR,2004,16,4,8,66,54,40,3,2,170,0,24,2,0,27,8,36,0,97,860
WEST BENGAL,DARJEELING,2004,43,1,31,42,34,69,5,5,786,0,19,12,2,155,8,24,0,56,1261
WEST BENGAL,HOOGHLY,2004,82,12,23,112,76,149,39,83,1290,0,399,46,8,259,23,37,0,501,3663
WEST BENGAL,HOWRAH,2004,31,4,13,42,38,44,13,4,412,0,98,68,12,109,15,32,0,122,1760
WEST BENGAL,HOWRAH CITY,2004,30,4,8,30,34,77,22,5,804,0,33,102,5,122,5,16,0,120,1992
WEST BENGAL,HOWRAH G.R.P.,2004,10,5,2,2,16,40,5,0,550,0,12,13,0,14,0,4,0,0,498
WEST BENGAL,JALPAIGURI,2004,118,31,45,166,118,24,14,21,1322,0,37,2,9,208,8,112,0,229,2866
WEST BENGAL,KHARAGPUR G.R.P.,2004,8,2,0,0,4,8,5,0,230,0,3,3,0,15,0,2,0,1,167
WEST BENGAL,KOLKATA,2004,37,78,16,54,238,72,117,140,7390,0,227,922,0,1228,10,174,0,252,10757
WEST BENGAL,MALDA,2004,63,55,27,194,130,19,17,10,726,0,43,7,0,79,4,112,0,245,2467
WEST BENGAL,MURSHIDABAD,2004,111,7,44,394,252,90,23,14,858,0,173,21,0,225,32,201,0,761,4283
WEST BENGAL,NADIA,2004,99,0,21,216,160,70,14,17,1514,0,168,6,7,502,30,128,0,393,4218
WEST BENGAL,PASCHIM MIDNAPUR,2004,81,58,20,148,130,64,30,38,874,0,212,38,14,48,16,67,0,334,3305
WEST BENGAL,PURAB MIDNAPUR,2004,50,10,14,98,108,42,15,11,434,0,201,23,0,35,36,38,0,269,2351
WEST BENGAL,PURULIA,2004,40,0,9,86,22,25,14,5,290,0,44,30,2,42,8,39,0,118,1125
WEST BENGAL,SEALDAH G.R.P.,2004,14,2,1,10,12,9,14,0,558,0,8,4,0,0,0,6,0,0,424
WEST BENGAL,SILIGURI G.R.P.,2004,3,0,0,0,4,1,3,0,162,0,1,1,0,0,2,4,0,0,141
WEST BENGAL,UTTAR DINAJPUR,2004,36,35,9,94,80,15,8,3,494,0,17,13,4,77,9,40,0,148,1566
WEST BENGAL,TOTAL,2004,1425,390,468,2950,2400,1155,535,547,28930,0,2691,1686,103,3867,396,1566,0,6334,69350
A & N ISLANDS,ANDAMAN,2004,13,1,2,20,6,0,3,67,200,0,9,11,8,102,0,5,0,5,721
A & N ISLANDS,NICOBAR,2004,2,0,0,0,0,0,0,2,6,0,0,1,1,3,0,1,0,0,27
A & N ISLANDS,TOTAL,2004,15,1,2,20,6,0,3,69,206,0,9,12,9,105,0,6,0,5,748
CHANDIGARH,CHANDIGARH,2004,22,19,10,38,108,2,6,186,2918,0,43,135,0,65,6,20,0,73,2889
CHANDIGARH,TOTAL,2004,22,19,10,38,108,2,6,186,2918,0,43,135,0,65,6,20,0,73,2889
D & N HAVELI,D AND N HAVELI,2004,11,4,0,14,24,3,2,20,106,0,17,22,2,35,0,5,0,3,409
D & N HAVELI,TOTAL,2004,11,4,0,14,24,3,2,20,106,0,17,22,2,35,0,5,0,3,409
DAMAN & DIU,DAMAN,2004,2,1,0,2,4,0,1,35,54,0,19,4,2,12,0,1,0,4,171
DAMAN & DIU,DIU,2004,1,0,0,0,0,0,0,0,0,0,0,1,0,5,0,0,0,0,27
DAMAN & DIU,TOTAL,2004,3,1,0,2,4,0,1,35,54,0,19,5,2,17,0,1,0,4,198
DELHI UT,CENTRAL,2004,16,17,6,54,114,12,18,84,2648,0,8,140,3,112,1,44,0,44,3335
DELHI UT,DELHI UT TOTAL,2004,481,519,80,1102,2418,165,461,1875,37988,0,67,2322,38,1780,126,601,0,1254,53623
DELHI UT,EAST,2004,52,39,13,124,344,21,52,137,4550,0,6,141,5,246,13,82,0,212,5528
DELHI UT,G.R.P.(RLY),2004,6,6,1,10,10,4,6,4,2142,0,0,17,3,13,2,2,0,0,1235
DELHI UT,I.G.I. AIRPORT,2004,1,3,0,2,10,0,6,1,176,0,2,466,0,2,0,7,0,1,683
DELHI UT,NEW DELHI,2004,6,15,5,16,40,4,9,79,2332,0,2,319,1,43,1,34,0,11,2651
DELHI UT,NORTH,2004,25,23,8,46,170,11,30,99,2310,0,6,115,9,125,6,21,0,55,3418
DELHI UT,NORTH EAST,2004,54,69,3,134,314,24,65,153,2066,0,4,105,1,240,18,46,0,144,3896
DELHI UT,NORTH WEST,2004,129,137,19,248,570,26,120,443,5188,0,11,182,4,335,29,129,0,267,9840
DELHI UT,S.T.F.,2004,1,15,0,2,0,5,0,0,4,0,0,37,0,0,0,1,0,0,90
DELHI UT,SOUTH,2004,80,74,13,192,432,32,54,274,8000,0,10,417,2,233,21,130,0,179,9672
DELHI UT,SOUTH WEST,2004,44,49,6,158,194,15,51,366,3548,0,13,227,5,146,11,59,0,126,5932
DELHI UT,WEST,2004,67,72,6,116,220,11,50,235,5024,0,5,156,5,285,24,46,0,215,7343
LAKSHADWEEP,LAKSHADWEEP,2004,0,0,0,0,0,0,0,2,10,0,37,0,0,6,0,0,0,1,70
LAKSHADWEEP,TOTAL,2004,0,0,0,0,0,0,0,2,10,0,37,0,0,6,0,0,0,1,70
PUDUCHERRY,PONDICHERRY,2004,25,18,14,8,20,0,1,86,1268,0,147,35,9,974,6,50,0,2,4620
PUDUCHERRY,TOTAL,2004,25,18,14,8,20,0,1,86,1268,0,147,35,9,974,6,50,0,2,4620
ANDHRA PRADESH,ADILABAD,2005,108,48,13,106,130,9,20,191,658,0,68,173,30,1273,21,144,0,280,5033
ANDHRA PRADESH,ANANTAPUR,2005,172,125,3,32,120,17,21,178,878,0,102,96,59,1007,12,173,0,137,4545
ANDHRA PRADESH,CHITTOOR,2005,105,40,0,70,144,9,24,281,2538,0,87,222,30,891,9,91,0,202,6746
ANDHRA PRADESH,CUDDAPAH,2005,96,0,0,42,72,9,11,152,594,0,66,114,34,783,7,116,0,95,4072
ANDHRA PRADESH,CYBERABAD,2005,150,88,10,88,302,26,95,1139,4574,0,44,950,37,3033,34,119,0,701,12079
ANDHRA PRADESH,EAST GODAVARI,2005,110,130,0,54,138,3,28,403,2572,0,98,265,35,2530,15,102,0,368,8262
ANDHRA PRADESH,GUNTAKAL RLY.,2005,12,0,0,0,2,1,4,0,258,0,1,5,0,5,4,1,0,0,225
ANDHRA PRADESH,GUNTUR,2005,165,88,1,110,174,14,35,293,2532,0,110,412,61,1480,16,166,0,366,7736
ANDHRA PRADESH,HYDERABAD CITY,2005,108,130,4,134,274,11,125,1161,10044,0,96,1880,40,4227,27,119,0,1309,17276
ANDHRA PRADESH,KARIMNAGAR,2005,164,96,1,168,262,10,37,310,1480,0,174,630,65,2936,52,328,0,839,8875
ANDHRA PRADESH,KHAMMAM,2005,110,69,3,42,132,9,25,208,1134,0,151,166,48,1065,14,150,0,313,5757
ANDHRA PRADESH,KRISHNA,2005,69,74,0,54,90,3,17,155,1306,0,44,202,45,2176,11,209,0,337,5335
ANDHRA PRADESH,KURNOOL,2005,140,95,6,58,84,16,16,179,746,0,125,242,28,1159,9,221,0,233,5266
ANDHRA PRADESH,MAHABOOBNAGAR,2005,212,102,16,124,118,21,43,277,1150,0,112,107,57,1713,17,140,0,237,5624
ANDHRA PRADESH,MEDAK,2005,133,45,10,72,76,15,24,213,848,0,32,108,35,1478,28,88,0,209,4024
ANDHRA PRADESH,NALGONDA,2005,138,46,6,98,102,13,37,248,960,0,102,243,62,1274,30,223,0,344,6570
ANDHRA PRADESH,NELLORE,2005,86,73,3,66,148,6,26,205,1518,0,66,166,39,1961,11,205,0,166,5283
ANDHRA PRADESH,NIZAMABAD,2005,88,38,16,52,114,15,41,292,988,0,49,183,36,2025,16,88,0,410,5059
ANDHRA PRADESH,PRAKASHAM,2005,106,82,6,54,104,10,19,181,812,0,56,188,28,1317,7,169,0,156,4343
ANDHRA PRADESH,RANGA REDDY,2005,62,26,4,30,32,7,9,138,320,0,23,51,42,867,22,45,0,119,2127
ANDHRA PRADESH,SECUNDERABAD RLY.,2005,11,1,0,0,8,2,2,0,814,0,0,6,0,16,2,1,0,0,508
ANDHRA PRADESH,SRIKAKULAM,2005,36,0,2,29,34,1,11,101,422,0,18,58,28,1200,9,51,0,137,2686
ANDHRA PRADESH,VIJAYAWADA,2005,41,40,4,64,174,3,31,456,3448,0,9,443,22,1513,8,64,0,296,5791
ANDHRA PRADESH,VIJAYAWADA RLY.,2005,5,2,0,0,2,0,0,0,522,0,0,3,0,5,0,2,0,0,316
ANDHRA PRADESH,VISAKHA RURAL,2005,55,17,0,36,16,2,12,95,324,0,47,47,17,1331,7,36,0,153,2687
ANDHRA PRADESH,VISAKHAPATNAM,2005,27,48,0,56,74,7,19,393,1974,0,31,279,8,495,2,45,0,361,4455
ANDHRA PRADESH,VIZIANAGARAM,2005,43,9,1,24,18,6,6,87,434,0,12,58,3,400,7,41,0,186,2560
ANDHRA PRADESH,WARANGAL,2005,117,93,2,68,164,7,29,318,1300,0,249,300,45,1615,29,226,0,332,6683
ANDHRA PRADESH,WEST GODAVARI,2005,81,119,0,138,116,2,27,300,2408,0,54,312,33,2404,17,232,0,410,7200
ANDHRA PRADESH,TOTAL,2005,2750,1724,111,1869,3224,254,794,7954,47556,0,2026,7909,967,42179,443,3595,0,8696,157123
ARUNACHAL PRADESH,CHANGLANG,2005,9,6,4,4,16,0,4,17,50,0,0,0,2,26,0,1,0,1,148
ARUNACHAL PRADESH,DIBANG VALLEY,2005,4,4,0,0,10,3,1,13,74,0,0,0,1,18,0,5,0,0,128
ARUNACHAL PRADESH,K/KUMEY,2005,4,7,0,2,4,0,0,9,16,0,0,2,0,4,0,0,0,0,53
ARUNACHAL PRADESH,KAMENG EAST,2005,4,2,0,4,8,3,3,12,36,0,0,1,0,13,0,5,0,2,104
ARUNACHAL PRADESH,KAMENG WEST,2005,6,0,0,0,2,1,4,10,50,0,0,2,0,21,0,2,0,0,111
ARUNACHAL PRADESH,LOHIT,2005,14,5,0,6,14,1,5,20,44,0,0,2,1,20,0,7,0,1,158
ARUNACHAL PRADESH,PAPUM PARE,2005,10,4,0,12,20,3,16,47,360,0,11,10,2,70,0,4,0,2,496
ARUNACHAL PRADESH,SIANG EAST,2005,3,3,0,26,12,3,19,34,132,0,2,5,0,64,0,15,0,1,313
ARUNACHAL PRADESH,SIANG UPPER,2005,5,0,0,4,2,0,0,8,32,0,0,2,2,22,0,8,0,0,80
ARUNACHAL PRADESH,SIANG WEST,2005,4,1,1,6,10,2,6,31,102,0,4,2,1,33,0,5,0,0,230
ARUNACHAL PRADESH,SUBANSIRI LOWER,2005,5,0,0,0,6,0,4,19,24,0,0,0,1,15,0,4,0,0,119
ARUNACHAL PRADESH,SUBANSIRI UPPER,2005,4,3,0,4,6,3,10,16,56,0,5,2,3,55,0,5,0,1,180
ARUNACHAL PRADESH,TAWANG,2005,2,0,0,2,0,0,1,8,36,0,0,0,0,6,0,1,0,1,48
ARUNACHAL PRADESH,TIRAP,2005,3,2,0,0,4,4,3,17,34,0,1,0,0,12,0,5,0,0,114
ARUNACHAL PRADESH,UPPER DIBANG VALLEY,2005,4,0,0,0,2,0,1,2,16,0,0,0,0,4,0,0,0,0,22
ARUNACHAL PRADESH,TOTAL,2005,81,37,5,70,116,23,77,263,1062,0,23,28,13,383,0,67,0,9,2304
ASSAM,BARPETA,2005,38,4,0,112,138,29,17,145,274,0,178,20,4,265,8,25,0,105,1981
ASSAM,BASKA,2005,21,11,0,18,48,6,8,11,64,0,6,3,8,76,0,8,0,8,306
ASSAM,BONGAIGAON,2005,19,3,0,76,62,7,6,48,160,0,32,9,1,100,3,15,0,66,825
ASSAM,C.I.D.,2005,0,0,0,0,0,0,0,0,0,0,0,7,0,0,0,0,0,0,15
ASSAM,CACHAR,2005,51,44,2,102,220,21,20,193,812,0,377,72,57,240,4,165,0,334,3930
ASSAM,CHIRANG,2005,17,0,0,34,32,4,3,14,44,0,6,3,0,23,7,6,0,16,323
ASSAM,DARRANG,2005,25,17,0,94,66,20,8,79,210,0,20,14,11,243,4,65,0,45,1156
ASSAM,DHEMAJI,2005,20,16,1,104,90,3,9,22,242,0,22,18,10,207,4,31,0,67,943
ASSAM,DHUBRI,2005,40,22,1,202,168,17,10,60,290,0,571,65,22,358,10,56,0,201,2285
ASSAM,DIBRUGARH,2005,113,24,7,114,150,6,23,93,804,0,38,44,21,422,4,41,0,53,2095
ASSAM,G.R.P.,2005,4,1,0,4,10,4,5,4,210,0,9,3,0,17,0,4,0,0,290
ASSAM,GOALPARA,2005,31,5,0,80,146,14,12,50,254,0,93,10,7,241,3,2,0,142,1162
ASSAM,GOLAGHAT,2005,61,18,3,108,174,12,28,69,522,0,0,55,19,329,0,27,0,91,1421
ASSAM,GUWAHATI CITY,2005,39,129,71,76,294,14,96,462,2778,0,60,172,15,969,6,37,0,114,5651
ASSAM,HAILAKANDI,2005,18,4,5,36,70,13,6,54,132,0,134,20,14,37,1,6,0,32,888
ASSAM,JORHAT,2005,51,10,3,58,88,0,10,54,390,0,17,19,12,123,0,40,0,42,981
ASSAM,KAMRUP,2005,31,18,16,146,172,20,13,96,420,0,70,27,15,40,0,26,0,0,891
ASSAM,KARBI ANGLONG,2005,76,15,0,16,78,12,11,26,184,0,37,6,48,50,2,4,0,10,685
ASSAM,KARIMGANJ,2005,30,25,0,56,62,5,5,70,312,0,209,14,19,128,9,8,0,71,1083
ASSAM,KOKRAJHAR,2005,46,2,0,72,88,8,14,32,166,0,87,25,4,196,2,17,0,53,928
ASSAM,LAKHIMPUR,2005,36,8,1,138,224,4,6,1,560,0,61,52,21,423,4,34,0,125,1615
ASSAM,MORIGAON,2005,22,6,1,104,94,1,6,16,278,0,72,25,5,125,3,67,0,65,981
ASSAM,N.C.HILLS,2005,11,7,0,2,20,1,11,16,100,0,5,3,1,23,0,2,0,1,220
ASSAM,NAGAON,2005,88,59,5,298,370,58,42,203,810,0,286,68,41,606,2,27,0,291,3545
ASSAM,NALBARI,2005,17,9,0,54,76,7,6,44,194,0,10,10,12,185,2,39,0,19,750
ASSAM,R.P.O.,2005,10,4,0,16,10,4,3,0,26,0,18,1,0,3,0,0,0,0,143
ASSAM,SIBSAGAR,2005,61,21,0,76,146,12,9,78,554,0,59,39,17,119,2,68,0,81,1635
ASSAM,SONITPUR,2005,87,7,0,154,216,26,27,177,988,0,258,54,8,222,3,2,0,145,2805
ASSAM,TINSUKIA,2005,92,9,1,84,150,17,25,89,748,0,9,11,15,38,10,20,0,16,1759
ASSAM,UDALGURI,2005,39,5,0,42,40,11,12,49,212,0,16,4,16,98,6,57,0,13,714
ASSAM,TOTAL,2005,1194,503,117,2476,3502,356,451,2255,12738,0,2760,873,423,5906,99,899,0,2206,42006
BIHAR,ARARIA,2005,68,12,3,58,86,40,42,25,276,0,300,51,4,114,9,6,0,19,1743
BIHAR,ARWAL,2005,28,0,0,2,18,10,14,9,94,0,30,7,0,55,11,0,0,1,512
BIHAR,AURANGABAD,2005,60,164,4,34,66,19,27,104,486,0,193,9,8,1091,29,0,0,9,2283
BIHAR,BAGAHA,2005,40,91,12,16,170,1,4,20,198,0,141,30,9,298,3,11,0,6,945
BIHAR,BANKA,2005,58,34,3,86,88,35,15,54,228,0,196,13,8,12,13,1,0,10,1353
BIHAR,BEGUSARAI,2005,128,53,3,40,130,14,56,53,506,0,160,53,9,259,25,13,0,39,2444
BIHAR,BETTIAH,2005,76,107,6,102,228,35,33,80,612,0,304,93,20,1389,19,6,0,41,3075
BIHAR,BHABHUA,2005,58,64,5,28,82,21,21,39,302,0,82,36,33,130,16,1,0,5,1255
BIHAR,BHAGALPUR,2005,93,52,8,150,202,14,58,119,788,0,254,67,25,29,18,15,0,55,3104
BIHAR,BHOJPUR,2005,158,188,0,28,76,33,46,118,586,0,194,14,46,512,38,34,0,44,2853
BIHAR,BUXAR,2005,68,108,2,12,60,35,35,53,624,0,153,78,23,362,30,14,0,58,1644
BIHAR,DARBHANGA,2005,44,78,6,130,108,28,20,66,570,0,211,96,27,89,33,31,0,137,3140
BIHAR,GAYA,2005,158,175,6,44,154,128,129,145,820,0,405,23,32,532,8,28,0,11,3418
BIHAR,GOPALGANJ,2005,74,209,6,48,130,13,53,64,410,0,188,81,9,4,25,2,0,49,2543
BIHAR,JAMALPUR RLY.,2005,7,1,0,0,6,14,7,0,216,0,3,7,0,0,0,1,0,0,195
BIHAR,JAMUI,2005,93,52,2,66,92,42,44,49,204,0,109,29,59,205,22,20,0,48,1409
BIHAR,JEHANABAD,2005,52,52,2,32,38,35,35,60,300,0,95,14,13,81,7,14,0,17,1191
BIHAR,KATIHAR,2005,78,41,1,176,122,23,34,36,292,0,124,34,16,129,26,10,0,55,1785
BIHAR,KATIHAR RLY.,2005,11,0,0,4,14,4,13,4,428,0,8,20,0,0,1,7,0,0,432
BIHAR,KHAGARIA,2005,48,41,0,28,70,12,39,20,28,0,140,4,10,120,12,5,0,12,1439
BIHAR,KISHANGANJ,2005,17,23,2,122,168,18,10,36,244,0,95,24,7,102,3,2,0,30,1017
BIHAR,LAKHISARAI,2005,57,26,1,6,76,11,33,22,162,0,56,13,10,36,8,6,0,6,840
BIHAR,MADHEPURA,2005,52,24,2,30,26,18,38,24,100,0,100,16,5,119,10,6,0,11,1137
BIHAR,MADHUBANI,2005,69,108,7,84,132,47,31,99,392,0,313,19,23,867,17,35,0,26,2835
BIHAR,MOTIHARI,2005,111,159,15,48,268,60,67,108,874,0,366,71,30,1043,51,13,0,43,4564
BIHAR,MUNGER,2005,95,29,1,36,108,19,64,38,438,0,154,32,8,70,11,10,0,16,1749
BIHAR,MUZAFFARPUR,2005,131,22,11,160,450,52,95,248,1526,0,407,107,47,685,67,17,0,104,5363
BIHAR,MUZAFFARPUR RLY.,2005,26,0,0,2,22,10,15,9,550,0,19,14,0,13,0,0,0,0,583
BIHAR,NALANDA,2005,150,100,19,50,188,49,89,68,624,0,169,67,21,661,65,10,0,92,3000
BIHAR,NAUGACHIA,2005,43,29,1,12,72,14,40,18,130,0,109,18,0,0,9,0,0,6,999
BIHAR,NAWADAH,2005,83,87,5,46,82,23,30,54,234,0,266,40,10,149,22,13,0,32,1732
BIHAR,PATNA,2005,436,87,25,114,550,166,633,521,2712,0,484,199,46,392,85,5,0,189,11840
BIHAR,PATNA RLY.,2005,15,6,2,0,4,20,27,3,1202,0,6,21,0,0,2,6,0,0,950
BIHAR,PURNEA,2005,113,35,6,78,120,44,95,72,436,0,152,20,9,22,6,6,0,16,2169
BIHAR,ROHTAS,2005,107,218,13,36,58,23,26,111,630,0,137,14,23,85,37,12,0,7,3384
BIHAR,SAHARSA,2005,17,88,3,22,80,9,28,46,224,0,185,34,10,102,5,19,0,12,1441
BIHAR,SAMASTIPUR,2005,121,184,30,56,194,36,61,88,582,0,302,57,59,306,40,10,0,73,3452
BIHAR,SARAN,2005,125,345,21,64,170,52,24,165,642,0,170,70,26,1198,76,4,0,58,3233
BIHAR,SHEIKHPURA,2005,33,0,0,2,46,4,14,9,102,0,58,11,0,0,12,0,0,17,683
BIHAR,SHEOHAR,2005,11,7,1,18,52,15,6,12,56,0,78,6,3,23,1,2,0,10,493
BIHAR,SITAMARHI,2005,63,25,4,64,148,22,18,64,412,0,245,29,12,93,32,12,0,64,2687
BIHAR,SIWAN,2005,93,43,3,54,118,51,119,71,424,0,182,70,23,253,31,8,0,60,2190
BIHAR,SUPAUL,2005,34,32,8,80,48,40,36,19,206,0,223,9,5,3,7,0,0,12,1224
BIHAR,VAISHALI,2005,69,108,10,26,266,18,50,94,754,0,105,109,32,306,72,36,0,74,3522
BIHAR,TOTAL,2005,3471,3307,259,2294,5386,1377,2374,3117,21624,0,7671,1829,760,11939,1014,451,0,1574,97850
CHHATTISGARH,BALRAMPUR,2005,29,16,5,72,10,18,14,44,38,0,24,0,6,40,0,20,0,13,521
CHHATTISGARH,BILASPUR,2005,94,54,11,154,72,6,50,530,1558,0,152,56,19,368,18,154,0,117,5477
CHHATTISGARH,BIZAPUR,2005,76,122,0,10,2,61,4,10,12,0,13,3,10,22,0,3,0,0,401
CHHATTISGARH,DANTEWARA,2005,73,36,0,30,12,13,3,57,116,0,12,4,4,56,0,12,0,2,698
CHHATTISGARH,DHAMTARI,2005,11,7,0,52,18,0,3,136,256,0,20,5,6,90,2,80,0,15,1309
CHHATTISGARH,DURG,2005,90,65,0,256,56,3,71,508,1900,0,54,76,32,494,14,216,0,107,6647
CHHATTISGARH,GRP RAIPUR,2005,5,5,0,4,2,0,6,11,476,0,5,1,1,17,2,6,0,2,385
CHHATTISGARH,JAGDALPUR,2005,63,44,0,148,18,12,12,177,346,0,54,31,7,170,3,50,0,24,2087
CHHATTISGARH,JANJGIR,2005,50,20,2,86,20,3,8,223,602,0,102,25,6,273,12,77,0,104,2705
CHHATTISGARH,JASHPUR,2005,63,20,4,136,38,9,34,78,144,0,16,22,5,145,3,45,0,6,959
CHHATTISGARH,KABIRDHAM,2005,16,8,2,48,8,1,1,92,238,0,23,8,6,332,1,55,0,31,1119
CHHATTISGARH,KANKER,2005,40,28,0,64,22,28,14,58,128,0,37,4,17,68,0,26,0,9,1022
CHHATTISGARH,KORBA,2005,35,12,3,54,6,2,15,136,644,0,33,20,10,419,7,48,0,29,2083
CHHATTISGARH,KORIYA,2005,34,20,1,102,10,5,15,142,256,0,27,15,4,150,3,64,0,43,1343
CHHATTISGARH,MAHASAMUND,2005,19,9,2,50,14,4,10,120,438,0,13,21,9,213,3,81,0,23,1551
CHHATTISGARH,NARAYANPUR,2005,13,41,0,2,0,24,7,8,12,0,1,0,6,19,0,6,0,1,163
CHHATTISGARH,RAIGARH,2005,62,29,2,70,22,9,30,175,860,0,61,22,14,159,9,64,0,32,2234
CHHATTISGARH,RAIPUR,2005,92,59,2,250,92,6,42,619,2054,0,101,80,19,373,16,235,0,94,7454
CHHATTISGARH,RAJNANDGAON,2005,40,26,0,162,16,11,16,157,468,0,29,16,17,121,5,69,0,25,2419
CHHATTISGARH,SARGUJA,2005,52,22,5,148,38,11,28,210,396,0,70,18,12,96,1,77,0,31,1843
CHHATTISGARH,SURAJPUR,2005,56,17,2,82,16,3,18,130,258,0,46,4,4,109,1,62,0,24,1213
CHHATTISGARH,TOTAL,2005,1013,660,41,1980,492,229,401,3621,11200,0,893,431,214,3734,100,1450,0,732,43633
GOA,NORTH GOA,2005,22,10,4,22,14,1,15,172,580,0,32,30,7,89,0,15,0,7,1305
GOA,SOUTH GOA,2005,23,5,1,18,20,1,13,93,410,0,13,28,5,66,2,15,0,4,814
GOA,TOTAL,2005,45,15,5,40,34,2,28,265,990,0,45,58,12,155,2,30,0,11,2119
GUJARAT,AHMEDABAD COMMR.,2005,76,49,4,70,438,26,159,825,10718,0,150,344,6,1361,1,54,0,745,17468
GUJARAT,AHMEDABAD RURAL,2005,28,7,2,14,58,10,29,94,484,0,48,9,5,310,0,15,0,72,2925
GUJARAT,AHWA-DANG,2005,5,1,0,10,0,0,1,2,6,0,3,2,0,30,0,5,0,5,146
GUJARAT,AMRELI,2005,24,14,1,22,98,3,18,127,372,0,28,10,15,286,2,18,0,127,3578
GUJARAT,ANAND,2005,20,7,1,14,48,8,17,119,640,0,20,19,9,333,1,28,0,97,3077
GUJARAT,BHARUCH,2005,35,10,1,16,46,8,14,139,646,0,29,9,12,335,0,16,0,46,2688
GUJARAT,BHAVNAGAR,2005,66,31,0,28,170,30,164,398,2232,0,190,155,41,93,3,79,0,216,7586
GUJARAT,DAHOD,2005,48,13,1,18,58,22,26,77,256,0,54,3,14,279,0,28,0,28,1523
GUJARAT,GANDHINAGAR,2005,20,6,0,18,58,5,23,124,790,0,19,37,16,237,4,8,0,101,2646
GUJARAT,HIMATNAGAR,2005,26,12,2,24,64,15,20,145,444,0,60,25,16,349,0,42,0,147,4380
GUJARAT,JAMNAGAR,2005,41,19,1,28,40,1,14,152,804,0,45,26,11,366,0,15,0,188,3882
GUJARAT,JUNAGADH,2005,33,27,0,26,76,6,43,225,938,0,67,37,17,487,5,54,0,421,5786
GUJARAT,KHEDA NORTH,2005,30,8,1,28,60,7,18,114,672,0,42,19,8,316,0,39,0,155,3997
GUJARAT,KUTCH,2005,35,23,0,18,90,9,33,233,822,0,61,72,9,424,4,42,0,234,4421
GUJARAT,MEHSANA,2005,30,21,1,12,110,20,55,258,1198,0,71,70,10,488,1,25,0,221,4792
GUJARAT,NARMADA,2005,15,2,0,12,2,4,2,26,60,0,19,1,3,92,0,2,0,4,1049
GUJARAT,NAVSARI,2005,14,3,0,12,12,4,7,52,190,0,5,12,1,83,2,3,0,31,1246
GUJARAT,PALANPUR,2005,40,24,1,22,46,11,20,192,612,0,34,39,14,980,1,26,0,79,3845
GUJARAT,PANCHMAHAL,2005,50,6,0,24,64,5,23,135,502,0,28,14,16,204,1,75,0,86,3259
GUJARAT,PATAN,2005,24,13,1,12,44,6,13,84,606,0,38,5,23,305,0,24,0,111,2646
GUJARAT,PORBANDAR,2005,10,8,0,2,18,0,13,48,122,0,7,7,6,128,1,5,0,36,1086
GUJARAT,RAJKOT COMMR.,2005,24,12,0,14,74,7,31,265,1978,0,64,47,5,333,0,7,0,153,3934
GUJARAT,RAJKOT RURAL,2005,35,32,4,36,112,6,27,185,738,0,76,29,20,443,4,39,0,278,4809
GUJARAT,SURAT COMMR.,2005,86,23,3,46,228,26,56,429,3594,0,118,202,8,637,12,50,0,190,5273
GUJARAT,SURAT RURAL,2005,46,9,2,18,28,12,17,92,362,0,27,26,8,198,5,4,0,23,2246
GUJARAT,SURENDRANAGAR,2005,30,21,0,26,76,8,23,126,610,0,77,8,7,494,0,36,0,90,3526
GUJARAT,VADODARA COMMR.,2005,26,24,1,10,78,8,20,392,2682,0,174,192,6,300,0,13,0,136,5276
GUJARAT,VADODARA RURAL,2005,70,13,0,42,74,9,16,105,332,0,40,15,12,339,0,25,0,38,3023
GUJARAT,VALSAD,2005,34,13,0,22,50,17,17,153,638,0,29,38,2,241,1,17,0,31,1694
GUJARAT,W.RLY,2005,12,1,0,4,8,4,47,16,1880,0,5,69,0,32,0,8,0,1,1607
GUJARAT,TOTAL,2005,1033,452,27,648,2328,297,966,5332,35928,0,1628,1541,320,10503,48,802,0,4090,113414
HARYANA,AMBALA,2005,24,16,2,38,48,3,15,179,550,0,2,66,8,254,9,19,0,130,2064
HARYANA,BHIWANI,2005,47,18,3,36,48,9,19,190,778,0,134,52,6,262,19,20,0,87,2184
HARYANA,FARIDABAD,2005,76,44,4,78,182,32,30,285,2260,0,190,43,8,349,18,42,0,188,5051
HARYANA,FATEHABAD,2005,21,14,1,18,40,1,6,108,314,0,11,116,4,185,5,17,0,66,1282
HARYANA,GRP,2005,13,8,1,4,4,2,5,3,390,0,11,5,0,21,7,2,0,0,859
HARYANA,GURGAON,2005,65,38,6,34,76,18,40,413,2924,0,67,124,5,121,10,20,0,71,3969
HARYANA,HISSAR,2005,51,50,2,50,44,12,28,248,1052,0,45,148,10,333,19,31,0,139,2709
HARYANA,JHAJJAR,2005,60,32,4,26,28,9,28,96,406,0,53,37,5,115,11,16,0,86,1343
HARYANA,JIND,2005,37,27,2,28,24,5,10,73,420,0,69,20,7,125,17,2,0,35,1231
HARYANA,KAITHAL,2005,23,18,3,38,22,4,6,120,394,0,0,21,2,211,6,9,0,115,1286
HARYANA,KARNAL,2005,46,31,8,100,62,15,27,215,1296,0,44,128,4,776,14,39,0,236,2990
HARYANA,KURUKSHETRA,2005,25,15,2,48,30,18,18,220,824,0,0,39,6,180,5,24,0,99,2164
HARYANA,MAHENDRAGARH,2005,12,7,2,30,26,2,6,71,252,0,49,6,5,120,6,13,0,20,1084
HARYANA,MEWAT,2005,19,34,1,68,18,35,10,37,446,0,91,33,8,183,7,12,0,112,1567
HARYANA,PANCHKULA,2005,9,2,0,16,30,0,3,139,454,0,4,73,0,31,2,7,0,65,1200
HARYANA,PANIPAT,2005,42,19,7,112,70,17,34,176,1166,0,32,13,4,164,11,11,0,127,2138
HARYANA,REWARI,2005,33,11,1,26,40,11,16,117,512,0,36,20,11,160,9,21,0,50,1753
HARYANA,ROHTAK,2005,48,48,1,58,32,9,31,209,850,0,37,81,9,178,9,17,0,79,2003
HARYANA,SIRSA,2005,31,23,2,30,32,5,11,186,512,0,16,50,6,330,10,17,0,119,1667
HARYANA,SONIPAT,2005,73,42,1,56,78,14,35,178,928,0,8,74,6,287,14,21,0,124,2413
HARYANA,YAMUNANAGAR,2005,29,16,4,28,50,5,12,174,660,0,0,55,5,184,4,20,0,127,1707
HARYANA,TOTAL,2005,784,513,57,922,984,226,390,3437,17388,0,899,1204,119,4569,212,380,0,2075,42664
HIMACHAL PRADESH,BILASPUR,2005,13,7,3,16,18,1,1,34,118,0,28,22,20,58,0,30,0,27,1165
HIMACHAL PRADESH,CHAMBA,2005,9,8,1,24,16,0,1,110,72,0,12,1,11,58,1,20,0,10,580
HIMACHAL PRADESH,G.R.P.,2005,0,0,0,0,0,0,0,2,10,0,0,0,0,0,0,0,0,0,10
HIMACHAL PRADESH,HAMIRPUR,2005,4,2,3,8,8,0,0,52,84,0,32,20,10,245,0,11,0,21,983
HIMACHAL PRADESH,KANGRA,2005,21,13,6,46,44,2,4,95,198,0,97,31,15,218,0,27,0,48,2023
HIMACHAL PRADESH,KINNAUR,2005,3,1,0,8,6,1,1,36,20,0,10,0,0,14,0,6,0,6,231
HIMACHAL PRADESH,KULLU,2005,10,13,1,38,48,1,8,82,154,0,49,4,2,52,0,23,0,12,870
HIMACHAL PRADESH,LAHAUL-SPITI,2005,0,0,0,0,2,0,0,0,4,0,0,0,0,3,0,0,0,1,51
HIMACHAL PRADESH,MANDI,2005,7,12,1,16,20,0,2,65,124,0,46,16,16,156,0,70,0,20,1712
HIMACHAL PRADESH,SHIMLA,2005,15,6,1,64,28,0,3,94,294,0,122,36,8,78,0,51,0,29,2009
HIMACHAL PRADESH,SIRMAUR,2005,12,5,0,22,18,0,0,33,66,0,58,11,4,40,0,20,0,21,720
HIMACHAL PRADESH,SOLAN,2005,6,8,6,30,18,0,2,42,126,0,65,9,5,345,1,22,0,19,1236
HIMACHAL PRADESH,UNA,2005,10,4,0,10,10,1,0,51,122,0,39,13,6,92,0,6,0,14,755
HIMACHAL PRADESH,TOTAL,2005,110,79,22,282,236,6,22,696,1392,0,558,163,97,1359,2,286,0,228,12345
JAMMU & KASHMIR,ANANTNAG,2005,37,49,5,18,166,4,22,146,244,0,47,19,29,19,0,63,0,1,1530
JAMMU & KASHMIR,AWANTIPORA,2005,29,7,0,14,22,0,1,37,100,0,17,9,0,0,0,25,0,0,410
JAMMU & KASHMIR,BARAMULLA,2005,78,93,4,32,218,0,11,156,332,0,134,13,24,15,0,166,0,0,1701
JAMMU & KASHMIR,BORDER,2005,7,15,0,10,18,0,0,21,48,0,19,3,2,8,0,7,0,0,522
JAMMU & KASHMIR,BUDGAM,2005,27,29,3,12,126,1,2,82,282,0,118,9,13,5,0,75,0,0,965
JAMMU & KASHMIR,CRIME JAMMU,2005,2,0,0,0,0,0,0,0,0,0,0,43,0,0,0,0,0,0,46
JAMMU & KASHMIR,CRIME SRINAGAR,2005,0,0,0,0,0,0,0,0,0,0,0,85,0,0,0,0,0,0,93
JAMMU & KASHMIR,DODA,2005,66,82,1,14,28,0,0,43,96,0,24,3,15,36,0,6,0,1,683
JAMMU & KASHMIR,GANDERBAL,2005,13,3,1,10,78,0,7,35,120,0,52,7,16,1,0,42,0,0,498
JAMMU & KASHMIR,HANDWARA,2005,17,40,1,20,60,0,6,32,82,0,41,11,5,6,0,44,0,1,494
JAMMU & KASHMIR,JAMMU,2005,22,58,9,40,84,1,1,180,764,0,69,64,9,32,4,22,0,28,3085
JAMMU & KASHMIR,KARGIL,2005,0,0,0,2,4,0,0,5,8,0,2,3,1,0,0,3,0,0,93
JAMMU & KASHMIR,KATHUA,2005,12,29,1,24,32,0,2,44,46,0,15,2,6,23,0,7,0,4,967
JAMMU & KASHMIR,KULGAM,2005,39,7,1,24,86,0,11,51,110,0,60,8,9,7,0,22,0,1,584
JAMMU & KASHMIR,KUPWARA,2005,22,60,1,22,80,0,0,55,98,0,96,7,16,1,0,40,0,0,675
JAMMU & KASHMIR,LEH,2005,1,1,1,10,6,0,0,11,18,0,13,3,0,0,0,4,0,0,174
JAMMU & KASHMIR,POONCH,2005,35,85,1,14,32,0,0,22,120,0,50,8,10,30,0,11,0,7,641
JAMMU & KASHMIR,PULWAMA,2005,42,70,1,14,74,1,14,57,218,0,191,10,10,71,0,40,0,0,922
JAMMU & KASHMIR,RAILWAYS,2005,0,1,0,0,2,0,0,0,18,0,0,0,1,0,0,0,0,0,21
JAMMU & KASHMIR,RAJOURI,2005,51,63,0,42,46,0,2,46,122,0,91,13,29,39,0,15,0,14,1168
JAMMU & KASHMIR,RAMBAN,2005,50,42,1,12,24,2,0,25,86,0,14,9,9,8,0,4,0,4,648
JAMMU & KASHMIR,REASI,2005,33,32,1,2,24,0,0,27,40,0,0,1,6,3,0,2,0,1,316
JAMMU & KASHMIR,SRINAGAR,2005,52,116,5,36,264,4,36,279,722,0,147,63,29,36,0,219,0,11,2883
JAMMU & KASHMIR,UDHAMPUR,2005,12,23,0,30,22,0,1,43,128,0,22,10,1,15,1,13,0,3,996
JAMMU & KASHMIR,TOTAL,2005,647,905,37,402,1496,13,116,1397,3802,0,1222,403,240,355,5,830,0,76,20115
JHARKHAND,BOKARO,2005,49,13,0,72,86,34,45,186,1152,0,128,55,25,0,19,0,0,47,2411
JHARKHAND,CHAIBASA,2005,115,54,2,106,4,13,21,16,280,0,27,11,5,68,0,2,0,11,1004
JHARKHAND,CHATRA,2005,27,0,0,22,18,15,20,16,176,0,82,2,1,0,14,1,0,3,716
JHARKHAND,DEOGHAR,2005,51,56,1,92,20,10,15,119,332,0,164,29,7,199,3,15,0,19,1385
JHARKHAND,DHANBAD,2005,97,65,12,64,136,74,52,179,1444,0,296,79,8,481,48,16,0,31,3645
JHARKHAND,DHANBAD RLY.,2005,5,0,0,4,4,22,22,4,36,0,4,3,0,0,3,0,0,0,103
JHARKHAND,DUMKA,2005,52,18,7,76,46,10,5,71,352,0,135,16,23,146,12,11,0,38,1571
JHARKHAND,GARHWA,2005,47,5,0,34,40,8,17,46,154,0,132,20,0,8,17,0,0,15,964
JHARKHAND,GIRIDIH,2005,63,101,2,56,82,56,36,119,612,0,222,13,4,67,24,54,0,44,2356
JHARKHAND,GODDA,2005,44,83,6,92,58,6,11,52,234,0,142,30,30,71,8,28,0,39,1273
JHARKHAND,GUMLA,2005,140,40,1,90,34,26,27,32,122,0,31,5,7,1,2,10,0,6,787
JHARKHAND,HAZARIBAGH,2005,104,34,11,114,110,105,82,155,1452,0,279,66,17,45,31,32,0,55,3189
JHARKHAND,JAMSHEDPUR,2005,87,103,8,74,86,22,49,152,1668,0,85,118,10,223,10,34,0,56,3143
JHARKHAND,JAMSHEDPUR RLY.,2005,8,0,0,0,4,7,7,5,260,0,1,4,0,5,0,3,0,3,400
JHARKHAND,JAMTARA,2005,19,28,2,0,12,13,5,25,176,0,70,6,0,124,6,17,0,17,540
JHARKHAND,KODERMA,2005,26,9,0,24,28,23,18,17,182,0,41,21,3,39,15,4,0,23,816
JHARKHAND,LATEHAR,2005,34,1,1,24,12,27,13,16,118,0,14,1,0,0,1,2,0,3,459
JHARKHAND,LOHARDAGGA,2005,51,43,1,50,36,12,28,25,180,0,58,19,4,87,1,11,0,29,615
JHARKHAND,PAKUR,2005,35,84,4,60,18,7,5,18,108,0,90,11,7,112,4,12,0,5,719
JHARKHAND,PALAMU,2005,69,57,4,54,88,15,34,91,320,0,217,40,21,541,21,13,0,29,1718
JHARKHAND,RANCHI,2005,239,168,19,199,210,101,190,239,2276,0,174,49,11,681,11,14,0,58,5075
JHARKHAND,SAHEBGANJ,2005,47,43,4,88,52,5,12,17,234,0,70,16,10,49,4,6,0,36,813
JHARKHAND,SARAIKELA,2005,49,59,2,66,38,18,7,6,382,0,52,20,0,89,3,6,0,22,1013
JHARKHAND,SIMDEGA,2005,65,20,0,40,20,12,11,4,140,0,10,9,9,42,0,2,0,1,460
JHARKHAND,TOTAL,2005,1523,1084,87,1501,1242,641,732,1610,12390,0,2524,643,202,3078,257,293,0,590,35175
KARNATAKA,BAGALKOT,2005,43,28,2,8,30,26,9,97,256,0,204,34,9,324,1,43,0,68,2083
KARNATAKA,BANGALORE COMMR.,2005,242,282,5,76,262,117,594,1771,19234,0,377,1633,5,3474,39,167,0,287,29042
KARNATAKA,BANGALORE RURAL,2005,171,94,2,32,88,26,58,378,1752,0,599,106,13,1154,46,110,0,102,8200
KARNATAKA,BELGAUM,2005,116,79,1,26,82,13,36,234,726,0,311,141,23,816,10,74,0,108,5680
KARNATAKA,BELLARY,2005,58,35,0,34,42,5,31,166,608,0,263,93,17,627,5,53,0,60,4432
KARNATAKA,BIDAR,2005,38,44,1,10,24,2,22,136,366,0,165,34,9,1056,10,44,0,53,3589
KARNATAKA,BIJAPUR,2005,49,61,2,36,44,13,18,149,308,0,326,40,12,678,0,93,0,105,3015
KARNATAKA,CHAMARAJNAGAR,2005,24,29,1,14,16,3,3,81,268,0,89,10,0,503,3,43,0,23,1504
KARNATAKA,CHICKMAGALUR,2005,35,25,0,32,18,6,12,154,386,0,135,18,8,809,7,33,0,69,2716
KARNATAKA,CHITRADURGA,2005,21,14,3,30,12,4,12,118,460,0,230,32,6,723,6,62,0,29,3492
KARNATAKA,DAKSHIN KANNADA,2005,35,29,1,28,28,12,37,213,538,0,221,89,29,611,2,40,0,37,4292
KARNATAKA,DAVANAGERE,2005,40,16,5,28,28,3,24,145,566,0,184,67,3,547,9,66,0,78,2869
KARNATAKA,DHARWAD COMMR.,2005,15,13,0,0,14,1,22,133,548,0,73,66,3,195,3,2,0,14,1818
KARNATAKA,DHARWAD RURAL,2005,22,15,4,8,16,3,3,36,130,0,80,13,0,136,5,21,0,12,992
KARNATAKA,GADAG,2005,20,23,1,2,14,11,4,56,134,0,123,14,1,152,4,16,0,14,1030
KARNATAKA,GULBARGA,2005,115,111,0,32,66,9,27,191,580,0,472,76,57,1060,12,119,0,112,4858
KARNATAKA,HASSAN,2005,63,58,5,20,42,6,31,196,596,0,161,26,0,1128,8,49,0,42,4120
KARNATAKA,HAVERI,2005,25,8,2,8,12,2,3,67,234,0,233,14,0,255,4,27,0,22,1888
KARNATAKA,K.G.F.,2005,8,24,4,10,16,1,4,50,200,0,52,13,0,240,7,18,0,20,841
KARNATAKA,KODAGU,2005,34,29,2,20,20,1,8,118,150,0,44,23,3,484,2,18,0,35,1478
KARNATAKA,KOLAR,2005,73,49,5,40,60,4,30,125,712,0,359,43,0,592,19,41,0,41,3125
KARNATAKA,KOPPAL,2005,29,22,11,16,16,11,7,79,166,0,136,25,0,230,4,24,0,40,1589
KARNATAKA,MANDYA,2005,43,56,1,34,24,4,13,179,522,0,197,25,0,800,13,56,0,60,3380
KARNATAKA,MYSORE COMMR.,2005,27,50,4,16,32,2,87,173,1146,0,43,67,0,359,6,17,0,82,2600
KARNATAKA,MYSORE RURAL,2005,43,34,4,28,16,5,13,154,498,0,178,20,0,760,13,66,0,57,2649
KARNATAKA,RAICHUR,2005,41,43,6,16,20,6,9,89,228,0,217,52,3,569,2,66,0,59,2609
KARNATAKA,RAILWAYS,2005,17,1,1,0,2,1,6,5,950,0,9,1,0,17,2,1,0,1,606
KARNATAKA,SHIMOGA,2005,50,38,0,34,54,15,25,183,586,0,227,63,7,1071,7,88,0,158,4169
KARNATAKA,TUMKUR,2005,64,54,5,28,48,6,28,306,838,0,226,35,8,888,8,59,0,41,4354
KARNATAKA,UDUPI,2005,26,18,1,14,18,6,15,134,180,0,146,13,4,263,2,27,0,14,2237
KARNATAKA,UTTAR KANNADA,2005,22,24,1,6,14,3,11,70,150,0,71,23,18,362,2,42,0,40,2323
KARNATAKA,TOTAL,2005,1609,1406,80,686,1178,327,1202,5986,34016,0,6151,2909,238,20883,261,1585,0,1883,117580
KERALA,ALAPUZHA,2005,23,21,3,44,36,6,28,226,448,0,288,181,21,1204,1,165,0,201,7622
KERALA,CBCID,2005,10,3,0,2,0,3,1,10,2,0,11,18,24,1,0,0,0,5,164
KERALA,ERNAKULAM COMMR.,2005,15,12,11,14,12,10,40,214,894,0,169,248,5,521,2,33,0,66,5930
KERALA,ERNAKULAM RURAL,2005,25,19,8,30,28,20,30,250,698,0,332,137,13,1141,2,134,0,105,8667
KERALA,IDUKKI,2005,26,31,1,56,14,4,20,150,386,0,223,109,5,1236,2,125,0,107,4500
KERALA,KANNUR,2005,23,18,2,50,14,5,15,196,382,0,616,111,81,986,0,121,0,215,5153
KERALA,KASARGOD,2005,10,14,3,50,18,5,24,138,332,0,439,100,17,613,0,72,0,133,2998
KERALA,KOLLAM,2005,40,29,13,94,42,14,53,346,962,0,544,161,35,2286,2,320,0,367,9989
KERALA,KOTTAYAM,2005,24,13,4,50,34,3,34,393,650,0,361,389,10,1650,1,167,0,149,7923
KERALA,KOZHIKODE COMMR.,2005,11,16,4,26,24,18,30,183,646,0,238,175,21,420,2,50,0,130,3499
KERALA,KOZHIKODE RURAL,2005,6,12,4,72,22,2,10,208,488,0,464,164,53,944,2,120,0,209,4533
KERALA,MALAPPURAM,2005,28,33,1,100,26,21,22,258,850,0,629,273,36,883,0,130,0,449,6860
KERALA,PALAKKAD,2005,37,23,8,106,20,13,17,229,576,0,374,184,17,1030,1,66,0,279,5496
KERALA,PATHANAMTHITTA,2005,22,14,3,28,18,1,14,201,288,0,171,100,20,924,1,139,0,119,4388
KERALA,RAILWAYS,2005,0,0,0,0,0,1,6,3,314,0,4,4,0,19,0,5,0,0,222
KERALA,THRISSUR,2005,41,35,6,76,46,36,79,258,890,0,563,379,45,902,2,161,0,270,9639
KERALA,TRIVANDRUM COMMR.,2005,8,15,5,20,42,78,91,284,968,0,325,251,13,932,0,160,0,92,5495
KERALA,TRIVANDRUM RURAL,2005,30,29,12,72,44,27,95,423,892,0,602,214,34,1981,2,311,0,294,9108
KERALA,WAYANADU,2005,9,4,0,66,12,1,12,140,242,0,182,63,6,629,1,60,0,93,2164
KERALA,TOTAL,2005,388,341,88,956,452,268,621,4110,10908,0,6535,3261,456,18302,21,2339,0,3283,104350
MADHYA PRADESH,ANUPPUR,2005,25,10,0,62,14,2,18,94,258,0,9,17,3,161,5,72,0,29,1458
MADHYA PRADESH,ASHOK NAGAR,2005,36,43,5,94,14,5,10,102,204,0,30,5,12,702,9,113,0,30,1941
MADHYA PRADESH,BALAGHAT,2005,65,36,1,116,20,3,7,140,388,0,48,16,24,479,4,155,0,34,2924
MADHYA PRADESH,BARWANI,2005,43,18,4,82,10,2,7,121,424,0,33,5,7,289,2,92,0,14,2335
MADHYA PRADESH,BETUL,2005,66,30,1,272,28,2,13,178,390,0,4,19,19,413,22,130,0,74,3005
MADHYA PRADESH,BHIND,2005,97,121,0,58,42,20,56,192,484,0,117,20,14,816,28,73,0,41,3929
MADHYA PRADESH,BHOPAL,2005,72,71,0,158,62,6,108,740,2936,0,62,107,19,508,13,177,0,125,10850
MADHYA PRADESH,BHOPAL RLY.,2005,3,2,0,2,2,1,11,13,2350,0,6,12,2,17,3,11,0,1,1544
MADHYA PRADESH,BURHANPUR,2005,11,14,0,28,2,5,10,55,264,0,17,0,4,135,3,51,0,30,1449
MADHYA PRADESH,CHHATARPUR,2005,62,72,6,92,24,7,31,212,304,0,58,9,22,597,18,162,0,40,3651
MADHYA PRADESH,CHHINDWARA,2005,74,29,3,244,38,3,14,190,524,0,52,19,15,1205,15,165,0,122,3963
MADHYA PRADESH,DAMOH,2005,40,68,0,86,24,7,18,116,278,0,12,4,4,1011,31,113,0,53,2275
MADHYA PRADESH,DATIYA,2005,37,61,0,60,40,7,30,96,268,0,29,17,7,472,7,66,0,26,2179
MADHYA PRADESH,DEWAS,2005,57,76,1,172,64,8,32,279,1440,0,107,57,37,418,20,186,0,173,6075
MADHYA PRADESH,DHAR,2005,86,82,1,268,80,14,45,278,1200,0,100,21,37,722,41,180,0,63,5227
MADHYA PRADESH,DINDORI,2005,18,9,1,64,2,0,1,38,36,0,6,7,4,23,2,57,0,11,725
MADHYA PRADESH,GUNA,2005,40,34,3,154,10,10,34,174,538,0,88,22,13,1115,3,176,0,61,3421
MADHYA PRADESH,GWALIOR,2005,99,133,22,122,88,16,141,926,2756,0,138,104,13,1023,21,164,0,130,8765
MADHYA PRADESH,HARDA,2005,20,13,0,64,14,1,10,60,186,0,8,8,5,373,7,41,0,9,1098
MADHYA PRADESH,HOSHANGABAD,2005,41,65,10,128,32,11,37,229,750,0,60,17,10,449,10,124,0,58,3546
MADHYA PRADESH,INDORE,2005,104,137,7,204,118,8,97,966,5360,0,122,132,32,1269,29,221,0,283,16026
MADHYA PRADESH,INDORE RLY.,2005,1,1,0,6,0,0,5,3,264,0,0,3,0,10,0,6,0,1,320
MADHYA PRADESH,JABALPUR,2005,77,131,0,184,72,2,73,404,1664,0,82,110,4,4424,34,310,0,154,9463
MADHYA PRADESH,JABALPUR RLY.,2005,3,0,2,0,0,1,18,8,732,0,1,1,1,7,2,10,0,0,574
MADHYA PRADESH,JHABUA,2005,129,68,1,74,96,4,12,82,334,0,30,7,42,386,1,62,0,8,2505
MADHYA PRADESH,KATNI,2005,33,25,0,92,6,5,16,150,402,0,25,20,9,954,30,104,0,50,2534
MADHYA PRADESH,KHANDWA,2005,38,53,0,112,72,18,19,386,886,0,60,23,14,36,8,197,0,59,4380
MADHYA PRADESH,KHARGON,2005,40,42,1,122,18,14,18,232,1112,0,72,23,11,428,21,151,0,32,3972
MADHYA PRADESH,MANDLA,2005,44,15,0,122,16,1,8,69,126,0,6,9,4,333,4,75,0,18,1462
MADHYA PRADESH,MANDSAUR,2005,38,27,1,62,36,5,35,178,756,0,38,23,32,352,7,129,0,79,3046
MADHYA PRADESH,MORENA,2005,62,105,3,64,60,11,70,214,928,0,181,38,14,1376,27,89,0,74,5022
MADHYA PRADESH,NARSINGHPUR,2005,34,50,6,130,4,2,17,76,256,0,21,8,15,1166,21,156,0,52,2613
MADHYA PRADESH,NEEMUCH,2005,13,18,2,54,18,2,16,148,628,0,26,21,8,372,1,68,0,41,1860
MADHYA PRADESH,PANNA,2005,32,28,0,66,24,3,13,117,176,0,16,6,11,94,14,85,0,13,1487
MADHYA PRADESH,RAISEN,2005,46,55,0,194,28,3,20,136,410,0,70,12,11,340,8,154,0,57,3368
MADHYA PRADESH,RAJGARH,2005,26,47,0,150,38,3,22,154,812,0,140,11,54,406,4,158,0,92,4493
MADHYA PRADESH,RATLAM,2005,47,37,3,148,26,4,27,148,886,0,29,31,14,268,10,127,0,56,3797
MADHYA PRADESH,REWA,2005,53,46,1,128,52,6,42,464,794,0,74,41,30,903,42,107,0,39,3956
MADHYA PRADESH,SAGAR,2005,76,105,0,220,62,8,49,445,982,0,86,23,29,2486,34,362,0,127,7335
MADHYA PRADESH,SATNA,2005,78,53,3,150,36,6,44,396,826,0,43,28,27,970,34,195,0,66,5241
MADHYA PRADESH,SEONI,2005,23,14,4,114,20,0,10,107,222,0,24,6,8,372,22,142,0,37,2454
MADHYA PRADESH,SHAHDOL,2005,44,17,3,86,12,0,21,240,432,0,21,32,20,262,13,156,0,57,2552
MADHYA PRADESH,SHAJAPUR,2005,31,45,1,146,30,6,58,221,1084,0,73,11,26,1177,6,173,0,64,3570
MADHYA PRADESH,SHEOPUR,2005,13,17,0,42,8,2,6,53,172,0,27,12,2,280,1,42,0,24,1167
MADHYA PRADESH,SHIVPURI,2005,73,86,0,116,44,9,30,142,620,0,52,25,25,405,2,99,0,30,3713
MADHYA PRADESH,SIDHI,2005,50,9,7,94,44,5,12,327,502,0,29,20,13,694,23,132,0,42,3661
MADHYA PRADESH,SIHORE,2005,42,54,1,146,22,6,13,143,806,0,39,13,10,297,14,76,0,45,2957
MADHYA PRADESH,TIKAMGARH,2005,47,43,1,80,30,2,23,189,374,0,45,13,18,989,18,106,0,28,2761
MADHYA PRADESH,UJJAIN,2005,55,134,0,148,56,9,91,447,2116,0,72,69,29,792,17,172,0,173,7371
MADHYA PRADESH,UMARIYA,2005,18,14,27,68,6,2,8,95,168,0,11,18,8,194,1,55,0,19,1208
MADHYA PRADESH,VIDISHA,2005,43,49,2,194,30,0,31,219,562,0,74,17,25,833,27,199,0,45,3944
MADHYA PRADESH,TOTAL,2005,2405,2512,134,5842,1694,277,1557,11192,41370,0,2573,1292,817,33803,739,6426,0,2989,189172
MAHARASHTRA,AHMEDNAGAR,2005,92,56,1,112,66,45,84,392,2050,0,206,142,26,768,0,91,0,338,5241
MAHARASHTRA,AKOLA,2005,46,40,2,42,48,10,56,285,2450,0,136,97,27,828,3,82,0,184,4594
MAHARASHTRA,AMRAVATI COMMR.,2005,30,25,2,46,22,3,15,169,1564,0,83,63,14,396,2,31,0,57,2573
MAHARASHTRA,AMRAVATI RURAL,2005,78,23,2,120,36,15,21,241,1854,0,93,39,35,760,10,122,0,132,3655
MAHARASHTRA,AURANGABAD COMMR.,2005,22,27,0,52,24,14,55,183,1298,0,123,107,10,320,2,31,0,93,2476
MAHARASHTRA,AURANGABAD RURAL,2005,46,17,1,18,12,19,30,124,674,0,195,37,34,738,26,44,0,263,2715
MAHARASHTRA,BEED,2005,62,52,1,50,52,24,67,305,1566,0,417,52,55,1085,7,99,0,275,4324
MAHARASHTRA,BHANDARA,2005,27,11,3,30,34,1,12,175,950,0,52,39,43,340,3,64,0,67,2398
MAHARASHTRA,BULDHANA,2005,51,62,0,84,46,10,33,181,1726,0,163,182,72,716,53,110,0,187,4240
MAHARASHTRA,CHANDRAPUR,2005,61,18,0,82,34,10,29,323,1408,0,116,51,38,578,2,93,0,110,3446
MAHARASHTRA,DHULE,2005,47,30,0,30,18,6,15,110,634,0,108,42,8,380,10,27,0,110,2258
MAHARASHTRA,GADCHIROLI,2005,60,45,3,44,10,17,24,97,280,0,36,4,48,279,1,62,0,42,1266
MAHARASHTRA,GONDIA,2005,29,21,0,44,36,5,16,209,752,0,41,23,23,378,1,106,0,59,2108
MAHARASHTRA,HINGOLI,2005,34,11,1,30,30,11,41,119,486,0,153,13,38,595,2,45,0,106,1908
MAHARASHTRA,JALGAON,2005,74,55,2,104,52,10,37,217,1466,0,200,311,12,698,4,92,0,301,4563
MAHARASHTRA,JALNA,2005,37,40,2,40,26,21,58,153,782,0,176,63,42,533,21,53,0,215,2880
MAHARASHTRA,KOLHAPUR,2005,65,62,2,52,50,8,27,258,1380,0,167,184,10,552,22,47,0,76,3423
MAHARASHTRA,LATUR,2005,49,40,1,48,44,17,36,220,802,0,175,55,35,962,40,61,0,107,3379
MAHARASHTRA,MUMBAI,2005,212,136,8,402,396,104,362,3175,23806,0,261,1664,10,3731,9,385,0,336,31432
MAHARASHTRA,MUMBAI RLY.,2005,5,1,0,4,14,1,29,5,3148,0,16,39,0,36,0,12,0,0,1818
MAHARASHTRA,NAGPUR COMMR.,2005,106,68,3,104,114,48,184,1236,5466,0,246,272,26,973,4,76,0,185,9605
MAHARASHTRA,NAGPUR RLY.,2005,9,2,1,2,6,9,16,3,1806,0,4,9,0,26,0,7,0,0,1110
MAHARASHTRA,NAGPUR RURAL,2005,67,28,7,102,38,19,60,283,2334,0,168,47,48,677,8,113,0,86,4815
MAHARASHTRA,NANDED,2005,70,112,3,82,84,40,85,325,1248,0,285,112,52,1359,17,85,0,239,5420
MAHARASHTRA,NANDURBAR,2005,27,22,0,38,6,5,6,56,336,0,65,43,2,234,3,21,0,73,1168
MAHARASHTRA,NASIK COMMR.,2005,28,17,2,42,32,10,19,387,1672,0,97,168,5,231,0,35,0,121,2776
MAHARASHTRA,NASIK RURAL,2005,105,31,1,100,50,19,42,317,1102,0,293,111,17,771,8,102,0,375,4513
MAHARASHTRA,NAVI MUMBAI,2005,51,21,2,38,30,42,71,395,2242,0,110,187,8,425,9,42,0,63,3843
MAHARASHTRA,OSMANABAD,2005,41,19,0,44,14,15,23,207,868,0,111,58,23,649,1,42,0,118,3027
MAHARASHTRA,PARBHANI,2005,39,33,2,28,26,19,31,159,688,0,167,74,30,852,10,40,0,131,2383
MAHARASHTRA,PUNE COMMR.,2005,106,85,7,158,204,45,190,1201,8644,0,474,609,16,1258,1,107,0,201,11817
MAHARASHTRA,PUNE RLY.,2005,1,1,0,0,0,3,5,0,318,0,3,1,0,2,0,2,0,0,208
MAHARASHTRA,PUNE RURAL,2005,123,43,2,92,66,61,75,382,1966,0,181,141,32,595,6,57,0,172,5343
MAHARASHTRA,RAIGAD,2005,41,22,0,50,16,30,20,164,782,0,140,50,5,324,4,47,0,63,2322
MAHARASHTRA,RATNAGIRI,2005,21,3,0,54,14,5,15,167,548,0,79,52,19,191,2,40,0,40,1458
MAHARASHTRA,SANGLI,2005,77,12,1,68,64,11,41,245,1442,0,128,169,23,423,7,55,0,105,3068
MAHARASHTRA,SATARA,2005,59,32,7,62,52,19,43,339,1506,0,144,96,30,455,6,61,0,180,3777
MAHARASHTRA,SINDHUDURG,2005,15,8,2,8,8,7,4,119,220,0,45,12,14,142,0,20,0,4,853
MAHARASHTRA,SOLAPUR COMMR.,2005,24,15,0,40,20,13,38,214,688,0,89,102,4,186,1,17,0,47,1644
MAHARASHTRA,SOLAPUR RURAL,2005,97,38,8,80,52,25,52,199,930,0,193,31,20,623,6,54,0,127,3363
MAHARASHTRA,THANE COMMR.,2005,106,52,3,120,170,65,146,1127,4084,0,288,564,17,1815,1,110,0,246,7664
MAHARASHTRA,THANE RURAL,2005,140,51,2,132,94,53,86,452,1296,0,226,137,23,710,5,132,0,133,4600
MAHARASHTRA,WARDHA,2005,45,30,4,70,62,10,31,254,1070,0,71,56,56,914,4,110,0,94,4018
MAHARASHTRA,WASHIM,2005,24,24,1,24,30,7,17,115,864,0,102,17,25,451,10,63,0,139,2096
MAHARASHTRA,YAVATMAL,2005,72,73,9,118,86,17,64,328,2506,0,153,66,48,1058,10,133,0,233,5439
MAHARASHTRA,TOTAL,2005,2621,1614,98,3090,2388,948,2411,15615,93702,0,6779,6391,1123,30017,341,3228,0,6233,187027
MANIPUR,BISHNUPUR,2005,30,38,0,6,14,0,0,5,38,0,6,8,4,38,0,3,0,1,340
MANIPUR,CHANDEL,2005,20,10,0,0,2,4,2,2,6,0,0,3,11,5,0,2,0,0,89
MANIPUR,CHURACHANDPUR,2005,49,25,1,0,8,0,0,4,22,0,1,3,1,4,0,2,0,0,175
MANIPUR,IMPHAL(EAST),2005,38,50,0,8,56,0,1,6,62,0,5,50,20,62,0,3,0,1,523
MANIPUR,IMPHAL(WEST),2005,49,68,1,20,82,0,4,38,276,0,12,40,58,107,0,12,0,3,1058
MANIPUR,SENAPATI,2005,10,12,0,0,6,0,1,1,14,0,0,3,19,3,0,0,0,0,120
MANIPUR,TAMENGLONG,2005,7,2,0,2,2,0,0,0,8,0,2,1,8,3,0,0,0,0,47
MANIPUR,THOUBAL,2005,46,38,1,14,40,0,0,5,54,0,9,9,9,73,0,3,0,15,482
MANIPUR,UKHRUL,2005,7,9,1,0,2,0,0,1,6,0,0,5,25,0,0,0,0,0,79
MANIPUR,TOTAL,2005,256,252,4,50,212,4,8,62,486,0,35,122,155,295,0,25,0,20,2913
MEGHALAYA,GARO HILLS EAST,2005,10,6,1,8,14,12,7,11,66,0,9,6,7,15,0,0,0,0,158
MEGHALAYA,GARO HILLS SOUTH,2005,5,2,0,0,4,3,2,1,34,0,0,0,1,2,0,2,0,0,49
MEGHALAYA,GARO HILLS WEST,2005,11,4,0,6,22,14,5,18,94,0,26,5,14,40,0,9,0,2,267
MEGHALAYA,JAINTIA HILLS,2005,43,3,0,20,14,11,8,15,124,0,0,3,9,24,0,10,0,0,286
MEGHALAYA,KHASI HILLS EAST,2005,40,12,0,50,38,12,55,89,450,0,7,24,30,22,1,10,0,1,762
MEGHALAYA,KHASI HILLS WEST,2005,8,7,0,24,0,21,7,12,68,0,0,1,0,5,0,7,0,0,175
MEGHALAYA,RI-BHOI,2005,17,1,1,18,4,9,11,2,116,0,0,0,9,27,0,6,0,0,183
MEGHALAYA,TOTAL,2005,134,35,2,126,96,82,95,148,952,0,42,39,70,135,1,44,0,3,1880
MIZORAM,AIZAWL,2005,4,4,2,20,10,2,2,90,460,0,9,18,7,11,0,10,0,0,534
MIZORAM,CHAMPHAI,2005,4,3,1,10,2,0,0,70,120,0,3,3,1,12,0,7,0,0,233
MIZORAM,KOLASIB,2005,2,1,0,4,0,0,0,30,140,0,0,2,1,4,0,0,0,0,152
MIZORAM,LAWNGTLAI,2005,3,3,0,4,4,0,1,60,140,0,5,10,2,11,2,6,0,0,249
MIZORAM,LUNGLEI,2005,4,4,1,12,4,1,2,80,400,0,5,10,6,14,0,8,0,0,468
MIZORAM,MAMIT,2005,4,2,1,12,4,0,0,22,30,0,1,5,0,5,0,3,0,0,104
MIZORAM,SAIHA,2005,2,3,0,4,2,0,1,60,214,0,10,8,2,10,2,9,0,0,270
MIZORAM,SERCHHIP,2005,1,4,0,8,0,0,0,30,50,0,2,2,1,10,0,6,0,0,146
MIZORAM,TOTAL,2005,24,24,5,74,26,3,6,442,1554,0,35,58,20,77,4,49,0,0,2156
NAGALAND,DIMAPUR,2005,23,4,1,14,10,5,55,35,234,0,0,12,0,7,0,0,0,0,350
NAGALAND,KIPHIRE,2005,0,0,1,0,0,0,0,2,4,0,0,0,0,0,0,0,0,0,19
NAGALAND,KOHIMA,2005,19,7,0,10,24,5,12,17,122,0,0,21,0,5,0,0,0,0,254
NAGALAND,MOKOKCHUNG,2005,3,2,1,0,0,0,1,10,18,0,0,1,1,6,0,1,0,0,47
NAGALAND,MON,2005,15,3,0,2,2,0,5,3,50,0,1,1,0,7,0,1,0,0,84
NAGALAND,PEREN,2005,5,3,0,2,0,0,0,4,16,0,0,0,0,0,0,4,0,0,30
NAGALAND,PHEK,2005,2,1,1,2,4,2,4,5,18,0,0,2,1,6,0,1,0,0,52
NAGALAND,TUENSANG,2005,9,0,3,2,4,0,0,8,10,0,6,3,2,0,0,0,0,0,77
NAGALAND,WOKHA,2005,10,4,1,0,8,0,2,1,80,0,1,0,0,4,0,0,0,0,86
NAGALAND,ZUNHEBOTO,2005,1,2,0,2,0,0,1,8,36,0,0,1,0,0,0,0,0,0,50
NAGALAND,TOTAL,2005,87,26,8,34,52,12,80,93,588,0,8,41,4,35,0,7,0,0,1049
ODISHA,ANGUL,2005,41,46,1,56,30,16,38,94,604,0,112,39,12,60,5,135,0,61,2047
ODISHA,BALASORE,2005,27,18,3,86,82,7,31,151,502,0,55,38,21,268,32,132,0,122,2584
ODISHA,BARAGARH,2005,33,54,0,42,24,5,21,80,436,0,70,45,26,19,9,112,0,256,1655
ODISHA,BERHAMPUR,2005,17,58,2,12,14,9,73,95,424,0,40,46,10,70,1,111,0,24,1504
ODISHA,BHADRAK,2005,17,32,0,74,36,3,16,61,202,0,34,34,16,14,9,90,0,116,1720
ODISHA,BOLANGIR,2005,39,80,3,74,80,3,35,72,342,0,66,27,13,24,11,126,0,22,1621
ODISHA,BOUDH,2005,16,4,0,14,4,0,4,18,62,0,13,2,7,136,3,35,0,6,409
ODISHA,CUTTACK,2005,34,119,0,58,142,19,135,317,1554,0,82,96,11,333,39,24,0,162,4197
ODISHA,DEOGARH,2005,15,15,1,32,16,6,20,25,74,0,20,4,5,208,1,60,0,12,581
ODISHA,DHENKANAL,2005,36,56,0,16,24,8,20,66,268,0,97,36,10,95,20,139,0,34,1546
ODISHA,GAJAPATI,2005,22,7,3,18,12,1,2,40,78,0,22,8,3,44,1,35,0,3,420
ODISHA,GANJAM,2005,56,66,6,52,50,9,41,131,290,0,63,13,24,269,28,179,0,92,1948
ODISHA,JAGATSINGHPUR,2005,26,35,5,28,22,6,27,74,228,0,24,25,7,123,11,7,0,35,1218
ODISHA,JAJPUR,2005,22,28,0,40,78,6,44,75,292,0,40,20,18,297,25,37,0,59,1786
ODISHA,JHARSUGUDA,2005,12,14,0,38,12,5,17,71,310,0,45,15,17,539,1,52,0,22,1194
ODISHA,KALAHANDI,2005,24,29,3,60,22,5,29,55,164,0,94,49,9,180,5,40,0,32,1064
ODISHA,KANDHAMAL,2005,28,11,0,40,40,3,10,41,140,0,22,13,6,477,8,111,0,45,947
ODISHA,KENDRAPARA,2005,29,42,1,46,40,5,27,63,214,0,12,15,17,45,19,13,0,5,1159
ODISHA,KEONJHAR,2005,72,64,1,72,42,7,39,96,482,0,62,31,21,101,12,89,0,20,2268
ODISHA,KHURDA,2005,43,71,3,114,130,20,130,491,2440,0,79,247,29,1092,17,42,0,46,5432
ODISHA,KORAPUT,2005,46,19,2,90,54,9,15,102,316,0,66,30,14,39,2,116,0,64,1551
ODISHA,MALKANGIR,2005,41,31,4,14,14,8,3,21,80,0,30,7,4,60,3,23,0,6,495
ODISHA,MAYURBHANJ,2005,70,38,4,204,80,4,28,95,452,0,27,30,14,24,19,136,0,180,2259
ODISHA,NAYAGARH,2005,28,7,0,34,50,7,13,73,218,0,33,30,16,317,4,10,0,14,991
ODISHA,NOWRANGPUR,2005,29,13,0,36,16,4,9,49,116,0,56,2,4,76,2,49,0,8,756
ODISHA,NUAPADA,2005,11,2,1,12,14,7,10,22,164,0,23,15,9,52,2,38,0,14,751
ODISHA,PURI,2005,54,134,0,62,48,7,49,168,592,0,42,27,11,21,30,24,0,90,2477
ODISHA,RAYAGADA,2005,27,20,0,34,6,9,14,32,168,0,50,12,8,4,2,44,0,37,965
ODISHA,ROURKELA,2005,23,19,1,34,24,3,18,96,504,0,13,36,3,34,8,51,0,26,1351
ODISHA,SAMBALPUR,2005,44,84,0,30,50,17,44,145,588,0,55,17,11,121,3,76,0,22,2046
ODISHA,SONEPUR,2005,10,14,0,8,2,0,2,21,60,0,29,6,7,19,0,43,0,6,347
ODISHA,SRP(CUTTACK),2005,2,3,0,2,2,2,9,6,566,0,1,2,1,14,0,4,0,2,426
ODISHA,SRP(ROURKELA),2005,3,1,0,2,6,1,3,10,198,0,3,1,0,4,0,6,0,1,215
ODISHA,SUNDARGARH,2005,82,45,4,64,16,13,22,73,358,0,35,22,2,740,2,49,0,27,1755
ODISHA,TOTAL,2005,1079,1279,48,1598,1282,234,998,3029,13486,0,1515,1040,386,5919,334,2238,0,1671,51685
PUNJAB,AMRITSAR,2005,47,28,4,10,40,7,4,52,242,0,0,199,0,114,2,6,0,44,1124
PUNJAB,BARNALA,2005,11,12,2,22,4,1,1,31,58,0,1,86,1,73,3,11,0,12,473
PUNJAB,BATALA,2005,22,30,1,48,36,5,1,42,166,0,0,127,0,136,7,7,0,34,1085
PUNJAB,BHATINDA,2005,45,52,73,60,74,2,4,193,382,0,0,150,5,214,2,23,0,45,1547
PUNJAB,FARIDKOT,2005,17,36,1,12,20,4,0,56,118,0,0,71,0,125,1,10,0,9,579
PUNJAB,FATEHGARH SAHIB,2005,17,5,1,12,12,5,4,34,98,0,0,82,0,88,4,1,0,13,627
PUNJAB,FEROZPUR,2005,43,38,7,48,28,5,0,112,306,0,0,112,4,332,8,10,0,21,1354
PUNJAB,G.R.P,2005,5,3,0,2,2,1,0,0,58,0,0,17,1,12,2,4,0,0,295
PUNJAB,GURDASPUR,2005,25,24,5,32,34,2,0,50,158,0,0,39,5,105,6,11,0,22,848
PUNJAB,HOSHIARPUR,2005,34,30,10,46,38,3,5,59,184,0,0,109,5,218,8,11,0,46,1120
PUNJAB,JAGRAON,2005,15,24,2,24,32,4,4,75,168,0,0,33,0,138,0,9,0,3,841
PUNJAB,JALANDHAR,2005,63,83,11,74,160,16,9,226,670,0,0,454,8,460,7,27,0,78,2926
PUNJAB,KAPURTHALA,2005,23,26,4,36,48,5,2,63,270,0,0,119,3,180,2,21,0,29,1031
PUNJAB,KHANNA,2005,7,36,3,22,24,4,8,75,198,0,0,38,1,152,2,12,0,20,956
PUNJAB,LUDHIANA,2005,61,55,14,84,104,16,7,200,736,0,0,327,5,216,5,26,0,85,2707
PUNJAB,MAJITHA,2005,35,21,2,18,36,5,4,37,142,0,0,72,5,141,7,2,0,16,697
PUNJAB,MANSA,2005,23,23,26,30,22,3,1,51,78,0,0,59,1,143,1,5,0,18,613
PUNJAB,MOGA,2005,22,34,10,18,36,7,2,65,148,0,0,119,0,201,3,6,0,13,873
PUNJAB,MUKTSAR,2005,26,30,4,36,46,6,2,62,170,0,0,87,5,126,3,18,0,34,772
PUNJAB,NAWAN SHAHR,2005,13,23,2,28,24,6,15,92,232,0,0,75,2,222,2,8,0,21,850
PUNJAB,PATIALA,2005,61,30,10,38,48,8,9,181,656,0,0,224,0,414,8,30,0,82,2786
PUNJAB,ROPAR,2005,27,10,0,36,24,8,1,81,278,0,0,117,1,128,6,16,0,29,1204
PUNJAB,SANGRUR,2005,33,34,19,22,42,6,2,66,218,0,0,149,3,197,7,14,0,43,1155
PUNJAB,TARN TARAN,2005,38,36,5,38,22,1,0,30,114,0,0,69,0,132,3,20,0,12,673
PUNJAB,TOTAL,2005,713,723,216,796,956,130,85,1933,5848,0,1,2934,55,4267,99,308,0,729,27136
RAJASTHAN,AJMER,2005,43,54,2,52,178,2,33,339,1718,0,46,313,18,370,11,61,0,339,5861
RAJASTHAN,ALWAR,2005,78,93,5,104,172,17,42,143,2188,0,157,463,27,1973,31,110,0,297,6921
RAJASTHAN,BANSWARA,2005,26,15,0,58,66,0,9,77,210,0,119,53,19,1088,7,83,0,56,2426
RAJASTHAN,BARAN,2005,34,80,0,90,94,2,9,91,516,0,23,122,20,389,3,121,0,212,2977
RAJASTHAN,BARMER,2005,27,28,1,38,52,0,3,88,372,0,20,107,15,647,13,86,0,72,2479
RAJASTHAN,BHARATPUR,2005,91,111,1,92,176,6,23,63,1544,0,2,312,32,798,35,44,0,220,6664
RAJASTHAN,BHILWARA,2005,35,48,8,78,272,5,43,265,1658,0,130,339,27,105,14,87,0,293,5105
RAJASTHAN,BIKANER,2005,39,86,0,60,40,2,14,147,724,0,0,185,14,362,12,67,0,199,3418
RAJASTHAN,BUNDI,2005,20,75,0,82,140,0,8,89,488,0,40,80,8,889,5,105,0,166,3143
RAJASTHAN,CHITTORGARH,2005,52,55,3,122,266,7,30,256,1114,0,135,287,36,1858,7,118,0,335,5675
RAJASTHAN,CHURU,2005,19,33,1,36,56,1,8,78,288,0,17,162,13,687,7,60,0,149,2258
RAJASTHAN,DAUSA,2005,27,21,0,24,60,2,7,77,1104,0,58,139,10,52,13,12,0,83,3450
RAJASTHAN,DHOLPUR,2005,31,87,1,50,106,7,16,50,546,0,39,104,13,1315,17,30,0,98,2900
RAJASTHAN,DUNGARPUR,2005,21,11,1,18,62,1,9,36,100,0,83,35,14,109,3,39,0,50,1468
RAJASTHAN,G.R.P.,2005,4,3,0,4,4,2,9,0,934,0,4,7,0,5,0,15,0,0,916
RAJASTHAN,GANGANAGAR,2005,59,114,0,90,106,0,17,215,908,0,7,469,15,1067,10,58,0,373,4855
RAJASTHAN,HANUMANGARH,2005,48,79,0,72,56,1,11,117,476,0,0,297,8,415,12,58,0,235,3185
RAJASTHAN,JAIPUR,2005,88,95,6,164,422,10,49,821,8082,0,489,1844,47,1714,40,212,0,538,20293
RAJASTHAN,JAISALMER,2005,7,0,1,4,18,1,3,61,230,0,14,31,2,0,5,16,0,16,742
RAJASTHAN,JALORE,2005,15,22,0,10,44,1,2,75,278,0,10,109,15,44,5,42,0,59,2108
RAJASTHAN,JHALAWAR,2005,40,87,1,80,136,29,21,127,754,0,106,105,53,1000,6,160,0,199,3558
RAJASTHAN,JHUNJHUNU,2005,27,13,0,62,58,2,7,119,522,0,81,166,33,139,11,45,0,98,3355
RAJASTHAN,JODHPUR,2005,47,102,1,58,150,1,52,340,2476,0,63,599,20,1805,16,98,0,221,6456
RAJASTHAN,KARAULI,2005,26,20,2,44,124,3,5,40,760,0,4,138,14,98,14,40,0,116,3166
RAJASTHAN,KOTA,2005,44,303,5,80,218,7,43,293,2236,0,25,429,23,470,5,154,0,361,6773
RAJASTHAN,NAGAUR,2005,38,27,4,66,86,1,11,169,700,0,8,249,25,176,15,169,0,136,4078
RAJASTHAN,PALI,2005,33,35,3,72,136,2,14,206,658,0,34,199,15,30,8,145,0,211,4693
RAJASTHAN,RAJSAMAND,2005,18,19,0,16,94,1,7,70,358,0,36,103,12,1096,0,29,0,117,2318
RAJASTHAN,SAWAI MADHOPUR,2005,18,33,1,46,72,1,12,92,762,0,2,106,11,18,8,28,0,114,3059
RAJASTHAN,SIKAR,2005,51,46,0,42,136,0,7,176,762,0,102,165,37,417,12,22,0,137,4223
RAJASTHAN,SIROHI,2005,30,24,2,46,48,1,16,110,334,0,82,102,14,656,4,51,0,104,2132
RAJASTHAN,TONK,2005,24,26,1,36,128,2,7,88,736,0,107,179,9,1332,1,37,0,188,3844
RAJASTHAN,UDAIPUR,2005,61,75,9,90,210,3,43,309,1260,0,247,343,29,1482,11,101,0,205,6418
RAJASTHAN,TOTAL,2005,1221,1920,59,1986,3986,120,590,5227,35796,0,2290,8341,648,22606,361,2503,0,5997,140917
SIKKIM,EAST,2005,5,10,1,16,4,0,1,43,86,0,7,32,1,37,0,8,0,3,271
SIKKIM,NORTH,2005,0,2,0,2,0,0,0,3,16,0,1,0,1,5,0,1,0,0,32
SIKKIM,SOUTH,2005,2,2,0,12,2,2,3,30,48,0,9,5,0,37,0,22,0,0,173
SIKKIM,WEST,2005,1,2,1,6,0,0,0,9,12,0,2,7,1,20,0,7,0,1,76
SIKKIM,TOTAL,2005,8,16,2,36,6,2,4,85,162,0,19,44,3,99,0,38,0,4,552
TAMIL NADU,CHENNAI,2005,123,175,4,86,110,5,59,597,6126,0,78,530,0,1124,30,82,0,236,20127
TAMIL NADU,CHENNAI RLY.,2005,1,1,0,0,0,1,2,3,184,0,9,4,0,31,0,3,0,2,373
TAMIL NADU,COIMBATORE RURAL,2005,87,122,0,66,94,4,35,333,2710,0,117,168,18,3608,8,165,0,147,10000
TAMIL NADU,COIMBATORE URBAN,2005,19,20,1,12,8,2,31,153,1792,0,194,109,1,120,3,21,0,31,3845
TAMIL NADU,CUDDALORE,2005,60,90,0,64,64,2,13,87,910,0,134,1,13,516,13,45,0,40,6458
TAMIL NADU,DHARMAPURI,2005,31,32,2,14,62,3,6,52,358,0,131,41,27,664,5,42,0,41,2727
TAMIL NADU,DINDIGUL,2005,73,51,0,34,72,1,13,73,850,0,34,73,0,395,5,33,0,35,4829
TAMIL NADU,ERODE,2005,55,28,0,44,44,2,15,114,1218,0,32,84,18,2295,5,72,0,63,6379
TAMIL NADU,KANCHIPURAM,2005,42,62,0,36,58,4,19,90,860,0,38,0,9,346,12,43,0,10,5085
TAMIL NADU,KANYAKUMARI,2005,30,41,3,26,32,2,3,110,520,0,6,124,12,311,1,15,0,40,3063
TAMIL NADU,KARUR,2005,23,25,1,12,30,2,9,57,514,0,23,19,12,233,5,8,0,26,2865
TAMIL NADU,KRISHNAGIRI,2005,42,21,1,20,60,7,14,95,698,0,184,60,25,773,10,47,0,28,5024
TAMIL NADU,MADURAI RURAL,2005,36,70,0,48,72,2,19,100,880,0,89,62,15,1290,4,57,0,44,5380
TAMIL NADU,MADURAI URBAN,2005,21,40,0,10,40,1,24,101,860,0,126,222,2,92,3,28,0,43,3384
TAMIL NADU,NAGAPATTINAM,2005,43,31,1,24,40,0,8,62,440,0,41,38,18,1437,2,45,0,19,3673
TAMIL NADU,NAMAKKAL,2005,29,26,0,0,70,1,6,52,388,0,72,19,11,1378,0,39,0,41,3310
TAMIL NADU,NILGIRIS,2005,11,21,0,26,18,1,2,73,240,0,16,12,0,209,0,32,0,6,1695
TAMIL NADU,PERAMBALUR,2005,34,34,0,38,38,1,12,57,380,0,63,37,9,691,3,51,0,21,2683
TAMIL NADU,PUDUKOTTAI,2005,29,33,0,28,68,0,10,78,536,0,199,22,18,306,4,55,0,51,3752
TAMIL NADU,RAMNATHAPURAM,2005,29,28,1,10,34,1,3,49,250,0,42,56,16,416,4,28,0,29,2894
TAMIL NADU,SALEM RURAL,2005,53,172,0,104,214,5,16,112,578,0,195,71,36,2590,14,218,0,154,6091
TAMIL NADU,SALEM URBAN,2005,17,8,0,8,24,0,1,34,532,0,2,97,1,121,6,9,0,18,4025
TAMIL NADU,SIVAGANGAI,2005,15,40,2,4,18,5,3,78,474,0,15,43,9,258,8,8,0,28,2400
TAMIL NADU,THANJAVUR,2005,63,55,0,18,90,1,7,155,1226,0,88,18,27,648,7,102,0,26,4095
TAMIL NADU,THENI,2005,29,51,0,6,34,0,2,79,456,0,38,72,12,413,2,50,0,19,3227
TAMIL NADU,THIRUNELVELI RURAL,2005,75,108,4,54,52,3,9,83,748,0,0,30,19,1267,5,123,0,48,5530
TAMIL NADU,THIRUNELVELI URBAN,2005,14,43,0,4,20,1,4,30,316,0,0,50,3,72,1,7,0,6,1191
TAMIL NADU,THIRUVALLUR,2005,27,19,1,30,42,4,7,77,382,0,58,12,5,1447,14,58,0,24,3061
TAMIL NADU,THIRUVANNAMALAI,2005,33,18,0,52,70,0,5,48,690,0,121,88,17,1330,5,17,0,53,2971
TAMIL NADU,THIRUVARUR,2005,16,20,0,8,22,1,2,65,468,0,31,23,13,1001,1,72,0,15,3064
TAMIL NADU,THOOTHUGUDI,2005,63,71,2,34,50,1,4,135,858,0,3,137,22,1376,3,10,0,59,4571
TAMIL NADU,TRICHY RLY.,2005,1,0,0,0,0,0,1,2,154,0,2,4,0,20,0,1,0,1,200
TAMIL NADU,TRICHY RURAL,2005,50,35,0,38,106,4,21,80,496,0,35,20,13,1084,7,12,0,43,3855
TAMIL NADU,TRICHY URBAN,2005,18,10,0,2,14,2,11,75,630,0,3,74,3,702,2,17,0,23,2935
TAMIL NADU,VELLORE,2005,49,32,2,45,74,1,12,151,1154,0,26,133,26,2229,12,54,0,28,6411
TAMIL NADU,VILUPPURAM,2005,68,83,3,98,98,1,13,102,612,0,250,21,36,468,9,50,0,59,5959
TAMIL NADU,VIRUDHUNAGAR,2005,31,43,0,38,116,2,16,96,1214,0,56,120,29,464,2,45,0,93,5228
TAMIL NADU,TOTAL,2005,1440,1759,28,1141,2058,73,437,3738,31702,0,2551,2694,495,31725,215,1764,0,1650,162360
TRIPURA,DHALAI,2005,12,5,0,30,42,9,5,19,44,0,30,2,2,47,1,13,0,29,328
TRIPURA,NORTH,2005,27,17,1,94,38,6,19,47,128,0,30,15,11,103,3,44,0,105,727
TRIPURA,SOUTH,2005,21,14,0,84,42,1,11,47,220,0,31,15,5,144,11,65,0,129,941
TRIPURA,WEST,2005,61,20,0,116,48,6,26,57,258,0,57,27,17,135,19,39,0,176,1360
TRIPURA,TOTAL,2005,121,56,1,324,170,22,61,170,650,0,148,59,35,429,34,161,0,439,3356
UTTAR PRADESH,AGRA,2005,115,126,34,58,240,12,71,169,2174,0,197,158,12,421,38,80,0,232,4799
UTTAR PRADESH,ALIGARH,2005,176,200,20,122,224,17,80,123,1770,0,226,189,62,337,43,38,0,226,4166
UTTAR PRADESH,ALLAHABAD,2005,144,118,48,34,134,4,48,198,974,0,120,162,25,284,40,30,0,117,3517
UTTAR PRADESH,AMBEDKAR NAGAR,2005,47,41,13,22,64,1,25,44,246,0,20,33,6,158,13,14,0,42,886
UTTAR PRADESH,AURAIYA,2005,55,44,5,18,72,9,26,31,144,0,31,21,12,162,22,15,0,26,962
UTTAR PRADESH,AZAMGARH,2005,84,91,21,20,68,7,68,85,370,0,109,64,5,286,27,26,0,156,2030
UTTAR PRADESH,BADAUN,2005,179,182,32,44,154,5,27,42,358,0,32,15,18,178,32,39,0,47,2003
UTTAR PRADESH,BAGHPAT,2005,83,69,7,26,66,6,31,23,256,0,55,30,0,129,10,15,0,74,1002
UTTAR PRADESH,BAHRAICH,2005,50,43,19,50,82,18,16,55,242,0,44,38,10,179,21,20,0,21,1164
UTTAR PRADESH,BALLIA,2005,36,52,21,4,16,3,14,51,190,0,67,28,5,142,12,7,0,11,863
UTTAR PRADESH,BALRAMPUR,2005,16,13,6,12,10,1,3,17,88,0,7,11,0,54,4,9,0,7,309
UTTAR PRADESH,BANDA,2005,65,34,16,32,32,1,13,39,184,0,29,51,7,87,22,32,0,12,1009
UTTAR PRADESH,BARABANKI,2005,49,66,12,60,70,7,22,79,394,0,44,11,3,220,21,29,0,59,1638
UTTAR PRADESH,BAREILLY,2005,224,209,32,96,214,16,66,119,1012,0,108,206,11,449,37,89,0,210,4020
UTTAR PRADESH,BASTI,2005,25,20,11,26,26,3,10,26,214,0,19,33,0,130,7,8,0,22,822
UTTAR PRADESH,BIJNOR,2005,62,51,15,44,70,4,20,36,430,0,31,70,2,74,26,26,0,60,1434
UTTAR PRADESH,BULANDSHAHAR,2005,198,124,20,66,162,5,54,57,694,0,65,61,10,305,41,62,0,106,2723
UTTAR PRADESH,CHANDOLI,2005,29,24,12,12,12,3,7,17,86,0,9,18,0,22,9,5,0,10,484
UTTAR PRADESH,CHITRAKOOT DHAM,2005,23,10,8,20,18,2,1,11,42,0,7,9,6,47,12,12,0,6,406
UTTAR PRADESH,DEORIA,2005,39,36,21,14,38,0,16,36,200,0,57,38,8,127,17,7,0,27,1060
UTTAR PRADESH,ETAH,2005,145,183,47,32,118,0,24,65,392,0,74,40,18,210,43,34,0,62,1941
UTTAR PRADESH,ETAWAH,2005,67,59,7,24,142,3,25,35,192,0,13,50,11,70,29,20,0,26,1604
UTTAR PRADESH,FAIZABAD,2005,55,43,13,22,70,1,21,66,270,0,35,30,6,144,15,13,0,48,1226
UTTAR PRADESH,FATEHGARH,2005,70,68,8,20,62,1,16,21,150,0,16,16,0,52,14,7,0,26,765
UTTAR PRADESH,FATEHPUR,2005,92,41,36,14,56,2,16,27,160,0,7,22,0,157,22,11,0,21,1142
UTTAR PRADESH,FIROZABAD,2005,122,117,34,34,142,5,55,58,716,0,52,35,6,312,48,16,0,57,2146
UTTAR PRADESH,G.R.P.,2005,15,16,2,6,8,11,32,4,2204,0,13,63,0,9,1,15,0,0,2002
UTTAR PRADESH,GAUTAMBUDH NAGAR,2005,69,58,15,36,102,7,41,88,1924,0,64,173,1,19,14,28,0,45,2169
UTTAR PRADESH,GHAZIABAD,2005,183,135,35,48,206,6,38,100,2774,0,52,277,2,75,33,26,0,147,4256
UTTAR PRADESH,GHAZIPUR,2005,48,45,16,4,16,1,27,43,204,0,68,35,6,156,19,7,0,35,872
UTTAR PRADESH,GONDA,2005,31,59,32,24,36,2,16,66,278,0,34,39,3,110,26,14,0,6,999
UTTAR PRADESH,GORAKHPUR,2005,94,67,41,48,58,6,39,120,734,0,104,61,0,266,16,22,0,18,2193
UTTAR PRADESH,HAMIRPUR,2005,48,26,23,18,28,0,3,29,106,0,19,9,0,49,6,17,0,10,631
UTTAR PRADESH,HARDOI,2005,91,52,46,62,90,1,24,48,418,0,21,63,1,311,25,51,0,47,1914
UTTAR PRADESH,HATHRAS,2005,65,88,11,24,58,7,41,49,552,0,92,33,2,176,20,34,0,86,1646
UTTAR PRADESH,J.P.NAGAR,2005,66,40,11,44,34,4,16,46,262,0,39,21,0,39,8,30,0,20,1132
UTTAR PRADESH,JALAUN,2005,59,33,12,6,28,2,10,31,170,0,17,17,4,5,21,13,0,17,1552
UTTAR PRADESH,JAUNPUR,2005,41,59,37,26,48,2,32,51,300,0,37,39,0,181,26,15,0,40,1301
UTTAR PRADESH,JHANSI,2005,50,19,27,6,22,3,15,27,252,0,16,44,6,56,13,14,0,38,870
UTTAR PRADESH,KANNAUJ,2005,61,55,16,10,76,2,11,31,168,0,22,33,4,22,10,20,0,62,930
UTTAR PRADESH,KANPUR DEHAT,2005,49,34,22,16,122,3,11,40,278,0,75,30,3,246,26,32,0,53,1454
UTTAR PRADESH,KANPUR NAGAR,2005,150,91,40,36,214,13,45,137,1606,0,94,218,5,261,51,43,0,205,3718
UTTAR PRADESH,KAUSHAMBI,2005,70,25,18,18,22,6,19,31,86,0,35,20,0,85,13,11,0,21,723
UTTAR PRADESH,KHIRI,2005,131,141,33,90,138,8,25,64,470,0,51,56,3,388,61,55,0,63,2257
UTTAR PRADESH,KUSHI NAGAR,2005,41,35,33,12,44,1,4,35,220,0,74,32,8,221,16,11,0,23,1106
UTTAR PRADESH,LALITPUR,2005,21,3,13,2,4,1,0,10,44,0,8,6,0,13,1,4,0,4,287
UTTAR PRADESH,LUCKNOW,2005,194,156,38,102,300,10,102,477,4680,0,244,432,1,64,44,71,0,281,8007
UTTAR PRADESH,MAHARAJGANJ,2005,30,13,17,18,30,0,10,30,96,0,30,22,0,87,9,14,0,6,563
UTTAR PRADESH,MAHOBA,2005,43,13,8,8,2,0,0,12,56,0,15,10,0,43,4,3,0,2,399
UTTAR PRADESH,MAINPURI,2005,111,121,18,10,82,7,28,38,278,0,61,29,0,193,22,8,0,17,1437
UTTAR PRADESH,MATHURA,2005,90,128,26,36,108,8,44,79,928,0,93,136,17,170,23,31,0,74,2532
UTTAR PRADESH,MAU,2005,34,41,17,10,16,0,20,49,154,0,81,31,3,88,10,10,0,29,784
UTTAR PRADESH,MEERUT,2005,199,208,16,74,278,18,110,195,2076,0,135,160,2,61,34,66,0,303,4347
UTTAR PRADESH,MIRZAPUR,2005,50,21,14,12,20,11,19,48,236,0,18,28,0,174,26,11,0,29,898
UTTAR PRADESH,MORADABAD,2005,168,169,29,104,196,15,65,106,1148,0,107,117,0,94,38,95,0,209,3499
UTTAR PRADESH,MUZAFFARNAGAR,2005,207,187,24,88,160,21,105,115,1212,0,131,104,0,12,20,46,0,156,3232
UTTAR PRADESH,PILIBHIT,2005,59,59,16,48,74,7,16,25,178,0,14,52,0,2,20,23,0,15,1238
UTTAR PRADESH,PRATAPGARH,2005,60,74,24,30,74,3,17,73,340,0,77,56,10,233,23,17,0,51,1439
UTTAR PRADESH,RAIBAREILLY,2005,72,81,21,52,82,5,25,57,494,0,63,33,4,320,18,47,0,167,1771
UTTAR PRADESH,RAMPUR,2005,69,57,14,34,66,6,12,42,338,0,44,88,3,24,13,22,0,4,1208
UTTAR PRADESH,SAHARANPUR,2005,84,117,20,30,62,2,34,75,748,0,87,178,0,31,19,35,0,119,2393
UTTAR PRADESH,SANT KABIRNAGAR,2005,16,12,2,6,32,1,10,25,100,0,25,5,1,65,6,2,0,11,408
UTTAR PRADESH,SHAHJAHANPUR,2005,139,120,14,52,110,8,33,46,372,0,35,53,5,149,25,40,0,22,1822
UTTAR PRADESH,SHRAWASTI,2005,21,14,9,12,26,10,9,25,72,0,9,7,1,64,6,5,0,8,337
UTTAR PRADESH,SIDHARTHNAGAR,2005,17,15,10,8,38,3,7,45,154,0,22,26,0,76,12,13,0,13,677
UTTAR PRADESH,SITAPUR,2005,142,627,43,102,178,5,57,104,942,0,70,109,36,391,70,72,0,142,3168
UTTAR PRADESH,SONBHADRA,2005,24,17,19,16,14,1,5,29,114,0,10,32,6,60,10,6,0,11,519
UTTAR PRADESH,ST.RAVIDASNAGAR,2005,17,21,7,2,4,5,13,41,142,0,25,20,3,75,8,3,0,31,484
UTTAR PRADESH,SULTANPUR,2005,57,88,36,32,66,3,21,71,424,0,20,20,0,185,14,14,0,38,1297
UTTAR PRADESH,UNNAO,2005,102,68,50,70,108,2,25,70,370,0,51,44,1,213,40,47,0,72,1768
UTTAR PRADESH,VARANASI,2005,73,65,27,16,68,2,38,99,740,0,50,56,14,81,19,8,0,44,1748
UTTAR PRADESH,TOTAL,2005,5711,5637,1520,2434,5910,375,2049,4556,41390,0,3926,4556,398,10379,1564,1835,0,4505,122108
UTTARAKHAND,ALMORA,2005,22,7,0,12,12,0,17,16,96,0,6,8,2,32,6,4,0,6,254
UTTARAKHAND,BAGESHWAR,2005,10,5,0,14,4,0,5,5,34,0,0,0,2,10,1,1,0,0,106
UTTARAKHAND,CHAMOLI,2005,9,4,2,8,10,0,1,44,34,0,14,1,1,15,6,3,0,1,248
UTTARAKHAND,CHAMPAWAT,2005,7,0,0,2,6,1,6,0,34,0,7,0,1,8,3,2,0,2,108
UTTARAKHAND,DEHRADUN,2005,42,39,5,46,90,3,24,123,892,0,108,167,6,63,8,13,0,86,1845
UTTARAKHAND,HARIDWAR,2005,65,56,5,64,108,18,41,88,910,0,66,90,6,351,7,20,0,73,1800
UTTARAKHAND,NAINITAL,2005,31,29,5,14,32,11,19,57,322,0,45,22,0,37,13,6,0,18,871
UTTARAKHAND,PAURI GARHWAL,2005,17,6,3,14,8,1,3,45,128,0,11,9,2,77,1,8,0,11,387
UTTARAKHAND,PITHORAGARH,2005,8,4,2,14,8,1,7,23,56,0,10,11,1,15,4,6,0,10,254
UTTARAKHAND,RUDRA PRAYAG,2005,11,4,2,4,8,2,3,24,22,0,7,1,3,11,3,5,0,0,137
UTTARAKHAND,TEHRI GARHWAL,2005,11,10,0,18,16,0,2,16,48,0,15,10,0,11,6,1,0,10,248
UTTARAKHAND,UDHAMSINGH NAGAR,2005,40,34,4,42,94,11,31,62,618,0,130,74,0,111,5,23,0,51,1561
UTTARAKHAND,UTTARKASHI,2005,6,4,2,14,10,0,0,18,66,0,14,3,0,4,0,8,0,4,214
UTTARAKHAND,TOTAL,2005,279,202,30,266,406,48,159,521,3260,0,433,396,24,745,63,100,0,272,8033
WEST BENGAL,24 PARGANAS NORTH,2005,168,70,38,434,422,214,39,78,3128,0,203,128,0,113,71,151,0,886,7958
WEST BENGAL,24 PARGANAS SOUTH,2005,131,8,39,272,236,259,21,237,2142,0,246,93,6,0,64,123,0,915,6724
WEST BENGAL,ASANSOL,2005,27,2,2,18,28,26,7,15,316,0,69,13,1,40,4,10,0,340,1217
WEST BENGAL,BANKURA,2005,53,6,10,86,54,30,28,13,560,0,72,25,7,173,22,54,0,149,1542
WEST BENGAL,BIRBHUM,2005,47,19,16,156,82,49,31,15,462,0,189,14,10,77,5,42,0,160,1680
WEST BENGAL,BURDWAN,2005,110,10,26,226,106,92,26,29,1064,0,209,62,6,98,40,56,0,230,4502
WEST BENGAL,COOCHBEHAR,2005,33,7,6,164,60,4,3,3,238,0,20,26,5,43,8,76,0,203,1277
WEST BENGAL,DAKSHIN DINAJPUR,2005,27,5,15,56,66,13,9,5,200,0,24,11,1,34,20,45,0,141,943
WEST BENGAL,DARJEELING,2005,50,4,18,78,34,44,7,4,666,0,23,9,6,207,1,39,0,81,1448
WEST BENGAL,HOOGHLY,2005,58,6,23,84,64,139,21,64,938,0,337,51,9,239,5,31,0,539,3270
WEST BENGAL,HOWRAH,2005,50,2,7,82,68,25,5,3,282,0,78,49,3,103,9,38,0,243,1658
WEST BENGAL,HOWRAH CITY,2005,31,4,11,40,42,88,30,8,970,0,63,67,2,168,9,18,0,157,2381
WEST BENGAL,HOWRAH G.R.P.,2005,7,6,2,0,16,98,1,0,562,0,12,22,0,8,0,4,0,0,569
WEST BENGAL,JALPAIGURI,2005,87,22,42,216,122,26,20,40,1424,0,53,11,3,254,15,103,0,237,2886
WEST BENGAL,KHARAGPUR G.R.P.,2005,2,0,2,2,2,4,2,0,218,0,3,1,0,3,0,3,0,0,150
WEST BENGAL,KOLKATA,2005,43,73,16,26,164,76,55,130,5278,0,183,935,0,1032,6,148,0,236,9391
WEST BENGAL,MALDA,2005,61,55,21,192,88,13,18,20,670,0,64,8,0,66,3,137,0,287,2241
WEST BENGAL,MURSHIDABAD,2005,115,23,46,472,242,26,18,17,1072,0,139,64,6,577,35,223,0,696,4052
WEST BENGAL,NADIA,2005,100,0,12,296,204,64,15,2,1544,0,233,44,4,628,48,95,0,545,4454
WEST BENGAL,PASCHIM MIDNAPUR,2005,79,38,14,184,90,43,27,35,706,0,184,30,7,54,21,57,0,300,2716
WEST BENGAL,PURAB MIDNAPUR,2005,42,19,17,108,108,51,8,8,438,0,155,46,4,17,34,28,0,325,2163
WEST BENGAL,PURULIA,2005,61,0,9,68,16,26,14,4,286,0,43,23,0,0,8,37,0,108,1034
WEST BENGAL,SEALDAH G.R.P.,2005,20,4,2,6,18,9,4,0,376,0,3,11,0,5,1,5,0,0,304
WEST BENGAL,SILIGURI G.R.P.,2005,2,0,1,0,4,1,1,0,196,0,0,0,0,0,0,2,0,0,141
WEST BENGAL,UTTAR DINAJPUR,2005,49,51,13,106,78,12,16,9,512,0,30,17,12,186,17,47,0,158,1705
WEST BENGAL,TOTAL,2005,1453,434,408,3372,2414,1432,426,739,24248,0,2635,1760,92,4125,446,1572,0,6936,66406
A & N ISLANDS,ANDAMAN,2005,14,3,3,8,4,0,4,67,176,0,4,13,6,77,0,10,0,5,666
A & N ISLANDS,NICOBAR,2005,0,0,0,0,0,0,0,1,8,0,0,0,0,2,0,1,0,0,16
A & N ISLANDS,TOTAL,2005,14,3,3,8,4,0,4,68,184,0,4,13,6,79,0,11,0,5,682
CHANDIGARH,CHANDIGARH,2005,18,15,4,66,108,2,12,223,2746,0,43,161,1,57,3,31,0,75,3133
CHANDIGARH,TOTAL,2005,18,15,4,66,108,2,12,223,2746,0,43,161,1,57,3,31,0,75,3133
D & N HAVELI,D AND N HAVELI,2005,7,5,0,10,26,3,2,25,148,0,18,10,1,33,0,5,0,5,434
D & N HAVELI,TOTAL,2005,7,5,0,10,26,3,2,25,148,0,18,10,1,33,0,5,0,5,434
DAMAN & DIU,DAMAN,2005,4,2,0,4,8,3,0,29,84,0,16,2,1,12,1,1,0,1,193
DAMAN & DIU,DIU,2005,1,0,0,0,0,1,0,8,16,0,3,1,0,4,0,0,0,2,50
DAMAN & DIU,TOTAL,2005,5,2,0,4,8,4,0,37,100,0,19,3,1,16,1,1,0,3,243
DELHI UT,CENTRAL,2005,23,28,3,40,104,10,20,57,2384,0,1,164,5,182,4,40,0,48,3529
DELHI UT,DELHI UT TOTAL,2005,455,467,64,1316,3180,184,510,2093,35910,0,61,2378,47,1814,114,762,0,1324,56065
DELHI UT,EAST,2005,31,38,2,118,306,29,58,187,4060,0,8,140,1,255,12,105,0,178,5453
DELHI UT,G.R.P.(RLY),2005,16,4,1,4,8,1,6,2,2106,0,1,15,2,9,1,5,0,0,1201
DELHI UT,IGI AIRPORT,2005,1,0,0,2,8,0,2,0,160,0,0,612,0,3,0,1,0,0,816
DELHI UT,NEW DELHI,2005,10,11,3,12,38,2,13,42,1606,0,9,236,1,40,2,26,0,9,2295
DELHI UT,NORTH,2005,24,23,1,44,156,18,34,86,1800,0,5,140,3,122,2,45,0,96,3306
DELHI UT,NORTH-EAST,2005,51,63,8,212,424,28,60,186,2532,0,6,124,4,258,29,79,0,140,4849
DELHI UT,NORTH-WEST,2005,128,121,18,380,1144,28,124,543,5210,0,13,184,6,333,23,138,0,324,11019
DELHI UT,SOUTH,2005,67,63,6,174,462,38,93,287,8208,0,8,362,4,214,19,151,0,188,10529
DELHI UT,SOUTH-WEST,2005,47,51,10,142,228,15,51,378,3102,0,9,177,11,112,12,86,0,114,5762
DELHI UT,SPL CELL,2005,0,10,0,0,0,1,0,0,2,0,0,45,0,0,0,0,0,0,89
DELHI UT,WEST,2005,57,55,12,188,302,14,49,325,4740,0,1,179,10,286,10,86,0,227,7217
LAKSHADWEEP,LAKSHADWEEP,2005,1,0,0,0,0,0,0,2,14,0,6,0,0,4,0,0,0,0,42
LAKSHADWEEP,TOTAL,2005,1,0,0,0,0,0,0,2,14,0,6,0,0,4,0,0,0,0,42
PUDUCHERRY,PONDICHERRY,2005,19,24,8,12,12,1,5,67,932,0,159,41,9,857,4,60,0,6,4575
PUDUCHERRY,TOTAL,2005,19,24,8,12,12,1,5,67,932,0,159,41,9,857,4,60,0,6,4575
ANDHRA PRADESH,ADILABAD,2006,99,88,14,128,192,10,17,228,780,0,102,194,34,1447,22,185,0,423,6122
ANDHRA PRADESH,ANANTAPUR,2006,184,116,0,32,134,13,28,223,1032,0,176,86,41,1132,16,187,0,189,5090
ANDHRA PRADESH,CHITTOOR,2006,126,59,1,62,130,13,19,238,2074,0,95,181,22,996,18,123,0,249,6440
ANDHRA PRADESH,CUDDAPAH,2006,98,0,3,50,136,4,15,157,754,0,148,184,32,985,10,130,0,199,5298
ANDHRA PRADESH,CYBERABAD,2006,193,92,11,120,332,14,86,1321,4678,0,49,1275,43,3871,50,132,0,837,14226
ANDHRA PRADESH,EAST GODAVARI,2006,85,116,2,82,162,5,29,520,2770,0,89,319,39,3456,25,173,0,465,9056
ANDHRA PRADESH,GUNTAKAL RLY.,2006,7,0,0,0,2,4,5,0,280,0,0,1,0,7,0,2,0,3,221
ANDHRA PRADESH,GUNTUR,2006,155,119,4,94,198,3,19,303,2698,0,139,507,73,1974,15,281,0,427,9080
ANDHRA PRADESH,HYDERABAD CITY,2006,125,116,6,186,286,12,99,1186,8816,0,128,1777,26,4581,29,189,0,1160,17295
ANDHRA PRADESH,KARIMNAGAR,2006,147,103,8,146,302,3,22,225,1398,0,117,481,45,1775,47,371,0,698,8141
ANDHRA PRADESH,KHAMMAM,2006,134,59,2,88,182,11,19,218,1162,0,183,157,19,1202,17,171,0,327,5961
ANDHRA PRADESH,KRISHNA,2006,73,60,1,72,108,1,2,182,1080,0,32,126,60,2423,9,168,0,296,5267
ANDHRA PRADESH,KURNOOL,2006,132,101,1,70,170,6,6,223,716,0,158,143,33,1268,9,341,0,157,5823
ANDHRA PRADESH,MAHABOOBNAGAR,2006,191,75,17,134,146,9,28,190,1476,0,125,169,53,2088,33,201,0,287,6320
ANDHRA PRADESH,MEDAK,2006,134,69,9,114,126,5,28,289,1116,0,72,218,72,2057,33,107,0,276,5602
ANDHRA PRADESH,NALGONDA,2006,132,47,4,122,172,14,31,209,1042,0,208,247,73,1853,40,246,0,395,7933
ANDHRA PRADESH,NELLORE,2006,78,74,5,70,138,8,21,192,1328,0,97,152,68,2265,10,192,0,294,5805
ANDHRA PRADESH,NIZAMABAD,2006,110,83,11,72,142,18,43,329,1186,0,139,208,28,2127,18,115,0,431,5812
ANDHRA PRADESH,PRAKASHAM,2006,92,111,3,46,166,5,30,279,1118,0,99,266,30,1807,8,200,0,249,5776
ANDHRA PRADESH,RANGA REDDY,2006,57,26,5,18,58,0,7,85,252,0,33,52,37,918,15,50,0,67,2028
ANDHRA PRADESH,SECUNDERABAD RLY.,2006,11,0,0,4,6,2,8,0,444,0,0,7,0,8,2,0,0,1,311
ANDHRA PRADESH,SRIKAKULAM,2006,46,0,6,54,42,0,2,119,428,0,71,69,26,1184,3,70,0,188,3016
ANDHRA PRADESH,VIJAYAWADA CITY,2006,43,50,6,41,172,3,34,392,2990,0,11,410,10,1619,8,135,0,336,5862
ANDHRA PRADESH,VIJAYAWADA RLY.,2006,2,1,0,0,0,1,2,0,518,0,2,2,0,14,0,5,0,0,339
ANDHRA PRADESH,VISAKHA RURAL,2006,65,29,1,12,22,5,6,96,362,0,49,83,27,1613,4,45,0,158,3235
ANDHRA PRADESH,VISAKHAPATNAM,2006,37,30,1,42,98,4,27,417,2242,0,28,261,8,540,10,62,0,397,5478
ANDHRA PRADESH,VIZIANAGARAM,2006,35,17,0,32,40,6,8,89,342,0,50,57,8,549,5,69,0,171,2955
ANDHRA PRADESH,WARANGAL,2006,116,89,2,100,206,1,19,319,1436,0,464,290,70,1743,40,230,0,480,7879
ANDHRA PRADESH,WEST GODAVARI,2006,59,130,0,106,192,1,19,275,2502,0,52,441,35,2444,23,354,0,4,7538
ANDHRA PRADESH,TOTAL,2006,2766,1860,123,2097,4060,181,679,8304,47020,0,2916,8363,1012,47946,519,4534,0,9164,173909
ARUNACHAL PRADESH,CHANGLANG,2006,3,3,1,8,8,3,4,21,58,0,0,6,1,20,0,0,0,2,153
ARUNACHAL PRADESH,DIBANG VALLEY,2006,2,5,0,4,4,4,6,14,36,0,1,2,1,30,0,1,0,0,135
ARUNACHAL PRADESH,K/KUMEY,2006,5,1,0,4,6,0,0,5,6,0,0,1,0,3,0,0,0,0,36
ARUNACHAL PRADESH,KAMENG EAST,2006,3,0,0,2,6,0,2,17,30,0,0,2,0,38,0,2,0,0,124
ARUNACHAL PRADESH,KAMENG WEST,2006,4,1,0,4,4,0,6,18,28,0,2,3,1,19,0,3,0,0,113
ARUNACHAL PRADESH,LOHIT,2006,9,0,0,6,20,4,12,15,76,0,0,0,3,26,0,3,0,1,173
ARUNACHAL PRADESH,PAPUM PARE,2006,10,11,1,10,40,7,18,73,276,0,1,7,1,84,0,14,0,2,556
ARUNACHAL PRADESH,SIANG EAST,2006,2,8,0,14,12,5,12,30,108,0,0,1,1,52,0,11,0,1,245
ARUNACHAL PRADESH,SIANG UPPER,2006,1,0,0,4,4,0,0,9,36,0,0,3,4,18,0,6,0,1,85
ARUNACHAL PRADESH,SIANG WEST,2006,6,1,1,0,14,1,3,17,110,0,0,6,5,48,0,13,0,4,250
ARUNACHAL PRADESH,SUBANSIRI LOWER,2006,4,1,0,6,10,1,6,5,44,0,2,1,1,22,0,3,0,0,111
ARUNACHAL PRADESH,SUBANSIRI UPPER,2006,4,0,0,4,8,0,3,12,40,0,0,6,2,28,0,6,0,3,152
ARUNACHAL PRADESH,TAWANG,2006,0,0,0,0,0,1,0,7,26,0,0,0,0,6,0,1,0,0,49
ARUNACHAL PRADESH,TIRAP,2006,7,2,0,8,14,2,2,12,22,0,0,0,0,19,1,0,0,0,99
ARUNACHAL PRADESH,UPPER DIBANG VALLEY,2006,0,0,0,0,0,0,0,2,6,0,0,0,0,2,0,0,0,0,13
ARUNACHAL PRADESH,TOTAL,2006,60,33,3,74,150,28,74,257,902,0,6,38,20,415,1,63,0,14,2294
ASSAM,BARPETA,2006,57,3,0,116,150,23,19,128,354,0,153,43,10,104,4,18,0,116,1877
ASSAM,BASKA,2006,25,5,0,28,48,3,7,10,50,0,2,2,7,92,1,26,0,12,360
ASSAM,BONGAIGAON,2006,15,1,0,26,38,8,9,39,116,0,30,1,9,47,0,20,0,28,652
ASSAM,C.I.D.,2006,0,0,0,0,2,0,0,0,2,0,0,6,0,0,0,0,0,0,18
ASSAM,CACHAR,2006,58,18,0,120,258,45,19,157,974,0,252,25,46,217,5,181,0,306,3817
ASSAM,CHIRANG,2006,39,4,4,60,52,6,2,47,144,0,77,13,11,68,0,34,0,58,612
ASSAM,DARRANG,2006,25,14,0,140,106,12,12,79,342,0,48,28,10,207,2,109,0,75,1391
ASSAM,DHEMAJI,2006,23,33,1,116,90,3,11,26,300,0,43,24,8,196,1,28,0,94,1025
ASSAM,DHUBRI,2006,40,37,0,230,236,21,20,98,348,0,564,95,24,373,7,132,0,217,2629
ASSAM,DIBRUGARH,2006,104,25,4,106,130,4,41,106,838,0,59,46,33,391,4,48,0,44,2069
ASSAM,G.R.P.,2006,6,0,0,2,2,3,10,7,362,0,19,1,0,0,0,0,0,0,355
ASSAM,GOALPARA,2006,23,9,4,110,80,18,9,64,174,0,31,19,19,129,4,45,0,151,1063
ASSAM,GOLAGHAT,2006,72,24,4,126,182,3,25,72,554,0,8,32,18,353,1,44,0,76,1500
ASSAM,GUWAHATI CITY,2006,60,43,4,66,302,10,130,461,3644,0,169,200,37,374,6,180,0,150,4992
ASSAM,HAILAKANDI,2006,18,1,1,46,112,6,2,52,198,0,145,19,19,32,1,9,0,49,948
ASSAM,JORHAT,2006,37,6,0,60,108,3,23,81,506,0,27,28,18,330,0,40,0,56,1463
ASSAM,KAMRUP,2006,43,3,0,74,160,25,25,107,274,0,64,34,8,17,10,58,0,115,1205
ASSAM,KARBI ANGLONG,2006,42,14,1,28,80,5,16,21,304,0,37,6,9,43,2,9,0,11,693
ASSAM,KARIMGANJ,2006,38,22,2,88,92,13,5,81,396,0,215,10,16,112,4,3,0,74,1153
ASSAM,KOKRAJHAR,2006,38,14,0,58,94,4,11,47,210,0,48,16,8,279,14,26,0,69,961
ASSAM,LAKHIMPUR,2006,43,4,0,158,192,1,3,70,392,0,125,67,15,328,6,38,0,110,1642
ASSAM,MORIGAON,2006,27,3,1,116,112,3,10,44,224,0,81,19,11,201,10,72,0,60,1194
ASSAM,N.C.HILLS,2006,18,11,0,8,28,6,2,10,54,0,11,2,2,23,0,3,0,24,221
ASSAM,NAGAON,2006,83,33,2,266,358,58,56,278,732,0,260,51,62,515,8,10,0,278,3546
ASSAM,NALBARI,2006,24,21,0,34,66,9,9,63,148,0,14,5,16,229,1,32,0,24,844
ASSAM,R.P.O.,2006,5,0,0,6,10,4,1,0,18,0,10,0,0,0,0,0,0,0,86
ASSAM,SIBSAGAR,2006,77,30,3,108,158,2,24,94,756,0,67,42,26,234,3,65,0,133,1978
ASSAM,SONITPUR,2006,88,16,1,112,216,8,25,148,780,0,96,43,15,178,7,7,0,155,2156
ASSAM,TINSUKIA,2006,48,13,0,46,114,11,13,486,2288,0,13,19,17,144,3,20,0,47,2660
ASSAM,UDALGURI,2006,31,7,0,34,74,14,5,35,158,0,16,9,14,74,1,33,0,16,563
ASSAM,TOTAL,2006,1207,414,32,2488,3650,331,544,2911,15640,0,2684,905,488,5290,105,1290,0,2548,43673
BIHAR,ARARIA,2006,63,37,5,84,208,43,51,34,334,0,400,93,14,54,19,10,0,52,2611
BIHAR,ARWAL,2006,22,53,0,0,18,2,7,14,112,0,45,9,9,160,9,20,0,5,562
BIHAR,AURANGABAD,2006,82,175,0,36,84,23,34,104,512,0,208,12,16,701,23,5,0,35,2230
BIHAR,BAGAHA,2006,45,12,4,54,88,10,8,13,312,0,73,35,10,303,5,7,0,13,1156
BIHAR,BANKA,2006,77,12,6,140,82,23,19,67,216,0,256,27,15,2,21,2,0,18,1526
BIHAR,BEGUSARAI,2006,111,225,5,46,138,14,62,78,630,0,245,133,20,465,36,16,0,55,2884
BIHAR,BETTIAH,2006,74,105,5,98,220,15,42,86,628,0,238,122,39,1429,23,24,0,40,3058
BIHAR,BHABHUA,2006,53,16,2,44,70,33,17,64,396,0,133,22,28,69,19,5,0,17,1422
BIHAR,BHAGALPUR,2006,119,94,7,86,166,14,50,157,852,0,273,90,12,352,19,19,0,22,3552
BIHAR,BHOJPUR,2006,127,235,0,34,114,32,57,85,628,0,254,37,57,524,26,18,0,81,3143
BIHAR,BUXAR,2006,46,67,0,20,96,32,34,59,540,0,255,47,27,406,25,12,0,67,1663
BIHAR,DARBHANGA,2006,70,74,6,148,136,27,26,73,540,0,191,93,37,87,33,54,0,76,3235
BIHAR,GAYA,2006,158,178,28,50,136,109,100,128,886,0,326,39,92,498,168,0,0,9,3424
BIHAR,GOPALGANJ,2006,72,46,10,46,110,27,40,77,412,0,188,42,3,55,32,16,0,94,2357
BIHAR,JAMALPUR RLY.,2006,4,0,0,0,0,8,5,0,200,0,4,1,0,0,0,0,0,0,168
BIHAR,JAMUI,2006,69,82,12,58,56,29,61,42,224,0,166,18,19,179,15,7,0,19,1556
BIHAR,JEHANABAD,2006,39,14,1,20,40,16,15,22,192,0,71,12,6,22,15,5,0,5,1087
BIHAR,KATIHAR,2006,59,46,3,164,114,9,10,50,300,0,114,37,14,245,35,33,0,29,1757
BIHAR,KATIHAR RLY.,2006,10,0,0,6,12,10,8,7,556,0,10,16,0,0,1,1,0,0,503
BIHAR,KHAGARIA,2006,53,148,1,44,94,15,31,10,260,0,224,6,5,190,15,6,0,12,1712
BIHAR,KISHANGANJ,2006,20,3,1,162,168,8,9,39,158,0,110,44,0,90,9,0,0,57,1086
BIHAR,LAKHISARAI,2006,48,111,6,24,60,6,14,22,130,0,67,18,8,70,14,10,0,5,971
BIHAR,MADHEPURA,2006,60,24,2,20,32,16,41,18,222,0,123,11,15,102,12,4,0,7,1172
BIHAR,MADHUBANI,2006,62,89,10,116,152,73,31,122,188,0,358,12,0,0,10,14,0,14,1196
BIHAR,MOTIHARI,2006,119,142,13,44,200,48,56,162,872,0,368,64,25,985,51,11,0,37,4246
BIHAR,MUNGER,2006,73,35,1,26,106,20,47,44,394,0,208,56,10,284,7,10,0,40,1846
BIHAR,MUZAFFARPUR,2006,134,24,6,96,296,52,104,283,1860,0,413,203,33,673,65,7,0,75,5484
BIHAR,MUZAFFARPUR RLY.,2006,20,3,1,6,28,18,23,13,704,0,12,22,0,21,0,1,0,3,709
BIHAR,NALANDA,2006,143,91,7,62,152,32,57,79,696,0,184,58,14,813,63,45,0,90,2973
BIHAR,NAUGACHIA,2006,36,13,0,16,24,4,15,17,86,0,118,11,0,10,1,0,0,17,914
BIHAR,NAWADAH,2006,80,131,3,40,72,12,24,68,224,0,170,35,15,239,24,9,0,18,1566
BIHAR,PATNA,2006,338,88,83,108,618,100,535,665,3116,0,440,265,8,53,54,13,0,239,12736
BIHAR,PATNA RLY.,2006,16,15,3,2,14,19,30,1,1242,0,7,21,0,0,3,7,0,1,972
BIHAR,PURNEA,2006,57,23,5,82,88,22,70,60,458,0,136,18,7,9,14,5,0,13,2403
BIHAR,ROHTAS,2006,102,88,5,34,90,17,37,137,564,0,136,19,30,744,36,9,0,25,3038
BIHAR,SAHARSA,2006,44,97,2,66,82,2,35,50,212,0,240,71,15,138,12,21,0,24,1787
BIHAR,SAMASTIPUR,2006,102,195,37,106,218,41,50,83,742,0,293,39,41,295,47,11,0,33,3333
BIHAR,SARAN,2006,134,290,18,96,208,43,80,135,636,0,228,126,32,1324,74,49,0,102,3526
BIHAR,SHEIKHPURA,2006,24,8,4,10,18,7,16,12,136,0,75,22,3,8,11,4,0,18,590
BIHAR,SHEOHAR,2006,16,28,1,4,38,3,3,8,72,0,78,13,4,32,3,2,0,18,488
BIHAR,SITAMARHI,2006,45,30,4,54,122,36,33,85,482,0,190,25,23,286,13,19,0,76,2548
BIHAR,SIWAN,2006,93,72,8,36,206,39,99,89,448,0,173,61,20,243,41,12,0,75,2438
BIHAR,SUPAUL,2006,31,45,2,48,62,8,24,26,180,0,175,14,4,30,8,0,0,10,1302
BIHAR,VAISHALI,2006,99,39,9,28,202,24,59,143,952,0,283,52,55,484,77,7,0,43,3735
BIHAR,TOTAL,2006,3249,3303,326,2464,5238,1141,2169,3531,23504,0,8259,2171,785,12674,1188,530,0,1689,100665
CHHATTISGARH,BALRAMPUR,2006,38,23,0,90,2,11,16,41,42,0,19,6,3,170,0,40,0,9,603
CHHATTISGARH,BILASPUR,2006,95,62,1,136,54,5,55,492,1402,0,147,52,25,1301,23,192,0,120,5301
CHHATTISGARH,BIZAPUR,2006,139,181,1,12,14,45,2,3,14,0,19,7,11,17,0,3,0,1,522
CHHATTISGARH,DANTEWARA,2006,88,85,0,28,32,17,1,65,110,0,28,5,18,47,1,11,0,4,784
CHHATTISGARH,DHAMTARI,2006,21,11,0,54,8,0,5,116,258,0,32,18,6,103,0,62,0,16,1463
CHHATTISGARH,DURG,2006,71,54,6,216,66,6,63,484,1760,0,51,116,29,753,19,241,0,102,6938
CHHATTISGARH,GRP RAIPUR,2006,4,1,0,2,0,1,6,9,460,0,1,0,0,19,0,3,0,3,386
CHHATTISGARH,JAGDALPUR,2006,62,38,0,142,28,10,19,191,312,0,61,12,8,220,4,55,0,18,2197
CHHATTISGARH,JANJGIR,2006,47,43,0,80,24,2,22,232,510,0,104,29,8,243,10,109,0,90,2851
CHHATTISGARH,JASHPUR,2006,47,10,1,124,16,7,32,60,132,0,20,12,12,148,1,46,0,11,974
CHHATTISGARH,KABIRDHAM,2006,14,10,0,72,2,0,3,75,176,0,15,4,6,408,1,67,0,35,1171
CHHATTISGARH,KANKER,2006,36,40,1,46,18,10,13,65,168,0,33,5,11,60,2,20,0,13,1017
CHHATTISGARH,KORBA,2006,43,17,0,80,10,12,25,145,594,0,44,29,5,480,5,86,0,27,2311
CHHATTISGARH,KORIYA,2006,35,27,0,102,14,11,12,126,206,0,14,12,15,432,0,64,0,27,1368
CHHATTISGARH,MAHASAMUND,2006,21,16,0,64,6,4,12,131,396,0,21,16,7,202,2,64,0,20,1517
CHHATTISGARH,NARAYANPUR,2006,23,43,0,4,10,1,1,3,10,0,0,0,6,21,0,3,0,0,156
CHHATTISGARH,RAIGARH,2006,54,21,0,76,14,17,23,213,716,0,67,17,18,348,4,92,0,22,2369
CHHATTISGARH,RAIPUR,2006,106,66,2,260,108,6,48,662,2310,0,126,97,39,1374,25,228,0,98,7932
CHHATTISGARH,RAJNANDGAON,2006,50,31,1,138,20,2,19,168,462,0,24,24,13,96,5,83,0,40,2569
CHHATTISGARH,SARGUJA,2006,56,26,2,150,22,8,38,114,296,0,37,27,7,100,0,72,0,29,1566
CHHATTISGARH,SURAJPUR,2006,48,20,0,114,10,9,24,112,190,0,42,19,15,180,1,57,0,32,1182
CHHATTISGARH,TOTAL,2006,1098,825,15,1990,478,184,439,3507,10524,0,905,507,262,6722,103,1598,0,717,45177
GOA,NORTH GOA,2006,24,8,1,16,18,3,10,151,576,0,27,28,9,98,0,8,0,8,1199
GOA,SOUTH GOA,2006,15,9,0,26,14,4,7,101,412,0,36,27,29,72,0,10,0,6,1005
GOA,TOTAL,2006,39,17,1,42,32,7,17,252,988,0,63,55,38,170,0,18,0,14,2204
GUJARAT,AHMEDABAD COMMR.,2006,99,60,7,92,364,26,172,802,10776,0,128,297,5,1371,4,72,0,956,19238
GUJARAT,AHMEDABAD RURAL,2006,47,4,1,20,56,10,28,82,546,0,39,14,15,285,0,31,0,92,3020
GUJARAT,AHWA-DANG,2006,7,1,0,6,0,2,1,2,32,0,11,1,2,22,0,6,0,11,280
GUJARAT,AMRELI,2006,20,11,3,30,62,2,14,109,338,0,30,17,7,312,3,20,0,112,2432
GUJARAT,ANAND,2006,26,6,1,28,66,7,11,114,734,0,13,12,14,295,0,30,0,141,3053
GUJARAT,BHARUCH,2006,37,9,1,14,14,10,8,121,624,0,18,13,15,269,0,8,0,66,2618
GUJARAT,BHAVNAGAR,2006,59,40,1,52,256,47,170,457,2694,0,155,188,30,99,7,101,0,285,8457
GUJARAT,DAHOD,2006,30,18,0,0,42,16,23,50,164,0,27,8,14,188,0,11,0,39,1725
GUJARAT,GANDHINAGAR,2006,23,13,0,28,48,6,17,102,806,0,39,36,6,234,0,17,0,119,2841
GUJARAT,HIMATNAGAR,2006,35,4,2,22,64,7,13,115,422,0,41,26,12,235,0,25,0,151,6525
GUJARAT,JAMNAGAR,2006,29,11,0,26,42,5,22,180,722,0,37,23,11,386,0,14,0,206,3903
GUJARAT,JUNAGADH,2006,54,19,0,12,104,15,34,185,940,0,80,33,12,495,3,38,0,415,4683
GUJARAT,KHEDA NORTH,2006,37,9,0,34,72,12,9,148,666,0,47,45,12,315,0,22,0,204,4550
GUJARAT,KUTCH,2006,39,23,0,38,104,18,55,315,1064,0,63,48,18,405,3,37,0,343,6007
GUJARAT,MEHSANA,2006,24,22,0,12,82,14,52,274,1234,0,76,70,12,491,3,28,0,219,4649
GUJARAT,NARMADA,2006,11,8,0,4,12,2,1,25,60,0,10,3,4,100,0,6,0,10,643
GUJARAT,NAVSARI,2006,16,6,0,4,16,2,5,76,212,0,17,12,2,68,0,4,0,38,1177
GUJARAT,PALANPUR,2006,42,18,0,44,74,7,21,150,838,0,54,15,11,1292,1,43,0,188,5018
GUJARAT,PANCHMAHAL,2006,62,13,0,12,88,5,19,115,410,0,37,24,20,300,0,24,0,101,3421
GUJARAT,PATAN,2006,14,9,1,20,26,9,6,103,788,0,54,16,6,311,0,25,0,147,2679
GUJARAT,PORBANDAR,2006,9,5,0,4,14,0,6,42,148,0,5,6,3,112,1,1,0,45,954
GUJARAT,RAJKOT COMMR.,2006,29,15,0,8,52,1,26,260,1436,0,46,39,3,369,1,5,0,165,3489
GUJARAT,RAJKOT RURAL,2006,42,20,3,42,74,10,31,259,774,0,41,17,16,427,1,34,0,300,4167
GUJARAT,SURAT COMMR.,2006,103,30,1,62,260,17,72,500,4412,0,145,258,10,759,22,46,0,249,8659
GUJARAT,SURAT RURAL,2006,71,7,0,22,22,11,15,75,340,0,21,21,6,275,0,11,0,40,2366
GUJARAT,SURENDRANAGAR,2006,30,15,0,34,46,6,20,118,518,0,55,8,6,381,1,34,0,81,2748
GUJARAT,VADODARA COMMR.,2006,32,34,2,12,108,8,35,482,2638,0,147,199,31,316,0,17,0,181,5672
GUJARAT,VADODARA RURAL,2006,82,19,0,20,40,7,13,81,342,0,37,14,14,354,0,10,0,39,2616
GUJARAT,VALSAD,2006,43,17,0,2,36,16,13,167,536,0,41,22,4,173,0,10,0,32,2066
GUJARAT,W.RLY,2006,13,5,1,4,12,4,58,21,1736,0,20,44,0,46,0,6,0,2,1316
GUJARAT,TOTAL,2006,1165,471,24,708,2256,302,970,5530,36950,0,1534,1529,321,10685,50,736,0,4977,120972
HARYANA,AMBALA,2006,39,12,2,38,44,13,18,308,876,0,3,141,8,264,9,26,0,174,2666
HARYANA,BHIWANI,2006,45,29,0,70,68,13,21,180,812,0,159,93,17,303,19,38,0,100,2519
HARYANA,FARIDABAD,2006,58,45,7,80,172,37,36,369,2482,0,138,45,11,244,14,35,0,146,4682
HARYANA,FATEHABAD,2006,23,15,4,36,40,1,7,122,342,0,22,78,6,229,6,17,0,83,1430
HARYANA,GRP,2006,20,4,1,2,2,3,6,0,534,0,7,10,0,15,6,6,0,0,859
HARYANA,GURGAON,2006,93,63,4,60,140,63,69,560,4180,0,99,168,11,163,20,32,0,89,5528
HARYANA,HISSAR,2006,58,58,3,46,62,10,21,223,1034,0,51,109,7,416,17,19,0,158,3117
HARYANA,JHAJJAR,2006,51,34,0,30,20,1,19,98,370,0,45,33,5,162,16,14,0,58,1257
HARYANA,JIND,2006,42,27,6,64,30,13,6,107,510,0,103,38,7,161,13,17,0,53,1634
HARYANA,KAITHAL,2006,24,11,1,50,28,9,18,127,560,0,0,18,5,196,9,14,0,149,1554
HARYANA,KARNAL,2006,32,29,6,102,80,17,21,238,1406,0,60,133,15,790,13,35,0,214,3143
HARYANA,KURUKSHETRA,2006,24,19,4,68,48,6,15,213,1066,0,3,68,10,226,5,10,0,116,2500
HARYANA,MAHENDRAGARH,2006,28,12,2,34,52,7,7,95,362,0,90,16,9,147,10,32,0,41,1853
HARYANA,MEWAT,2006,16,26,3,70,28,39,6,27,382,0,91,43,7,176,8,24,0,124,1569
HARYANA,PALWAL,2006,33,24,1,52,46,9,27,73,466,0,69,52,2,143,5,21,0,47,1523
HARYANA,PANCHKULA,2006,14,6,0,20,30,0,9,119,444,0,2,23,0,45,2,13,0,63,1350
HARYANA,PANIPAT,2006,46,25,6,130,92,35,17,210,1334,0,70,20,0,198,19,18,0,104,2500
HARYANA,REWARI,2006,32,26,2,42,30,13,23,164,556,0,52,40,8,159,4,23,0,51,2003
HARYANA,ROHTAK,2006,62,36,0,68,46,10,19,243,942,0,43,110,2,189,22,13,0,80,2226
HARYANA,SIRSA,2006,37,28,2,36,22,9,13,171,526,0,23,38,6,348,4,14,0,129,1847
HARYANA,SONIPAT,2006,69,39,3,62,134,20,27,185,1092,0,12,107,14,331,26,46,0,165,2940
HARYANA,YAMUNANAGAR,2006,27,17,2,56,56,0,5,169,760,0,0,41,6,230,8,19,0,110,1809
HARYANA,TOTAL,2006,873,585,59,1216,1270,328,410,4001,21036,0,1142,1424,156,5135,255,486,0,2254,50509
HIMACHAL PRADESH,BILASPUR,2006,6,9,1,22,8,1,3,42,120,0,35,7,19,46,0,27,0,23,1192
HIMACHAL PRADESH,CHAMBA,2006,14,4,0,8,24,0,0,108,78,0,9,1,6,48,0,18,0,3,592
HIMACHAL PRADESH,G.R.P.,2006,0,0,0,0,0,0,1,1,0,0,0,0,0,0,0,0,0,0,6
HIMACHAL PRADESH,HAMIRPUR,2006,10,4,1,2,8,0,0,55,96,0,28,18,15,239,0,18,0,34,1088
HIMACHAL PRADESH,KANGRA,2006,19,19,3,24,50,2,1,91,226,0,116,31,21,161,0,34,0,57,2128
HIMACHAL PRADESH,KINNAUR,2006,2,0,0,4,10,0,0,27,24,0,21,0,2,12,0,2,0,3,231
HIMACHAL PRADESH,KULLU,2006,5,4,3,20,18,0,7,57,124,0,55,6,8,46,0,24,0,16,836
HIMACHAL PRADESH,LAHAUL-SPITI,2006,1,0,0,0,2,0,1,2,4,0,1,0,2,5,0,0,0,1,58
HIMACHAL PRADESH,MANDI,2006,12,6,0,36,24,0,3,61,156,0,37,7,13,163,0,51,0,27,1892
HIMACHAL PRADESH,SHIMLA,2006,16,13,0,68,56,2,11,134,352,0,88,20,15,74,0,39,0,30,1997
HIMACHAL PRADESH,SIRMAUR,2006,10,9,1,6,12,1,0,32,126,0,73,17,5,51,1,23,0,26,766
HIMACHAL PRADESH,SOLAN,2006,10,3,4,18,36,1,2,80,174,0,75,14,5,318,1,28,0,21,1442
HIMACHAL PRADESH,UNA,2006,6,7,7,18,12,0,0,64,144,0,28,8,4,98,1,11,0,18,865
HIMACHAL PRADESH,TOTAL,2006,111,78,20,226,260,7,29,754,1624,0,566,129,115,1261,3,275,0,259,13093
JAMMU & KASHMIR,ANANTNAG,2006,23,29,3,44,176,1,12,165,234,0,103,34,8,44,0,34,0,0,1511
JAMMU & KASHMIR,AWANTIPORA,2006,19,5,0,18,24,1,8,29,30,0,12,9,0,0,0,25,0,0,334
JAMMU & KASHMIR,BARAMULLA,2006,63,115,3,30,222,1,10,140,250,0,120,18,14,11,0,153,0,1,1666
JAMMU & KASHMIR,BORDER DISTRICT,2006,9,15,0,12,24,0,0,16,64,0,21,5,2,16,1,3,0,4,555
JAMMU & KASHMIR,BUDGAM,2006,12,31,3,10,108,0,8,82,368,0,129,11,5,1,0,121,0,1,1153
JAMMU & KASHMIR,CRIME JAMMU,2006,3,0,0,0,0,0,0,0,0,0,0,22,0,0,0,0,0,0,26
JAMMU & KASHMIR,CRIME SRINAGAR,2006,0,0,0,0,0,0,0,0,0,0,0,46,0,0,0,0,0,0,55
JAMMU & KASHMIR,DODA,2006,65,94,3,20,72,1,5,46,94,0,17,7,16,29,0,16,0,8,888
JAMMU & KASHMIR,GANDERBAL,2006,20,7,0,8,70,0,0,50,94,0,65,6,10,2,0,36,0,0,510
JAMMU & KASHMIR,HANDWARA,2006,17,29,10,16,54,0,4,20,74,0,46,13,9,8,0,73,0,2,493
JAMMU & KASHMIR,JAMMU,2006,25,51,10,42,116,1,0,170,764,0,64,83,12,27,3,28,0,41,3233
JAMMU & KASHMIR,KARGIL,2006,1,0,0,0,8,0,0,9,14,0,3,2,1,0,0,2,0,1,107
JAMMU & KASHMIR,KATHUA,2006,6,22,1,24,54,1,3,54,112,0,31,26,7,24,3,17,0,12,1106
JAMMU & KASHMIR,KULGAM,2006,36,12,1,28,94,0,11,52,130,0,57,15,9,13,0,44,0,1,663
JAMMU & KASHMIR,KUPWARA,2006,16,56,1,22,62,1,0,21,82,0,53,19,11,3,0,77,0,2,629
JAMMU & KASHMIR,LEH,2006,2,5,1,6,10,0,0,16,10,0,4,3,0,2,0,5,0,0,200
JAMMU & KASHMIR,POONCH,2006,30,65,0,42,42,0,0,26,94,0,75,4,13,45,0,13,0,12,719
JAMMU & KASHMIR,PULWAMA,2006,24,61,0,18,114,1,24,73,248,0,193,20,12,75,0,37,0,1,946
JAMMU & KASHMIR,RAILWAYS,2006,0,0,0,0,0,0,0,0,20,0,0,0,1,0,0,0,0,0,20
JAMMU & KASHMIR,RAJOURI,2006,20,41,0,52,74,0,1,65,120,0,35,18,36,31,3,34,0,33,1373
JAMMU & KASHMIR,RAMBAN,2006,18,33,3,28,10,0,0,29,84,0,3,6,8,21,0,6,0,0,711
JAMMU & KASHMIR,REASI,2006,19,39,0,14,20,0,2,11,28,0,0,6,3,1,0,9,0,3,318
JAMMU & KASHMIR,SRINAGAR,2006,49,122,1,44,204,1,23,223,852,0,141,78,22,14,0,208,0,10,2629
JAMMU & KASHMIR,UDHAMPUR,2006,10,22,0,22,20,1,1,54,108,0,25,12,4,9,0,19,0,3,942
JAMMU & KASHMIR,TOTAL,2006,487,854,40,500,1578,10,112,1351,3874,0,1197,463,203,376,10,960,0,135,20787
JHARKHAND,BOKARO,2006,38,7,0,48,98,34,38,109,998,0,144,29,3,0,16,7,0,64,2322
JHARKHAND,CHAIBASA,2006,129,35,1,106,24,16,33,33,294,0,38,24,2,54,7,7,0,17,1032
JHARKHAND,CHATRA,2006,30,0,0,26,22,18,22,22,126,0,82,9,2,0,16,3,0,7,772
JHARKHAND,DEOGHAR,2006,33,6,4,66,16,9,19,109,398,0,164,13,1,101,19,4,0,27,1780
JHARKHAND,DHANBAD,2006,86,64,16,74,130,55,61,158,1542,0,265,71,10,401,32,28,0,31,3707
JHARKHAND,DHANBAD RLY.,2006,11,0,0,0,0,29,23,4,254,0,7,4,0,0,4,3,0,1,300
JHARKHAND,DUMKA,2006,50,18,4,110,56,9,9,62,362,0,110,20,6,179,7,46,0,30,1522
JHARKHAND,GARHWA,2006,49,5,4,52,28,18,17,32,174,0,174,20,2,1,16,0,0,13,1168
JHARKHAND,GIRIDIH,2006,56,145,1,112,70,61,34,100,654,0,287,47,5,72,39,65,0,68,2689
JHARKHAND,GODDA,2006,40,79,5,66,50,7,14,50,280,0,137,15,15,61,8,16,0,47,1231
JHARKHAND,GUMLA,2006,126,58,3,110,52,19,25,16,178,0,38,11,8,0,1,12,0,12,991
JHARKHAND,HAZARIBAGH,2006,97,103,12,90,154,89,88,161,1152,0,306,160,31,217,39,70,0,69,3034
JHARKHAND,JAMSHEDPUR,2006,90,95,6,108,86,22,36,84,1508,0,124,105,13,425,16,43,0,90,3192
JHARKHAND,JAMSHEDPUR RLY.,2006,5,0,0,4,0,3,10,6,370,0,1,6,0,6,0,1,0,0,291
JHARKHAND,JAMTARA,2006,16,34,4,42,30,4,3,23,190,0,78,7,9,106,4,4,0,14,676
JHARKHAND,KODERMA,2006,38,18,3,42,38,17,13,28,224,0,68,40,1,3,10,2,0,8,769
JHARKHAND,LATEHAR,2006,24,10,5,24,18,31,26,16,150,0,46,4,2,44,2,1,0,4,543
JHARKHAND,LOHARDAGGA,2006,33,17,2,42,26,15,22,18,162,0,28,14,4,80,0,20,0,29,567
JHARKHAND,PAKUR,2006,41,120,5,56,38,2,9,13,170,0,95,22,7,94,3,13,0,34,731
JHARKHAND,PALAMU,2006,90,47,3,64,56,15,33,79,280,0,136,22,17,548,19,0,0,32,1566
JHARKHAND,RANCHI,2006,253,60,16,158,188,79,190,221,2420,0,229,135,30,550,14,36,0,40,5302
JHARKHAND,SAHEBGANJ,2006,36,43,0,106,44,3,12,30,206,0,54,34,8,74,5,19,0,12,841
JHARKHAND,SARAIKELA,2006,52,77,2,34,28,15,25,38,172,0,30,13,2,39,2,4,0,15,900
JHARKHAND,SIMDEGA,2006,69,37,1,58,18,11,17,16,82,0,9,8,0,0,2,10,0,4,438
JHARKHAND,TOTAL,2006,1492,1078,97,1598,1270,581,779,1428,12346,0,2650,833,178,3055,281,414,0,668,36364
KARNATAKA,BAGALKOT,2006,35,25,1,24,40,11,20,85,256,0,147,37,7,276,3,45,0,59,2062
KARNATAKA,BANGALORE COMMR.,2006,218,324,7,66,198,241,647,1666,14708,0,710,1554,5,2640,50,143,0,290,26284
KARNATAKA,BANGALORE RURAL,2006,175,104,1,52,68,27,49,362,1840,0,582,112,37,1047,26,121,0,99,8778
KARNATAKA,BELGAUM,2006,98,91,0,44,70,15,48,292,868,0,358,197,17,956,13,107,0,152,6143
KARNATAKA,BELLARY,2006,56,44,1,30,46,8,31,155,536,0,224,49,5,566,13,59,0,70,4112
KARNATAKA,BIDAR,2006,38,53,6,16,40,6,20,148,464,0,209,39,18,1079,10,82,0,69,3583
KARNATAKA,BIJAPUR,2006,63,59,0,36,52,14,22,123,306,0,319,64,17,622,4,89,0,126,3162
KARNATAKA,CHAMARAJNAGAR,2006,20,15,1,32,14,0,1,40,218,0,70,10,0,394,1,35,0,25,1300
KARNATAKA,CHICKMAGALUR,2006,40,42,2,34,22,4,15,246,508,0,136,35,10,928,4,71,0,89,3369
KARNATAKA,CHITRADURGA,2006,38,21,3,32,38,2,9,127,552,0,193,26,2,709,3,52,0,28,3531
KARNATAKA,DAKSHIN KANNADA,2006,28,44,0,34,24,7,20,208,474,0,419,56,28,441,2,47,0,34,4037
KARNATAKA,DAVANAGERE,2006,23,13,4,34,28,10,25,173,544,0,147,46,0,554,11,60,0,79,2812
KARNATAKA,DHARWAD COMMR.,2006,23,18,0,6,30,14,60,136,676,0,67,105,3,198,1,13,0,34,2125
KARNATAKA,DHARWAD RURAL,2006,34,9,2,8,16,1,5,14,116,0,64,18,0,126,1,15,0,12,993
KARNATAKA,GADAG,2006,20,12,1,2,10,2,7,64,168,0,115,21,1,169,4,20,0,17,1138
KARNATAKA,GULBARGA,2006,99,125,2,36,90,10,35,190,556,0,494,90,58,1183,9,78,0,122,5093
KARNATAKA,HASSAN,2006,61,38,1,26,22,6,25,230,562,0,126,30,13,1040,7,62,0,62,4299
KARNATAKA,HAVERI,2006,27,10,2,10,26,11,8,75,200,0,173,26,0,198,1,37,0,17,1839
KARNATAKA,K.G.F.,2006,14,26,0,6,16,0,5,67,190,0,37,10,0,180,4,18,0,10,768
KARNATAKA,KODAGU,2006,27,33,1,12,12,0,2,87,114,0,38,20,1,433,0,21,0,26,1341
KARNATAKA,KOLAR,2006,96,59,1,26,54,11,24,139,808,0,279,39,0,701,16,50,0,47,3411
KARNATAKA,KOPPAL,2006,25,9,11,12,14,7,6,78,168,0,118,22,1,195,3,28,0,23,1539
KARNATAKA,MANDYA,2006,58,46,3,38,28,3,14,177,578,0,192,40,0,767,8,79,0,89,3924
KARNATAKA,MYSORE COMMR.,2006,33,45,0,30,16,4,107,139,1060,0,71,63,0,333,10,14,0,94,2696
KARNATAKA,MYSORE RURAL,2006,60,43,4,20,16,5,5,119,394,0,155,20,0,741,13,43,0,66,2868
KARNATAKA,RAICHUR,2006,32,46,5,26,36,2,13,136,246,0,204,85,8,556,6,76,0,85,2789
KARNATAKA,RAILWAYS,2006,22,2,0,0,4,3,9,2,802,0,5,7,0,23,2,4,0,1,543
KARNATAKA,SHIMOGA,2006,50,52,0,46,42,11,66,254,696,0,168,36,9,1082,5,61,0,191,4403
KARNATAKA,TUMKUR,2006,62,41,4,26,30,6,29,207,806,0,157,26,16,806,10,87,0,47,4271
KARNATAKA,UDUPI,2006,21,10,1,22,14,5,16,124,216,0,134,14,8,273,4,17,0,24,2218
KARNATAKA,UTTAR KANNADA,2006,31,25,4,14,10,3,6,104,172,0,72,13,4,272,0,49,0,42,2279
KARNATAKA,TOTAL,2006,1627,1484,68,800,1126,449,1349,5967,29802,0,6183,2910,268,19488,244,1683,0,2129,117710
KERALA,ALAPUZHA,2006,27,33,6,30,36,11,32,207,508,0,392,227,22,1206,1,177,0,227,7700
KERALA,CBCID,2006,16,1,1,2,2,1,1,1,10,0,0,17,0,4,0,0,0,2,141
KERALA,ERNAKULAM COMMR.,2006,13,12,8,28,22,6,44,187,680,0,180,323,5,420,0,65,0,87,5699
KERALA,ERNAKULAM RURAL,2006,28,16,5,50,28,12,50,228,646,0,293,101,13,1054,1,87,0,124,8542
KERALA,IDUKKI,2006,31,7,1,60,28,7,15,200,428,0,193,116,10,1302,2,133,0,131,4797
KERALA,KANNUR,2006,20,29,0,74,32,6,36,216,458,0,737,132,83,1097,0,116,0,227,5461
KERALA,KASARGOD,2006,15,12,0,54,16,12,19,188,340,0,338,73,18,562,0,81,0,149,3062
KERALA,KOLLAM,2006,34,39,14,150,70,28,75,485,1064,0,624,151,51,2504,1,351,0,445,10388
KERALA,KOTTAYAM,2006,21,18,5,60,44,8,46,394,810,0,292,364,17,1815,2,196,0,186,8186
KERALA,KOZHIKODE COMMR.,2006,7,9,4,38,24,9,29,258,764,0,220,125,5,498,3,51,0,134,3692
KERALA,KOZHIKODE RURAL,2006,6,21,3,80,22,6,13,190,434,0,492,160,35,996,4,128,0,234,4516
KERALA,MALAPPURAM,2006,19,15,3,90,20,20,23,247,950,0,498,259,37,755,1,145,0,458,6527
KERALA,PALAKKAD,2006,44,30,7,118,16,16,32,241,524,0,329,196,15,1121,4,52,0,363,5620
KERALA,PATHANAMTHITTA,2006,18,8,1,48,30,3,26,205,308,0,182,120,7,962,0,145,0,129,4433
KERALA,RAILWAYS,2006,0,0,0,0,0,1,6,0,306,0,1,1,0,13,0,5,0,0,204
KERALA,THRISSUR,2006,44,48,9,110,36,48,77,228,860,0,602,408,63,1002,3,220,0,302,9778
KERALA,TRIVANDRUM COMMR.,2006,14,28,3,56,56,30,68,200,742,0,338,243,9,873,1,133,0,107,4914
KERALA,TRIVANDRUM RURAL,2006,27,13,16,82,98,27,87,447,764,0,500,242,34,2208,1,388,0,281,9274
KERALA,WAYANADU,2006,9,8,1,72,8,3,12,123,266,0,154,58,11,713,1,70,0,122,2321
KERALA,TOTAL,2006,393,347,87,1202,588,254,691,4245,10862,0,6365,3316,435,19105,25,2543,0,3708,105255
MADHYA PRADESH,ANUPPUR,2006,32,11,0,76,18,4,10,102,224,0,17,16,5,305,7,81,0,35,1487
MADHYA PRADESH,ASHOK NAGAR,2006,33,33,6,108,16,1,10,116,324,0,36,13,13,826,6,120,0,23,2265
MADHYA PRADESH,BALAGHAT,2006,60,22,1,134,10,2,10,106,258,0,32,15,9,388,6,111,0,41,2295
MADHYA PRADESH,BARWANI,2006,39,29,7,96,4,1,16,133,492,0,35,13,10,289,4,103,0,32,2392
MADHYA PRADESH,BETUL,2006,65,24,1,284,54,1,23,180,470,0,19,25,14,478,13,134,0,71,3291
MADHYA PRADESH,BHIND,2006,72,103,8,68,26,10,90,173,432,0,76,24,14,685,32,71,0,69,3856
MADHYA PRADESH,BHOPAL,2006,62,89,0,140,98,11,147,846,3214,0,65,127,17,527,22,193,0,103,13016
MADHYA PRADESH,BHOPAL RLY.,2006,4,2,0,2,8,0,13,12,2082,0,1,5,1,17,2,10,0,1,1417
MADHYA PRADESH,BURHANPUR,2006,13,6,0,42,8,3,5,51,240,0,15,10,7,105,3,45,0,28,1265
MADHYA PRADESH,CHHATARPUR,2006,71,72,5,118,46,2,52,275,428,0,50,22,22,564,19,170,0,70,4667
MADHYA PRADESH,CHHINDWARA,2006,76,38,8,250,32,5,14,134,582,0,38,32,11,1172,13,188,0,79,3855
MADHYA PRADESH,DAMOH,2006,44,52,0,80,8,8,27,108,262,0,17,6,6,1120,40,116,0,51,2444
MADHYA PRADESH,DATIYA,2006,50,58,0,46,36,5,48,115,354,0,27,26,11,481,12,73,0,21,2338
MADHYA PRADESH,DEWAS,2006,43,72,1,170,42,7,26,275,1452,0,84,41,21,403,10,168,0,136,5420
MADHYA PRADESH,DHAR,2006,58,65,3,206,70,16,43,249,974,0,72,20,33,692,30,183,0,47,4835
MADHYA PRADESH,DINDORI,2006,27,5,3,52,0,0,1,33,32,0,2,4,1,156,2,51,0,15,660
MADHYA PRADESH,GUNA,2006,37,45,6,138,26,6,28,165,494,0,70,22,16,938,7,162,0,48,3494
MADHYA PRADESH,GWALIOR,2006,107,152,13,154,82,22,222,675,3162,0,138,109,20,1021,32,186,0,172,10008
MADHYA PRADESH,HARDA,2006,16,26,0,50,14,2,13,83,334,0,13,3,0,420,5,37,0,16,1284
MADHYA PRADESH,HOSHANGABAD,2006,47,46,3,114,24,6,32,252,772,0,22,26,7,398,12,112,0,29,3066
MADHYA PRADESH,INDORE,2006,81,126,2,180,78,19,111,920,6670,0,144,129,43,1460,22,253,0,263,16127
MADHYA PRADESH,INDORE RLY.,2006,2,1,0,6,0,0,8,0,276,0,0,0,0,4,0,4,0,1,265
MADHYA PRADESH,JABALPUR,2006,65,132,9,206,78,11,97,483,1816,0,111,152,26,4728,31,228,0,127,10199
MADHYA PRADESH,JABALPUR RLY.,2006,4,1,4,2,2,5,12,2,446,0,0,8,0,2,0,7,0,0,396
MADHYA PRADESH,JHABUA,2006,117,63,3,64,40,1,7,70,340,0,28,10,30,478,4,46,0,22,2273
MADHYA PRADESH,KATNI,2006,49,33,3,64,14,2,11,132,390,0,24,46,10,1081,18,142,0,48,2871
MADHYA PRADESH,KHANDWA,2006,30,55,0,120,42,3,18,421,888,0,55,23,9,45,8,179,0,61,3999
MADHYA PRADESH,KHARGON,2006,44,25,1,94,16,1,18,235,1240,0,41,14,9,454,26,139,0,39,3918
MADHYA PRADESH,MANDLA,2006,27,19,1,124,14,0,5,73,122,0,13,12,6,300,4,81,0,24,1559
MADHYA PRADESH,MANDSAUR,2006,18,25,0,74,36,6,31,131,782,0,55,29,13,354,11,130,0,62,3165
MADHYA PRADESH,MORENA,2006,66,85,2,68,60,10,48,167,810,0,151,26,13,1767,21,77,0,59,4880
MADHYA PRADESH,NARSINGHPUR,2006,32,41,3,130,8,0,13,67,202,0,12,6,19,767,14,122,0,38,1972
MADHYA PRADESH,NEEMUCH,2006,17,14,0,44,16,2,6,102,536,0,21,18,5,424,4,34,0,42,1816
MADHYA PRADESH,PANNA,2006,30,31,1,82,16,7,11,95,148,0,15,8,7,101,14,68,0,20,1503
MADHYA PRADESH,RAISEN,2006,51,46,0,148,28,1,23,129,504,0,23,14,7,392,18,172,0,52,3676
MADHYA PRADESH,RAJGARH,2006,28,29,0,166,24,1,31,162,722,0,101,8,49,305,9,146,0,101,4357
MADHYA PRADESH,RATLAM,2006,40,55,0,124,40,6,33,148,834,0,35,37,17,301,9,125,0,78,3704
MADHYA PRADESH,REWA,2006,45,28,0,94,46,6,49,454,864,0,65,47,23,803,46,125,0,51,4459
MADHYA PRADESH,SAGAR,2006,76,95,0,232,62,6,49,363,1040,0,62,22,43,2570,28,284,0,131,6972
MADHYA PRADESH,SATNA,2006,74,52,0,144,36,11,30,482,826,0,40,37,27,965,39,198,0,92,5748
MADHYA PRADESH,SEONI,2006,36,23,0,114,12,2,11,117,232,0,41,11,6,353,11,105,0,35,2468
MADHYA PRADESH,SHAHDOL,2006,33,22,1,134,8,6,21,207,342,0,27,22,9,255,16,140,0,69,2492
MADHYA PRADESH,SHAJAPUR,2006,28,41,3,116,38,10,61,244,1170,0,51,20,33,1207,11,150,0,62,3544
MADHYA PRADESH,SHEOPUR,2006,12,13,0,38,16,2,3,34,242,0,26,3,1,264,2,34,0,31,1159
MADHYA PRADESH,SHIVPURI,2006,72,65,2,166,44,9,39,241,638,0,70,22,37,755,33,170,0,50,4646
MADHYA PRADESH,SIDHI,2006,72,25,1,132,62,3,27,296,634,0,34,55,12,622,21,129,0,47,4136
MADHYA PRADESH,SIHORE,2006,31,47,1,132,28,3,24,174,750,0,46,21,10,290,14,99,0,48,3337
MADHYA PRADESH,TIKAMGARH,2006,37,31,0,104,18,4,28,156,340,0,43,11,49,1034,22,131,0,34,3080
MADHYA PRADESH,UJJAIN,2006,65,128,0,158,78,12,86,413,2222,0,87,110,35,705,12,175,0,157,7458
MADHYA PRADESH,UMARIYA,2006,26,9,33,42,0,3,4,115,196,0,10,6,10,210,4,56,0,13,1249
MADHYA PRADESH,VIDISHA,2006,45,60,3,170,34,8,25,244,662,0,48,36,19,728,15,180,0,45,3928
MADHYA PRADESH,TOTAL,2006,2309,2370,138,5800,1616,272,1770,10960,43466,0,2308,1522,815,34709,764,6243,0,2989,194711
MAHARASHTRA,AHMEDNAGAR,2006,86,49,3,136,72,38,100,400,2682,0,277,107,46,710,0,129,0,467,6173
MAHARASHTRA,AKOLA,2006,47,52,0,50,56,5,39,305,1990,0,134,80,36,843,1,95,0,135,4222
MAHARASHTRA,AMRAVATI COMMR.,2006,27,14,0,42,34,9,26,196,1470,0,81,55,9,429,3,36,0,76,2591
MAHARASHTRA,AMRAVATI RURAL,2006,67,32,2,88,44,3,24,266,1690,0,89,56,60,797,4,118,0,131,3806
MAHARASHTRA,AURANGABAD COMMR.,2006,31,24,0,66,44,15,73,224,1332,0,144,158,15,384,3,39,0,107,2766
MAHARASHTRA,AURANGABAD RURAL,2006,42,17,1,20,22,17,29,139,628,0,192,34,24,668,39,56,0,255,2591
MAHARASHTRA,BEED,2006,63,46,1,48,68,30,94,379,1506,0,439,56,40,1005,12,98,0,310,4380
MAHARASHTRA,BHANDARA,2006,35,18,2,80,30,2,16,183,886,0,94,31,53,363,4,54,0,89,2583
MAHARASHTRA,BULDHANA,2006,53,64,2,46,20,9,32,214,1408,0,177,89,68,905,13,128,0,192,4152
MAHARASHTRA,CHANDRAPUR,2006,42,20,1,60,34,7,27,377,1548,0,122,55,49,664,6,81,0,123,3703
MAHARASHTRA,DHULE,2006,38,33,4,24,16,12,19,131,714,0,102,78,13,411,6,33,0,189,2516
MAHARASHTRA,GADCHIROLI,2006,59,52,4,28,20,12,8,100,248,0,28,18,45,241,2,52,0,47,1278
MAHARASHTRA,GONDIA,2006,31,13,2,46,44,12,25,220,796,0,63,27,41,393,5,106,0,55,2296
MAHARASHTRA,HINGOLI,2006,41,25,2,30,24,11,38,93,468,0,112,29,28,404,8,41,0,100,1790
MAHARASHTRA,JALGAON,2006,75,53,4,104,42,27,37,229,1248,0,206,208,12,632,14,111,0,305,4443
MAHARASHTRA,JALNA,2006,52,25,0,38,26,16,51,178,908,0,174,59,20,558,19,58,0,248,3011
MAHARASHTRA,KOLHAPUR,2006,65,45,3,66,58,21,27,294,1484,0,182,188,15,521,25,71,0,132,3781
MAHARASHTRA,LATUR,2006,54,40,0,30,44,14,45,276,782,0,194,58,33,957,65,53,0,144,3902
MAHARASHTRA,MUMBAI COMMR.,2006,239,135,5,330,380,90,292,3111,23370,0,278,1701,15,3797,17,357,0,327,31070
MAHARASHTRA,MUMBAI RLY.,2006,16,0,2,10,10,1,28,1,3356,0,9,22,0,35,0,17,0,0,1897
MAHARASHTRA,NAGPUR COMMR.,2006,85,51,4,102,116,62,169,1275,5204,0,247,326,14,1006,7,72,0,180,9991
MAHARASHTRA,NAGPUR RLY.,2006,7,3,0,0,4,9,24,1,1748,0,16,5,3,17,1,5,0,0,1089
MAHARASHTRA,NAGPUR RURAL,2006,74,24,1,74,48,16,40,239,1896,0,144,67,44,639,5,120,0,67,4514
MAHARASHTRA,NANDED,2006,71,73,7,66,70,18,74,344,1036,0,330,119,74,1292,16,82,0,221,4828
MAHARASHTRA,NANDURBAR,2006,26,14,1,42,18,8,7,62,312,0,95,44,3,233,0,22,0,96,1266
MAHARASHTRA,NASIK COMMR.,2006,38,14,1,28,64,7,48,438,1850,0,135,128,5,222,2,36,0,119,2951
MAHARASHTRA,NASIK RURAL,2006,77,40,2,124,56,23,56,226,1210,0,345,111,21,837,7,123,0,331,4767
MAHARASHTRA,NAVI MUMBAI,2006,59,20,0,36,38,38,109,423,2452,0,121,164,9,424,7,39,0,59,3994
MAHARASHTRA,OSMANABAD,2006,58,27,0,74,20,29,39,257,1012,0,177,98,23,761,3,57,0,150,3227
MAHARASHTRA,PARBHANI,2006,69,47,0,36,36,21,48,183,584,0,120,72,18,885,10,73,0,162,2512
MAHARASHTRA,PUNE COMMR.,2006,104,99,4,154,216,52,219,1047,8136,0,497,533,13,1236,6,104,0,236,11484
MAHARASHTRA,PUNE RLY.,2006,3,0,0,2,2,5,9,0,458,0,2,1,0,4,0,1,0,0,290
MAHARASHTRA,PUNE RURAL,2006,124,62,3,76,80,71,85,378,1840,0,185,148,34,602,15,93,0,161,5573
MAHARASHTRA,RAIGAD,2006,54,27,3,50,30,29,28,198,960,0,159,56,9,339,0,43,0,58,2589
MAHARASHTRA,RATNAGIRI,2006,16,7,2,50,18,6,9,194,546,0,105,48,20,205,1,32,0,52,1634
MAHARASHTRA,SANGLI,2006,61,34,1,48,42,10,22,226,1038,0,128,171,19,371,8,51,0,99,2668
MAHARASHTRA,SATARA,2006,64,40,6,67,82,24,74,373,2086,0,167,82,36,493,8,88,0,255,4643
MAHARASHTRA,SINDHUDURG,2006,15,6,2,18,8,1,3,80,252,0,39,44,11,128,3,13,0,13,816
MAHARASHTRA,SOLAPUR COMMR.,2006,15,28,0,24,32,12,49,223,702,0,92,115,7,189,2,22,0,59,1786
MAHARASHTRA,SOLAPUR RURAL,2006,77,38,1,108,64,42,47,210,1044,0,243,34,31,596,10,81,0,103,3652
MAHARASHTRA,THANE COMMR.,2006,106,89,3,124,180,50,162,1156,4570,0,300,481,13,1208,4,150,0,269,8224
MAHARASHTRA,THANE RURAL,2006,152,46,8,136,70,71,104,471,1400,0,294,143,33,730,6,137,0,147,4970
MAHARASHTRA,WARDHA,2006,49,28,3,62,44,13,28,227,1286,0,147,55,62,772,2,96,0,134,4130
MAHARASHTRA,WASHIM,2006,28,19,0,24,22,3,25,80,724,0,82,23,18,502,10,64,0,134,2011
MAHARASHTRA,YAVATMAL,2006,61,87,10,132,74,15,66,250,2086,0,186,57,46,999,8,142,0,201,5228
MAHARASHTRA,TOTAL,2006,2656,1680,100,2999,2522,986,2574,15877,92946,0,7453,6234,1188,29407,387,3479,0,6738,191788
MANIPUR,BISHNUPUR,2006,14,27,1,2,18,0,0,1,36,0,4,6,4,38,0,6,0,2,289
MANIPUR,CHANDEL,2006,14,12,0,4,4,1,2,1,12,0,2,2,4,4,0,1,0,0,71
MANIPUR,CHURACHANDPUR,2006,43,30,1,40,2,6,0,5,46,0,0,1,6,8,0,5,0,0,264
MANIPUR,IMPHAL EAST,2006,31,57,0,6,52,0,0,8,102,0,9,5,39,56,0,14,0,0,534
MANIPUR,IMPHAL WEST,2006,41,74,0,18,102,20,5,34,296,0,22,40,39,106,0,15,0,5,1058
MANIPUR,SENAPATI,2006,13,7,1,0,12,1,1,0,38,0,2,0,0,1,0,0,0,0,108
MANIPUR,TAMENGLONG,2006,9,5,0,0,0,1,0,0,12,0,2,0,5,0,0,0,0,0,40
MANIPUR,THOUBAL,2006,36,52,1,10,70,0,0,6,36,0,17,27,7,79,0,1,0,3,464
MANIPUR,UKHRUL,2006,4,1,0,0,0,0,0,0,2,0,2,1,5,4,0,0,0,0,56
MANIPUR,TOTAL,2006,205,265,4,80,260,29,8,55,580,0,60,82,109,296,0,42,0,10,2884
MEGHALAYA,GARO HILLS EAST,2006,18,8,2,6,12,14,8,9,50,0,0,2,1,6,0,7,0,0,148
MEGHALAYA,GARO HILLS SOUTH,2006,3,2,0,0,8,4,4,3,36,0,0,1,0,3,0,1,0,0,53
MEGHALAYA,GARO HILLS WEST,2006,15,7,0,20,26,8,1,12,82,0,7,5,7,39,0,14,0,0,242
MEGHALAYA,JAINTIA HILLS,2006,51,3,2,38,6,7,5,13,82,0,0,1,5,38,0,4,0,0,286
MEGHALAYA,KHASI HILLS EAST,2006,45,16,4,60,56,8,35,96,550,0,0,64,14,43,6,23,0,13,901
MEGHALAYA,KHASI HILLS WEST,2006,12,5,0,12,2,12,7,7,42,0,0,4,0,0,0,0,0,0,118
MEGHALAYA,RI-BHOI,2006,13,1,0,12,4,8,5,0,98,0,0,6,1,9,0,8,0,0,187
MEGHALAYA,TOTAL,2006,157,42,8,148,114,61,65,140,940,0,7,83,28,138,6,57,0,13,1935
MIZORAM,AIZAWL,2006,7,9,5,62,4,0,3,200,814,0,0,50,12,33,0,24,0,1,998
MIZORAM,CHAMPHAI,2006,2,0,1,24,0,0,1,42,146,0,0,7,4,11,0,6,0,0,171
MIZORAM,KOLASIB,2006,4,1,0,16,4,6,0,32,144,0,0,6,4,9,0,6,0,0,253
MIZORAM,LAWNGTLAI,2006,3,0,0,2,0,1,0,14,36,0,0,1,0,3,0,2,0,0,87
MIZORAM,LUNGLEI,2006,2,1,0,18,0,0,1,78,180,0,0,6,1,4,0,7,0,0,237
MIZORAM,MAMIT,2006,5,4,1,4,2,0,3,14,38,0,0,0,0,3,0,1,0,0,65
MIZORAM,SAIHA,2006,1,0,0,10,2,0,1,17,110,0,0,5,3,7,0,3,0,0,185
MIZORAM,SERCHHIP,2006,1,4,0,8,0,0,1,25,48,0,0,3,1,2,0,2,0,0,77
MIZORAM,TOTAL,2006,25,19,7,144,12,7,10,422,1516,0,0,78,25,72,0,51,0,1,2073
NAGALAND,DIMAPUR,2006,25,7,0,10,30,4,65,21,300,0,0,14,10,9,0,2,0,3,425
NAGALAND,KIPHIRE,2006,1,0,0,0,0,0,0,0,2,0,0,0,0,0,0,0,0,0,9
NAGALAND,KOHIMA,2006,31,19,0,16,20,6,10,19,134,0,1,16,0,0,0,0,0,0,266
NAGALAND,MOKOKCHUNG,2006,9,1,1,0,6,0,1,3,26,0,0,0,1,9,0,0,0,0,49
NAGALAND,MON,2006,15,3,5,4,4,4,2,6,32,0,0,2,3,10,0,0,0,0,77
NAGALAND,PEREN,2006,11,8,1,0,0,1,2,2,14,0,0,1,0,3,0,1,0,0,39
NAGALAND,PHEK,2006,9,2,1,10,0,1,2,3,22,0,0,2,0,7,0,0,0,0,56
NAGALAND,TUENSANG,2006,4,1,0,2,0,0,1,7,10,0,5,2,1,1,0,0,0,0,45
NAGALAND,WOKHA,2006,4,2,0,0,2,0,1,2,60,0,1,0,1,7,0,0,0,0,64
NAGALAND,ZUNHEBOTO,2006,14,3,0,4,0,0,0,7,54,0,0,0,0,4,0,0,0,0,73
NAGALAND,TOTAL,2006,123,46,8,46,62,16,84,70,654,0,7,37,16,50,0,3,0,3,1103
ODISHA,ANGUL,2006,39,43,1,82,32,19,47,107,632,0,144,39,12,26,12,97,0,36,2104
ODISHA,BALASORE,2006,35,40,3,118,100,5,29,195,522,0,48,58,28,354,46,145,0,28,2987
ODISHA,BARAGARH,2006,37,28,3,34,26,13,25,66,266,0,75,21,17,35,17,69,0,17,1225
ODISHA,BERHAMPUR,2006,18,39,0,24,30,20,41,101,346,0,49,39,10,85,9,87,0,11,1184
ODISHA,BHADRAK,2006,39,32,0,90,40,5,16,61,196,0,31,40,15,15,23,58,0,17,1642
ODISHA,BOLANGIR,2006,32,29,4,80,74,9,26,79,298,0,61,40,8,205,7,140,0,23,1714
ODISHA,BOUDH,2006,8,4,0,8,6,0,5,23,72,0,15,3,7,175,1,49,0,9,464
ODISHA,CUTTACK,2006,44,0,0,92,112,16,90,288,1304,0,65,124,16,192,49,48,0,36,3909
ODISHA,DEOGARH,2006,9,10,0,36,14,5,18,40,108,0,21,11,11,155,2,69,0,13,643
ODISHA,DHENKANAL,2006,34,14,0,64,26,14,49,81,298,0,98,24,19,64,12,130,0,23,1600
ODISHA,GAJAPATI,2006,14,0,0,14,16,4,6,30,62,0,33,9,6,16,3,30,0,8,443
ODISHA,GANJAM,2006,60,56,0,66,50,11,47,124,308,0,76,24,19,185,20,176,0,24,2003
ODISHA,JAGATSINGHPUR,2006,25,4,3,24,42,13,30,60,268,0,21,38,11,139,17,7,0,8,1186
ODISHA,JAJPUR,2006,48,15,0,70,78,7,46,128,396,0,64,47,21,346,29,69,0,31,2163
ODISHA,JHARSUGUDA,2006,16,19,0,26,10,9,18,89,356,0,44,13,7,556,3,63,0,7,1298
ODISHA,KALAHANDI,2006,30,14,0,98,30,4,29,59,176,0,89,57,8,120,12,42,0,28,1299
ODISHA,KANDHAMAL,2006,19,13,0,56,32,2,12,46,124,0,25,11,9,388,2,88,0,38,890
ODISHA,KENDRAPARA,2006,53,6,0,60,24,11,33,80,156,0,18,25,5,57,36,10,0,12,1173
ODISHA,KEONJHAR,2006,84,59,0,106,70,12,61,87,374,0,56,28,21,25,10,152,0,20,2075
ODISHA,KHURDA,2006,56,36,1,116,124,26,218,469,2384,0,91,400,20,1592,35,62,0,59,6007
ODISHA,KORAPUT,2006,43,35,6,114,74,12,23,84,302,0,37,36,11,46,5,130,0,54,1532
ODISHA,MALKANGIR,2006,49,31,2,34,16,1,3,19,68,0,14,6,3,44,3,31,0,8,482
ODISHA,MAYURBHANJ,2006,84,42,8,176,76,10,46,113,448,0,17,45,18,35,25,159,0,61,2148
ODISHA,NAYAGARH,2006,35,12,0,34,42,8,13,72,250,0,27,32,13,381,12,16,0,12,1124
ODISHA,NOWRANGPUR,2006,16,5,0,48,34,0,8,32,120,0,27,9,4,53,5,53,0,17,735
ODISHA,NUAPADA,2006,13,4,3,18,12,3,10,34,140,0,25,8,5,12,6,38,0,17,683
ODISHA,PURI,2006,29,9,0,38,66,12,67,183,628,0,51,32,19,131,30,17,0,17,2466
ODISHA,RAYAGADA,2006,37,16,0,44,26,3,18,35,138,0,54,15,3,22,7,53,0,23,900
ODISHA,ROURKELA,2006,12,22,0,40,36,3,22,66,510,0,14,54,0,233,10,81,0,10,1420
ODISHA,SAMBALPUR,2006,43,59,0,50,26,32,64,147,594,0,75,31,12,102,7,106,0,17,2305
ODISHA,SONEPUR,2006,15,16,0,26,12,3,9,29,90,0,20,10,6,16,2,58,0,1,455
ODISHA,SRP(CUTTACK),2006,5,0,0,2,10,3,16,8,606,0,1,8,0,27,0,7,0,1,490
ODISHA,SRP(ROURKELA),2006,5,2,1,4,6,3,4,3,212,0,6,0,0,6,0,5,0,0,266
ODISHA,SUNDARGARH,2006,73,38,1,78,36,17,35,82,382,0,43,27,7,388,0,70,0,8,1777
ODISHA,TOTAL,2006,1159,752,36,1970,1408,315,1184,3120,13134,0,1535,1364,371,6226,457,2415,0,694,52792
PUNJAB,AMRITSAR,2006,44,44,5,26,50,14,16,138,698,0,0,170,0,151,5,6,0,55,1527
PUNJAB,BARNALA,2006,12,9,6,10,12,1,3,29,66,0,0,67,0,112,1,7,0,6,530
PUNJAB,BATALA,2006,26,26,4,62,32,2,0,76,202,0,0,187,0,166,5,15,0,44,1242
PUNJAB,BHATINDA,2006,54,55,15,38,54,5,3,127,312,0,0,169,5,223,5,22,0,45,1441
PUNJAB,FARIDKOT,2006,18,30,1,18,26,0,3,73,250,0,0,76,1,173,5,25,0,19,900
PUNJAB,FATEHGARH SAHIB,2006,17,11,4,20,8,6,4,33,118,0,0,72,0,132,4,5,0,27,668
PUNJAB,FEROZPUR,2006,68,47,4,36,52,1,1,129,350,0,0,218,7,474,7,0,0,47,1753
PUNJAB,G.R.P,2006,12,2,2,2,0,0,1,0,102,0,0,14,1,16,3,2,0,0,302
PUNJAB,GURDASPUR,2006,30,21,11,50,32,0,2,46,144,0,0,68,2,119,14,12,0,31,1133
PUNJAB,HOSHIARPUR,2006,36,47,5,50,50,6,7,81,230,0,0,176,5,257,13,14,0,57,1351
PUNJAB,JAGRAON,2006,23,30,3,36,24,3,1,73,186,0,0,69,0,167,1,11,0,21,897
PUNJAB,JALANDHAR,2006,80,122,19,104,250,16,24,316,1264,0,1,436,19,589,6,30,0,93,3671
PUNJAB,KAPURTHALA,2006,28,29,1,26,42,4,15,105,270,0,0,164,5,239,6,12,0,23,1201
PUNJAB,KHANNA,2006,17,28,3,10,26,7,2,72,192,0,0,68,3,164,2,0,0,12,1010
PUNJAB,LUDHIANA,2006,63,79,8,82,200,23,13,197,1034,0,0,340,6,281,12,25,0,93,3087
PUNJAB,MAJITHA,2006,51,36,2,26,42,3,5,41,106,0,0,109,0,117,4,13,0,22,790
PUNJAB,MANSA,2006,27,29,20,34,18,3,1,31,92,0,0,66,0,150,1,9,0,9,656
PUNJAB,MOGA,2006,31,42,10,22,56,4,10,100,264,0,2,221,0,254,1,24,0,25,1311
PUNJAB,MUKTSAR,2006,23,23,5,28,34,2,7,64,186,0,0,47,3,160,5,5,0,17,717
PUNJAB,NAWAN SHAHR,2006,18,31,1,16,14,5,10,48,160,0,0,81,0,191,1,5,0,19,727
PUNJAB,PATIALA,2006,43,55,12,58,52,2,2,163,548,0,0,175,8,393,4,27,0,39,2403
PUNJAB,ROPAR,2006,12,1,1,16,20,1,1,24,100,0,0,60,1,72,5,9,0,21,660
PUNJAB,SANGRUR,2006,23,32,12,48,28,6,2,80,186,0,0,136,2,185,7,18,0,46,1125
PUNJAB,SAS NGR,2006,30,29,9,20,30,2,0,190,622,0,0,128,0,149,6,0,0,3,2136
PUNJAB,TARN TARAN,2006,31,40,2,46,30,9,9,41,210,0,0,76,0,170,7,18,0,27,830
PUNJAB,TOTAL,2006,817,898,165,884,1182,125,142,2277,7892,0,3,3393,68,5104,130,314,0,801,32068
RAJASTHAN,AJMER,2006,44,64,4,106,180,4,27,282,1786,0,69,460,9,327,9,114,0,405,6523
RAJASTHAN,ALWAR,2006,75,83,4,162,204,11,38,160,2186,0,72,635,19,2084,36,111,0,314,7243
RAJASTHAN,BANSWARA,2006,29,22,1,54,76,13,14,69,182,0,85,63,17,1087,5,79,0,93,2489
RAJASTHAN,BARAN,2006,33,78,1,74,88,2,8,103,486,0,21,120,14,382,5,114,0,169,2555
RAJASTHAN,BARMER,2006,20,24,5,24,52,0,3,94,394,0,10,146,18,636,7,85,0,74,2597
RAJASTHAN,BHARATPUR,2006,75,60,4,70,164,9,15,55,1536,0,1,435,21,524,16,40,0,274,6134
RAJASTHAN,BHILWARA,2006,36,61,1,80,194,1,57,319,1358,0,39,317,14,124,9,81,0,221,4635
RAJASTHAN,BIKANER,2006,35,102,0,58,56,0,10,182,806,0,5,303,11,434,16,63,0,287,3733
RAJASTHAN,BUNDI,2006,22,52,1,78,128,5,13,80,422,0,48,170,7,655,5,103,0,260,3010
RAJASTHAN,CHITTORGARH,2006,51,47,6,130,308,9,40,269,1144,0,103,301,34,1907,9,151,0,437,6006
RAJASTHAN,CHURU,2006,18,22,5,34,38,2,2,62,300,0,17,184,13,582,10,16,0,183,2282
RAJASTHAN,DAUSA,2006,25,17,0,32,70,0,10,87,1084,0,74,204,5,1,14,34,0,105,3648
RAJASTHAN,DHOLPUR,2006,42,58,1,56,82,9,10,39,624,0,34,115,11,1264,25,33,0,116,2949
RAJASTHAN,DUNGARPUR,2006,23,14,1,36,50,2,6,28,112,0,94,27,11,110,2,64,0,47,1596
RAJASTHAN,G.R.P.,2006,7,5,0,0,20,3,11,1,1094,0,4,4,0,2,0,19,0,0,1032
RAJASTHAN,GANGANAGAR,2006,67,101,0,78,76,3,15,185,738,0,10,583,9,1018,16,64,0,457,4807
RAJASTHAN,HANUMANGARH,2006,44,61,1,62,48,2,13,104,490,0,4,381,10,391,10,65,0,257,3083
RAJASTHAN,JAIPUR EAST,2006,18,21,1,38,110,6,20,289,3256,0,173,434,7,39,6,40,0,156,5370
RAJASTHAN,JAIPUR NORTH,2006,22,25,0,36,96,1,12,140,1688,0,64,381,2,341,8,42,0,151,3714
RAJASTHAN,JAIPUR RURAL,2006,59,38,4,68,170,7,15,181,1642,0,158,635,42,786,14,98,0,169,7987
RAJASTHAN,JAIPUR SOUTH,2006,19,17,1,42,114,3,14,199,2284,0,63,620,2,299,9,28,0,144,4739
RAJASTHAN,JAISALMER,2006,4,6,0,2,14,0,4,52,250,0,16,48,6,0,5,14,0,15,851
RAJASTHAN,JALORE,2006,21,22,2,20,46,0,5,73,312,0,12,121,14,58,10,41,0,81,2106
RAJASTHAN,JHALAWAR,2006,28,80,3,84,132,16,17,116,700,0,41,92,30,817,10,151,0,189,3134
RAJASTHAN,JHUNJHUNU,2006,34,18,0,88,40,0,6,125,528,0,29,249,24,573,17,38,0,157,3610
RAJASTHAN,JODHPUR CITY,2006,15,42,0,36,74,1,26,237,1450,0,19,447,7,604,10,53,0,209,3460
RAJASTHAN,JODHPUR RURAL,2006,29,35,2,38,42,1,12,98,396,0,26,130,17,1060,17,59,0,58,2505
RAJASTHAN,KARAULI,2006,21,29,2,58,118,4,10,34,722,0,12,144,16,12,19,39,0,99,3291
RAJASTHAN,KOTA CITY,2006,11,134,4,36,170,4,40,186,1786,0,10,340,9,198,12,49,0,272,4045
RAJASTHAN,KOTA RURAL,2006,21,90,1,38,54,3,9,81,444,0,20,88,8,191,4,91,0,132,2080
RAJASTHAN,NAGAUR,2006,56,31,4,70,98,3,19,142,838,0,12,275,26,140,12,193,0,221,4432
RAJASTHAN,PALI,2006,35,46,3,60,136,1,24,216,728,0,20,248,15,50,10,131,0,220,4337
RAJASTHAN,RAJSAMAND,2006,12,9,2,12,72,3,17,107,374,0,35,154,16,1042,2,37,0,159,2456
RAJASTHAN,SAWAI MADHOPUR,2006,24,24,1,40,94,0,19,104,938,0,5,190,10,44,7,44,0,136,3487
RAJASTHAN,SIKAR,2006,45,34,1,58,120,1,11,150,680,0,53,332,31,496,9,31,0,165,4156
RAJASTHAN,SIROHI,2006,17,20,1,40,52,2,7,95,260,0,35,123,5,393,7,50,0,99,1834
RAJASTHAN,TONK,2006,17,31,1,24,112,0,11,78,668,0,54,237,9,1246,5,18,0,249,3877
RAJASTHAN,UDAIPUR,2006,55,71,11,148,242,3,41,263,1092,0,220,455,32,1379,7,99,0,258,6199
RAJASTHAN,TOTAL,2006,1209,1694,79,2170,3940,134,631,5085,35778,0,1767,10191,551,21296,394,2582,0,7038,141992
SIKKIM,EAST,2006,10,10,1,20,10,0,3,48,120,0,5,20,1,40,0,6,0,4,344
SIKKIM,NORTH,2006,1,1,0,6,0,0,0,4,8,0,0,0,0,6,0,0,0,0,34
SIKKIM,SOUTH,2006,6,2,0,10,4,0,5,18,78,0,6,5,0,27,0,5,0,2,191
SIKKIM,WEST,2006,4,3,1,4,2,0,1,14,20,0,1,12,0,23,0,3,0,0,134
SIKKIM,TOTAL,2006,21,16,2,40,16,0,9,84,226,0,12,37,1,96,0,14,0,6,703
TAMIL NADU,CHENNAI,2006,131,193,5,58,118,5,58,560,4726,0,130,535,1,1198,32,87,0,213,16168
TAMIL NADU,CHENNAI RLY.,2006,0,0,0,2,0,0,2,1,144,0,4,4,0,18,0,2,0,1,346
TAMIL NADU,COIMBATORE RURAL,2006,79,46,0,36,72,16,25,171,1904,0,91,88,0,567,8,60,0,67,7435
TAMIL NADU,COIMBATORE URBAN,2006,28,13,0,16,14,2,24,181,1784,0,14,95,1,172,5,11,0,30,3974
TAMIL NADU,CUDDALORE,2006,52,80,0,42,66,7,7,64,708,0,139,20,20,548,8,28,0,25,6037
TAMIL NADU,DHARMAPURI,2006,33,34,4,18,32,2,7,22,266,0,151,31,31,626,4,33,0,28,2670
TAMIL NADU,DINDIGUL,2006,40,40,0,22,80,2,14,76,756,0,28,70,9,371,4,29,0,43,4720
TAMIL NADU,ERODE,2006,43,19,1,26,40,10,8,87,1040,0,36,46,21,425,7,35,0,30,5831
TAMIL NADU,KANCHIPURAM,2006,35,64,0,24,32,3,24,109,740,0,53,12,18,267,12,25,0,22,5475
TAMIL NADU,KANYAKUMARI,2006,23,34,1,6,36,0,5,135,640,0,0,74,18,334,4,21,0,28,3061
TAMIL NADU,KARUR,2006,19,13,0,10,28,0,14,59,462,0,19,22,7,180,0,7,0,21,2425
TAMIL NADU,KRISHNAGIRI,2006,47,41,0,28,58,3,17,75,818,0,121,24,12,521,7,24,0,23,3935
TAMIL NADU,MADURAI RURAL,2006,36,33,1,56,120,4,24,99,638,0,100,86,10,373,2,49,0,38,4448
TAMIL NADU,MADURAI URBAN,2006,23,33,0,18,38,3,7,62,878,0,10,130,6,100,4,12,0,35,2464
TAMIL NADU,NAGAPATTINAM,2006,30,42,0,18,36,4,6,52,480,0,42,67,15,398,6,73,0,9,3820
TAMIL NADU,NAMAKKAL,2006,28,16,1,12,36,2,7,35,398,0,42,19,7,281,0,25,0,18,3232
TAMIL NADU,NILGIRIS,2006,17,22,0,10,4,0,4,79,240,0,15,6,1,175,1,13,0,7,1422
TAMIL NADU,PERAMBALUR,2006,32,37,0,30,32,1,7,46,344,0,30,42,17,214,3,33,0,26,2568
TAMIL NADU,PUDUKOTTAI,2006,25,86,0,16,64,0,7,64,526,0,41,36,23,291,5,47,0,39,3784
TAMIL NADU,RAMNATHAPURAM,2006,29,30,0,24,48,3,6,49,390,0,63,53,15,368,7,22,0,1,2802
TAMIL NADU,SALEM RURAL,2006,50,29,0,42,90,4,17,46,320,0,110,17,30,771,7,71,0,39,4275
TAMIL NADU,SALEM URBAN,2006,15,17,0,14,26,0,6,43,582,0,14,36,2,129,6,3,0,18,2560
TAMIL NADU,SIVAGANGAI,2006,19,42,0,10,46,0,8,58,340,0,17,51,11,249,2,8,0,32,2499
TAMIL NADU,THANJAVUR,2006,40,52,0,16,110,1,16,130,1110,0,65,55,28,746,6,80,0,25,4740
TAMIL NADU,THENI,2006,24,30,0,10,60,3,6,68,458,0,49,72,8,387,3,21,0,17,2873
TAMIL NADU,THIRUNELVELI RURAL,2006,58,146,2,84,62,1,26,121,742,0,3,27,51,632,7,86,0,44,6124
TAMIL NADU,THIRUNELVELI URBAN,2006,18,42,0,8,10,3,5,49,268,0,2,31,7,85,1,8,0,24,1143
TAMIL NADU,THIRUVALLUR,2006,23,31,0,20,26,2,6,74,376,0,59,7,1,462,2,30,0,21,3071
TAMIL NADU,THIRUVANNAMALAI,2006,36,29,0,20,32,0,2,59,350,0,39,43,12,491,1,8,0,31,3095
TAMIL NADU,THIRUVARUR,2006,16,32,0,14,34,2,10,46,444,0,45,25,11,376,5,66,0,13,3285
TAMIL NADU,THOOTHUGUDI,2006,57,83,0,26,26,0,10,117,836,0,6,77,14,400,2,5,0,20,4157
TAMIL NADU,TRICHY RLY.,2006,0,2,1,2,0,1,1,1,46,0,3,0,0,15,0,0,0,0,100
TAMIL NADU,TRICHY RURAL,2006,48,24,0,24,92,5,7,67,470,0,28,26,11,280,6,22,0,52,3750
TAMIL NADU,TRICHY URBAN,2006,17,19,0,6,42,4,17,54,854,0,8,71,1,73,6,4,0,27,3155
TAMIL NADU,VELLORE,2006,80,48,4,54,94,2,20,173,924,0,20,40,13,659,7,49,0,92,6926
TAMIL NADU,VILLUPURAM,2006,66,56,0,78,52,4,5,86,608,0,197,15,20,515,6,52,0,38,6445
TAMIL NADU,VIRUDHUNAGAR,2006,46,41,0,14,56,0,15,82,692,0,44,63,8,370,1,30,0,51,4157
TAMIL NADU,TOTAL,2006,1363,1599,20,914,1812,99,450,3300,27302,0,1838,2116,460,14067,187,1179,0,1248,148972
TRIPURA,DHALAI,2006,21,8,0,32,28,4,3,22,48,0,17,6,7,38,2,19,0,22,354
TRIPURA,NORTH,2006,34,19,1,90,52,0,24,39,192,0,23,24,13,110,3,47,0,143,853
TRIPURA,SOUTH,2006,25,13,0,102,38,3,13,47,242,0,36,22,7,162,9,81,0,137,1088
TRIPURA,WEST,2006,74,12,0,154,92,12,31,74,302,0,78,32,8,154,21,60,0,169,1645
TRIPURA,TOTAL,2006,154,52,1,378,210,19,71,182,784,0,154,84,35,464,35,207,0,471,3940
UTTAR PRADESH,AGRA,2006,123,190,43,52,350,10,76,250,3048,0,216,266,14,448,63,133,0,351,6098
UTTAR PRADESH,ALIGARH,2006,177,217,37,98,244,7,66,110,1544,0,206,185,13,312,50,43,0,179,3851
UTTAR PRADESH,ALLAHABAD,2006,132,93,39,44,150,3,40,187,1046,0,83,155,11,279,46,40,0,156,3640
UTTAR PRADESH,AMBEDKAR NAGAR,2006,24,43,12,20,96,2,19,52,210,0,35,20,7,199,15,20,0,83,991
UTTAR PRADESH,AURAIYA,2006,56,46,17,20,84,3,29,29,152,0,27,23,7,132,22,13,0,22,1011
UTTAR PRADESH,AZAMGARH,2006,64,58,30,26,42,1,57,71,328,0,58,34,0,241,29,13,0,68,1515
UTTAR PRADESH,BADAUN,2006,169,155,54,58,128,1,15,41,322,0,21,20,16,178,33,38,0,34,1906
UTTAR PRADESH,BAGHPAT,2006,95,61,9,24,86,6,30,43,308,0,39,44,0,122,12,11,0,60,1161
UTTAR PRADESH,BAHRAICH,2006,56,38,18,42,88,14,11,51,268,0,41,34,5,178,24,25,0,35,1288
UTTAR PRADESH,BALLIA,2006,35,53,22,20,22,3,8,53,198,0,52,26,3,147,11,8,0,20,813
UTTAR PRADESH,BALRAMPUR,2006,14,16,8,16,30,1,6,16,92,0,9,14,0,51,9,11,0,15,386
UTTAR PRADESH,BANDA,2006,50,21,16,30,28,2,11,46,180,0,26,24,6,94,17,20,0,15,898
UTTAR PRADESH,BARABANKI,2006,79,56,10,42,104,4,24,56,348,0,40,18,4,249,25,41,0,67,1775
UTTAR PRADESH,BAREILLY,2006,180,189,35,90,186,11,50,118,888,0,99,147,8,303,31,70,0,196,3941
UTTAR PRADESH,BASTI,2006,30,23,15,20,30,3,9,32,184,0,23,41,3,114,12,8,0,30,830
UTTAR PRADESH,BIJNOR,2006,86,67,17,50,102,4,22,31,394,0,44,64,2,289,18,25,0,105,1522
UTTAR PRADESH,BULANDSHAHAR,2006,177,118,19,54,138,1,28,49,596,0,67,132,1,319,33,63,0,102,2933
UTTAR PRADESH,CHANDOLI,2006,27,22,16,6,30,3,5,18,90,0,8,43,0,94,12,5,0,41,645
UTTAR PRADESH,CHITRAKOOT DHAM,2006,36,8,7,26,14,1,3,25,84,0,11,4,3,40,9,9,0,8,398
UTTAR PRADESH,DEORIA,2006,32,29,22,10,38,0,14,54,190,0,58,38,7,133,23,8,0,23,1011
UTTAR PRADESH,ETAH,2006,138,140,32,56,128,4,20,44,458,0,55,77,13,156,46,26,0,55,2013
UTTAR PRADESH,ETAWAH,2006,80,60,13,20,132,0,35,29,184,0,7,39,4,71,30,18,0,30,1522
UTTAR PRADESH,FAIZABAD,2006,45,35,14,28,68,3,30,79,370,0,37,85,8,134,12,18,0,54,1323
UTTAR PRADESH,FATEHGARH,2006,85,94,21,18,76,3,17,32,198,0,27,19,0,71,37,10,0,30,1005
UTTAR PRADESH,FATEHPUR,2006,87,37,32,18,44,1,11,46,158,0,11,34,1,108,27,14,0,18,1165
UTTAR PRADESH,FIROZABAD,2006,127,141,35,32,184,17,90,65,718,0,89,67,8,299,35,29,0,106,2355
UTTAR PRADESH,G.R.P.,2006,18,22,6,2,14,5,22,0,1522,0,13,39,0,7,0,18,0,0,1683
UTTAR PRADESH,GAUTAMBUDH NAGAR,2006,87,67,16,52,104,8,37,115,1892,0,61,160,0,19,13,35,0,59,2401
UTTAR PRADESH,GHAZIABAD,2006,146,143,51,58,218,5,44,114,2218,0,70,238,5,61,41,26,0,190,4207
UTTAR PRADESH,GHAZIPUR,2006,44,46,16,16,28,3,18,33,206,0,46,35,5,129,22,8,0,33,790
UTTAR PRADESH,GONDA,2006,55,63,19,44,88,5,30,77,334,0,36,76,4,162,28,27,0,7,1280
UTTAR PRADESH,GORAKHPUR,2006,89,57,36,46,88,4,36,98,636,0,97,59,2,305,16,24,0,70,2204
UTTAR PRADESH,HAMIRPUR,2006,36,20,18,16,12,1,3,16,66,0,11,9,0,31,12,16,0,11,533
UTTAR PRADESH,HARDOI,2006,87,58,38,60,84,0,17,38,300,0,10,47,6,282,35,55,0,53,1784
UTTAR PRADESH,HATHRAS,2006,71,87,15,46,90,8,37,51,440,0,63,47,0,158,22,50,0,64,1520
UTTAR PRADESH,J.P.NAGAR,2006,72,53,12,42,56,4,20,34,262,0,37,42,2,21,14,22,0,46,1204
UTTAR PRADESH,JALAUN,2006,48,37,14,8,58,3,6,32,162,0,16,19,3,4,36,31,0,46,1016
UTTAR PRADESH,JAUNPUR,2006,62,51,20,36,50,3,29,42,322,0,39,83,6,318,46,26,0,83,1767
UTTAR PRADESH,JHANSI,2006,47,18,30,16,24,3,6,29,256,0,10,34,0,47,21,19,0,18,827
UTTAR PRADESH,KANNAUJ,2006,45,60,12,12,82,1,10,17,194,0,15,27,3,24,19,31,0,41,926
UTTAR PRADESH,KANPUR DEHAT,2006,50,33,7,32,62,4,17,34,224,0,44,37,4,223,50,40,0,41,1254
UTTAR PRADESH,KANPUR NAGAR,2006,144,97,34,54,234,12,63,172,1674,0,128,250,4,368,67,64,0,273,4736
UTTAR PRADESH,KAUSHAMBI,2006,50,29,11,30,38,1,10,37,88,0,12,9,0,87,17,12,0,26,734
UTTAR PRADESH,KHIRI,2006,105,96,41,78,136,2,26,55,338,0,42,49,6,367,60,47,0,35,2127
UTTAR PRADESH,KUSHI NAGAR,2006,20,28,21,18,40,0,6,54,214,0,65,27,8,194,24,15,0,20,1006
UTTAR PRADESH,LALITPUR,2006,19,6,13,14,24,1,5,22,86,0,15,23,2,41,9,16,0,35,469
UTTAR PRADESH,LUCKNOW,2006,167,185,40,102,410,10,241,462,4592,0,267,464,2,63,39,100,0,374,8102
UTTAR PRADESH,MAHARAJGANJ,2006,25,8,9,42,44,3,9,26,104,0,29,37,0,87,12,17,0,13,672
UTTAR PRADESH,MAHOBA,2006,44,13,14,6,18,3,9,15,66,0,19,14,0,34,9,3,0,9,445
UTTAR PRADESH,MAINPURI,2006,110,120,26,32,84,3,27,37,340,0,39,84,0,196,35,12,0,28,1624
UTTAR PRADESH,MATHURA,2006,104,121,19,60,114,5,49,105,1192,0,91,202,16,197,25,66,0,126,3148
UTTAR PRADESH,MAU,2006,33,43,14,14,48,2,12,67,224,0,77,54,6,80,10,8,0,18,906
UTTAR PRADESH,MEERUT,2006,185,209,28,74,216,8,86,149,2006,0,135,204,7,144,21,74,0,246,4072
UTTAR PRADESH,MIRZAPUR,2006,51,26,17,28,36,1,12,39,202,0,22,32,0,106,22,11,0,53,814
UTTAR PRADESH,MORADABAD,2006,151,138,32,88,188,9,37,103,1114,0,75,98,0,81,23,69,0,243,3659
UTTAR PRADESH,MUZAFFARNAGAR,2006,230,164,32,62,240,16,86,84,1256,0,144,119,0,14,39,46,0,172,3328
UTTAR PRADESH,PILIBHIT,2006,47,23,8,26,54,3,8,12,130,0,9,62,0,2,16,39,0,45,1505
UTTAR PRADESH,PRATAPGARH,2006,64,79,18,60,122,6,26,119,352,0,109,68,14,263,30,30,0,108,1826
UTTAR PRADESH,RAIBAREILLY,2006,53,78,19,42,80,2,13,54,376,0,44,35,1,274,23,40,0,170,1592
UTTAR PRADESH,RAMPUR,2006,57,65,17,22,86,2,22,37,484,0,39,73,6,9,13,32,0,4,1458
UTTAR PRADESH,SAHARANPUR,2006,78,117,18,30,82,21,36,73,820,0,85,230,0,27,16,42,0,175,2852
UTTAR PRADESH,SANT KABIRNAGAR,2006,19,15,10,8,36,0,11,22,92,0,18,23,0,84,7,7,0,25,515
UTTAR PRADESH,SHAHJAHANPUR,2006,115,101,28,42,114,5,20,33,282,0,28,48,2,67,34,21,0,8,1573
UTTAR PRADESH,SHRAWASTI,2006,11,11,6,12,42,5,3,21,66,0,20,18,0,94,16,12,0,0,413
UTTAR PRADESH,SIDHARTHNAGAR,2006,17,4,14,8,56,4,10,43,172,0,18,48,0,75,15,12,0,19,793
UTTAR PRADESH,SITAPUR,2006,124,115,48,94,156,2,33,82,774,0,60,58,30,273,58,68,0,83,2637
UTTAR PRADESH,SONBHADRA,2006,31,21,17,16,8,0,5,25,82,0,11,24,3,53,10,14,0,9,509
UTTAR PRADESH,ST.RAVIDASNAGAR,2006,19,21,11,4,10,1,10,24,94,0,18,13,1,75,9,6,0,19,438
UTTAR PRADESH,SULTANPUR,2006,77,104,21,50,62,3,32,81,338,0,41,44,1,130,23,21,0,55,1419
UTTAR PRADESH,UNNAO,2006,96,70,35,74,88,4,19,44,318,0,37,25,0,217,37,35,0,58,1575
UTTAR PRADESH,VARANASI,2006,73,65,19,32,90,5,40,123,1428,0,120,102,6,158,23,10,0,90,2662
UTTAR PRADESH,TOTAL,2006,5480,4997,1543,2628,6636,304,2024,4577,40894,0,3774,5142,299,10412,1798,2096,0,5204,127001
UTTARAKHAND,ALMORA,2006,15,10,3,22,10,0,11,13,72,0,11,37,3,23,5,3,0,6,249
UTTARAKHAND,BAGESHWAR,2006,11,3,0,8,8,0,7,9,28,0,0,2,1,10,4,6,0,7,99
UTTARAKHAND,CHAMOLI,2006,5,5,1,14,8,0,3,20,26,0,25,6,1,6,5,2,0,4,189
UTTARAKHAND,CHAMPAWAT,2006,5,7,0,6,2,1,3,4,30,0,3,1,0,4,0,4,0,1,109
UTTARAKHAND,DEHRADUN,2006,40,34,8,46,86,4,26,123,746,0,94,156,6,280,9,28,0,97,2005
UTTARAKHAND,HARIDWAR,2006,54,57,4,64,128,11,54,78,1414,0,105,166,10,316,11,45,0,109,2162
UTTARAKHAND,NAINITAL,2006,25,19,6,18,34,1,8,38,310,0,30,26,0,68,7,7,0,6,785
UTTARAKHAND,PAURI GARHWAL,2006,16,10,1,8,16,4,3,55,84,0,16,8,3,53,8,3,0,12,330
UTTARAKHAND,PITHORAGARH,2006,10,6,3,16,6,0,7,15,50,0,6,7,5,24,3,13,0,8,252
UTTARAKHAND,RUDRA PRAYAG,2006,4,3,0,6,4,0,4,16,24,0,12,4,3,11,8,3,0,3,126
UTTARAKHAND,TEHRI GARHWAL,2006,11,6,0,18,18,0,2,13,44,0,14,10,4,7,6,0,0,8,171
UTTARAKHAND,UDHAMSINGH NAGAR,2006,74,53,14,46,92,12,26,71,522,0,156,86,0,47,11,34,0,90,1746
UTTARAKHAND,UTTARKASHI,2006,4,2,0,22,12,0,3,15,42,0,17,5,3,5,3,5,0,7,189
UTTARAKHAND,TOTAL,2006,274,215,40,294,424,33,157,470,3392,0,489,514,39,854,80,153,0,358,8412
WEST BENGAL,24 PARGANAS NORTH,2006,154,82,39,348,372,412,29,37,2880,0,180,100,5,349,74,175,0,1049,7776
WEST BENGAL,24 PARGANAS SOUTH,2006,138,4,34,380,310,241,17,165,2038,0,289,110,6,390,68,157,0,1105,7396
WEST BENGAL,ASANSOL,2006,42,16,18,38,32,43,17,9,308,0,51,15,3,47,13,11,0,158,1699
WEST BENGAL,BANKURA,2006,55,38,5,102,52,25,16,6,410,0,62,24,5,294,24,43,0,133,1282
WEST BENGAL,BIRBHUM,2006,72,10,13,114,78,40,32,21,528,0,124,25,5,146,18,34,0,175,1625
WEST BENGAL,BURDWAN,2006,90,13,25,128,82,91,43,38,1136,0,201,112,13,158,27,91,0,519,3897
WEST BENGAL,COOCHBEHAR,2006,31,8,5,248,96,2,6,10,270,0,45,41,0,78,5,116,0,309,1697
WEST BENGAL,DAKSHIN DINAJPUR,2006,26,41,16,64,98,7,4,10,190,0,36,15,4,59,11,60,0,140,1101
WEST BENGAL,DARJEELING,2006,52,2,10,60,86,41,5,15,896,0,14,8,0,239,1,44,0,79,1682
WEST BENGAL,HOOGHLY,2006,81,56,18,86,56,133,25,35,1022,0,254,37,11,269,8,37,0,467,3220
WEST BENGAL,HOWRAH,2006,53,5,14,120,132,72,8,13,1278,0,160,127,2,481,26,75,0,368,3633
WEST BENGAL,HOWRAH G.R.P.,2006,9,3,3,0,6,20,4,1,1392,0,2,21,0,2,2,5,0,0,826
WEST BENGAL,JALPAIGURI,2006,86,40,44,236,112,24,18,25,994,0,32,22,1,230,6,102,0,250,2610
WEST BENGAL,KHARAGPUR G.R.P.,2006,2,1,0,0,0,5,4,0,176,0,1,0,0,1,1,3,0,0,126
WEST BENGAL,KOLKATA,2006,25,72,11,76,188,67,51,115,5132,0,167,963,0,1057,4,173,0,276,9381
WEST BENGAL,MALDA,2006,63,58,30,148,96,20,26,34,798,0,53,4,0,580,5,110,0,152,2102
WEST BENGAL,MURSHIDABAD,2006,95,39,46,448,236,43,22,6,1404,0,175,63,15,875,30,217,0,735,4759
WEST BENGAL,NADIA,2006,101,16,20,316,304,34,16,16,1692,0,164,143,9,608,43,175,0,613,4672
WEST BENGAL,PASCHIM MIDNAPUR,2006,99,57,20,158,100,41,30,24,654,0,153,28,13,88,25,73,0,283,2700
WEST BENGAL,PURAB MIDNAPUR,2006,61,37,10,142,118,21,10,12,524,0,125,43,6,32,27,37,0,285,2399
WEST BENGAL,PURULIA,2006,41,0,9,96,26,18,20,4,282,0,55,23,0,0,20,41,0,136,1094
WEST BENGAL,SEALDAH G.R.P.,2006,12,2,1,2,10,20,8,0,348,0,2,7,0,4,2,4,0,0,295
WEST BENGAL,SILIGURI G.R.P.,2006,3,0,0,0,8,0,0,0,126,0,6,0,0,0,0,1,0,0,99
WEST BENGAL,UTTAR DINAJPUR,2006,34,72,10,152,112,20,15,5,586,0,34,16,13,312,5,53,0,182,1981
WEST BENGAL,TOTAL,2006,1425,672,401,3462,2710,1440,426,601,25064,0,2385,1947,111,6299,445,1837,0,7414,68052
A & N ISLANDS,ANDAMAN,2006,3,4,1,12,10,0,5,81,200,0,10,15,9,73,0,12,0,7,655
A & N ISLANDS,NICOBAR,2006,1,0,0,0,0,0,0,1,2,0,0,0,0,5,0,2,0,0,21
A & N ISLANDS,TOTAL,2006,4,4,1,12,10,0,5,82,202,0,10,15,9,78,0,14,0,7,676
CHANDIGARH,CHANDIGARH,2006,12,21,8,38,130,4,34,189,2468,0,44,232,5,55,10,20,0,102,3126
CHANDIGARH,TOTAL,2006,12,21,8,38,130,4,34,189,2468,0,44,232,5,55,10,20,0,102,3126
D & N HAVELI,D AND N HAVELI,2006,9,0,1,12,36,5,5,41,122,0,8,10,5,35,1,5,0,5,435
D & N HAVELI,TOTAL,2006,9,0,1,12,36,5,5,41,122,0,8,10,5,35,1,5,0,5,435
DAMAN & DIU,DAMAN,2006,6,2,0,2,6,8,1,54,108,0,19,3,4,18,0,2,0,0,243
DAMAN & DIU,DIU,2006,0,1,0,4,0,0,0,6,18,0,5,0,1,0,0,0,0,2,45
DAMAN & DIU,TOTAL,2006,6,3,0,6,6,8,1,60,126,0,24,3,5,18,0,2,0,2,288
DELHI UT,CENTRAL,2006,22,32,6,34,146,10,22,63,2072,0,5,144,0,156,3,21,0,75,3706
DELHI UT,DELHI UT TOTAL,2006,476,510,75,1246,2884,214,541,1950,34996,0,87,2313,33,1818,137,718,0,1728,57963
DELHI UT,EAST,2006,39,42,8,122,236,31,66,168,4192,0,14,138,8,200,9,86,0,205,5573
DELHI UT,GRP(RLY),2006,5,2,0,2,22,3,3,1,1890,0,0,13,1,8,1,0,0,0,1076
DELHI UT,IGI AIRPORT,2006,2,1,1,0,16,0,8,2,320,0,0,617,0,0,0,2,0,1,924
DELHI UT,NEW DELHI,2006,7,8,0,12,52,3,20,42,1508,0,15,239,1,29,0,31,0,16,2288
DELHI UT,NORTH,2006,28,21,5,44,82,12,29,78,1402,0,4,124,3,135,8,27,0,128,3016
DELHI UT,NORTH-EAST,2006,61,66,9,186,394,29,82,173,2492,0,11,93,2,286,28,92,0,176,5389
DELHI UT,NORTH-WEST,2006,128,151,12,338,874,47,105,456,5380,0,12,186,4,358,28,137,0,412,11146
DELHI UT,SOUTH,2006,66,69,13,174,430,57,117,350,7640,0,12,379,5,206,19,141,0,215,10854
DELHI UT,SOUTH-WEST,2006,52,45,11,158,322,4,48,345,3478,0,9,199,7,134,24,84,0,240,6584
DELHI UT,STF,2006,0,10,0,0,0,0,2,0,2,0,0,8,0,0,0,0,0,0,39
DELHI UT,WEST,2006,66,63,10,176,310,18,39,272,4620,0,5,173,2,306,17,97,0,260,7368
LAKSHADWEEP,LAKSHADWEEP,2006,0,2,0,0,0,0,0,2,34,0,12,0,4,5,0,0,0,1,80
LAKSHADWEEP,TOTAL,2006,0,2,0,0,0,0,0,2,34,0,12,0,4,5,0,0,0,1,80
PUDUCHERRY,KARAIKAL,2006,2,2,1,2,10,0,1,18,188,0,41,7,10,186,1,7,0,0,772
PUDUCHERRY,PONDICHERRY,2006,28,22,2,16,26,2,2,66,932,0,153,29,12,741,2,49,0,19,3915
PUDUCHERRY,TOTAL,2006,30,24,3,18,36,2,3,84,1120,0,194,36,22,927,3,56,0,19,4687
ANDHRA PRADESH,ADILABAD,2007,112,61,12,92,166,4,9,211,962,0,95,179,17,1244,21,156,0,335,5685
ANDHRA PRADESH,ANANTAPUR,2007,149,85,3,62,174,10,20,203,1206,0,85,125,8,1073,14,176,0,0,5182
ANDHRA PRADESH,CHITTOOR,2007,129,72,2,62,204,27,25,217,2268,0,74,248,48,1101,25,118,0,395,7095
ANDHRA PRADESH,CUDDAPAH,2007,96,47,3,64,152,4,8,163,840,0,85,221,29,982,8,139,0,242,5500
ANDHRA PRADESH,CYBERABAD,2007,186,84,8,90,294,25,90,1165,5856,0,88,1192,74,3641,41,118,0,881,14236
ANDHRA PRADESH,EAST GODAVARI,2007,99,114,2,60,168,1,19,428,2722,0,26,320,52,2538,19,159,0,561,8580
ANDHRA PRADESH,GUNTAKAL RLY.,2007,3,0,0,0,4,2,2,0,238,0,0,1,0,8,0,0,0,3,175
ANDHRA PRADESH,GUNTUR,2007,157,190,1,86,186,4,19,251,2256,0,60,376,77,1567,28,292,0,569,8659
ANDHRA PRADESH,HYDERABAD CITY,2007,121,147,9,116,296,6,96,993,9084,0,214,1669,37,4352,41,216,0,1365,17391
ANDHRA PRADESH,KARIMNAGAR,2007,123,95,5,146,304,3,16,301,1606,0,158,432,55,2971,61,315,0,687,8535
ANDHRA PRADESH,KHAMMAM,2007,125,58,5,162,208,4,27,242,1124,0,159,162,28,1137,28,176,0,422,6215
ANDHRA PRADESH,KRISHNA,2007,64,52,1,54,114,0,10,164,1042,0,20,147,53,2370,13,161,0,348,5178
ANDHRA PRADESH,KURNOOL,2007,124,119,2,72,170,12,11,247,812,0,88,226,41,1234,7,327,0,364,6159
ANDHRA PRADESH,MAHABOOBNAGAR,2007,173,63,31,174,172,10,34,261,1518,0,87,198,77,2151,27,132,0,218,6389
ANDHRA PRADESH,MEDAK,2007,128,95,13,102,130,2,25,268,1204,0,62,253,66,1869,49,115,0,346,6070
ANDHRA PRADESH,NALGONDA,2007,135,55,4,138,174,8,45,240,936,0,117,232,82,1816,36,233,0,429,7960
ANDHRA PRADESH,NELLORE,2007,68,81,3,88,134,2,11,239,1436,0,63,168,59,2299,14,203,0,331,5991
ANDHRA PRADESH,NIZAMABAD,2007,151,77,9,46,120,23,17,287,980,0,84,161,40,1695,25,88,0,455,5178
ANDHRA PRADESH,PRAKASHAM,2007,78,63,1,80,148,4,20,207,1022,0,27,199,122,1303,7,171,0,261,5655
ANDHRA PRADESH,RANGA REDDY,2007,72,21,6,42,54,3,2,110,300,0,19,67,26,872,25,40,0,93,2170
ANDHRA PRADESH,SECUNDERABAD RLY.,2007,12,0,0,0,0,0,6,0,678,0,0,8,0,13,0,2,0,0,445
ANDHRA PRADESH,SRIKAKULAM,2007,31,5,0,60,38,2,8,142,412,0,35,93,40,1607,12,99,0,345,3898
ANDHRA PRADESH,VIJAYAWADA CITY,2007,33,44,3,34,128,0,31,225,2754,0,2,339,18,1671,10,131,0,531,5587
ANDHRA PRADESH,VIJAYAWADA RLY.,2007,3,1,0,0,0,1,4,0,586,0,2,4,0,5,0,4,0,1,373
ANDHRA PRADESH,VISAKHA RURAL,2007,70,36,6,24,22,2,7,90,222,0,57,73,20,1682,7,57,0,167,3278
ANDHRA PRADESH,VISAKHAPATNAM,2007,21,23,1,48,78,10,24,370,2430,0,24,285,9,513,14,100,0,535,5480
ANDHRA PRADESH,VIZIANAGARAM,2007,34,30,0,20,46,3,5,97,506,0,17,66,11,495,3,90,0,270,3256
ANDHRA PRADESH,WARANGAL,2007,106,61,5,114,276,1,15,277,1394,0,217,294,63,1690,56,279,0,608,7333
ANDHRA PRADESH,WEST GODAVARI,2007,62,106,0,104,234,3,8,279,2388,0,33,365,24,2223,22,309,0,573,7434
ANDHRA PRADESH,TOTAL,2007,2665,1885,135,2140,4194,176,614,7677,48782,0,1998,8103,1176,46122,613,4406,0,11335,175087
ARUNACHAL PRADESH,CHANGLANG,2007,5,4,0,14,4,2,6,16,70,0,0,2,1,33,0,5,0,4,171
ARUNACHAL PRADESH,DIBANG VALLEY,2007,7,1,0,4,8,1,2,7,62,0,1,0,0,16,0,5,0,1,101
ARUNACHAL PRADESH,K/KUMEY,2007,2,7,0,2,8,0,1,11,38,0,0,2,0,3,0,0,0,1,69
ARUNACHAL PRADESH,KAMENG EAST,2007,6,0,0,2,8,0,2,14,58,0,1,1,0,24,0,10,0,0,110
ARUNACHAL PRADESH,KAMENG WEST,2007,2,0,0,2,2,1,6,4,52,0,1,5,0,19,0,2,0,0,104
ARUNACHAL PRADESH,LOHIT,2007,17,1,0,10,24,0,5,19,84,0,1,2,3,28,0,4,0,0,206
ARUNACHAL PRADESH,PAPUM PARE,2007,4,7,0,16,40,1,23,56,276,0,7,7,11,84,0,15,0,8,576
ARUNACHAL PRADESH,SIANG EAST,2007,5,2,0,16,8,3,15,28,126,0,2,5,1,35,0,12,0,1,239
ARUNACHAL PRADESH,SIANG UPPER,2007,2,1,0,10,0,0,1,8,46,0,0,1,0,16,0,2,0,0,76
ARUNACHAL PRADESH,SIANG WEST,2007,6,1,0,6,12,2,8,30,70,0,1,4,2,35,0,5,0,3,218
ARUNACHAL PRADESH,SUBANSIRI LOWER,2007,0,2,1,6,8,3,3,12,48,0,2,1,2,26,0,3,0,0,123
ARUNACHAL PRADESH,SUBANSIRI UPPER,2007,1,2,1,6,8,1,0,10,44,0,0,3,2,32,0,5,0,2,141
ARUNACHAL PRADESH,TAWANG,2007,3,0,0,2,0,0,1,9,20,0,0,0,0,4,0,2,0,0,46
ARUNACHAL PRADESH,TIRAP,2007,7,1,0,0,6,2,1,16,32,0,0,0,0,20,0,2,0,0,101
ARUNACHAL PRADESH,UPPER DIBANG VALLEY,2007,1,0,0,0,0,0,1,0,0,0,0,0,0,0,0,0,0,0,5
ARUNACHAL PRADESH,TOTAL,2007,68,29,2,96,136,16,75,240,1026,0,16,33,22,375,0,72,0,20,2286
ASSAM,BARPETA,2007,40,7,3,166,174,21,19,151,422,0,213,23,12,112,10,16,0,180,2039
ASSAM,BASKA,2007,29,11,0,14,38,1,5,20,52,0,10,6,8,77,2,7,0,7,334
ASSAM,BONGAIGAON,2007,15,2,2,80,90,12,5,72,214,0,53,25,8,71,5,13,0,124,1110
ASSAM,C.I.D.,2007,0,0,0,0,0,0,0,0,0,0,0,3,0,0,0,0,0,0,26
ASSAM,CACHAR,2007,61,20,0,116,234,30,13,173,1010,0,250,44,40,326,4,30,0,364,3677
ASSAM,CHIRANG,2007,12,0,0,20,40,18,9,11,64,0,45,7,12,21,0,13,0,55,515
ASSAM,DARRANG,2007,23,8,1,122,90,6,15,69,270,0,72,38,15,210,3,111,0,81,1322
ASSAM,DHEMAJI,2007,20,19,7,140,84,5,6,28,300,0,24,23,10,232,0,40,0,121,1154
ASSAM,DHUBRI,2007,44,42,1,296,276,9,17,102,396,0,664,103,32,311,12,128,0,392,3257
ASSAM,DIBRUGARH,2007,112,17,2,110,186,9,23,87,872,0,23,6,15,364,0,29,0,30,1906
ASSAM,G.R.P.,2007,2,0,0,6,6,1,6,0,146,0,2,2,2,5,0,0,0,12,272
ASSAM,GOALPARA,2007,31,5,0,102,102,8,13,65,348,0,30,36,17,115,4,45,0,105,1131
ASSAM,GOLAGHAT,2007,80,23,6,128,156,2,29,95,562,0,0,33,18,280,0,50,0,99,1468
ASSAM,GUWAHATI CITY,2007,68,11,19,142,568,14,81,458,3882,0,73,109,12,205,6,24,0,106,3929
ASSAM,HAILAKANDI,2007,27,2,0,52,84,8,1,48,142,0,126,19,20,29,3,15,0,60,871
ASSAM,JORHAT,2007,46,14,6,90,140,2,16,92,598,0,90,24,13,175,3,21,0,55,1634
ASSAM,KAMRUP,2007,47,24,40,148,126,25,26,96,786,0,85,87,12,331,0,7,0,144,2264
ASSAM,KARBI ANGLONG,2007,73,39,1,32,86,10,10,12,322,0,44,6,6,47,3,10,0,18,775
ASSAM,KARIMGANJ,2007,29,19,1,98,80,11,13,71,364,0,185,18,22,121,13,5,0,82,1167
ASSAM,KOKRAJHAR,2007,41,8,0,84,94,4,13,58,352,0,58,13,0,282,1,35,0,82,1046
ASSAM,LAKHIMPUR,2007,41,18,5,124,168,6,8,102,332,0,87,28,16,387,0,47,0,147,1758
ASSAM,MORIGAON,2007,21,10,6,130,114,6,3,73,246,0,53,47,3,379,3,63,0,110,1310
ASSAM,N.C.HILLS,2007,34,19,0,10,24,2,10,11,88,0,14,4,2,18,2,4,0,2,292
ASSAM,NAGAON,2007,92,49,5,228,416,52,58,236,788,0,229,74,48,578,11,5,0,225,3540
ASSAM,NALBARI,2007,21,15,0,24,64,5,11,61,180,0,10,8,9,145,3,18,0,32,697
ASSAM,R.P.O.,2007,5,0,0,2,0,5,0,0,14,0,1,0,0,0,0,0,0,0,60
ASSAM,SIBSAGAR,2007,78,43,1,106,108,8,28,119,590,0,39,34,6,145,0,24,0,104,2175
ASSAM,SONITPUR,2007,102,16,2,140,160,9,23,128,920,0,97,40,10,148,8,20,0,155,2726
ASSAM,TINSUKIA,2007,143,6,0,114,182,8,21,102,1066,0,13,22,7,21,0,9,0,92,2219
ASSAM,UDALGURI,2007,37,4,1,50,52,14,14,63,182,0,11,13,5,40,4,0,0,16,608
ASSAM,TOTAL,2007,1374,451,109,2874,3942,311,496,2603,15508,0,2601,895,380,5175,100,789,0,3000,45282
BIHAR,ARARIA,2007,48,185,5,94,54,41,51,67,456,0,95,51,58,251,11,51,0,86,2904
BIHAR,ARWAL,2007,19,12,2,16,8,5,4,18,106,0,30,10,6,0,12,0,0,5,542
BIHAR,AURANGABAD,2007,68,12,2,60,70,30,27,82,578,0,216,77,33,1002,36,25,0,30,2485
BIHAR,BAGAHA,2007,37,8,2,76,116,4,9,20,340,0,98,40,6,202,6,10,0,10,1989
BIHAR,BANKA,2007,56,12,6,148,68,26,28,84,222,0,264,49,13,0,24,4,0,37,1908
BIHAR,BEGUSARAI,2007,100,145,2,50,170,8,73,55,658,0,272,56,21,501,43,15,0,34,3197
BIHAR,BETTIAH,2007,61,8,5,46,34,12,15,40,416,0,202,18,9,1116,21,12,0,30,2686
BIHAR,BHABHUA,2007,50,28,11,24,50,7,19,61,384,0,191,28,18,372,24,5,0,30,1748
BIHAR,BHAGALPUR,2007,92,85,11,50,152,19,31,114,850,0,210,75,13,604,21,33,0,16,3020
BIHAR,BHOJPUR,2007,112,133,5,82,114,13,47,112,666,0,222,100,45,1381,42,60,0,83,3113
BIHAR,BUXAR,2007,36,75,6,26,64,11,29,51,332,0,154,43,38,193,23,37,0,34,1467
BIHAR,DARBHANGA,2007,72,109,5,94,182,11,19,63,636,0,55,149,40,97,39,41,0,59,3388
BIHAR,GAYA,2007,157,170,11,56,118,56,90,118,878,0,316,62,61,1431,74,15,0,15,3406
BIHAR,GOPALGANJ,2007,48,79,6,18,42,11,32,59,406,0,193,49,12,60,22,15,0,46,2430
BIHAR,JAMALPUR RLY.,2007,6,3,0,2,4,12,10,0,118,0,4,1,0,0,0,2,0,0,192
BIHAR,JAMUI,2007,51,30,1,92,62,22,26,44,208,0,166,42,16,340,8,12,0,20,1593
BIHAR,JEHANABAD,2007,40,16,3,14,54,12,16,26,170,0,87,18,8,65,19,7,0,24,1319
BIHAR,KATIHAR,2007,71,50,1,298,270,10,26,55,330,0,200,119,13,418,14,25,0,27,2618
BIHAR,KATIHAR RLY.,2007,6,0,0,4,14,11,10,10,476,0,13,14,0,0,0,0,0,0,464
BIHAR,KHAGARIA,2007,48,70,0,42,88,9,26,16,172,0,241,16,16,211,14,15,0,12,1724
BIHAR,KISHANGANJ,2007,23,12,0,106,130,11,11,38,216,0,80,19,11,115,8,25,0,18,1040
BIHAR,LAKHISARAI,2007,32,21,0,62,72,5,22,31,208,0,83,32,12,188,10,14,0,14,1230
BIHAR,MADHEPURA,2007,65,18,1,64,72,12,34,29,240,0,139,21,12,22,7,3,0,18,1456
BIHAR,MADHUBANI,2007,76,176,11,94,142,19,16,71,456,0,318,40,24,913,27,36,0,29,3625
BIHAR,MOTIHARI,2007,111,88,9,50,208,27,41,128,888,0,348,29,34,1728,61,20,0,37,4333
BIHAR,MUNGER,2007,76,63,0,50,104,5,37,40,474,0,246,33,6,10,10,0,0,52,2037
BIHAR,MUZAFFARPUR,2007,143,26,19,154,338,37,74,197,1750,0,402,119,36,12,93,12,0,87,5748
BIHAR,MUZAFFARPUR RLY.,2007,12,0,0,4,8,4,15,10,662,0,2,13,0,9,1,0,0,0,585
BIHAR,NALANDA,2007,102,62,15,28,210,21,41,72,812,0,160,105,17,972,57,33,0,104,3759
BIHAR,NAUGACHIA,2007,30,10,0,14,28,2,11,23,116,0,119,35,5,13,9,6,0,18,988
BIHAR,NAWADAH,2007,75,103,2,76,58,8,18,51,226,0,199,61,11,322,15,6,0,22,1803
BIHAR,PATNA,2007,317,115,12,148,626,57,380,644,3212,0,497,216,2,65,80,19,0,296,14064
BIHAR,PATNA RLY.,2007,15,10,3,4,16,14,10,0,1072,0,6,27,0,0,2,12,0,2,835
BIHAR,PURNEA,2007,101,79,11,438,286,32,54,101,440,0,175,68,22,146,17,61,0,63,2582
BIHAR,ROHTAS,2007,89,207,0,46,58,11,36,106,574,0,124,12,25,175,58,21,0,34,2825
BIHAR,SAHARSA,2007,50,123,4,34,70,10,57,39,256,0,218,61,8,148,14,31,0,22,2019
BIHAR,SAMASTIPUR,2007,78,205,33,108,196,31,42,86,640,0,312,37,47,311,55,11,0,42,3154
BIHAR,SARAN,2007,112,345,13,114,82,42,93,110,820,0,331,165,53,1268,47,4,0,39,3556
BIHAR,SHEIKHPURA,2007,25,13,1,8,22,6,9,11,138,0,70,16,6,176,3,5,0,4,765
BIHAR,SHEOHAR,2007,25,24,6,26,16,1,2,8,70,0,97,12,2,47,1,13,0,8,434
BIHAR,SITAMARHI,2007,55,14,3,24,104,30,36,90,470,0,180,50,23,272,30,13,0,30,2665
BIHAR,SIWAN,2007,80,61,15,34,150,26,70,75,404,0,121,85,34,782,32,9,0,45,2412
BIHAR,SUPAUL,2007,44,73,3,86,68,12,39,47,336,0,239,34,13,139,14,69,0,17,1612
BIHAR,VAISHALI,2007,120,35,12,46,262,11,51,157,708,0,267,51,36,211,68,46,0,36,3700
BIHAR,TOTAL,2007,3034,3113,257,3110,5060,764,1787,3259,23590,0,7962,2358,865,16288,1172,853,0,1635,109420
CHHATTISGARH,BALRAMPUR,2007,34,14,3,92,4,3,6,33,50,0,25,4,5,204,1,45,0,22,658
CHHATTISGARH,BILASPUR,2007,93,43,5,122,44,4,62,527,1568,0,158,34,19,1421,26,179,0,129,5581
CHHATTISGARH,BIZAPUR,2007,113,148,0,8,18,29,1,9,18,0,11,3,14,11,0,4,0,2,475
CHHATTISGARH,DANTEWARA,2007,87,99,0,16,12,13,1,52,132,0,9,3,8,46,0,8,0,4,762
CHHATTISGARH,DHAMTARI,2007,14,10,0,52,16,1,6,138,314,0,23,24,9,86,1,63,0,15,1628
CHHATTISGARH,DURG,2007,76,47,2,238,70,9,51,456,1616,0,55,74,20,450,14,200,0,101,6084
CHHATTISGARH,GRP RAIPUR,2007,1,1,0,2,2,0,3,5,372,0,3,0,1,13,1,4,0,0,291
CHHATTISGARH,JAGDALPUR,2007,70,31,1,120,28,3,13,85,244,0,60,24,0,192,2,45,0,24,1924
CHHATTISGARH,JANJGIR,2007,56,35,0,108,14,2,28,251,512,0,69,26,22,203,13,97,0,89,2740
CHHATTISGARH,JASHPUR,2007,57,16,0,122,44,15,32,82,164,0,27,24,10,112,1,43,0,11,1053
CHHATTISGARH,KABIRDHAM,2007,17,8,3,58,6,0,3,81,194,0,19,16,5,406,3,57,0,32,1205
CHHATTISGARH,KANKER,2007,38,27,0,44,12,9,16,81,170,0,29,12,16,35,1,24,0,16,1143
CHHATTISGARH,KORBA,2007,47,11,1,62,10,6,15,152,580,0,31,19,11,461,1,69,0,43,2228
CHHATTISGARH,KORIYA,2007,42,30,1,132,16,2,16,191,344,0,23,11,8,458,0,77,0,29,1589
CHHATTISGARH,MAHASAMUND,2007,16,9,0,50,8,3,10,122,424,0,17,11,6,213,2,56,0,16,1460
CHHATTISGARH,NARAYANPUR,2007,25,31,0,6,6,4,2,9,8,0,0,2,9,9,0,2,0,2,138
CHHATTISGARH,RAIGARH,2007,62,30,0,110,14,1,23,222,658,0,80,21,20,499,7,86,0,33,2764
CHHATTISGARH,RAIPUR,2007,110,77,3,240,106,9,61,714,2344,0,139,105,36,1535,15,253,0,131,8344
CHHATTISGARH,RAJNANDGAON,2007,44,25,0,108,32,3,18,219,494,0,28,24,16,79,8,78,0,59,2900
CHHATTISGARH,SARGUJA,2007,54,31,6,144,18,6,33,96,340,0,30,14,10,90,1,78,0,30,1568
CHHATTISGARH,SURAJPUR,2007,41,24,1,130,8,6,27,107,216,0,45,16,8,278,3,81,0,36,1310
CHHATTISGARH,TOTAL,2007,1097,747,26,1964,488,128,427,3632,10762,0,881,467,253,6801,100,1549,0,824,45845
GOA,NORTH GOA,2007,15,13,6,10,6,0,9,180,550,0,47,22,16,89,2,8,0,3,1290
GOA,SOUTH GOA,2007,18,10,1,30,18,7,13,112,438,0,23,33,8,61,0,12,0,11,1189
GOA,TOTAL,2007,33,23,7,40,24,7,22,292,988,0,70,55,24,150,2,20,0,14,2479
GUJARAT,AHMEDABAD COMMR.,2007,100,44,2,74,426,16,417,677,8604,0,133,204,0,1421,4,104,0,1221,17310
GUJARAT,AHMEDABAD RURAL,2007,30,16,1,12,96,7,38,133,868,0,61,9,17,316,0,22,0,172,4006
GUJARAT,AHWA-DANG,2007,8,2,0,10,0,0,2,6,22,0,5,1,1,17,0,5,0,7,292
GUJARAT,AMRELI,2007,30,13,0,14,98,3,11,98,344,0,62,6,6,295,0,20,0,162,2308
GUJARAT,ANAND,2007,26,7,3,20,118,10,21,161,1178,0,33,12,15,386,0,22,0,170,3919
GUJARAT,BHARUCH,2007,38,10,0,16,30,6,11,112,554,0,29,7,8,219,0,18,0,68,2538
GUJARAT,BHAVNAGAR,2007,43,37,0,36,208,12,76,338,1758,0,156,61,30,116,1,94,0,280,6047
GUJARAT,DAHOD,2007,40,14,1,16,70,27,56,53,352,0,66,4,18,298,0,25,0,56,1722
GUJARAT,GANDHINAGAR,2007,19,12,0,24,48,5,21,129,868,0,39,46,3,220,1,17,0,170,2970
GUJARAT,HIMATNAGAR,2007,46,12,1,10,70,6,9,132,468,0,46,20,7,259,0,33,0,197,6041
GUJARAT,JAMNAGAR,2007,41,34,2,22,44,5,23,182,808,0,64,23,27,367,0,15,0,245,6978
GUJARAT,JUNAGADH,2007,46,15,0,26,112,5,43,175,1090,0,64,24,21,522,1,42,0,419,4864
GUJARAT,KHEDA NORTH,2007,43,7,1,20,70,6,8,138,786,0,49,33,17,387,0,31,0,154,5069
GUJARAT,KUTCH,2007,49,22,1,20,72,13,34,316,1156,0,60,44,8,400,2,20,0,255,5228
GUJARAT,MEHSANA,2007,31,24,1,12,100,10,27,245,1398,0,93,39,13,601,2,23,0,276,4924
GUJARAT,NARMADA,2007,15,2,0,12,8,0,1,11,62,0,5,3,7,115,0,8,0,13,822
GUJARAT,NAVSARI,2007,26,5,0,4,28,9,6,45,200,0,10,4,1,45,0,3,0,23,994
GUJARAT,PALANPUR,2007,45,30,0,38,110,4,31,186,912,0,81,23,22,1187,2,65,0,256,4793
GUJARAT,PANCHMAHAL,2007,55,15,0,32,88,22,20,98,432,0,29,25,15,258,0,33,0,124,3673
GUJARAT,PATAN,2007,18,14,1,12,86,4,16,107,868,0,59,23,14,412,0,33,0,178,2974
GUJARAT,PORBANDAR,2007,6,2,3,2,16,0,4,32,128,0,11,13,4,88,0,4,0,59,924
GUJARAT,RAJKOT COMMR.,2007,37,16,0,8,92,2,32,203,1692,0,57,45,19,344,3,17,0,240,3912
GUJARAT,RAJKOT RURAL,2007,32,21,1,50,116,14,32,164,752,0,65,10,7,423,4,26,0,234,3994
GUJARAT,SURAT COMMR.,2007,108,31,3,48,234,16,42,447,4846,0,111,182,6,848,21,44,0,332,10986
GUJARAT,SURAT RURAL,2007,57,13,0,8,36,13,11,68,364,0,36,14,10,158,1,5,0,37,1607
GUJARAT,SURENDRANAGAR,2007,22,16,0,34,58,9,19,89,540,0,65,13,7,430,0,48,0,119,3220
GUJARAT,VADODARA COMMR.,2007,24,22,0,16,94,9,25,359,2806,0,119,152,6,306,0,11,0,268,5109
GUJARAT,VADODARA RURAL,2007,76,21,0,20,78,6,13,46,384,0,34,12,15,318,0,21,0,63,2858
GUJARAT,VALSAD,2007,39,11,0,16,10,8,11,99,466,0,21,23,5,158,0,6,0,25,1854
GUJARAT,W.RLY,2007,16,6,0,0,8,8,35,21,1622,0,5,41,1,75,0,7,0,4,1259
GUJARAT,TOTAL,2007,1166,494,21,632,2624,255,1095,4870,36328,0,1668,1116,330,10989,42,822,0,5827,123195
HARYANA,AMBALA,2007,39,12,6,46,30,10,11,253,732,0,0,96,4,226,16,11,0,154,2378
HARYANA,BHIWANI,2007,62,22,2,34,64,9,26,231,782,0,125,93,14,315,17,23,0,128,2573
HARYANA,FARIDABAD,2007,65,36,2,74,308,58,32,329,2536,0,153,25,10,224,19,23,0,167,4520
HARYANA,FATEHABAD,2007,25,17,4,14,50,3,7,107,512,0,22,80,4,188,2,16,0,122,1550
HARYANA,GRP,2007,19,2,0,4,14,3,18,1,854,0,6,14,0,17,5,6,0,0,1139
HARYANA,GURGAON,2007,93,58,4,80,222,79,123,724,4460,0,97,183,6,152,17,36,0,122,6355
HARYANA,HISSAR,2007,55,48,4,42,94,11,11,200,988,0,30,78,3,387,7,19,0,157,2986
HARYANA,JHAJJAR,2007,55,45,2,28,60,7,15,104,520,0,53,40,7,163,19,10,0,87,1560
HARYANA,JIND,2007,34,38,8,38,48,5,16,147,528,0,91,61,3,151,12,14,0,95,1654
HARYANA,KAITHAL,2007,32,15,2,28,32,9,9,144,480,0,0,39,4,196,14,26,0,178,1588
HARYANA,KARNAL,2007,53,22,10,94,52,13,26,291,1404,0,60,98,8,794,13,28,0,169,3095
HARYANA,KURUKSHETRA,2007,27,19,0,42,36,9,12,255,1264,0,0,43,7,237,11,11,0,99,2492
HARYANA,MAHENDRAGARH,2007,28,14,0,20,50,4,7,112,374,0,79,12,5,172,14,17,0,47,1686
HARYANA,MEWAT,2007,35,43,3,88,56,44,17,24,416,0,162,60,9,147,13,18,0,153,1677
HARYANA,PALWAL,2007,26,23,3,30,44,27,24,89,508,0,88,54,0,148,9,21,0,54,1670
HARYANA,PANCHKULA,2007,18,3,3,22,50,1,9,103,432,0,2,47,0,44,0,9,0,70,1264
HARYANA,PANIPAT,2007,35,20,5,68,66,56,23,225,1328,0,37,15,5,210,11,13,0,63,2368
HARYANA,REWARI,2007,18,17,3,44,70,11,35,159,668,0,61,35,10,219,12,30,0,76,2318
HARYANA,ROHTAK,2007,56,49,2,36,60,14,20,209,944,0,56,62,6,187,31,18,0,92,2306
HARYANA,SIRSA,2007,29,22,2,46,42,3,14,154,714,0,38,46,14,326,5,21,0,154,1972
HARYANA,SONIPAT,2007,75,44,5,48,84,20,26,210,908,0,10,10,18,314,16,30,0,149,2664
HARYANA,YAMUNANAGAR,2007,32,23,2,50,70,9,21,160,742,0,3,41,5,214,6,17,0,76,1782
HARYANA,TOTAL,2007,911,592,72,976,1602,405,502,4231,22094,0,1173,1232,142,5031,269,417,0,2412,51597
HIMACHAL PRADESH,BILASPUR,2007,1,4,1,12,22,0,6,50,162,0,34,18,12,57,0,33,0,28,1104
HIMACHAL PRADESH,CHAMBA,2007,9,3,0,30,22,0,0,131,108,0,21,8,10,72,0,20,0,6,780
HIMACHAL PRADESH,G.R.P.,2007,0,0,0,0,0,0,0,0,6,0,1,0,0,0,0,0,0,0,4
HIMACHAL PRADESH,HAMIRPUR,2007,7,1,1,10,32,0,1,71,134,0,32,9,15,245,1,29,0,35,1122
HIMACHAL PRADESH,KANGRA,2007,22,11,1,40,50,0,1,94,250,0,136,31,13,197,3,38,0,72,2211
HIMACHAL PRADESH,KINNAUR,2007,7,0,0,18,2,0,0,31,24,0,13,5,1,11,0,1,0,4,215
HIMACHAL PRADESH,KULLU,2007,11,2,1,44,24,1,2,61,148,0,64,20,5,51,0,22,0,18,1020
HIMACHAL PRADESH,LAHAUL-SPITI,2007,1,0,0,2,2,0,0,2,6,0,3,0,0,3,0,1,0,0,81
HIMACHAL PRADESH,MANDI,2007,14,7,1,60,50,0,3,85,234,0,68,21,32,112,0,70,0,60,2203
HIMACHAL PRADESH,SHIMLA,2007,15,15,1,54,56,0,9,126,492,0,111,47,37,64,1,46,0,44,2126
HIMACHAL PRADESH,SIRMAUR,2007,16,4,0,14,24,0,0,48,138,0,61,12,4,41,0,26,0,26,789
HIMACHAL PRADESH,SOLAN,2007,10,9,2,16,34,2,0,112,286,0,70,24,10,364,3,26,0,30,1620
HIMACHAL PRADESH,UNA,2007,14,1,1,18,24,2,1,66,196,0,35,17,2,101,0,10,0,19,947
HIMACHAL PRADESH,TOTAL,2007,127,57,9,318,342,5,23,877,2184,0,649,212,141,1318,8,322,0,342,14222
JAMMU & KASHMIR,ANANTNAG,2007,9,27,5,32,130,0,5,147,240,0,92,39,17,54,0,57,0,0,1310
JAMMU & KASHMIR,AWANTIPORA,2007,13,2,0,10,26,0,4,24,70,0,22,3,1,0,0,29,0,0,377
JAMMU & KASHMIR,BARAMULLA,2007,47,79,3,62,204,4,3,148,362,0,83,16,23,19,0,93,0,2,1544
JAMMU & KASHMIR,BORDER DISTRICT,2007,9,17,0,12,20,0,0,23,124,0,32,12,0,8,2,11,0,3,637
JAMMU & KASHMIR,BUDGAM,2007,5,18,1,34,144,0,9,92,352,0,111,21,8,3,0,118,0,0,1336
JAMMU & KASHMIR,CRIME JAMMU,2007,0,0,0,0,0,0,0,0,0,0,0,43,0,0,0,0,0,0,44
JAMMU & KASHMIR,CRIME SRINAGAR,2007,0,0,0,0,0,0,0,0,0,0,0,67,0,0,0,0,0,0,79
JAMMU & KASHMIR,DODA,2007,35,68,0,56,60,4,5,40,134,0,13,9,16,28,0,26,0,13,947
JAMMU & KASHMIR,GANDERBAL,2007,11,6,0,10,90,0,4,41,116,0,92,12,11,5,0,73,0,5,622
JAMMU & KASHMIR,HANDWARA,2007,12,30,1,30,44,1,3,22,116,0,33,3,2,3,0,62,0,2,440
JAMMU & KASHMIR,JAMMU,2007,22,71,6,50,104,2,2,205,740,0,82,87,14,34,3,23,0,45,3342
JAMMU & KASHMIR,KARGIL,2007,0,2,0,0,2,0,0,4,8,0,3,1,1,0,0,2,0,0,88
JAMMU & KASHMIR,KATHUA,2007,11,28,1,30,36,2,1,60,158,0,51,20,10,25,1,15,0,7,1238
JAMMU & KASHMIR,KULGAM,2007,10,18,2,18,92,1,14,54,170,0,68,13,2,20,0,53,0,0,673
JAMMU & KASHMIR,KUPWARA,2007,23,59,1,8,76,0,4,36,132,0,88,9,9,4,0,77,0,5,682
JAMMU & KASHMIR,LEH,2007,4,3,0,4,6,0,1,19,28,0,4,3,0,3,0,4,0,0,286
JAMMU & KASHMIR,POONCH,2007,13,35,1,26,34,0,0,34,86,0,106,10,0,37,0,28,0,15,761
JAMMU & KASHMIR,PULWAMA,2007,22,54,1,22,102,0,19,76,184,0,136,18,16,57,0,36,0,2,842
JAMMU & KASHMIR,RAILWAYS,2007,1,1,1,0,0,0,0,0,28,0,0,0,0,0,0,0,0,0,27
JAMMU & KASHMIR,RAJOURI,2007,23,27,0,50,102,0,5,77,138,0,31,23,27,24,3,30,0,45,1560
JAMMU & KASHMIR,RAMBAN,2007,18,27,0,30,20,0,0,28,120,0,14,8,5,14,0,6,0,0,734
JAMMU & KASHMIR,REASI,2007,8,14,0,14,22,0,0,9,52,0,1,5,5,1,0,10,0,1,310
JAMMU & KASHMIR,SRINAGAR,2007,15,64,0,54,184,2,29,272,702,0,127,59,18,21,0,219,0,31,2620
JAMMU & KASHMIR,UDHAMPUR,2007,7,19,0,24,18,2,3,49,112,0,20,8,1,14,0,14,0,0,944
JAMMU & KASHMIR,TOTAL,2007,318,669,23,576,1516,18,111,1460,4172,0,1209,489,186,374,9,986,0,176,21443
JHARKHAND,BOKARO,2007,60,21,0,114,86,20,45,108,1244,0,125,35,0,0,21,7,0,62,2751
JHARKHAND,CHAIBASA,2007,127,32,2,86,38,12,21,21,270,0,41,26,1,61,6,10,0,21,1025
JHARKHAND,CHATRA,2007,29,69,1,50,24,34,33,29,174,0,113,2,2,0,15,3,0,8,960
JHARKHAND,DEOGHAR,2007,48,29,3,48,52,11,22,133,552,0,140,4,1,81,21,2,0,0,1813
JHARKHAND,DHANBAD,2007,80,56,7,82,174,43,58,180,1702,0,299,74,6,279,29,32,0,38,3712
JHARKHAND,DHANBAD RLY.,2007,7,0,0,2,0,20,9,0,254,0,7,2,0,0,2,1,0,0,281
JHARKHAND,DUMKA,2007,65,27,0,104,58,6,11,64,382,0,98,29,9,208,23,35,0,49,1569
JHARKHAND,GARHWA,2007,53,45,3,34,40,14,16,21,150,0,141,25,9,169,8,0,0,30,1016
JHARKHAND,GIRIDIH,2007,59,114,0,92,70,56,31,103,578,0,310,49,7,72,20,61,0,71,2710
JHARKHAND,GODDA,2007,55,85,3,60,78,8,9,64,304,0,129,18,9,61,7,3,0,42,1295
JHARKHAND,GUMLA,2007,137,59,3,120,68,24,45,8,182,0,27,11,12,0,1,11,0,9,979
JHARKHAND,HAZARIBAGH,2007,78,72,6,82,56,63,54,136,1270,0,157,207,24,149,45,40,0,86,2777
JHARKHAND,JAMSHEDPUR,2007,92,67,7,130,78,19,62,149,1888,0,118,78,12,826,20,30,0,56,3471
JHARKHAND,JAMSHEDPUR RLY.,2007,4,0,0,2,8,2,4,3,318,0,5,2,0,5,0,1,0,0,265
JHARKHAND,JAMTARA,2007,14,9,5,44,42,4,2,34,190,0,74,14,5,0,6,11,0,24,719
JHARKHAND,KHUNTI,2007,91,9,4,30,30,14,26,2,88,0,9,2,4,24,1,1,0,3,389
JHARKHAND,KODERMA,2007,22,33,3,30,36,15,16,20,240,0,102,27,1,1,11,2,0,9,785
JHARKHAND,LATEHAR,2007,53,3,1,20,28,30,17,9,150,0,38,5,3,85,4,2,0,4,569
JHARKHAND,LOHARDAGGA,2007,31,19,4,64,42,12,23,21,176,0,29,16,4,118,1,12,0,24,620
JHARKHAND,PAKUR,2007,24,100,9,90,44,5,3,16,200,0,66,16,6,151,4,13,0,31,756
JHARKHAND,PALAMU,2007,67,31,1,58,72,23,40,96,290,0,122,20,13,642,17,6,0,31,1597
JHARKHAND,RAMGARH,2007,41,13,0,56,74,22,36,27,700,0,132,56,2,46,11,11,0,46,1346
JHARKHAND,RANCHI,2007,203,78,24,106,176,74,146,171,2354,0,204,64,23,642,17,27,0,100,4849
JHARKHAND,SAHEBGANJ,2007,54,51,2,128,64,4,7,61,106,0,38,8,1,60,9,18,0,25,896
JHARKHAND,SARAIKELA,2007,51,30,2,36,46,14,18,4,302,0,31,19,0,41,4,2,0,26,907
JHARKHAND,SIMDEGA,2007,72,24,2,42,40,15,17,15,118,0,10,5,6,62,0,1,0,6,432
JHARKHAND,TOTAL,2007,1617,1076,92,1710,1524,564,771,1495,14182,0,2565,814,160,3783,303,342,0,801,38489
KARNATAKA,BAGALKOT,2007,38,24,3,8,54,11,11,60,250,0,123,44,15,245,2,51,0,70,2044
KARNATAKA,BANGALORE COMMR.,2007,246,264,7,123,238,244,545,1485,14754,0,425,2052,2,2381,54,187,0,290,27049
KARNATAKA,BANGALORE RURAL,2007,176,43,0,58,86,18,55,330,1668,0,504,86,10,1012,32,99,0,103,8577
KARNATAKA,BELGAUM,2007,110,84,3,44,84,8,51,224,918,0,372,253,39,944,10,129,0,232,6778
KARNATAKA,BELLARY,2007,62,51,0,28,34,5,25,139,452,0,222,70,11,530,7,71,0,62,3636
KARNATAKA,BIDAR,2007,42,46,11,22,52,7,25,160,394,0,172,22,19,946,4,103,0,81,3639
KARNATAKA,BIJAPUR,2007,49,28,1,34,60,12,31,129,310,0,298,72,23,690,2,80,0,145,3218
KARNATAKA,CHAMARAJNAGAR,2007,19,11,1,6,14,1,2,58,168,0,77,15,0,432,2,26,0,18,1373
KARNATAKA,CHICKMAGALUR,2007,32,29,2,22,22,8,22,126,338,0,121,20,7,702,4,55,0,108,2814
KARNATAKA,CHITRADURGA,2007,32,20,0,20,42,1,23,114,366,0,238,27,8,821,9,65,0,51,3929
KARNATAKA,DAKSHIN KANNADA,2007,26,37,1,22,22,5,19,266,430,0,195,93,20,502,2,36,0,46,3888
KARNATAKA,DAVANAGERE,2007,19,22,1,20,32,4,20,134,410,0,220,41,0,472,5,49,0,102,2775
KARNATAKA,DHARWAD COMMR.,2007,16,20,0,10,32,5,60,147,546,0,104,133,0,184,3,10,0,30,2053
KARNATAKA,DHARWAD RURAL,2007,30,13,0,14,12,4,4,19,90,0,64,21,0,114,0,8,0,10,996
KARNATAKA,GADAG,2007,17,17,0,8,10,2,8,50,136,0,111,27,3,131,3,31,0,23,1022
KARNATAKA,GULBARGA,2007,91,90,1,70,108,12,64,185,524,0,498,77,46,1205,19,91,0,127,4952
KARNATAKA,HASSAN,2007,54,35,1,26,30,2,30,191,556,0,130,99,0,1032,11,77,0,83,4531
KARNATAKA,HAVERI,2007,17,21,3,16,42,4,5,93,190,0,197,33,0,249,5,35,0,27,2043
KARNATAKA,K.G.F.,2007,12,23,0,14,14,2,11,48,180,0,39,15,0,208,7,29,0,21,864
KARNATAKA,KODAGU,2007,25,28,2,8,22,2,8,103,258,0,48,19,4,453,4,20,0,43,1613
KARNATAKA,KOLAR,2007,66,62,1,38,70,7,19,133,778,0,291,37,0,720,17,44,0,50,3746
KARNATAKA,KOPPAL,2007,19,10,7,12,10,1,10,85,148,0,121,18,2,199,1,32,0,48,1640
KARNATAKA,MANDYA,2007,48,43,0,34,30,3,9,142,508,0,180,27,0,799,15,66,0,95,4236
KARNATAKA,MYSORE COMMR.,2007,26,38,0,26,38,7,103,173,1146,0,84,78,0,258,4,25,0,123,2937
KARNATAKA,MYSORE RURAL,2007,60,45,0,40,22,7,10,90,380,0,182,24,0,855,11,77,0,108,3195
KARNATAKA,RAICHUR,2007,44,31,2,38,46,5,8,110,284,0,214,74,16,569,3,61,0,97,2873
KARNATAKA,RAILWAYS,2007,17,4,0,0,4,5,21,0,734,0,4,2,0,10,0,0,0,0,488
KARNATAKA,SHIMOGA,2007,40,43,2,46,52,13,41,241,564,0,160,42,5,885,3,81,0,158,4249
KARNATAKA,TUMKUR,2007,74,41,2,34,50,12,39,227,834,0,184,37,16,784,10,105,0,77,4718
KARNATAKA,UDUPI,2007,12,12,1,22,14,2,15,117,238,0,142,22,8,289,1,22,0,19,2389
KARNATAKA,UTTAR KANNADA,2007,19,16,3,8,14,1,19,70,150,0,63,20,8,342,1,63,0,60,2341
KARNATAKA,TOTAL,2007,1538,1251,55,871,1360,420,1313,5449,28702,0,5783,3600,262,18963,251,1828,0,2507,120606
KERALA,ALAPUZHA,2007,19,37,2,50,32,6,41,203,702,0,453,276,19,1158,3,208,0,264,8161
KERALA,CBCID,2007,7,2,0,4,0,0,0,2,2,0,2,12,0,2,1,0,0,3,86
KERALA,ERNAKULAM COMMR.,2007,14,17,13,46,20,4,43,189,700,0,177,284,5,460,0,75,0,88,6602
KERALA,ERNAKULAM RURAL,2007,26,26,14,44,16,33,58,254,670,0,323,186,7,1232,1,126,0,151,9357
KERALA,IDUKKI,2007,24,22,1,56,18,6,27,168,426,0,202,110,25,1323,0,155,0,186,4921
KERALA,KANNUR,2007,14,47,0,68,32,13,98,275,468,0,867,141,48,1243,1,123,0,247,5982
KERALA,KASARGOD,2007,12,13,2,38,4,3,27,156,384,0,519,791,34,648,0,93,0,195,4146
KERALA,KOLLAM,2007,43,27,12,92,44,29,36,298,914,0,546,178,44,2183,4,282,0,447,9239
KERALA,KOTTAYAM,2007,17,17,3,50,40,10,57,314,768,0,423,374,18,1771,1,224,0,185,7859
KERALA,KOZHIKODE COMMR.,2007,9,13,0,30,22,17,80,231,612,0,342,108,5,509,0,70,0,141,3883
KERALA,KOZHIKODE RURAL,2007,10,12,3,50,28,6,30,201,514,0,522,185,30,1034,3,128,0,257,4709
KERALA,MALAPPURAM,2007,22,29,7,82,26,29,32,500,912,0,516,235,19,903,0,139,0,503,7186
KERALA,PALAKKAD,2007,41,19,8,78,18,20,39,215,580,0,385,203,23,1128,6,82,0,356,5461
KERALA,PATHANAMTHITTA,2007,21,12,4,38,38,6,31,179,358,0,301,130,22,1093,0,153,0,162,4879
KERALA,RAILWAYS,2007,0,0,0,0,2,0,6,1,316,0,3,1,0,14,0,6,0,0,214
KERALA,THRISSUR,2007,38,50,9,96,54,37,74,221,712,0,596,400,45,1008,0,202,0,332,10168
KERALA,TRIVANDRUM COMMR.,2007,13,21,3,40,46,40,96,244,1136,0,458,316,10,883,1,141,0,130,5437
KERALA,TRIVANDRUM RURAL,2007,26,24,9,108,52,17,79,322,792,0,522,211,35,1708,4,351,0,242,7885
KERALA,WAYANADU,2007,11,14,2,54,18,2,15,127,252,0,201,74,9,675,2,66,0,110,2355
KERALA,TOTAL,2007,367,402,92,1024,510,278,869,4100,11218,0,7358,4215,398,18975,27,2624,0,3999,108530
MADHYA PRADESH,ANUPPUR,2007,22,4,1,98,12,2,12,94,260,0,9,21,15,466,3,87,0,26,1665
MADHYA PRADESH,ASHOK NAGAR,2007,34,29,5,162,22,4,22,110,456,0,39,15,22,906,13,173,0,43,2746
MADHYA PRADESH,BALAGHAT,2007,51,16,3,106,14,1,18,100,280,0,21,12,7,310,7,89,0,39,2290
MADHYA PRADESH,BARWANI,2007,39,38,1,110,20,2,23,88,598,0,59,2,8,320,4,132,0,32,2501
MADHYA PRADESH,BETUL,2007,51,48,0,312,36,2,20,154,400,0,8,19,20,387,13,174,0,72,3084
MADHYA PRADESH,BHIND,2007,68,104,7,54,30,7,86,147,424,0,43,12,11,723,38,55,0,28,2958
MADHYA PRADESH,BHOPAL,2007,74,76,1,164,96,4,196,978,4568,0,79,133,19,1797,24,212,0,137,14065
MADHYA PRADESH,BHOPAL RLY.,2007,7,2,1,2,0,4,9,8,1924,0,4,2,1,3,2,14,0,1,1317
MADHYA PRADESH,BURHANPUR,2007,16,11,0,24,2,3,8,48,280,0,15,5,3,122,2,54,0,15,1367
MADHYA PRADESH,CHHATARPUR,2007,53,80,0,130,64,4,38,369,664,0,47,23,17,592,31,216,0,85,5103
MADHYA PRADESH,CHHINDWARA,2007,59,28,10,232,28,2,13,172,578,0,49,25,11,1082,16,185,0,118,3880
MADHYA PRADESH,DAMOH,2007,43,47,0,60,28,3,12,141,296,0,15,12,9,1211,20,148,0,50,2755
MADHYA PRADESH,DATIYA,2007,49,49,0,50,42,3,42,123,332,0,30,14,14,421,9,68,0,32,2488
MADHYA PRADESH,DEWAS,2007,39,63,4,168,54,8,24,251,1354,0,90,41,20,460,22,165,0,131,5648
MADHYA PRADESH,DHAR,2007,78,58,5,164,44,8,19,140,930,0,75,131,30,679,35,157,0,56,4620
MADHYA PRADESH,DINDORI,2007,15,3,3,46,0,1,1,35,28,0,7,3,1,122,3,27,0,4,575
MADHYA PRADESH,GUNA,2007,39,28,7,160,6,12,22,212,526,0,57,32,16,772,4,166,0,45,3501
MADHYA PRADESH,GWALIOR,2007,70,139,19,148,136,15,198,1049,3246,0,186,95,22,1242,33,170,0,130,9838
MADHYA PRADESH,HARDA,2007,17,23,0,76,24,0,20,64,316,0,15,5,7,446,5,41,0,34,1418
MADHYA PRADESH,HOSHANGABAD,2007,41,48,0,104,46,1,33,157,788,0,25,16,0,481,11,110,0,59,3174
MADHYA PRADESH,INDORE,2007,111,151,4,204,98,9,175,936,6726,0,198,113,61,1613,21,276,0,319,16874
MADHYA PRADESH,INDORE RLY.,2007,3,0,1,8,0,0,5,0,292,0,0,4,0,11,0,7,0,0,292
MADHYA PRADESH,JABALPUR,2007,81,156,0,154,80,6,104,554,2070,0,145,141,24,3194,42,290,0,144,10945
MADHYA PRADESH,JABALPUR RLY.,2007,2,1,3,2,0,2,7,2,454,0,3,0,0,3,0,5,0,0,397
MADHYA PRADESH,JHABUA,2007,109,51,3,70,28,2,14,76,280,0,28,7,27,550,3,66,0,16,2295
MADHYA PRADESH,KATNI,2007,37,22,2,88,30,2,14,106,372,0,18,33,7,1207,22,129,0,58,2917
MADHYA PRADESH,KHANDWA,2007,19,45,2,128,28,1,15,279,816,0,62,15,9,41,4,152,0,60,3170
MADHYA PRADESH,KHARGON,2007,45,49,0,126,24,1,13,173,1002,0,73,128,18,554,27,154,0,52,4200
MADHYA PRADESH,MANDLA,2007,27,8,0,94,12,2,5,100,144,0,8,10,5,310,3,87,0,15,1653
MADHYA PRADESH,MANDSAUR,2007,30,37,0,80,42,2,38,142,574,0,59,19,30,316,6,132,0,62,3259
MADHYA PRADESH,MORENA,2007,47,92,3,78,76,21,67,220,818,0,139,36,13,1836,26,104,0,78,5100
MADHYA PRADESH,NARSINGHPUR,2007,31,34,0,98,10,0,11,62,310,0,20,6,16,960,22,134,0,39,2336
MADHYA PRADESH,NEEMUCH,2007,18,9,0,40,22,2,10,147,620,0,41,21,10,689,3,70,0,40,2394
MADHYA PRADESH,PANNA,2007,34,38,0,52,24,6,20,133,154,0,7,5,24,372,7,77,0,19,1795
MADHYA PRADESH,RAISEN,2007,45,70,0,150,24,5,20,120,482,0,37,15,6,380,15,148,0,42,3699
MADHYA PRADESH,RAJGARH,2007,25,58,0,200,44,28,45,153,804,0,91,16,87,381,12,227,0,144,5367
MADHYA PRADESH,RATLAM,2007,35,40,1,170,28,8,34,138,710,0,36,32,21,433,5,165,0,85,3781
MADHYA PRADESH,REWA,2007,40,30,0,132,50,4,56,409,922,0,61,45,26,802,26,119,0,72,4689
MADHYA PRADESH,SAGAR,2007,80,101,0,230,64,1,50,453,1114,0,80,24,56,3029,30,345,0,125,8194
MADHYA PRADESH,SATNA,2007,90,46,2,168,54,13,61,422,994,0,65,22,23,941,38,191,0,101,5252
MADHYA PRADESH,SEONI,2007,40,28,3,102,14,1,4,96,296,0,37,30,7,380,8,96,0,19,2576
MADHYA PRADESH,SHAHDOL,2007,29,18,1,100,16,3,29,196,332,0,15,18,10,242,10,128,0,78,2558
MADHYA PRADESH,SHAJAPUR,2007,35,46,4,134,30,9,68,198,920,0,62,26,20,1216,7,163,0,65,3780
MADHYA PRADESH,SHEOPUR,2007,19,23,0,26,12,0,11,40,162,0,35,15,6,225,3,38,0,27,1192
MADHYA PRADESH,SHIVPURI,2007,64,70,5,182,58,8,52,217,624,0,71,38,33,818,23,152,0,36,4178
MADHYA PRADESH,SIDHI,2007,61,25,3,164,88,5,31,335,614,0,59,41,13,637,24,184,0,80,4604
MADHYA PRADESH,SIHORE,2007,35,45,0,112,34,3,14,168,634,0,54,16,14,456,9,94,0,38,3160
MADHYA PRADESH,TIKAMGARH,2007,56,35,1,126,36,5,35,175,414,0,69,20,32,1014,14,148,0,39,3512
MADHYA PRADESH,UJJAIN,2007,70,131,4,158,66,14,123,387,1940,0,102,72,24,717,14,168,0,199,7752
MADHYA PRADESH,UMARIYA,2007,13,12,39,74,4,0,6,92,162,0,28,11,9,163,3,68,0,20,1186
MADHYA PRADESH,VIDISHA,2007,48,58,7,200,44,3,22,261,788,0,72,64,25,611,20,212,0,85,4286
MADHYA PRADESH,TOTAL,2007,2244,2423,155,6020,1844,252,1975,11230,44792,0,2648,1661,909,36643,742,6772,0,3294,202386
MAHARASHTRA,AHMEDNAGAR,2007,99,73,2,110,74,54,107,458,2688,0,397,135,54,772,3,132,0,475,6753
MAHARASHTRA,AKOLA,2007,38,43,1,44,34,15,55,257,1796,0,117,56,28,821,3,86,0,165,4067
MAHARASHTRA,AMRAVATI COMMR.,2007,30,22,0,14,36,7,45,237,1382,0,99,52,11,399,3,35,0,74,2643
MAHARASHTRA,AMRAVATI RURAL,2007,51,36,2,116,52,9,26,214,1522,0,113,54,47,820,11,118,0,123,3692
MAHARASHTRA,AURANGABAD COMMR.,2007,37,27,0,36,58,19,67,276,1524,0,157,121,10,397,11,57,0,171,3155
MAHARASHTRA,AURANGABAD RURAL,2007,57,19,2,28,30,15,45,165,752,0,237,37,46,743,39,71,0,256,3032
MAHARASHTRA,BEED,2007,69,50,0,46,96,41,88,303,1290,0,484,43,82,997,18,91,0,353,4466
MAHARASHTRA,BHANDARA,2007,30,10,3,38,14,3,18,177,1094,0,94,23,37,362,2,55,0,68,2554
MAHARASHTRA,BULDHANA,2007,56,41,3,78,44,21,28,220,1266,0,210,39,57,730,12,124,0,256,3780
MAHARASHTRA,CHANDRAPUR,2007,59,23,4,70,50,8,34,383,1630,0,129,70,70,663,5,115,0,169,4148
MAHARASHTRA,DHULE,2007,49,23,1,30,10,16,24,124,794,0,170,84,8,421,10,37,0,223,2681
MAHARASHTRA,GADCHIROLI,2007,53,47,5,22,16,6,7,98,324,0,39,9,27,200,3,31,0,44,1282
MAHARASHTRA,GONDIA,2007,34,14,1,64,26,10,22,188,628,0,58,31,30,330,3,71,0,51,1937
MAHARASHTRA,HINGOLI,2007,29,16,0,18,16,8,24,81,334,0,121,30,18,449,3,45,0,98,1597
MAHARASHTRA,JALGAON,2007,94,38,1,104,54,23,49,211,1334,0,264,255,16,671,20,75,0,420,4599
MAHARASHTRA,JALNA,2007,52,22,1,34,34,13,36,152,722,0,184,85,26,491,31,43,0,266,2584
MAHARASHTRA,KOLHAPUR,2007,65,47,1,60,32,12,35,242,1532,0,231,231,11,583,16,51,0,125,3989
MAHARASHTRA,LATUR,2007,73,37,0,34,52,11,53,249,904,0,191,64,44,971,66,73,0,107,3837
MAHARASHTRA,MUMBAI COMMR.,2007,230,116,2,348,358,73,265,2886,23340,0,260,1735,13,3781,17,365,0,380,30481
MAHARASHTRA,MUMBAI RLY.,2007,4,5,1,2,2,3,39,3,3442,0,6,22,0,41,0,5,0,0,1966
MAHARASHTRA,NAGPUR COMMR.,2007,73,60,5,100,132,86,357,1141,4708,0,242,309,20,996,7,96,0,251,9791
MAHARASHTRA,NAGPUR RLY.,2007,4,1,0,0,4,5,22,0,1756,0,5,1,0,29,0,8,0,0,1031
MAHARASHTRA,NAGPUR RURAL,2007,71,24,1,78,48,16,47,232,1686,0,117,66,43,651,7,92,0,60,4436
MAHARASHTRA,NANDED,2007,83,82,6,66,80,24,54,317,1028,0,307,121,54,1137,19,83,0,213,4654
MAHARASHTRA,NANDURBAR,2007,32,19,1,28,6,11,13,55,426,0,90,39,7,294,3,24,0,94,1579
MAHARASHTRA,NASIK COMMR.,2007,33,26,1,14,42,6,50,460,2036,0,153,127,12,224,1,34,0,127,3115
MAHARASHTRA,NASIK RURAL,2007,80,56,3,88,58,37,35,226,1118,0,406,86,13,839,8,91,0,326,4899
MAHARASHTRA,NAVI MUMBAI,2007,45,22,1,34,32,63,118,452,3408,0,187,169,12,460,5,32,0,53,4705
MAHARASHTRA,OSMANABAD,2007,44,24,2,58,46,29,43,209,894,0,178,125,46,611,2,84,0,172,3206
MAHARASHTRA,PARBHANI,2007,47,39,3,44,28,27,53,181,580,0,114,57,30,1151,8,54,0,183,2743
MAHARASHTRA,PUNE COMMR.,2007,126,126,8,132,244,89,232,1369,9306,0,457,517,18,1274,6,79,0,250,12818
MAHARASHTRA,PUNE RLY.,2007,6,0,0,0,2,5,7,0,632,0,5,2,0,11,0,0,0,0,392
MAHARASHTRA,PUNE RURAL,2007,130,51,12,118,82,73,73,377,2156,0,272,186,29,655,17,101,0,203,6244
MAHARASHTRA,RAIGAD,2007,37,28,1,58,26,28,25,192,852,0,170,67,8,273,4,39,0,72,2391
MAHARASHTRA,RATNAGIRI,2007,19,4,5,34,18,11,10,152,548,0,97,39,35,206,2,33,0,48,1600
MAHARASHTRA,SANGLI,2007,74,24,0,56,36,13,23,182,1036,0,148,132,30,395,11,72,0,116,2651
MAHARASHTRA,SATARA,2007,75,26,5,86,76,24,73,381,1932,0,179,110,24,480,9,59,0,256,4335
MAHARASHTRA,SINDHUDURG,2007,17,3,1,18,8,1,6,101,264,0,48,20,11,117,4,13,0,8,782
MAHARASHTRA,SOLAPUR COMMR.,2007,22,24,0,24,32,11,34,120,638,0,69,88,7,174,0,15,0,81,1564
MAHARASHTRA,SOLAPUR RURAL,2007,77,53,5,92,70,37,65,255,1310,0,270,49,38,668,4,63,0,128,4220
MAHARASHTRA,THANE COMMR.,2007,120,74,4,156,220,66,146,1136,4958,0,323,477,24,1352,20,148,0,355,8911
MAHARASHTRA,THANE RURAL,2007,128,39,6,134,92,69,92,513,1706,0,300,126,22,759,7,108,0,139,5267
MAHARASHTRA,WARDHA,2007,49,32,3,62,52,7,37,248,1308,0,88,48,72,756,0,107,0,92,4026
MAHARASHTRA,WASHIM,2007,22,19,3,28,38,7,22,121,790,0,88,35,32,489,8,62,0,131,2155
MAHARASHTRA,YAVATMAL,2007,70,50,7,98,64,9,66,263,1988,0,119,63,45,979,8,129,0,174,4949
MAHARASHTRA,TOTAL,2007,2693,1615,113,2902,2624,1121,2770,15607,95362,0,7993,6235,1267,29622,436,3306,0,7356,195707
MANIPUR,BISHNUPUR,2007,31,31,1,8,18,9,0,5,76,0,11,9,3,53,0,21,0,0,367
MANIPUR,CHANDEL,2007,16,17,0,0,4,3,0,2,14,0,2,3,3,13,0,0,0,0,88
MANIPUR,CHURACHANDPUR,2007,28,5,0,2,12,0,0,11,92,0,2,4,0,1,0,0,0,0,157
MANIPUR,IMPHAL EAST,2007,41,89,0,2,56,81,1,7,140,0,13,6,15,68,0,4,0,1,608
MANIPUR,IMPHAL WEST,2007,61,130,0,14,128,43,3,30,456,0,18,40,16,138,0,28,0,11,1238
MANIPUR,SENAPATI,2007,17,15,0,2,16,10,5,0,24,0,6,2,14,5,0,0,0,0,145
MANIPUR,TAMENGLONG,2007,3,4,0,0,4,0,0,0,10,0,2,0,1,1,0,0,0,0,38
MANIPUR,THOUBAL,2007,39,74,1,12,54,1,1,12,80,0,16,25,8,97,0,17,0,3,544
MANIPUR,UKHRUL,2007,4,12,0,0,8,2,1,3,16,0,0,4,3,1,0,0,0,0,74
MANIPUR,TOTAL,2007,240,377,2,40,300,149,11,70,908,0,70,93,63,377,0,70,0,15,3259
MEGHALAYA,GARO HILLS EAST,2007,9,10,1,8,12,8,0,20,64,0,22,0,6,9,0,3,0,0,159
MEGHALAYA,GARO HILLS SOUTH,2007,2,5,0,2,4,2,4,5,24,0,2,1,0,5,0,0,0,0,53
MEGHALAYA,GARO HILLS WEST,2007,13,6,3,8,32,11,6,26,114,0,2,13,1,28,0,12,0,4,267
MEGHALAYA,JAINTIA HILLS,2007,43,2,0,52,6,10,7,21,112,0,0,6,5,22,0,6,0,0,314
MEGHALAYA,KHASI HILLS EAST,2007,21,19,3,64,44,9,30,108,540,0,3,136,21,56,2,11,0,13,979
MEGHALAYA,KHASI HILLS WEST,2007,16,4,1,16,4,13,3,14,40,0,2,5,0,0,0,2,0,0,127
MEGHALAYA,RI-BHOI,2007,10,3,0,14,2,3,6,9,106,0,2,3,3,4,0,11,0,2,180
MEGHALAYA,TOTAL,2007,114,49,8,164,104,56,56,203,1000,0,33,164,36,124,2,45,0,19,2079
MIZORAM,AIZAWL,2007,18,11,3,70,6,0,3,216,928,0,1,42,22,38,0,38,0,2,1056
MIZORAM,CHAMPHAI,2007,5,2,0,24,0,0,0,32,130,0,0,8,3,10,0,3,0,0,164
MIZORAM,KOLASIB,2007,9,1,0,24,2,0,1,47,166,0,0,3,7,12,0,6,0,0,248
MIZORAM,LAWNGTLAI,2007,5,2,0,6,0,0,0,20,54,0,0,3,0,10,0,5,0,0,124
MIZORAM,LUNGLEI,2007,2,1,0,18,0,0,1,78,180,0,0,6,1,4,0,7,0,0,237
MIZORAM,MAMIT,2007,1,2,1,2,0,0,0,28,48,0,0,1,3,0,0,3,0,0,74
MIZORAM,SAIHA,2007,2,0,0,6,0,0,0,19,58,0,0,0,0,8,0,3,0,0,103
MIZORAM,SERCHHIP,2007,1,2,0,16,0,0,0,17,52,0,0,3,2,3,0,1,0,0,77
MIZORAM,TOTAL,2007,43,21,4,166,8,0,5,457,1616,0,1,66,38,85,0,66,0,2,2083
NAGALAND,DIMAPUR,2007,30,8,0,10,14,2,49,64,418,0,1,15,2,9,0,5,0,0,510
NAGALAND,KIPHIRE,2007,3,1,0,0,0,0,0,1,4,0,0,1,0,0,0,0,0,0,19
NAGALAND,KOHIMA,2007,24,14,2,8,8,4,18,17,126,0,0,10,0,6,0,1,0,0,248
NAGALAND,LONGLENG,2007,1,2,1,0,2,0,0,0,0,0,0,1,0,0,0,0,0,0,13
NAGALAND,MOKOKCHUNG,2007,17,3,0,2,6,1,2,10,26,0,3,1,0,5,0,0,0,0,84
NAGALAND,MON,2007,9,1,2,0,0,0,2,7,20,0,0,4,0,7,0,1,0,0,57
NAGALAND,PEREN,2007,3,0,0,0,2,0,1,5,16,0,0,0,1,2,0,0,0,0,28
NAGALAND,PHEK,2007,5,5,2,0,0,0,2,5,16,0,2,0,0,6,0,1,0,0,50
NAGALAND,TUENSANG,2007,7,4,0,0,2,0,0,4,18,0,6,1,1,2,0,0,0,0,51
NAGALAND,WOKHA,2007,8,7,0,6,0,0,1,1,46,0,2,1,1,9,0,0,0,0,66
NAGALAND,ZUNHEBOTO,2007,4,5,1,0,0,0,0,4,30,0,1,0,0,6,0,0,0,0,54
NAGALAND,TOTAL,2007,111,50,8,26,34,7,75,118,720,0,15,34,5,52,0,8,0,0,1180
ODISHA,ANGUL,2007,54,71,1,76,74,14,61,111,740,0,141,22,31,86,16,199,0,43,2428
ODISHA,BALASORE,2007,36,33,1,110,102,17,40,172,580,0,47,31,23,368,35,113,0,32,2797
ODISHA,BARAGARH,2007,41,47,2,36,28,5,33,71,340,0,103,10,20,37,10,63,0,9,1422
ODISHA,BERHAMPUR,2007,16,36,0,8,16,8,27,91,266,0,37,47,10,70,9,98,0,17,1056
ODISHA,BHADRAK,2007,30,20,0,84,42,8,23,59,136,0,37,42,15,25,36,76,0,11,1734
ODISHA,BOLANGIR,2007,38,61,0,106,52,7,37,71,286,0,102,48,14,88,16,144,0,18,1870
ODISHA,BOUDH,2007,10,4,0,18,10,2,4,21,54,0,40,0,8,170,1,59,0,8,485
ODISHA,CUTTACK,2007,42,40,0,82,136,19,136,261,1506,0,104,79,23,82,48,47,0,36,3919
ODISHA,DEOGARH,2007,26,23,0,26,16,3,16,32,88,0,17,16,4,189,2,79,0,10,655
ODISHA,DHENKANAL,2007,59,53,0,70,52,9,54,61,386,0,109,44,30,82,25,197,0,20,1900
ODISHA,GAJAPATI,2007,12,6,0,16,20,0,1,28,54,0,24,11,4,23,2,30,0,6,452
ODISHA,GANJAM,2007,66,127,3,68,54,7,40,150,298,0,171,27,30,372,20,232,0,18,2244
ODISHA,JAGATSINGHPUR,2007,23,4,0,36,26,20,34,69,240,0,39,34,10,127,19,8,0,12,1317
ODISHA,JAJPUR,2007,35,17,0,50,64,15,44,103,418,0,112,38,11,562,33,101,0,25,2152
ODISHA,JHARSUGUDA,2007,21,27,0,22,32,19,28,109,502,0,57,13,5,511,1,67,0,15,1426
ODISHA,KALAHANDI,2007,30,15,0,60,46,6,24,59,186,0,67,77,6,180,12,68,0,19,1302
ODISHA,KANDHAMAL,2007,25,19,0,64,28,0,24,42,80,0,82,9,23,359,4,114,0,32,952
ODISHA,KENDRAPARA,2007,40,13,0,60,62,14,40,95,186,0,34,15,13,47,41,11,0,27,1465
ODISHA,KEONJHAR,2007,81,85,0,82,70,6,54,82,462,0,88,38,24,35,21,211,0,25,1891
ODISHA,KHURDA,2007,56,59,4,106,158,25,175,475,2620,0,93,346,23,1585,20,52,0,53,6052
ODISHA,KORAPUT,2007,42,34,1,82,64,2,21,85,282,0,39,34,8,60,4,126,0,54,1512
ODISHA,MALKANGIR,2007,30,19,0,24,18,1,7,11,60,0,29,3,3,49,2,20,0,12,380
ODISHA,MAYURBHANJ,2007,98,54,0,148,64,11,47,96,580,0,30,48,12,352,16,176,0,68,2434
ODISHA,NAYAGARH,2007,31,26,0,42,70,0,16,81,200,0,35,27,8,524,14,13,0,21,1273
ODISHA,NOWRANGPUR,2007,28,21,2,56,44,3,6,30,84,0,42,7,4,88,1,62,0,17,851
ODISHA,NUAPADA,2007,17,13,0,10,28,1,4,30,118,0,20,21,7,65,8,43,0,17,749
ODISHA,PURI,2007,21,32,0,86,34,11,90,174,696,0,79,39,11,169,34,19,0,25,2809
ODISHA,RAYAGADA,2007,31,22,7,46,28,1,7,45,118,0,39,29,1,2,2,71,0,23,788
ODISHA,ROURKELA,2007,23,15,1,30,18,8,31,68,442,0,22,46,2,219,2,60,0,9,1418
ODISHA,SAMBALPUR,2007,46,30,0,54,30,20,82,169,518,0,80,29,16,337,5,70,0,29,2127
ODISHA,SONEPUR,2007,9,19,0,32,24,0,8,24,90,0,27,9,3,142,0,64,0,4,466
ODISHA,SRP(CUTTACK),2007,2,0,0,0,4,2,11,5,414,0,0,4,0,29,0,1,0,1,343
ODISHA,SRP(ROURKELA),2007,6,0,0,2,4,4,10,9,206,0,3,3,0,1,0,4,0,0,281
ODISHA,SUNDARGARH,2007,85,60,0,86,84,21,38,84,424,0,34,17,9,443,2,77,0,12,1922
ODISHA,TOTAL,2007,1210,1105,22,1878,1602,289,1273,3073,13660,0,1983,1263,411,7478,461,2775,0,728,54872
PUNJAB,AMRITSAR,2007,43,46,11,42,96,11,21,137,890,0,0,267,2,251,5,20,0,78,2142
PUNJAB,AMRITSAR RURAL,2007,31,24,2,20,62,1,3,28,140,0,0,83,7,142,1,9,0,17,744
PUNJAB,BARNALA,2007,12,17,7,14,12,1,1,29,130,0,1,58,1,109,5,8,0,12,637
PUNJAB,BATALA,2007,25,36,2,30,38,2,0,64,288,0,0,170,0,204,2,18,0,54,1049
PUNJAB,BHATINDA,2007,41,54,11,54,68,3,7,201,618,0,0,138,11,285,6,25,0,33,1893
PUNJAB,FARIDKOT,2007,23,29,1,26,34,1,2,108,274,0,0,114,4,197,2,19,0,28,1067
PUNJAB,FATEHGARH SAHIB,2007,10,15,5,30,94,2,3,124,488,0,0,137,0,191,5,17,0,0,1292
PUNJAB,FEROZPUR,2007,48,48,7,66,66,2,0,135,398,0,0,145,6,506,5,21,0,44,1868
PUNJAB,G.R.P,2007,14,0,2,4,2,3,0,3,68,0,0,6,0,22,2,2,0,0,306
PUNJAB,GURDASPUR,2007,19,17,11,60,52,3,2,66,240,0,0,84,1,123,9,15,0,28,1100
PUNJAB,HOSHIARPUR,2007,43,39,5,54,50,1,2,106,420,0,0,168,8,352,6,18,0,71,1690
PUNJAB,JAGRAON,2007,10,24,5,30,20,7,0,44,200,0,0,56,0,151,1,8,0,24,874
PUNJAB,JALANDHAR,2007,63,118,32,108,226,16,11,332,1260,0,0,537,14,615,12,48,0,120,3855
PUNJAB,KAPURTHALA,2007,29,33,4,44,44,7,15,91,420,0,0,199,7,225,7,25,0,42,1480
PUNJAB,KHANNA,2007,24,21,4,34,36,3,7,61,216,0,0,112,0,160,8,0,0,33,1083
PUNJAB,LUDHIANA,2007,63,76,8,116,240,23,19,273,1328,0,0,310,6,276,9,25,0,107,3409
PUNJAB,MANSA,2007,28,31,6,40,16,1,1,47,118,0,0,48,4,189,6,5,0,22,777
PUNJAB,MOGA,2007,37,34,8,14,44,2,4,70,250,0,0,155,6,260,4,20,0,30,1124
PUNJAB,MUKTSAR,2007,27,32,4,22,44,0,2,64,208,0,0,36,1,169,4,11,0,13,787
PUNJAB,NAWAN SHAHR,2007,21,20,2,26,20,2,15,61,198,0,0,72,0,202,4,15,0,15,824
PUNJAB,PATIALA,2007,51,55,8,44,50,11,3,158,640,0,0,164,6,370,17,22,0,109,2428
PUNJAB,ROPAR,2007,10,11,3,14,18,1,5,78,216,0,0,81,4,99,2,11,0,24,898
PUNJAB,SANGRUR,2007,36,58,9,62,52,7,8,132,420,0,0,115,8,234,5,31,0,51,1678
PUNJAB,SAS NGR,2007,11,21,13,32,66,7,2,139,624,0,0,179,0,125,0,0,0,0,1602
PUNJAB,TARN TARAN,2007,41,34,0,52,70,12,5,65,294,0,0,147,0,206,6,34,0,16,1186
PUNJAB,TOTAL,2007,760,893,170,1038,1520,129,138,2616,10346,0,1,3581,96,5663,133,427,0,971,35793
RAJASTHAN,AJMER,2007,53,71,1,62,178,3,24,270,1734,0,55,617,13,281,19,105,0,515,6708
RAJASTHAN,ALWAR,2007,89,62,4,146,218,7,38,178,2482,0,35,746,32,2022,43,141,0,391,8199
RAJASTHAN,BANSWARA,2007,39,13,1,78,92,3,9,64,212,0,95,71,23,811,4,55,0,100,2199
RAJASTHAN,BARAN,2007,37,98,0,86,56,4,13,92,542,0,8,129,17,381,8,112,0,194,2489
RAJASTHAN,BARMER,2007,26,27,1,38,58,0,1,105,356,0,7,200,19,559,9,78,0,103,2664
RAJASTHAN,BHARATPUR,2007,69,48,5,124,224,43,22,69,1544,0,22,552,50,479,30,41,0,360,6931
RAJASTHAN,BHILWARA,2007,34,46,4,96,132,1,47,227,1192,0,24,379,14,113,10,80,0,329,4629
RAJASTHAN,BIKANER,2007,39,85,0,64,72,0,8,124,640,0,2,448,5,610,18,76,0,307,4105
RAJASTHAN,BUNDI,2007,28,55,0,56,114,1,14,98,432,0,24,191,8,608,2,87,0,204,2868
RAJASTHAN,CHITTORGARH,2007,48,48,3,184,294,6,38,230,1256,0,132,301,46,1758,6,155,0,530,6242
RAJASTHAN,CHURU,2007,20,29,2,54,54,0,6,106,320,0,8,228,8,579,11,38,0,244,2587
RAJASTHAN,DAUSA,2007,34,18,1,32,134,0,9,108,1450,0,28,267,27,0,12,39,0,112,4195
RAJASTHAN,DHOLPUR,2007,44,68,0,40,114,12,12,43,806,0,29,115,14,1422,13,22,0,164,3371
RAJASTHAN,DUNGARPUR,2007,23,17,0,20,84,3,10,47,116,0,70,62,16,181,2,58,0,66,1991
RAJASTHAN,G.R.P.,2007,4,5,0,0,12,4,2,0,966,0,14,7,1,7,1,12,0,0,972
RAJASTHAN,GANGANAGAR,2007,61,73,1,132,112,1,18,191,776,0,0,686,6,959,11,64,0,625,5172
RAJASTHAN,HANUMANGARH,2007,32,137,1,78,48,2,6,91,398,0,0,376,7,265,14,53,0,179,2922
RAJASTHAN,JAIPUR EAST,2007,14,31,0,50,130,6,102,358,4590,0,121,462,5,42,7,38,0,159,6527
RAJASTHAN,JAIPUR NORTH,2007,17,27,0,46,152,2,24,159,1660,0,52,430,4,347,11,37,0,168,3789
RAJASTHAN,JAIPUR RURAL,2007,66,25,7,78,170,3,24,246,2194,0,105,848,44,638,25,127,0,204,8929
RAJASTHAN,JAIPUR SOUTH,2007,21,18,2,28,130,3,27,304,2586,0,114,721,5,393,7,26,0,157,5179
RAJASTHAN,JAISALMER,2007,5,3,0,8,26,1,2,39,278,0,24,71,5,0,7,9,0,23,972
RAJASTHAN,JALORE,2007,21,22,0,14,60,2,3,79,304,0,18,110,29,72,9,62,0,107,2329
RAJASTHAN,JHALAWAR,2007,43,105,2,108,98,24,20,78,780,0,67,113,26,458,10,113,0,222,2782
RAJASTHAN,JHUNJHUNU,2007,44,16,1,62,68,0,2,135,620,0,33,310,33,740,18,39,0,204,3956
RAJASTHAN,JODHPUR CITY,2007,16,57,2,32,110,0,16,207,1436,0,20,487,11,614,11,32,0,227,3472
RAJASTHAN,JODHPUR RURAL,2007,23,30,0,48,38,2,13,102,464,0,17,126,22,1048,15,49,0,70,2699
RAJASTHAN,KARAULI,2007,37,51,2,56,138,6,26,27,848,0,13,136,36,19,18,35,0,110,3564
RAJASTHAN,KOTA CITY,2007,22,154,2,50,168,3,62,137,1794,0,10,384,10,145,10,41,0,261,3661
RAJASTHAN,KOTA RURAL,2007,25,37,2,60,66,2,23,87,418,0,15,109,12,250,5,73,0,173,1768
RAJASTHAN,NAGAUR,2007,42,46,1,76,98,1,20,200,744,0,6,347,11,127,12,119,0,252,4001
RAJASTHAN,PALI,2007,30,36,5,78,142,0,13,220,666,0,26,315,12,33,5,108,0,268,4733
RAJASTHAN,RAJSAMAND,2007,13,16,0,10,86,1,9,91,346,0,41,143,7,662,6,28,0,189,2325
RAJASTHAN,SAWAI MADHOPUR,2007,19,21,3,42,96,1,12,81,904,0,16,224,16,9,13,33,0,131,3485
RAJASTHAN,SIKAR,2007,36,35,2,68,118,2,8,152,706,0,24,373,22,443,19,32,0,183,4047
RAJASTHAN,SIROHI,2007,22,21,1,46,74,0,9,68,328,0,27,127,6,438,5,51,0,130,1888
RAJASTHAN,TONK,2007,23,36,1,38,120,0,9,84,542,0,51,212,9,910,3,20,0,212,3497
RAJASTHAN,UDAIPUR,2007,84,85,7,188,270,3,77,267,1260,0,273,496,44,1297,10,189,0,297,7023
RAJASTHAN,TOTAL,2007,1303,1772,64,2476,4354,152,778,5164,38690,0,1626,11919,675,19720,439,2477,0,8170,148870
SIKKIM,EAST,2007,2,10,2,16,10,0,4,52,124,0,9,28,1,29,0,3,0,3,328
SIKKIM,NORTH,2007,0,0,1,0,0,0,1,3,10,0,0,0,0,5,0,0,0,1,32
SIKKIM,SOUTH,2007,1,2,0,24,2,0,0,18,58,0,5,6,0,33,0,3,0,2,180
SIKKIM,WEST,2007,6,2,0,8,6,0,1,10,44,0,1,0,0,28,0,7,0,1,127
SIKKIM,TOTAL,2007,9,14,3,48,18,0,6,83,236,0,15,34,1,95,0,13,0,7,667
TAMIL NADU,CHENNAI,2007,145,247,4,92,166,8,74,654,4234,0,115,433,11,1224,43,108,0,323,16508
TAMIL NADU,CHENNAI RLY.,2007,4,5,0,0,6,1,4,4,226,0,17,1,0,28,1,2,0,0,358
TAMIL NADU,COIMBATORE RURAL,2007,87,62,1,32,168,7,27,286,2088,0,190,169,17,776,11,121,0,163,14360
TAMIL NADU,COIMBATORE URBAN,2007,22,15,0,20,28,1,8,131,1364,0,5,92,4,162,4,12,0,50,3924
TAMIL NADU,CUDDALORE,2007,61,114,0,56,114,4,28,117,980,0,152,32,41,603,3,28,0,50,6909
TAMIL NADU,DHARMAPURI,2007,38,46,4,12,88,6,2,38,248,0,128,39,21,961,4,77,0,45,3488
TAMIL NADU,DINDIGUL,2007,40,79,0,24,100,1,10,71,594,0,57,71,15,379,3,28,0,66,4439
TAMIL NADU,ERODE,2007,54,31,0,40,132,5,10,133,1206,0,64,90,30,613,5,64,0,99,7380
TAMIL NADU,KANCHIPURAM,2007,57,97,0,50,36,4,16,157,736,0,80,32,23,390,13,27,0,10,7236
TAMIL NADU,KANYAKUMARI,2007,27,51,1,22,44,3,6,116,584,0,0,100,18,500,7,11,0,70,4206
TAMIL NADU,KARUR,2007,18,17,0,6,28,2,14,37,336,0,29,16,2,171,0,16,0,17,2642
TAMIL NADU,KRISHNAGIRI,2007,72,44,0,22,76,15,21,40,582,0,163,57,17,617,3,43,0,16,4562
TAMIL NADU,MADURAI RURAL,2007,55,52,0,18,72,10,10,77,504,0,133,116,14,521,11,54,0,97,4734
TAMIL NADU,MADURAI URBAN,2007,27,25,0,8,46,3,5,68,668,0,7,163,3,119,10,11,0,76,2325
TAMIL NADU,NAGAPATTINAM,2007,39,65,0,28,56,2,4,56,410,0,40,54,28,469,4,53,0,22,4404
TAMIL NADU,NAMAKKAL,2007,26,19,0,24,62,4,7,46,460,0,55,33,11,394,3,33,0,27,3849
TAMIL NADU,NILGIRIS,2007,13,8,0,12,10,2,2,62,208,0,15,12,0,182,1,13,0,8,1365
TAMIL NADU,PERAMBALUR,2007,32,35,1,52,44,1,5,53,344,0,47,20,17,301,3,65,0,31,2896
TAMIL NADU,PUDUKOTTAI,2007,34,29,3,28,50,0,9,59,514,0,41,26,13,273,6,55,0,36,3450
TAMIL NADU,RAMNATHAPURAM,2007,37,55,0,16,50,0,6,61,374,0,49,59,13,387,3,29,0,7,3027
TAMIL NADU,SALEM RURAL,2007,67,54,2,50,142,10,21,55,404,0,191,25,40,1255,6,125,0,69,5208
TAMIL NADU,SALEM URBAN,2007,16,30,0,20,56,0,5,41,372,0,28,50,3,237,2,14,0,42,1520
TAMIL NADU,SIVAGANGAI,2007,43,50,0,6,80,0,9,71,454,0,39,70,18,315,3,4,0,63,2897
TAMIL NADU,THANJAVUR,2007,68,66,0,10,100,12,18,133,1176,0,71,35,35,766,9,96,0,46,6504
TAMIL NADU,THENI,2007,29,62,1,8,44,1,9,105,482,0,77,74,26,481,3,42,0,44,3712
TAMIL NADU,THIRUNELVELI RURAL,2007,80,262,1,70,112,1,46,170,832,0,2,87,75,871,5,96,0,105,7610
TAMIL NADU,THIRUNELVELI URBAN,2007,16,47,1,12,20,2,10,34,392,0,6,37,6,87,1,8,0,7,1398
TAMIL NADU,THIRUVALLUR,2007,23,35,0,14,28,2,2,41,322,0,37,21,18,382,3,88,0,16,3056
TAMIL NADU,THIRUVANNAMALAI,2007,45,26,1,28,50,1,2,67,390,0,73,49,23,562,4,25,0,15,4663
TAMIL NADU,THIRUVARUR,2007,39,44,1,18,60,5,13,121,350,0,81,33,10,534,10,23,0,25,4300
TAMIL NADU,THOOTHUGUDI,2007,62,100,0,38,66,0,11,156,822,0,4,116,16,437,2,5,0,61,4663
TAMIL NADU,TRICHY RLY.,2007,0,0,0,0,0,0,0,0,62,0,2,1,0,10,0,1,0,0,92
TAMIL NADU,TRICHY RURAL,2007,49,19,0,24,46,0,10,57,368,0,16,20,8,194,4,19,0,31,3566
TAMIL NADU,TRICHY URBAN,2007,21,22,0,4,34,1,18,68,1032,0,4,80,1,79,2,7,0,33,3218
TAMIL NADU,VELLORE,2007,66,36,2,50,110,0,11,165,836,0,4,52,13,647,8,26,0,75,7343
TAMIL NADU,VILLUPURAM,2007,70,76,5,116,128,6,24,89,738,0,282,49,35,664,5,72,0,83,6919
TAMIL NADU,VIRUDHUNAGAR,2007,51,53,0,16,88,1,18,78,742,0,71,96,28,376,3,39,0,48,4023
TAMIL NADU,TOTAL,2007,1633,2078,28,1046,2540,121,495,3717,26434,0,2375,2510,653,16967,208,1540,0,1976,172754
TRIPURA,DHALAI,2007,18,3,1,26,54,1,8,20,58,0,18,6,2,44,4,19,0,28,358
TRIPURA,NORTH,2007,21,6,0,52,42,1,6,35,144,0,21,14,7,113,0,27,0,100,706
TRIPURA,SOUTH,2007,34,35,0,82,42,0,27,53,250,0,33,37,5,138,10,106,0,172,1267
TRIPURA,WEST,2007,65,14,1,154,88,14,23,85,370,0,70,28,9,251,22,92,0,245,1942
TRIPURA,TOTAL,2007,138,58,2,314,226,16,64,193,822,0,142,85,23,546,36,244,0,545,4273
UTTAR PRADESH,AGRA,2007,123,141,55,60,418,11,57,213,2966,0,218,324,4,409,78,82,0,380,6135
UTTAR PRADESH,ALIGARH,2007,166,154,33,100,294,19,67,105,1360,0,164,197,20,324,70,74,0,237,3751
UTTAR PRADESH,ALLAHABAD,2007,143,85,43,52,200,4,47,217,1212,0,106,209,6,357,63,40,0,207,4417
UTTAR PRADESH,AMBEDKAR NAGAR,2007,26,20,12,30,66,1,19,39,252,0,26,53,0,169,8,10,0,139,1027
UTTAR PRADESH,AURAIYA,2007,37,34,7,18,68,5,22,29,162,0,47,30,8,142,34,17,0,29,1069
UTTAR PRADESH,AZAMGARH,2007,54,23,31,22,68,5,22,53,238,0,29,46,0,201,29,15,0,55,1308
UTTAR PRADESH,BADAUN,2007,88,110,58,22,106,4,17,26,316,0,15,41,14,176,31,29,0,25,1831
UTTAR PRADESH,BAGHPAT,2007,81,57,8,34,70,3,26,26,314,0,40,46,2,131,22,10,0,60,1114
UTTAR PRADESH,BAHRAICH,2007,43,30,29,68,106,18,26,54,260,0,31,70,6,151,28,20,0,37,1313
UTTAR PRADESH,BALLIA,2007,32,31,14,20,52,3,6,49,210,0,38,44,1,99,13,10,0,11,816
UTTAR PRADESH,BALRAMPUR,2007,20,13,8,20,34,4,2,25,116,0,13,25,1,41,10,12,0,38,505
UTTAR PRADESH,BANDA,2007,49,22,12,30,36,0,10,50,158,0,28,42,11,81,16,49,0,14,978
UTTAR PRADESH,BARABANKI,2007,62,44,13,50,140,13,24,75,322,0,39,35,0,205,35,28,0,106,1931
UTTAR PRADESH,BAREILLY,2007,138,171,37,124,252,5,62,104,1028,0,97,232,0,194,54,97,0,235,4834
UTTAR PRADESH,BASTI,2007,24,20,19,20,44,0,11,29,194,0,34,97,0,142,13,8,0,51,1130
UTTAR PRADESH,BIJNOR,2007,99,51,25,54,136,7,35,36,356,0,70,152,0,340,26,33,0,188,2070
UTTAR PRADESH,BULANDSHAHAR,2007,146,160,24,88,240,1,33,63,800,0,105,209,2,417,36,75,0,227,4005
UTTAR PRADESH,CHANDOLI,2007,17,20,6,12,24,2,5,43,102,0,7,89,1,137,22,8,0,63,955
UTTAR PRADESH,CHITRAKOOT DHAM,2007,23,14,10,46,16,3,1,27,78,0,5,14,0,9,7,14,0,13,440
UTTAR PRADESH,DEORIA,2007,31,17,26,4,42,1,5,40,166,0,40,43,0,111,25,8,0,25,1001
UTTAR PRADESH,ETAH,2007,141,194,28,78,214,1,27,81,594,0,116,118,17,228,56,48,0,77,2723
UTTAR PRADESH,ETAWAH,2007,66,69,7,28,168,2,32,52,440,0,16,73,5,153,28,31,0,115,2208
UTTAR PRADESH,FAIZABAD,2007,52,29,18,46,92,4,12,67,436,0,33,74,0,171,17,23,0,54,1463
UTTAR PRADESH,FATEHGARH,2007,64,90,11,42,142,4,27,38,206,0,32,47,1,65,24,32,0,79,1388
UTTAR PRADESH,FATEHPUR,2007,66,30,22,44,90,6,18,44,160,0,13,74,1,157,33,29,0,61,1419
UTTAR PRADESH,FIROZABAD,2007,123,143,15,56,218,33,74,85,636,0,152,80,7,233,56,58,0,155,2652
UTTAR PRADESH,G.R.P.,2007,20,20,4,4,16,12,27,0,2558,0,23,31,0,16,2,12,0,0,2153
UTTAR PRADESH,GAUTAMBUDH NAGAR,2007,75,71,16,34,166,4,47,138,2698,0,83,230,0,17,14,41,0,73,3277
UTTAR PRADESH,GHAZIABAD,2007,150,135,46,66,316,6,45,117,2062,0,69,333,7,60,37,30,0,204,4320
UTTAR PRADESH,GHAZIPUR,2007,40,39,18,20,28,7,23,45,212,0,120,55,6,151,22,11,0,68,1102
UTTAR PRADESH,GONDA,2007,46,46,22,26,94,7,23,73,312,0,37,79,3,7,35,18,0,10,1233
UTTAR PRADESH,GORAKHPUR,2007,75,58,37,38,116,0,15,90,696,0,78,88,1,255,23,22,0,83,2076
UTTAR PRADESH,HAMIRPUR,2007,22,7,21,16,24,0,1,9,26,0,3,23,0,25,9,16,0,5,435
UTTAR PRADESH,HARDOI,2007,86,54,22,66,94,1,17,35,326,0,22,70,3,262,42,45,0,57,1806
UTTAR PRADESH,HATHRAS,2007,56,54,18,32,142,33,57,51,394,0,88,89,0,145,17,48,0,179,1879
UTTAR PRADESH,J.P.NAGAR,2007,66,50,13,56,68,2,16,39,334,0,95,91,0,25,12,34,0,85,1244
UTTAR PRADESH,JALAUN,2007,48,17,9,16,54,5,13,24,164,0,14,45,5,3,32,42,0,43,1164
UTTAR PRADESH,JAUNPUR,2007,44,62,26,48,94,6,41,62,338,0,84,151,3,360,47,28,0,71,2198
UTTAR PRADESH,JHANSI,2007,66,30,22,20,50,1,23,41,356,0,14,78,7,44,28,38,0,20,1183
UTTAR PRADESH,KANNAUJ,2007,54,40,20,12,64,1,16,17,156,0,17,44,4,26,13,32,0,108,1084
UTTAR PRADESH,KANPUR DEHAT,2007,41,43,18,26,124,4,15,36,228,0,103,89,2,267,37,51,0,114,1820
UTTAR PRADESH,KANPUR NAGAR,2007,148,132,46,92,582,47,114,264,2408,0,273,582,18,548,59,102,0,673,8008
UTTAR PRADESH,KAUSHAMBI,2007,51,23,23,60,96,3,26,62,138,0,35,33,2,103,35,27,0,72,1156
UTTAR PRADESH,KHIRI,2007,93,66,48,94,150,8,21,67,552,0,42,104,4,293,57,48,0,67,2308
UTTAR PRADESH,KUSHI NAGAR,2007,20,20,29,18,58,0,7,34,144,0,51,69,3,145,18,17,0,40,1127
UTTAR PRADESH,LALITPUR,2007,22,4,13,20,26,4,2,23,88,0,29,13,0,165,14,16,0,28,583
UTTAR PRADESH,LUCKNOW,2007,159,118,55,164,520,38,221,613,5284,0,299,779,3,58,57,98,0,513,10017
UTTAR PRADESH,MAHARAJGANJ,2007,25,11,14,46,50,2,11,27,104,0,33,81,0,79,18,18,0,74,1111
UTTAR PRADESH,MAHOBA,2007,30,13,20,20,22,0,8,18,110,0,12,17,4,23,12,21,0,13,496
UTTAR PRADESH,MAINPURI,2007,108,137,24,22,144,58,65,54,502,0,72,101,1,186,48,32,0,54,2232
UTTAR PRADESH,MATHURA,2007,83,115,14,72,148,10,44,87,1220,0,141,370,11,181,26,62,0,250,3965
UTTAR PRADESH,MAU,2007,32,38,12,16,74,0,14,62,186,0,78,72,11,85,14,21,0,35,911
UTTAR PRADESH,MEERUT,2007,195,189,21,78,300,8,86,167,1708,0,148,330,6,153,38,63,0,405,4410
UTTAR PRADESH,MIRZAPUR,2007,40,17,16,20,16,0,9,38,196,0,7,52,0,92,28,13,0,43,795
UTTAR PRADESH,MORADABAD,2007,130,138,59,116,258,4,44,112,1194,0,95,206,2,80,34,83,0,212,4304
UTTAR PRADESH,MUZAFFARNAGAR,2007,213,170,26,74,308,14,75,89,1064,0,142,191,0,12,34,56,0,277,3720
UTTAR PRADESH,PILIBHIT,2007,38,20,17,46,94,0,4,18,166,0,10,120,1,1,18,38,0,38,1651
UTTAR PRADESH,PRATAPGARH,2007,58,44,21,32,106,3,19,84,360,0,91,59,17,200,27,32,0,107,1684
UTTAR PRADESH,RAIBAREILLY,2007,57,46,26,62,94,5,14,63,350,0,55,97,0,212,31,53,0,142,1826
UTTAR PRADESH,RAMPUR,2007,57,71,19,80,122,6,47,37,548,0,52,169,4,9,18,50,0,10,2138
UTTAR PRADESH,SAHARANPUR,2007,81,105,24,28,82,20,22,64,778,0,80,227,0,32,16,36,0,194,2960
UTTAR PRADESH,SANT KABIRNAGAR,2007,21,10,8,18,40,0,12,15,72,0,16,28,2,81,7,13,0,34,503
UTTAR PRADESH,SHAHJAHANPUR,2007,126,125,35,104,204,19,48,84,488,0,59,129,11,189,56,84,0,13,2691
UTTAR PRADESH,SHRAWASTI,2007,19,11,9,20,36,3,5,29,110,0,11,16,0,59,4,12,0,24,393
UTTAR PRADESH,SIDHARTHNAGAR,2007,12,4,11,10,50,0,7,38,156,0,13,61,0,49,9,13,0,45,771
UTTAR PRADESH,SITAPUR,2007,112,81,39,134,204,8,43,87,932,0,57,92,15,273,61,69,0,119,2881
UTTAR PRADESH,SONBHADRA,2007,35,16,14,32,24,1,8,27,132,0,13,50,3,129,11,21,0,23,744
UTTAR PRADESH,ST.RAVIDASNAGAR,2007,13,19,8,2,26,1,14,21,140,0,12,24,0,59,14,9,0,29,478
UTTAR PRADESH,SULTANPUR,2007,59,61,24,68,100,1,37,103,396,0,41,59,0,268,21,30,0,57,1594
UTTAR PRADESH,UNNAO,2007,94,61,37,60,136,6,32,41,330,0,45,51,0,155,52,37,0,61,1560
UTTAR PRADESH,VARANASI,2007,66,61,21,40,100,2,44,182,1834,0,119,257,2,269,35,20,0,197,3784
UTTAR PRADESH,TOTAL,2007,5000,4424,1616,3296,8956,519,2169,5057,45632,0,4495,8399,268,10694,2076,2522,0,7650,150258
UTTARAKHAND,ALMORA,2007,19,9,2,12,0,2,10,35,84,0,11,6,4,25,5,4,0,11,299
UTTARAKHAND,BAGESHWAR,2007,10,1,0,6,0,0,2,8,16,0,5,5,0,3,2,6,0,4,109
UTTARAKHAND,CHAMOLI,2007,15,9,0,20,14,0,1,28,52,0,19,8,3,21,2,5,0,5,221
UTTARAKHAND,CHAMPAWAT,2007,5,0,2,4,4,0,3,7,26,0,3,2,2,13,0,1,0,2,84
UTTARAKHAND,DEHRADUN,2007,37,50,6,58,120,9,25,148,792,0,98,237,2,250,3,45,0,126,2205
UTTARAKHAND,HARIDWAR,2007,55,59,13,56,144,22,70,102,944,0,99,259,9,352,16,31,0,170,2534
UTTARAKHAND,NAINITAL,2007,26,19,6,12,50,7,13,38,352,0,28,34,0,39,12,4,0,17,883
UTTARAKHAND,PAURI GARHWAL,2007,19,7,1,14,22,0,3,27,98,0,12,10,4,75,7,4,0,24,419
UTTARAKHAND,PITHORAGARH,2007,9,2,4,18,18,1,8,33,66,0,11,7,4,40,3,11,0,11,341
UTTARAKHAND,RUDRA PRAYAG,2007,6,6,2,2,10,0,3,17,40,0,8,6,0,9,5,6,0,6,134
UTTARAKHAND,TEHRI GARHWAL,2007,11,7,5,4,8,0,9,14,74,0,18,17,1,12,3,2,0,7,248
UTTARAKHAND,UDHAMSINGH NAGAR,2007,54,56,8,24,98,11,23,74,584,0,133,99,0,42,9,21,0,67,1903
UTTARAKHAND,UTTARKASHI,2007,2,3,1,4,18,0,3,17,58,0,14,7,8,5,3,6,0,13,219
UTTARAKHAND,TOTAL,2007,268,228,50,234,506,52,173,548,3186,0,459,697,37,886,70,146,0,463,9599
WEST BENGAL,24 PARGANAS NORTH,2007,194,6,46,462,472,251,18,14,2366,0,545,210,10,281,53,187,0,1696,9201
WEST BENGAL,24 PARGANAS SOUTH,2007,158,123,48,410,482,337,39,20,2880,0,325,123,7,218,67,205,0,1398,8856
WEST BENGAL,ASANSOL,2007,26,2,8,30,36,66,9,1,290,0,18,57,1,109,11,20,0,242,1491
WEST BENGAL,BANKURA,2007,49,32,6,88,28,26,20,7,314,0,87,21,7,166,24,43,0,147,1329
WEST BENGAL,BIRBHUM,2007,66,15,21,106,62,41,14,13,526,0,199,34,14,203,9,44,0,195,1868
WEST BENGAL,BURDWAN,2007,122,14,30,138,108,37,28,18,1034,0,212,103,4,179,31,135,0,489,4384
WEST BENGAL,COOCHBEHAR,2007,34,10,7,278,136,3,8,15,320,0,50,25,1,105,6,122,0,320,2051
WEST BENGAL,DAKSHIN DINAJPUR,2007,34,78,7,92,94,6,4,5,184,0,30,10,3,89,10,93,0,199,1284
WEST BENGAL,DARJEELING,2007,31,2,19,96,72,37,7,10,946,0,28,16,4,638,2,37,0,84,1873
WEST BENGAL,HOOGHLY,2007,90,97,32,114,92,85,24,39,1262,0,281,21,11,305,16,48,0,549,3632
WEST BENGAL,HOWRAH,2007,69,16,10,90,166,65,17,8,1270,0,180,152,7,463,33,87,0,422,4073
WEST BENGAL,HOWRAH G.R.P.,2007,9,4,1,2,6,8,5,0,802,0,3,4,1,7,0,4,0,0,493
WEST BENGAL,JALPAIGURI,2007,122,56,40,470,404,15,35,55,3076,0,69,46,5,490,14,211,0,632,6654
WEST BENGAL,KHARAGPUR G.R.P.,2007,3,0,0,0,4,3,0,0,254,0,2,0,0,0,0,2,0,0,170
WEST BENGAL,KOLKATA,2007,36,71,12,88,228,65,74,114,5848,0,220,1126,0,1241,8,189,0,296,10901
WEST BENGAL,MALDA,2007,88,63,23,206,146,23,15,12,546,0,35,24,0,306,11,103,0,266,2175
WEST BENGAL,MURSHIDABAD,2007,132,61,30,738,280,62,17,10,1310,0,212,91,11,720,32,250,0,945,5243
WEST BENGAL,NADIA,2007,99,69,9,366,350,62,14,7,1726,0,193,214,9,988,42,249,0,861,5623
WEST BENGAL,PASCHIM MIDNAPUR,2007,105,39,14,120,122,54,31,19,656,0,204,53,9,131,31,83,0,407,2933
WEST BENGAL,PURAB MIDNAPUR,2007,76,41,12,82,150,8,10,19,484,0,741,29,3,12,24,36,0,373,3099
WEST BENGAL,PURULIA,2007,46,0,6,76,28,14,12,3,368,0,58,24,1,1,14,70,0,196,1385
WEST BENGAL,SEALDAH G.R.P.,2007,6,7,0,6,8,11,5,0,328,0,8,7,0,19,1,4,0,0,269
WEST BENGAL,SILIGURI G.R.P.,2007,4,1,0,2,2,2,0,0,114,0,2,0,0,0,0,1,0,0,96
WEST BENGAL,UTTAR DINAJPUR,2007,53,70,13,152,124,15,21,10,590,0,25,16,13,238,12,58,0,183,2019
WEST BENGAL,TOTAL,2007,1652,877,394,4212,3600,1296,427,399,27494,0,3727,2406,121,6909,451,2281,0,9900,81102
A & N ISLANDS,A AND N ISLANDS,2007,15,19,1,6,24,5,9,90,224,0,17,23,11,99,1,21,0,18,807
A & N ISLANDS,TOTAL,2007,15,19,1,6,24,5,9,90,224,0,17,23,11,99,1,21,0,18,807
CHANDIGARH,CHANDIGARH,2007,19,26,8,44,104,2,37,191,3480,0,79,170,9,78,1,32,0,112,3643
CHANDIGARH,TOTAL,2007,19,26,8,44,104,2,37,191,3480,0,79,170,9,78,1,32,0,112,3643
D & N HAVELI,D AND N HAVELI,2007,10,2,0,14,18,1,3,28,174,0,39,10,10,25,0,0,0,3,425
D & N HAVELI,TOTAL,2007,10,2,0,14,18,1,3,28,174,0,39,10,10,25,0,0,0,3,425
DAMAN & DIU,DAMAN,2007,12,6,0,2,0,4,1,41,74,0,26,6,2,14,1,0,0,1,210
DAMAN & DIU,DIU,2007,0,1,0,0,2,0,1,5,12,0,5,0,1,6,0,0,0,2,50
DAMAN & DIU,TOTAL,2007,12,7,0,2,2,4,2,46,86,0,31,6,3,20,1,0,0,3,260
DELHI UT,CENTRAL,2007,27,29,6,44,140,8,28,63,2138,0,4,149,1,136,6,38,0,91,3248
DELHI UT,DELHI UT TOTAL,2007,495,530,94,1196,3376,263,557,2055,34074,0,87,2336,31,1736,138,868,0,1787,56065
DELHI UT,EAST,2007,34,61,8,146,290,34,102,196,4478,0,17,201,3,218,16,112,0,202,6016
DELHI UT,GRP(RLY),2007,3,0,0,8,24,8,2,1,1590,0,0,13,0,10,0,4,0,0,926
DELHI UT,IGI AIRPORT,2007,1,0,0,0,6,0,6,1,288,0,1,411,0,0,0,8,0,1,662
DELHI UT,NEW DELHI,2007,4,7,1,14,24,1,23,53,1396,0,7,284,3,28,0,23,0,14,2195
DELHI UT,NORTH,2007,22,41,9,66,128,16,33,84,1494,0,7,182,3,133,6,43,0,89,3352
DELHI UT,NORTH-EAST,2007,66,74,9,178,482,13,55,206,2574,0,2,91,0,247,17,120,0,249,5121
DELHI UT,NORTH-WEST,2007,57,52,11,102,416,26,63,272,3682,0,6,199,1,141,7,64,0,151,5189
DELHI UT,OUTER,2007,102,96,17,242,720,17,85,231,2432,0,12,98,4,226,29,100,0,208,5690
DELHI UT,SOUTH,2007,68,84,11,166,512,112,75,412,6358,0,19,348,5,193,22,169,0,275,10414
DELHI UT,SOUTH-WEST,2007,51,43,8,102,296,15,47,304,3604,0,9,154,8,147,19,85,0,222,6821
DELHI UT,STF,2007,0,6,0,0,0,2,0,0,0,0,0,7,1,0,0,0,0,0,40
DELHI UT,WEST,2007,60,37,14,128,338,11,38,232,4040,0,3,199,2,257,16,102,0,285,6391
LAKSHADWEEP,LAKSHADWEEP,2007,0,2,0,2,0,0,0,2,40,0,1,0,0,0,0,2,0,2,56
LAKSHADWEEP,TOTAL,2007,0,2,0,2,0,0,0,2,40,0,1,0,0,0,0,2,0,2,56
PUDUCHERRY,KARAIKAL,2007,4,9,0,6,10,0,0,15,174,0,29,6,7,179,0,33,0,1,766
PUDUCHERRY,PONDICHERRY,2007,30,33,2,12,30,3,8,71,1400,0,116,39,11,725,2,56,0,16,4288
PUDUCHERRY,TOTAL,2007,34,42,2,18,40,3,8,86,1574,0,145,45,18,904,2,89,0,17,5054
ANDHRA PRADESH,ADILABAD,2008,73,82,14,100,82,3,20,248,854,0,100,135,45,1289,5,174,0,355,5300
ANDHRA PRADESH,ANANTAPUR,2008,154,80,4,74,180,10,20,222,992,0,51,108,0,1050,12,133,0,0,5734
ANDHRA PRADESH,CHITTOOR,2008,123,65,7,60,168,6,20,260,2642,0,64,295,33,1017,26,104,0,288,7307
ANDHRA PRADESH,CUDDAPAH,2008,114,94,5,54,152,2,12,149,1074,0,143,248,11,1149,11,212,0,267,6605
ANDHRA PRADESH,CYBERABAD,2008,197,66,3,160,282,7,81,1319,6162,0,74,1183,42,3321,59,130,0,884,14173
ANDHRA PRADESH,EAST GODAVARI,2008,82,112,1,96,182,0,19,425,2378,0,48,328,47,3172,23,194,0,563,8435
ANDHRA PRADESH,GUNTAKAL RLY.,2008,7,0,0,0,0,0,1,0,244,0,0,4,0,7,0,3,0,2,171
ANDHRA PRADESH,GUNTUR,2008,159,196,3,96,166,8,25,336,2466,0,64,393,74,1615,26,306,0,496,8911
ANDHRA PRADESH,HYDERABAD CITY,2008,122,126,5,124,280,10,115,1143,10400,0,143,1875,44,4244,41,231,0,1184,18567
ANDHRA PRADESH,KARIMNAGAR,2008,134,114,12,168,318,2,15,294,1394,0,153,525,56,2937,48,310,0,596,8337
ANDHRA PRADESH,KHAMMAM,2008,123,47,5,140,206,8,9,251,1120,0,97,150,28,1089,26,213,0,329,5834
ANDHRA PRADESH,KRISHNA,2008,53,63,4,76,138,0,11,166,1174,0,13,114,38,2434,12,254,0,379,5528
ANDHRA PRADESH,KURNOOL,2008,116,143,5,94,178,14,28,252,1060,0,158,282,9,2972,17,419,0,227,7835
ANDHRA PRADESH,MAHABOOBNAGAR,2008,188,66,30,144,208,9,36,256,1846,0,65,173,56,2306,35,162,0,231,6661
ANDHRA PRADESH,MEDAK,2008,140,57,10,100,124,7,20,297,1282,0,57,241,37,2190,35,114,0,332,5989
ANDHRA PRADESH,NALGONDA,2008,121,76,3,180,182,7,31,279,1102,0,135,218,77,1762,32,243,0,353,8026
ANDHRA PRADESH,NELLORE,2008,70,73,6,78,166,5,23,266,1470,0,43,121,52,2408,6,184,0,333,6118
ANDHRA PRADESH,NIZAMABAD,2008,153,61,17,62,102,7,31,338,1372,0,67,241,47,1969,16,70,0,305,5709
ANDHRA PRADESH,PRAKASHAM,2008,75,59,4,60,132,5,12,173,826,0,28,216,124,1222,5,192,0,229,5453
ANDHRA PRADESH,RANGA REDDY,2008,91,35,8,74,46,2,8,142,368,0,19,65,30,855,19,39,0,120,2419
ANDHRA PRADESH,SECUNDERABAD RLY.,2008,10,0,0,4,0,0,2,0,742,0,0,4,0,17,0,1,0,0,476
ANDHRA PRADESH,SRIKAKULAM,2008,25,0,2,64,36,2,4,147,438,0,8,59,26,1632,6,92,0,314,3908
ANDHRA PRADESH,VIJAYAWADA CITY,2008,34,58,1,60,98,1,24,189,2352,0,8,326,23,1482,9,104,0,395,5127
ANDHRA PRADESH,VIJAYAWADA RLY.,2008,1,1,0,0,2,0,3,1,612,0,1,3,0,12,0,1,0,0,417
ANDHRA PRADESH,VISAKHA RURAL,2008,65,40,4,24,24,0,3,103,306,0,159,61,20,1509,10,79,0,168,3107
ANDHRA PRADESH,VISAKHAPATNAM,2008,32,36,1,58,68,3,28,263,2090,0,14,267,10,412,13,87,0,488,5015
ANDHRA PRADESH,VIZIANAGARAM,2008,29,21,3,12,32,0,1,147,412,0,12,99,21,478,3,88,0,253,3142
ANDHRA PRADESH,WARANGAL,2008,121,73,5,118,164,1,3,263,910,0,173,304,44,1562,36,223,0,519,6758
ANDHRA PRADESH,WEST GODAVARI,2008,78,98,3,234,224,2,18,403,2636,0,33,355,27,2055,25,368,0,696,8213
ANDHRA PRADESH,TOTAL,2008,2690,1942,165,2514,3940,121,623,8332,50724,0,1930,8393,1021,48167,556,4730,0,10306,179275
ARUNACHAL PRADESH,CHANGLANG,2008,6,4,0,4,8,0,7,19,98,0,0,1,3,39,0,5,0,0,199
ARUNACHAL PRADESH,DIBANG VALLEY,2008,1,2,0,6,12,1,1,10,72,0,0,2,2,28,0,9,0,2,133
ARUNACHAL PRADESH,K/KUMEY,2008,3,4,0,4,6,0,1,5,8,0,2,1,0,21,0,2,0,1,97
ARUNACHAL PRADESH,KAMENG EAST,2008,4,0,0,10,12,2,4,15,26,0,1,0,0,49,0,0,0,0,144
ARUNACHAL PRADESH,KAMENG WEST,2008,1,0,0,0,6,3,0,8,40,0,2,1,0,18,0,4,0,0,97
ARUNACHAL PRADESH,LOHIT,2008,11,1,0,6,2,0,6,13,86,0,1,0,0,19,0,1,0,0,159
ARUNACHAL PRADESH,PAPUM PARE,2008,11,6,1,14,36,5,33,62,222,0,2,10,3,81,0,12,0,3,541
ARUNACHAL PRADESH,SIANG EAST,2008,9,2,1,10,16,2,7,29,80,0,0,4,0,27,0,6,0,1,179
ARUNACHAL PRADESH,SIANG UPPER,2008,1,3,0,0,2,0,2,7,24,0,0,1,0,10,0,1,0,0,55
ARUNACHAL PRADESH,SIANG WEST,2008,6,5,0,26,20,0,1,24,102,0,1,2,2,65,0,6,0,5,276
ARUNACHAL PRADESH,SUBANSIRI LOWER,2008,4,1,0,0,8,0,6,12,32,0,1,2,0,39,0,10,0,0,135
ARUNACHAL PRADESH,SUBANSIRI UPPER,2008,4,6,0,4,4,0,4,5,26,0,7,4,0,55,0,6,0,1,162
ARUNACHAL PRADESH,TAWANG,2008,2,0,0,0,0,0,1,3,20,0,0,0,0,11,0,5,0,0,42
ARUNACHAL PRADESH,TIRAP,2008,7,3,0,0,26,1,6,30,48,0,1,0,0,14,0,5,0,0,141
ARUNACHAL PRADESH,UPPER DIBANG VALLEY,2008,2,0,0,0,0,0,0,3,6,0,0,0,0,3,0,0,0,0,14
ARUNACHAL PRADESH,TOTAL,2008,72,37,2,84,158,14,79,245,890,0,18,28,10,479,0,72,0,13,2374
ASSAM,BARPETA,2008,54,20,0,194,256,14,16,127,418,0,277,11,3,253,14,34,0,240,2539
ASSAM,BASKA,2008,67,19,0,46,70,3,7,10,70,0,3,4,3,77,4,16,0,13,465
ASSAM,BONGAIGAON,2008,15,10,0,102,120,8,7,104,276,0,83,36,4,94,5,13,0,106,1219
ASSAM,C.I.D.,2008,0,0,0,0,0,0,0,0,2,0,0,10,0,0,0,0,0,0,24
ASSAM,CACHAR,2008,56,6,0,144,256,44,23,262,1280,0,245,64,49,71,13,19,0,216,4869
ASSAM,CHIRANG,2008,24,0,0,50,66,2,4,27,114,0,5,7,3,42,0,15,0,38,467
ASSAM,DARRANG,2008,38,5,0,114,118,6,16,91,272,0,61,31,27,347,2,162,0,119,1493
ASSAM,DHEMAJI,2008,21,30,5,176,132,2,23,30,304,0,22,35,14,345,0,40,0,165,1326
ASSAM,DHUBRI,2008,44,20,3,232,278,17,15,125,480,0,304,79,20,598,4,88,0,393,3242
ASSAM,DIBRUGARH,2008,99,21,0,92,178,4,31,85,1174,0,21,34,0,440,4,60,0,100,2343
ASSAM,G.R.P.,2008,6,0,0,10,16,4,6,7,310,0,1,2,0,7,0,2,0,0,251
ASSAM,GOALPARA,2008,36,5,0,132,152,14,9,74,262,0,147,30,19,115,4,32,0,117,1319
ASSAM,GOLAGHAT,2008,65,15,1,84,122,15,25,89,494,0,54,32,29,258,0,46,0,86,1476
ASSAM,GUWAHATI CITY,2008,50,18,16,118,334,62,77,564,2258,0,74,147,15,345,5,169,0,216,7163
ASSAM,HAILAKANDI,2008,27,0,0,78,122,18,5,72,244,0,343,22,14,28,3,8,0,62,1171
ASSAM,JORHAT,2008,51,24,17,88,108,5,15,106,538,0,16,41,10,297,0,59,0,76,1517
ASSAM,KAMRUP,2008,46,23,19,72,226,36,55,265,1408,0,34,47,35,195,3,75,0,101,2429
ASSAM,KARBI ANGLONG,2008,55,16,0,32,50,11,9,32,282,0,35,12,8,31,1,7,0,16,684
ASSAM,KARIMGANJ,2008,27,13,0,38,98,6,8,54,210,0,228,15,8,120,5,10,0,99,1046
ASSAM,KOKRAJHAR,2008,53,32,0,110,102,5,8,39,346,0,38,25,12,82,4,16,0,58,902
ASSAM,LAKHIMPUR,2008,41,6,3,104,182,4,9,90,354,0,17,28,16,551,1,24,0,160,1905
ASSAM,MORIGAON,2008,20,9,3,150,136,9,12,61,338,0,64,50,6,510,4,57,0,114,1429
ASSAM,N.C.HILLS,2008,42,14,0,8,28,0,2,15,86,0,2,2,2,7,0,1,0,3,233
ASSAM,NAGAON,2008,83,41,2,224,430,44,74,233,708,0,271,49,51,458,9,200,0,371,4294
ASSAM,NALBARI,2008,31,29,1,60,110,7,33,81,288,0,10,16,9,321,6,42,0,54,1183
ASSAM,R.P.O.,2008,3,0,0,10,6,5,0,1,26,0,3,0,2,5,0,1,0,0,88
ASSAM,SIBSAGAR,2008,108,7,0,92,222,3,22,156,1000,0,44,73,24,234,4,27,0,139,2276
ASSAM,SONITPUR,2008,94,31,1,112,272,7,20,167,902,0,87,45,2,83,6,34,0,294,2779
ASSAM,TINSUKIA,2008,114,0,0,120,174,17,21,115,1364,0,16,31,12,159,2,8,0,84,2333
ASSAM,UDALGURI,2008,56,3,0,84,114,14,16,65,216,0,95,18,46,34,0,7,0,38,868
ASSAM,TOTAL,2008,1426,417,71,2876,4478,386,568,3147,16024,0,2600,996,443,6107,103,1272,0,3478,53333
BIHAR,ARARIA,2008,50,37,10,74,80,49,51,57,468,0,214,42,61,371,3,35,0,92,2907
BIHAR,ARWAL,2008,28,0,0,4,24,1,4,11,114,0,26,21,0,0,13,0,0,8,694
BIHAR,AURANGABAD,2008,92,27,8,60,112,29,24,115,614,0,445,165,25,1487,32,13,0,65,3381
BIHAR,BAGAHA,2008,26,8,2,30,98,6,17,66,434,0,133,44,7,477,11,14,0,36,2439
BIHAR,BANKA,2008,70,56,6,98,92,15,24,85,286,0,168,26,24,484,23,16,0,24,1848
BIHAR,BEGUSARAI,2008,101,170,9,50,220,19,67,69,550,0,225,78,19,397,41,3,0,56,3256
BIHAR,BETTIAH,2008,64,33,8,56,102,8,18,57,486,0,261,35,26,55,33,0,0,96,3312
BIHAR,BHABHUA,2008,40,38,0,16,74,6,14,68,386,0,148,45,6,141,19,10,0,26,1763
BIHAR,BHAGALPUR,2008,90,81,13,70,266,10,34,130,1398,0,259,105,21,621,27,35,0,120,4313
BIHAR,BHOJPUR,2008,138,167,2,36,144,16,49,94,628,0,191,164,48,1635,57,31,0,122,3866
BIHAR,BUXAR,2008,52,61,6,22,52,10,24,52,568,0,143,24,23,116,29,20,0,19,1496
BIHAR,DARBHANGA,2008,76,154,6,134,246,19,15,68,640,0,50,150,34,159,48,53,0,45,3800
BIHAR,GAYA,2008,136,60,12,104,180,35,63,124,988,0,544,151,26,456,43,8,0,40,4179
BIHAR,GOPALGANJ,2008,74,93,6,46,160,16,41,50,288,0,201,65,17,68,36,27,0,110,2605
BIHAR,JAMALPUR RLY.,2008,10,0,0,2,8,9,3,0,246,0,7,1,0,0,1,0,0,0,223
BIHAR,JAMUI,2008,56,127,3,34,76,22,21,38,276,0,163,47,21,756,32,25,0,41,1788
BIHAR,JEHANABAD,2008,35,10,5,12,76,15,18,25,264,0,127,10,0,20,23,0,0,17,1524
BIHAR,KATIHAR,2008,63,13,2,240,206,21,23,61,304,0,146,85,17,765,15,12,0,28,2858
BIHAR,KATIHAR RLY.,2008,6,11,2,4,18,5,9,8,464,0,21,8,0,33,0,5,0,1,467
BIHAR,KHAGARIA,2008,55,63,0,32,96,7,17,16,198,0,201,17,11,219,9,2,0,13,1826
BIHAR,KISHANGANJ,2008,32,42,0,60,66,8,17,46,338,0,125,4,4,426,8,0,0,23,1316
BIHAR,LAKHISARAI,2008,41,67,0,70,68,7,23,36,266,0,72,33,4,237,11,23,0,12,1187
BIHAR,MADHEPURA,2008,34,7,6,32,90,7,33,42,280,0,159,11,7,57,16,10,0,12,1700
BIHAR,MADHUBANI,2008,62,72,6,48,102,28,26,85,690,0,285,30,16,214,24,182,0,51,5454
BIHAR,MOTIHARI,2008,120,306,79,68,242,27,50,113,948,0,323,9,21,1876,45,14,0,12,4600
BIHAR,MUNGER,2008,85,92,0,40,122,7,43,36,624,0,189,22,3,85,14,2,0,40,1899
BIHAR,MUZAFFARPUR,2008,138,11,18,56,272,43,50,209,1750,0,316,126,33,5,75,15,0,90,5678
BIHAR,MUZAFFARPUR RLY.,2008,16,0,0,4,8,4,12,16,600,0,9,13,0,0,0,0,0,1,609
BIHAR,NALANDA,2008,120,53,17,46,200,10,23,82,794,0,190,76,25,1085,70,36,0,77,4215
BIHAR,NAUGACHIA,2008,33,15,2,16,58,2,4,3,130,0,106,62,5,101,5,35,0,65,1523
BIHAR,NAWADAH,2008,76,8,0,56,96,11,24,28,302,0,128,35,3,401,24,10,0,36,1747
BIHAR,PATNA,2008,341,189,28,114,682,63,312,647,2910,0,428,318,6,93,99,31,0,189,14491
BIHAR,PATNA RLY.,2008,24,13,3,0,22,9,12,3,1202,0,18,19,0,0,2,7,0,1,939
BIHAR,PURNEA,2008,81,20,39,370,278,35,30,163,484,0,187,151,38,478,3,73,0,81,2802
BIHAR,ROHTAS,2008,112,19,0,42,126,22,49,120,878,0,154,97,29,165,36,15,0,42,3943
BIHAR,SAHARSA,2008,30,139,4,44,82,13,70,38,262,0,267,59,15,304,17,75,0,21,2155
BIHAR,SAMASTIPUR,2008,81,292,31,64,148,19,28,75,762,0,253,34,41,315,60,15,0,52,3416
BIHAR,SARAN,2008,119,137,14,68,196,31,60,101,910,0,266,95,39,1014,58,10,0,41,3550
BIHAR,SHEIKHPURA,2008,22,27,5,18,50,2,7,7,170,0,101,33,6,46,7,1,0,10,1020
BIHAR,SHEOHAR,2008,9,17,0,14,38,5,9,12,88,0,70,16,1,171,7,4,0,13,546
BIHAR,SITAMARHI,2008,72,37,6,24,140,26,36,76,622,0,59,20,27,316,24,18,0,12,3235
BIHAR,SIWAN,2008,74,65,10,48,134,25,72,79,462,0,125,90,32,763,31,9,0,54,2452
BIHAR,SUPAUL,2008,49,88,2,106,108,8,31,74,362,0,315,85,11,121,15,71,0,68,1978
BIHAR,VAISHALI,2008,106,29,16,72,436,16,35,129,978,0,281,20,20,111,64,34,0,30,3669
BIHAR,TOTAL,2008,3139,2954,386,2604,6094,746,1592,3414,26412,0,8099,2741,772,16644,1210,999,0,1992,122669
CHHATTISGARH,BALRAMPUR,2008,49,12,1,82,14,6,20,46,66,0,32,4,6,222,3,43,0,24,774
CHHATTISGARH,BILASPUR,2008,112,48,0,142,66,8,55,610,1738,0,211,74,31,1741,19,171,0,136,6337
CHHATTISGARH,BIZAPUR,2008,95,82,1,10,16,11,6,8,8,0,18,1,12,9,0,5,0,1,368
CHHATTISGARH,DANTEWARA,2008,69,84,0,20,16,28,1,44,94,0,28,8,20,43,1,17,0,3,723
CHHATTISGARH,DHAMTARI,2008,23,16,0,52,8,5,11,152,302,0,34,20,8,74,3,47,0,19,1552
CHHATTISGARH,DURG,2008,83,39,4,218,36,6,61,593,1644,0,54,69,25,385,11,218,0,118,6595
CHHATTISGARH,GRP RAIPUR,2008,5,1,0,4,0,0,4,7,390,0,1,2,0,14,0,4,0,0,301
CHHATTISGARH,JAGDALPUR,2008,73,46,1,136,26,11,13,112,256,0,55,18,9,214,2,49,0,23,2309
CHHATTISGARH,JANJGIR,2008,36,31,1,94,16,3,34,270,638,0,100,23,17,180,14,135,0,123,3011
CHHATTISGARH,JASHPUR,2008,65,16,0,142,92,8,24,87,252,0,27,16,6,98,0,56,0,19,1270
CHHATTISGARH,KABIRDHAM,2008,11,18,0,58,10,3,13,120,282,0,50,21,11,642,5,79,0,23,1720
CHHATTISGARH,KANKER,2008,54,53,1,30,20,14,13,76,154,0,26,6,19,31,4,26,0,13,1062
CHHATTISGARH,KORBA,2008,38,12,0,62,24,5,36,147,586,0,39,26,5,624,5,68,0,42,2515
CHHATTISGARH,KORIYA,2008,48,22,0,108,10,4,13,209,318,0,28,14,15,557,2,93,0,34,1798
CHHATTISGARH,MAHASAMUND,2008,19,13,1,48,16,1,5,120,310,0,20,19,9,200,6,57,0,27,1493
CHHATTISGARH,NARAYANPUR,2008,18,49,0,2,2,7,0,3,16,0,1,0,7,14,0,0,0,0,151
CHHATTISGARH,RAIGARH,2008,89,24,0,60,20,2,28,237,896,0,109,25,18,643,7,74,0,45,2945
CHHATTISGARH,RAIPUR,2008,112,91,1,256,92,10,85,823,3050,0,183,138,51,2328,11,247,0,124,9981
CHHATTISGARH,RAJNANDGAON,2008,47,33,4,120,24,3,23,251,576,0,42,36,14,99,7,72,0,57,3252
CHHATTISGARH,SARGUJA,2008,65,27,1,156,18,2,30,87,324,0,44,30,13,77,3,89,0,27,1805
CHHATTISGARH,SURAJPUR,2008,58,19,2,156,20,4,25,110,258,0,42,12,6,370,3,71,0,39,1480
CHHATTISGARH,TOTAL,2008,1169,736,18,1956,546,141,500,4112,12158,0,1144,562,302,8565,106,1621,0,897,51442
GOA,NORTH GOA,2008,26,14,8,30,38,2,8,150,720,0,43,57,6,94,0,15,0,5,1489
GOA,SOUTH GOA,2008,23,11,3,30,34,1,15,152,482,0,59,48,21,91,2,17,0,7,1253
GOA,TOTAL,2008,49,25,11,60,72,3,23,302,1202,0,102,105,27,185,2,32,0,12,2742
GUJARAT,AHMEDABAD COMMR.,2008,85,60,0,88,344,16,538,778,10970,0,168,200,1,1335,1,78,0,1185,18544
GUJARAT,AHMEDABAD RURAL,2008,36,20,0,6,72,15,37,114,708,0,61,9,9,236,1,16,0,67,3404
GUJARAT,AHWA-DANG,2008,7,2,0,6,4,0,0,2,26,0,2,2,0,27,0,2,0,11,231
GUJARAT,AMRELI,2008,22,6,1,16,120,1,6,127,436,0,34,8,10,305,0,31,0,128,2391
GUJARAT,ANAND,2008,40,10,2,22,102,12,16,121,1016,0,39,10,14,342,0,25,0,170,3794
GUJARAT,BHARUCH,2008,36,15,1,26,68,13,22,157,742,0,51,14,41,218,0,13,0,114,3075
GUJARAT,BHAVNAGAR,2008,35,33,3,18,180,11,52,224,1714,0,134,73,13,132,0,69,0,197,5858
GUJARAT,DAHOD,2008,44,21,3,26,86,34,55,98,334,0,61,4,31,347,0,33,0,63,1808
GUJARAT,GANDHINAGAR,2008,32,12,0,16,88,6,34,150,1212,0,42,40,6,271,3,18,0,200,4808
GUJARAT,HIMATNAGAR,2008,38,13,1,32,74,11,19,83,412,0,64,33,17,209,0,22,0,217,4887
GUJARAT,JAMNAGAR,2008,34,12,3,34,60,14,22,150,820,0,79,27,15,422,0,14,0,239,5332
GUJARAT,JUNAGADH,2008,33,20,0,10,96,13,49,221,1438,0,79,46,25,463,3,66,0,456,5288
GUJARAT,KHEDA NORTH,2008,36,11,0,16,82,5,13,114,786,0,39,35,23,383,0,40,0,219,5265
GUJARAT,KUTCH,2008,40,8,1,32,88,5,34,297,1312,0,73,52,14,418,1,26,0,334,4941
GUJARAT,MEHSANA,2008,29,18,1,18,108,10,33,211,1304,0,84,34,9,838,0,33,0,289,4604
GUJARAT,NARMADA,2008,11,3,5,14,14,0,1,18,76,0,7,3,4,118,0,8,0,12,810
GUJARAT,NAVSARI,2008,25,3,1,4,18,0,5,26,168,0,10,5,3,35,0,1,0,5,995
GUJARAT,PALANPUR,2008,42,16,1,74,86,9,31,206,826,0,67,35,23,1109,1,34,0,201,4107
GUJARAT,PANCHMAHAL,2008,40,13,1,16,110,3,13,99,416,0,29,25,27,303,0,29,0,148,3323
GUJARAT,PATAN,2008,14,15,0,38,58,4,18,102,742,0,54,20,5,350,0,29,0,157,2948
GUJARAT,PORBANDAR,2008,7,6,0,6,24,0,6,38,178,0,10,11,6,82,0,5,0,48,1014
GUJARAT,RAJKOT COMMR.,2008,37,33,1,24,108,9,68,320,2788,0,140,85,12,417,1,30,0,312,5525
GUJARAT,RAJKOT RURAL,2008,45,16,2,48,94,13,26,156,850,0,62,12,12,334,4,45,0,293,3870
GUJARAT,SURAT COMMR.,2008,97,42,3,56,262,28,146,544,6098,0,165,178,10,856,11,54,0,472,10741
GUJARAT,SURAT RURAL,2008,43,4,1,6,22,7,9,39,244,0,10,19,4,78,0,7,0,30,1589
GUJARAT,SURENDRANAGAR,2008,35,15,0,42,88,3,12,80,390,0,44,17,6,382,0,50,0,133,2957
GUJARAT,TAPI,2008,21,5,0,6,6,3,3,19,84,0,8,0,0,50,0,2,0,6,602
GUJARAT,VADODARA COMMR.,2008,20,32,3,14,68,11,23,366,2830,0,123,119,5,283,0,16,0,268,5386
GUJARAT,VADODARA RURAL,2008,79,17,1,22,78,6,10,53,382,0,31,6,16,345,0,21,0,87,2755
GUJARAT,VALSAD,2008,33,5,0,8,30,4,8,119,458,0,36,43,2,138,0,6,0,32,1800
GUJARAT,W.RLY,2008,10,1,0,4,8,4,13,21,1670,0,3,2,0,71,1,5,0,1,1156
GUJARAT,TOTAL,2008,1106,487,35,748,2646,270,1322,5053,41430,0,1809,1167,363,10897,27,828,0,6094,123808
HARYANA,AMBALA,2008,31,31,0,70,110,5,15,266,838,0,1,88,7,239,11,27,0,172,2560
HARYANA,BHIWANI,2008,56,27,11,66,94,13,25,241,1120,0,158,90,19,305,14,24,0,111,2739
HARYANA,FARIDABAD,2008,59,24,5,92,218,55,32,276,1890,0,145,32,7,191,21,23,0,173,4516
HARYANA,FATEHABAD,2008,20,13,4,24,50,6,5,126,596,0,23,65,5,184,4,16,0,143,1621
HARYANA,GRP,2008,27,3,2,2,14,2,22,1,994,0,11,7,0,13,6,7,0,0,1260
HARYANA,GURGAON,2008,80,59,5,70,178,92,111,698,5686,0,117,200,9,156,19,27,0,123,7170
HARYANA,HISSAR,2008,52,46,5,46,86,9,23,214,1120,0,52,94,8,382,19,25,0,214,3166
HARYANA,JHAJJAR,2008,62,30,4,44,52,13,18,138,536,0,58,44,2,117,20,13,0,115,1715
HARYANA,JIND,2008,39,24,14,76,58,2,18,158,592,0,103,43,4,154,18,21,0,73,1767
HARYANA,KAITHAL,2008,22,24,2,28,32,12,6,107,388,0,0,22,3,225,13,14,0,150,1522
HARYANA,KARNAL,2008,39,46,7,100,70,16,23,265,1362,0,28,74,8,350,17,31,0,124,3231
HARYANA,KURUKSHETRA,2008,20,19,2,82,60,6,23,244,1164,0,0,22,4,207,12,11,0,72,2413
HARYANA,MAHENDRAGARH,2008,31,6,2,42,52,1,4,102,392,0,52,10,4,156,16,17,0,73,1724
HARYANA,MEWAT,2008,19,21,0,58,42,27,11,23,424,0,96,42,2,91,7,6,0,114,1262
HARYANA,PALWAL,2008,34,37,3,58,64,23,22,70,708,0,115,25,2,198,15,25,0,89,1990
HARYANA,PANCHKULA,2008,17,7,1,30,52,7,14,157,854,0,3,58,0,53,5,6,0,72,1569
HARYANA,PANIPAT,2008,46,16,12,60,104,22,27,195,1690,0,63,20,2,225,13,16,0,62,2702
HARYANA,REWARI,2008,27,24,4,46,54,5,29,170,858,0,47,18,9,203,13,31,0,72,2361
HARYANA,ROHTAK,2008,67,53,3,78,64,10,30,227,1192,0,75,60,6,197,17,25,0,106,2642
HARYANA,SIRSA,2008,48,35,0,62,50,3,8,146,668,0,26,32,13,351,9,14,0,127,1958
HARYANA,SONIPAT,2008,84,48,4,72,118,39,69,229,1318,0,11,86,13,291,24,31,0,149,3383
HARYANA,YAMUNANAGAR,2008,41,23,2,56,86,9,20,196,1028,0,0,18,12,216,9,25,0,101,2073
HARYANA,TOTAL,2008,921,616,92,1262,1708,377,555,4249,25418,0,1184,1150,139,4504,302,435,0,2435,55344
HIMACHAL PRADESH,BILASPUR,2008,5,2,1,20,14,0,2,46,128,0,38,17,6,36,2,28,0,35,1046
HIMACHAL PRADESH,CHAMBA,2008,10,3,1,20,32,0,1,112,104,0,21,3,4,62,0,26,0,10,761
HIMACHAL PRADESH,G.R.P.,2008,0,0,0,0,0,0,0,0,6,0,0,0,0,0,0,0,0,0,8
HIMACHAL PRADESH,HAMIRPUR,2008,6,0,0,16,24,0,0,63,150,0,23,16,16,207,0,15,0,39,959
HIMACHAL PRADESH,KANGRA,2008,19,20,1,38,40,0,4,123,498,0,118,65,20,234,0,37,0,68,2290
HIMACHAL PRADESH,KINNAUR,2008,1,0,0,8,4,0,1,27,18,0,11,0,0,9,0,3,0,3,170
HIMACHAL PRADESH,KULLU,2008,15,3,0,32,38,0,2,62,160,0,54,13,8,40,0,31,0,28,1096
HIMACHAL PRADESH,LAHAUL-SPITI,2008,1,0,0,2,0,0,0,4,2,0,1,1,0,0,0,0,0,1,70
HIMACHAL PRADESH,MANDI,2008,19,7,0,64,28,0,3,95,196,0,68,31,28,130,1,75,0,42,2144
HIMACHAL PRADESH,SHIMLA,2008,15,10,0,44,40,1,3,139,450,0,108,41,27,54,0,31,0,33,1941
HIMACHAL PRADESH,SIRMAUR,2008,7,2,0,20,28,1,0,52,170,0,64,30,8,36,0,19,0,30,885
HIMACHAL PRADESH,SOLAN,2008,16,3,2,28,30,3,4,95,252,0,70,13,6,357,0,13,0,17,1504
HIMACHAL PRADESH,UNA,2008,15,9,0,22,24,1,0,67,170,0,51,18,4,93,0,17,0,37,1102
HIMACHAL PRADESH,TOTAL,2008,129,59,5,314,302,6,20,885,2304,0,627,248,127,1258,3,295,0,343,13976
JAMMU & KASHMIR,ANANTNAG,2008,10,6,0,26,148,1,7,115,298,0,148,35,16,1,0,63,0,0,1224
JAMMU & KASHMIR,AWANTIPORA,2008,2,3,0,8,26,0,1,20,78,0,30,2,1,0,0,40,0,1,367
JAMMU & KASHMIR,BANDIPORA,2008,3,3,0,2,90,0,3,38,114,0,57,7,6,0,0,74,0,0,467
JAMMU & KASHMIR,BARAMULLA,2008,18,35,5,26,126,0,4,130,288,0,141,6,14,9,0,80,0,1,1247
JAMMU & KASHMIR,BUDGAM,2008,3,27,4,16,132,0,4,84,372,0,230,31,9,3,0,88,0,0,1404
JAMMU & KASHMIR,CRIME JAMMU,2008,2,0,0,0,0,0,0,0,2,0,0,22,0,0,0,0,0,0,25
JAMMU & KASHMIR,CRIME SRINAGAR,2008,2,0,0,0,0,0,0,0,2,0,0,44,0,0,0,0,0,0,52
JAMMU & KASHMIR,DODA,2008,20,41,0,40,48,0,0,28,78,0,27,8,6,16,0,14,0,8,591
JAMMU & KASHMIR,GANDERBAL,2008,5,2,0,4,46,0,2,30,82,0,35,4,2,4,0,36,0,2,358
JAMMU & KASHMIR,HANDWARA,2008,6,22,0,12,34,0,0,13,58,0,16,8,6,1,0,51,0,1,310
JAMMU & KASHMIR,JAMMU,2008,31,87,7,52,102,1,3,248,1144,0,210,66,42,43,7,31,0,54,3851
JAMMU & KASHMIR,KARGIL,2008,0,0,2,2,2,0,0,4,8,0,8,3,1,0,0,5,0,0,107
JAMMU & KASHMIR,KATHUA,2008,14,18,1,30,38,0,0,43,142,0,87,12,12,10,7,17,0,7,1057
JAMMU & KASHMIR,KISHTWAR,2008,10,22,0,8,24,0,0,11,70,0,0,4,11,6,0,10,0,5,294
JAMMU & KASHMIR,KULGAM,2008,6,9,0,10,90,0,7,44,128,0,68,10,5,18,0,63,0,1,572
JAMMU & KASHMIR,KUPWARA,2008,12,41,2,10,44,0,1,16,58,0,54,5,6,4,0,31,0,2,393
JAMMU & KASHMIR,LEH,2008,2,1,0,12,6,0,1,20,32,0,1,8,0,0,0,7,0,0,253
JAMMU & KASHMIR,POONCH,2008,13,27,1,32,50,0,3,49,72,0,112,7,0,48,0,35,0,13,787
JAMMU & KASHMIR,PULWAMA,2008,7,14,2,4,60,0,11,23,124,0,77,6,10,36,0,13,0,0,421
JAMMU & KASHMIR,RAILWAYS,2008,0,1,0,0,2,0,0,0,22,0,0,0,0,0,0,0,0,0,13
JAMMU & KASHMIR,RAJOURI,2008,8,26,5,42,56,0,3,55,102,0,44,17,29,31,6,34,0,39,1286
JAMMU & KASHMIR,RAMBAN,2008,11,12,0,18,28,1,0,27,74,0,33,10,5,9,0,4,0,0,678
JAMMU & KASHMIR,REASI,2008,16,34,1,10,20,0,1,18,74,0,5,4,7,4,0,11,0,2,472
JAMMU & KASHMIR,SAMBA,2008,6,26,0,4,18,0,1,22,90,0,38,8,5,2,1,7,0,3,670
JAMMU & KASHMIR,SHOPIAN,2008,7,23,0,12,32,0,5,9,124,0,31,5,8,5,0,49,0,1,313
JAMMU & KASHMIR,SRINAGAR,2008,13,80,1,32,158,0,9,256,658,0,295,57,26,16,0,162,0,18,2549
JAMMU & KASHMIR,UDHAMPUR,2008,10,10,0,26,28,0,1,44,102,0,35,3,3,7,0,10,0,4,843
JAMMU & KASHMIR,TOTAL,2008,237,570,31,438,1408,3,67,1347,4396,0,1782,392,230,273,21,935,0,162,20604
JHARKHAND,BOKARO,2008,76,8,0,80,82,21,27,71,1316,0,142,84,0,0,15,0,0,65,2665
JHARKHAND,CHAIBASA,2008,127,46,35,84,14,9,16,19,262,0,31,22,2,49,7,16,0,33,837
JHARKHAND,CHATRA,2008,42,46,0,22,34,14,27,18,194,0,121,10,5,0,14,1,0,2,1030
JHARKHAND,DEOGHAR,2008,46,4,1,66,22,21,22,112,304,0,148,7,3,279,6,5,0,29,1475
JHARKHAND,DHANBAD,2008,72,41,12,94,176,40,59,182,1576,0,204,62,8,196,36,35,0,57,3579
JHARKHAND,DHANBAD RLY.,2008,13,0,0,0,2,17,12,7,220,0,5,1,0,0,2,4,0,2,235
JHARKHAND,DUMKA,2008,77,17,0,120,52,6,17,80,402,0,109,23,4,261,17,7,0,66,1758
JHARKHAND,GARHWA,2008,48,78,2,42,54,19,30,29,170,0,139,29,19,302,9,15,0,20,1279
JHARKHAND,GIRIDIH,2008,63,30,0,96,104,41,45,88,706,0,378,30,9,205,33,22,0,25,2819
JHARKHAND,GODDA,2008,61,44,0,52,82,5,16,55,320,0,124,0,29,235,7,16,0,50,1863
JHARKHAND,GUMLA,2008,158,79,4,76,74,20,62,22,194,0,18,17,0,76,0,11,0,8,960
JHARKHAND,HAZARIBAGH,2008,80,52,2,114,130,43,55,116,930,0,323,144,19,109,36,31,0,97,3021
JHARKHAND,JAMSHEDPUR,2008,102,88,10,82,72,22,59,123,1780,0,44,116,11,86,14,18,0,74,3212
JHARKHAND,JAMSHEDPUR RLY.,2008,6,2,0,0,0,4,6,3,244,0,1,2,1,11,0,1,0,1,194
JHARKHAND,JAMTARA,2008,25,1,3,40,18,1,4,42,128,0,71,16,1,0,5,9,0,16,654
JHARKHAND,KHUNTI,2008,63,11,5,16,26,8,16,4,80,0,15,1,3,19,1,1,0,1,313
JHARKHAND,KODERMA,2008,23,31,0,32,32,2,9,18,240,0,103,57,3,0,11,6,0,23,825
JHARKHAND,LATEHAR,2008,31,16,2,22,28,24,19,16,146,0,18,6,2,29,6,10,0,6,540
JHARKHAND,LOHARDAGGA,2008,22,3,2,32,36,15,19,22,176,0,49,16,8,4,2,2,0,7,563
JHARKHAND,PAKUR,2008,31,90,6,106,36,2,7,19,176,0,56,17,4,134,1,9,0,103,796
JHARKHAND,PALAMU,2008,102,174,6,60,114,20,41,80,376,0,143,37,0,0,18,1,0,32,2117
JHARKHAND,RAMGARH,2008,44,14,1,22,40,19,29,33,576,0,90,35,5,131,5,6,0,13,1067
JHARKHAND,RANCHI,2008,209,72,10,124,234,66,112,155,3248,0,138,133,14,495,12,23,0,88,4805
JHARKHAND,SAHEBGANJ,2008,42,47,4,122,70,5,9,24,268,0,37,12,6,98,4,14,0,19,844
JHARKHAND,SARAIKELA,2008,59,56,3,26,28,13,24,20,398,0,51,17,5,107,5,8,0,13,857
JHARKHAND,SIMDEGA,2008,75,11,4,52,24,9,19,17,108,0,18,6,3,0,0,0,0,1,378
JHARKHAND,TOTAL,2008,1697,1061,112,1582,1584,466,761,1375,14538,0,2576,900,164,2826,266,271,0,851,38686
KARNATAKA,BAGALKOT,2008,43,26,0,4,44,2,8,68,256,0,175,45,3,222,6,62,0,56,2048
KARNATAKA,BANGALORE COMMR.,2008,253,297,8,108,318,291,702,1787,19362,0,348,2025,10,2497,52,179,0,307,29664
KARNATAKA,BANGALORE RURAL,2008,102,54,0,28,44,29,49,185,1054,0,209,81,0,471,11,56,0,56,4423
KARNATAKA,BELGAUM,2008,124,94,1,60,118,10,53,311,1198,0,460,223,27,1049,9,180,0,233,7150
KARNATAKA,BELLARY,2008,46,47,1,22,38,5,24,123,568,0,189,48,7,497,10,41,0,49,3264
KARNATAKA,BIDAR,2008,28,36,1,14,46,3,24,147,406,0,135,37,15,899,11,105,0,55,3363
KARNATAKA,BIJAPUR,2008,83,73,0,38,46,11,19,146,302,0,313,55,20,592,1,83,0,135,3125
KARNATAKA,CBPURA,2008,39,44,1,14,34,2,13,98,418,0,172,60,0,309,9,37,0,22,1891
KARNATAKA,CHAMARAJNAGAR,2008,36,20,1,8,14,4,10,76,256,0,85,22,0,423,4,29,0,35,1518
KARNATAKA,CHICKMAGALUR,2008,39,31,3,34,46,5,26,151,402,0,151,24,8,775,8,60,0,123,3101
KARNATAKA,CHITRADURGA,2008,42,15,1,36,40,8,29,118,562,0,266,33,9,794,6,82,0,49,4191
KARNATAKA,DAKSHIN KANNADA,2008,29,45,2,20,20,5,38,187,512,0,266,91,19,508,5,53,0,51,3974
KARNATAKA,DAVANAGERE,2008,26,18,1,20,70,5,16,138,536,0,213,53,0,468,9,60,0,102,3009
KARNATAKA,DHARWAD COMMR.,2008,21,26,0,6,30,9,78,153,844,0,90,135,8,168,1,16,0,44,2299
KARNATAKA,DHARWAD RURAL,2008,22,25,0,2,12,3,7,23,98,0,72,10,1,127,3,16,0,23,1087
KARNATAKA,GADAG,2008,23,22,1,20,20,2,6,58,174,0,108,17,5,181,5,49,0,34,1175
KARNATAKA,GULBARGA,2008,104,104,3,50,94,12,74,236,594,0,429,71,59,1279,7,75,0,169,5622
KARNATAKA,HASSAN,2008,72,59,1,34,56,9,35,245,736,0,152,53,0,1002,8,76,0,79,4949
KARNATAKA,HAVERI,2008,31,23,2,10,24,6,9,72,236,0,218,53,0,276,0,48,0,33,2322
KARNATAKA,K.G.F.,2008,13,10,1,10,10,2,10,59,128,0,50,20,0,230,3,14,0,33,849
KARNATAKA,KODAGU,2008,22,33,2,40,12,2,9,110,210,0,40,20,3,529,2,27,0,41,1730
KARNATAKA,KOLAR,2008,37,22,23,28,30,8,14,73,426,0,172,16,0,310,14,22,0,21,2014
KARNATAKA,KOPPAL,2008,22,4,6,12,24,2,11,74,214,0,121,44,2,174,4,26,0,39,1723
KARNATAKA,MANDYA,2008,50,41,1,36,28,10,18,212,724,0,270,28,0,872,11,59,0,72,4747
KARNATAKA,MYSORE COMMR.,2008,26,30,2,46,60,7,92,194,1260,0,88,92,0,297,4,28,0,151,3086
KARNATAKA,MYSORE RURAL,2008,54,51,1,26,28,8,14,220,456,0,177,28,0,753,15,68,0,97,3173
KARNATAKA,RAICHUR,2008,53,34,2,38,42,5,20,72,274,0,207,65,8,553,7,86,0,106,2994
KARNATAKA,RAILWAYS,2008,13,6,0,0,4,5,28,0,602,0,13,2,0,15,0,1,0,0,447
KARNATAKA,RAMANAGAR,2008,92,60,7,34,38,14,41,199,818,0,227,34,11,562,14,62,0,37,4084
KARNATAKA,SHIMOGA,2008,45,45,3,28,54,5,65,263,652,0,211,59,12,1009,3,101,0,207,4790
KARNATAKA,TUMKUR,2008,69,55,1,24,36,19,41,244,906,0,245,70,25,694,16,90,0,80,4813
KARNATAKA,UDUPI,2008,21,10,2,22,14,5,19,127,266,0,84,25,5,267,0,17,0,15,2335
KARNATAKA,UTTAR KANNADA,2008,18,15,3,20,22,5,13,89,190,0,57,30,8,357,1,46,0,84,2580
KARNATAKA,TOTAL,2008,1698,1475,81,892,1516,518,1615,6258,35640,0,6013,3669,265,19159,259,1954,0,2638,127540
KERALA,ALAPUZHA,2008,8,37,8,32,40,11,59,234,696,0,470,242,14,1308,2,224,0,247,8373
KERALA,ERNAKULAM COMMR.,2008,9,11,3,24,24,1,31,114,626,0,141,225,3,355,1,59,0,88,7961
KERALA,ERNAKULAM RURAL,2008,36,31,19,70,26,22,74,232,902,0,428,144,25,1176,3,134,0,175,9159
KERALA,IDUKKI,2008,15,28,1,56,30,6,16,186,536,0,202,113,7,1428,0,131,0,193,4923
KERALA,KANNUR,2008,26,38,5,66,26,8,73,275,420,0,872,164,56,1168,1,111,0,276,5901
KERALA,KASARGOD,2008,19,23,2,56,30,7,21,160,356,0,502,164,28,889,1,92,0,202,3585
KERALA,KOLLAM,2008,26,21,8,122,46,44,49,258,948,0,474,189,22,1896,2,273,0,442,8717
KERALA,KOTTAYAM,2008,26,16,5,62,32,2,75,275,808,0,359,353,8,1576,0,221,0,193,8008
KERALA,KOZHIKODE COMMR.,2008,6,16,1,30,24,26,100,214,590,0,410,169,10,578,3,72,0,165,4166
KERALA,KOZHIKODE RURAL,2008,15,17,2,78,14,10,24,231,508,0,784,139,60,1257,2,151,0,288,5429
KERALA,MALAPPURAM,2008,29,27,9,102,26,33,47,467,960,0,618,245,19,878,2,149,0,525,7419
KERALA,PALAKKAD,2008,34,19,0,84,30,16,39,188,546,0,526,198,29,1176,4,133,0,296,5557
KERALA,PATHANAMTHITTA,2008,17,18,4,64,20,2,24,155,418,0,358,120,23,1100,0,168,0,173,5343
KERALA,RAILWAYS,2008,1,0,0,2,0,7,1,1,296,0,1,3,0,24,0,7,0,0,209
KERALA,THRISSUR,2008,38,64,12,92,34,41,61,202,906,0,708,526,41,1029,2,214,0,332,10003
KERALA,TRIVANDRUM COMMR.,2008,10,22,2,40,36,88,57,233,988,0,426,330,12,716,1,128,0,115,5016
KERALA,TRIVANDRUM RURAL,2008,35,38,9,86,50,29,52,332,890,0,538,235,27,1914,7,404,0,314,8348
KERALA,WAYANADU,2008,12,8,5,70,18,5,13,125,242,0,240,100,5,710,0,74,0,114,2503
KERALA,TOTAL,2008,362,434,95,1136,506,358,816,3882,11636,0,8057,3659,389,19178,31,2745,0,4138,110620
MADHYA PRADESH,ALIRAJPUR,2008,59,40,2,82,28,1,3,42,172,0,21,4,12,298,1,37,0,7,1225
MADHYA PRADESH,ANUPPUR,2008,32,11,2,84,8,2,14,78,166,0,13,14,8,298,4,53,0,23,1244
MADHYA PRADESH,ASHOK NAGAR,2008,18,20,9,94,6,2,8,112,284,0,31,17,6,799,16,107,0,35,2041
MADHYA PRADESH,BALAGHAT,2008,56,21,4,122,16,4,18,100,398,0,46,5,10,423,8,131,0,38,2559
MADHYA PRADESH,BARWANI,2008,32,21,1,78,12,1,11,76,436,0,25,10,10,332,1,81,0,6,1907
MADHYA PRADESH,BETUL,2008,57,33,2,242,52,0,29,171,480,0,14,20,24,384,17,198,0,50,3241
MADHYA PRADESH,BHIND,2008,54,74,6,54,26,7,93,155,446,0,67,31,13,625,30,60,0,38,3171
MADHYA PRADESH,BHOPAL,2008,60,86,15,226,84,8,227,987,5144,0,133,125,35,1642,28,207,0,157,14718
MADHYA PRADESH,BHOPAL RLY.,2008,2,4,1,4,6,1,7,8,1876,0,8,3,0,1,1,7,0,3,1327
MADHYA PRADESH,BURHANPUR,2008,19,15,0,28,4,36,6,44,238,0,59,9,11,86,3,55,0,30,1384
MADHYA PRADESH,CHHATARPUR,2008,52,62,4,114,52,4,59,407,702,0,35,42,31,549,22,194,0,58,4928
MADHYA PRADESH,CHHINDWARA,2008,76,23,5,240,26,0,10,157,586,0,50,31,22,1344,17,185,0,121,4589
MADHYA PRADESH,DAMOH,2008,58,47,0,92,26,4,25,136,298,0,13,16,19,1325,15,126,0,47,2904
MADHYA PRADESH,DATIYA,2008,44,51,0,50,34,3,53,110,314,0,29,10,9,454,17,63,0,32,2388
MADHYA PRADESH,DEWAS,2008,45,73,1,146,36,6,29,192,1276,0,76,63,41,507,10,191,0,150,5593
MADHYA PRADESH,DHAR,2008,80,94,6,200,58,23,28,203,1026,0,110,22,27,634,37,185,0,69,5389
MADHYA PRADESH,DINDORI,2008,19,3,5,40,2,1,4,23,54,0,5,5,4,175,2,33,0,4,750
MADHYA PRADESH,GUNA,2008,53,29,13,144,28,12,16,123,522,0,70,25,8,767,9,134,0,25,3116
MADHYA PRADESH,GWALIOR,2008,98,120,23,84,124,19,161,928,3794,0,121,97,31,1287,24,126,0,139,9104
MADHYA PRADESH,HARDA,2008,20,24,0,36,18,0,13,106,234,0,16,0,0,449,6,42,0,0,1205
MADHYA PRADESH,HOSHANGABAD,2008,52,41,0,128,38,3,32,180,854,0,21,10,14,498,16,130,0,44,3562
MADHYA PRADESH,INDORE,2008,125,197,2,244,122,15,354,1227,9320,0,223,102,55,1588,35,343,0,369,19587
MADHYA PRADESH,INDORE RLY.,2008,3,2,0,6,0,0,8,1,378,0,2,3,0,10,1,5,0,0,337
MADHYA PRADESH,JABALPUR,2008,69,111,6,254,104,6,148,458,2130,0,123,96,16,2223,42,288,0,146,10857
MADHYA PRADESH,JABALPUR RLY.,2008,4,2,3,2,2,3,5,5,436,0,2,5,0,6,0,7,0,0,365
MADHYA PRADESH,JHABUA,2008,19,20,4,62,36,5,16,47,226,0,22,7,15,314,4,32,0,9,1507
MADHYA PRADESH,KATNI,2008,33,26,4,96,14,0,14,117,434,0,30,32,7,1219,18,97,0,57,2964
MADHYA PRADESH,KHANDWA,2008,36,35,0,104,24,4,18,234,634,0,53,9,8,43,5,154,0,37,3244
MADHYA PRADESH,KHARGON,2008,49,45,2,130,16,3,23,164,1192,0,97,17,16,279,23,154,0,42,4144
MADHYA PRADESH,MANDLA,2008,34,16,0,94,6,1,4,78,118,0,4,10,2,347,4,87,0,25,1922
MADHYA PRADESH,MANDSAUR,2008,45,32,0,80,38,9,36,120,664,0,54,13,21,259,15,128,0,56,3360
MADHYA PRADESH,MORENA,2008,59,75,2,52,70,10,74,182,980,0,115,23,5,1914,32,73,0,73,5062
MADHYA PRADESH,NARSINGHPUR,2008,48,41,5,122,10,0,26,104,394,0,22,21,18,993,14,100,0,44,2465
MADHYA PRADESH,NEEMUCH,2008,24,14,2,38,24,4,9,134,548,0,73,25,7,645,0,45,0,28,2082
MADHYA PRADESH,PANNA,2008,34,17,0,56,14,0,14,148,172,0,3,6,9,303,17,77,0,26,1704
MADHYA PRADESH,RAISEN,2008,42,42,0,134,48,1,17,93,446,0,34,2,6,373,19,150,0,35,3355
MADHYA PRADESH,RAJGARH,2008,38,63,1,166,56,5,19,115,646,0,98,18,50,336,10,166,0,136,4675
MADHYA PRADESH,RATLAM,2008,43,44,0,126,32,3,29,112,580,0,42,26,24,365,11,105,0,57,3488
MADHYA PRADESH,REWA,2008,52,42,0,164,54,1,56,509,1212,0,65,54,24,873,26,124,0,67,5179
MADHYA PRADESH,SAGAR,2008,83,90,0,238,62,8,61,421,1102,0,101,26,47,3032,37,349,0,154,8169
MADHYA PRADESH,SATNA,2008,62,50,2,204,40,11,64,418,1154,0,40,22,23,982,32,207,0,137,5798
MADHYA PRADESH,SEONI,2008,41,23,1,122,32,0,7,110,218,0,32,18,5,295,7,103,0,21,2551
MADHYA PRADESH,SHAHDOL,2008,31,12,4,94,26,2,36,219,400,0,17,21,11,237,16,139,0,57,2959
MADHYA PRADESH,SHAJAPUR,2008,27,44,4,114,32,9,44,167,928,0,59,25,34,1289,12,161,0,77,3811
MADHYA PRADESH,SHEOPUR,2008,9,19,0,26,20,0,17,32,118,0,38,21,6,498,0,32,0,19,1239
MADHYA PRADESH,SHIVPURI,2008,74,47,2,128,62,10,46,205,514,0,58,16,37,1093,16,128,0,53,4104
MADHYA PRADESH,SIDHI,2008,30,12,0,74,34,1,20,172,340,0,51,13,5,380,18,83,0,30,2367
MADHYA PRADESH,SIHORE,2008,28,47,1,114,40,11,18,136,664,0,41,26,21,389,8,89,0,57,3403
MADHYA PRADESH,SINGRAULI,2008,26,17,2,80,26,3,5,131,342,0,25,10,5,344,22,87,0,27,2102
MADHYA PRADESH,TIKAMGARH,2008,46,28,3,70,26,4,30,145,320,0,55,13,28,750,25,107,0,36,3035
MADHYA PRADESH,UJJAIN,2008,60,122,3,156,64,14,147,415,2308,0,158,76,34,1142,23,215,0,158,8764
MADHYA PRADESH,UMARIYA,2008,22,10,50,50,12,0,4,72,190,0,14,10,9,163,5,60,0,13,1259
MADHYA PRADESH,VIDISHA,2008,40,45,2,186,28,4,19,243,758,0,54,43,15,783,24,205,0,63,4353
MADHYA PRADESH,TOTAL,2008,2322,2282,204,5874,1858,284,2234,11072,49166,0,2768,1368,898,36344,805,6445,0,3185,206556
MAHARASHTRA,AHMEDNAGAR,2008,134,107,1,98,102,60,117,558,2944,0,553,226,49,727,0,125,0,537,7070
MAHARASHTRA,AKOLA,2008,54,72,2,52,70,11,54,249,2004,0,157,102,38,723,7,111,0,153,4132
MAHARASHTRA,AMRAVATI COMMR.,2008,18,30,1,44,20,5,35,228,1266,0,89,50,4,358,4,41,0,85,2439
MAHARASHTRA,AMRAVATI RURAL,2008,75,27,3,94,36,11,33,238,2006,0,119,35,58,829,3,137,0,146,4150
MAHARASHTRA,AURANGABAD COMMR.,2008,39,38,0,42,76,13,71,245,1950,0,241,128,11,473,4,51,0,138,3452
MAHARASHTRA,AURANGABAD RURAL,2008,56,36,2,42,22,28,50,215,974,0,285,53,36,764,39,65,0,226,3347
MAHARASHTRA,BEED,2008,61,34,4,52,78,53,85,336,1234,0,485,75,52,1010,11,92,0,332,4500
MAHARASHTRA,BHANDARA,2008,28,14,3,52,28,8,19,218,1234,0,107,102,29,384,0,69,0,73,2845
MAHARASHTRA,BULDHANA,2008,54,47,1,72,56,24,44,266,1702,0,262,60,68,798,9,153,0,250,4494
MAHARASHTRA,CHANDRAPUR,2008,51,47,6,74,68,10,37,257,1840,0,145,55,64,666,14,112,0,221,4456
MAHARASHTRA,DHULE,2008,54,38,1,20,16,67,19,215,768,0,226,75,14,391,3,32,0,196,2783
MAHARASHTRA,GADCHIROLI,2008,56,33,1,44,26,5,11,88,246,0,23,12,56,211,2,30,0,46,1195
MAHARASHTRA,GONDIA,2008,35,14,0,76,28,3,18,177,710,0,61,45,35,350,3,84,0,58,2023
MAHARASHTRA,HINGOLI,2008,43,29,3,34,20,14,34,82,332,0,143,33,21,407,7,54,0,99,1751
MAHARASHTRA,JALGAON,2008,83,57,0,84,58,20,47,214,1554,0,304,228,27,677,18,107,0,456,4901
MAHARASHTRA,JALNA,2008,58,33,0,32,26,21,56,169,692,0,196,114,26,531,27,53,0,309,2832
MAHARASHTRA,KOLHAPUR,2008,59,26,2,68,60,35,47,289,1886,0,302,232,21,585,17,76,0,153,4398
MAHARASHTRA,LATUR,2008,74,28,0,44,58,17,46,235,1006,0,261,75,47,839,77,74,0,187,3681
MAHARASHTRA,MUMBAI COMMR.,2008,210,132,0,436,378,62,328,2846,25944,0,377,2025,22,4155,11,436,0,502,32770
MAHARASHTRA,MUMBAI RLY.,2008,8,1,0,8,16,6,36,0,3876,0,24,29,0,46,1,12,0,0,2222
MAHARASHTRA,NAGPUR COMMR.,2008,100,57,4,106,86,55,321,941,4124,0,258,336,16,773,7,91,0,237,8661
MAHARASHTRA,NAGPUR RLY.,2008,5,7,0,2,6,11,17,1,2020,0,19,8,0,27,0,8,0,0,1247
MAHARASHTRA,NAGPUR RURAL,2008,77,45,5,74,48,12,37,236,1782,0,138,66,43,691,7,89,0,95,4567
MAHARASHTRA,NANDED,2008,88,57,5,46,58,34,64,345,954,0,311,117,41,1133,8,77,0,252,4778
MAHARASHTRA,NANDURBAR,2008,30,14,1,22,20,4,21,49,448,0,111,35,5,259,1,21,0,93,1501
MAHARASHTRA,NASIK COMMR.,2008,43,31,0,28,68,24,78,523,2706,0,186,166,10,276,5,42,0,141,3813
MAHARASHTRA,NASIK RURAL,2008,90,55,1,72,66,37,36,175,1118,0,374,113,11,761,5,61,0,287,4480
MAHARASHTRA,NAVI MUMBAI,2008,61,39,0,24,52,40,118,430,3444,0,194,199,5,443,1,31,0,72,4686
MAHARASHTRA,OSMANABAD,2008,53,25,1,44,44,37,28,174,790,0,171,136,33,546,2,80,0,183,3072
MAHARASHTRA,PARBHANI,2008,49,37,4,24,34,24,71,228,710,0,201,56,31,969,15,56,0,204,2767
MAHARASHTRA,PUNE COMMR.,2008,137,141,5,184,220,76,379,1395,11018,0,530,600,21,1328,7,113,0,273,14467
MAHARASHTRA,PUNE RLY.,2008,2,2,0,2,2,4,10,1,756,0,7,5,0,5,1,3,0,0,455
MAHARASHTRA,PUNE RURAL,2008,146,77,26,132,92,49,89,588,2800,0,357,191,23,874,13,104,0,189,7183
MAHARASHTRA,RAIGAD,2008,43,31,3,34,12,17,14,112,640,0,143,59,2,253,5,33,0,41,2061
MAHARASHTRA,RATNAGIRI,2008,18,15,1,52,30,5,10,118,472,0,91,61,27,196,0,33,0,55,1561
MAHARASHTRA,SANGLI,2008,46,27,6,84,42,10,25,217,1230,0,176,166,28,385,12,67,0,140,2909
MAHARASHTRA,SATARA,2008,60,27,6,60,42,29,73,404,2198,0,252,134,32,482,3,66,0,164,4634
MAHARASHTRA,SINDHUDURG,2008,6,7,1,16,4,0,4,85,240,0,36,23,15,121,0,34,0,14,795
MAHARASHTRA,SOLAPUR COMMR.,2008,17,15,1,48,24,6,32,119,928,0,57,97,2,192,0,17,0,66,1684
MAHARASHTRA,SOLAPUR RURAL,2008,88,59,0,126,96,34,82,290,1364,0,303,90,53,686,9,101,0,241,4720
MAHARASHTRA,THANE COMMR.,2008,99,76,2,148,206,39,132,1210,5028,0,381,592,20,1393,12,149,0,384,9479
MAHARASHTRA,THANE RURAL,2008,147,39,1,142,100,41,70,602,2202,0,310,159,37,841,7,128,0,134,5792
MAHARASHTRA,WARDHA,2008,36,27,3,52,52,7,42,258,1682,0,158,62,74,808,5,128,0,116,4369
MAHARASHTRA,WASHIM,2008,30,29,0,40,44,9,36,119,938,0,117,33,25,421,2,59,0,110,2222
MAHARASHTRA,YAVATMAL,2008,74,55,5,86,68,8,55,259,1960,0,147,38,56,955,6,114,0,171,4899
MAHARASHTRA,TOTAL,2008,2795,1837,111,3116,2758,1085,3031,16004,105720,0,9388,7296,1288,29742,390,3619,0,7829,206243
MANIPUR,BISHNUPUR,2008,16,43,0,6,28,23,0,9,70,0,6,13,2,37,0,16,0,4,327
MANIPUR,CHANDEL,2008,13,10,0,0,4,2,0,2,6,0,0,1,4,20,0,0,0,0,74
MANIPUR,CHURACHANDPUR,2008,18,5,1,4,10,2,0,9,28,0,0,6,2,2,0,0,0,0,131
MANIPUR,CID,2008,0,0,0,0,0,0,0,0,0,0,0,1,0,0,0,0,0,0,2
MANIPUR,IMPHAL EAST,2008,30,103,1,18,86,78,1,15,156,0,4,39,4,59,0,14,0,5,725
MANIPUR,IMPHAL WEST,2008,42,192,2,24,120,55,0,27,438,0,18,38,15,86,1,22,0,7,1191
MANIPUR,SENAPATI,2008,14,6,0,4,12,12,3,4,46,0,6,0,1,10,0,0,0,0,139
MANIPUR,TAMENGLONG,2008,3,3,0,0,4,2,0,0,8,0,1,0,0,2,0,0,0,0,27
MANIPUR,THOUBAL,2008,46,126,0,18,88,36,3,8,124,0,11,46,10,81,0,5,0,12,648
MANIPUR,UKHRUL,2008,5,10,0,2,0,3,0,2,16,0,2,17,3,4,0,0,0,0,85
MANIPUR,TOTAL,2008,187,498,4,76,352,213,7,76,892,0,48,161,41,301,1,57,0,28,3349
MEGHALAYA,GARO HILLS EAST,2008,10,5,3,2,20,8,3,10,54,0,2,1,0,10,0,1,0,0,130
MEGHALAYA,GARO HILLS SOUTH,2008,4,1,0,4,4,5,1,1,24,0,0,1,0,0,0,0,0,0,37
MEGHALAYA,GARO HILLS WEST,2008,16,20,1,20,18,11,14,29,284,0,5,13,13,75,0,21,0,13,533
MEGHALAYA,JAINTIA HILLS,2008,38,5,0,36,14,5,11,23,172,0,0,10,5,40,0,7,0,0,339
MEGHALAYA,KHASI HILLS EAST,2008,30,16,2,68,38,9,29,96,614,0,0,72,8,57,2,14,0,19,896
MEGHALAYA,KHASI HILLS WEST,2008,13,7,0,32,10,21,3,8,48,0,1,1,0,10,0,2,0,0,154
MEGHALAYA,RI-BHOI,2008,15,1,0,14,8,4,4,1,142,0,0,6,2,12,0,9,0,0,229
MEGHALAYA,TOTAL,2008,126,55,6,176,112,63,65,168,1338,0,8,104,28,204,2,54,0,32,2318
MIZORAM,AIZAWL,2008,12,7,4,78,2,0,3,157,786,0,1,36,4,42,0,36,0,4,976
MIZORAM,CHAMPHAI,2008,4,1,0,14,2,0,0,27,144,0,0,4,1,10,0,5,0,0,151
MIZORAM,KOLASIB,2008,2,1,1,18,8,3,1,34,168,0,0,3,1,10,0,11,0,1,217
MIZORAM,LAWNGTLAI,2008,3,1,0,16,0,0,0,18,64,0,0,6,1,11,0,2,0,0,147
MIZORAM,LUNGLEI,2008,8,0,0,16,4,0,2,53,200,0,0,6,8,17,0,13,0,0,265
MIZORAM,MAMIT,2008,1,0,1,4,2,1,0,17,34,0,0,1,2,5,0,3,0,0,62
MIZORAM,SAIHA,2008,2,0,0,0,0,0,0,13,36,0,0,1,1,13,0,1,0,0,78
MIZORAM,SERCHHIP,2008,3,0,0,8,0,0,0,19,62,0,0,0,0,10,0,7,0,0,93
MIZORAM,TOTAL,2008,35,10,6,154,18,4,6,338,1494,0,1,57,18,118,0,78,0,5,1989
NAGALAND,DIMAPUR,2008,64,13,1,12,62,2,66,66,364,0,0,15,6,8,0,11,0,2,558
NAGALAND,KIPHIRE,2008,4,0,0,0,0,0,0,0,12,0,0,0,0,0,0,0,0,0,21
NAGALAND,KOHIMA,2008,27,7,1,12,10,2,11,22,86,0,0,7,0,9,0,1,0,2,181
NAGALAND,LONGLENG,2008,0,2,0,0,0,0,1,2,0,0,0,1,0,0,0,0,0,0,9
NAGALAND,MOKOKCHUNG,2008,15,3,8,2,6,0,2,12,32,0,2,2,1,4,0,0,0,0,82
NAGALAND,MON,2008,12,5,2,2,0,0,2,4,46,0,0,2,0,2,0,1,0,0,84
NAGALAND,PEREN,2008,4,2,0,2,0,0,1,3,8,0,0,0,0,1,0,0,0,0,18
NAGALAND,PHEK,2008,9,8,1,4,2,1,0,2,16,0,0,1,0,4,0,1,0,0,55
NAGALAND,TUENSANG,2008,3,0,0,2,0,0,2,5,4,0,0,0,1,0,0,0,0,0,36
NAGALAND,WOKHA,2008,5,5,0,0,8,1,1,0,84,0,2,2,6,10,0,1,0,0,95
NAGALAND,ZUNHEBOTO,2008,0,2,0,2,0,0,1,11,38,0,0,1,0,8,0,0,0,0,63
NAGALAND,TOTAL,2008,143,47,13,38,88,6,87,127,690,0,4,31,14,46,0,15,0,4,1202
ODISHA,ANGUL,2008,53,64,0,94,98,21,62,129,760,0,149,24,27,21,16,186,0,61,2543
ODISHA,BALASORE,2008,31,44,1,100,94,16,37,201,642,0,34,53,29,1258,27,76,0,217,2803
ODISHA,BARAGARH,2008,35,77,0,58,16,5,29,78,300,0,100,39,17,68,9,64,0,14,1513
ODISHA,BERHAMPUR,2008,12,51,0,46,44,10,29,77,256,0,45,33,20,190,4,90,0,9,1059
ODISHA,BHADRAK,2008,34,20,13,116,92,8,23,68,214,0,36,46,18,34,16,73,0,106,2078
ODISHA,BOLANGIR,2008,30,41,0,68,48,7,33,98,322,0,98,50,16,149,12,132,0,18,1834
ODISHA,BOUDH,2008,10,8,0,10,4,1,2,16,46,0,41,1,19,180,3,61,0,9,463
ODISHA,CUTTACK,2008,26,38,0,70,70,7,44,117,398,0,37,43,22,66,31,16,0,124,2301
ODISHA,DCP BBSR,2008,51,58,2,72,90,24,106,334,2432,0,68,243,12,768,23,61,0,38,4056
ODISHA,DCP CTC,2008,14,21,51,36,42,23,66,138,1162,0,27,51,4,55,15,18,0,55,1912
ODISHA,DEOGARH,2008,16,47,0,26,16,4,10,21,74,0,26,8,9,193,5,96,0,36,686
ODISHA,DHENKANAL,2008,50,54,1,52,48,11,47,80,310,0,91,41,21,66,19,187,0,31,1832
ODISHA,GAJAPATI,2008,14,15,0,16,8,5,3,22,30,0,78,6,43,82,2,52,0,3,481
ODISHA,GANJAM,2008,68,142,2,96,90,23,61,163,282,0,133,27,34,432,13,259,0,12,2126
ODISHA,JAGATSINGHPUR,2008,24,9,0,50,58,5,29,78,308,0,33,44,9,123,20,22,0,51,1384
ODISHA,JAJPUR,2008,74,66,0,72,128,11,47,91,486,0,55,39,8,835,40,98,0,109,2220
ODISHA,JHARSUGUDA,2008,27,29,7,24,24,15,44,102,576,0,59,16,15,346,6,67,0,35,1531
ODISHA,KALAHANDI,2008,24,15,0,76,58,6,29,55,142,0,95,39,13,185,3,82,0,27,1360
ODISHA,KANDHAMAL,2008,27,30,0,92,30,4,16,60,90,0,759,82,374,25,3,70,0,39,1630
ODISHA,KENDRAPARA,2008,53,8,0,60,62,17,41,74,206,0,39,21,11,4,32,8,0,93,1399
ODISHA,KEONJHAR,2008,91,152,0,132,116,14,87,78,560,0,92,33,18,27,22,203,0,34,2300
ODISHA,KHURDA,2008,19,11,0,50,66,11,35,86,264,0,26,11,6,0,0,14,0,0,1380
ODISHA,KORAPUT,2008,51,52,3,94,56,14,35,71,270,0,98,24,8,9,3,113,0,45,1469
ODISHA,MALKANGIR,2008,46,34,1,24,16,4,5,12,92,0,20,5,7,50,0,33,0,10,384
ODISHA,MAYURBHANJ,2008,83,65,0,180,102,10,32,97,504,0,24,44,14,462,27,200,0,58,2448
ODISHA,NAYAGARH,2008,33,8,0,68,50,13,27,57,200,0,35,20,13,432,10,7,0,85,1114
ODISHA,NOWRANGPUR,2008,26,29,0,52,42,5,10,37,166,0,53,6,6,45,0,79,0,32,840
ODISHA,NUAPADA,2008,11,8,0,28,34,2,7,42,140,0,30,8,7,20,2,59,0,37,720
ODISHA,PURI,2008,25,33,0,74,62,11,125,173,796,0,83,53,15,51,13,24,0,87,2930
ODISHA,RAYAGADA,2008,24,10,3,38,28,8,11,39,144,0,58,19,22,0,6,54,0,23,715
ODISHA,ROURKELA,2008,54,39,0,76,46,13,65,117,632,0,38,57,3,338,5,98,0,66,2247
ODISHA,SAMBALPUR,2008,49,55,0,66,26,26,72,172,654,0,95,37,14,210,6,82,0,39,2377
ODISHA,SONEPUR,2008,7,28,0,30,6,1,5,31,142,0,23,6,3,14,1,24,0,8,455
ODISHA,SRP(CUTTACK),2008,2,3,0,2,8,2,14,8,640,0,0,4,0,32,0,6,0,0,504
ODISHA,SRP(ROURKELA),2008,8,2,0,2,4,0,9,13,272,0,3,1,0,2,0,3,0,1,304
ODISHA,SUNDARGARH,2008,48,49,0,76,34,15,48,65,326,0,40,10,12,241,7,65,0,6,1357
ODISHA,TOTAL,2008,1250,1415,84,2226,1816,372,1345,3100,14838,0,2721,1244,869,7013,401,2782,0,1618,56755
PUNJAB,AMRITSAR,2008,46,71,9,30,108,26,21,142,932,0,0,321,5,245,6,25,0,66,2327
PUNJAB,AMRITSAR RURAL,2008,29,39,2,20,46,5,2,40,136,0,0,94,6,107,6,5,0,27,693
PUNJAB,BARNALA,2008,24,33,2,24,14,2,4,43,120,0,0,49,1,149,1,11,0,10,705
PUNJAB,BATALA,2008,13,12,5,40,38,3,2,67,184,0,0,113,0,203,6,9,0,46,803
PUNJAB,BHATINDA,2008,44,63,6,40,88,7,15,253,862,0,1,134,14,275,4,29,0,39,2206
PUNJAB,FARIDKOT,2008,17,20,2,30,26,1,3,65,280,0,0,73,3,183,1,9,0,16,895
PUNJAB,FATEHGARH SAHIB,2008,17,11,3,26,32,2,2,62,322,0,0,91,0,151,0,5,0,31,998
PUNJAB,FEROZPUR,2008,56,68,3,60,60,4,6,127,640,0,0,169,8,461,8,29,0,39,1992
PUNJAB,G.R.P,2008,11,2,2,2,0,1,1,0,90,0,0,15,0,32,4,2,0,0,401
PUNJAB,GURDASPUR,2008,20,21,37,48,50,0,0,45,284,0,0,49,0,107,9,15,0,28,938
PUNJAB,HOSHIARPUR,2008,33,49,4,70,44,3,7,90,362,0,0,124,6,356,13,21,0,73,1529
PUNJAB,JALANDHAR,2008,72,105,7,102,220,14,15,306,1490,0,0,401,10,594,10,52,0,133,3886
PUNJAB,KAPURTHALA,2008,23,70,5,48,46,20,17,125,578,0,0,160,1,214,4,19,0,27,1469
PUNJAB,KHANNA,2008,21,16,4,24,38,7,6,80,354,0,0,94,0,135,7,5,0,28,1089
PUNJAB,LUDHIANA,2008,73,69,10,92,230,26,17,217,1154,0,0,278,2,292,10,36,0,92,3148
PUNJAB,LUDHIANA RURAL,2008,16,20,4,28,42,4,2,53,240,0,0,46,0,131,4,4,0,19,789
PUNJAB,MANSA,2008,31,42,6,26,22,3,3,62,156,0,0,41,1,225,3,6,0,12,824
PUNJAB,MOGA,2008,27,29,9,38,48,3,7,75,272,0,0,106,4,313,3,19,0,22,1106
PUNJAB,MUKTSAR,2008,25,42,1,24,24,0,2,75,230,0,0,41,3,172,3,6,0,19,784
PUNJAB,PATIALA,2008,42,49,5,70,88,9,1,210,746,0,0,180,3,391,13,17,0,116,2597
PUNJAB,ROPAR,2008,9,14,1,20,22,0,7,78,218,0,0,85,6,91,2,18,0,27,886
PUNJAB,SANGRUR,2008,42,53,6,68,46,15,13,136,462,0,0,105,2,247,4,15,0,62,1836
PUNJAB,SAS NGR,2008,26,10,4,40,56,4,3,176,706,0,0,190,0,135,3,0,0,0,1684
PUNJAB,SBS NAGAR,2008,20,12,4,28,14,0,9,49,148,0,0,109,0,210,2,9,0,28,796
PUNJAB,TARN TARAN,2008,32,36,5,36,34,3,2,45,160,0,0,124,0,178,2,22,0,24,933
PUNJAB,TOTAL,2008,769,956,146,1034,1436,162,167,2621,11126,0,1,3192,75,5597,128,388,0,984,35314
RAJASTHAN,AJMER,2008,47,36,0,90,204,2,31,256,1402,0,32,650,11,267,17,108,0,516,6339
RAJASTHAN,ALWAR,2008,101,59,8,176,284,13,38,233,2544,0,22,649,32,2583,38,134,0,429,8335
RAJASTHAN,BANSWARA,2008,33,18,2,84,100,1,10,53,216,0,111,68,31,780,8,66,0,85,2310
RAJASTHAN,BARAN,2008,37,109,2,104,90,7,13,102,570,0,9,157,14,471,10,169,0,181,3032
RAJASTHAN,BARMER,2008,18,23,0,40,48,0,6,99,362,0,6,208,23,505,14,82,0,116,2849
RAJASTHAN,BHARATPUR,2008,63,53,0,148,200,19,34,58,1764,0,5,528,20,673,24,39,0,371,7203
RAJASTHAN,BHILWARA,2008,37,35,0,84,136,1,45,212,1422,0,32,398,18,46,13,77,0,370,4808
RAJASTHAN,BIKANER,2008,38,70,0,96,58,2,16,113,734,0,0,390,16,561,12,74,0,306,4054
RAJASTHAN,BUNDI,2008,17,67,4,66,140,0,8,80,486,0,24,144,14,763,3,98,0,224,3101
RAJASTHAN,CHITTORGARH,2008,36,20,0,80,208,7,21,162,1004,0,71,239,43,1209,6,73,0,402,4533
RAJASTHAN,CHURU,2008,16,39,0,74,86,1,4,93,410,0,2,269,10,536,16,16,0,212,2759
RAJASTHAN,DAUSA,2008,33,32,2,42,122,3,18,112,1640,0,50,266,14,192,9,34,0,100,4603
RAJASTHAN,DHOLPUR,2008,51,77,3,42,128,6,20,51,850,0,12,123,9,1457,19,9,0,127,3616
RAJASTHAN,DUNGARPUR,2008,23,15,0,52,100,1,15,45,158,0,100,48,23,164,11,66,0,94,2033
RAJASTHAN,G.R.P.,2008,4,4,0,4,8,2,6,1,736,0,3,9,1,3,1,17,0,0,745
RAJASTHAN,GANGANAGAR,2008,39,71,2,140,132,2,7,181,694,0,21,564,10,1027,16,59,0,276,4632
RAJASTHAN,HANUMANGARH,2008,55,82,1,66,70,2,6,88,402,0,0,401,11,415,17,68,0,232,3354
RAJASTHAN,JAIPUR EAST,2008,15,27,2,40,128,4,110,290,5064,0,126,571,10,8,6,54,0,140,6455
RAJASTHAN,JAIPUR NORTH,2008,14,37,1,50,138,3,26,121,1490,0,56,475,6,417,5,26,0,149,3517
RAJASTHAN,JAIPUR RURAL,2008,66,32,1,70,220,11,19,236,2274,0,71,791,32,654,11,108,0,205,9051
RAJASTHAN,JAIPUR SOUTH,2008,17,25,0,30,104,9,46,276,3078,0,61,966,7,372,9,26,0,162,5435
RAJASTHAN,JAISALMER,2008,6,1,0,8,22,0,4,47,228,0,17,73,7,192,10,19,0,24,993
RAJASTHAN,JALORE,2008,24,19,1,26,54,0,9,63,298,0,18,136,28,66,8,50,0,106,2472
RAJASTHAN,JHALAWAR,2008,58,99,0,88,132,9,15,117,790,0,78,132,26,683,6,144,0,262,3368
RAJASTHAN,JHUNJHUNU,2008,34,20,0,80,88,2,3,109,808,0,36,350,18,856,22,32,0,240,3859
RAJASTHAN,JODHPUR CITY,2008,13,56,3,38,86,2,32,141,1518,0,22,460,5,561,10,25,0,212,3216
RAJASTHAN,JODHPUR RURAL,2008,14,34,0,64,62,4,12,95,502,0,8,146,16,1113,17,47,0,81,3029
RAJASTHAN,KARAULI,2008,39,34,0,66,128,6,19,23,1132,0,11,156,12,23,11,27,0,99,3771
RAJASTHAN,KOTA CITY,2008,36,132,6,48,132,7,75,166,1892,0,2,363,9,97,10,40,0,307,3908
RAJASTHAN,KOTA RURAL,2008,33,41,4,68,60,1,17,66,380,0,5,112,10,284,4,76,0,201,1919
RAJASTHAN,NAGAUR,2008,36,42,1,66,128,0,14,158,734,0,1,304,16,195,18,142,0,257,3775
RAJASTHAN,PALI,2008,33,24,1,86,192,0,9,169,670,0,12,305,8,41,13,116,0,323,4704
RAJASTHAN,PRATAPGARH,2008,20,24,1,98,108,0,5,35,260,0,35,69,12,502,2,51,0,138,1847
RAJASTHAN,RAJSAMAND,2008,17,7,0,24,96,2,12,76,332,0,26,100,9,577,0,35,0,195,2159
RAJASTHAN,SAWAI MADHOPUR,2008,25,31,0,32,100,3,17,86,932,0,6,212,2,5,6,29,0,144,3435
RAJASTHAN,SIKAR,2008,43,28,2,80,96,3,11,152,834,0,27,406,24,321,15,18,0,217,4202
RAJASTHAN,SIROHI,2008,26,21,3,34,80,1,13,79,280,0,39,142,13,367,5,66,0,110,1834
RAJASTHAN,TONK,2008,15,28,1,44,100,0,8,104,628,0,86,186,9,880,6,41,0,206,3203
RAJASTHAN,UDAIPUR,2008,65,77,3,182,348,5,55,188,1304,0,147,531,36,1251,11,159,0,294,6716
RAJASTHAN,TOTAL,2008,1297,1649,54,2710,4716,141,829,4736,40822,0,1390,12097,615,21117,439,2520,0,8113,151174
SIKKIM,EAST,2008,5,5,1,10,4,1,1,40,138,0,1,39,12,36,0,5,0,3,351
SIKKIM,NORTH,2008,1,2,0,2,0,0,0,2,14,0,1,2,0,7,0,1,0,0,41
SIKKIM,SOUTH,2008,1,0,2,18,2,0,6,29,52,0,8,1,6,30,0,10,0,0,195
SIKKIM,WEST,2008,2,0,0,10,2,0,0,10,50,0,7,4,5,27,0,3,0,2,143
SIKKIM,TOTAL,2008,9,7,3,40,8,1,7,81,254,0,17,46,23,100,0,19,0,5,730
TAMIL NADU,CHENNAI,2008,100,130,0,70,86,5,41,322,3090,0,55,293,0,726,25,46,0,165,11829
TAMIL NADU,CHENNAI RLY.,2008,0,5,0,0,2,0,17,1,500,0,9,1,0,24,0,5,0,0,539
TAMIL NADU,CHENNAISUBURBAN,2008,74,76,0,42,58,0,16,228,1126,0,48,66,1,437,28,42,0,41,3457
TAMIL NADU,COIMBATORE RURAL,2008,88,77,0,28,126,16,48,278,2556,0,210,111,30,952,8,107,0,115,10998
TAMIL NADU,COIMBATORE URBAN,2008,20,28,0,18,34,1,11,78,1242,0,24,93,4,240,6,29,0,62,4180
TAMIL NADU,CUDDALORE,2008,63,71,0,32,112,3,16,89,912,0,176,16,17,653,1,29,0,50,6509
TAMIL NADU,DHARMAPURI,2008,49,57,8,24,98,3,42,57,406,0,215,26,29,1582,2,136,0,43,4696
TAMIL NADU,DINDIGUL,2008,56,71,0,26,106,0,10,85,802,0,88,103,18,415,3,47,0,99,4627
TAMIL NADU,ERODE,2008,60,43,0,42,114,7,27,172,1328,0,44,51,20,652,1,78,0,30,8006
TAMIL NADU,KANCHIPURAM,2008,75,76,0,48,36,2,7,109,740,0,76,21,17,427,7,20,0,8,6916
TAMIL NADU,KANYAKUMARI,2008,29,58,1,16,84,6,18,160,794,0,1,158,37,670,6,27,0,71,4735
TAMIL NADU,KARUR,2008,21,16,0,8,26,2,11,23,658,0,23,15,3,152,4,10,0,13,2464
TAMIL NADU,KRISHNAGIRI,2008,54,65,0,40,88,43,36,87,600,0,185,37,23,807,2,40,0,21,5080
TAMIL NADU,MADURAI RURAL,2008,55,79,0,36,64,2,14,77,564,0,187,88,23,544,9,72,0,75,4791
TAMIL NADU,MADURAI URBAN,2008,39,38,0,8,48,1,8,65,1064,0,19,117,5,91,5,11,0,42,2470
TAMIL NADU,NAGAPATTINAM,2008,47,64,1,20,56,2,2,49,464,0,41,18,15,367,4,59,0,8,4133
TAMIL NADU,NAMAKKAL,2008,46,34,0,38,98,9,29,75,604,0,88,79,11,568,5,49,0,25,4625
TAMIL NADU,NILGIRIS,2008,6,10,0,8,8,0,6,86,206,0,25,9,0,223,1,20,0,9,1371
TAMIL NADU,PERAMBALUR,2008,29,50,0,52,62,1,2,41,654,0,49,41,9,267,7,70,0,6,3138
TAMIL NADU,PUDUKOTTAI,2008,37,42,2,8,68,0,3,53,358,0,38,35,13,253,8,45,0,39,3032
TAMIL NADU,RAMNATHAPURAM,2008,45,95,0,12,56,4,20,82,446,0,62,43,13,401,2,34,0,12,2907
TAMIL NADU,SALEM RURAL,2008,69,103,2,70,224,7,19,101,694,0,346,35,41,2341,3,217,0,94,7381
TAMIL NADU,SALEM URBAN,2008,29,40,0,44,64,1,18,45,526,0,40,71,1,378,7,16,0,33,2313
TAMIL NADU,SIVAGANGAI,2008,34,47,2,2,86,2,18,103,528,0,41,91,17,295,4,7,0,56,2888
TAMIL NADU,THANJAVUR,2008,66,93,0,14,58,23,20,158,1064,0,68,27,30,809,7,108,0,20,7420
TAMIL NADU,THENI,2008,28,55,1,14,70,0,21,75,526,0,60,88,17,484,4,30,0,35,4992
TAMIL NADU,THIRUNELVELI RURAL,2008,89,248,1,84,136,0,26,213,920,0,4,93,59,1062,3,115,0,97,7822
TAMIL NADU,THIRUNELVELI URBAN,2008,20,45,0,16,32,1,15,41,478,0,4,27,1,112,2,7,0,7,1574
TAMIL NADU,THIRUVALLUR,2008,35,41,2,34,44,4,30,80,464,0,75,33,9,486,9,18,0,30,4116
TAMIL NADU,THIRUVANNAMALAI,2008,32,65,0,40,68,3,6,95,578,0,117,53,32,675,3,20,0,16,4625
TAMIL NADU,THIRUVARUR,2008,26,36,0,12,28,4,9,53,246,0,34,27,18,1012,1,51,0,3,2770
TAMIL NADU,THOOTHUGUDI,2008,72,127,0,22,96,0,33,198,1110,0,2,115,10,498,4,3,0,64,5508
TAMIL NADU,TRICHY RLY.,2008,1,1,0,0,0,0,1,0,76,0,0,2,0,4,0,0,0,0,98
TAMIL NADU,TRICHY RURAL,2008,55,27,0,22,56,0,6,53,522,0,25,16,8,177,5,16,0,28,3598
TAMIL NADU,TRICHY URBAN,2008,13,30,2,4,20,2,6,59,888,0,10,54,2,68,5,7,0,25,3273
TAMIL NADU,VELLORE,2008,74,33,4,42,106,2,8,139,844,0,14,58,26,621,7,25,0,49,7050
TAMIL NADU,VILLUPURAM,2008,82,78,2,116,128,7,20,98,622,0,249,38,30,608,6,70,0,88,6631
TAMIL NADU,VIRUDHUNAGAR,2008,41,73,0,34,104,3,22,121,838,0,59,100,21,448,3,19,0,69,4271
TAMIL NADU,TOTAL,2008,1759,2327,28,1146,2750,166,662,3849,30038,0,2811,2349,610,20529,207,1705,0,1648,176833
TRIPURA,DHALAI,2008,20,3,0,64,36,3,14,24,78,0,18,3,6,73,2,22,0,34,417
TRIPURA,NORTH,2008,28,16,0,92,54,2,7,41,174,0,19,18,6,235,2,62,0,169,993
TRIPURA,SOUTH,2008,35,20,1,90,68,2,41,50,300,0,45,28,22,254,6,135,0,161,1506
TRIPURA,WEST,2008,72,14,1,162,134,9,33,103,446,0,115,43,13,362,6,127,0,371,2420
TRIPURA,TOTAL,2008,155,53,2,408,292,16,95,218,998,0,197,92,47,924,16,346,0,735,5336
UTTAR PRADESH,AGRA,2008,109,133,40,84,458,19,61,208,3652,0,233,339,12,431,77,123,0,479,6925
UTTAR PRADESH,ALIGARH,2008,139,143,30,124,324,16,73,137,1402,0,176,241,18,311,58,37,0,213,4069
UTTAR PRADESH,ALLAHABAD,2008,143,89,33,98,288,6,62,245,1526,0,177,226,3,413,68,91,0,259,5161
UTTAR PRADESH,AMBEDKAR NAGAR,2008,33,19,12,36,102,1,13,27,262,0,23,70,1,184,13,20,0,133,1040
UTTAR PRADESH,AURAIYA,2008,26,20,11,22,58,4,10,6,188,0,17,17,7,81,12,7,0,36,822
UTTAR PRADESH,AZAMGARH,2008,74,37,21,48,120,3,30,62,358,0,57,74,0,258,35,17,0,86,1760
UTTAR PRADESH,BADAUN,2008,68,109,40,22,106,3,14,24,252,0,15,71,4,205,32,27,0,25,2112
UTTAR PRADESH,BAGHPAT,2008,66,70,9,38,102,5,51,42,338,0,69,74,0,135,15,16,0,61,1539
UTTAR PRADESH,BAHRAICH,2008,46,39,18,48,128,9,17,61,260,0,32,22,10,138,27,24,0,37,1217
UTTAR PRADESH,BALLIA,2008,32,39,19,24,66,1,15,62,298,0,53,61,1,131,20,15,0,43,936
UTTAR PRADESH,BALRAMPUR,2008,15,11,6,24,42,1,3,13,96,0,10,14,0,23,5,12,0,13,351
UTTAR PRADESH,BANDA,2008,37,21,24,70,80,1,20,84,252,0,64,100,13,95,36,70,0,67,1830
UTTAR PRADESH,BARABANKI,2008,54,70,15,46,166,0,22,80,418,0,14,14,2,273,47,34,0,110,2986
UTTAR PRADESH,BAREILLY,2008,130,162,45,92,310,15,48,147,1244,0,120,234,0,238,47,110,0,202,5222
UTTAR PRADESH,BASTI,2008,26,22,13,14,36,2,7,29,164,0,26,109,0,117,15,5,0,24,999
UTTAR PRADESH,BIJNOR,2008,93,68,19,60,184,5,32,36,456,0,54,198,0,423,19,52,0,249,2295
UTTAR PRADESH,BULANDSHAHAR,2008,104,98,19,56,154,1,11,39,454,0,52,181,0,462,29,51,0,151,3568
UTTAR PRADESH,CHANDOLI,2008,24,27,5,8,22,0,8,53,232,0,8,70,0,165,19,10,0,91,1129
UTTAR PRADESH,CHITRAKOOT DHAM,2008,28,14,9,44,40,5,10,35,104,0,6,36,7,69,17,21,0,17,528
UTTAR PRADESH,DEORIA,2008,33,16,16,30,40,0,4,36,162,0,41,20,2,77,36,6,0,27,797
UTTAR PRADESH,ETAH,2008,64,82,20,40,160,3,23,53,498,0,46,94,9,166,34,41,0,71,1984
UTTAR PRADESH,ETAWAH,2008,70,72,12,38,178,12,27,72,682,0,15,103,0,240,28,43,0,108,2408
UTTAR PRADESH,FAIZABAD,2008,43,14,12,46,116,4,15,65,416,0,36,119,0,175,18,26,0,86,1733
UTTAR PRADESH,FATEHGARH,2008,65,60,19,46,122,4,13,44,290,0,22,39,0,270,26,35,0,84,1433
UTTAR PRADESH,FATEHPUR,2008,74,35,39,32,106,12,22,76,266,0,8,106,0,177,41,32,0,67,1819
UTTAR PRADESH,FIROZABAD,2008,121,139,20,54,228,14,41,67,884,0,113,140,6,201,41,43,0,77,3009
UTTAR PRADESH,G.R.P.,2008,14,16,8,4,22,25,40,4,3042,0,27,42,0,7,0,18,0,0,2632
UTTAR PRADESH,GAUTAMBUDH NAGAR,2008,65,63,16,44,140,0,42,84,3406,0,70,256,0,15,25,19,0,68,3622
UTTAR PRADESH,GHAZIABAD,2008,143,138,44,60,398,10,63,115,2282,0,64,267,6,49,39,30,0,202,4888
UTTAR PRADESH,GHAZIPUR,2008,41,36,28,12,50,12,57,39,240,0,121,58,4,105,33,17,0,64,1059
UTTAR PRADESH,GONDA,2008,49,53,20,54,108,8,19,59,284,0,44,116,2,243,43,39,0,12,1395
UTTAR PRADESH,GORAKHPUR,2008,76,38,39,92,300,3,49,152,960,0,114,190,2,362,43,30,0,216,2892
UTTAR PRADESH,HAMIRPUR,2008,23,8,21,18,42,0,0,13,46,0,9,22,0,17,13,13,0,10,450
UTTAR PRADESH,HARDOI,2008,71,53,18,84,128,3,18,38,352,0,30,54,3,280,50,67,0,68,2114
UTTAR PRADESH,HATHRAS,2008,58,40,24,34,124,8,43,33,384,0,37,79,0,138,27,43,0,92,1447
UTTAR PRADESH,J.P.NAGAR,2008,42,30,10,40,76,2,10,26,272,0,28,124,0,22,16,26,0,40,1144
UTTAR PRADESH,JALAUN,2008,43,12,14,12,68,7,16,25,148,0,7,46,5,0,37,34,0,47,1106
UTTAR PRADESH,JAUNPUR,2008,40,51,28,38,94,6,31,70,374,0,77,166,3,457,44,38,0,161,2230
UTTAR PRADESH,JHANSI,2008,33,21,23,14,50,0,10,41,268,0,10,61,1,34,26,24,0,11,1011
UTTAR PRADESH,KANNAUJ,2008,37,37,21,22,84,3,19,19,140,0,22,46,4,22,31,27,0,91,1160
UTTAR PRADESH,KANPUR DEHAT,2008,50,35,15,52,134,2,11,36,286,0,96,85,1,322,31,64,0,185,2084
UTTAR PRADESH,KANPUR NAGAR,2008,168,114,39,144,592,28,144,279,2586,0,220,645,7,505,86,136,0,632,8885
UTTAR PRADESH,KANSHIRAM NAGAR,2008,60,54,8,38,80,2,7,31,152,0,25,19,6,19,30,31,0,31,905
UTTAR PRADESH,KAUSHAMBI,2008,56,31,12,52,92,2,32,86,214,0,49,75,0,147,26,59,0,117,1674
UTTAR PRADESH,KHIRI,2008,79,77,35,116,190,3,22,63,618,0,54,119,5,353,48,74,0,88,2768
UTTAR PRADESH,KUSHI NAGAR,2008,22,10,13,12,30,0,2,7,76,0,20,58,2,118,14,8,0,24,976
UTTAR PRADESH,LALITPUR,2008,22,4,10,32,24,0,3,24,112,0,20,32,1,7,10,11,0,40,495
UTTAR PRADESH,LUCKNOW,2008,130,160,32,164,778,18,147,804,6200,0,441,1140,3,57,62,226,0,778,13707
UTTAR PRADESH,MAHARAJGANJ,2008,24,4,9,34,52,0,11,16,80,0,23,48,0,60,14,12,0,37,807
UTTAR PRADESH,MAHOBA,2008,23,11,6,24,52,3,15,43,102,0,18,22,8,34,17,24,0,30,652
UTTAR PRADESH,MAINPURI,2008,100,98,16,18,176,22,35,60,472,0,57,144,1,202,38,20,0,40,2207
UTTAR PRADESH,MATHURA,2008,95,123,25,48,152,1,45,63,1318,0,102,252,0,159,31,64,0,222,3911
UTTAR PRADESH,MAU,2008,27,38,12,38,100,0,14,43,268,0,89,90,0,134,12,29,0,74,1110
UTTAR PRADESH,MEERUT,2008,166,160,25,100,356,3,111,125,1930,0,145,302,0,22,37,73,0,326,5025
UTTAR PRADESH,MIRZAPUR,2008,51,15,16,38,46,5,19,50,346,0,12,90,0,124,24,16,0,133,1294
UTTAR PRADESH,MORADABAD,2008,126,118,42,150,358,9,60,166,1566,0,77,239,0,82,38,117,0,139,5093
UTTAR PRADESH,MUZAFFARNAGAR,2008,168,175,50,80,270,14,76,91,1226,0,131,206,0,9,28,39,0,258,3892
UTTAR PRADESH,PILIBHIT,2008,47,60,14,82,216,0,8,47,334,0,36,145,0,13,35,90,0,359,2470
UTTAR PRADESH,PRATAPGARH,2008,48,64,27,66,184,6,34,111,440,0,137,106,16,262,32,52,0,155,2483
UTTAR PRADESH,RAIBAREILLY,2008,63,47,15,76,120,7,12,47,368,0,54,133,2,220,33,43,0,90,2228
UTTAR PRADESH,RAMPUR,2008,56,94,17,92,214,4,42,81,668,0,53,163,7,10,21,46,0,4,2252
UTTAR PRADESH,SAHARANPUR,2008,56,73,20,16,62,11,24,46,762,0,71,194,0,25,23,23,0,153,2737
UTTAR PRADESH,SANT KABIRNAGAR,2008,12,17,6,18,80,0,10,31,126,0,11,47,2,131,7,5,0,12,823
UTTAR PRADESH,SHAHJAHANPUR,2008,114,143,31,136,242,3,28,50,454,0,33,118,2,181,68,80,0,10,2640
UTTAR PRADESH,SHRAWASTI,2008,20,13,9,12,32,0,5,26,88,0,8,22,0,54,6,13,0,4,390
UTTAR PRADESH,SIDHARTHNAGAR,2008,19,11,19,24,64,3,4,33,210,0,21,15,0,63,16,30,0,30,765
UTTAR PRADESH,SITAPUR,2008,82,69,39,106,276,3,37,91,780,0,40,86,9,254,77,47,0,110,3275
UTTAR PRADESH,SONBHADRA,2008,39,10,17,52,60,0,7,48,200,0,12,56,1,105,20,38,0,30,969
UTTAR PRADESH,ST.RAVIDASNAGAR,2008,19,20,7,4,22,1,6,32,118,0,11,9,0,89,11,2,0,16,433
UTTAR PRADESH,SULTANPUR,2008,54,82,15,50,108,1,13,62,478,0,44,59,26,332,12,26,0,43,1902
UTTAR PRADESH,UNNAO,2008,58,61,34,72,156,2,19,48,354,0,28,66,2,134,52,50,0,61,1583
UTTAR PRADESH,VARANASI,2008,58,37,18,24,118,3,25,157,1608,0,96,243,2,247,36,14,0,183,3739
UTTAR PRADESH,TOTAL,2008,4564,4233,1493,3742,10856,389,2097,5418,51892,0,4381,9327,228,11683,2237,2955,0,8312,168996
UTTARAKHAND,ALMORA,2008,12,7,1,4,14,1,5,18,60,0,11,11,2,23,8,5,0,9,252
UTTARAKHAND,BAGESHWAR,2008,6,0,1,4,6,0,0,7,18,0,2,2,1,4,2,3,0,2,65
UTTARAKHAND,CHAMOLI,2008,1,2,1,4,12,0,1,11,34,0,3,2,1,10,1,3,0,3,94
UTTARAKHAND,CHAMPAWAT,2008,2,2,1,4,8,0,1,4,26,0,1,1,0,4,3,0,0,5,79
UTTARAKHAND,DEHRADUN,2008,42,51,5,40,130,2,37,131,1118,0,170,150,2,263,9,24,0,85,2458
UTTARAKHAND,HARIDWAR,2008,74,62,13,48,122,7,53,82,982,0,141,147,4,506,18,29,0,138,2522
UTTARAKHAND,NAINITAL,2008,24,24,5,18,44,2,11,33,320,0,20,41,0,13,10,5,0,21,892
UTTARAKHAND,PAURI GARHWAL,2008,4,5,2,0,8,0,4,12,50,0,6,21,2,20,5,3,0,6,178
UTTARAKHAND,PITHORAGARH,2008,3,6,3,0,0,0,4,13,24,0,1,2,1,12,3,6,0,11,160
UTTARAKHAND,RUDRA PRAYAG,2008,0,0,0,0,0,0,0,3,22,0,3,0,0,5,0,0,0,0,37
UTTARAKHAND,TEHRI GARHWAL,2008,7,4,3,6,6,0,5,19,54,0,14,8,2,16,2,4,0,8,241
UTTARAKHAND,UDHAMSINGH NAGAR,2008,45,50,5,44,134,6,23,78,500,0,124,75,0,59,11,34,0,51,1749
UTTARAKHAND,UTTARKASHI,2008,3,4,0,2,10,0,0,12,36,0,13,3,0,2,1,4,0,1,129
UTTARAKHAND,TOTAL,2008,223,217,40,174,494,18,144,423,3244,0,509,463,15,937,73,120,0,340,8856
WEST BENGAL,24 PARGANAS NORTH,2008,192,168,47,384,634,344,43,19,2904,0,579,239,13,234,67,209,0,1946,11247
WEST BENGAL,24 PARGANAS SOUTH,2008,239,35,43,616,560,252,35,11,3546,0,1115,217,6,292,53,192,0,2551,13920
WEST BENGAL,ASANSOL,2008,40,13,10,40,36,30,3,4,444,0,27,45,7,94,9,20,0,166,1676
WEST BENGAL,BANKURA,2008,54,37,6,92,42,28,22,9,366,0,126,28,9,252,20,45,0,170,1460
WEST BENGAL,BIRBHUM,2008,96,24,31,116,92,25,30,3,722,0,372,50,11,253,26,67,0,289,2526
WEST BENGAL,BURDWAN,2008,91,69,26,122,174,70,29,6,1038,0,333,152,5,136,24,107,0,507,4128
WEST BENGAL,COOCHBEHAR,2008,57,51,4,282,216,4,4,15,386,0,139,28,2,137,17,148,0,367,2499
WEST BENGAL,DAKSHIN DINAJPUR,2008,33,109,15,94,100,5,9,2,264,0,19,12,6,72,8,78,0,206,1551
WEST BENGAL,DARJEELING,2008,48,1,16,94,92,28,14,5,1086,0,73,27,11,717,5,60,0,135,2246
WEST BENGAL,HOOGHLY,2008,92,84,32,108,100,49,52,26,1304,0,376,20,10,177,17,19,0,567,3844
WEST BENGAL,HOWRAH,2008,82,11,29,92,210,45,25,11,1748,0,236,242,2,58,20,63,0,595,5487
WEST BENGAL,HOWRAH G.R.P.,2008,5,42,0,0,6,10,1,0,1042,0,3,8,0,1,0,5,0,0,666
WEST BENGAL,JALPAIGURI,2008,126,134,44,668,598,11,76,135,5758,0,129,93,0,1493,18,376,0,1062,12992
WEST BENGAL,KHARAGPUR G.R.P.,2008,7,0,1,0,0,8,1,0,204,0,3,0,0,0,0,1,0,0,139
WEST BENGAL,KOLKATA,2008,51,77,23,70,232,59,86,138,6730,0,211,1273,0,1470,12,211,0,405,13005
WEST BENGAL,MALDA,2008,78,129,24,260,184,19,16,8,620,0,36,50,0,75,12,83,0,401,2798
WEST BENGAL,MURSHIDABAD,2008,134,237,34,616,388,83,30,11,1044,0,282,111,18,1459,34,184,0,1441,6302
WEST BENGAL,NADIA,2008,102,345,28,356,432,52,34,13,2474,0,319,180,24,1366,46,296,0,1186,7247
WEST BENGAL,PASCHIM MIDNAPUR,2008,98,40,41,112,114,49,28,16,572,0,230,36,6,194,20,58,0,582,2933
WEST BENGAL,PURAB MIDNAPUR,2008,63,26,10,120,236,24,18,16,778,0,600,74,0,0,28,45,0,613,3887
WEST BENGAL,PURULIA,2008,44,0,7,122,46,12,27,3,526,0,120,28,3,0,4,63,0,193,1744
WEST BENGAL,SEALDAH G.R.P.,2008,10,2,1,4,12,6,7,0,294,0,14,4,0,17,0,1,0,0,257
WEST BENGAL,SILIGURI G.R.P.,2008,2,0,2,2,12,0,2,1,192,0,3,1,0,0,0,2,0,1,135
WEST BENGAL,UTTAR DINAJPUR,2008,67,98,14,156,148,26,21,10,626,0,80,20,17,536,11,63,0,280,2730
WEST BENGAL,TOTAL,2008,1811,1732,488,4526,4664,1239,613,462,34668,0,5425,2938,150,9033,451,2396,0,13663,105419
A & N ISLANDS,ANDAMAN,2008,8,10,2,24,32,0,14,72,250,0,16,19,15,105,2,24,0,25,859
A & N ISLANDS,NICOBAR,2008,0,1,0,0,2,0,0,6,6,0,0,0,0,2,0,0,0,1,23
A & N ISLANDS,TOTAL,2008,8,11,2,24,34,0,14,78,256,0,16,19,15,107,2,24,0,26,882
CHANDIGARH,CHANDIGARH,2008,17,28,6,40,100,5,23,257,3982,0,85,213,2,73,3,19,0,49,3931
CHANDIGARH,TOTAL,2008,17,28,6,40,100,5,23,257,3982,0,85,213,2,73,3,19,0,49,3931
D & N HAVELI,D AND N HAVELI,2008,9,2,0,12,34,1,0,49,108,0,24,24,6,26,0,4,0,4,401
D & N HAVELI,TOTAL,2008,9,2,0,12,34,1,0,49,108,0,24,24,6,26,0,4,0,4,401
DAMAN & DIU,DAMAN,2008,2,1,0,0,4,2,3,36,82,0,29,2,2,11,0,2,0,0,192
DAMAN & DIU,DIU,2008,0,1,0,0,4,0,1,9,16,0,6,0,1,1,0,0,0,5,56
DAMAN & DIU,TOTAL,2008,2,2,0,0,8,2,4,45,98,0,35,2,3,12,0,2,0,5,248
DELHI UT,CAW,2008,0,0,0,0,0,0,0,0,0,0,0,0,0,1,0,1,0,104,107
DELHI UT,CENTRAL,2008,34,33,4,60,168,6,33,92,2784,0,2,144,0,208,6,38,0,81,3100
DELHI UT,CRIME BRANCH,2008,1,1,0,0,0,0,0,0,2,0,0,14,0,0,0,0,0,0,30
DELHI UT,DELHI UT TOTAL,2008,554,389,66,932,3134,158,541,1926,37734,0,71,1493,41,1936,129,611,0,1387,49350
DELHI UT,EAST,2008,49,51,1,146,382,18,74,180,4942,0,13,137,5,217,21,93,0,184,5540
DELHI UT,EOW,2008,0,0,0,0,0,0,0,0,0,0,0,137,0,0,0,0,0,0,170
DELHI UT,GRP(RLY),2008,6,0,0,0,12,3,2,1,1642,0,0,11,1,15,1,1,0,1,951
DELHI UT,IGI AIRPORT,2008,1,1,0,0,2,0,3,0,160,0,1,11,0,1,0,2,0,0,530
DELHI UT,NEW DELHI,2008,9,3,1,6,38,0,14,46,1392,0,11,146,2,41,1,18,0,9,1859
DELHI UT,NORTH,2008,25,18,7,40,160,5,56,75,1864,0,4,138,2,109,4,35,0,79,3113
DELHI UT,NORTH-EAST,2008,92,50,12,64,420,5,47,182,3036,0,7,71,6,302,17,77,0,172,4514
DELHI UT,NORTH-WEST,2008,54,48,2,118,274,14,85,250,3520,0,2,76,5,173,12,48,0,82,4204
DELHI UT,OUTER,2008,77,53,14,118,710,14,43,249,3742,0,3,111,2,212,21,48,0,162,5237
DELHI UT,SOUTH,2008,37,18,5,74,140,24,42,262,3916,0,8,159,3,103,8,52,0,76,4821
DELHI UT,SOUTH-EAST,2008,66,37,6,122,364,39,66,222,4324,0,9,148,5,181,15,82,0,156,5904
DELHI UT,SOUTH-WEST,2008,57,36,6,76,174,22,37,136,2226,0,7,62,4,131,9,39,0,109,3945
DELHI UT,STF,2008,0,10,0,0,0,1,0,0,0,0,0,10,0,0,0,0,0,0,39
DELHI UT,WEST,2008,46,30,8,108,290,7,39,231,4184,0,4,118,6,242,14,77,0,172,5286
LAKSHADWEEP,LAKSHADWEEP,2008,1,0,0,4,2,0,0,3,16,0,12,0,2,12,0,0,0,1,95
LAKSHADWEEP,TOTAL,2008,1,0,0,4,2,0,0,3,16,0,12,0,2,12,0,0,0,1,95
PUDUCHERRY,KARAIKAL,2008,5,6,0,2,4,0,0,14,142,0,36,5,1,176,0,25,0,2,727
PUDUCHERRY,PUDUCHERRY,2008,30,29,3,14,30,13,10,76,1234,0,129,48,8,697,2,40,0,10,4262
PUDUCHERRY,TOTAL,2008,35,35,3,16,34,13,10,90,1376,0,165,53,9,873,2,65,0,12,4989
ANDHRA PRADESH,ADILABAD,2009,85,39,11,134,146,6,20,200,702,0,101,161,35,1254,13,192,0,428,5312
ANDHRA PRADESH,ANANTAPUR,2009,140,78,4,44,136,9,24,176,1094,0,98,104,22,1049,14,157,0,143,5181
ANDHRA PRADESH,CHITTOOR,2009,85,68,2,66,148,4,17,251,2416,0,104,276,45,1040,19,120,0,333,7268
ANDHRA PRADESH,CUDDAPAH,2009,93,44,0,54,114,2,9,103,920,0,162,206,44,1061,17,165,0,124,5510
ANDHRA PRADESH,CYBERABAD,2009,186,84,15,164,336,12,72,1348,6716,0,83,1174,71,3136,46,173,0,991,14841
ANDHRA PRADESH,EAST GODAVARI,2009,93,96,5,94,160,1,29,456,2240,0,62,301,35,3047,23,196,0,440,8660
ANDHRA PRADESH,GUNTAKAL RLY.,2009,7,0,0,0,0,0,0,0,338,0,0,1,0,5,0,3,0,0,214
ANDHRA PRADESH,GUNTUR,2009,150,140,0,80,158,6,44,343,2372,0,71,384,72,2023,26,340,0,720,9806
ANDHRA PRADESH,HYDERABAD CITY,2009,153,110,5,94,216,5,59,969,10182,0,199,2007,7,3516,36,295,0,1363,17840
ANDHRA PRADESH,KARIMNAGAR,2009,91,98,15,96,256,22,15,250,1056,0,185,396,75,2751,40,292,0,635,7902
ANDHRA PRADESH,KHAMMAM,2009,118,69,3,196,216,9,23,253,1024,0,138,164,11,1111,18,205,0,519,6228
ANDHRA PRADESH,KRISHNA,2009,72,104,3,86,98,3,11,168,1038,0,43,135,36,2578,14,297,0,402,5893
ANDHRA PRADESH,KURNOOL,2009,103,170,2,62,166,9,19,282,990,0,167,265,46,1713,17,398,0,239,8002
ANDHRA PRADESH,MAHABOOBNAGAR,2009,158,68,18,148,206,1,16,256,2018,0,120,171,73,2269,24,215,0,299,6972
ANDHRA PRADESH,MEDAK,2009,120,61,8,92,122,4,25,260,1196,0,69,268,54,2010,27,118,0,368,5887
ANDHRA PRADESH,NALGONDA,2009,124,63,7,154,218,9,32,272,988,0,107,282,97,1808,41,254,0,364,8617
ANDHRA PRADESH,NELLORE,2009,66,82,3,64,100,14,7,189,1198,0,41,193,38,2304,3,287,0,305,5867
ANDHRA PRADESH,NIZAMABAD,2009,106,55,3,54,92,4,16,241,834,0,37,201,49,1595,19,79,0,518,4890
ANDHRA PRADESH,PRAKASHAM,2009,78,91,6,54,132,1,3,180,846,0,47,194,26,1303,14,197,0,248,6125
ANDHRA PRADESH,RANGA REDDY,2009,63,27,4,52,58,2,5,99,256,0,18,57,20,777,20,44,0,108,2042
ANDHRA PRADESH,SECUNDERABAD RLY.,2009,9,1,0,0,0,0,0,0,926,0,0,3,0,8,0,3,0,0,588
ANDHRA PRADESH,SRIKAKULAM,2009,31,2,1,42,40,1,5,125,324,0,8,63,18,755,6,67,0,211,3354
ANDHRA PRADESH,VIJAYAWADA CITY,2009,34,54,1,46,126,0,22,176,2274,0,8,306,16,1547,17,177,0,433,5180
ANDHRA PRADESH,VIJAYAWADA RLY.,2009,3,4,0,0,0,0,3,1,1020,0,0,4,0,23,0,0,0,0,592
ANDHRA PRADESH,VISAKHA RURAL,2009,47,36,2,28,36,0,4,94,316,0,40,79,20,1172,8,57,0,167,2738
ANDHRA PRADESH,VISAKHAPATNAM,2009,28,25,4,78,96,1,21,311,2080,0,12,270,13,473,13,95,0,481,5416
ANDHRA PRADESH,VIZIANAGARAM,2009,30,24,2,26,30,1,4,128,484,0,8,118,15,523,8,103,0,297,3451
ANDHRA PRADESH,WARANGAL,2009,103,42,5,140,280,3,14,277,1032,0,289,365,40,1421,49,234,0,432,7479
ANDHRA PRADESH,WEST GODAVARI,2009,73,124,5,228,230,0,25,364,2504,0,44,380,61,2216,14,384,0,729,8586
ANDHRA PRADESH,TOTAL,2009,2449,1859,134,2376,3916,129,544,7772,49384,0,2261,8528,1039,44488,546,5147,0,11297,180441
ARUNACHAL PRADESH,ANJAW,2009,0,0,0,0,0,0,0,2,0,0,0,0,0,6,0,0,0,0,20
ARUNACHAL PRADESH,CHANGLANG,2009,3,2,0,16,14,5,7,28,76,0,1,3,3,38,0,3,0,4,207
ARUNACHAL PRADESH,DIBANG VALLEY,2009,1,1,1,6,12,0,3,10,44,0,0,1,1,31,0,2,0,1,115
ARUNACHAL PRADESH,K/KUMEY,2009,6,4,0,10,0,1,0,8,12,0,1,2,4,9,0,0,0,0,72
ARUNACHAL PRADESH,KAMENG EAST,2009,5,0,0,6,10,4,5,11,34,0,5,2,0,44,0,1,0,0,163
ARUNACHAL PRADESH,KAMENG WEST,2009,3,5,2,2,0,2,3,7,20,0,2,0,2,43,0,5,0,1,137
ARUNACHAL PRADESH,LOHIT,2009,9,1,0,16,12,2,4,13,70,0,5,1,1,29,0,5,0,0,170
ARUNACHAL PRADESH,PAPUM PARE,2009,7,4,0,22,26,3,10,33,178,0,3,0,7,81,0,10,0,1,456
ARUNACHAL PRADESH,SIANG EAST,2009,3,2,1,18,20,0,0,24,116,0,9,3,1,50,0,6,0,1,222
ARUNACHAL PRADESH,SIANG UPPER,2009,0,0,0,4,2,0,0,11,18,0,0,3,1,16,0,1,0,0,55
ARUNACHAL PRADESH,SIANG WEST,2009,11,3,0,10,10,1,7,9,58,0,19,7,6,56,0,6,0,4,243
ARUNACHAL PRADESH,SUBANSIRI LOWER,2009,1,3,1,4,8,0,2,16,26,0,3,2,1,37,0,8,0,0,127
ARUNACHAL PRADESH,SUBANSIRI UPPER,2009,4,3,0,2,2,0,5,3,32,0,0,1,0,39,0,5,0,1,136
ARUNACHAL PRADESH,TAWANG,2009,1,0,0,0,0,0,0,5,28,0,0,2,0,4,0,0,0,0,44
ARUNACHAL PRADESH,TIRAP,2009,5,3,0,2,8,2,9,12,50,0,1,2,1,40,0,6,0,0,166
ARUNACHAL PRADESH,UPPER DIBANG VALLEY,2009,0,2,0,0,0,0,0,9,0,0,3,0,0,3,0,0,0,0,29
ARUNACHAL PRADESH,TOTAL,2009,59,33,5,118,124,20,55,201,762,0,52,29,28,526,0,58,0,13,2362
ASSAM,BARPETA,2009,46,20,0,246,226,13,26,168,372,0,166,31,21,176,29,130,0,206,2496
ASSAM,BASKA,2009,29,14,1,36,76,0,5,18,60,0,5,8,5,57,3,8,0,25,413
ASSAM,BONGAIGAON,2009,13,9,0,108,116,11,12,95,278,0,75,34,10,86,4,5,0,118,1253
ASSAM,C.I.D.,2009,1,0,0,0,0,0,0,0,2,0,0,12,0,0,0,0,0,0,22
ASSAM,CACHAR,2009,56,10,0,140,304,29,25,270,1044,0,191,79,41,84,23,29,0,479,4601
ASSAM,CHIRANG,2009,34,1,0,70,116,3,3,35,116,0,5,2,10,26,1,1,0,51,582
ASSAM,DARRANG,2009,29,8,0,160,198,11,13,119,444,0,27,50,20,357,7,139,0,236,2321
ASSAM,DHEMAJI,2009,20,27,0,124,142,4,11,27,260,0,7,19,12,218,1,42,0,110,1016
ASSAM,DHUBRI,2009,53,16,2,300,370,10,26,118,516,0,347,109,38,496,20,154,0,375,3291
ASSAM,DIBRUGARH,2009,77,4,0,92,220,2,26,103,988,0,7,22,0,467,3,44,0,92,2155
ASSAM,G.R.P.,2009,8,0,0,0,4,10,9,2,292,0,8,4,0,0,0,0,0,0,306
ASSAM,GOALPARA,2009,51,4,0,180,178,8,5,82,332,0,120,52,5,376,2,2,0,252,1776
ASSAM,GOLAGHAT,2009,55,22,1,70,202,3,25,72,478,0,1,34,15,347,0,46,0,108,1586
ASSAM,GUWAHATI CITY,2009,86,34,4,108,586,32,165,631,3456,0,49,227,45,721,9,162,0,321,7280
ASSAM,HAILAKANDI,2009,12,1,0,90,118,4,5,71,154,0,144,25,17,17,8,12,0,81,1202
ASSAM,JORHAT,2009,26,4,2,72,108,2,29,93,498,0,22,24,10,256,1,53,0,116,1362
ASSAM,KAMRUP,2009,43,20,1,114,242,13,18,107,482,0,54,34,17,218,3,35,0,108,2335
ASSAM,KARBI ANGLONG,2009,40,13,0,34,42,7,11,30,218,0,28,8,0,58,0,9,0,23,624
ASSAM,KARIMGANJ,2009,34,10,0,52,78,8,7,70,146,0,44,4,22,82,12,9,0,106,1140
ASSAM,KOKRAJHAR,2009,69,25,0,88,142,10,6,35,296,0,71,20,31,176,1,26,0,70,1191
ASSAM,LAKHIMPUR,2009,31,20,8,108,246,0,13,79,418,0,23,4,10,365,3,42,0,187,1861
ASSAM,MORIGAON,2009,26,10,2,176,154,5,12,51,168,0,82,33,0,475,3,60,0,98,1322
ASSAM,N.C.HILLS,2009,73,12,10,6,32,0,1,4,40,0,1,1,13,13,0,4,0,3,254
ASSAM,NAGAON,2009,75,67,2,324,466,40,76,259,878,0,209,99,69,655,12,134,0,655,5203
ASSAM,NALBARI,2009,23,22,0,62,116,10,23,75,316,0,8,27,10,304,6,76,0,73,1348
ASSAM,R.P.O.,2009,4,0,0,14,2,5,2,2,12,0,8,0,0,0,0,0,0,0,90
ASSAM,SIBSAGAR,2009,68,24,1,142,240,5,37,155,852,0,33,47,15,179,4,52,0,149,2163
ASSAM,SONITPUR,2009,109,20,1,178,348,6,27,177,694,0,35,73,18,145,11,38,0,246,2907
ASSAM,TINSUKIA,2009,85,0,0,116,212,18,39,136,1264,0,30,13,16,154,2,8,0,62,2374
ASSAM,UDALGURI,2009,47,0,0,52,152,3,23,65,214,0,8,3,6,39,2,22,0,48,839
ASSAM,TOTAL,2009,1323,417,35,3262,5436,272,680,3149,15288,0,1808,1098,476,6547,170,1342,0,4398,55313
BIHAR,ARARIA,2009,50,21,5,56,112,32,50,44,504,0,196,24,15,85,21,4,0,18,2129
BIHAR,ARWAL,2009,23,15,3,4,32,2,5,10,110,0,44,13,12,39,10,9,0,6,655
BIHAR,AURANGABAD,2009,67,6,8,38,108,23,27,122,692,0,364,55,33,917,37,16,0,46,3113
BIHAR,BAGAHA,2009,38,41,3,16,92,10,12,37,268,0,60,29,14,580,14,44,0,13,1500
BIHAR,BANKA,2009,78,53,13,62,108,22,37,88,278,0,114,32,16,431,19,4,0,24,1820
BIHAR,BEGUSARAI,2009,109,237,1,24,158,19,61,62,606,0,273,77,16,323,46,10,0,47,3387
BIHAR,BETTIAH,2009,65,16,2,44,164,13,23,71,554,0,198,38,10,1036,37,3,0,38,3202
BIHAR,BHABHUA,2009,56,27,0,8,76,6,28,62,400,0,127,29,0,70,19,0,0,16,1780
BIHAR,BHAGALPUR,2009,73,8,6,56,114,3,27,130,1030,0,222,44,9,569,15,2,0,47,3240
BIHAR,BHOJPUR,2009,94,34,0,22,100,18,41,99,888,0,184,78,4,25,54,0,0,275,3736
BIHAR,BUXAR,2009,53,37,0,28,128,15,25,52,450,0,172,35,37,476,26,17,0,50,1860
BIHAR,DARBHANGA,2009,49,121,6,54,166,22,28,101,602,0,481,163,26,114,33,10,0,247,4261
BIHAR,GAYA,2009,155,33,17,40,216,54,85,163,1334,0,374,126,38,10,46,12,0,106,4626
BIHAR,GOPALGANJ,2009,81,127,15,74,224,14,21,66,452,0,221,77,16,86,42,39,0,127,2641
BIHAR,JAMALPUR RLY.,2009,6,2,0,2,6,10,11,1,248,0,4,3,0,0,0,2,0,0,232
BIHAR,JAMUI,2009,65,156,2,30,70,16,30,53,296,0,181,71,5,821,17,7,0,56,2257
BIHAR,JEHANABAD,2009,48,10,2,16,80,10,12,40,256,0,127,25,6,117,43,11,0,42,1592
BIHAR,KATIHAR,2009,89,19,1,240,260,15,27,48,366,0,213,61,28,405,17,5,0,55,2537
BIHAR,KATIHAR RLY.,2009,9,0,0,2,4,4,6,5,378,0,3,8,0,20,0,2,0,0,364
BIHAR,KHAGARIA,2009,46,114,8,16,98,3,22,20,282,0,153,33,13,620,23,37,0,7,1671
BIHAR,KISHANGANJ,2009,32,0,1,66,82,10,5,30,364,0,135,27,2,183,6,0,0,32,1247
BIHAR,LAKHISARAI,2009,45,73,3,30,78,5,25,29,206,0,114,39,10,410,13,25,0,25,1294
BIHAR,MADHEPURA,2009,45,10,5,22,100,1,41,31,408,0,152,14,8,113,19,4,0,11,1770
BIHAR,MADHUBANI,2009,66,7,0,38,162,12,24,89,780,0,307,32,18,1055,31,20,0,71,4175
BIHAR,MOTIHARI,2009,127,253,3,62,312,24,50,155,1004,0,486,177,34,1112,49,6,0,41,5234
BIHAR,MUNGER,2009,79,133,1,24,136,16,53,64,532,0,168,56,26,180,12,0,0,54,2002
BIHAR,MUZAFFARPUR,2009,150,19,17,110,302,34,66,196,1596,0,356,133,29,63,77,13,0,109,5579
BIHAR,MUZAFFARPUR RLY.,2009,19,21,0,6,10,13,10,10,654,0,5,12,0,65,1,5,0,0,600
BIHAR,NALANDA,2009,114,301,8,66,198,23,50,120,836,0,194,53,18,665,74,88,0,33,4707
BIHAR,NAUGACHIA,2009,32,63,3,12,72,2,7,26,130,0,143,36,12,153,9,56,0,13,1573
BIHAR,NAWADAH,2009,60,27,2,28,128,5,16,41,290,0,129,60,5,268,21,6,0,60,2164
BIHAR,PATNA,2009,314,104,12,92,702,56,227,714,5588,0,476,448,5,130,95,21,0,341,14446
BIHAR,PATNA RLY.,2009,21,6,7,0,34,16,14,0,1340,0,17,23,0,0,3,17,0,0,1146
BIHAR,PURNEA,2009,86,119,13,98,138,21,27,68,392,0,150,104,41,242,20,35,0,76,2820
BIHAR,ROHTAS,2009,110,63,0,36,166,37,61,125,1138,0,219,37,1,165,41,38,0,57,4071
BIHAR,SAHARSA,2009,49,123,8,56,110,13,77,61,322,0,287,55,6,246,11,36,0,15,2087
BIHAR,SAMASTIPUR,2009,109,211,17,52,260,10,45,82,818,0,235,26,47,267,68,21,0,64,4077
BIHAR,SARAN,2009,112,175,9,22,182,20,76,119,1194,0,298,103,38,1369,57,20,0,132,3826
BIHAR,SHEIKHPURA,2009,16,0,0,12,20,3,8,12,192,0,85,25,0,29,8,0,0,14,964
BIHAR,SHEOHAR,2009,20,17,0,8,50,3,2,17,110,0,44,17,2,220,7,6,0,12,555
BIHAR,SITAMARHI,2009,67,22,4,16,208,28,51,107,778,0,109,22,29,318,27,20,0,14,3763
BIHAR,SIWAN,2009,82,50,6,28,178,22,26,39,544,0,164,38,18,490,42,6,0,25,2242
BIHAR,SUPAUL,2009,36,138,24,52,84,14,30,36,220,0,175,36,15,129,12,21,0,30,1675
BIHAR,VAISHALI,2009,107,56,8,90,416,19,50,121,1012,0,395,82,23,130,73,28,0,83,4311
BIHAR,TOTAL,2009,3152,3068,243,1858,6444,718,1619,3566,30442,0,8554,2676,685,14746,1295,726,0,2532,122931
CHHATTISGARH,BALRAMPUR,2009,41,18,1,86,20,9,11,49,100,0,23,6,6,179,2,40,0,0,761
CHHATTISGARH,BILASPUR,2009,96,52,1,118,90,7,68,576,1698,0,187,56,42,1741,30,175,0,131,6438
CHHATTISGARH,BIZAPUR,2009,61,102,1,20,8,10,1,4,12,0,5,7,19,7,0,1,0,3,306
CHHATTISGARH,DANTEWARA,2009,60,76,0,28,20,30,6,36,116,0,20,8,20,50,0,14,0,5,737
CHHATTISGARH,DHAMTARI,2009,15,16,0,48,14,5,10,134,254,0,29,19,4,66,1,64,0,15,1442
CHHATTISGARH,DURG,2009,87,45,0,218,38,11,63,564,1452,0,81,105,35,298,8,223,0,124,7341
CHHATTISGARH,GRP RAIPUR,2009,8,1,0,0,2,0,5,6,542,0,2,1,0,11,0,1,0,1,358
CHHATTISGARH,JAGDALPUR,2009,71,45,1,120,38,9,19,144,348,0,31,13,10,599,0,36,0,17,2211
CHHATTISGARH,JANJGIR,2009,58,23,0,50,26,2,21,206,536,0,107,56,18,966,12,97,0,96,2964
CHHATTISGARH,JASHPUR,2009,53,23,1,128,52,5,30,104,220,0,10,13,17,100,3,57,0,25,1258
CHHATTISGARH,KABIRDHAM,2009,20,14,5,40,4,1,7,77,196,0,42,14,8,662,1,55,0,29,1567
CHHATTISGARH,KANKER,2009,46,26,0,44,22,11,10,62,74,0,28,13,9,22,2,28,0,16,993
CHHATTISGARH,KORBA,2009,58,12,1,70,12,8,38,181,460,0,49,47,11,688,9,82,0,52,2428
CHHATTISGARH,KORIYA,2009,29,15,0,140,16,1,9,166,252,0,17,19,11,482,4,83,0,58,1574
CHHATTISGARH,MAHASAMUND,2009,15,13,0,56,12,0,7,138,346,0,24,28,10,153,8,60,0,17,1660
CHHATTISGARH,NARAYANPUR,2009,17,51,0,2,0,4,2,4,6,0,1,0,7,28,1,4,0,0,171
CHHATTISGARH,RAIGARH,2009,82,24,0,86,36,6,56,224,804,0,63,54,18,582,9,73,0,36,2890
CHHATTISGARH,RAIPUR,2009,101,94,1,290,84,10,119,889,3156,0,156,150,51,2425,26,260,0,120,9915
CHHATTISGARH,RAJNANDGAON,2009,55,31,6,94,26,6,29,191,524,0,32,20,22,93,8,78,0,59,3071
CHHATTISGARH,SARGUJA,2009,58,28,1,162,30,2,26,111,276,0,29,35,12,48,1,86,0,45,1835
CHHATTISGARH,SURAJPUR,2009,52,23,0,152,22,13,17,109,212,0,21,18,5,343,3,81,0,44,1450
CHHATTISGARH,TOTAL,2009,1083,732,19,1952,572,150,554,3975,11584,0,957,682,335,9543,128,1598,0,893,51370
GOA,NORTH GOA,2009,33,9,8,62,34,2,20,162,882,0,25,69,16,107,1,17,0,12,1673
GOA,SOUTH GOA,2009,20,15,3,32,32,2,10,132,834,0,25,63,8,84,2,20,0,9,1332
GOA,TOTAL,2009,53,24,11,94,66,4,30,294,1716,0,50,132,24,191,3,37,0,21,3005
GUJARAT,AHMEDABAD COMMR.,2009,83,50,7,126,362,18,844,751,12566,0,178,205,6,1165,5,74,0,1169,20726
GUJARAT,AHMEDABAD RURAL,2009,19,19,1,18,100,14,37,125,764,0,46,15,8,238,1,17,0,131,3241
GUJARAT,AHWA-DANG,2009,5,1,0,6,0,0,0,5,4,0,1,0,3,10,0,2,0,4,153
GUJARAT,AMRELI,2009,27,8,2,16,104,5,9,122,434,0,65,5,5,303,1,21,0,131,2226
GUJARAT,ANAND,2009,36,4,1,26,86,8,8,105,824,0,26,11,7,275,0,29,0,231,3455
GUJARAT,BHARUCH,2009,26,19,0,36,56,11,18,123,858,0,53,19,18,282,0,22,0,113,3183
GUJARAT,BHAVNAGAR,2009,41,24,2,18,142,6,27,235,1368,0,95,53,15,130,0,41,0,157,4611
GUJARAT,DAHOD,2009,33,36,2,20,80,30,34,73,376,0,44,11,13,290,0,22,0,50,1459
GUJARAT,GANDHINAGAR,2009,28,8,0,14,60,5,28,168,1144,0,30,45,6,192,0,10,0,174,4890
GUJARAT,HIMATNAGAR,2009,34,15,1,30,72,12,10,86,400,0,53,24,9,151,0,23,0,208,3365
GUJARAT,JAMNAGAR,2009,32,19,0,34,48,5,11,142,726,0,72,19,2,412,1,18,0,241,4694
GUJARAT,JUNAGADH,2009,48,28,0,28,138,6,45,222,1364,0,90,36,21,515,1,48,0,473,5521
GUJARAT,KHEDA NORTH,2009,23,12,0,30,68,11,14,101,580,0,44,27,12,276,0,27,0,102,4168
GUJARAT,KUTCH,2009,35,20,0,20,78,2,15,162,846,0,59,30,3,363,0,27,0,242,3969
GUJARAT,MEHSANA,2009,29,21,0,20,110,10,20,137,1216,0,55,20,6,287,0,23,0,154,4672
GUJARAT,NARMADA,2009,13,3,1,12,6,2,1,16,64,0,9,2,1,83,0,6,0,10,755
GUJARAT,NAVSARI,2009,18,5,0,8,2,2,7,32,154,0,6,10,4,35,0,0,0,31,870
GUJARAT,PALANPUR,2009,38,16,0,52,178,12,40,214,924,0,69,41,18,1116,0,55,0,217,4325
GUJARAT,PANCHMAHAL,2009,35,16,0,30,104,15,17,117,556,0,39,18,26,324,0,27,0,147,3460
GUJARAT,PATAN,2009,21,11,1,38,42,9,18,79,662,0,38,15,8,308,0,43,0,136,2564
GUJARAT,PORBANDAR,2009,11,7,0,6,36,0,4,44,152,0,11,6,2,97,0,2,0,53,973
GUJARAT,RAJKOT COMMR.,2009,35,26,1,16,94,9,41,233,2308,0,68,40,10,407,1,19,0,271,4475
GUJARAT,RAJKOT RURAL,2009,41,28,4,56,114,7,19,166,738,0,45,15,14,224,5,32,0,279,4269
GUJARAT,SURAT COMMR.,2009,101,15,2,56,238,23,80,439,4440,0,83,171,5,623,9,34,0,351,7564
GUJARAT,SURAT RURAL,2009,39,5,0,20,24,6,8,30,222,0,12,15,3,135,0,4,0,21,1446
GUJARAT,SURENDRANAGAR,2009,40,10,1,36,116,4,13,87,420,0,48,13,2,401,0,39,0,120,2951
GUJARAT,TAPI,2009,15,0,0,14,8,0,5,15,112,0,5,6,1,86,0,0,0,7,663
GUJARAT,VADODARA COMMR.,2009,24,25,0,12,66,5,21,276,2852,0,134,92,2,253,0,17,0,178,5060
GUJARAT,VADODARA RURAL,2009,52,14,4,46,138,9,11,61,534,0,42,8,8,304,0,35,0,75,2836
GUJARAT,VALSAD,2009,22,2,0,20,24,6,7,115,532,0,12,41,2,128,0,5,0,27,1777
GUJARAT,W.RLY,2009,16,1,0,2,2,5,8,7,1198,0,7,1,0,43,0,5,0,3,862
GUJARAT,TOTAL,2009,1020,468,30,866,2696,257,1420,4488,39338,0,1539,1014,240,9456,24,727,0,5506,115183
HARYANA,AMBALA,2009,35,18,1,56,40,7,21,244,842,0,3,106,7,190,14,18,0,155,2345
HARYANA,BHIWANI,2009,48,40,6,74,148,5,23,176,920,0,172,91,16,250,17,37,0,88,2732
HARYANA,FARIDABAD,2009,60,47,8,70,172,47,23,258,2272,0,129,44,4,175,17,26,0,179,4409
HARYANA,FATEHABAD,2009,33,14,3,18,94,3,7,107,544,0,17,35,4,159,12,10,0,80,1627
HARYANA,GRP,2009,25,7,1,6,6,7,18,0,934,0,10,11,0,15,10,2,0,1,1264
HARYANA,GURGAON,2009,84,38,3,58,118,61,127,556,4938,0,89,250,14,160,24,21,0,128,6340
HARYANA,HISSAR,2009,56,60,4,66,84,50,43,216,1180,0,43,107,9,372,15,27,0,208,3346
HARYANA,JHAJJAR,2009,66,36,8,40,54,8,30,145,712,0,58,33,9,124,13,20,0,78,1797
HARYANA,JIND,2009,47,39,1,70,92,10,29,281,862,0,119,61,6,140,11,33,0,97,2373
HARYANA,KAITHAL,2009,21,19,3,48,38,14,22,124,570,0,0,15,2,184,13,20,0,187,1744
HARYANA,KARNAL,2009,27,46,2,96,102,22,22,263,1322,0,48,133,14,328,17,32,0,225,3351
HARYANA,KURUKSHETRA,2009,29,20,1,86,114,18,34,214,1180,0,0,25,7,167,5,20,0,101,2485
HARYANA,MAHENDRAGARH,2009,28,7,3,20,42,9,12,113,340,0,77,9,5,167,10,13,0,58,1713
HARYANA,MEWAT,2009,18,23,2,32,48,35,16,32,528,0,92,62,0,99,5,11,0,181,1604
HARYANA,PALWAL,2009,39,38,6,66,70,35,21,56,1116,0,134,32,8,189,12,23,0,88,2337
HARYANA,PANCHKULA,2009,14,6,1,36,34,19,23,181,758,0,2,70,0,45,1,12,0,72,1554
HARYANA,PANIPAT,2009,64,30,9,90,102,15,32,189,1516,0,34,14,8,168,19,26,0,117,2812
HARYANA,REWARI,2009,34,23,3,38,72,9,27,131,760,0,36,21,7,166,14,19,0,55,2125
HARYANA,ROHTAK,2009,65,61,6,72,86,39,46,209,1370,0,68,95,4,164,18,30,0,113,2838
HARYANA,SIRSA,2009,36,18,2,48,86,2,14,134,638,0,29,29,5,277,6,10,0,97,1722
HARYANA,SONIPAT,2009,83,70,3,64,114,27,69,257,1548,0,5,109,17,239,17,21,0,129,3429
HARYANA,YAMUNANAGAR,2009,36,30,2,52,116,8,20,191,984,0,1,54,7,199,11,20,0,180,2282
HARYANA,TOTAL,2009,948,690,78,1206,1832,450,679,4077,25834,0,1166,1406,153,3977,281,451,0,2617,56229
HIMACHAL PRADESH,BADDIPOLICEDIST,2009,10,1,0,4,6,0,3,26,56,0,28,3,1,133,0,5,0,9,423
HIMACHAL PRADESH,BILASPUR,2009,8,6,2,28,12,1,1,37,94,0,41,20,7,45,1,28,0,21,1063
HIMACHAL PRADESH,CHAMBA,2009,8,3,3,40,32,0,1,95,46,0,28,4,6,46,0,29,0,14,711
HIMACHAL PRADESH,CID,2009,0,0,0,0,0,0,0,0,0,0,0,1,0,0,0,0,0,0,2
HIMACHAL PRADESH,G.R.P.,2009,2,0,0,0,0,0,0,0,4,0,2,1,0,0,0,0,0,0,9
HIMACHAL PRADESH,HAMIRPUR,2009,6,4,1,18,32,0,1,35,84,0,30,27,13,199,0,22,0,30,936
HIMACHAL PRADESH,KANGRA,2009,29,17,2,46,48,1,0,152,272,0,92,63,27,224,0,49,0,49,2486
HIMACHAL PRADESH,KINNAUR,2009,2,1,0,12,4,0,0,14,10,0,8,2,1,14,0,3,0,2,203
HIMACHAL PRADESH,KULLU,2009,7,6,1,48,24,0,3,49,116,0,29,20,5,39,0,23,0,16,961
HIMACHAL PRADESH,LAHAUL-SPITI,2009,1,0,0,2,0,0,0,0,8,0,1,0,1,1,0,0,0,2,64
HIMACHAL PRADESH,MANDI,2009,9,7,1,44,28,1,2,75,122,0,82,34,16,145,0,59,0,29,1937
HIMACHAL PRADESH,SHIMLA,2009,18,12,2,56,56,0,0,112,400,0,99,32,28,55,0,32,0,39,1763
HIMACHAL PRADESH,SIRMAUR,2009,7,5,0,30,20,0,5,73,120,0,68,25,4,58,0,34,0,28,909
HIMACHAL PRADESH,SOLAN,2009,7,4,0,16,18,1,1,67,166,0,45,10,6,182,0,13,0,15,854
HIMACHAL PRADESH,UNA,2009,11,7,1,22,20,0,4,49,148,0,38,22,9,89,0,21,0,30,994
HIMACHAL PRADESH,TOTAL,2009,125,73,13,366,300,4,21,784,1646,0,591,264,124,1230,1,318,0,284,13315
JAMMU & KASHMIR,ANANTNAG,2009,6,19,0,16,162,0,7,132,364,0,136,34,13,8,0,84,0,4,1393
JAMMU & KASHMIR,AWANTIPORA,2009,5,3,0,10,22,0,4,17,100,0,21,8,0,0,0,17,0,0,472
JAMMU & KASHMIR,BANDIPORA,2009,5,3,1,8,108,0,3,38,108,0,49,9,8,0,0,66,0,0,465
JAMMU & KASHMIR,BARAMULLA,2009,20,54,0,28,172,0,7,169,444,0,138,31,38,8,0,127,0,0,1580
JAMMU & KASHMIR,BUDGAM,2009,3,28,2,20,152,0,11,85,530,0,182,23,9,2,0,105,0,1,1369
JAMMU & KASHMIR,CRIME JAMMU,2009,1,0,0,0,0,0,0,0,2,0,0,15,0,0,0,0,0,0,17
JAMMU & KASHMIR,CRIME SRINAGAR,2009,0,0,0,0,0,0,0,0,0,0,0,26,0,0,0,0,0,0,32
JAMMU & KASHMIR,DODA,2009,18,43,1,36,78,0,1,49,62,0,15,6,6,16,0,21,0,19,721
JAMMU & KASHMIR,GANDERBAL,2009,4,1,0,14,52,0,1,28,114,0,52,12,3,4,0,45,0,3,446
JAMMU & KASHMIR,HANDWARA,2009,6,22,0,10,34,0,0,25,66,0,14,16,9,2,0,46,0,0,381
JAMMU & KASHMIR,JAMMU,2009,18,77,3,58,138,1,5,280,1206,0,82,102,25,36,10,29,0,62,3746
JAMMU & KASHMIR,KARGIL,2009,0,0,0,2,2,0,0,7,12,0,3,2,1,0,0,1,0,0,104
JAMMU & KASHMIR,KATHUA,2009,10,19,0,18,50,0,0,47,102,0,39,8,10,13,1,16,0,4,1001
JAMMU & KASHMIR,KISHTWAR,2009,10,26,1,6,46,0,0,23,48,0,1,3,3,1,0,3,0,5,276
JAMMU & KASHMIR,KULGAM,2009,10,8,0,18,104,0,5,52,146,0,79,25,14,54,0,73,0,0,720
JAMMU & KASHMIR,KUPWARA,2009,10,37,0,12,48,0,1,57,62,0,50,4,5,4,0,20,0,3,417
JAMMU & KASHMIR,LEH,2009,4,1,0,4,2,0,1,14,20,0,2,3,0,3,0,3,0,0,168
JAMMU & KASHMIR,POONCH,2009,17,33,1,24,42,0,0,25,84,0,107,10,0,60,0,29,0,17,758
JAMMU & KASHMIR,PULWAMA,2009,4,6,2,10,64,0,2,26,168,0,81,7,6,32,0,18,0,0,433
JAMMU & KASHMIR,RAILWAYS,2009,1,1,0,0,0,0,0,0,28,0,0,1,0,0,0,0,0,0,27
JAMMU & KASHMIR,RAILWAYS KMR,2009,0,0,0,0,0,0,0,1,0,0,0,0,0,0,0,2,0,0,10
JAMMU & KASHMIR,RAJOURI,2009,11,19,7,44,70,0,0,52,94,0,26,23,16,44,1,25,0,44,1210
JAMMU & KASHMIR,RAMBAN,2009,5,12,0,24,30,0,0,18,40,0,22,6,5,4,0,8,0,0,669
JAMMU & KASHMIR,REASI,2009,15,25,0,18,28,0,0,18,102,0,3,5,11,5,0,10,0,0,517
JAMMU & KASHMIR,SAMBA,2009,9,6,0,12,16,0,0,34,92,0,14,7,6,6,0,4,0,5,683
JAMMU & KASHMIR,SHOPIAN,2009,12,18,0,10,82,0,6,40,166,0,73,11,8,3,0,48,0,0,490
JAMMU & KASHMIR,SRINAGAR,2009,23,70,2,42,226,0,14,291,1010,0,266,72,21,22,0,165,0,27,2960
JAMMU & KASHMIR,UDHAMPUR,2009,10,16,3,30,18,0,1,38,92,0,17,6,0,4,0,7,0,2,910
JAMMU & KASHMIR,TOTAL,2009,237,547,23,474,1746,1,69,1566,5262,0,1472,475,217,331,12,972,0,196,21975
JHARKHAND,BOKARO,2009,58,17,2,36,74,16,33,86,1140,0,93,71,7,0,16,2,0,77,2476
JHARKHAND,CHAIBASA,2009,118,42,2,68,26,9,25,17,276,0,22,19,2,58,6,23,0,37,812
JHARKHAND,CHATRA,2009,38,40,4,32,42,13,9,34,140,0,84,9,2,65,11,0,0,7,858
JHARKHAND,DEOGHAR,2009,51,57,1,90,58,31,27,115,540,0,115,52,15,218,18,4,0,36,1588
JHARKHAND,DHANBAD,2009,69,33,11,72,162,80,49,251,2112,0,204,62,5,164,45,24,0,59,3787
JHARKHAND,DHANBAD RLY.,2009,7,0,0,0,6,9,16,4,316,0,6,3,0,0,0,3,0,1,310
JHARKHAND,DUMKA,2009,68,8,11,122,68,17,15,47,376,0,87,29,5,317,5,2,0,56,1519
JHARKHAND,GARHWA,2009,48,31,1,54,74,6,32,34,176,0,199,47,10,267,12,11,0,35,1321
JHARKHAND,GIRIDIH,2009,86,32,1,56,72,43,22,61,592,0,261,23,13,143,45,37,0,3,2564
JHARKHAND,GODDA,2009,66,41,0,48,72,7,19,48,304,0,118,10,8,169,7,20,0,30,1236
JHARKHAND,GUMLA,2009,168,37,10,78,72,13,36,14,212,0,52,25,17,108,1,7,0,12,926
JHARKHAND,HAZARIBAGH,2009,61,93,4,66,106,27,34,66,840,0,190,41,15,143,32,9,0,9,2409
JHARKHAND,JAMSHEDPUR,2009,106,216,18,92,128,26,72,138,2654,0,85,112,17,758,8,33,0,78,3595
JHARKHAND,JAMSHEDPUR RLY.,2009,6,1,0,2,6,5,10,25,304,0,0,8,0,17,0,1,0,2,282
JHARKHAND,JAMTARA,2009,13,35,0,42,24,6,7,15,124,0,32,28,2,0,10,14,0,14,449
JHARKHAND,KHUNTI,2009,72,6,1,8,30,4,13,4,84,0,30,3,0,26,0,2,0,6,340
JHARKHAND,KODERMA,2009,28,4,2,12,28,11,10,21,260,0,100,53,3,5,13,8,0,37,987
JHARKHAND,LATEHAR,2009,43,19,4,26,44,19,22,12,116,0,34,11,7,56,6,4,0,2,658
JHARKHAND,LOHARDAGGA,2009,32,8,5,40,20,8,25,15,126,0,13,16,5,1,1,5,0,14,472
JHARKHAND,PAKUR,2009,33,45,5,92,36,2,1,10,124,0,80,16,2,139,3,12,0,33,693
JHARKHAND,PALAMU,2009,79,149,1,74,122,25,55,69,338,0,208,49,30,240,18,18,0,34,1888
JHARKHAND,RAMGARH,2009,26,6,2,32,38,17,26,31,494,0,49,25,4,26,12,5,0,20,1016
JHARKHAND,RANCHI,2009,202,211,16,126,226,48,178,192,3164,0,166,144,23,796,19,12,0,68,5138
JHARKHAND,SAHEBGANJ,2009,48,77,0,90,70,4,12,34,186,0,48,28,9,266,4,16,0,33,935
JHARKHAND,SARAIKELA,2009,47,50,1,46,30,11,22,42,396,0,25,17,0,108,3,1,0,7,865
JHARKHAND,SIMDEGA,2009,63,16,2,34,20,8,10,7,38,0,11,9,2,42,0,3,0,0,312
JHARKHAND,TOTAL,2009,1636,1274,104,1438,1654,465,780,1392,15432,0,2312,910,203,4132,295,276,0,710,37436
KARNATAKA,BAGALKOT,2009,41,35,2,16,36,0,9,94,268,0,144,58,6,252,7,59,0,58,2130
KARNATAKA,BANGALORE COMMR.,2009,256,338,1,130,540,319,743,1592,23460,0,337,3007,8,2653,50,251,0,367,32380
KARNATAKA,BANGALORE RURAL,2009,87,80,0,28,46,26,76,272,1458,0,166,182,0,563,14,48,0,79,4384
KARNATAKA,BELGAUM,2009,106,92,2,78,120,24,76,342,1068,0,488,242,20,1079,10,220,0,311,7315
KARNATAKA,BELLARY,2009,44,46,0,22,50,8,22,149,656,0,165,65,9,403,7,66,0,75,3209
KARNATAKA,BIDAR,2009,22,41,2,24,28,4,22,133,314,0,110,36,14,912,3,38,0,81,3594
KARNATAKA,BIJAPUR,2009,64,64,2,38,56,3,18,147,314,0,288,74,14,594,0,73,0,139,3290
KARNATAKA,CBPURA,2009,47,40,7,22,48,6,12,159,332,0,158,58,0,266,11,43,0,38,1948
KARNATAKA,CHAMARAJNAGAR,2009,23,19,0,16,16,2,6,74,300,0,95,25,0,433,6,55,0,44,1661
KARNATAKA,CHICKMAGALUR,2009,32,36,2,26,32,5,14,160,346,0,137,50,6,761,1,64,0,104,2915
KARNATAKA,CHITRADURGA,2009,43,27,3,52,48,5,24,107,476,0,247,40,5,870,10,102,0,83,4122
KARNATAKA,DAKSHIN KANNADA,2009,61,64,0,28,30,3,37,278,608,0,232,129,21,402,1,61,0,69,4187
KARNATAKA,DAVANAGERE,2009,27,24,3,32,34,7,28,195,596,0,278,76,0,451,12,90,0,112,3259
KARNATAKA,DHARWAD COMMR.,2009,17,25,0,12,28,5,54,147,734,0,107,142,3,158,5,12,0,52,2040
KARNATAKA,DHARWAD RURAL,2009,20,23,1,8,24,1,8,32,108,0,112,11,2,158,3,29,0,31,1278
KARNATAKA,GADAG,2009,21,12,0,8,18,3,5,55,130,0,97,26,6,197,0,44,0,34,1150
KARNATAKA,GULBARGA,2009,145,104,1,64,98,25,77,258,610,0,548,88,57,1383,8,68,0,170,5984
KARNATAKA,HASSAN,2009,59,48,2,44,44,28,54,237,728,0,161,85,0,1189,15,75,0,103,5142
KARNATAKA,HAVERI,2009,21,27,2,10,28,8,16,89,274,0,212,27,0,255,3,50,0,47,2139
KARNATAKA,K.G.F.,2009,12,10,1,18,28,0,5,67,140,0,62,23,0,228,4,10,0,18,853
KARNATAKA,KODAGU,2009,31,23,3,28,26,3,8,119,188,0,41,18,3,556,5,24,0,46,1826
KARNATAKA,KOLAR,2009,30,28,0,20,30,10,15,141,326,0,166,16,0,236,11,17,0,18,1859
KARNATAKA,KOPPAL,2009,22,20,10,28,26,5,8,93,196,0,109,40,2,186,5,32,0,57,1916
KARNATAKA,MANDYA,2009,74,72,3,32,54,15,45,333,924,0,292,50,34,1085,8,85,0,125,5491
KARNATAKA,MYSORE COMMR.,2009,34,42,1,28,42,18,124,151,1438,0,150,128,0,270,6,22,0,188,3183
KARNATAKA,MYSORE RURAL,2009,54,33,0,42,28,6,28,219,568,0,184,31,0,860,18,89,0,114,3486
KARNATAKA,RAICHUR,2009,49,27,5,42,36,4,6,88,212,0,227,72,4,502,9,85,0,141,2907
KARNATAKA,RAILWAYS,2009,12,5,0,2,0,5,47,2,918,0,9,3,0,15,1,2,0,0,604
KARNATAKA,RAMANAGAR,2009,66,62,3,24,42,17,41,235,1038,0,240,40,20,648,11,70,0,62,4237
KARNATAKA,SHIMOGA,2009,53,54,6,30,76,14,70,237,882,0,342,82,19,1193,5,137,0,255,5599
KARNATAKA,TUMKUR,2009,83,54,9,38,46,23,59,212,1170,0,176,104,19,746,13,85,0,79,4945
KARNATAKA,UDUPI,2009,28,12,1,10,6,6,44,139,226,0,104,18,6,291,0,26,0,22,2406
KARNATAKA,UTTAR KANNADA,2009,18,20,7,18,20,11,24,73,146,0,85,33,15,310,2,54,0,63,2603
KARNATAKA,TOTAL,2009,1702,1607,79,1018,1784,619,1825,6629,41152,0,6269,5079,293,20105,264,2186,0,3185,134042
KERALA,ALAPUZHA,2009,20,33,8,52,28,7,36,220,608,0,410,231,13,1185,1,174,0,217,7654
KERALA,ERNAKULAM COMMR.,2009,12,12,1,40,22,11,28,67,644,0,92,277,6,313,1,49,0,95,8758
KERALA,ERNAKULAM RURAL,2009,34,17,5,52,22,22,54,333,1018,0,307,136,10,1093,0,130,0,161,12350
KERALA,IDUKKI,2009,19,16,1,46,6,3,14,182,462,0,209,120,14,1286,1,130,0,199,5150
KERALA,KANNUR,2009,14,35,3,74,20,16,99,184,382,0,1016,99,113,1186,0,131,0,280,6839
KERALA,KASARGOD,2009,20,31,8,94,16,4,30,137,288,0,636,172,52,815,0,77,0,190,3567
KERALA,KOLLAM,2009,34,29,15,102,42,47,33,264,844,0,693,159,22,1911,2,299,0,432,9372
KERALA,KOTTAYAM,2009,19,18,2,56,28,11,49,346,754,0,371,298,18,1663,0,162,0,192,7848
KERALA,KOZHIKODE COMMR.,2009,5,10,1,36,16,30,114,158,650,0,330,156,20,513,2,66,0,167,4005
KERALA,KOZHIKODE RURAL,2009,19,25,5,66,56,3,20,166,350,0,744,122,70,1142,1,137,0,267,5483
KERALA,MALAPPURAM,2009,24,31,6,70,34,22,52,275,716,0,521,213,21,737,0,141,0,545,6994
KERALA,PALAKKAD,2009,36,21,10,98,26,19,34,215,468,0,458,241,23,1051,3,105,0,315,8024
KERALA,PATHANAMTHITTA,2009,15,18,0,48,22,7,27,162,426,0,336,102,12,991,0,156,0,120,5419
KERALA,RAILWAYS,2009,1,1,0,0,0,27,3,1,364,0,3,3,0,20,0,11,0,0,269
KERALA,THRISSUR,2009,23,38,24,64,38,33,75,211,818,0,699,392,37,993,3,153,0,345,10131
KERALA,TRIVANDRUM COMMR.,2009,12,32,1,80,36,80,77,215,1242,0,518,370,34,777,1,175,0,106,5906
KERALA,TRIVANDRUM RURAL,2009,27,34,9,114,86,32,79,339,890,0,581,218,30,1871,3,382,0,279,8308
KERALA,WAYANADU,2009,9,7,1,44,14,4,6,79,204,0,162,85,8,727,2,62,0,97,2292
KERALA,TOTAL,2009,343,408,100,1136,512,378,830,3554,11128,0,8086,3394,503,18274,20,2540,0,4007,118369
MADHYA PRADESH,ALIRAJPUR,2009,70,40,0,62,20,2,12,33,120,0,29,8,12,282,1,22,0,1,1277
MADHYA PRADESH,ANUPPUR,2009,26,9,0,70,14,4,19,98,146,0,20,17,10,167,8,65,0,50,1327
MADHYA PRADESH,ASHOK NAGAR,2009,32,19,5,76,12,1,7,91,242,0,16,16,8,746,6,79,0,45,2054
MADHYA PRADESH,BALAGHAT,2009,56,23,4,124,16,2,15,115,284,0,21,11,6,360,7,96,0,37,2388
MADHYA PRADESH,BARWANI,2009,33,12,3,62,10,2,16,55,342,0,13,5,3,263,3,53,0,11,1749
MADHYA PRADESH,BETUL,2009,65,32,2,259,60,2,28,132,482,0,21,22,20,335,18,155,0,71,3174
MADHYA PRADESH,BHIND,2009,76,79,5,46,64,16,80,142,438,0,63,26,13,1102,38,57,0,67,3674
MADHYA PRADESH,BHOPAL,2009,65,93,2,304,154,9,188,1079,5634,0,143,356,10,2343,46,244,0,231,15440
MADHYA PRADESH,BHOPAL RLY.,2009,4,4,0,6,6,2,32,9,2042,0,3,5,1,4,2,12,0,0,1359
MADHYA PRADESH,BURHANPUR,2009,14,13,0,28,6,1,4,45,224,0,6,8,3,101,12,47,0,21,1175
MADHYA PRADESH,CHHATARPUR,2009,67,76,2,128,40,7,77,369,510,0,67,48,28,635,17,178,0,85,5047
MADHYA PRADESH,CHHINDWARA,2009,73,22,2,276,64,0,21,225,644,0,70,48,26,1340,18,252,0,160,5172
MADHYA PRADESH,DAMOH,2009,47,59,0,78,36,2,45,195,346,0,19,30,16,1182,23,147,0,70,3130
MADHYA PRADESH,DATIYA,2009,36,51,0,40,48,8,38,106,370,0,33,12,6,462,13,69,0,32,2615
MADHYA PRADESH,DEWAS,2009,40,45,1,118,22,10,25,141,1056,0,44,30,25,456,7,154,0,142,4790
MADHYA PRADESH,DHAR,2009,80,73,3,198,68,13,41,243,912,0,94,19,33,530,41,167,0,87,5816
MADHYA PRADESH,DINDORI,2009,23,1,2,70,4,0,1,31,38,0,5,8,2,132,4,48,0,38,907
MADHYA PRADESH,GUNA,2009,43,20,3,108,18,10,20,115,438,0,54,18,13,897,11,124,0,38,3133
MADHYA PRADESH,GWALIOR,2009,104,128,23,146,170,21,244,923,3698,0,157,135,13,1266,23,183,0,209,10029
MADHYA PRADESH,HARDA,2009,12,11,0,38,14,0,6,92,256,0,8,6,1,496,3,36,0,5,1379
MADHYA PRADESH,HOSHANGABAD,2009,46,47,0,118,46,9,41,214,694,0,29,18,12,485,10,114,0,101,3562
MADHYA PRADESH,INDORE,2009,132,208,3,164,72,25,320,1009,7854,0,109,159,40,2505,44,419,0,484,18306
MADHYA PRADESH,INDORE RLY.,2009,2,2,1,0,2,0,3,1,432,0,0,1,0,4,0,1,0,0,304
MADHYA PRADESH,JABALPUR,2009,92,92,0,258,88,3,96,455,2126,0,90,137,11,785,26,221,0,186,9990
MADHYA PRADESH,JABALPUR RLY.,2009,1,1,0,2,2,1,8,5,812,0,2,0,0,4,0,6,0,1,529
MADHYA PRADESH,JHABUA,2009,20,17,0,60,36,4,23,69,222,0,14,1,8,437,5,42,0,9,1589
MADHYA PRADESH,KATNI,2009,37,19,3,96,26,2,19,121,396,0,11,31,9,1147,21,117,0,87,3038
MADHYA PRADESH,KHANDWA,2009,34,33,2,140,26,11,23,231,548,0,40,11,8,48,6,149,0,37,3158
MADHYA PRADESH,KHARGON,2009,45,51,3,90,10,1,25,159,1062,0,38,12,19,305,27,142,0,29,4079
MADHYA PRADESH,MANDLA,2009,23,14,0,86,18,0,7,80,114,0,7,12,3,247,4,58,0,19,1654
MADHYA PRADESH,MANDSAUR,2009,34,33,0,92,60,2,33,161,634,0,51,33,19,230,4,124,0,93,3445
MADHYA PRADESH,MORENA,2009,63,80,1,62,80,25,54,130,758,0,116,32,4,1808,37,83,0,66,4880
MADHYA PRADESH,NARSINGHPUR,2009,39,36,4,104,10,0,11,98,370,0,34,22,11,1127,26,101,0,42,2689
MADHYA PRADESH,NEEMUCH,2009,13,12,5,68,32,5,17,128,590,0,52,17,6,611,1,52,0,34,2040
MADHYA PRADESH,PANNA,2009,39,13,1,62,12,4,26,137,212,0,9,17,13,276,22,76,0,32,1682
MADHYA PRADESH,RAISEN,2009,55,44,4,186,20,1,26,113,546,0,35,14,13,1549,19,165,0,66,3901
MADHYA PRADESH,RAJGARH,2009,32,47,1,136,66,3,34,154,678,0,75,16,61,350,9,153,0,76,4429
MADHYA PRADESH,RATLAM,2009,45,31,0,134,38,4,45,131,612,0,49,36,17,233,6,111,0,73,3637
MADHYA PRADESH,REWA,2009,64,43,0,146,60,2,46,353,1054,0,47,47,22,734,44,119,0,80,5158
MADHYA PRADESH,SAGAR,2009,76,115,7,254,88,5,55,395,1052,0,102,26,27,2763,46,361,0,168,8592
MADHYA PRADESH,SATNA,2009,60,48,3,290,46,6,72,383,938,0,43,35,18,1112,40,194,0,119,5704
MADHYA PRADESH,SEONI,2009,38,26,3,122,24,3,21,106,278,0,56,43,10,269,15,85,0,26,2698
MADHYA PRADESH,SHAHDOL,2009,28,12,0,84,22,1,23,211,418,0,18,29,9,210,11,113,0,73,2843
MADHYA PRADESH,SHAJAPUR,2009,34,40,1,158,36,3,33,139,938,0,31,10,33,1211,8,138,0,71,3675
MADHYA PRADESH,SHEOPUR,2009,17,17,0,28,14,1,16,43,120,0,42,11,2,302,5,18,0,26,1277
MADHYA PRADESH,SHIVPURI,2009,62,40,4,110,64,10,57,143,530,0,57,24,26,1148,16,124,0,43,4094
MADHYA PRADESH,SIDHI,2009,23,7,1,48,28,1,11,135,250,0,7,14,4,327,20,80,0,36,2184
MADHYA PRADESH,SIHORE,2009,34,54,1,126,50,6,18,170,586,0,27,31,18,380,9,88,0,47,3337
MADHYA PRADESH,SINGRAULI,2009,37,14,4,90,32,12,11,114,312,0,48,7,7,268,16,92,0,72,2039
MADHYA PRADESH,TIKAMGARH,2009,51,34,3,134,26,4,29,139,280,0,50,33,9,919,18,136,0,52,3330
MADHYA PRADESH,UJJAIN,2009,76,121,4,92,54,5,106,399,2050,0,168,70,31,1398,20,167,0,210,8706
MADHYA PRADESH,UMARIYA,2009,20,4,0,58,8,0,9,62,150,0,11,12,4,90,3,54,0,38,1200
MADHYA PRADESH,VIDISHA,2009,48,47,1,160,30,2,33,234,682,0,55,41,18,751,19,216,0,87,4378
MADHYA PRADESH,TOTAL,2009,2386,2212,117,5995,2072,273,2270,10661,46520,0,2409,1830,741,37132,858,6307,0,3983,207762
MAHARASHTRA,AHMEDNAGAR,2009,81,75,3,110,84,61,146,479,2798,0,497,206,34,690,0,106,0,557,6530
MAHARASHTRA,AKOLA,2009,43,68,7,42,66,12,77,308,1886,0,159,93,32,765,10,97,0,131,4227
MAHARASHTRA,AMRAVATI COMMR.,2009,16,26,0,34,46,11,41,227,1394,0,89,60,12,328,0,28,0,99,2629
MAHARASHTRA,AMRAVATI RURAL,2009,75,37,4,98,58,8,24,254,1734,0,91,54,82,916,1,121,0,149,4209
MAHARASHTRA,AURANGABAD COMMR.,2009,37,46,2,44,56,18,97,319,2246,0,159,124,8,478,5,61,0,159,3727
MAHARASHTRA,AURANGABAD RURAL,2009,44,37,5,28,10,23,20,158,930,0,204,43,32,675,28,49,0,248,2934
MAHARASHTRA,BEED,2009,80,53,1,52,72,54,93,284,1050,0,499,113,38,940,16,79,0,389,4338
MAHARASHTRA,BHANDARA,2009,26,8,0,34,24,4,13,189,1054,0,40,50,20,295,4,31,0,68,2259
MAHARASHTRA,BULDHANA,2009,53,59,0,54,58,23,37,261,1654,0,199,69,56,780,27,128,0,221,4260
MAHARASHTRA,CHANDRAPUR,2009,49,33,3,88,38,7,22,266,1460,0,110,64,57,715,9,132,0,158,4483
MAHARASHTRA,DHULE,2009,45,36,1,24,26,17,22,174,702,0,172,92,14,414,7,34,0,281,2662
MAHARASHTRA,GADCHIROLI,2009,66,45,4,24,28,19,5,81,330,0,20,9,75,201,1,23,0,27,1188
MAHARASHTRA,GONDIA,2009,43,23,1,66,40,7,9,143,668,0,32,44,30,322,3,67,0,48,1911
MAHARASHTRA,HINGOLI,2009,50,34,1,20,32,10,41,100,374,0,120,47,16,349,3,27,0,106,1667
MAHARASHTRA,JALGAON,2009,75,52,1,60,50,39,46,245,1434,0,289,221,15,720,10,109,0,423,4737
MAHARASHTRA,JALNA,2009,55,38,1,44,40,24,62,183,830,0,192,92,17,534,25,54,0,346,2939
MAHARASHTRA,KOLHAPUR,2009,46,36,1,70,44,17,49,295,1490,0,215,283,22,437,18,61,0,130,3917
MAHARASHTRA,LATUR,2009,70,36,1,66,56,17,33,212,854,0,195,84,24,715,15,49,0,159,3407
MAHARASHTRA,MUMBAI COMMR.,2009,217,160,6,364,298,73,316,2769,24018,0,305,2132,14,3892,15,400,0,434,31262
MAHARASHTRA,MUMBAI RLY.,2009,7,3,0,8,6,5,39,3,4152,0,6,36,0,45,0,12,0,0,2347
MAHARASHTRA,NAGPUR COMMR.,2009,95,72,2,90,146,35,317,724,3466,0,209,302,16,791,7,60,0,232,7785
MAHARASHTRA,NAGPUR RLY.,2009,4,3,0,2,2,16,20,2,1884,0,6,6,0,21,0,7,0,0,1160
MAHARASHTRA,NAGPUR RURAL,2009,74,36,1,66,46,15,42,256,1658,0,106,31,28,618,6,71,0,84,3983
MAHARASHTRA,NANDED,2009,102,71,6,68,80,34,90,338,900,0,271,126,69,1151,30,62,0,346,4991
MAHARASHTRA,NANDURBAR,2009,43,13,1,46,26,2,10,84,362,0,101,37,10,250,1,33,0,75,1356
MAHARASHTRA,NASIK COMMR.,2009,41,28,2,48,48,24,79,621,3410,0,137,173,22,247,5,49,0,131,4218
MAHARASHTRA,NASIK RURAL,2009,73,48,1,92,50,33,39,195,1142,0,346,115,14,793,9,64,0,290,4840
MAHARASHTRA,NAVI MUMBAI,2009,45,41,4,38,40,34,128,460,3548,0,139,313,3,411,6,36,0,84,4876
MAHARASHTRA,OSMANABAD,2009,33,23,0,40,38,28,37,153,570,0,162,81,19,516,3,64,0,153,2692
MAHARASHTRA,PARBHANI,2009,52,31,0,60,48,16,29,236,756,0,132,57,26,953,7,49,0,219,2708
MAHARASHTRA,PUNE COMMR.,2009,119,120,9,134,210,88,513,1305,10362,0,468,613,19,1215,7,100,0,235,13848
MAHARASHTRA,PUNE RLY.,2009,3,3,0,2,4,9,23,1,886,0,4,5,0,5,0,0,0,0,541
MAHARASHTRA,PUNE RURAL,2009,125,61,6,144,114,64,116,746,3608,0,387,178,16,808,9,133,0,218,7537
MAHARASHTRA,RAIGAD,2009,31,31,0,42,8,5,13,156,636,0,107,77,4,211,4,26,0,30,2053
MAHARASHTRA,RATNAGIRI,2009,24,4,0,28,24,3,14,103,424,0,99,53,19,179,0,36,0,51,1477
MAHARASHTRA,SANGLI,2009,67,32,0,74,44,10,25,219,1026,0,175,194,37,417,12,45,0,66,2777
MAHARASHTRA,SATARA,2009,47,38,7,52,44,39,115,405,2046,0,216,163,18,398,4,57,0,131,4350
MAHARASHTRA,SINDHUDURG,2009,11,5,1,16,8,1,8,97,264,0,52,53,9,109,1,12,0,11,872
MAHARASHTRA,SOLAPUR COMMR.,2009,18,19,0,44,14,4,30,145,694,0,47,97,3,133,0,10,0,68,1465
MAHARASHTRA,SOLAPUR RURAL,2009,80,68,5,100,86,43,79,332,1168,0,309,175,24,693,5,96,0,210,4634
MAHARASHTRA,THANE COMMR.,2009,122,74,2,132,174,41,170,1138,5540,0,320,860,8,1217,12,148,0,387,9570
MAHARASHTRA,THANE RURAL,2009,138,47,4,106,68,41,98,587,2188,0,351,197,18,744,1,97,0,106,5420
MAHARASHTRA,WARDHA,2009,29,28,4,82,36,10,38,251,1600,0,112,49,58,766,1,84,0,100,4041
MAHARASHTRA,WASHIM,2009,22,22,0,50,26,15,37,91,836,0,78,47,30,483,5,61,0,109,2121
MAHARASHTRA,YAVATMAL,2009,77,57,1,80,56,8,52,246,1828,0,103,58,37,986,9,128,0,212,4650
MAHARASHTRA,TOTAL,2009,2653,1880,98,2966,2572,1067,3314,15841,101860,0,8030,7976,1105,28326,341,3196,0,7681,199598
MANIPUR,BISHNUPUR,2009,16,35,0,4,14,16,0,5,40,0,3,9,12,30,0,10,0,0,268
MANIPUR,CHANDEL,2009,6,31,0,0,0,13,0,3,6,0,2,1,2,2,0,0,0,0,80
MANIPUR,CHURACHANDPUR,2009,15,10,0,6,8,3,0,2,20,0,0,5,2,0,0,1,0,0,88
MANIPUR,CID,2009,0,0,0,0,0,0,0,0,0,0,0,0,0,0,0,0,0,0,1
MANIPUR,IMPHAL EAST,2009,29,106,1,14,112,59,1,8,140,0,15,17,21,46,0,12,0,4,615
MANIPUR,IMPHAL WEST,2009,32,156,0,16,104,48,2,37,478,0,17,29,16,72,0,9,0,9,1071
MANIPUR,SENAPATI,2009,7,27,0,2,12,12,0,3,32,0,2,5,1,7,0,1,0,0,139
MANIPUR,TAMENGLONG,2009,5,5,0,0,0,3,0,0,4,0,2,1,1,4,0,0,0,0,35
MANIPUR,THOUBAL,2009,15,89,1,18,64,28,0,9,56,0,7,27,19,61,0,6,0,12,486
MANIPUR,UKHRUL,2009,6,19,0,2,4,7,0,1,12,0,0,2,7,2,0,0,0,0,69
MANIPUR,TOTAL,2009,131,478,2,62,318,189,3,68,788,0,48,96,81,224,0,39,0,25,2852
MEGHALAYA,GARO HILLS EAST,2009,9,6,1,6,6,19,9,9,60,0,3,4,3,20,0,6,0,0,167
MEGHALAYA,GARO HILLS SOUTH,2009,4,1,0,0,6,5,0,1,28,0,0,1,0,2,0,2,0,1,49
MEGHALAYA,GARO HILLS WEST,2009,13,10,7,16,32,13,12,22,276,0,12,23,11,62,0,22,0,13,591
MEGHALAYA,JAINTIA HILLS,2009,40,5,1,48,16,2,3,20,122,0,0,13,11,53,0,8,0,0,383
MEGHALAYA,KHASI HILLS EAST,2009,28,10,1,68,34,10,34,72,460,0,0,61,14,38,0,26,0,9,804
MEGHALAYA,KHASI HILLS WEST,2009,18,6,0,40,4,10,5,22,54,0,2,2,9,10,0,4,0,0,214
MEGHALAYA,RI-BHOI,2009,16,1,2,46,14,6,4,1,90,0,1,9,6,22,0,4,0,1,240
MEGHALAYA,TOTAL,2009,128,39,12,224,112,65,67,147,1090,0,18,113,54,207,0,72,0,24,2448
MIZORAM,AIZAWL,2009,14,8,5,54,14,0,2,214,816,0,0,37,4,45,0,29,0,4,1048
MIZORAM,CHAMPHAI,2009,6,2,0,30,0,0,0,35,148,0,0,3,0,10,0,4,0,0,170
MIZORAM,KOLASIB,2009,3,1,0,14,0,0,0,25,150,0,1,8,4,11,0,9,0,0,207
MIZORAM,LAWNGTLAI,2009,3,2,1,10,0,0,0,24,74,0,0,5,0,7,0,0,0,0,154
MIZORAM,LUNGLEI,2009,1,0,0,24,2,0,1,38,168,0,0,5,2,12,0,8,0,0,200
MIZORAM,MAMIT,2009,1,0,0,17,2,2,1,21,58,0,0,1,11,14,0,4,0,0,104
MIZORAM,SAIHA,2009,2,0,2,6,0,0,0,13,56,0,0,0,1,12,0,0,0,0,83
MIZORAM,SERCHHIP,2009,1,1,0,10,0,0,0,11,52,0,0,2,2,9,0,7,0,0,81
MIZORAM,TOTAL,2009,31,14,8,165,18,2,4,381,1522,0,1,61,24,120,0,61,0,4,2047
NAGALAND,DIMAPUR,2009,15,8,3,14,66,5,70,50,370,0,2,14,1,5,0,7,0,0,536
NAGALAND,KIPHIRE,2009,0,0,0,0,4,0,0,0,8,0,0,0,0,0,0,0,0,0,11
NAGALAND,KOHIMA,2009,8,3,2,12,24,0,11,12,126,0,0,7,0,5,0,0,0,0,178
NAGALAND,LONGLENG,2009,1,0,0,0,0,0,0,0,6,0,1,0,0,2,0,0,0,0,19
NAGALAND,MOKOKCHUNG,2009,3,5,1,0,2,0,2,0,50,0,1,8,0,1,0,0,0,0,57
NAGALAND,MON,2009,4,2,1,0,0,2,2,4,32,0,0,0,0,2,0,0,0,0,51
NAGALAND,PEREN,2009,6,4,0,4,2,0,0,6,16,0,0,1,0,6,0,1,0,0,37
NAGALAND,PHEK,2009,2,8,0,0,0,1,0,5,14,0,0,1,0,6,0,1,0,0,42
NAGALAND,TUENSANG,2009,0,1,0,2,2,0,3,1,2,0,0,0,0,0,0,1,0,0,28
NAGALAND,WOKHA,2009,6,3,0,6,0,0,3,0,42,0,0,0,3,9,0,1,0,0,58
NAGALAND,ZUNHEBOTO,2009,1,1,0,6,4,0,1,4,28,0,0,2,0,2,0,0,0,0,42
NAGALAND,TOTAL,2009,46,35,7,44,104,8,92,82,694,0,4,33,4,38,0,11,0,0,1059
ODISHA,ANGUL,2009,42,86,0,118,72,20,62,152,758,0,110,43,23,25,10,224,0,82,2881
ODISHA,BALASORE,2009,26,50,2,92,124,15,53,183,644,0,53,103,19,1423,46,124,0,244,3405
ODISHA,BARAGARH,2009,29,69,3,50,20,6,51,80,330,0,81,22,15,59,7,86,0,36,1402
ODISHA,BERHAMPUR,2009,18,46,0,36,40,14,52,79,276,0,35,44,9,235,3,130,0,12,1072
ODISHA,BHADRAK,2009,44,25,0,92,84,1,13,71,268,0,35,63,18,31,23,108,0,134,2139
ODISHA,BOLANGIR,2009,44,53,0,92,66,7,37,76,290,0,109,34,0,16,5,147,0,97,2093
ODISHA,BOUDH,2009,16,9,0,14,2,1,5,18,50,0,17,4,7,149,4,27,0,6,332
ODISHA,CUTTACK,2009,25,9,0,50,96,14,54,98,362,0,53,26,13,89,30,24,0,133,2377
ODISHA,DCP BBSR,2009,30,40,1,64,54,18,96,267,1992,0,54,104,12,785,17,50,0,46,4065
ODISHA,DCP CTC,2009,21,20,5,28,44,23,59,124,1194,0,37,50,2,45,8,31,0,78,2192
ODISHA,DEOGARH,2009,12,9,0,24,16,6,9,25,58,0,10,5,3,201,2,55,0,12,548
ODISHA,DHENKANAL,2009,49,30,0,46,48,11,50,72,410,0,90,23,17,55,15,159,0,30,1689
ODISHA,GAJAPATI,2009,19,16,0,18,16,2,5,18,78,0,60,9,36,8,1,49,0,14,464
ODISHA,GANJAM,2009,73,134,0,68,56,10,73,148,282,0,84,19,29,238,27,249,0,21,1785
ODISHA,JAGATSINGHPUR,2009,29,12,0,62,52,11,35,78,302,0,21,36,11,127,19,11,0,70,1478
ODISHA,JAJPUR,2009,59,27,0,64,108,13,42,103,542,0,40,30,19,1014,30,86,0,110,2252
ODISHA,JHARSUGUDA,2009,25,26,1,14,12,6,54,91,456,0,56,21,14,242,5,41,0,25,1285
ODISHA,KALAHANDI,2009,28,16,1,60,48,3,32,49,156,0,50,49,10,197,7,75,0,53,1323
ODISHA,KANDHAMAL,2009,24,20,0,48,34,4,8,62,126,0,61,73,5,170,6,66,0,34,828
ODISHA,KENDRAPARA,2009,27,3,0,56,72,12,33,79,200,0,20,15,11,51,11,5,0,17,1318
ODISHA,KEONJHAR,2009,109,101,18,106,98,40,110,84,602,0,74,38,24,67,20,195,0,45,2544
ODISHA,KHURDA,2009,34,16,11,54,76,15,40,81,260,0,16,33,6,7,11,13,0,133,1506
ODISHA,KORAPUT,2009,36,39,0,82,62,23,31,56,196,0,77,20,11,26,2,82,0,95,1271
ODISHA,MALKANGIR,2009,36,17,0,30,24,18,7,13,50,0,39,6,12,8,0,21,0,17,324
ODISHA,MAYURBHANJ,2009,96,66,0,160,128,24,40,114,394,0,11,20,15,85,26,214,0,152,2262
ODISHA,NAYAGARH,2009,29,12,0,58,56,9,33,47,230,0,38,36,2,415,11,12,0,87,1092
ODISHA,NOWRANGPUR,2009,27,28,1,70,44,2,10,46,118,0,36,13,3,15,1,60,0,30,853
ODISHA,NUAPADA,2009,17,5,1,34,24,3,18,22,94,0,12,16,5,152,1,53,0,14,700
ODISHA,PURI,2009,40,72,0,58,96,12,124,185,698,0,106,61,22,63,20,22,0,71,2756
ODISHA,RAYAGADA,2009,22,16,2,72,32,6,22,27,150,0,39,17,6,18,3,55,0,35,751
ODISHA,ROURKELA,2009,65,46,1,76,46,36,69,126,546,0,43,34,7,66,5,83,0,58,1806
ODISHA,SAMBALPUR,2009,43,48,0,70,32,30,87,147,596,0,85,37,12,283,0,38,0,28,2259
ODISHA,SONEPUR,2009,17,15,0,34,34,3,10,22,76,0,36,10,3,79,3,46,0,15,504
ODISHA,SRP(CUTTACK),2009,1,2,0,4,6,2,10,11,802,0,3,6,0,56,1,7,0,0,564
ODISHA,SRP(ROURKELA),2009,8,1,0,2,8,5,14,18,418,0,3,5,0,3,0,8,0,2,424
ODISHA,SUNDARGARH,2009,30,47,1,40,30,18,40,65,268,0,24,12,12,313,4,41,0,11,1196
ODISHA,TOTAL,2009,1250,1231,48,2046,1860,443,1488,2937,14272,0,1718,1137,413,6816,384,2697,0,2047,55740
PUNJAB,AMRITSAR,2009,54,64,3,30,92,17,12,108,860,0,0,261,3,230,7,15,0,85,2157
PUNJAB,AMRITSAR RURAL,2009,31,27,0,28,36,2,4,44,148,0,0,94,3,124,4,6,0,26,738
PUNJAB,BARNALA,2009,23,24,3,26,14,1,1,54,172,0,0,38,1,114,1,6,0,7,637
PUNJAB,BATALA,2009,25,20,6,42,24,4,2,79,298,0,0,81,3,193,4,11,0,40,861
PUNJAB,BHATINDA,2009,52,74,9,64,72,8,9,198,804,0,0,263,9,288,5,16,0,43,2187
PUNJAB,FARIDKOT,2009,24,25,3,34,14,0,2,56,196,0,0,65,3,195,3,9,0,21,782
PUNJAB,FATEHGARH SAHIB,2009,18,13,3,14,22,5,2,51,306,0,0,127,0,161,3,8,0,21,979
PUNJAB,FEROZPUR,2009,67,55,5,86,78,7,5,120,564,0,0,130,12,429,6,13,0,32,1905
PUNJAB,G.R.P,2009,9,4,1,2,0,0,2,0,118,0,0,13,0,17,2,0,0,0,468
PUNJAB,GURDASPUR,2009,31,32,30,28,64,1,0,56,250,0,0,45,3,126,2,12,0,40,1077
PUNJAB,HOSHIARPUR,2009,39,59,7,74,62,7,8,133,374,0,2,117,12,391,9,12,0,57,1706
PUNJAB,JALANDHAR,2009,58,133,9,70,192,10,33,326,1476,0,0,326,21,570,13,61,0,140,3799
PUNJAB,KAPURTHALA,2009,25,47,6,42,40,5,5,90,378,0,6,93,1,250,3,5,0,23,1168
PUNJAB,KHANNA,2009,24,22,3,20,26,6,8,53,186,0,0,67,0,134,3,7,0,35,982
PUNJAB,LUDHIANA,2009,68,101,13,78,190,13,16,189,1270,0,0,296,6,272,10,31,0,92,3122
PUNJAB,LUDHIANA RURAL,2009,24,21,1,26,52,7,4,55,290,0,0,47,0,160,4,3,0,37,991
PUNJAB,MANSA,2009,37,27,4,26,28,4,1,36,122,0,0,68,3,204,8,13,0,11,799
PUNJAB,MOGA,2009,30,38,5,36,38,1,5,101,304,0,0,85,0,281,2,19,0,24,1201
PUNJAB,MUKTSAR,2009,29,32,1,40,22,1,2,77,300,0,0,53,0,151,2,2,0,14,817
PUNJAB,PATIALA,2009,45,61,5,56,112,5,9,177,788,0,0,300,12,347,12,20,0,152,2940
PUNJAB,ROPAR,2009,22,16,2,26,32,3,3,72,248,0,0,67,3,90,3,9,0,20,884
PUNJAB,SANGRUR,2009,34,46,3,50,52,4,8,135,510,0,0,124,2,236,9,6,0,60,1769
PUNJAB,SAS NGR,2009,25,26,2,46,74,12,3,176,986,0,0,132,0,144,6,15,0,32,1852
PUNJAB,SBS NAGAR,2009,23,14,1,24,12,5,23,66,176,0,0,98,4,224,2,4,0,43,861
PUNJAB,TARN TARAN,2009,36,33,4,54,36,6,4,55,124,0,0,108,0,167,3,16,0,6,863
PUNJAB,TOTAL,2009,853,1014,129,1022,1384,134,171,2507,11248,0,8,3098,101,5498,126,319,0,1061,35545
RAJASTHAN,AJMER,2009,42,44,12,94,186,2,25,209,1388,0,23,662,7,188,17,64,0,546,6275
RAJASTHAN,ALWAR,2009,103,77,0,202,368,7,50,256,3222,0,20,886,18,2628,35,139,0,516,10092
RAJASTHAN,BANSWARA,2009,33,12,0,80,106,0,11,47,228,0,59,100,22,674,3,43,0,143,2286
RAJASTHAN,BARAN,2009,36,86,1,110,170,4,8,94,522,0,12,240,13,378,9,130,0,289,3376
RAJASTHAN,BARMER,2009,21,29,0,62,58,0,6,89,448,0,8,288,28,519,14,96,0,150,3110
RAJASTHAN,BHARATPUR,2009,71,78,2,164,376,6,14,79,2264,0,4,633,21,457,35,39,0,437,8394
RAJASTHAN,BHILWARA,2009,36,42,6,104,218,4,37,264,1522,0,58,456,14,92,7,97,0,518,5485
RAJASTHAN,BIKANER,2009,41,77,1,74,76,0,4,114,602,0,0,353,21,429,11,83,0,353,3883
RAJASTHAN,BUNDI,2009,24,86,7,74,230,3,16,115,498,0,29,208,15,916,5,138,0,270,3665
RAJASTHAN,CHITTORGARH,2009,43,26,4,88,192,3,23,157,958,0,49,309,24,1229,7,82,0,463,4754
RAJASTHAN,CHURU,2009,32,26,1,66,90,0,3,103,392,0,1,424,15,512,11,19,0,296,3165
RAJASTHAN,DAUSA,2009,29,30,0,26,184,0,26,93,1738,0,14,261,13,159,14,19,0,144,5092
RAJASTHAN,DHOLPUR,2009,48,87,1,60,134,7,23,62,1038,0,8,193,8,1599,32,19,0,180,4174
RAJASTHAN,DUNGARPUR,2009,29,15,1,58,86,1,9,47,144,0,54,38,17,132,11,47,0,97,1895
RAJASTHAN,G.R.P.,2009,9,5,0,2,4,3,2,0,1086,0,2,4,0,0,2,9,0,0,928
RAJASTHAN,GANGANAGAR,2009,67,66,3,178,126,0,17,181,584,0,0,816,4,955,13,61,0,646,5557
RAJASTHAN,HANUMANGARH,2009,48,72,1,108,98,0,6,77,408,0,0,578,5,446,16,60,0,266,3721
RAJASTHAN,JAIPUR EAST,2009,21,30,3,58,132,8,106,449,5224,0,88,732,5,4,6,53,0,179,6762
RAJASTHAN,JAIPUR NORTH,2009,17,35,0,46,152,1,44,122,1732,0,29,629,0,455,9,31,0,202,3905
RAJASTHAN,JAIPUR RURAL,2009,76,25,0,98,198,10,34,316,2392,0,58,850,26,629,14,94,0,256,9052
RAJASTHAN,JAIPUR SOUTH,2009,14,27,1,34,146,2,86,340,3670,0,52,1166,8,288,5,18,0,192,6121
RAJASTHAN,JAISALMER,2009,8,3,1,10,26,0,5,68,220,0,4,54,8,169,5,18,0,23,1037
RAJASTHAN,JALORE,2009,21,14,1,38,68,1,8,90,390,0,20,174,18,39,9,39,0,142,2684
RAJASTHAN,JHALAWAR,2009,47,50,7,110,116,6,23,110,998,0,59,189,34,995,7,215,0,379,4345
RAJASTHAN,JHUNJHUNU,2009,40,21,0,82,120,3,16,118,796,0,44,441,18,1337,13,39,0,280,4237
RAJASTHAN,JODHPUR CITY,2009,17,56,2,30,136,3,33,202,1576,0,6,590,8,474,9,40,0,242,3705
RAJASTHAN,JODHPUR RURAL,2009,23,32,0,54,80,3,12,117,440,0,3,199,19,933,19,43,0,97,2906
RAJASTHAN,KARAULI,2009,33,38,0,92,168,1,16,22,1044,0,6,214,20,7,14,25,0,138,4112
RAJASTHAN,KOTA CITY,2009,26,126,4,46,174,15,59,133,1948,0,2,431,5,106,7,51,0,376,4245
RAJASTHAN,KOTA RURAL,2009,24,57,2,58,78,3,21,64,352,0,22,147,10,204,4,99,0,230,2354
RAJASTHAN,NAGAUR,2009,42,44,4,106,178,0,14,135,726,0,0,396,13,85,6,117,0,302,4231
RAJASTHAN,PALI,2009,48,37,3,96,202,0,11,168,626,0,2,410,10,47,8,77,0,403,5255
RAJASTHAN,PRATAPGARH,2009,27,24,0,108,126,0,2,53,192,0,47,70,10,418,2,50,0,180,1718
RAJASTHAN,RAJSAMAND,2009,15,10,1,22,94,1,11,87,350,0,59,145,13,663,3,46,0,205,2457
RAJASTHAN,SAWAI MADHOPUR,2009,14,29,0,34,166,0,4,83,1090,0,6,168,11,1,10,18,0,171,3406
RAJASTHAN,SIKAR,2009,55,28,3,72,168,5,11,123,984,0,37,552,20,380,21,18,0,323,5138
RAJASTHAN,SIROHI,2009,27,29,2,36,56,1,9,112,286,0,27,155,15,465,4,64,0,132,2033
RAJASTHAN,TONK,2009,16,29,0,40,94,1,9,122,666,0,54,255,7,1027,4,26,0,252,3543
RAJASTHAN,UDAIPUR,2009,72,71,6,218,360,6,72,273,1544,0,179,621,33,1613,15,159,0,353,7467
RAJASTHAN,TOTAL,2009,1395,1673,80,3038,5740,110,886,5294,44288,0,1145,15037,556,21652,436,2485,0,10371,166565
SIKKIM,EAST,2009,7,4,2,10,4,0,2,52,48,0,18,9,3,35,0,4,0,4,289
SIKKIM,NORTH,2009,2,0,0,0,0,0,0,2,2,0,5,0,2,11,0,0,0,0,38
SIKKIM,SOUTH,2009,5,3,1,16,4,0,2,34,58,0,13,3,2,30,0,5,0,1,234
SIKKIM,WEST,2009,5,0,0,10,4,0,0,5,16,0,3,0,2,15,0,1,0,1,108
SIKKIM,TOTAL,2009,19,7,3,36,12,0,4,93,124,0,39,12,9,91,0,10,0,6,669
TAMIL NADU,ARIYALUR,2009,40,22,0,42,38,3,8,30,184,0,39,10,3,193,3,39,0,7,2055
TAMIL NADU,CHENNAI,2009,96,175,0,78,84,7,84,398,3432,0,70,350,2,735,19,42,0,154,10905
TAMIL NADU,CHENNAI RLY.,2009,1,2,0,0,0,0,29,3,384,0,11,5,0,20,2,5,0,0,490
TAMIL NADU,CHENNAISUBURBAN,2009,72,118,0,92,56,8,72,301,1678,0,80,222,5,640,20,51,0,59,7277
TAMIL NADU,COIMBATORE RURAL,2009,48,39,0,14,62,8,52,163,1016,0,134,60,13,428,4,41,0,56,4667
TAMIL NADU,COIMBATORE URBAN,2009,24,26,0,18,46,2,26,197,2330,0,17,103,3,324,4,21,0,48,4318
TAMIL NADU,CUDDALORE,2009,46,92,0,40,68,0,13,98,930,0,106,7,5,605,13,32,0,39,6622
TAMIL NADU,DHARMAPURI,2009,39,30,8,14,72,0,7,34,340,0,119,39,34,971,6,56,0,34,3875
TAMIL NADU,DINDIGUL,2009,69,77,0,20,122,3,38,71,720,0,82,83,24,454,1,34,0,87,4869
TAMIL NADU,ERODE,2009,52,30,0,32,88,7,26,135,934,0,29,70,15,516,1,31,0,12,5670
TAMIL NADU,KANCHIPURAM,2009,72,54,0,56,22,1,7,104,678,0,107,28,3,442,10,12,0,22,5615
TAMIL NADU,KANYAKUMARI,2009,40,75,0,22,62,2,113,184,804,0,0,134,29,720,9,23,0,65,4868
TAMIL NADU,KARUR,2009,26,15,1,14,26,1,7,24,464,0,16,9,2,151,2,13,0,14,2358
TAMIL NADU,KRISHNAGIRI,2009,67,27,1,30,72,13,17,75,474,0,115,35,15,481,1,31,0,24,4514
TAMIL NADU,MADURAI RURAL,2009,68,82,1,36,98,2,77,119,682,0,179,134,16,606,9,75,0,82,5152
TAMIL NADU,MADURAI URBAN,2009,38,40,0,6,50,7,34,85,1060,0,22,143,16,124,4,7,0,67,3000
TAMIL NADU,NAGAPATTINAM,2009,55,54,1,14,78,3,25,65,526,0,28,15,17,365,5,31,0,25,3976
TAMIL NADU,NAMAKKAL,2009,32,32,1,28,88,8,16,65,650,0,56,48,16,604,1,39,0,16,4410
TAMIL NADU,NILGIRIS,2009,15,8,0,6,14,0,5,37,148,0,16,12,0,179,0,11,0,4,1096
TAMIL NADU,PERAMBALUR,2009,12,15,0,22,26,0,3,16,168,0,20,22,6,90,4,14,0,2,1520
TAMIL NADU,PUDUKOTTAI,2009,40,38,0,10,54,0,5,56,310,0,38,17,17,253,4,21,0,18,3048
TAMIL NADU,RAMNATHAPURAM,2009,31,97,2,20,112,2,20,92,432,0,53,60,25,436,1,22,0,23,3401
TAMIL NADU,SALEM RURAL,2009,48,68,1,64,182,2,20,73,430,0,194,33,29,1458,3,90,0,50,5781
TAMIL NADU,SALEM URBAN,2009,21,26,0,40,78,0,28,48,646,0,39,50,2,281,3,13,0,40,2404
TAMIL NADU,SIVAGANGAI,2009,34,32,0,10,60,5,8,62,464,0,21,50,11,193,1,11,0,30,2534
TAMIL NADU,THANJAVUR,2009,69,80,1,10,72,17,64,223,1688,0,72,42,28,797,8,60,0,17,7408
TAMIL NADU,THENI,2009,34,69,0,18,98,0,29,98,430,0,72,118,22,589,7,50,0,66,5214
TAMIL NADU,THIRUNELVELI RURAL,2009,95,207,2,88,132,4,94,227,1040,0,2,63,72,1017,5,91,0,65,7740
TAMIL NADU,THIRUNELVELI URBAN,2009,12,67,1,10,52,0,14,49,612,0,6,37,6,128,1,7,0,6,1811
TAMIL NADU,THIRUVALLUR,2009,34,48,1,24,40,1,8,68,300,0,64,47,1,299,6,15,0,26,4067
TAMIL NADU,THIRUVANNAMALAI,2009,45,83,0,24,42,0,5,76,380,0,146,56,26,539,3,18,0,29,4067
TAMIL NADU,THIRUVARUR,2009,25,43,0,2,32,0,9,62,264,0,38,20,19,358,0,21,0,8,3180
TAMIL NADU,THOOTHUGUDI,2009,57,163,0,40,70,2,31,189,1050,0,5,96,25,546,3,3,0,35,5436
TAMIL NADU,TIRUPPUR,2009,58,29,0,24,122,8,68,239,1810,0,76,79,7,515,3,46,0,46,5208
TAMIL NADU,TRICHY RLY.,2009,0,0,0,0,0,0,9,0,172,0,4,1,0,17,0,2,0,0,170
TAMIL NADU,TRICHY RURAL,2009,41,45,0,20,34,3,3,37,372,0,25,20,14,178,6,24,0,27,3911
TAMIL NADU,TRICHY URBAN,2009,16,23,1,12,40,2,7,54,1012,0,16,57,2,86,0,11,0,24,3593
TAMIL NADU,VELLORE,2009,81,44,2,36,92,3,14,111,896,0,11,25,13,560,10,21,0,31,6862
TAMIL NADU,VILLUPURAM,2009,70,98,2,124,160,6,22,109,796,0,223,45,22,692,8,78,0,33,7171
TAMIL NADU,VIRUDHUNAGAR,2009,53,52,0,32,100,1,27,144,718,0,46,112,15,557,4,30,0,69,4428
TAMIL NADU,TOTAL,2009,1776,2325,26,1192,2744,131,1144,4221,31424,0,2397,2557,580,18147,194,1242,0,1460,174691
TRIPURA,DHALAI,2009,20,4,0,36,18,0,2,21,78,0,11,4,5,92,1,16,0,47,420
TRIPURA,NORTH,2009,33,16,1,96,64,2,13,44,180,0,24,13,6,211,6,78,0,174,1016
TRIPURA,SOUTH,2009,19,20,0,96,54,0,29,64,200,0,63,40,15,250,8,153,0,192,1489
TRIPURA,WEST,2009,61,19,1,152,106,5,33,102,372,0,80,53,36,494,14,137,0,402,2561
TRIPURA,TOTAL,2009,133,59,2,380,242,7,77,231,830,0,178,110,62,1047,29,384,0,815,5486
UTTAR PRADESH,AGRA,2009,127,156,47,80,486,15,82,181,3540,0,224,320,4,447,83,97,0,381,6704
UTTAR PRADESH,ALIGARH,2009,143,222,28,116,488,25,129,234,2232,0,288,309,20,307,54,109,0,294,5733
UTTAR PRADESH,ALLAHABAD,2009,110,105,28,76,296,6,51,242,1546,0,146,265,4,406,70,59,0,289,5175
UTTAR PRADESH,AMBEDKAR NAGAR,2009,36,28,15,38,112,0,14,22,226,0,24,99,0,129,15,9,0,102,1056
UTTAR PRADESH,AURAIYA,2009,41,31,12,22,88,1,14,22,190,0,15,14,0,82,26,20,0,30,1008
UTTAR PRADESH,AZAMGARH,2009,65,33,37,34,142,0,24,70,352,0,66,70,2,274,31,26,0,83,1752
UTTAR PRADESH,BADAUN,2009,110,140,28,58,192,7,32,44,356,0,36,80,4,290,43,28,0,55,2548
UTTAR PRADESH,BAGHPAT,2009,76,56,14,30,106,3,36,27,344,0,60,53,0,103,16,6,0,72,1438
UTTAR PRADESH,BAHRAICH,2009,38,28,28,76,178,25,38,76,300,0,60,179,12,202,32,33,0,72,1879
UTTAR PRADESH,BALLIA,2009,23,36,18,18,56,0,7,70,242,0,40,63,2,138,31,19,0,53,928
UTTAR PRADESH,BALRAMPUR,2009,15,13,6,16,46,0,4,15,100,0,8,25,2,35,10,11,0,34,415
UTTAR PRADESH,BANDA,2009,23,22,16,46,82,0,8,52,248,0,21,63,14,63,24,42,0,44,1434
UTTAR PRADESH,BARABANKI,2009,48,49,16,38,214,1,26,108,462,0,11,54,3,247,39,34,0,104,2862
UTTAR PRADESH,BAREILLY,2009,136,175,23,154,336,9,57,129,1254,0,113,197,2,191,47,125,0,303,4728
UTTAR PRADESH,BASTI,2009,24,6,5,24,44,0,9,36,152,0,24,30,2,107,15,3,0,12,907
UTTAR PRADESH,BIJNOR,2009,79,40,11,60,174,1,21,43,428,0,42,203,11,502,22,46,0,225,2647
UTTAR PRADESH,BULANDSHAHAR,2009,118,130,29,76,204,2,51,66,628,0,51,122,2,18,53,36,0,184,2595
UTTAR PRADESH,CHANDOLI,2009,25,18,9,6,46,0,10,32,180,0,1,43,0,129,13,4,0,88,814
UTTAR PRADESH,CHITRAKOOT DHAM,2009,21,6,4,40,28,4,7,31,76,0,3,19,0,11,9,22,0,12,460
UTTAR PRADESH,DEORIA,2009,19,20,17,18,88,1,6,47,174,0,48,37,4,117,30,15,0,32,1067
UTTAR PRADESH,ETAH,2009,64,96,18,36,108,1,27,41,564,0,55,147,13,240,42,37,0,92,2078
UTTAR PRADESH,ETAWAH,2009,45,53,11,10,150,3,24,46,524,0,6,90,4,172,35,42,0,112,2472
UTTAR PRADESH,FAIZABAD,2009,30,18,12,44,148,1,17,68,452,0,35,103,10,206,18,27,0,38,1787
UTTAR PRADESH,FATEHGARH,2009,62,59,26,34,138,0,8,48,272,0,27,35,3,104,23,30,0,61,1267
UTTAR PRADESH,FATEHPUR,2009,70,28,23,56,106,11,23,43,222,0,13,60,0,188,38,39,0,51,1621
UTTAR PRADESH,FIROZABAD,2009,117,106,14,52,284,14,49,47,834,0,88,116,10,241,47,59,0,130,3051
UTTAR PRADESH,G.R.P.,2009,18,13,4,2,6,6,33,0,2534,0,13,19,0,6,1,10,0,0,2248
UTTAR PRADESH,GAUTAMBUDH NAGAR,2009,78,95,19,48,166,7,91,138,4596,0,83,214,2,29,22,40,0,103,4707
UTTAR PRADESH,GHAZIABAD,2009,254,277,31,106,982,64,195,394,8754,0,349,535,7,53,66,88,0,556,11821
UTTAR PRADESH,GHAZIPUR,2009,37,35,22,6,42,9,49,35,230,0,100,53,4,102,29,12,0,63,960
UTTAR PRADESH,GONDA,2009,59,37,30,58,176,21,25,62,302,0,46,175,2,329,42,28,0,3,1746
UTTAR PRADESH,GORAKHPUR,2009,79,56,37,86,214,4,39,137,1724,0,157,265,3,338,50,44,0,255,3906
UTTAR PRADESH,HAMIRPUR,2009,30,6,17,32,36,2,1,14,80,0,5,35,5,14,20,21,0,22,472
UTTAR PRADESH,HARDOI,2009,76,55,36,58,182,4,18,52,462,0,34,85,5,282,45,61,0,73,2699
UTTAR PRADESH,HATHRAS,2009,53,48,11,44,146,24,50,32,348,0,38,61,1,142,23,33,0,146,1663
UTTAR PRADESH,J.P.NAGAR,2009,47,44,9,52,86,2,21,34,292,0,35,87,0,37,16,21,0,69,1147
UTTAR PRADESH,JALAUN,2009,37,13,12,22,66,4,6,21,172,0,14,51,2,3,34,41,0,43,1116
UTTAR PRADESH,JAUNPUR,2009,46,59,34,36,180,1,29,55,344,0,67,174,2,373,47,30,0,136,2130
UTTAR PRADESH,JHANSI,2009,40,14,22,28,86,1,13,46,402,0,17,63,0,29,27,33,0,9,1144
UTTAR PRADESH,KANNAUJ,2009,41,26,12,16,112,2,9,13,156,0,20,44,2,20,25,28,0,85,1178
UTTAR PRADESH,KANPUR DEHAT,2009,33,34,20,34,176,0,12,22,234,0,90,59,3,264,22,34,0,113,1790
UTTAR PRADESH,KANPUR NAGAR,2009,143,84,45,80,564,16,114,229,2188,0,187,403,3,446,73,109,0,551,6812
UTTAR PRADESH,KANSHIRAM NAGAR,2009,44,41,17,30,84,2,6,17,158,0,24,30,11,128,29,22,0,26,954
UTTAR PRADESH,KAUSHAMBI,2009,50,17,17,30,82,0,21,55,168,0,34,32,0,108,27,49,0,86,1320
UTTAR PRADESH,KHIRI,2009,67,52,36,74,176,1,19,42,522,0,21,89,2,291,40,59,0,68,2359
UTTAR PRADESH,KUSHI NAGAR,2009,24,10,18,18,40,0,2,11,82,0,21,67,2,116,22,7,0,21,1044
UTTAR PRADESH,LALITPUR,2009,21,6,11,26,24,2,4,13,108,0,30,40,1,8,8,19,0,25,613
UTTAR PRADESH,LUCKNOW,2009,114,86,26,112,646,16,101,658,5066,0,244,915,2,48,53,178,0,664,12424
UTTAR PRADESH,MAHARAJGANJ,2009,28,6,9,34,56,1,12,19,92,0,12,83,3,59,17,12,0,38,832
UTTAR PRADESH,MAHOBA,2009,16,6,8,22,48,0,11,34,96,0,16,32,0,27,17,26,0,15,558
UTTAR PRADESH,MAINPURI,2009,75,75,13,32,166,5,25,42,450,0,36,37,1,172,36,38,0,30,1776
UTTAR PRADESH,MATHURA,2009,87,93,19,40,152,4,36,59,1174,0,99,309,3,110,25,42,0,197,3994
UTTAR PRADESH,MAU,2009,29,46,17,30,100,0,15,34,278,0,58,48,2,115,10,22,0,60,1024
UTTAR PRADESH,MEERUT,2009,175,165,25,92,386,6,90,130,2436,0,136,274,0,23,41,47,0,361,5375
UTTAR PRADESH,MIRZAPUR,2009,32,6,14,22,28,4,9,34,240,0,8,76,0,105,19,9,0,178,1196
UTTAR PRADESH,MORADABAD,2009,133,111,28,138,394,6,52,116,1324,0,56,186,0,53,32,63,0,264,4008
UTTAR PRADESH,MUZAFFARNAGAR,2009,195,186,49,116,324,18,92,74,1102,0,146,195,4,19,27,64,0,340,4117
UTTAR PRADESH,PILIBHIT,2009,30,24,7,30,122,1,8,21,182,0,6,67,0,3,27,37,0,186,1834
UTTAR PRADESH,PRATAPGARH,2009,42,59,20,44,168,1,17,89,330,0,91,72,12,232,27,35,0,99,1963
UTTAR PRADESH,RAIBAREILLY,2009,62,41,22,60,134,1,12,48,330,0,42,92,2,263,29,46,0,114,2174
UTTAR PRADESH,RAMPUR,2009,82,93,14,102,210,24,76,100,748,0,86,190,1,7,24,48,0,3,2434
UTTAR PRADESH,SAHARANPUR,2009,77,48,33,28,82,15,24,38,724,0,42,156,0,23,35,29,0,139,2421
UTTAR PRADESH,SANT KABIRNAGAR,2009,11,7,7,26,58,0,15,18,166,0,10,45,0,163,9,9,0,2,964
UTTAR PRADESH,SHAHJAHANPUR,2009,107,123,35,86,214,5,26,49,446,0,37,107,0,158,54,53,0,11,2431
UTTAR PRADESH,SHRAWASTI,2009,12,6,4,16,46,0,9,21,106,0,30,34,0,146,9,27,0,28,616
UTTAR PRADESH,SIDHARTHNAGAR,2009,14,8,7,18,60,0,14,25,206,0,17,19,0,53,14,23,0,20,700
UTTAR PRADESH,SITAPUR,2009,100,65,34,122,312,3,35,102,630,0,37,90,2,213,75,74,0,84,3172
UTTAR PRADESH,SONBHADRA,2009,37,10,25,50,60,0,8,25,170,0,11,73,6,83,11,16,0,36,962
UTTAR PRADESH,ST.RAVIDASNAGAR,2009,9,15,2,6,18,0,4,17,142,0,9,20,0,57,10,9,0,24,441
UTTAR PRADESH,SULTANPUR,2009,38,71,27,32,142,1,21,86,496,0,49,65,25,370,28,35,0,60,2283
UTTAR PRADESH,UNNAO,2009,55,52,28,96,192,10,26,50,378,0,39,64,0,179,40,61,0,100,1782
UTTAR PRADESH,VARANASI,2009,32,43,11,20,82,1,16,109,1386,0,56,219,6,186,29,12,0,107,3148
UTTAR PRADESH,TOTAL,2009,4534,4141,1439,3518,12166,424,2285,5260,58452,0,4263,8845,254,10934,2232,2782,0,8566,172884
UTTARAKHAND,ALMORA,2009,9,3,3,8,10,1,12,20,74,0,15,11,1,38,4,4,0,11,246
UTTARAKHAND,BAGESHWAR,2009,3,0,1,6,2,0,1,6,4,0,1,4,1,2,2,1,0,2,69
UTTARAKHAND,CHAMOLI,2009,3,1,1,2,0,0,0,12,42,0,9,8,0,16,0,2,0,2,112
UTTARAKHAND,CHAMPAWAT,2009,4,5,2,2,4,0,1,2,24,0,5,2,2,16,2,5,0,0,82
UTTARAKHAND,DEHRADUN,2009,24,41,11,60,152,19,51,113,952,0,146,212,3,271,11,30,0,133,2425
UTTARAKHAND,HARIDWAR,2009,67,58,11,52,136,9,50,54,782,0,122,172,7,512,22,30,0,107,2268
UTTARAKHAND,NAINITAL,2009,24,20,3,28,74,7,17,37,360,0,42,31,0,11,23,14,0,19,928
UTTARAKHAND,PAURI GARHWAL,2009,8,3,2,8,26,2,9,11,72,0,2,17,0,37,6,3,0,9,225
UTTARAKHAND,PITHORAGARH,2009,2,3,2,0,2,0,2,12,26,0,11,1,3,19,1,3,0,4,150
UTTARAKHAND,RUDRA PRAYAG,2009,0,0,0,4,4,0,0,4,10,0,4,3,0,4,3,0,0,4,59
UTTARAKHAND,TEHRI GARHWAL,2009,0,2,2,2,6,0,0,11,32,0,1,7,0,3,1,3,0,2,114
UTTARAKHAND,UDHAMSINGH NAGAR,2009,50,49,12,42,120,4,36,73,806,0,106,73,0,264,19,21,0,65,2023
UTTARAKHAND,UTTARKASHI,2009,1,0,1,8,14,0,0,8,18,0,2,3,0,5,0,3,0,3,101
UTTARAKHAND,TOTAL,2009,195,185,51,222,550,42,179,363,3202,0,466,544,17,1198,94,119,0,361,8802
WEST BENGAL,24 PARGANAS NORTH,2009,229,238,241,332,736,120,88,22,3918,0,778,257,25,285,54,203,0,2225,13046
WEST BENGAL,24 PARGANAS SOUTH,2009,212,3,35,560,256,193,52,11,3964,0,1233,119,10,264,63,120,0,2542,13624
WEST BENGAL,ASANSOL,2009,32,7,10,26,54,43,12,6,566,0,61,45,5,65,17,14,0,211,1361
WEST BENGAL,BANKURA,2009,69,28,10,66,72,22,33,6,430,0,161,17,10,166,28,46,0,172,1586
WEST BENGAL,BIRBHUM,2009,92,22,20,104,104,35,29,12,890,0,346,70,20,363,18,60,0,298,2702
WEST BENGAL,BURDWAN,2009,129,52,66,110,270,48,37,15,1488,0,541,179,19,55,30,25,0,710,5556
WEST BENGAL,COOCHBEHAR,2009,52,140,7,278,302,10,9,4,658,0,126,53,4,120,13,76,0,508,3465
WEST BENGAL,DAKSHIN DINAJPUR,2009,28,97,9,98,112,6,5,9,252,0,14,20,7,513,7,76,0,211,1602
WEST BENGAL,DARJEELING,2009,50,2,11,108,100,25,8,8,1270,0,68,22,7,813,2,55,0,141,2629
WEST BENGAL,HOOGHLY,2009,98,37,71,96,188,67,35,16,1142,0,573,160,82,186,25,24,0,629,4064
WEST BENGAL,HOWRAH,2009,93,13,27,78,260,55,23,17,1756,0,267,203,0,53,21,76,0,743,5500
WEST BENGAL,HOWRAH G.R.P.,2009,13,15,3,2,4,4,6,0,632,0,0,10,0,0,1,2,0,1,455
WEST BENGAL,JALPAIGURI,2009,112,100,31,386,412,11,69,52,2620,0,106,63,22,454,11,136,0,646,6445
WEST BENGAL,KHARAGPUR G.R.P.,2009,6,1,0,0,0,1,2,0,234,0,1,4,0,1,0,0,0,3,161
WEST BENGAL,KOLKATA,2009,41,71,42,84,258,38,40,90,6156,0,253,1433,0,1866,10,201,0,411,13615
WEST BENGAL,MALDA,2009,74,152,42,394,356,26,21,5,678,0,70,64,0,525,10,131,0,567,3927
WEST BENGAL,MURSHIDABAD,2009,184,607,53,1136,816,76,73,11,1714,0,745,220,49,2994,51,348,0,3035,12308
WEST BENGAL,NADIA,2009,135,372,81,350,594,58,69,21,2576,0,197,176,18,1709,44,118,0,1508,8706
WEST BENGAL,PASCHIM MIDNAPUR,2009,198,68,123,114,158,27,29,6,758,0,441,43,34,142,31,83,0,567,3717
WEST BENGAL,PURAB MIDNAPUR,2009,81,6,28,82,180,18,18,9,892,0,491,50,21,0,40,33,0,475,3649
WEST BENGAL,PURULIA,2009,71,0,5,106,54,18,43,1,380,0,108,36,0,0,9,30,0,170,1506
WEST BENGAL,SEALDAH G.R.P.,2009,15,2,1,2,12,12,15,0,442,0,21,13,0,25,3,7,0,5,373
WEST BENGAL,SILIGURI G.R.P.,2009,2,0,1,0,2,2,2,0,146,0,0,1,0,0,0,3,0,0,116
WEST BENGAL,UTTAR DINAJPUR,2009,52,86,14,160,200,23,33,8,704,0,99,40,11,597,18,75,0,334,2923
WEST BENGAL,TOTAL,2009,2068,2119,931,4672,5500,938,751,329,34266,0,6700,3298,344,11196,506,1942,0,16112,113036
A & N ISLANDS,ANDAMAN,2009,15,4,3,36,32,0,11,83,268,0,11,19,12,87,1,29,0,21,921
A & N ISLANDS,NICOBAR,2009,0,0,1,0,0,0,0,3,0,0,0,1,0,2,0,1,0,0,20
A & N ISLANDS,TOTAL,2009,15,4,4,36,32,0,11,86,268,0,11,20,12,89,1,30,0,21,941
CHANDIGARH,CHANDIGARH,2009,22,18,8,58,80,7,27,241,3462,0,66,193,4,63,2,26,0,51,3555
CHANDIGARH,TOTAL,2009,22,18,8,58,80,7,27,241,3462,0,66,193,4,63,2,26,0,51,3555
D & N HAVELI,D AND N HAVELI,2009,10,5,1,8,24,9,2,43,126,0,53,20,5,23,0,2,0,3,442
D & N HAVELI,TOTAL,2009,10,5,1,8,24,9,2,43,126,0,53,20,5,23,0,2,0,3,442
DAMAN & DIU,DAMAN,2009,5,4,1,2,0,0,4,30,62,0,19,3,3,11,0,4,0,1,208
DAMAN & DIU,DIU,2009,0,0,0,0,0,0,0,3,20,0,10,1,0,3,0,0,0,2,68
DAMAN & DIU,TOTAL,2009,5,4,1,2,0,0,4,33,82,0,29,4,3,14,0,4,0,3,276
DELHI UT,CAW,2009,0,0,0,0,0,0,0,0,0,0,0,0,0,1,0,1,0,192,194
DELHI UT,CENTRAL,2009,28,25,8,56,186,1,33,107,2750,0,4,120,1,174,6,34,0,62,2833
DELHI UT,CRIME BRANCH,2009,1,8,0,4,0,0,1,0,8,0,0,39,0,0,0,0,0,0,91
DELHI UT,DELHI UT TOTAL,2009,552,369,84,938,5072,105,515,1733,43462,0,57,2000,34,1938,141,552,0,1283,50251
DELHI UT,EAST,2009,56,50,5,104,598,11,52,196,6030,0,9,146,8,231,10,81,0,121,6379
DELHI UT,EOW,2009,0,0,0,0,0,0,0,0,0,0,0,184,0,0,0,1,0,0,190
DELHI UT,GRP(RLY),2009,9,5,0,8,22,2,10,1,1450,0,0,7,0,10,1,0,0,1,864
DELHI UT,IGI AIRPORT,2009,1,0,1,0,4,1,1,0,132,0,0,437,0,0,0,2,0,0,569
DELHI UT,NEW DELHI,2009,5,3,2,12,92,2,14,45,1162,0,3,127,1,31,1,17,0,7,1492
DELHI UT,NORTH,2009,44,19,6,38,280,1,24,77,2214,0,4,108,2,132,8,35,0,49,2908
DELHI UT,NORTH-EAST,2009,74,56,5,94,750,5,53,117,4172,0,7,100,3,274,15,67,0,138,4720
DELHI UT,NORTH-WEST,2009,56,48,4,108,436,18,118,233,4318,0,6,101,4,150,13,39,0,120,4676
DELHI UT,OUTER,2009,74,44,10,82,664,4,21,217,3948,0,6,99,8,227,21,61,0,173,4969
DELHI UT,SOUTH,2009,42,16,4,84,266,28,36,241,5012,0,7,168,1,110,10,45,0,61,5353
DELHI UT,SOUTH-EAST,2009,48,29,5,118,636,17,62,174,5282,0,3,141,1,249,18,78,0,63,6267
DELHI UT,SOUTH-WEST,2009,65,27,15,104,482,5,44,133,2682,0,5,81,0,118,17,53,0,79,3610
DELHI UT,STF,2009,0,4,0,0,0,0,0,0,0,0,0,7,0,0,0,0,0,0,25
DELHI UT,WEST,2009,49,35,19,126,656,10,46,192,4302,0,3,135,5,231,21,38,0,217,5111
LAKSHADWEEP,LAKSHADWEEP,2009,0,1,0,2,0,3,0,1,20,0,44,0,2,14,0,0,0,0,134
LAKSHADWEEP,TOTAL,2009,0,1,0,2,0,3,0,1,20,0,44,0,2,14,0,0,0,0,134
PUDUCHERRY,KARAIKAL,2009,6,2,0,0,2,0,0,21,102,0,25,5,1,207,0,16,0,0,724
PUDUCHERRY,PUDUCHERRY,2009,31,23,5,2,34,12,9,50,1320,0,116,42,10,694,0,37,0,10,3867
PUDUCHERRY,TOTAL,2009,37,25,5,2,36,12,9,71,1422,0,141,47,11,901,0,53,0,10,4591
ANDHRA PRADESH,ADILABAD,2010,98,90,9,96,110,5,15,196,604,0,65,162,26,1044,18,133,0,429,4955
ANDHRA PRADESH,ANANTAPUR,2010,137,101,7,40,162,18,21,291,1460,0,65,226,35,2066,20,132,0,250,5854
ANDHRA PRADESH,CHITTOOR,2010,100,50,1,88,170,8,12,149,968,0,58,152,19,827,32,136,0,388,5218
ANDHRA PRADESH,CUDDAPAH,2010,99,40,5,78,126,2,9,144,976,0,99,152,37,1385,15,137,0,321,5694
ANDHRA PRADESH,CYBERABAD,2010,187,84,10,190,300,15,63,1361,8030,0,60,1256,61,3529,43,157,0,1191,16348
ANDHRA PRADESH,EAST GODAVARI,2010,71,91,23,132,102,3,11,318,1672,0,29,271,24,2060,20,193,0,246,6349
ANDHRA PRADESH,GUNTAKAL RLY.,2010,8,1,0,0,8,0,2,0,442,0,0,3,1,4,0,2,0,0,287
ANDHRA PRADESH,GUNTUR,2010,107,107,1,76,110,9,15,222,1296,0,48,208,54,1408,20,282,0,456,6512
ANDHRA PRADESH,GUNTUR URBAN,2010,43,26,1,24,54,2,19,123,1486,0,9,236,9,321,13,48,0,245,3208
ANDHRA PRADESH,HYDERABAD CITY,2010,134,143,8,90,242,7,54,906,9832,0,513,2021,15,3425,44,171,0,1420,17549
ANDHRA PRADESH,KARIMNAGAR,2010,139,86,8,130,316,2,16,282,1346,0,158,489,56,2791,39,237,0,636,8320
ANDHRA PRADESH,KHAMMAM,2010,93,70,4,124,142,2,11,210,1022,0,130,233,38,1994,17,147,0,354,5571
ANDHRA PRADESH,KRISHNA,2010,80,79,1,108,150,3,9,195,1126,0,36,171,28,2323,22,300,0,412,5819
ANDHRA PRADESH,KURNOOL,2010,156,145,6,98,170,5,20,211,982,0,84,301,41,1500,19,347,0,501,7258
ANDHRA PRADESH,MAHABOOBNAGAR,2010,177,58,14,178,174,1,24,253,2448,0,46,185,37,1903,34,174,0,233,6704
ANDHRA PRADESH,MEDAK,2010,96,59,11,98,166,7,21,325,1088,0,46,231,58,1654,29,103,0,316,5269
ANDHRA PRADESH,NALGONDA,2010,118,68,5,136,162,4,36,303,1190,0,99,245,57,1420,32,195,0,218,7736
ANDHRA PRADESH,NELLORE,2010,72,86,2,56,154,6,11,237,1560,0,34,244,43,1951,6,176,0,382,5779
ANDHRA PRADESH,NIZAMABAD,2010,98,45,8,124,130,4,23,329,1408,0,56,206,36,1805,21,114,0,626,5815
ANDHRA PRADESH,PRAKASHAM,2010,98,99,2,58,168,8,14,188,910,0,23,188,32,1118,13,253,0,216,5442
ANDHRA PRADESH,RAJAHMUNDRY,2010,21,20,1,20,60,3,10,129,764,0,5,82,4,620,4,47,0,96,2022
ANDHRA PRADESH,RANGA REDDY,2010,33,26,5,38,42,0,4,66,240,0,20,59,17,638,19,39,0,75,1676
ANDHRA PRADESH,SECUNDERABAD RLY.,2010,2,0,0,2,2,0,8,0,714,0,0,3,1,8,0,2,0,0,462
ANDHRA PRADESH,SRIKAKULAM,2010,31,43,0,70,62,2,7,139,612,0,53,99,21,833,5,93,0,233,4910
ANDHRA PRADESH,TIRUPATHI URBAN,2010,31,35,0,20,52,2,4,119,1272,0,25,150,4,696,5,38,0,85,2607
ANDHRA PRADESH,VIJAYAWADA CITY,2010,33,49,1,50,174,3,20,228,2648,0,8,398,20,1565,17,172,0,626,5833
ANDHRA PRADESH,VIJAYAWADA RLY.,2010,3,1,0,2,0,1,10,0,720,0,1,4,0,12,3,6,0,4,449
ANDHRA PRADESH,VISAKHA RURAL,2010,79,26,2,84,54,1,1,110,500,0,70,112,27,1263,8,92,0,222,3312
ANDHRA PRADESH,VISAKHAPATNAM,2010,24,25,4,106,68,8,40,335,2468,0,2,294,28,2443,11,59,0,393,7112
ANDHRA PRADESH,VIZIANAGARAM,2010,26,40,2,64,38,1,6,122,538,0,0,117,15,526,14,101,0,312,3862
ANDHRA PRADESH,WARANGAL,2010,49,19,5,56,98,3,6,141,264,0,146,131,10,803,7,98,0,50,2717
ANDHRA PRADESH,WARANGAL URBAN,2010,21,16,1,34,56,0,6,122,490,0,44,165,42,566,12,50,0,412,2516
ANDHRA PRADESH,WEST GODAVARI,2010,74,125,8,254,284,1,22,446,2436,0,199,370,29,2276,26,400,0,732,8273
ANDHRA PRADESH,TOTAL,2010,2538,1953,155,2724,4106,136,550,8200,53512,0,2231,9164,925,46777,588,4634,0,12080,181438
ARUNACHAL PRADESH,ANJAW,2010,1,0,0,2,0,0,0,3,14,0,1,1,0,5,0,0,0,2,29
ARUNACHAL PRADESH,CHANGLANG,2010,5,1,0,8,14,1,3,28,86,0,3,4,3,47,0,10,0,1,249
ARUNACHAL PRADESH,DIBANG VALLEY,2010,3,1,0,6,6,1,2,10,64,0,4,0,3,19,0,2,0,0,119
ARUNACHAL PRADESH,K/KUMEY,2010,8,1,0,0,2,1,0,9,16,0,0,2,1,4,0,0,0,0,54
ARUNACHAL PRADESH,KAMENG EAST,2010,5,1,0,2,10,3,10,12,42,0,1,7,0,36,0,2,0,0,141
ARUNACHAL PRADESH,KAMENG WEST,2010,6,4,1,0,8,1,4,9,18,0,0,3,0,23,0,5,0,0,131
ARUNACHAL PRADESH,LOHIT,2010,7,4,0,18,10,0,2,18,64,0,2,3,7,34,0,7,0,0,176
ARUNACHAL PRADESH,PAPUM PARE,2010,7,5,0,8,30,2,14,20,234,0,0,43,1,60,0,13,0,1,444
ARUNACHAL PRADESH,RURAL,2010,3,2,0,6,4,2,1,9,14,0,2,4,3,24,0,5,0,0,95
ARUNACHAL PRADESH,SIANG EAST,2010,5,3,1,16,14,2,6,25,146,0,6,4,1,29,0,8,0,0,240
ARUNACHAL PRADESH,SIANG UPPER,2010,3,0,0,2,2,0,1,9,20,0,0,2,1,10,0,2,0,0,53
ARUNACHAL PRADESH,SIANG WEST,2010,9,1,0,12,12,0,4,9,68,0,0,4,5,59,0,16,0,5,237
ARUNACHAL PRADESH,SUBANSIRI LOWER,2010,3,3,0,0,6,1,4,10,36,0,10,3,2,19,0,4,0,0,113
ARUNACHAL PRADESH,SUBANSIRI UPPER,2010,5,3,0,10,8,1,7,15,28,0,1,8,0,41,0,7,0,3,164
ARUNACHAL PRADESH,TAWANG,2010,1,0,0,2,0,0,0,5,12,0,0,2,0,6,0,1,0,0,40
ARUNACHAL PRADESH,TIRAP,2010,4,4,1,2,8,0,11,16,28,0,0,1,1,20,0,2,0,0,140
ARUNACHAL PRADESH,UPPER DIBANG VALLEY,2010,0,1,0,0,0,0,0,4,0,0,1,0,0,3,0,0,0,0,14
ARUNACHAL PRADESH,TOTAL,2010,75,34,3,94,134,15,69,211,890,0,31,91,28,439,0,84,0,12,2439
ASSAM,BARPETA,2010,52,15,0,218,354,10,22,284,366,0,196,54,11,143,12,65,0,197,3030
ASSAM,BASKA,2010,58,15,0,46,96,2,6,36,116,0,8,14,2,58,5,14,0,24,615
ASSAM,BONGAIGAON,2010,27,15,5,102,148,6,14,119,216,0,62,22,6,146,14,46,0,222,1407
ASSAM,C.I.D.,2010,0,0,0,0,2,0,2,0,2,0,0,21,0,0,0,0,0,0,51
ASSAM,CACHAR,2010,54,6,0,146,346,18,21,213,1106,0,221,95,27,118,15,10,0,504,4505
ASSAM,CHIRANG,2010,21,2,0,56,90,8,7,27,110,0,14,12,13,39,2,3,0,55,612
ASSAM,DARRANG,2010,27,7,2,194,278,7,10,108,332,0,20,57,3,384,4,225,0,378,2598
ASSAM,DHEMAJI,2010,20,14,0,150,156,4,13,32,246,0,10,6,10,144,5,40,0,122,1091
ASSAM,DHUBRI,2010,45,18,3,360,482,16,37,153,554,0,398,151,43,545,16,250,0,719,4289
ASSAM,DIBRUGARH,2010,85,0,5,108,272,4,15,110,964,0,26,28,1,37,6,51,0,152,2406
ASSAM,G.R.P.,2010,3,0,0,0,14,9,4,3,308,0,4,1,3,16,0,0,0,1,291
ASSAM,GOALPARA,2010,31,0,0,238,242,11,4,102,310,0,221,47,4,62,4,10,0,263,2290
ASSAM,GOLAGHAT,2010,52,21,0,80,172,11,25,84,376,0,6,43,14,227,9,33,0,148,1503
ASSAM,GUWAHATI CITY,2010,52,38,4,140,772,19,172,716,4072,0,78,240,37,644,12,119,0,218,9219
ASSAM,HAILAKANDI,2010,22,3,0,144,148,7,6,86,240,0,124,22,23,32,3,16,0,129,1458
ASSAM,JORHAT,2010,50,6,1,102,136,4,17,130,568,0,19,51,12,318,0,60,0,163,1763
ASSAM,KAMRUP,2010,38,21,0,102,240,9,19,103,508,0,89,38,12,289,5,69,0,159,2341
ASSAM,KARBI ANGLONG,2010,33,15,2,38,90,3,8,28,226,0,19,5,14,98,0,7,0,29,650
ASSAM,KARIMGANJ,2010,38,6,0,72,108,19,7,76,240,0,40,10,15,86,10,7,0,141,1382
ASSAM,KOKRAJHAR,2010,43,28,0,60,156,6,10,33,348,0,127,22,16,30,1,3,0,86,1016
ASSAM,LAKHIMPUR,2010,45,17,3,78,256,3,12,103,282,0,14,57,10,387,0,60,0,229,1876
ASSAM,MORIGAON,2010,15,10,6,148,186,4,3,78,180,0,90,42,6,254,3,63,0,110,1320
ASSAM,N.C.HILLS,2010,17,8,5,6,38,1,2,11,86,0,4,6,11,24,2,0,0,2,191
ASSAM,NAGAON,2010,83,67,5,293,604,36,114,271,774,0,269,97,52,608,15,18,0,769,5699
ASSAM,NALBARI,2010,24,17,0,48,112,15,20,77,314,0,13,53,15,316,0,75,0,51,1374
ASSAM,R.P.O.,2010,6,0,0,14,4,2,0,0,26,0,13,3,0,0,0,0,0,0,117
ASSAM,SIBSAGAR,2010,60,24,4,150,284,1,17,117,900,0,27,64,24,200,2,85,0,101,2285
ASSAM,SONITPUR,2010,81,10,0,160,382,7,22,175,676,0,34,81,21,210,13,30,0,294,3129
ASSAM,TINSUKIA,2010,96,17,1,110,224,9,43,132,1124,0,15,25,16,183,16,25,0,100,2295
ASSAM,UDALGURI,2010,45,31,0,74,108,9,10,51,150,0,22,4,16,146,1,16,0,44,865
ASSAM,TOTAL,2010,1223,431,46,3437,6500,260,662,3458,15720,0,2183,1371,437,5744,175,1400,0,5410,61668
BIHAR,ARARIA,2010,53,42,15,84,168,25,58,42,492,0,209,47,11,92,26,2,0,26,2421
BIHAR,ARWAL,2010,23,42,3,6,26,6,4,24,168,0,26,5,5,45,15,4,0,5,770
BIHAR,AURANGABAD,2010,97,10,2,24,116,18,23,104,676,0,283,77,15,480,24,3,0,97,3015
BIHAR,BAGAHA,2010,41,61,4,20,132,3,5,39,230,0,101,24,10,240,10,29,0,21,1543
BIHAR,BANKA,2010,71,44,6,26,106,10,20,77,264,0,118,6,33,386,24,3,0,23,1816
BIHAR,BEGUSARAI,2010,126,156,2,40,184,9,51,65,668,0,322,62,18,601,42,10,0,41,4025
BIHAR,BETTIAH,2010,63,3,4,36,222,5,19,77,716,0,304,92,11,622,33,6,0,51,3755
BIHAR,BHABHUA,2010,65,54,0,12,78,11,29,51,424,0,155,28,8,215,27,0,0,16,1883
BIHAR,BHAGALPUR,2010,73,135,4,44,172,3,27,127,1066,0,197,91,34,476,20,12,0,42,3220
BIHAR,BHOJPUR,2010,111,36,0,30,144,25,62,85,916,0,234,97,14,215,50,3,0,181,3969
BIHAR,BUXAR,2010,57,98,1,24,110,23,44,75,600,0,204,35,2,465,17,15,0,40,2180
BIHAR,DARBHANGA,2010,59,167,23,36,194,15,19,75,798,0,319,286,24,120,23,68,0,151,4308
BIHAR,GAYA,2010,139,35,12,44,218,52,103,138,1402,0,319,117,21,1,42,3,0,97,4706
BIHAR,GOPALGANJ,2010,76,53,3,36,218,7,22,68,410,0,189,118,13,855,48,0,0,125,2779
BIHAR,JAMALPUR RLY.,2010,3,1,1,0,14,13,7,1,296,0,6,4,0,0,0,3,0,0,246
BIHAR,JAMUI,2010,81,143,19,40,114,20,42,46,300,0,139,32,21,634,17,33,0,48,1880
BIHAR,JEHANABAD,2010,43,13,3,16,84,16,13,63,492,0,149,54,10,152,33,10,0,30,1832
BIHAR,KATIHAR,2010,90,47,2,110,238,6,20,63,400,0,207,71,10,343,20,6,0,55,2488
BIHAR,KATIHAR RLY.,2010,14,1,0,2,16,4,5,9,446,0,9,4,1,45,0,4,0,2,419
BIHAR,KHAGARIA,2010,63,104,7,10,72,9,15,20,246,0,164,22,11,578,22,14,0,20,1860
BIHAR,KISHANGANJ,2010,36,41,7,48,100,4,10,53,262,0,108,26,16,161,4,0,0,41,1234
BIHAR,LAKHISARAI,2010,43,45,0,20,80,16,20,51,222,0,125,26,8,466,14,4,0,30,1316
BIHAR,MADHEPURA,2010,54,81,1,22,122,5,48,23,292,0,194,18,4,85,13,9,0,25,1877
BIHAR,MADHUBANI,2010,73,10,0,60,282,20,31,65,916,0,340,26,0,1053,31,6,0,90,4319
BIHAR,MOTIHARI,2010,169,417,66,50,346,23,76,119,1054,0,450,93,36,1181,32,0,0,46,5546
BIHAR,MUNGER,2010,82,98,1,22,160,27,39,54,434,0,165,52,14,212,14,3,0,43,2052
BIHAR,MUZAFFARPUR,2010,148,11,12,104,458,48,63,192,1924,0,419,122,31,38,64,7,0,56,6541
BIHAR,MUZAFFARPUR RLY.,2010,15,19,0,2,14,8,6,9,608,0,6,9,0,60,0,0,0,0,524
BIHAR,NALANDA,2010,117,75,19,52,186,6,36,98,636,0,178,87,14,533,62,30,0,60,4411
BIHAR,NAUGACHIA,2010,39,31,5,16,72,3,11,13,104,0,126,36,4,175,12,23,0,47,1216
BIHAR,NAWADAH,2010,73,17,2,22,130,7,18,50,336,0,112,37,11,458,23,3,0,37,2286
BIHAR,PATNA,2010,304,20,5,100,566,42,184,594,5254,0,516,591,2,34,95,12,0,316,14036
BIHAR,PATNA RLY.,2010,10,8,2,2,20,8,16,4,1452,0,24,25,0,0,6,17,0,2,1181
BIHAR,PURNEA,2010,80,130,11,80,212,13,23,68,344,0,145,119,35,220,16,22,0,60,2959
BIHAR,ROHTAS,2010,132,82,45,54,230,44,73,134,1178,0,228,19,3,328,45,49,0,31,4488
BIHAR,SAHARSA,2010,39,102,0,14,102,6,35,45,216,0,251,59,14,197,9,39,0,22,1795
BIHAR,SAMASTIPUR,2010,119,215,12,72,378,11,54,107,738,0,317,52,36,260,62,7,0,42,4063
BIHAR,SARAN,2010,112,90,16,46,272,21,56,112,976,0,344,96,40,1461,78,24,0,103,4050
BIHAR,SHEIKHPURA,2010,22,2,0,4,44,3,12,18,164,0,69,33,10,183,5,0,0,10,923
BIHAR,SHEOHAR,2010,21,3,0,6,34,15,7,19,120,0,41,12,4,60,2,2,0,8,546
BIHAR,SITAMARHI,2010,68,30,3,18,120,32,29,105,930,0,189,10,22,50,28,18,0,25,3776
BIHAR,SIWAN,2010,78,69,0,38,266,22,37,66,610,0,251,88,41,1250,63,10,0,41,3106
BIHAR,SUPAUL,2010,52,29,12,38,134,8,15,38,272,0,206,51,21,88,12,6,0,8,1721
BIHAR,VAISHALI,2010,128,45,14,60,394,18,51,151,1036,0,351,66,22,210,74,15,0,57,4372
BIHAR,TOTAL,2010,3362,2915,344,1590,7348,690,1538,3437,31088,0,8809,3025,660,15328,1257,534,0,2271,127453
CHHATTISGARH,BALRAMPUR,2010,30,20,1,122,24,4,14,37,56,0,29,6,5,58,1,71,0,0,886
CHHATTISGARH,BILASPUR,2010,106,49,1,138,76,6,61,525,1598,0,224,75,53,1923,20,167,0,130,6599
CHHATTISGARH,BIZAPUR,2010,73,102,1,6,20,21,3,6,22,0,14,1,7,18,0,0,0,6,395
CHHATTISGARH,DANTEWARA,2010,63,83,0,18,16,12,9,32,74,0,34,3,24,36,2,8,0,5,692
CHHATTISGARH,DHAMTARI,2010,18,5,0,80,20,5,7,103,300,0,25,25,3,71,2,55,0,18,1382
CHHATTISGARH,DURG,2010,85,58,3,212,78,6,83,634,1908,0,101,195,31,345,14,269,0,118,9563
CHHATTISGARH,GRP RAIPUR,2010,1,3,0,2,4,0,7,4,658,0,1,1,0,6,0,3,0,1,407
CHHATTISGARH,JAGDALPUR,2010,66,48,0,96,34,11,20,101,276,0,30,14,6,599,4,33,0,23,2157
CHHATTISGARH,JANJGIR,2010,47,21,3,78,18,3,30,197,576,0,117,40,28,901,14,90,0,100,2896
CHHATTISGARH,JASHPUR,2010,62,15,1,138,48,7,21,73,142,0,26,9,6,85,0,53,0,26,1240
CHHATTISGARH,KABIRDHAM,2010,22,8,3,38,16,0,5,75,134,0,33,12,5,513,2,85,0,18,1378
CHHATTISGARH,KANKER,2010,42,51,0,36,22,16,12,46,106,0,28,14,8,19,2,27,0,8,976
CHHATTISGARH,KORBA,2010,41,12,2,64,14,5,30,160,434,0,55,30,3,788,10,80,0,40,2600
CHHATTISGARH,KORIYA,2010,32,13,1,116,42,5,9,172,248,0,25,21,6,621,3,98,0,48,1817
CHHATTISGARH,MAHASAMUND,2010,34,15,0,52,14,2,14,116,330,0,12,26,9,175,7,65,0,13,1624
CHHATTISGARH,NARAYANPUR,2010,18,41,0,6,18,8,1,7,16,0,0,1,3,18,0,5,0,2,187
CHHATTISGARH,RAIGARH,2010,67,37,4,104,38,13,52,264,656,0,93,71,23,684,10,89,0,45,3130
CHHATTISGARH,RAIPUR,2010,102,86,4,272,98,8,108,750,3108,0,164,188,59,2720,7,268,0,125,10360
CHHATTISGARH,RAJNANDGAON,2010,47,39,1,86,36,1,16,177,388,0,28,32,16,104,9,72,0,41,2849
CHHATTISGARH,SARGUJA,2010,51,38,3,206,50,2,38,144,412,0,30,27,13,69,3,99,0,40,2218
CHHATTISGARH,SURAJPUR,2010,58,12,2,154,32,2,12,88,168,0,23,22,11,435,5,69,0,54,1602
CHHATTISGARH,TOTAL,2010,1065,756,30,2024,718,137,552,3711,11610,0,1092,813,319,10188,115,1706,0,861,54958
GOA,NORTH GOA,2010,25,12,2,24,20,0,28,209,1196,0,40,80,13,117,1,24,0,9,1926
GOA,SOUTH GOA,2010,10,15,1,48,30,2,11,159,872,0,24,37,10,60,0,12,0,8,1367
GOA,TOTAL,2010,35,27,3,72,50,2,39,368,2068,0,64,117,23,177,1,36,0,17,3293
GUJARAT,AHMEDABAD COMMR.,2010,82,66,4,98,414,28,805,799,9318,0,171,212,4,1365,12,73,0,1230,21442
GUJARAT,AHMEDABAD RURAL,2010,31,17,3,16,88,7,23,102,606,0,63,10,7,264,0,14,0,113,3373
GUJARAT,AHWA-DANG,2010,11,1,0,2,0,0,0,2,12,0,0,0,1,11,0,0,0,2,154
GUJARAT,AMRELI,2010,19,5,3,20,130,1,18,108,376,0,46,10,6,216,0,25,0,162,2167
GUJARAT,ANAND,2010,24,8,3,30,90,7,13,101,880,0,42,21,16,328,0,27,0,190,3464
GUJARAT,BHARUCH,2010,37,15,0,18,54,8,13,119,636,0,45,13,19,297,0,18,0,2,2872
GUJARAT,BHAVNAGAR,2010,50,29,2,16,124,3,22,176,1026,0,92,45,15,507,0,32,0,177,4133
GUJARAT,CID CRIME,2010,3,0,0,2,0,0,0,0,2,0,0,14,0,0,0,0,0,0,27
GUJARAT,DAHOD,2010,39,16,8,6,108,17,44,58,364,0,54,7,12,292,0,15,0,7,1832
GUJARAT,GANDHINAGAR,2010,16,9,1,26,58,7,12,118,1048,0,38,42,5,203,1,11,0,152,5755
GUJARAT,HIMATNAGAR,2010,28,17,2,36,104,5,10,104,424,0,39,28,4,168,0,26,0,240,3713
GUJARAT,JAMNAGAR,2010,44,26,0,28,64,3,23,159,718,0,88,34,7,343,0,27,0,232,3972
GUJARAT,JUNAGADH,2010,48,19,0,38,136,3,36,185,1106,0,93,44,21,482,0,37,0,443,4690
GUJARAT,KHEDA NORTH,2010,35,10,0,32,126,9,13,70,516,0,58,28,8,277,0,28,0,200,5277
GUJARAT,KUTCH,2010,37,17,0,16,72,12,16,130,808,0,63,26,10,360,0,18,0,227,4258
GUJARAT,MEHSANA,2010,22,15,3,16,132,10,25,150,1282,0,67,23,6,1089,0,27,0,241,4602
GUJARAT,NARMADA,2010,17,2,1,14,8,0,3,8,68,0,12,8,2,112,0,8,0,5,841
GUJARAT,NAVSARI,2010,22,2,0,12,38,1,6,43,184,0,25,6,1,64,0,5,0,34,1078
GUJARAT,PALANPUR,2010,40,23,1,76,220,11,58,208,1126,0,73,35,22,551,1,59,0,293,4728
GUJARAT,PANCHMAHAL,2010,47,10,2,26,116,2,16,93,368,0,48,14,17,290,0,31,0,188,3720
GUJARAT,PATAN,2010,11,9,0,22,76,5,16,77,540,0,28,17,4,312,0,32,0,101,2438
GUJARAT,PORBANDAR,2010,9,7,0,4,24,0,2,26,98,0,9,16,3,83,1,4,0,69,875
GUJARAT,RAJKOT COMMR.,2010,38,22,1,24,78,9,34,243,2078,0,64,26,17,393,0,14,0,294,4024
GUJARAT,RAJKOT RURAL,2010,41,23,1,48,138,7,12,90,574,0,47,10,10,207,1,22,0,253,3741
GUJARAT,SURAT COMMR.,2010,87,19,1,46,164,19,80,273,3424,0,87,126,7,556,3,24,0,268,7426
GUJARAT,SURAT RURAL,2010,41,8,0,12,50,2,8,50,374,0,20,20,6,76,0,4,0,28,1698
GUJARAT,SURENDRANAGAR,2010,24,12,2,58,58,4,15,76,406,0,56,11,6,410,0,36,0,113,2871
GUJARAT,TAPI,2010,19,2,1,6,2,0,3,16,118,0,3,1,1,151,0,7,0,17,667
GUJARAT,VADODARA COMMR.,2010,23,25,1,14,72,9,19,319,3058,0,89,115,4,276,0,18,0,216,5352
GUJARAT,VADODARA RURAL,2010,66,16,4,32,110,8,14,71,424,0,37,10,18,266,0,18,0,85,2663
GUJARAT,VALSAD,2010,29,10,0,22,28,4,12,87,568,0,49,21,1,111,0,4,0,15,1821
GUJARAT,W.RLY,2010,8,2,0,0,12,3,13,10,1058,0,17,9,0,71,0,4,0,3,765
GUJARAT,TOTAL,2010,1048,462,44,816,2894,204,1384,4071,33588,0,1623,1002,260,10131,19,668,0,5600,116439
HARYANA,AMBALA,2010,35,30,1,60,66,14,18,288,1304,0,3,133,10,198,9,20,0,220,2848
HARYANA,BHIWANI,2010,61,38,1,60,104,9,43,264,1078,0,171,89,17,214,22,45,0,64,2871
HARYANA,FARIDABAD,2010,70,49,5,102,204,79,20,277,3344,0,178,154,5,191,23,27,0,224,4920
HARYANA,FATEHABAD,2010,27,33,2,42,66,10,9,119,482,0,14,37,5,119,5,13,0,79,1385
HARYANA,GRP,2010,22,4,0,2,6,2,18,1,946,0,23,7,0,9,5,8,0,0,1199
HARYANA,GURGAON,2010,84,59,3,90,116,33,119,492,6248,0,96,254,2,146,22,30,0,86,6736
HARYANA,HISSAR,2010,91,74,1,50,168,13,51,320,1658,0,78,179,43,316,13,24,0,261,3821
HARYANA,JHAJJAR,2010,51,50,5,72,84,13,37,185,1054,0,69,47,10,110,12,27,0,117,2137
HARYANA,JIND,2010,53,40,4,58,70,3,43,248,1120,0,116,49,14,148,17,27,0,88,2435
HARYANA,KAITHAL,2010,30,24,2,56,54,11,19,160,608,0,0,19,9,204,11,15,0,112,1668
HARYANA,KARNAL,2010,49,50,2,104,66,18,24,269,1672,0,53,135,7,285,21,29,0,231,3447
HARYANA,KURUKSHETRA,2010,34,21,2,72,68,5,22,237,1454,0,0,31,14,175,13,9,0,79,2536
HARYANA,MAHENDRAGARH,2010,31,19,3,56,80,9,27,121,678,0,112,23,16,133,7,25,0,86,1835
HARYANA,MEWAT,2010,26,36,3,56,72,33,17,63,814,0,130,59,1,80,5,12,0,150,1909
HARYANA,PALWAL,2010,34,44,6,82,82,22,26,66,1234,0,150,36,7,158,14,30,0,89,2306
HARYANA,PANCHKULA,2010,20,6,1,20,32,6,7,147,646,0,2,84,2,28,1,10,0,98,1328
HARYANA,PANIPAT,2010,32,31,10,110,130,19,41,176,1698,0,88,50,5,152,13,22,0,175,2809
HARYANA,REWARI,2010,29,29,0,50,66,27,63,171,1086,0,40,8,6,167,14,16,0,71,2351
HARYANA,ROHTAK,2010,72,53,6,102,64,34,34,276,1710,0,59,76,8,173,17,26,0,87,3077
HARYANA,SIRSA,2010,45,33,1,78,94,5,14,190,774,0,28,28,19,329,8,9,0,125,2007
HARYANA,SONIPAT,2010,81,66,3,54,150,19,62,215,1968,0,3,104,14,222,26,32,0,123,3475
HARYANA,YAMUNANAGAR,2010,28,47,2,64,84,11,20,160,956,0,1,60,7,176,6,20,0,155,2020
HARYANA,TOTAL,2010,1005,836,63,1440,1926,395,734,4445,32532,0,1414,1662,221,3733,284,476,0,2720,59120
HIMACHAL PRADESH,BADDIPOLICEDIST,2010,9,6,0,10,18,0,1,19,100,0,17,6,1,124,0,6,0,4,368
HIMACHAL PRADESH,BILASPUR,2010,9,10,2,30,16,0,1,28,138,0,32,14,8,46,0,37,0,32,1138
HIMACHAL PRADESH,CHAMBA,2010,5,4,1,26,44,0,0,77,96,0,26,5,6,72,1,29,0,5,663
HIMACHAL PRADESH,CID,2010,0,0,0,0,0,0,0,0,0,0,0,0,0,0,0,0,0,0,5
HIMACHAL PRADESH,G.R.P.,2010,1,0,0,0,0,0,0,0,6,0,0,1,0,1,0,0,0,0,17
HIMACHAL PRADESH,HAMIRPUR,2010,11,4,3,22,38,0,0,46,74,0,34,29,12,222,0,27,0,17,1015
HIMACHAL PRADESH,KANGRA,2010,27,12,2,44,76,1,1,143,278,0,101,81,26,240,0,60,0,53,2416
HIMACHAL PRADESH,KINNAUR,2010,4,0,0,4,4,0,0,19,6,0,33,3,1,8,0,2,0,4,197
HIMACHAL PRADESH,KULLU,2010,11,5,0,34,18,0,0,39,84,0,39,15,2,44,0,23,0,9,808
HIMACHAL PRADESH,LAHAUL-SPITI,2010,0,1,0,0,0,0,0,0,10,0,1,0,0,1,0,1,0,3,67
HIMACHAL PRADESH,MANDI,2010,11,11,0,38,38,0,2,88,158,0,88,52,22,164,0,71,0,45,1788
HIMACHAL PRADESH,SHIMLA,2010,20,6,1,42,46,0,1,121,326,0,92,31,30,47,0,27,0,29,1790
HIMACHAL PRADESH,SIRMAUR,2010,10,5,1,30,28,1,1,39,118,0,67,34,7,48,0,36,0,17,844
HIMACHAL PRADESH,SOLAN,2010,5,6,1,22,26,0,0,82,148,0,42,9,4,250,0,12,0,20,893
HIMACHAL PRADESH,UNA,2010,9,4,1,18,36,0,4,42,134,0,43,38,8,107,1,19,0,37,1040
HIMACHAL PRADESH,TOTAL,2010,132,74,12,320,388,2,11,743,1676,0,615,318,127,1374,2,350,0,275,13049
JAMMU & KASHMIR,ANANTNAG,2010,7,15,0,14,150,0,4,99,280,0,223,19,18,1,0,112,0,3,1299
JAMMU & KASHMIR,AWANTIPORA,2010,2,2,0,4,34,0,5,19,68,0,79,5,2,0,0,19,0,0,480
JAMMU & KASHMIR,BANDIPORA,2010,14,13,0,8,90,0,3,33,106,0,106,5,5,0,0,66,0,0,560
JAMMU & KASHMIR,BARAMULLA,2010,10,10,2,14,114,0,1,81,142,0,176,12,27,0,0,68,0,1,975
JAMMU & KASHMIR,BUDGAM,2010,2,25,4,14,134,0,10,91,556,0,201,18,17,1,0,93,0,0,1352
JAMMU & KASHMIR,CRIME JAMMU,2010,0,0,0,0,0,0,0,0,0,0,0,19,0,0,0,0,0,0,20
JAMMU & KASHMIR,CRIME KASHMIR,2010,0,0,0,0,0,0,0,0,0,0,0,29,0,0,0,0,0,0,32
JAMMU & KASHMIR,DODA,2010,5,32,0,42,118,0,1,49,92,0,14,11,14,15,0,27,0,21,870
JAMMU & KASHMIR,GANDERBAL,2010,4,3,0,2,30,0,0,15,64,0,66,8,3,2,0,44,0,1,365
JAMMU & KASHMIR,HANDWARA,2010,10,36,0,2,72,1,0,19,94,0,25,10,2,1,0,47,0,1,420
JAMMU & KASHMIR,JAMMU,2010,23,86,5,72,162,0,1,216,988,0,69,105,16,34,6,36,0,70,3976
JAMMU & KASHMIR,KARGIL,2010,1,0,0,0,2,0,0,11,22,0,8,1,2,0,0,0,0,0,136
JAMMU & KASHMIR,KATHUA,2010,11,20,2,34,38,0,1,49,136,0,40,17,13,17,2,26,0,5,1061
JAMMU & KASHMIR,KISHTWAR,2010,9,24,0,6,52,1,0,20,40,0,0,7,0,1,0,5,0,5,338
JAMMU & KASHMIR,KULGAM,2010,6,15,0,8,90,0,10,58,122,0,115,6,11,41,0,60,0,1,712
JAMMU & KASHMIR,KUPWARA,2010,7,25,1,6,66,0,0,53,106,0,107,10,4,4,0,21,0,1,527
JAMMU & KASHMIR,LEH,2010,1,1,0,4,8,0,0,10,10,0,8,3,0,3,0,3,0,0,158
JAMMU & KASHMIR,POONCH,2010,12,37,1,40,78,0,0,23,62,0,132,8,0,54,0,30,0,16,950
JAMMU & KASHMIR,PULWAMA,2010,4,10,2,16,66,1,4,37,160,0,172,7,8,55,0,11,0,0,617
JAMMU & KASHMIR,RAILWAYS,2010,0,0,0,0,2,0,0,1,24,0,16,0,0,0,0,0,0,0,36
JAMMU & KASHMIR,RAILWAYS,2010,1,0,1,2,0,0,0,0,16,0,0,0,0,0,0,0,0,0,21
JAMMU & KASHMIR,RAJOURI,2010,15,36,6,72,94,2,0,44,104,0,33,15,22,30,0,26,0,44,1460
JAMMU & KASHMIR,RAMBAN,2010,3,9,0,12,34,0,0,24,74,0,17,10,1,2,0,11,0,0,636
JAMMU & KASHMIR,REASI,2010,5,15,1,16,24,0,1,29,82,0,1,9,4,2,0,13,0,0,545
JAMMU & KASHMIR,SAMBA,2010,9,13,1,10,8,0,0,30,84,0,27,7,2,2,1,7,0,6,660
JAMMU & KASHMIR,SHOPIAN,2010,4,22,0,18,94,0,3,38,232,0,72,11,13,0,0,96,0,1,621
JAMMU & KASHMIR,SOPORE,2010,30,67,0,18,76,0,3,63,290,0,122,1,18,1,0,59,0,3,734
JAMMU & KASHMIR,SRINAGAR,2010,15,186,0,26,136,1,12,247,994,0,313,63,20,8,0,130,0,17,2630
JAMMU & KASHMIR,UDHAMPUR,2010,7,9,0,30,20,0,2,47,72,0,27,6,2,4,0,28,0,15,1032
JAMMU & KASHMIR,TOTAL,2010,217,711,26,490,1792,6,61,1406,5020,0,2169,422,224,278,9,1038,0,211,23223
JHARKHAND,BOKARO,2010,70,7,0,56,128,13,30,74,1308,0,128,82,0,0,26,2,0,70,2808
JHARKHAND,CHAIBASA,2010,119,47,0,96,48,12,33,14,284,0,13,28,2,7,1,7,0,7,916
JHARKHAND,CHATRA,2010,31,36,1,22,52,9,22,20,152,0,82,15,6,60,18,3,0,9,923
JHARKHAND,DEOGHAR,2010,58,17,3,66,56,21,20,126,586,0,158,22,6,331,19,7,0,21,1702
JHARKHAND,DHANBAD,2010,58,31,10,64,190,55,47,205,1794,0,209,59,6,132,31,30,0,34,3835
JHARKHAND,DHANBAD RLY.,2010,5,0,0,2,8,8,7,2,370,0,8,6,0,0,1,11,0,0,336
JHARKHAND,DUMKA,2010,57,16,4,104,76,4,8,58,506,0,62,11,7,358,6,8,0,46,1504
JHARKHAND,GARHWA,2010,61,91,0,42,54,8,40,44,138,0,163,36,18,256,10,11,0,38,1303
JHARKHAND,GIRIDIH,2010,59,55,0,74,116,33,30,73,586,0,316,42,12,135,39,9,0,63,2580
JHARKHAND,GODDA,2010,57,104,3,52,84,7,16,45,292,0,131,28,11,299,7,25,0,11,1464
JHARKHAND,GUMLA,2010,153,66,11,114,88,8,31,11,152,0,30,22,12,80,2,8,0,7,945
JHARKHAND,HAZARIBAGH,2010,69,50,5,60,106,19,41,68,428,0,232,58,9,476,27,18,0,42,2238
JHARKHAND,JAMSHEDPUR,2010,113,36,15,76,178,15,36,171,1894,0,160,102,18,749,15,9,0,55,3574
JHARKHAND,JAMSHEDPUR RLY.,2010,8,0,1,0,8,1,8,1,330,0,0,3,0,15,0,1,0,0,248
JHARKHAND,JAMTARA,2010,25,54,1,18,18,8,10,17,118,0,49,9,3,0,2,9,0,0,525
JHARKHAND,KHUNTI,2010,71,7,2,4,14,6,13,6,86,0,4,8,0,7,0,2,0,4,306
JHARKHAND,KODERMA,2010,29,44,1,30,46,7,8,21,170,0,60,52,3,144,8,6,0,21,927
JHARKHAND,LATEHAR,2010,43,32,0,32,50,11,12,17,140,0,27,15,9,35,3,0,0,8,455
JHARKHAND,LOHARDAGGA,2010,35,0,1,78,48,6,13,19,92,0,19,30,4,63,0,0,0,25,513
JHARKHAND,PAKUR,2010,32,4,6,90,34,3,8,15,158,0,77,8,6,34,1,11,0,31,731
JHARKHAND,PALAMU,2010,89,151,0,54,126,25,49,68,346,0,193,62,29,290,23,21,0,22,2101
JHARKHAND,RAMGARH,2010,40,10,3,26,46,9,15,27,210,0,54,43,5,138,5,10,0,39,932
JHARKHAND,RANCHI,2010,183,55,8,184,256,35,160,174,3366,0,198,168,10,490,22,14,0,53,5862
JHARKHAND,SAHEBGANJ,2010,71,51,3,102,66,5,11,24,204,0,57,25,1,127,4,12,0,25,907
JHARKHAND,SARAIKELA,2010,65,49,4,64,32,15,24,45,396,0,13,51,2,0,6,8,0,17,886
JHARKHAND,SIMDEGA,2010,88,15,0,36,28,11,17,12,74,0,4,3,6,45,0,3,0,2,368
JHARKHAND,TOTAL,2010,1689,1028,82,1546,1956,354,709,1357,14180,0,2447,988,185,4271,276,245,0,650,38889
KARNATAKA,BAGALKOT,2010,51,28,0,18,22,0,24,92,298,0,164,46,4,244,5,67,0,59,2189
KARNATAKA,BANGALORE COMMR.,2010,266,445,5,130,1026,312,641,1335,21136,0,349,3073,7,3153,52,308,0,398,32188
KARNATAKA,BANGALORE RURAL,2010,100,50,1,32,60,17,81,261,1372,0,240,83,0,510,8,48,0,55,4612
KARNATAKA,BELGAUM,2010,124,106,2,84,124,16,61,239,1134,0,572,243,12,1053,10,222,0,273,7463
KARNATAKA,BELLARY,2010,58,40,0,24,40,9,28,150,540,0,228,77,16,440,13,80,0,99,3414
KARNATAKA,BIDAR,2010,41,39,1,16,52,5,17,114,298,0,165,48,15,882,6,26,0,88,3599
KARNATAKA,BIJAPUR,2010,59,49,1,26,86,6,23,126,270,0,294,100,3,551,5,58,0,160,3259
KARNATAKA,CBPURA,2010,39,41,11,18,60,4,29,109,514,0,248,56,0,355,5,34,0,41,2333
KARNATAKA,CHAMARAJNAGAR,2010,31,18,0,24,12,1,7,72,268,0,124,19,0,488,3,53,0,52,1937
KARNATAKA,CHICKMAGALUR,2010,26,32,2,38,56,8,26,122,358,0,152,46,6,846,11,63,0,90,3165
KARNATAKA,CHITRADURGA,2010,40,34,3,52,78,4,40,101,550,0,388,63,17,951,7,158,0,99,4752
KARNATAKA,DAKSHIN KANNADA,2010,43,47,1,32,32,8,40,218,782,0,194,151,15,412,1,67,0,62,4196
KARNATAKA,DAVANAGERE,2010,29,25,6,32,40,5,27,127,540,0,270,59,0,393,9,91,0,120,3059
KARNATAKA,DHARWAD COMMR.,2010,17,16,0,2,40,5,62,128,696,0,86,154,9,159,0,16,0,45,2221
KARNATAKA,DHARWAD RURAL,2010,28,33,1,16,28,0,11,40,112,0,128,13,3,207,0,44,0,23,1487
KARNATAKA,GADAG,2010,27,11,0,12,16,2,6,46,124,0,96,19,1,140,1,35,0,53,1107
KARNATAKA,GULBARGA,2010,89,103,3,68,150,43,87,216,698,0,456,81,31,927,6,56,0,152,4799
KARNATAKA,HASSAN,2010,61,83,4,46,68,14,81,267,748,0,322,123,0,1432,14,134,0,180,6204
KARNATAKA,HAVERI,2010,28,23,4,12,46,3,10,64,252,0,220,46,0,303,2,65,0,65,2245
KARNATAKA,K.G.F.,2010,16,12,0,14,32,1,10,57,176,0,55,17,0,283,8,20,0,26,991
KARNATAKA,KODAGU,2010,37,30,0,40,30,3,20,116,226,0,44,31,3,769,1,57,0,61,2199
KARNATAKA,KOLAR,2010,40,54,2,24,36,4,18,73,424,0,196,20,0,261,4,29,0,12,1912
KARNATAKA,KOPPAL,2010,28,27,14,20,42,6,9,92,234,0,153,37,0,193,2,29,0,46,1951
KARNATAKA,MANDYA,2010,83,62,1,60,94,11,56,303,1128,0,384,111,44,1407,10,117,0,185,6626
KARNATAKA,MYSORE COMMR.,2010,30,51,0,14,48,12,199,203,1710,0,95,276,0,238,4,22,0,59,3407
KARNATAKA,MYSORE RURAL,2010,80,72,0,86,74,9,34,294,676,0,303,47,0,1029,13,93,0,161,4464
KARNATAKA,RAICHUR,2010,49,47,3,62,76,1,12,80,298,0,291,107,3,597,3,105,0,195,3349
KARNATAKA,RAILWAYS,2010,14,0,0,2,4,3,29,2,872,0,5,6,0,18,1,0,0,0,580
KARNATAKA,RAMANAGAR,2010,89,72,0,28,76,14,70,244,1024,0,275,57,28,531,22,53,0,76,4440
KARNATAKA,SHIMOGA,2010,34,58,2,34,62,16,44,231,806,0,495,144,21,1268,4,113,0,277,5839
KARNATAKA,TUMKUR,2010,88,57,4,50,58,18,87,255,1304,0,278,85,34,773,14,107,0,78,5101
KARNATAKA,UDUPI,2010,15,17,1,24,14,7,40,139,284,0,134,54,2,315,1,31,0,38,2699
KARNATAKA,UTTAR KANNADA,2010,22,17,22,22,26,2,17,84,200,0,104,27,7,366,0,78,0,66,2993
KARNATAKA,YADGIRI,2010,23,51,0,10,40,3,3,59,134,0,202,24,5,341,3,65,0,47,1542
KARNATAKA,TOTAL,2010,1805,1850,94,1172,2748,572,1949,6059,40186,0,7710,5543,286,21835,248,2544,0,3441,142322
KERALA,ALAPUZHA,2010,27,27,10,80,42,6,43,171,574,0,443,228,18,1234,0,176,0,259,7842
KERALA,ERNAKULAM COMMR.,2010,4,11,3,40,16,17,34,79,466,0,244,313,2,282,2,67,0,146,25735
KERALA,ERNAKULAM RURAL,2010,25,17,11,84,28,5,56,130,602,0,323,168,13,886,1,146,0,203,12225
KERALA,IDUKKI,2010,15,37,2,66,14,1,11,111,290,0,307,173,11,1319,0,177,0,208,8620
KERALA,KANNUR,2010,26,19,6,46,22,14,61,148,312,0,935,117,58,1237,0,131,0,300,5850
KERALA,KASARGOD,2010,8,9,1,46,18,2,22,106,216,0,428,118,34,807,1,93,0,194,3238
KERALA,KOLLAM,2010,40,30,8,110,72,32,37,271,800,0,894,207,23,2142,4,364,0,581,11879
KERALA,KOTTAYAM,2010,17,23,8,92,22,7,32,165,492,0,423,306,10,1708,0,236,0,257,8151
KERALA,KOZHIKODE COMMR.,2010,7,3,0,32,22,24,73,175,726,0,265,130,16,500,1,70,0,164,3938
KERALA,KOZHIKODE RURAL,2010,16,31,1,70,34,15,16,141,238,0,838,147,64,1096,1,146,0,321,7358
KERALA,MALAPPURAM,2010,14,34,5,98,42,20,41,217,612,0,705,286,14,855,0,156,0,658,9196
KERALA,PALAKKAD,2010,42,24,4,98,22,4,13,177,372,0,523,205,24,1138,4,96,0,352,10449
KERALA,PATHANAMTHITTA,2010,19,13,0,58,22,9,24,101,360,0,328,105,10,905,2,132,0,124,4971
KERALA,RAILWAYS,2010,1,0,0,0,2,15,9,2,446,0,6,1,0,41,0,12,0,0,333
KERALA,THRISSUR,2010,30,37,13,98,32,33,43,145,592,0,791,298,34,931,1,205,0,400,11420
KERALA,TRIVANDRUM COMMR.,2010,15,16,3,54,44,45,76,221,848,0,477,409,9,829,3,194,0,135,5652
KERALA,TRIVANDRUM RURAL,2010,42,26,11,136,62,43,42,246,684,0,610,280,27,1923,1,476,0,367,8696
KERALA,WAYANADU,2010,15,4,0,60,6,3,3,76,130,0,184,90,7,699,1,59,0,128,2760
KERALA,TOTAL,2010,363,361,86,1268,522,295,636,2682,8760,0,8724,3581,374,18532,22,2936,0,4797,148313
MADHYA PRADESH,ALIRAJPUR,2010,54,56,0,54,14,1,8,33,138,0,16,2,11,285,1,23,0,10,1330
MADHYA PRADESH,ANUPPUR,2010,36,7,0,70,12,1,14,76,184,0,26,19,2,255,12,74,0,54,1365
MADHYA PRADESH,ASHOK NAGAR,2010,29,29,4,90,18,2,15,99,220,0,25,23,2,942,8,103,0,59,2649
MADHYA PRADESH,BALAGHAT,2010,39,17,3,104,14,2,18,99,176,0,51,26,15,384,4,97,0,40,2637
MADHYA PRADESH,BARWANI,2010,51,21,3,64,8,2,7,55,322,0,19,15,7,258,6,56,0,6,1913
MADHYA PRADESH,BETUL,2010,58,27,0,288,50,0,16,108,378,0,3,14,11,346,24,152,0,42,3177
MADHYA PRADESH,BHIND,2010,78,78,4,60,22,9,54,94,356,0,58,20,6,1172,40,60,0,42,3211
MADHYA PRADESH,BHOPAL,2010,71,73,5,212,132,10,207,883,4976,0,104,186,14,1495,31,28,0,205,13711
MADHYA PRADESH,BHOPAL RLY.,2010,1,2,0,4,2,3,8,4,1766,0,6,3,0,3,4,10,0,0,1138
MADHYA PRADESH,BURHANPUR,2010,16,5,0,44,4,0,6,40,212,0,27,13,3,67,11,57,0,18,1263
MADHYA PRADESH,CHHATARPUR,2010,69,71,4,110,52,5,64,310,486,0,83,37,19,705,24,184,0,55,4692
MADHYA PRADESH,CHHINDWARA,2010,86,27,3,204,34,3,22,191,558,0,81,51,10,1331,8,235,0,105,5190
MADHYA PRADESH,DAMOH,2010,49,65,0,82,44,3,30,153,312,0,23,28,11,1382,25,203,0,84,3399
MADHYA PRADESH,DATIYA,2010,61,59,0,54,22,5,52,92,252,0,36,16,12,377,8,75,0,27,2530
MADHYA PRADESH,DEWAS,2010,47,67,0,178,56,4,35,176,1356,0,68,40,31,434,10,192,0,131,5692
MADHYA PRADESH,DHAR,2010,71,66,2,178,84,8,34,191,946,0,93,20,33,543,54,176,0,82,5737
MADHYA PRADESH,DINDORI,2010,20,2,3,62,4,0,4,27,60,0,8,17,2,143,4,89,0,17,994
MADHYA PRADESH,GUNA,2010,37,34,0,112,24,8,33,136,434,0,84,23,15,1051,13,150,0,47,3459
MADHYA PRADESH,GWALIOR,2010,99,176,26,142,204,17,190,1105,4088,0,173,156,23,1195,52,180,0,248,11337
MADHYA PRADESH,HARDA,2010,25,17,0,80,18,0,3,84,226,0,17,13,4,596,3,54,0,17,1362
MADHYA PRADESH,HOSHANGABAD,2010,52,39,3,146,76,4,46,216,736,0,49,50,16,524,20,140,0,111,4284
MADHYA PRADESH,INDORE,2010,108,149,4,208,112,20,238,836,7686,0,108,174,41,3468,38,338,0,352,18473
MADHYA PRADESH,INDORE RLY.,2010,1,1,1,0,2,0,5,3,328,0,1,1,0,2,0,2,0,0,275
MADHYA PRADESH,JABALPUR,2010,81,95,0,260,68,12,73,349,1532,0,83,89,8,1432,56,189,0,185,9973
MADHYA PRADESH,JABALPUR RLY.,2010,0,2,0,10,2,1,4,4,790,0,2,0,0,6,0,1,0,0,496
MADHYA PRADESH,JHABUA,2010,26,26,0,70,28,4,25,74,248,0,22,2,20,823,1,45,0,5,1939
MADHYA PRADESH,KATNI,2010,37,34,4,138,32,0,14,148,340,0,26,39,11,1023,13,144,0,77,3220
MADHYA PRADESH,KHANDWA,2010,38,33,1,92,30,2,11,186,426,0,38,14,15,60,9,154,0,39,3111
MADHYA PRADESH,KHARGON,2010,49,40,5,142,28,1,11,133,778,0,31,21,7,272,31,162,0,35,4121
MADHYA PRADESH,MANDLA,2010,33,13,5,112,14,0,3,70,78,0,17,21,8,317,5,68,0,17,1824
MADHYA PRADESH,MANDSAUR,2010,25,31,0,116,48,3,32,113,550,0,32,30,11,129,4,108,0,59,3203
MADHYA PRADESH,MORENA,2010,57,94,2,80,40,21,27,140,688,0,128,31,7,1879,32,80,0,75,4912
MADHYA PRADESH,NARSINGHPUR,2010,45,36,6,130,12,2,18,117,280,0,60,16,14,1328,21,135,0,63,3135
MADHYA PRADESH,NEEMUCH,2010,20,18,0,24,28,0,22,153,412,0,47,22,11,326,3,48,0,47,2046
MADHYA PRADESH,PANNA,2010,25,21,3,94,22,4,27,142,230,0,3,34,6,316,16,87,0,47,2077
MADHYA PRADESH,RAISEN,2010,54,44,0,172,68,3,15,97,520,0,56,4,5,1839,16,210,0,65,4461
MADHYA PRADESH,RAJGARH,2010,36,28,2,146,68,2,37,146,554,0,68,19,51,398,14,179,0,30,4430
MADHYA PRADESH,RATLAM,2010,53,49,1,176,48,3,30,121,690,0,64,51,26,1182,16,145,0,94,4245
MADHYA PRADESH,REWA,2010,51,44,0,162,90,5,50,347,904,0,56,38,27,763,37,140,0,124,5562
MADHYA PRADESH,SAGAR,2010,90,123,1,240,134,6,54,382,1066,0,108,43,28,2721,35,385,0,133,8518
MADHYA PRADESH,SATNA,2010,73,49,4,178,54,6,45,321,840,0,42,27,17,984,26,199,0,119,5373
MADHYA PRADESH,SEONI,2010,39,20,4,142,42,1,14,135,294,0,37,51,5,311,18,92,0,38,2906
MADHYA PRADESH,SHAHDOL,2010,34,17,0,122,32,1,21,173,322,0,20,24,12,235,12,123,0,63,2937
MADHYA PRADESH,SHAJAPUR,2010,38,34,1,112,38,7,27,153,780,0,46,11,18,983,11,117,0,33,3225
MADHYA PRADESH,SHEOPUR,2010,17,13,0,22,20,2,7,40,98,0,56,9,2,319,3,35,0,23,1214
MADHYA PRADESH,SHIVPURI,2010,56,30,8,146,56,16,39,114,430,0,69,23,20,1180,7,131,0,32,4357
MADHYA PRADESH,SIDHI,2010,32,20,0,88,58,0,18,170,266,0,19,15,20,337,26,104,0,36,2603
MADHYA PRADESH,SIHORE,2010,45,48,1,140,64,3,16,129,564,0,40,38,23,380,10,135,0,89,3986
MADHYA PRADESH,SINGRAULI,2010,32,20,4,92,48,0,12,120,296,0,25,12,6,323,15,119,0,85,2156
MADHYA PRADESH,TIKAMGARH,2010,34,25,2,156,38,6,25,131,344,0,45,27,12,937,15,143,0,59,3718
MADHYA PRADESH,UJJAIN,2010,77,120,1,154,108,1,92,409,1934,0,129,61,33,574,20,179,0,193,8708
MADHYA PRADESH,UMARIYA,2010,14,4,0,46,4,0,8,47,80,0,13,11,9,81,3,72,0,25,1238
MADHYA PRADESH,VIDISHA,2010,54,58,3,162,44,1,33,222,624,0,65,49,28,777,17,239,0,114,4757
MADHYA PRADESH,TOTAL,2010,2423,2277,123,6270,2374,220,1919,9897,43154,0,2606,1779,748,39193,892,6646,0,3756,214269
MAHARASHTRA,AHMEDNAGAR,2010,122,75,1,114,116,66,155,579,3034,0,570,254,46,718,10,115,0,604,7215
MAHARASHTRA,AKOLA,2010,46,66,3,50,50,13,83,283,2106,0,172,113,45,815,12,100,0,149,4472
MAHARASHTRA,AMRAVATI COMMR.,2010,11,30,4,40,62,11,54,232,1976,0,55,63,16,456,3,52,0,96,3079
MAHARASHTRA,AMRAVATI RURAL,2010,64,37,1,80,62,12,25,248,1700,0,118,55,68,1046,2,179,0,135,4574
MAHARASHTRA,AURANGABAD COMMR.,2010,38,86,1,46,80,25,122,347,2024,0,138,207,15,467,10,52,0,157,3953
MAHARASHTRA,AURANGABAD RURAL,2010,49,33,4,32,32,21,30,225,1064,0,240,81,30,607,21,56,0,303,3223
MAHARASHTRA,BEED,2010,86,74,6,56,88,42,71,298,1046,0,297,95,39,879,11,87,0,360,4049
MAHARASHTRA,BHANDARA,2010,24,7,4,48,30,1,17,208,896,0,49,28,18,309,3,42,0,61,2242
MAHARASHTRA,BULDHANA,2010,59,48,4,58,42,11,36,174,1284,0,255,77,70,751,34,131,0,185,3972
MAHARASHTRA,CHANDRAPUR,2010,56,29,3,86,42,5,24,264,1322,0,104,76,45,639,7,117,0,147,4006
MAHARASHTRA,DHULE,2010,48,54,1,36,24,26,42,197,796,0,198,77,16,400,6,28,0,234,2974
MAHARASHTRA,GADCHIROLI,2010,58,30,1,32,22,7,11,93,248,0,21,14,46,202,0,28,0,20,1082
MAHARASHTRA,GONDIA,2010,29,15,4,56,36,3,20,191,646,0,48,35,22,361,3,80,0,41,1982
MAHARASHTRA,HINGOLI,2010,38,36,0,28,12,10,40,93,360,0,142,60,30,417,1,33,0,115,1865
MAHARASHTRA,JALGAON,2010,94,71,4,98,82,41,62,281,1758,0,320,198,40,838,11,143,0,425,5408
MAHARASHTRA,JALNA,2010,51,43,3,22,26,19,71,213,838,0,219,103,20,582,40,81,0,315,2960
MAHARASHTRA,KOLHAPUR,2010,52,30,1,54,44,15,45,229,1400,0,218,267,16,462,18,71,0,96,3727
MAHARASHTRA,LATUR,2010,65,41,0,56,62,24,57,226,888,0,242,87,33,703,3,85,0,229,3513
MAHARASHTRA,MUMBAI COMMR.,2010,228,170,7,388,388,77,410,3059,26390,0,391,2211,22,4487,21,475,0,312,33932
MAHARASHTRA,MUMBAI RLY.,2010,6,7,2,4,8,4,55,2,4074,0,8,42,0,46,0,15,0,0,2322
MAHARASHTRA,NAGPUR COMMR.,2010,88,69,5,116,114,26,259,599,3464,0,183,264,20,842,8,87,0,175,7728
MAHARASHTRA,NAGPUR RLY.,2010,10,3,0,2,6,9,43,2,1884,0,10,3,1,25,0,8,0,0,1135
MAHARASHTRA,NAGPUR RURAL,2010,86,29,3,78,60,15,57,236,1468,0,94,41,50,596,8,78,0,56,3922
MAHARASHTRA,NANDED,2010,82,67,3,72,104,27,99,416,1032,0,309,178,50,1181,68,85,0,315,5312
MAHARASHTRA,NANDURBAR,2010,43,14,3,40,28,12,7,82,322,0,123,41,9,283,2,32,0,88,1542
MAHARASHTRA,NASIK COMMR.,2010,37,32,1,60,54,37,117,528,3764,0,146,187,17,268,2,46,0,124,4484
MAHARASHTRA,NASIK RURAL,2010,91,49,3,106,56,50,45,226,1394,0,368,126,14,729,6,79,0,344,5011
MAHARASHTRA,NAVI MUMBAI,2010,57,27,3,54,46,22,136,700,4080,0,135,452,6,462,3,36,0,89,5873
MAHARASHTRA,OSMANABAD,2010,44,31,1,56,58,22,33,167,696,0,167,176,25,535,2,74,0,161,2831
MAHARASHTRA,PARBHANI,2010,41,49,4,40,72,15,60,318,832,0,183,84,34,1068,5,54,0,209,3043
MAHARASHTRA,PUNE COMMR.,2010,129,94,6,182,258,61,452,1250,9348,0,393,663,17,1169,4,78,0,214,13602
MAHARASHTRA,PUNE RLY.,2010,0,1,0,0,4,9,7,0,750,0,2,3,0,6,0,1,0,0,439
MAHARASHTRA,PUNE RURAL,2010,141,81,15,144,96,72,145,642,3230,0,437,255,29,836,15,136,0,200,7741
MAHARASHTRA,RAIGAD,2010,44,22,5,30,22,17,17,127,568,0,86,113,11,222,0,39,0,49,2006
MAHARASHTRA,RATNAGIRI,2010,23,10,1,56,18,5,16,148,454,0,123,74,13,171,0,37,0,33,1604
MAHARASHTRA,SANGLI,2010,61,33,5,98,52,9,35,239,968,0,155,196,29,449,18,67,0,84,2922
MAHARASHTRA,SATARA,2010,43,59,2,54,84,31,76,412,1738,0,247,177,21,472,0,82,0,170,4349
MAHARASHTRA,SINDHUDURG,2010,14,7,1,18,10,0,6,95,276,0,39,47,14,118,0,10,0,11,815
MAHARASHTRA,SOLAPUR COMMR.,2010,20,16,4,24,28,12,47,143,754,0,65,78,4,155,2,22,0,78,1623
MAHARASHTRA,SOLAPUR RURAL,2010,75,40,6,126,74,47,79,370,1316,0,330,164,44,741,5,97,0,205,4751
MAHARASHTRA,THANE COMMR.,2010,107,72,3,186,186,52,172,1080,6346,0,285,794,22,1322,9,152,0,365,9943
MAHARASHTRA,THANE RURAL,2010,135,46,12,94,88,58,231,757,2484,0,373,299,29,817,6,95,0,120,6213
MAHARASHTRA,WARDHA,2010,41,29,5,88,52,9,46,237,1562,0,115,43,62,744,2,119,0,93,3882
MAHARASHTRA,WASHIM,2010,40,21,2,24,34,8,28,121,754,0,100,33,31,385,5,56,0,102,2070
MAHARASHTRA,YAVATMAL,2010,68,43,5,66,104,5,78,280,1796,0,139,50,40,915,7,121,0,165,4777
MAHARASHTRA,TOTAL,2010,2744,1926,152,3198,3016,1063,3721,16617,105130,0,8412,8684,1229,29696,393,3661,0,7434,208168
MANIPUR,BISHNUPUR,2010,14,28,0,12,40,12,1,9,56,0,6,9,10,39,0,7,0,4,320
MANIPUR,CHANDEL,2010,3,5,0,0,2,15,0,1,2,0,1,0,10,4,0,0,0,0,59
MANIPUR,CHURACHANDPUR,2010,12,3,0,2,8,8,0,3,24,0,5,2,2,3,0,0,0,0,90
MANIPUR,CID,2010,0,0,0,0,0,0,0,0,0,0,0,2,0,0,0,0,0,0,2
MANIPUR,IMPHAL EAST,2010,19,51,0,12,86,67,0,8,128,0,8,6,10,46,0,4,0,3,476
MANIPUR,IMPHAL WEST,2010,18,114,0,20,142,42,0,28,464,0,25,30,7,71,0,12,0,3,1067
MANIPUR,SENAPATI,2010,5,8,0,2,44,23,0,4,56,0,6,2,17,2,0,0,0,0,177
MANIPUR,TAMENGLONG,2010,0,1,0,0,2,6,0,0,12,0,3,0,9,2,0,0,0,0,47
MANIPUR,THOUBAL,2010,18,43,1,18,74,13,0,13,86,0,10,8,4,57,0,8,0,8,414
MANIPUR,UKHRUL,2010,3,5,0,2,0,10,1,0,6,0,1,0,17,3,0,0,0,0,63
MANIPUR,TOTAL,2010,92,258,1,68,398,196,2,66,834,0,65,59,86,227,0,31,0,18,2715
MEGHALAYA,GARO HILLS EAST,2010,11,8,0,10,10,14,6,14,66,0,0,1,8,4,0,3,0,0,151
MEGHALAYA,GARO HILLS SOUTH,2010,8,3,0,8,10,2,1,4,16,0,0,1,2,3,0,0,0,1,59
MEGHALAYA,GARO HILLS WEST,2010,20,11,2,30,48,5,6,25,372,0,6,25,4,34,0,18,0,5,556
MEGHALAYA,JAINTIA HILLS,2010,48,5,0,66,16,4,8,14,142,0,0,17,4,46,0,1,0,0,383
MEGHALAYA,KHASI HILLS EAST,2010,24,17,2,82,32,4,32,94,544,0,0,41,16,28,0,10,0,17,849
MEGHALAYA,KHASI HILLS WEST,2010,11,13,4,56,12,8,7,15,82,0,0,4,8,13,0,10,0,0,243
MEGHALAYA,RI-BHOI,2010,12,3,0,46,14,6,7,0,106,0,1,9,10,26,0,6,0,1,264
MEGHALAYA,TOTAL,2010,134,60,8,298,142,43,67,166,1328,0,7,98,52,154,0,48,0,24,2505
MIZORAM,AIZAWL,2010,23,10,4,68,6,1,7,227,906,0,0,47,3,46,0,42,0,2,1110
MIZORAM,CHAMPHAI,2010,5,4,1,40,0,0,0,45,178,0,0,3,1,10,0,5,0,0,210
MIZORAM,KOLASIB,2010,5,2,0,16,4,0,0,32,130,0,0,4,3,13,0,3,0,0,182
MIZORAM,LAWNGTLAI,2010,7,1,0,12,2,0,3,23,90,0,0,13,0,3,0,2,0,0,156
MIZORAM,LUNGLEI,2010,3,4,2,18,0,0,4,60,212,0,0,4,2,11,0,10,0,0,244
MIZORAM,MAMIT,2010,3,4,0,12,2,2,2,23,34,0,0,2,4,17,0,6,0,0,107
MIZORAM,SAIHA,2010,2,1,0,6,4,0,0,10,52,0,0,4,0,11,0,1,0,0,88
MIZORAM,SERCHHIP,2010,0,1,0,12,0,0,0,5,44,0,0,2,2,5,0,6,0,1,77
MIZORAM,TOTAL,2010,48,27,7,184,18,3,16,425,1646,0,0,79,15,116,0,75,0,3,2174
NAGALAND,DIMAPUR,2010,20,6,3,8,82,2,15,29,424,0,1,14,0,11,0,8,0,1,511
NAGALAND,KIPHIRE,2010,2,2,0,0,0,0,5,0,10,0,0,1,0,0,0,0,0,0,26
NAGALAND,KOHIMA,2010,7,6,6,6,12,0,10,9,156,0,0,11,0,4,0,1,0,0,189
NAGALAND,LONGLENG,2010,0,2,0,0,0,0,0,0,2,0,0,0,0,0,0,0,0,0,12
NAGALAND,MOKOKCHUNG,2010,2,4,1,4,2,0,10,3,38,0,0,5,0,7,0,1,0,0,82
NAGALAND,MON,2010,0,0,0,0,0,0,3,0,20,0,0,0,0,0,0,0,0,0,13
NAGALAND,PEREN,2010,1,1,0,0,0,0,1,1,18,0,0,1,0,4,0,0,0,0,20
NAGALAND,PHEK,2010,4,1,1,2,2,0,3,4,20,0,0,1,1,6,0,1,0,0,45
NAGALAND,TUENSANG,2010,1,2,1,2,0,0,1,1,24,0,0,2,0,0,0,2,0,0,36
NAGALAND,WOKHA,2010,4,6,0,4,2,1,5,1,36,0,1,2,0,2,0,0,0,0,47
NAGALAND,ZUNHEBOTO,2010,4,5,1,6,0,0,10,14,46,0,0,2,0,2,0,0,0,0,78
NAGALAND,TOTAL,2010,45,35,13,32,100,3,63,62,794,0,2,39,1,36,0,13,0,1,1059
ODISHA,ANGUL,2010,61,59,0,78,84,22,73,143,614,0,104,65,13,28,13,253,0,68,2901
ODISHA,BALASORE,2010,53,40,0,96,150,17,46,166,642,0,40,96,28,1363,40,188,0,211,3330
ODISHA,BARAGARH,2010,36,89,2,72,54,12,51,74,380,0,123,21,13,57,9,69,0,171,1627
ODISHA,BERHAMPUR,2010,20,83,0,22,32,24,59,73,356,0,45,40,11,244,4,125,0,12,1251
ODISHA,BHADRAK,2010,32,37,0,66,104,1,20,48,268,0,33,38,19,29,18,99,0,151,2005
ODISHA,BOLANGIR,2010,34,119,0,96,38,8,36,110,304,0,95,42,17,12,4,188,0,112,2021
ODISHA,BOUDH,2010,11,14,0,14,14,2,7,17,38,0,19,3,8,60,2,35,0,21,360
ODISHA,CUTTACK,2010,30,14,0,52,52,12,47,100,360,0,30,27,16,233,22,26,0,107,2340
ODISHA,DCP BBSR,2010,44,56,2,86,82,21,55,271,2292,0,56,90,10,712,18,45,0,41,4096
ODISHA,DCP CTC,2010,19,12,6,34,62,15,64,116,1034,0,26,44,5,26,4,18,0,84,2226
ODISHA,DEOGARH,2010,18,12,0,22,8,9,6,10,46,0,7,12,2,182,0,57,0,17,533
ODISHA,DHENKANAL,2010,39,67,0,38,72,13,54,96,454,0,117,35,20,28,7,252,0,25,1786
ODISHA,GAJAPATI,2010,12,12,0,12,34,1,2,10,46,0,52,13,21,28,0,37,0,16,388
ODISHA,GANJAM,2010,87,198,0,96,94,39,66,109,302,0,96,38,29,197,25,296,0,0,1882
ODISHA,JAGATSINGHPUR,2010,31,12,0,48,78,8,46,72,384,0,26,37,14,115,15,10,0,76,1617
ODISHA,JAJPUR,2010,45,32,0,60,76,15,48,117,574,0,42,39,14,934,30,64,0,80,2166
ODISHA,JHARSUGUDA,2010,22,32,0,20,8,7,54,119,544,0,54,13,10,251,4,47,0,27,1325
ODISHA,KALAHANDI,2010,33,21,0,120,70,6,39,56,164,0,67,76,11,351,16,118,0,91,1564
ODISHA,KANDHAMAL,2010,29,13,0,54,60,3,17,37,106,0,13,34,9,201,3,84,0,26,742
ODISHA,KENDRAPARA,2010,50,38,3,76,72,18,46,99,270,0,29,20,18,53,39,8,0,22,1392
ODISHA,KEONJHAR,2010,85,62,13,90,74,37,86,81,666,0,72,31,21,158,18,107,0,85,2366
ODISHA,KHURDA,2010,16,18,0,82,78,13,49,64,274,0,19,23,7,0,8,19,0,109,1521
ODISHA,KORAPUT,2010,26,44,4,82,46,17,29,60,140,0,83,15,13,15,0,122,0,42,1302
ODISHA,MALKANGIR,2010,36,35,0,28,20,8,5,16,60,0,59,4,19,4,0,22,0,13,358
ODISHA,MAYURBHANJ,2010,88,62,0,152,146,12,25,123,504,0,26,36,18,92,27,189,0,146,2223
ODISHA,NAYAGARH,2010,39,8,0,40,48,2,35,60,434,0,46,26,5,388,16,12,0,14,1243
ODISHA,NOWRANGPUR,2010,28,12,0,96,66,3,11,54,136,0,42,16,1,174,2,93,0,39,975
ODISHA,NUAPADA,2010,12,9,0,26,22,2,11,31,128,0,23,14,10,30,0,44,0,9,711
ODISHA,PURI,2010,52,85,0,44,94,29,143,157,604,0,94,61,15,53,26,16,0,86,2738
ODISHA,RAYAGADA,2010,33,15,0,56,66,7,23,36,152,0,39,18,4,43,7,79,0,27,829
ODISHA,ROURKELA,2010,72,37,0,52,38,36,49,82,486,0,46,27,8,218,3,71,0,64,1616
ODISHA,SAMBALPUR,2010,45,40,0,54,34,23,96,150,646,0,84,31,6,275,2,34,0,52,2271
ODISHA,SONEPUR,2010,8,21,0,34,10,5,14,28,104,0,32,12,8,176,3,43,0,12,578
ODISHA,SRP(CUTTACK),2010,3,1,0,0,4,2,10,6,796,0,1,3,0,36,0,8,0,0,530
ODISHA,SRP(ROURKELA),2010,5,3,0,4,4,2,17,13,556,0,1,0,0,0,1,8,0,1,468
ODISHA,SUNDARGARH,2010,54,24,1,48,38,12,52,51,280,0,38,8,7,415,2,19,0,10,1178
ODISHA,TOTAL,2010,1308,1436,31,2050,2032,463,1491,2855,15144,0,1779,1108,430,7181,388,2905,0,2067,56459
PUNJAB,AMRITSAR RURAL,2010,43,37,5,32,58,7,6,87,172,0,0,142,6,208,2,13,0,53,1194
PUNJAB,BARNALA,2010,19,35,4,24,18,1,3,41,172,0,0,46,3,96,1,7,0,15,739
PUNJAB,BATALA,2010,20,23,2,52,52,2,3,73,258,0,0,70,6,158,4,16,0,31,909
PUNJAB,BHATINDA,2010,58,65,3,58,80,7,6,205,688,0,0,195,7,242,3,36,0,31,1872
PUNJAB,CP AMRITSAR,2010,53,71,7,48,102,21,9,83,514,0,0,275,4,152,10,10,0,87,1833
PUNJAB,CP JALANDHAR,2010,29,51,8,44,114,15,19,176,990,0,0,271,6,205,5,27,0,82,2126
PUNJAB,CP LUDHIANA,2010,90,92,14,110,304,13,31,229,1776,0,0,417,6,248,9,29,0,119,3922
PUNJAB,FARIDKOT,2010,21,26,1,20,14,5,0,79,224,0,0,62,2,210,3,2,0,32,847
PUNJAB,FATEHGARH SAHIB,2010,16,7,2,22,32,4,7,52,232,0,0,102,0,174,1,6,0,19,939
PUNJAB,FEROZPUR,2010,59,54,3,78,70,5,6,123,428,0,0,213,7,366,10,9,0,52,1842
PUNJAB,G.R.P,2010,9,2,3,0,4,1,0,0,94,0,0,3,0,7,1,0,0,0,390
PUNJAB,GURDASPUR,2010,22,30,13,60,82,3,2,63,196,0,0,67,1,130,11,19,0,42,1217
PUNJAB,HOSHIARPUR,2010,51,53,2,52,76,8,18,154,380,0,0,157,8,309,5,17,0,74,1688
PUNJAB,JALANDHAR RURAL,2010,46,73,6,78,66,20,39,165,488,0,0,121,13,323,4,24,0,62,1809
PUNJAB,KAPURTHALA,2010,27,54,3,24,50,13,21,72,300,0,0,114,7,244,2,14,0,31,1159
PUNJAB,KHANNA,2010,21,14,3,14,30,7,10,57,236,0,0,134,0,139,4,5,0,43,1035
PUNJAB,LUDHIANA RURAL,2010,20,26,6,22,22,5,2,43,198,0,0,115,0,76,0,4,0,36,836
PUNJAB,MANSA,2010,35,40,1,44,26,3,2,64,128,0,0,92,1,129,7,2,0,23,794
PUNJAB,MOGA,2010,34,47,5,36,44,9,4,125,424,0,0,105,5,235,3,10,0,22,1227
PUNJAB,MUKTSAR,2010,27,26,3,24,30,6,2,90,314,0,0,59,2,163,3,5,0,23,894
PUNJAB,PATIALA,2010,52,42,6,52,74,26,8,162,792,0,0,252,4,320,9,35,0,139,3001
PUNJAB,ROPAR,2010,27,17,2,28,36,0,2,73,304,0,0,88,3,110,2,14,0,20,1099
PUNJAB,SANGRUR,2010,45,47,8,62,38,12,2,164,504,0,0,130,8,201,8,18,0,51,1953
PUNJAB,SAS NGR,2010,19,22,3,34,70,3,7,148,692,0,0,144,0,142,3,18,0,42,1747
PUNJAB,SBS NAGAR,2010,22,17,4,34,32,5,26,68,202,0,0,54,2,139,6,5,0,18,718
PUNJAB,TARN TARAN,2010,42,23,3,40,54,7,6,65,186,0,0,99,0,147,5,4,0,16,858
PUNJAB,TOTAL,2010,907,994,120,1092,1578,208,241,2661,10892,0,0,3527,101,4873,121,349,0,1163,36648
RAJASTHAN,AJMER,2010,46,43,15,94,210,2,14,159,1312,0,27,874,9,123,12,81,0,615,6112
RAJASTHAN,ALWAR,2010,62,51,6,210,328,26,38,236,4256,0,14,912,23,2598,42,122,0,588,9886
RAJASTHAN,BANSWARA,2010,34,15,0,122,114,2,7,44,240,0,58,95,22,593,8,47,0,151,2241
RAJASTHAN,BARAN,2010,31,51,8,96,144,2,6,74,434,0,5,225,6,335,9,129,0,267,3048
RAJASTHAN,BARMER,2010,26,27,1,68,66,0,4,91,618,0,2,266,14,435,18,71,0,194,3148
RAJASTHAN,BHARATPUR,2010,83,86,1,166,406,1,34,60,2898,0,2,626,14,232,33,38,0,437,8425
RAJASTHAN,BHILWARA,2010,32,29,2,96,286,1,34,222,1562,0,54,548,25,69,3,74,0,593,5268
RAJASTHAN,BIKANER,2010,39,65,7,82,86,0,5,124,688,0,0,426,13,389,18,58,0,354,3683
RAJASTHAN,BUNDI,2010,23,50,6,62,186,0,15,91,480,0,10,197,5,764,3,113,0,285,3286
RAJASTHAN,CHITTORGARH,2010,29,43,2,84,222,10,40,179,1030,0,42,320,19,980,6,76,0,516,4755
RAJASTHAN,CHURU,2010,39,35,0,98,78,1,4,88,446,0,0,427,8,473,22,10,0,301,3153
RAJASTHAN,DAUSA,2010,41,31,3,48,194,4,14,80,1788,0,28,268,13,134,18,18,0,162,5136
RAJASTHAN,DHOLPUR,2010,51,69,0,44,154,5,30,50,1180,0,4,157,10,1637,28,18,0,186,4311
RAJASTHAN,DUNGARPUR,2010,18,16,0,52,104,1,17,39,176,0,75,58,22,134,5,56,0,100,1875
RAJASTHAN,G.R.P. AJMER,2010,6,3,0,0,2,1,5,2,772,0,2,3,0,0,3,1,0,0,617
RAJASTHAN,G.R.P. JODHPUR,2010,2,1,0,4,0,0,2,0,182,0,3,0,0,1,0,1,0,0,149
RAJASTHAN,GANGANAGAR,2010,60,59,2,144,204,1,10,149,722,0,1,842,7,734,18,74,0,659,5241
RAJASTHAN,HANUMANGARH,2010,53,66,1,112,100,0,10,65,376,0,0,621,10,312,15,98,0,427,3763
RAJASTHAN,JAIPUR EAST,2010,25,19,6,56,158,5,113,354,4926,0,86,873,1,21,10,42,0,231,6673
RAJASTHAN,JAIPUR NORTH,2010,22,25,0,50,134,4,33,116,1628,0,23,793,2,317,13,40,0,234,3921
RAJASTHAN,JAIPUR RURAL,2010,61,34,4,54,218,7,23,263,1940,0,50,805,13,496,13,63,0,253,8107
RAJASTHAN,JAIPUR SOUTH,2010,18,24,1,36,122,5,107,304,3096,0,29,1480,2,259,7,33,0,255,6123
RAJASTHAN,JAISALMER,2010,7,2,0,6,22,0,3,77,270,0,15,77,6,162,5,25,0,29,1124
RAJASTHAN,JALORE,2010,21,10,0,26,76,0,4,74,370,0,13,136,5,14,14,36,0,122,2506
RAJASTHAN,JHALAWAR,2010,44,67,5,124,124,8,25,91,884,0,28,158,42,942,6,187,0,303,3981
RAJASTHAN,JHUNJHUNU,2010,49,38,2,98,126,0,10,102,640,0,19,437,9,891,15,45,0,251,3661
RAJASTHAN,JODHPUR CITY,2010,27,54,3,54,106,0,9,119,1454,0,1,519,3,472,13,31,0,247,3608
RAJASTHAN,JODHPUR RURAL,2010,33,23,0,34,98,1,7,126,532,0,4,208,11,954,11,29,0,132,2987
RAJASTHAN,KARAULI,2010,35,49,2,84,182,2,28,34,1410,0,8,237,14,2,12,24,0,157,4461
RAJASTHAN,KOTA CITY,2010,35,114,4,66,160,22,49,104,1610,0,2,493,4,146,2,50,0,369,4078
RAJASTHAN,KOTA RURAL,2010,18,26,1,72,82,1,6,46,328,0,2,172,6,185,2,67,0,199,2200
RAJASTHAN,NAGAUR,2010,54,31,1,120,138,0,12,158,906,0,0,451,14,53,22,86,0,348,4211
RAJASTHAN,PALI,2010,41,34,3,106,204,0,14,153,726,0,3,393,8,45,9,75,0,442,5161
RAJASTHAN,PRATAPGARH,2010,35,27,0,112,134,1,13,50,174,0,47,88,19,533,7,69,0,173,1969
RAJASTHAN,RAJSAMAND,2010,14,13,2,28,62,1,15,78,356,0,19,216,8,578,4,41,0,233,2380
RAJASTHAN,SAWAI MADHOPUR,2010,23,27,3,32,172,1,13,90,912,0,7,209,8,0,0,26,0,179,3510
RAJASTHAN,SIKAR,2010,58,35,0,104,228,0,12,173,956,0,29,660,24,250,12,11,0,313,5029
RAJASTHAN,SIROHI,2010,28,37,7,40,68,0,5,82,272,0,22,180,7,403,6,63,0,175,1910
RAJASTHAN,TONK,2010,21,21,1,36,100,1,2,64,510,0,37,299,0,737,4,19,0,338,3158
RAJASTHAN,UDAIPUR,2010,77,107,5,222,372,5,80,303,1588,0,215,835,52,1844,14,192,0,327,8102
RAJASTHAN,TOTAL,2010,1421,1557,104,3142,5970,121,872,4714,44648,0,986,16584,478,19247,462,2339,0,11145,162957
SIKKIM,EAST,2010,6,3,1,10,8,0,5,40,66,0,1,11,2,24,0,1,0,0,228
SIKKIM,NORTH,2010,2,0,0,0,0,0,0,1,6,0,1,1,0,5,0,0,0,0,48
SIKKIM,SOUTH,2010,7,3,1,18,2,0,2,25,28,0,1,5,4,36,0,5,0,2,158
SIKKIM,WEST,2010,2,0,0,8,2,1,0,6,6,0,1,3,1,8,1,5,0,1,118
SIKKIM,TOTAL,2010,17,6,2,36,12,1,7,72,106,0,4,20,7,73,1,11,0,3,552
TAMIL NADU,ARIYALUR,2010,27,38,0,40,52,0,9,46,152,0,19,6,1,213,1,64,0,10,1977
TAMIL NADU,CHENNAI,2010,103,158,2,94,94,4,74,383,3080,0,60,524,1,773,16,45,0,125,10869
TAMIL NADU,CHENNAI RLY.,2010,0,7,0,0,0,1,58,0,464,0,14,10,0,45,2,2,0,0,647
TAMIL NADU,CHENNAISUBURBAN,2010,86,137,1,58,60,2,102,374,1500,0,85,236,10,797,18,61,0,57,8670
TAMIL NADU,COIMBATORE RURAL,2010,41,50,0,26,124,11,78,188,850,0,83,51,13,440,1,39,0,40,4806
TAMIL NADU,COIMBATORE URBAN,2010,22,27,0,30,44,1,25,142,2168,0,23,148,8,357,1,35,0,45,4180
TAMIL NADU,CUDDALORE,2010,58,115,0,54,78,1,16,68,482,0,149,42,21,593,8,8,0,38,6179
TAMIL NADU,DHARMAPURI,2010,59,27,4,30,94,2,25,65,322,0,107,24,32,975,6,42,0,49,3761
TAMIL NADU,DINDIGUL,2010,57,91,0,18,86,4,29,80,820,0,81,128,23,520,1,43,0,107,5299
TAMIL NADU,ERODE,2010,57,32,1,30,128,4,73,136,922,0,39,77,5,581,2,43,0,26,6702
TAMIL NADU,KANCHIPURAM,2010,57,53,0,34,18,2,21,74,570,0,102,67,6,411,1,23,0,13,5757
TAMIL NADU,KANYAKUMARI,2010,42,100,1,24,114,3,90,216,636,0,0,124,25,756,2,10,0,93,4752
TAMIL NADU,KARUR,2010,19,51,0,20,108,1,34,54,482,0,23,19,3,272,4,28,0,10,2974
TAMIL NADU,KRISHNAGIRI,2010,58,24,0,40,128,2,14,116,442,0,120,71,20,639,5,27,0,42,4580
TAMIL NADU,MADURAI RURAL,2010,59,78,1,34,116,2,95,160,696,0,168,123,17,586,14,62,0,77,5348
TAMIL NADU,MADURAI URBAN,2010,34,50,0,6,30,0,77,65,1000,0,17,124,0,130,11,12,0,69,2672
TAMIL NADU,NAGAPATTINAM,2010,50,55,0,18,76,0,18,64,346,0,39,23,30,439,1,57,0,3,4027
TAMIL NADU,NAMAKKAL,2010,50,21,0,20,96,7,14,70,510,0,70,80,20,637,2,52,0,12,4690
TAMIL NADU,NILGIRIS,2010,11,16,0,14,16,0,9,81,122,0,18,18,6,202,0,10,0,2,1320
TAMIL NADU,PERAMBALUR,2010,13,30,1,10,20,2,25,29,186,0,7,48,1,88,0,16,0,3,1536
TAMIL NADU,PUDUKOTTAI,2010,45,101,2,14,108,3,55,93,500,0,45,48,24,390,5,42,0,14,4808
TAMIL NADU,RAMNATHAPURAM,2010,33,49,2,32,122,1,26,83,362,0,96,57,20,514,1,14,0,17,3462
TAMIL NADU,SALEM RURAL,2010,81,62,6,106,280,9,42,110,442,0,281,42,48,2665,4,165,0,62,8634
TAMIL NADU,SALEM URBAN,2010,27,18,0,42,88,1,70,35,642,0,32,41,5,554,3,25,0,46,3218
TAMIL NADU,SIVAGANGAI,2010,38,27,1,2,64,4,21,89,396,0,21,50,15,160,4,16,0,35,2611
TAMIL NADU,THANJAVUR,2010,82,124,1,14,84,6,141,298,1740,0,104,43,18,744,3,75,0,9,6946
TAMIL NADU,THENI,2010,42,122,0,36,186,0,53,134,642,0,69,239,27,712,5,61,0,125,5384
TAMIL NADU,THIRUNELVELI RURAL,2010,83,215,3,96,130,2,77,195,890,0,4,129,52,1012,3,88,0,52,7777
TAMIL NADU,THIRUNELVELI URBAN,2010,12,78,0,32,22,1,26,69,538,0,0,40,5,194,0,5,0,4,1630
TAMIL NADU,THIRUVALLUR,2010,43,51,1,36,34,2,6,74,286,0,68,53,2,360,6,10,0,19,3487
TAMIL NADU,THIRUVANNAMALAI,2010,43,89,0,30,110,3,7,68,526,0,195,53,20,599,0,8,0,30,4562
TAMIL NADU,THIRUVARUR,2010,29,30,2,24,44,1,20,96,378,0,53,23,27,518,0,20,0,13,3976
TAMIL NADU,THOOTHUGUDI,2010,84,168,1,64,64,1,63,202,672,0,0,79,35,574,3,4,0,57,4954
TAMIL NADU,TIRUPPUR,2010,60,42,0,20,104,7,126,195,1600,0,39,55,6,432,6,24,0,46,5238
TAMIL NADU,TRICHY RLY.,2010,0,1,0,0,0,0,16,0,148,0,0,0,0,17,1,0,0,0,195
TAMIL NADU,TRICHY RURAL,2010,58,55,0,16,48,1,45,84,370,0,46,42,17,209,5,26,0,36,4525
TAMIL NADU,TRICHY URBAN,2010,15,31,0,8,54,2,12,56,866,0,12,100,0,144,6,10,0,33,3741
TAMIL NADU,VELLORE,2010,82,56,2,60,136,1,33,208,1312,0,5,42,12,758,8,28,0,65,8249
TAMIL NADU,VILLUPURAM,2010,63,84,0,100,164,0,19,95,574,0,302,75,34,753,4,80,0,26,6690
TAMIL NADU,VIRUDHUNAGAR,2010,52,78,0,40,116,3,73,120,532,0,68,105,27,546,2,25,0,60,4845
TAMIL NADU,TOTAL,2010,1875,2641,32,1372,3440,97,1817,4715,29166,0,2664,3259,636,21309,165,1405,0,1570,185678
TRIPURA,DHALAI,2010,19,4,1,66,28,2,5,40,78,0,14,10,7,112,3,26,0,65,541
TRIPURA,G.R.P.,2010,0,0,0,0,0,0,0,1,6,0,0,0,0,1,0,1,0,0,6
TRIPURA,NORTH,2010,23,9,1,102,50,6,11,34,156,0,13,21,15,241,2,70,0,186,970
TRIPURA,SOUTH,2010,25,25,0,72,54,2,20,45,236,0,69,31,11,332,10,165,0,255,1688
TRIPURA,WEST,2010,83,25,6,236,96,8,29,101,438,0,67,60,18,450,10,114,0,431,2600
TRIPURA,TOTAL,2010,150,63,8,476,228,18,65,221,914,0,163,122,51,1136,25,376,0,937,5805
UTTAR PRADESH,AGRA,2010,117,127,51,52,504,6,56,166,3680,0,235,358,6,458,80,91,0,355,6919
UTTAR PRADESH,ALIGARH,2010,130,167,37,126,548,26,87,248,2136,0,280,385,22,295,69,164,0,318,5636
UTTAR PRADESH,ALLAHABAD,2010,133,92,30,66,272,6,55,252,1798,0,155,225,4,352,84,55,0,177,4955
UTTAR PRADESH,AMBEDKAR NAGAR,2010,37,25,13,40,114,1,14,28,260,0,18,92,0,160,18,14,0,98,1168
UTTAR PRADESH,AURAIYA,2010,28,23,6,22,100,1,10,12,190,0,16,25,2,73,17,19,0,36,1000
UTTAR PRADESH,AZAMGARH,2010,68,41,27,46,156,3,47,57,402,0,62,73,2,233,23,17,0,70,1764
UTTAR PRADESH,BADAUN,2010,84,100,41,44,162,1,31,29,310,0,18,85,0,246,48,49,0,41,2203
UTTAR PRADESH,BAGHPAT,2010,52,50,10,28,92,1,32,37,306,0,57,50,3,144,14,13,0,87,1220
UTTAR PRADESH,BAHRAICH,2010,58,46,24,50,264,12,25,98,384,0,66,171,11,150,42,40,0,83,2181
UTTAR PRADESH,BALLIA,2010,21,32,21,8,64,1,10,36,186,0,22,59,2,123,30,14,0,24,824
UTTAR PRADESH,BALRAMPUR,2010,21,11,4,22,58,1,3,12,64,0,8,63,1,45,5,7,0,16,438
UTTAR PRADESH,BANDA,2010,37,20,19,44,84,0,5,55,208,0,14,28,16,50,20,39,0,37,1138
UTTAR PRADESH,BARABANKI,2010,47,31,12,44,180,2,14,70,366,0,6,57,1,263,20,34,0,97,2238
UTTAR PRADESH,BAREILLY,2010,115,142,22,88,364,0,44,100,1070,0,118,219,0,153,55,97,0,214,4277
UTTAR PRADESH,BASTI,2010,24,11,8,16,60,0,15,17,108,0,18,17,0,71,14,7,0,17,806
UTTAR PRADESH,BIJNOR,2010,87,53,19,80,234,5,50,54,618,0,46,239,8,488,27,56,0,254,2860
UTTAR PRADESH,BULANDSHAHAR,2010,119,139,25,48,296,9,65,56,798,0,83,157,1,14,40,60,0,327,3056
UTTAR PRADESH,CHANDOLI,2010,25,17,9,6,40,0,8,21,104,0,1,65,0,113,15,6,0,67,834
UTTAR PRADESH,CHITRAKOOT DHAM,2010,20,3,7,30,34,0,5,25,122,0,3,20,2,15,15,23,0,16,457
UTTAR PRADESH,CSM NAGAR,2010,30,28,15,60,158,0,11,43,172,0,48,34,0,182,13,17,0,9,1302
UTTAR PRADESH,DEORIA,2010,34,8,10,8,46,0,6,36,110,0,28,20,0,105,21,4,0,9,810
UTTAR PRADESH,ETAH,2010,63,86,15,22,126,1,22,27,444,0,80,99,3,281,30,45,0,72,2012
UTTAR PRADESH,ETAWAH,2010,44,28,9,8,104,0,17,36,366,0,2,80,9,131,29,19,0,81,1918
UTTAR PRADESH,FAIZABAD,2010,38,16,13,32,142,0,10,61,454,0,35,88,11,203,18,27,0,16,1770
UTTAR PRADESH,FATEHGARH,2010,47,45,20,22,112,0,8,27,208,0,16,36,0,65,24,26,0,30,903
UTTAR PRADESH,FATEHPUR,2010,75,44,23,66,142,13,32,32,230,0,26,135,1,247,42,53,0,83,1943
UTTAR PRADESH,FIROZABAD,2010,109,68,27,36,198,9,28,39,586,0,60,98,0,247,54,33,0,83,2541
UTTAR PRADESH,G.R.P.,2010,24,25,6,2,30,21,99,3,4824,0,33,53,0,9,3,20,0,0,3933
UTTAR PRADESH,GAUTAMBUDH NAGAR,2010,100,105,19,78,214,19,237,166,5688,0,113,362,1,25,19,41,0,132,6091
UTTAR PRADESH,GHAZIABAD,2010,216,220,35,88,732,34,174,303,7986,0,195,521,6,45,69,77,0,536,10217
UTTAR PRADESH,GHAZIPUR,2010,45,33,27,10,38,8,36,27,176,0,48,53,0,92,32,12,0,41,806
UTTAR PRADESH,GONDA,2010,51,31,29,18,154,9,21,73,334,0,46,280,0,326,47,30,0,6,2054
UTTAR PRADESH,GORAKHPUR,2010,105,82,22,90,458,4,83,250,2252,0,239,335,1,342,61,69,0,266,5246
UTTAR PRADESH,HAMIRPUR,2010,22,12,19,12,30,0,3,16,134,0,4,25,1,19,15,25,0,22,518
UTTAR PRADESH,HARDOI,2010,68,30,21,40,148,0,6,29,278,0,16,66,2,271,24,50,0,55,2292
UTTAR PRADESH,HATHRAS,2010,62,55,9,48,158,28,47,43,360,0,59,71,2,105,30,45,0,107,1591
UTTAR PRADESH,J.P.NAGAR,2010,57,42,14,48,114,12,38,43,264,0,43,73,0,36,21,25,0,69,1361
UTTAR PRADESH,JALAUN,2010,35,13,18,10,62,0,7,12,158,0,3,44,2,5,23,28,0,32,899
UTTAR PRADESH,JAUNPUR,2010,40,55,16,24,130,3,22,50,246,0,58,87,1,325,39,32,0,57,1779
UTTAR PRADESH,JHANSI,2010,46,29,21,18,76,2,8,41,254,0,26,54,0,19,32,43,0,7,1113
UTTAR PRADESH,KANNAUJ,2010,39,24,19,14,92,3,5,14,104,0,10,25,0,17,22,23,0,39,947
UTTAR PRADESH,KANPUR NAGAR,2010,150,109,41,84,632,11,81,267,2362,0,176,461,0,407,92,118,0,447,6892
UTTAR PRADESH,KANSHIRAM NAGAR,2010,39,49,10,20,92,0,6,27,156,0,23,29,9,90,26,23,0,28,837
UTTAR PRADESH,KAUSHAMBI,2010,38,16,14,24,80,2,11,45,122,0,26,34,0,69,22,33,0,59,1188
UTTAR PRADESH,KHIRI,2010,74,71,30,52,178,3,24,21,454,0,29,58,2,311,37,37,0,33,2296
UTTAR PRADESH,KUSHI NAGAR,2010,39,12,16,21,54,0,3,17,108,0,34,75,1,126,25,13,0,12,1192
UTTAR PRADESH,LALITPUR,2010,11,3,11,14,24,1,11,17,86,0,14,21,3,10,8,17,0,17,616
UTTAR PRADESH,LUCKNOW,2010,114,89,32,150,656,21,105,491,5664,0,213,849,1,46,66,155,0,745,12454
UTTAR PRADESH,MAHARAJGANJ,2010,26,4,14,32,90,1,9,18,60,0,15,80,0,56,14,11,0,50,1004
UTTAR PRADESH,MAHOBA,2010,24,13,11,18,44,4,4,30,100,0,19,11,0,8,14,28,0,18,586
UTTAR PRADESH,MAINPURI,2010,68,79,18,30,158,1,13,37,258,0,50,48,0,203,28,37,0,16,1644
UTTAR PRADESH,MATHURA,2010,75,98,23,48,174,5,35,55,1300,0,102,250,7,149,29,49,0,219,4307
UTTAR PRADESH,MAU,2010,26,53,14,20,96,0,15,58,216,0,72,41,0,106,17,30,0,49,1075
UTTAR PRADESH,MEERUT,2010,164,207,18,128,390,13,252,217,3818,0,211,356,0,23,43,91,0,344,6792
UTTAR PRADESH,MIRZAPUR,2010,17,3,15,4,8,1,4,20,158,0,2,82,0,98,25,4,0,137,1210
UTTAR PRADESH,MORADABAD,2010,176,149,26,132,408,16,97,133,1698,0,52,202,0,58,41,76,0,268,4382
UTTAR PRADESH,MUZAFFARNAGAR,2010,168,220,38,68,466,18,91,83,1176,0,186,346,0,16,40,52,0,341,4850
UTTAR PRADESH,PILIBHIT,2010,34,15,9,32,114,2,6,9,198,0,5,135,0,2,30,25,0,113,1989
UTTAR PRADESH,PRATAPGARH,2010,39,47,14,46,138,3,11,53,288,0,82,61,7,227,34,25,0,74,1670
UTTAR PRADESH,RAIBAREILLY,2010,29,42,18,54,104,2,9,40,274,0,24,58,0,198,20,39,0,63,1456
UTTAR PRADESH,RAMABAI NAGAR,2010,30,33,16,24,166,2,11,24,204,0,36,63,1,161,22,38,0,88,1717
UTTAR PRADESH,RAMPUR,2010,68,77,19,130,228,13,96,68,694,0,69,203,8,4,23,44,0,121,2326
UTTAR PRADESH,SAHARANPUR,2010,58,55,32,22,80,8,23,37,804,0,70,213,0,22,26,20,0,140,2786
UTTAR PRADESH,SANT KABIRNAGAR,2010,20,20,10,48,90,1,19,31,158,0,43,50,0,153,6,17,0,25,958
UTTAR PRADESH,SHAHJAHANPUR,2010,93,99,21,90,204,3,20,40,418,0,29,140,7,127,50,44,0,12,2359
UTTAR PRADESH,SHRAWASTI,2010,18,8,6,28,50,0,8,17,82,0,18,45,0,155,16,19,0,3,600
UTTAR PRADESH,SIDHARTHNAGAR,2010,15,6,13,16,80,0,8,28,122,0,11,26,0,29,15,17,0,33,617
UTTAR PRADESH,SITAPUR,2010,77,40,25,22,228,5,36,70,548,0,23,86,1,146,45,54,0,111,2830
UTTAR PRADESH,SONBHADRA,2010,15,6,23,42,46,0,8,25,132,0,7,109,0,94,20,13,0,16,978
UTTAR PRADESH,ST.RAVIDASNAGAR,2010,13,9,10,2,18,0,2,10,68,0,3,10,1,33,11,3,0,8,298
UTTAR PRADESH,SULTANPUR,2010,32,45,16,28,118,0,18,67,332,0,31,63,0,219,16,41,0,62,1554
UTTAR PRADESH,UNNAO,2010,46,54,28,64,162,4,22,52,254,0,37,81,0,197,26,57,0,74,1636
UTTAR PRADESH,VARANASI,2010,32,64,18,18,176,4,23,64,1256,0,60,240,1,250,26,14,0,166,3060
UTTAR PRADESH,TOTAL,2010,4401,4004,1401,3125,12642,385,2577,4915,62306,0,4186,9553,170,10336,2217,2793,0,7978,174179
UTTARAKHAND,ALMORA,2010,3,3,1,6,10,0,1,16,30,0,7,2,0,9,4,3,0,4,162
UTTARAKHAND,BAGESHWAR,2010,2,0,1,4,4,0,0,4,20,0,1,1,0,7,2,3,0,1,46
UTTARAKHAND,CHAMOLI,2010,1,0,2,2,4,1,0,7,34,0,7,8,1,23,0,3,0,1,109
UTTARAKHAND,CHAMPAWAT,2010,4,0,1,2,6,0,0,4,22,0,2,2,1,26,1,1,0,0,96
UTTARAKHAND,DEHRADUN,2010,33,48,16,74,142,4,50,97,1010,0,130,204,8,230,12,26,0,117,2370
UTTARAKHAND,HARIDWAR,2010,44,62,7,56,172,3,51,56,948,0,157,187,4,558,15,31,0,103,2654
UTTARAKHAND,NAINITAL,2010,18,25,11,26,58,0,7,21,326,0,29,56,0,20,5,15,0,15,894
UTTARAKHAND,PAURI GARHWAL,2010,2,6,4,8,10,2,6,15,74,0,9,10,0,29,4,5,0,7,197
UTTARAKHAND,PITHORAGARH,2010,4,1,3,6,10,0,0,13,30,0,8,4,3,9,1,5,0,6,136
UTTARAKHAND,RUDRA PRAYAG,2010,5,3,1,10,6,0,2,9,16,0,11,3,0,18,6,3,0,1,107
UTTARAKHAND,TEHRI GARHWAL,2010,2,3,1,2,4,0,1,7,48,0,1,11,0,3,2,6,0,1,116
UTTARAKHAND,UDHAMSINGH NAGAR,2010,55,66,12,44,140,4,43,57,1710,0,91,75,0,42,23,23,0,75,2288
UTTARAKHAND,UTTARKASHI,2010,3,2,0,2,6,0,1,4,8,0,5,4,0,0,0,1,0,3,65
UTTARAKHAND,TOTAL,2010,176,219,60,242,572,14,162,310,4276,0,458,567,17,974,75,125,0,334,9240
WEST BENGAL,24 PARGANAS NORTH,2010,244,224,179,346,876,123,83,28,4624,0,815,312,25,179,71,174,0,2378,15151
WEST BENGAL,24 PARGANAS SOUTH,2010,263,2,25,516,430,81,39,9,5464,0,1238,116,15,223,48,113,0,2879,15299
WEST BENGAL,ASANSOL,2010,34,8,14,36,42,68,5,5,646,0,49,47,3,69,19,13,0,310,1841
WEST BENGAL,BANKURA,2010,105,58,6,72,94,39,38,8,456,0,262,42,16,158,18,59,0,279,2251
WEST BENGAL,BIRBHUM,2010,94,22,20,88,104,36,28,11,776,0,281,42,23,420,25,48,0,301,2547
WEST BENGAL,BURDWAN,2010,134,19,33,144,224,73,54,13,1386,0,396,112,17,70,28,93,0,693,4996
WEST BENGAL,COOCHBEHAR,2010,66,141,1,286,372,4,5,7,508,0,113,62,9,155,12,62,0,535,3721
WEST BENGAL,DAKSHIN DINAJPUR,2010,40,88,17,112,192,4,13,9,326,0,29,33,11,184,19,77,0,264,2071
WEST BENGAL,DARJEELING,2010,62,3,17,72,154,27,15,12,1186,0,86,33,7,672,2,57,0,158,2848
WEST BENGAL,HOOGHLY,2010,124,47,24,104,174,58,40,3,1520,0,728,115,52,159,12,47,0,694,4748
WEST BENGAL,HOWRAH,2010,111,7,15,118,370,81,68,64,2798,0,297,331,0,67,31,121,0,1078,8519
WEST BENGAL,HOWRAH G.R.P.,2010,10,7,1,0,10,8,4,0,1122,0,2,17,0,0,0,8,0,0,708
WEST BENGAL,JALPAIGURI,2010,117,97,34,360,518,20,65,61,2580,0,74,75,14,1230,12,269,0,649,7433
WEST BENGAL,KHARAGPUR G.R.P.,2010,1,0,0,0,6,5,3,0,234,0,0,0,0,0,0,0,0,0,129
WEST BENGAL,KOLKATA,2010,49,55,43,64,250,26,18,66,6236,0,282,1271,0,2007,12,226,0,400,15510
WEST BENGAL,MALDA,2010,86,139,24,334,378,22,24,3,666,0,80,68,0,448,6,139,0,621,4286
WEST BENGAL,MURSHIDABAD,2010,185,620,36,1052,1022,88,44,7,1966,0,553,170,54,3799,45,609,0,2927,13094
WEST BENGAL,NADIA,2010,121,335,21,334,690,55,86,13,2382,0,189,176,26,1792,65,102,0,1586,9274
WEST BENGAL,PASCHIM MIDNAPUR,2010,268,113,49,134,202,60,55,30,1066,0,445,58,36,142,18,70,0,669,4640
WEST BENGAL,PURAB MIDNAPUR,2010,87,8,53,102,254,22,25,23,816,0,581,93,13,0,27,16,0,702,4396
WEST BENGAL,PURULIA,2010,115,0,7,84,74,28,37,12,526,0,104,44,0,0,13,60,0,194,1795
WEST BENGAL,SEALDAH G.R.P.,2010,12,11,1,4,12,22,14,0,562,0,17,9,0,33,2,5,0,2,467
WEST BENGAL,SILIGURI G.R.P.,2010,7,1,0,0,6,0,1,0,204,0,0,0,0,0,0,3,0,0,133
WEST BENGAL,UTTAR DINAJPUR,2010,63,106,10,260,236,25,34,4,728,0,188,34,10,957,22,94,0,477,3759
WEST BENGAL,TOTAL,2010,2398,2111,630,4622,6690,975,798,388,38778,0,6809,3260,331,12764,507,2465,0,17796,129616
A & N ISLANDS,ANDAMAN,2010,8,7,4,46,20,1,7,77,232,0,11,56,11,77,0,31,0,9,956
A & N ISLANDS,NICOBAR,2010,1,0,0,2,0,0,0,3,10,0,0,0,1,3,0,0,0,0,24
A & N ISLANDS,TOTAL,2010,9,7,4,48,20,1,7,80,242,0,11,56,12,80,0,31,0,9,980
CHANDIGARH,CHANDIGARH,2010,21,30,9,62,76,11,67,236,2962,0,65,163,9,65,5,29,0,41,3373
CHANDIGARH,TOTAL,2010,21,30,9,62,76,11,67,236,2962,0,65,163,9,65,5,29,0,41,3373
D & N HAVELI,D AND N HAVELI,2010,6,0,1,6,36,2,3,25,126,0,44,18,2,11,0,11,0,3,378
D & N HAVELI,TOTAL,2010,6,0,1,6,36,2,3,25,126,0,44,18,2,11,0,11,0,3,378
DAMAN & DIU,DAMAN,2010,5,2,1,2,4,6,0,23,82,0,8,3,0,9,0,2,0,1,164
DAMAN & DIU,DIU,2010,0,0,0,0,0,0,0,4,12,0,3,2,0,3,0,0,0,2,39
DAMAN & DIU,TOTAL,2010,5,2,1,2,4,6,0,27,94,0,11,5,0,12,0,2,0,3,203
DELHI UT,CAW,2010,0,0,0,0,0,0,0,0,0,0,0,0,0,0,0,0,0,187,187
DELHI UT,CENTRAL,2010,25,11,3,40,252,0,35,65,2700,0,5,352,1,152,2,25,0,62,2828
DELHI UT,CRIME BRANCH,2010,0,5,0,0,2,0,0,0,16,0,0,27,0,0,0,0,0,0,61
DELHI UT,DELHI UT TOTAL,2010,565,311,71,1014,6416,63,599,1502,46176,0,53,1845,52,1925,143,601,0,1404,51292
DELHI UT,EAST,2010,57,54,8,94,714,7,81,204,6886,0,14,174,7,196,12,83,0,163,6723
DELHI UT,EOW,2010,0,0,0,0,0,0,0,0,0,0,0,84,0,0,0,0,0,0,150
DELHI UT,GRP(RLY),2010,12,5,0,4,46,2,9,0,1294,0,1,8,1,11,0,3,0,0,816
DELHI UT,IGI AIRPORT,2010,0,0,0,0,26,0,0,1,170,0,0,12,0,0,0,7,0,0,703
DELHI UT,NEW DELHI,2010,6,4,2,32,58,1,19,33,1158,0,3,97,1,30,0,20,0,2,1452
DELHI UT,NORTH,2010,30,16,7,14,322,0,24,75,2332,0,1,109,7,142,8,23,0,63,2889
DELHI UT,NORTH-EAST,2010,68,27,7,102,916,6,57,81,5088,0,6,90,5,276,24,68,0,216,5062
DELHI UT,NORTH-WEST,2010,60,49,4,100,520,13,178,225,4822,0,2,112,5,177,11,62,0,163,5016
DELHI UT,OUTER,2010,98,42,7,98,914,8,39,234,4258,0,3,141,5,245,21,64,0,124,5495
DELHI UT,SOUTH,2010,35,21,5,118,480,16,47,203,4908,0,0,200,4,104,9,66,0,79,5308
DELHI UT,SOUTH-EAST,2010,48,25,11,160,738,8,32,142,4690,0,10,179,3,238,13,92,0,60,5606
DELHI UT,SOUTH-WEST,2010,63,20,3,108,726,1,30,83,2678,0,7,92,2,144,24,28,0,94,3503
DELHI UT,STF,2010,0,3,0,0,2,0,0,0,0,0,0,7,0,0,0,0,0,0,18
DELHI UT,WEST,2010,63,29,14,144,700,1,48,156,5176,0,1,161,11,210,19,60,0,191,5475
LAKSHADWEEP,LAKSHADWEEP,2010,0,0,0,0,0,0,0,5,10,0,3,0,2,1,0,0,0,0,42
LAKSHADWEEP,TOTAL,2010,0,0,0,0,0,0,0,5,10,0,3,0,2,1,0,0,0,0,42
PUDUCHERRY,KARAIKAL,2010,4,3,0,2,4,0,0,21,94,0,31,13,1,208,0,15,0,1,762
PUDUCHERRY,PUDUCHERRY,2010,29,16,16,4,30,12,5,51,974,0,100,64,9,598,1,31,0,6,3173
PUDUCHERRY,TOTAL,2010,33,19,16,6,34,12,5,72,1068,0,131,77,10,806,1,46,0,7,3935
ANDHRA PRADESH,ADILABAD,2011,109,94,8,168,154,5,8,230,692,0,85,175,33,1897,20,112,0,429,5121
ANDHRA PRADESH,ANANTAPUR,2011,171,108,5,32,166,13,15,247,1290,0,85,155,38,1977,36,156,0,198,5430
ANDHRA PRADESH,CHITTOOR,2011,91,55,5,34,168,5,17,159,1224,0,84,163,57,1848,25,124,0,421,5224
ANDHRA PRADESH,CUDDAPAH,2011,120,67,6,82,146,3,4,143,1172,0,105,163,29,2050,15,144,0,122,5340
ANDHRA PRADESH,CYBERABAD,2011,213,128,17,178,292,9,93,1210,8020,0,52,1293,49,4028,51,158,0,1411,17645
ANDHRA PRADESH,EAST GODAVARI,2011,83,110,3,144,120,2,23,308,2000,0,31,280,34,2228,17,176,0,575,7111
ANDHRA PRADESH,GUNTAKAL RLY.,2011,9,0,0,0,0,1,4,0,454,0,1,2,0,6,0,0,0,1,297
ANDHRA PRADESH,GUNTUR,2011,88,73,2,80,116,4,8,255,1382,0,36,278,40,2934,8,223,0,494,7026
ANDHRA PRADESH,GUNTUR URBAN,2011,51,30,1,66,62,2,14,138,1700,0,3,273,9,1005,6,86,0,395,3933
ANDHRA PRADESH,HYDERABAD CITY,2011,117,136,6,118,190,8,40,693,8832,0,220,1864,50,3334,37,157,0,1355,15657
ANDHRA PRADESH,KARIMNAGAR,2011,150,124,6,116,344,8,20,339,1584,0,179,588,73,2801,40,253,0,702,8973
ANDHRA PRADESH,KHAMMAM,2011,108,98,6,168,162,5,12,262,1080,0,157,199,19,1945,20,243,0,519,5961
ANDHRA PRADESH,KRISHNA,2011,70,78,1,160,178,2,13,264,1184,0,32,203,50,2606,15,348,0,733,6857
ANDHRA PRADESH,KURNOOL,2011,153,177,4,78,152,9,19,240,1110,0,116,382,45,1611,20,340,0,424,7441
ANDHRA PRADESH,MAHABOOBNAGAR,2011,188,85,28,176,148,3,15,236,2336,0,67,194,76,1955,28,162,0,259,6675
ANDHRA PRADESH,MEDAK,2011,141,57,14,76,80,6,19,331,1128,0,72,250,62,1725,26,121,0,384,5669
ANDHRA PRADESH,NALGONDA,2011,101,95,5,96,168,2,19,294,1224,0,130,264,62,1374,36,229,0,255,7640
ANDHRA PRADESH,NELLORE,2011,61,82,3,56,170,3,18,208,1886,0,36,229,51,2237,7,166,0,187,6294
ANDHRA PRADESH,NIZAMABAD,2011,135,55,9,126,168,9,30,408,1532,0,88,248,20,1900,27,98,0,569,6391
ANDHRA PRADESH,PRAKASHAM,2011,88,111,5,48,200,7,15,202,1020,0,53,276,34,1397,11,243,0,266,5980
ANDHRA PRADESH,RAJAHMUNDRY,2011,21,56,0,30,72,1,10,105,752,0,7,69,3,750,3,44,0,189,2141
ANDHRA PRADESH,RANGA REDDY,2011,75,19,5,48,48,1,6,88,264,0,38,60,11,592,15,50,0,89,1792
ANDHRA PRADESH,SECUNDERABAD RLY.,2011,9,2,0,0,2,0,7,0,894,0,7,7,1,17,1,5,0,2,573
ANDHRA PRADESH,SRIKAKULAM,2011,40,65,3,58,56,3,7,124,508,0,100,73,24,1654,8,91,0,333,4161
ANDHRA PRADESH,TIRUPATHI URBAN,2011,44,30,1,20,42,2,23,180,1678,0,37,245,11,709,5,40,0,112,2948
ANDHRA PRADESH,VIJAYAWADA CITY,2011,35,66,5,74,140,2,35,232,3062,0,2,430,24,1842,17,248,0,1066,7225
ANDHRA PRADESH,VIJAYAWADA RLY.,2011,2,0,0,2,6,1,3,0,800,0,0,6,0,17,1,3,0,1,479
ANDHRA PRADESH,VISAKHA RURAL,2011,66,28,0,76,72,0,11,166,566,0,47,131,22,1291,8,120,0,203,3468
ANDHRA PRADESH,VISAKHAPATNAM,2011,39,34,5,114,100,13,28,283,2568,0,3,244,11,1308,12,31,0,386,4886
ANDHRA PRADESH,VIZIANAGARAM,2011,38,32,3,100,52,0,11,128,688,0,8,102,8,1551,5,79,0,384,4818
ANDHRA PRADESH,WARANGAL,2011,72,32,8,96,136,1,12,234,676,0,208,179,27,975,26,157,0,89,4516
ANDHRA PRADESH,WARANGAL URBAN,2011,46,10,5,70,110,1,21,160,830,0,86,272,5,499,26,78,0,63,3797
ANDHRA PRADESH,WEST GODAVARI,2011,74,92,2,194,288,2,20,433,2398,0,35,451,43,2389,27,364,0,760,8311
ANDHRA PRADESH,TOTAL,2011,2808,2229,171,2884,4308,133,600,8300,56534,0,2210,9748,1021,54452,599,4849,0,13376,189780
ARUNACHAL PRADESH,ANJAW,2011,2,1,0,0,0,0,0,3,6,0,0,0,0,5,0,0,0,0,21
ARUNACHAL PRADESH,CHANGLANG,2011,9,4,0,6,24,0,4,18,66,0,1,5,0,42,0,3,0,2,201
ARUNACHAL PRADESH,DIBANG VALLEY,2011,3,1,0,6,6,4,5,3,28,0,4,4,2,12,0,1,0,0,90
ARUNACHAL PRADESH,K/KUMEY,2011,3,0,0,8,0,0,1,4,4,0,0,1,0,2,0,0,0,0,33
ARUNACHAL PRADESH,KAMENG EAST,2011,2,1,0,6,4,1,4,9,16,0,1,3,0,32,0,3,0,0,102
ARUNACHAL PRADESH,KAMENG WEST,2011,3,4,1,0,4,0,1,6,40,0,3,1,0,29,0,4,0,0,118
ARUNACHAL PRADESH,LOHIT,2011,12,3,0,10,20,1,5,9,76,0,0,2,2,16,0,2,0,0,158
ARUNACHAL PRADESH,PAPUM PARE,2011,7,6,0,8,46,4,12,26,238,0,30,31,19,68,0,7,0,9,553
ARUNACHAL PRADESH,RURAL,2011,0,3,0,4,10,2,2,6,26,0,1,5,2,22,0,4,0,3,99
ARUNACHAL PRADESH,SIANG EAST,2011,4,0,1,16,8,0,6,30,158,0,2,3,2,33,0,7,0,2,235
ARUNACHAL PRADESH,SIANG UPPER,2011,2,0,0,2,6,0,3,7,16,0,0,2,0,11,0,3,0,0,55
ARUNACHAL PRADESH,SIANG WEST,2011,2,3,0,4,16,0,8,11,64,0,4,9,3,36,0,8,0,2,210
ARUNACHAL PRADESH,SUBANSIRI LOWER,2011,4,1,0,4,6,0,5,5,30,0,0,0,2,10,0,0,0,0,78
ARUNACHAL PRADESH,SUBANSIRI UPPER,2011,1,1,0,4,16,0,3,13,10,0,2,5,1,45,0,5,0,0,136
ARUNACHAL PRADESH,TAWANG,2011,0,0,0,0,2,0,0,7,8,0,0,1,0,7,0,1,0,0,49
ARUNACHAL PRADESH,TIRAP,2011,11,1,0,6,18,1,5,23,42,0,0,2,1,9,0,3,0,0,143
ARUNACHAL PRADESH,UPPER DIBANG VALLEY,2011,0,0,0,0,0,0,0,3,0,0,1,0,0,0,0,0,0,0,5
ARUNACHAL PRADESH,TOTAL,2011,65,29,2,84,186,13,64,183,828,0,49,74,34,379,0,51,0,18,2286
ASSAM,BARPETA,2011,45,26,0,184,336,18,21,149,472,0,197,33,2,36,5,25,0,336,2962
ASSAM,BASKA,2011,44,3,0,58,136,4,12,27,168,0,4,27,13,76,3,4,0,25,776
ASSAM,BONGAIGAON,2011,22,8,0,144,148,6,9,105,276,0,106,33,2,25,5,2,0,126,1504
ASSAM,C.I.D.,2011,0,0,0,0,2,0,0,0,8,0,0,19,0,0,0,0,0,0,57
ASSAM,CACHAR,2011,64,7,0,148,356,25,20,123,1118,0,245,66,35,397,4,7,0,498,4286
ASSAM,CHIRANG,2011,27,0,0,60,86,6,21,45,146,0,9,16,4,17,4,8,0,51,676
ASSAM,DARRANG,2011,34,3,0,190,400,4,5,161,346,0,28,91,7,179,2,109,0,164,2622
ASSAM,DHEMAJI,2011,23,14,0,124,126,7,11,45,180,0,22,15,10,144,5,40,0,122,1092
ASSAM,DHUBRI,2011,61,19,7,314,614,20,36,139,446,0,444,82,103,525,12,210,0,693,4244
ASSAM,DIBRUGARH,2011,89,0,10,108,270,1,23,98,874,0,22,102,0,104,0,7,0,135,2529
ASSAM,G.R.P.,2011,7,0,0,2,16,11,3,2,332,0,8,1,0,6,0,0,0,0,342
ASSAM,GOALPARA,2011,39,5,0,198,200,10,13,67,378,0,142,49,7,244,3,2,0,142,2203
ASSAM,GOLAGHAT,2011,56,56,0,108,318,6,29,81,448,0,4,44,17,356,1,66,0,194,2012
ASSAM,GUWAHATI CITY,2011,58,59,2,112,732,25,252,696,4472,0,111,259,3,469,10,112,0,213,10545
ASSAM,HAILAKANDI,2011,20,2,0,122,156,4,6,66,248,0,153,23,29,29,4,27,0,126,1355
ASSAM,JORHAT,2011,48,9,5,98,170,5,30,137,694,0,19,76,6,450,2,49,0,172,2147
ASSAM,KAMRUP,2011,44,4,1,126,312,19,36,122,750,0,42,41,12,179,6,61,0,147,2868
ASSAM,KARBI ANGLONG,2011,48,27,4,26,94,5,8,34,280,0,28,21,8,64,0,22,0,20,759
ASSAM,KARIMGANJ,2011,45,25,1,92,158,18,9,90,324,0,81,32,35,261,4,15,0,194,2031
ASSAM,KOKRAJHAR,2011,51,27,0,104,210,8,17,48,310,0,64,39,32,166,1,31,0,120,1238
ASSAM,LAKHIMPUR,2011,38,16,0,104,286,6,15,76,322,0,39,7,16,352,0,57,0,119,2010
ASSAM,MORIGAON,2011,27,8,4,108,192,3,5,65,124,0,103,41,3,112,3,12,0,112,1204
ASSAM,N.C.HILLS,2011,16,2,6,6,38,0,2,12,92,0,0,4,9,33,1,0,0,4,220
ASSAM,NAGAON,2011,91,70,4,330,748,52,139,344,896,0,279,75,84,716,20,82,0,772,5998
ASSAM,NALBARI,2011,20,10,1,56,190,22,19,100,420,0,18,54,9,370,4,95,0,140,1832
ASSAM,R.P.O.,2011,6,0,0,10,6,1,0,1,16,0,10,0,0,2,0,1,0,10,78
ASSAM,SIBSAGAR,2011,61,30,0,98,264,1,31,137,758,0,39,80,15,334,8,78,0,99,2254
ASSAM,SONITPUR,2011,84,14,2,192,524,11,19,181,772,0,58,87,19,267,12,34,0,346,3631
ASSAM,TINSUKIA,2011,98,49,1,122,306,6,34,114,800,0,45,60,13,254,1,27,0,121,2285
ASSAM,UDALGURI,2011,37,11,0,56,134,5,12,62,148,0,8,18,13,139,1,10,0,45,954
ASSAM,TOTAL,2011,1303,504,48,3400,7528,309,837,3327,16618,0,2328,1495,506,6306,121,1193,0,5246,66714
BIHAR,ARARIA,2011,69,44,14,138,230,21,45,62,524,0,266,14,14,98,26,14,0,24,2914
BIHAR,ARWAL,2011,23,69,8,10,34,2,6,22,170,0,49,21,8,72,24,8,0,8,799
BIHAR,AURANGABAD,2011,88,105,1,36,124,31,38,120,598,0,334,168,13,366,30,32,0,152,3409
BIHAR,BAGAHA,2011,38,45,6,31,124,2,13,43,270,0,137,100,11,184,13,8,0,15,1623
BIHAR,BANKA,2011,51,55,7,52,132,10,14,58,270,0,124,20,19,369,31,8,0,26,1765
BIHAR,BEGUSARAI,2011,100,40,2,34,238,12,40,67,690,0,257,87,20,595,39,12,0,39,3420
BIHAR,BETTIAH,2011,74,12,2,42,236,1,14,117,890,0,245,77,16,226,32,7,0,67,3903
BIHAR,BHABHUA,2011,57,62,2,18,114,8,29,61,438,0,157,34,30,255,33,32,0,17,2025
BIHAR,BHAGALPUR,2011,85,51,10,46,212,11,36,127,792,0,216,68,41,527,12,10,0,17,3024
BIHAR,BHOJPUR,2011,96,41,4,32,128,23,35,76,702,0,140,91,13,328,40,2,0,72,3564
BIHAR,BUXAR,2011,65,34,1,26,152,17,40,108,508,0,214,75,6,657,37,6,0,59,2236
BIHAR,DARBHANGA,2011,71,92,43,68,256,19,17,82,894,0,489,143,27,1155,38,202,0,284,5387
BIHAR,GAYA,2011,155,22,9,46,310,53,70,161,1514,0,262,137,17,1200,56,7,0,47,5207
BIHAR,GOPALGANJ,2011,77,169,0,34,278,6,10,65,450,0,276,166,26,576,35,30,0,56,3334
BIHAR,JAMALPUR RLY.,2011,6,0,2,0,6,5,2,2,380,0,6,1,0,0,0,2,0,1,290
BIHAR,JAMUI,2011,66,140,18,46,142,19,28,51,368,0,174,50,32,589,13,34,0,40,1902
BIHAR,JEHANABAD,2011,51,10,7,20,62,1,19,60,362,0,135,30,4,79,20,8,0,22,1658
BIHAR,KATIHAR,2011,83,82,3,206,252,18,29,53,584,0,238,95,7,1157,29,10,0,25,3653
BIHAR,KATIHAR RLY.,2011,17,1,0,4,16,0,7,9,382,0,7,4,0,39,0,4,0,2,390
BIHAR,KHAGARIA,2011,55,45,0,28,106,15,16,15,210,0,204,20,15,429,15,0,0,26,1899
BIHAR,KISHANGANJ,2011,34,5,0,60,126,11,10,43,358,0,122,5,0,194,13,20,0,50,1225
BIHAR,LAKHISARAI,2011,40,8,1,10,102,6,19,30,252,0,100,47,9,180,14,12,0,44,1243
BIHAR,MADHEPURA,2011,44,12,1,16,156,7,30,24,326,0,231,62,7,299,11,0,0,21,1810
BIHAR,MADHUBANI,2011,81,8,0,88,364,18,35,109,784,0,388,37,0,940,35,0,0,138,4660
BIHAR,MOTIHARI,2011,136,741,38,74,418,13,58,174,1160,0,641,135,33,1055,69,8,0,57,7489
BIHAR,MUNGER,2011,68,49,5,14,144,14,44,51,440,0,159,78,7,731,10,2,0,49,1981
BIHAR,MUZAFFARPUR,2011,154,24,14,112,510,36,86,204,2268,0,445,226,36,247,76,4,0,91,6827
BIHAR,MUZAFFARPUR RLY.,2011,11,2,1,0,12,8,6,6,534,0,10,10,0,7,1,11,0,0,524
BIHAR,NALANDA,2011,84,61,24,30,162,3,27,93,494,0,163,140,10,1116,55,29,0,96,4527
BIHAR,NAUGACHIA,2011,44,20,36,14,76,7,9,18,98,0,118,60,7,223,8,6,0,44,1478
BIHAR,NAWADAH,2011,74,29,5,24,126,24,21,45,360,0,197,79,5,176,21,35,0,57,2523
BIHAR,PATNA,2011,248,25,4,82,728,62,161,545,5758,0,534,686,3,1036,112,1,0,317,13712
BIHAR,PATNA RLY.,2011,16,10,2,2,12,12,17,6,1540,0,20,13,0,0,2,11,0,0,1143
BIHAR,PURNEA,2011,86,48,7,124,262,11,22,57,372,0,178,230,51,275,13,24,0,140,3332
BIHAR,ROHTAS,2011,126,95,4,40,212,30,45,184,1214,0,249,85,59,1521,32,46,0,57,4203
BIHAR,SAHARSA,2011,34,109,5,16,126,7,36,57,250,0,288,73,15,216,17,35,0,27,2020
BIHAR,SAMASTIPUR,2011,107,221,11,80,332,17,54,89,676,0,336,91,37,308,46,9,0,66,4216
BIHAR,SARAN,2011,123,408,27,20,292,10,43,115,1048,0,428,76,28,646,74,46,0,131,5200
BIHAR,SHEIKHPURA,2011,33,8,0,6,44,3,5,20,190,0,47,44,5,188,8,0,0,35,1031
BIHAR,SHEOHAR,2011,13,23,1,8,50,25,8,15,90,0,55,9,5,324,5,3,0,15,614
BIHAR,SITAMARHI,2011,71,33,4,16,116,20,39,116,916,0,229,20,20,44,29,14,0,33,3624
BIHAR,SIWAN,2011,85,180,0,32,392,14,16,87,618,0,295,55,15,175,139,4,0,53,3408
BIHAR,SUPAUL,2011,49,12,4,46,156,6,13,34,466,0,253,38,10,313,24,8,0,28,2043
BIHAR,VAISHALI,2011,110,77,15,36,466,23,69,148,1376,0,352,76,24,276,76,26,0,59,4661
BIHAR,TOTAL,2011,3198,3327,348,1867,8536,661,1381,3629,32584,0,9768,3776,705,19391,1413,790,0,2607,135896
CHHATTISGARH,BALRAMPUR,2011,39,27,2,110,4,6,6,30,38,0,29,9,5,100,3,52,0,23,908
CHHATTISGARH,BILASPUR,2011,112,43,2,140,48,2,57,401,1174,0,153,84,26,1874,17,146,0,72,5446
CHHATTISGARH,BIZAPUR,2011,60,91,1,8,8,5,2,11,30,0,0,8,9,5,0,5,0,3,325
CHHATTISGARH,DANTEWARA,2011,54,69,0,16,18,12,2,26,84,0,31,12,13,29,0,10,0,9,674
CHHATTISGARH,DHAMTARI,2011,13,7,0,54,36,0,7,109,162,0,12,34,4,61,4,44,0,16,1190
CHHATTISGARH,DURG,2011,93,91,8,230,230,6,83,614,1890,0,75,174,36,226,13,291,0,131,11218
CHHATTISGARH,GARIYABAND,2011,28,14,0,42,8,3,2,34,76,0,6,6,9,267,5,30,0,8,687
CHHATTISGARH,GRP RAIPUR,2011,4,0,0,4,0,0,2,5,386,0,2,2,1,12,1,1,0,1,277
CHHATTISGARH,JAGDALPUR,2011,66,22,1,136,18,3,11,111,204,0,28,18,12,732,0,29,0,19,2262
CHHATTISGARH,JANJGIR,2011,43,26,1,66,26,2,44,202,628,0,120,40,24,1194,15,114,0,104,3335
CHHATTISGARH,JASHPUR,2011,78,14,0,156,98,2,14,59,160,0,19,32,4,88,1,69,0,36,1312
CHHATTISGARH,KABIRDHAM,2011,16,18,2,46,32,0,5,81,166,0,37,39,3,523,2,43,0,14,1417
CHHATTISGARH,KANKER,2011,51,26,1,58,16,8,8,28,72,0,30,7,15,30,4,14,0,10,929
CHHATTISGARH,KORBA,2011,34,13,0,78,10,3,36,148,458,0,64,22,16,706,5,86,0,48,2448
CHHATTISGARH,KORIYA,2011,45,20,0,144,32,1,10,138,208,0,21,31,2,536,3,95,0,55,1690
CHHATTISGARH,MAHASAMUND,2011,22,14,0,60,74,1,14,136,366,0,40,51,9,114,2,65,0,31,2140
CHHATTISGARH,NARAYANPUR,2011,29,34,0,10,4,8,1,5,10,0,0,1,5,25,0,2,0,0,179
CHHATTISGARH,RAIGARH,2011,87,51,5,124,30,1,33,242,746,0,66,64,13,688,11,84,0,32,3024
CHHATTISGARH,RAIPUR,2011,95,84,2,266,110,7,74,776,2882,0,137,239,50,3161,11,232,0,100,10652
CHHATTISGARH,RAJNANDGAON,2011,43,34,1,76,44,2,23,169,332,0,20,26,16,91,4,70,0,23,3133
CHHATTISGARH,SARGUJA,2011,54,33,1,130,64,3,24,143,372,0,28,38,9,84,0,114,0,36,2312
CHHATTISGARH,SURAJPUR,2011,44,16,1,152,34,0,12,80,186,0,16,43,8,559,3,58,0,63,1660
CHHATTISGARH,TOTAL,2011,1110,747,28,2106,944,75,470,3548,10630,0,934,980,289,11105,104,1654,0,834,57218
GOA,NORTH GOA,2011,33,10,0,26,28,1,15,172,1352,0,45,88,18,131,1,20,0,10,2056
GOA,SOUTH GOA,2011,15,12,6,32,28,1,11,146,878,0,29,54,6,84,0,9,0,8,1393
GOA,TOTAL,2011,48,22,6,58,56,2,26,318,2230,0,74,142,24,215,1,29,0,18,3449
GUJARAT,AHMEDABAD COMMR.,2011,95,69,2,120,460,31,720,831,7748,0,156,288,6,1427,19,83,0,1390,20203
GUJARAT,AHMEDABAD RURAL,2011,36,16,3,20,148,16,37,130,638,0,90,24,7,338,1,22,0,131,3688
GUJARAT,AHWA-DANG,2011,6,3,0,2,0,0,0,8,26,0,0,1,1,16,1,1,0,8,227
GUJARAT,AMRELI,2011,26,3,2,20,158,1,12,101,268,0,44,16,6,231,0,28,0,143,2126
GUJARAT,ANAND,2011,19,4,3,20,90,5,8,116,716,0,37,21,11,299,0,20,0,196,3154
GUJARAT,BHARUCH,2011,34,10,0,26,56,9,14,124,682,0,51,13,4,235,0,9,0,4,2931
GUJARAT,BHAVNAGAR,2011,55,26,2,16,176,3,25,149,898,0,81,45,15,486,0,35,0,181,4257
GUJARAT,CID CRIME,2011,1,0,0,0,0,0,0,0,2,0,0,4,0,0,0,0,0,0,12
GUJARAT,DAHOD,2011,41,11,3,12,106,18,29,107,428,0,49,11,21,711,0,11,0,14,1910
GUJARAT,GANDHINAGAR,2011,27,9,1,28,42,6,20,121,894,0,38,45,4,197,0,16,0,132,5716
GUJARAT,HIMATNAGAR,2011,35,5,2,20,96,7,8,101,488,0,46,36,9,151,0,29,0,229,4667
GUJARAT,JAMNAGAR,2011,40,25,1,42,130,15,20,196,920,0,124,47,5,479,0,34,0,356,5126
GUJARAT,JUNAGADH,2011,31,13,0,22,138,4,13,157,760,0,95,35,16,445,1,26,0,423,4196
GUJARAT,KHEDA NORTH,2011,45,8,1,24,106,7,13,82,422,0,30,37,6,280,0,14,0,132,4868
GUJARAT,KUTCH (EAST(G)),2011,35,11,0,16,48,4,22,96,512,0,34,24,4,233,2,13,0,137,2626
GUJARAT,KUTCH (WEST-BHUJ),2011,24,12,1,30,30,2,6,106,424,0,46,13,6,165,0,14,0,108,1919
GUJARAT,MEHSANA,2011,28,15,1,18,142,8,30,185,1162,0,67,47,15,446,2,20,0,242,4368
GUJARAT,NARMADA,2011,14,2,2,14,8,1,0,9,28,0,7,3,0,82,0,3,0,5,625
GUJARAT,NAVSARI,2011,21,9,1,4,20,3,8,62,284,0,19,13,2,63,0,6,0,31,1370
GUJARAT,PALANPUR,2011,52,22,0,76,184,7,62,217,800,0,66,47,25,505,1,64,0,349,5273
GUJARAT,PANCHMAHAL,2011,49,17,1,20,120,18,15,107,368,0,38,21,18,279,0,33,0,249,3540
GUJARAT,PATAN,2011,16,15,0,32,94,9,22,89,564,0,44,18,20,373,0,43,0,156,3147
GUJARAT,PORBANDAR,2011,10,9,1,12,24,1,3,30,152,0,13,10,2,82,0,1,0,84,872
GUJARAT,RAJKOT COMMR.,2011,44,22,0,20,80,3,36,187,1846,0,67,42,12,360,0,17,0,246,3939
GUJARAT,RAJKOT RURAL,2011,41,23,4,46,150,6,20,142,514,0,60,21,11,273,2,21,0,279,4582
GUJARAT,SURAT COMMR.,2011,100,38,2,72,224,16,78,356,3660,0,64,191,4,455,0,34,0,276,8446
GUJARAT,SURAT RURAL,2011,36,8,1,12,32,14,16,79,602,0,31,53,6,149,0,9,0,55,3408
GUJARAT,SURENDRANAGAR,2011,32,15,1,38,88,5,13,104,432,0,58,12,7,441,0,28,0,129,3037
GUJARAT,TAPI,2011,13,2,4,4,4,1,1,16,164,0,10,7,2,177,0,3,0,9,716
GUJARAT,VADODARA COMMR.,2011,21,27,2,18,100,14,83,295,3012,0,78,170,5,315,1,15,0,240,5727
GUJARAT,VADODARA RURAL,2011,52,17,2,56,130,6,15,69,408,0,41,23,3,251,0,19,0,95,3133
GUJARAT,VALSAD,2011,35,11,0,18,38,2,7,127,732,0,25,22,10,140,0,6,0,23,2532
GUJARAT,W.RLY AHMEDABAD,2011,7,0,0,0,4,0,5,8,424,0,6,9,0,24,0,6,0,0,325
GUJARAT,W.RLY VADODARA,2011,5,1,0,0,2,3,7,2,1108,0,0,30,0,51,0,2,0,0,705
GUJARAT,TOTAL,2011,1126,478,43,878,3228,245,1368,4509,32086,0,1615,1399,263,10159,30,685,0,6052,123371
HARYANA,AMBALA,2011,42,33,4,74,68,26,29,410,1310,0,0,114,4,177,5,28,0,191,2969
HARYANA,BHIWANI,2011,74,42,2,82,86,17,25,274,1350,0,172,112,18,233,18,26,0,97,3015
HARYANA,FARIDABAD,2011,60,59,5,108,210,50,37,356,3834,0,173,42,9,213,10,31,0,218,5357
HARYANA,FATEHABAD,2011,25,24,0,30,50,10,5,125,532,0,30,54,2,115,7,6,0,86,1334
HARYANA,GRP,2011,26,8,0,0,4,11,18,4,1040,0,27,8,0,12,4,2,0,0,1265
HARYANA,GURGAON,2011,89,57,4,80,98,45,79,535,6690,0,112,221,7,100,25,27,0,107,6640
HARYANA,HISSAR,2011,73,77,2,72,166,8,45,388,2334,0,102,250,17,266,14,37,0,248,4371
HARYANA,JHAJJAR,2011,59,43,3,64,62,12,31,157,936,0,81,62,9,92,12,20,0,117,2062
HARYANA,JIND,2011,50,34,4,74,64,0,34,252,1208,0,105,43,9,122,15,15,0,91,2271
HARYANA,KAITHAL,2011,36,23,4,40,46,10,14,218,700,0,0,37,7,192,8,18,0,119,1855
HARYANA,KARNAL,2011,46,48,5,124,44,25,25,218,1626,0,52,131,5,238,18,25,0,166,3202
HARYANA,KURUKSHETRA,2011,29,21,2,58,68,8,18,216,1068,0,0,59,3,176,7,22,0,68,2151
HARYANA,MAHENDRAGARH,2011,33,22,1,52,92,17,20,184,992,0,73,10,13,147,11,22,0,85,2011
HARYANA,MEWAT,2011,22,36,3,56,64,9,16,38,716,0,80,40,4,80,7,9,0,119,1970
HARYANA,PALWAL,2011,43,55,2,108,108,6,22,77,1254,0,158,15,3,134,13,32,0,75,2396
HARYANA,PANCHKULA,2011,18,13,0,34,34,4,14,161,826,0,0,45,0,32,2,9,0,77,1472
HARYANA,PANIPAT,2011,49,26,8,94,180,20,39,179,1892,0,126,132,4,145,11,29,0,163,3192
HARYANA,REWARI,2011,41,28,0,34,52,14,38,217,1190,0,45,19,10,137,7,19,0,94,2404
HARYANA,ROHTAK,2011,77,50,1,114,94,25,53,340,1718,0,100,127,17,176,9,38,0,124,3294
HARYANA,SIRSA,2011,42,31,3,42,120,7,14,233,1244,0,29,42,12,256,16,26,0,170,2371
HARYANA,SONIPAT,2011,78,65,6,54,108,10,43,190,1416,0,1,115,4,197,23,19,0,156,2954
HARYANA,YAMUNANAGAR,2011,50,56,1,72,100,9,19,239,974,0,0,83,9,183,13,14,0,169,2185
HARYANA,TOTAL,2011,1062,851,60,1466,1918,343,638,5011,34850,0,1466,1761,166,3423,255,474,0,2740,60741
HIMACHAL PRADESH,BADDIPOLICEDIST,2011,6,5,0,16,34,0,0,56,132,0,26,16,1,155,0,7,0,9,579
HIMACHAL PRADESH,BILASPUR,2011,8,2,0,16,6,0,0,43,112,0,43,34,14,56,0,18,0,17,1077
HIMACHAL PRADESH,CHAMBA,2011,15,2,1,12,38,0,1,93,58,0,27,11,7,88,2,29,0,10,678
HIMACHAL PRADESH,CID,2011,0,0,0,0,0,0,0,0,0,0,0,0,0,0,0,0,0,0,2
HIMACHAL PRADESH,G.R.P.,2011,0,0,0,0,0,0,0,1,14,0,0,0,0,1,0,0,0,0,24
HIMACHAL PRADESH,HAMIRPUR,2011,3,5,0,10,16,0,0,29,70,0,21,16,5,182,0,17,0,5,793
HIMACHAL PRADESH,KANGRA,2011,21,7,2,64,136,0,4,219,342,0,85,80,20,186,1,60,0,42,2709
HIMACHAL PRADESH,KINNAUR,2011,2,1,0,12,2,0,0,18,28,0,10,1,0,9,1,4,0,1,162
HIMACHAL PRADESH,KULLU,2011,13,2,0,40,26,0,0,68,134,0,23,26,3,39,0,38,0,21,934
HIMACHAL PRADESH,LAHAUL-SPITI,2011,0,0,0,2,0,0,0,1,2,0,0,0,1,1,0,0,0,0,102
HIMACHAL PRADESH,MANDI,2011,13,5,0,52,34,0,0,100,184,0,81,46,18,95,0,55,0,40,1640
HIMACHAL PRADESH,SHIMLA,2011,20,10,2,44,48,0,2,171,500,0,83,49,24,47,0,45,0,16,2866
HIMACHAL PRADESH,SIRMAUR,2011,9,4,0,24,34,0,1,61,142,0,64,15,1,41,0,33,0,23,866
HIMACHAL PRADESH,SOLAN,2011,14,3,0,22,26,1,1,89,230,0,35,24,7,262,0,8,0,16,959
HIMACHAL PRADESH,UNA,2011,6,4,1,22,24,0,1,46,136,0,32,41,9,89,0,17,0,39,921
HIMACHAL PRADESH,TOTAL,2011,130,50,6,336,424,1,10,995,2084,0,530,359,110,1251,4,331,0,239,14312
JAMMU & KASHMIR,ANANTNAG,2011,7,7,0,36,224,1,9,109,286,0,139,47,13,4,0,134,0,6,1484
JAMMU & KASHMIR,AWANTIPORA,2011,6,6,0,8,52,0,4,25,74,0,22,8,1,0,0,13,0,3,509
JAMMU & KASHMIR,BANDIPORA,2011,3,8,2,2,118,0,2,39,152,0,83,4,7,0,0,61,0,3,577
JAMMU & KASHMIR,BARAMULLA,2011,6,14,0,24,154,1,3,87,182,0,68,18,11,2,0,94,0,1,1116
JAMMU & KASHMIR,BUDGAM,2011,5,10,3,16,202,0,4,99,424,0,166,24,12,5,0,94,0,2,1307
JAMMU & KASHMIR,CRIME JAMMU,2011,0,0,0,0,0,0,0,0,0,0,0,16,0,0,0,0,0,0,16
JAMMU & KASHMIR,CRIME SRINAGAR,2011,0,0,0,0,0,0,0,0,0,0,0,23,0,0,0,0,0,0,23
JAMMU & KASHMIR,DODA,2011,8,14,0,32,94,0,0,42,88,0,27,14,10,8,0,25,0,20,706
JAMMU & KASHMIR,GANDERBAL,2011,4,4,2,18,64,4,0,32,86,0,68,12,5,2,0,57,0,1,523
JAMMU & KASHMIR,HANDWARA,2011,4,18,0,12,66,0,2,23,114,0,54,7,9,0,0,76,0,1,535
JAMMU & KASHMIR,JAMMU,2011,18,83,2,70,136,0,2,256,1240,0,56,110,17,18,3,38,0,51,4118
JAMMU & KASHMIR,KARGIL,2011,3,0,0,2,2,0,0,2,10,0,9,4,2,1,0,2,0,2,114
JAMMU & KASHMIR,KATHUA,2011,10,20,2,34,76,0,1,60,156,0,37,14,4,10,5,32,0,19,1170
JAMMU & KASHMIR,KISHTWAR,2011,3,15,1,8,50,0,1,19,38,0,0,10,7,0,0,12,0,16,420
JAMMU & KASHMIR,KULGAM,2011,3,13,1,20,92,2,6,42,140,0,52,17,7,51,0,68,0,1,686
JAMMU & KASHMIR,KUPWARA,2011,9,23,3,22,92,0,1,50,152,0,148,18,14,7,0,45,0,4,767
JAMMU & KASHMIR,LEH,2011,0,1,0,6,2,0,0,11,8,0,4,4,0,1,0,7,0,0,189
JAMMU & KASHMIR,POONCH,2011,4,20,4,36,64,0,0,32,66,0,103,22,14,54,0,31,0,29,822
JAMMU & KASHMIR,PULWAMA,2011,7,9,1,10,78,1,2,25,114,0,67,6,7,44,0,11,0,0,443
JAMMU & KASHMIR,RAILWAYS JAMMU,2011,0,1,0,0,0,0,0,0,8,0,0,3,1,0,0,0,0,0,15
JAMMU & KASHMIR,RAILWAYS KASHMIR,2011,0,0,0,0,0,0,0,0,20,0,2,2,0,0,0,0,0,0,27
JAMMU & KASHMIR,RAJOURI,2011,9,39,5,64,86,1,0,47,126,0,33,35,14,14,1,30,0,49,1832
JAMMU & KASHMIR,RAMBAN,2011,6,5,0,26,32,0,0,17,80,0,4,8,3,1,0,12,0,0,761
JAMMU & KASHMIR,REASI,2011,6,15,0,22,34,0,1,19,68,0,7,15,1,4,0,11,0,1,581
JAMMU & KASHMIR,SAMBA,2011,9,17,0,6,22,0,0,29,76,0,18,12,2,3,2,6,0,5,743
JAMMU & KASHMIR,SHOPIAN,2011,3,33,0,16,58,2,9,41,298,0,36,7,11,4,0,77,0,0,629
JAMMU & KASHMIR,SOPORE,2011,14,42,1,8,84,0,6,81,218,0,16,11,6,2,0,58,0,5,572
JAMMU & KASHMIR,SRINAGAR,2011,12,64,0,28,236,2,33,280,980,0,147,126,23,9,0,171,0,54,2756
JAMMU & KASHMIR,UDHAMPUR,2011,10,13,2,28,36,0,2,49,106,0,39,15,4,2,0,29,0,13,1063
JAMMU & KASHMIR,TOTAL,2011,169,494,29,554,2154,14,88,1516,5310,0,1405,612,205,246,11,1194,0,286,24504
JHARKHAND,BOKARO,2011,62,19,0,92,114,14,39,105,1468,0,114,60,0,0,13,4,0,102,2973
JHARKHAND,CHAIBASA,2011,136,22,0,64,28,13,19,24,238,0,16,6,2,28,6,5,0,11,844
JHARKHAND,CHATRA,2011,50,15,0,24,44,16,30,22,190,0,85,20,6,12,15,1,0,9,925
JHARKHAND,DEOGHAR,2011,48,66,3,68,48,11,27,88,556,0,127,45,4,424,18,16,0,24,1506
JHARKHAND,DHANBAD,2011,79,18,12,64,198,42,60,160,1704,0,214,67,5,229,39,34,0,39,3708
JHARKHAND,DHANBAD RLY.,2011,4,0,0,0,6,4,6,1,414,0,3,4,0,0,3,8,0,1,384
JHARKHAND,DUMKA,2011,59,29,5,68,56,6,13,56,584,0,81,28,13,217,7,19,0,40,1562
JHARKHAND,GARHWA,2011,70,61,4,102,66,7,28,50,124,0,210,82,13,527,19,22,0,89,1865
JHARKHAND,GIRIDIH,2011,60,8,1,94,126,30,23,108,780,0,263,64,5,118,30,40,0,35,2418
JHARKHAND,GODDA,2011,61,0,3,58,76,11,9,44,174,0,26,17,6,23,0,21,0,10,1263
JHARKHAND,GUMLA,2011,201,52,7,92,104,10,44,23,200,0,40,38,16,55,1,10,0,17,1036
JHARKHAND,HAZARIBAGH,2011,72,41,6,44,116,25,28,59,630,0,138,71,3,392,26,25,0,22,2282
JHARKHAND,JAMSHEDPUR,2011,85,29,12,78,146,11,36,153,1664,0,114,55,21,695,17,32,0,76,3106
JHARKHAND,JAMSHEDPUR RLY.,2011,8,0,0,2,16,0,11,2,302,0,0,1,0,13,0,5,0,0,251
JHARKHAND,JAMTARA,2011,15,19,0,30,22,2,7,22,180,0,51,24,5,144,10,10,0,19,708
JHARKHAND,KHUNTI,2011,126,21,0,26,26,8,21,9,82,0,13,7,2,19,0,4,0,1,403
JHARKHAND,KODERMA,2011,25,40,1,14,48,5,12,26,280,0,88,69,0,150,16,7,0,34,1090
JHARKHAND,LATEHAR,2011,38,29,0,54,54,7,9,13,138,0,64,10,6,35,2,4,0,11,513
JHARKHAND,LOHARDAGGA,2011,33,9,1,60,52,9,12,17,236,0,25,33,6,87,3,2,0,13,622
JHARKHAND,PAKUR,2011,30,1,5,78,38,6,2,8,226,0,74,6,5,293,0,6,0,22,721
JHARKHAND,PALAMU,2011,93,72,0,56,126,31,47,78,492,0,180,49,5,244,28,6,0,12,2033
JHARKHAND,RAMGARH,2011,32,23,0,48,62,26,26,22,498,0,34,24,2,138,7,8,0,3,979
JHARKHAND,RANCHI,2011,151,38,6,100,132,33,54,69,902,0,91,42,3,338,8,9,0,14,2222
JHARKHAND,SAHEBGANJ,2011,73,39,11,142,108,8,15,20,202,0,54,50,7,91,5,4,0,32,1128
JHARKHAND,SARAIKELA,2011,64,43,6,60,32,9,26,46,396,0,27,24,0,85,8,9,0,13,900
JHARKHAND,SIMDEGA,2011,72,24,0,50,38,5,10,10,96,0,1,11,3,46,1,6,0,10,396
JHARKHAND,TOTAL,2011,1747,718,83,1568,1882,349,614,1235,12756,0,2133,907,138,4403,282,317,0,659,35838
KARNATAKA,BAGALKOT,2011,37,39,2,30,30,5,16,102,282,0,188,62,6,244,0,38,0,58,2255
KARNATAKA,BANGALORE COMMR.,2011,232,460,3,194,1146,385,783,1313,21086,0,390,3155,4,2927,53,250,0,458,30283
KARNATAKA,BANGALORE RURAL,2011,105,39,1,58,60,19,81,277,1266,0,252,109,0,517,10,74,0,83,4915
KARNATAKA,BELGAUM,2011,136,121,2,90,106,9,83,284,998,0,552,298,23,1050,11,221,0,297,7393
KARNATAKA,BELLARY,2011,58,57,1,12,42,7,31,164,728,0,193,91,5,391,15,65,0,103,3205
KARNATAKA,BIDAR,2011,51,33,1,28,26,4,9,121,274,0,150,51,11,896,7,27,0,77,3471
KARNATAKA,BIJAPUR,2011,66,58,0,14,86,7,24,120,280,0,294,97,0,627,8,66,0,116,3040
KARNATAKA,CBPURA,2011,52,41,11,32,46,7,31,114,770,0,229,81,0,485,7,55,0,92,2611
KARNATAKA,CHAMARAJNAGAR,2011,40,28,0,22,14,4,8,64,282,0,148,15,0,506,9,71,0,62,1960
KARNATAKA,CHICKMAGALUR,2011,27,34,4,20,34,8,18,121,378,0,137,42,0,673,1,53,0,68,2726
KARNATAKA,CHITRADURGA,2011,38,21,3,54,60,6,39,168,590,0,287,62,9,871,5,93,0,96,4278
KARNATAKA,DAKSHIN KANNADA,2011,23,20,0,12,12,4,10,102,216,0,87,42,13,268,1,46,0,38,1741
KARNATAKA,DAVANAGERE,2011,35,18,7,22,34,5,31,141,380,0,218,55,0,394,6,65,0,93,2768
KARNATAKA,DHARWAD COMMR.,2011,26,23,0,14,46,4,52,131,564,0,87,141,10,144,3,22,0,56,1856
KARNATAKA,DHARWAD RURAL,2011,26,24,0,0,14,2,6,37,146,0,120,31,0,173,2,21,0,22,1297
KARNATAKA,GADAG,2011,25,17,0,10,20,0,7,52,142,0,97,18,3,147,0,48,0,32,1100
KARNATAKA,GULBARGA,2011,93,114,2,72,170,11,83,252,766,0,431,115,35,814,2,111,0,153,4537
KARNATAKA,HASSAN,2011,56,87,4,54,54,13,99,290,816,0,194,113,0,1469,32,106,0,264,6071
KARNATAKA,HAVERI,2011,23,27,1,26,44,4,10,71,212,0,256,50,0,302,0,76,0,74,2356
KARNATAKA,K.G.F.,2011,14,19,1,8,24,1,14,51,174,0,63,33,0,264,1,14,0,28,971
KARNATAKA,KODAGU,2011,33,25,0,32,22,3,9,108,238,0,41,33,0,612,5,25,0,57,1901
KARNATAKA,KOLAR,2011,37,45,0,34,36,6,19,78,424,0,190,24,0,279,3,21,0,23,2053
KARNATAKA,KOPPAL,2011,25,15,15,26,42,5,8,74,274,0,116,36,0,173,0,23,0,70,1858
KARNATAKA,MANDYA,2011,71,57,1,62,68,9,73,307,1154,0,383,107,34,1361,12,98,0,230,6120
KARNATAKA,MANGALORE CITY,2011,22,20,0,32,16,2,30,111,476,0,101,133,0,211,0,27,0,43,2615
KARNATAKA,MYSORE COMMR.,2011,27,38,1,22,50,11,198,183,1544,0,76,166,0,240,5,23,0,32,3081
KARNATAKA,MYSORE RURAL,2011,68,49,0,38,94,11,38,219,698,0,329,77,0,1030,7,174,0,158,4383
KARNATAKA,RAICHUR,2011,53,32,1,58,74,2,21,91,296,0,320,116,0,567,10,149,0,174,3491
KARNATAKA,RAILWAYS,2011,15,2,1,0,2,5,31,3,1040,0,1,3,0,9,0,0,0,0,672
KARNATAKA,RAMANAGAR,2011,75,54,0,38,104,19,78,238,860,0,271,91,53,595,23,101,0,71,4337
KARNATAKA,SHIMOGA,2011,54,76,2,46,50,14,58,198,642,0,314,113,4,1130,6,123,0,278,5516
KARNATAKA,TUMKUR,2011,101,94,7,62,80,16,89,248,1022,0,369,161,4,913,17,135,0,124,5593
KARNATAKA,UDUPI,2011,22,9,0,10,18,1,27,162,350,0,99,69,1,291,1,45,0,42,2578
KARNATAKA,UTTAR KANNADA,2011,29,20,14,22,14,2,2,86,158,0,96,24,10,369,3,73,0,75,2976
KARNATAKA,YADGIRI,2011,25,21,0,18,52,2,7,55,142,0,186,36,6,353,2,69,0,65,1592
KARNATAKA,TOTAL,2011,1820,1837,85,1272,2790,613,2123,6136,39668,0,7265,5850,231,21295,267,2608,0,3712,137600
KERALA,ALAPUZHA,2011,25,17,2,112,30,3,35,156,536,0,473,321,12,2103,1,245,0,310,9927
KERALA,ERNAKULAM COMMR.,2011,26,25,11,124,22,8,31,138,574,0,502,192,8,954,1,149,0,225,13192
KERALA,ERNAKULAM RURAL,2011,15,14,0,60,24,40,38,77,614,0,343,630,5,376,0,105,0,136,34638
KERALA,IDUKKI,2011,20,31,1,108,20,3,23,160,322,0,296,109,8,1307,0,169,0,237,6196
KERALA,KANNUR,2011,20,45,3,110,28,10,94,221,514,0,1065,189,61,1408,0,161,0,373,7989
KERALA,KASARGOD,2011,19,21,3,250,30,5,35,129,250,0,607,179,53,985,0,136,0,196,3942
KERALA,KOLLAM COMMR.,2011,14,41,3,102,42,25,16,105,454,0,602,86,18,1146,1,192,0,319,6357
KERALA,KOLLAM RURAL,2011,29,25,2,92,26,8,24,164,340,0,460,126,16,1500,0,255,0,298,6536
KERALA,KOTTAYAM,2011,22,50,5,102,48,3,30,161,562,0,485,198,28,1406,2,258,0,285,8448
KERALA,KOZHIKODE COMMR.,2011,5,15,0,28,22,30,48,136,482,0,446,191,10,685,0,124,0,171,3996
KERALA,KOZHIKODE RURAL,2011,12,31,1,92,42,3,27,134,314,0,997,164,96,1124,1,179,0,322,7409
KERALA,MALAPPURAM,2011,13,17,8,166,48,11,59,249,760,0,822,392,10,898,0,232,0,661,13026
KERALA,PALAKKAD,2011,41,43,12,170,26,24,36,208,472,0,684,201,24,1372,2,156,0,404,7721
KERALA,PATHANAMTHITTA,2011,20,19,4,66,34,13,20,135,364,0,418,146,7,1060,0,157,0,158,5532
KERALA,RAILWAYS,2011,1,1,1,0,0,5,2,4,500,0,6,0,0,35,0,25,0,0,362
KERALA,THRISSUR COMMR.,2011,8,17,7,56,24,17,28,75,288,0,362,678,10,340,0,100,0,131,4891
KERALA,THRISSUR RURAL,2011,24,41,15,138,24,13,34,180,502,0,597,479,27,942,1,263,0,449,11486
KERALA,TRIVANDRUM COMMR.,2011,8,29,3,78,50,59,79,175,814,0,526,405,14,982,0,241,0,156,6591
KERALA,TRIVANDRUM RURAL,2011,32,36,16,280,42,33,69,326,580,0,858,273,36,2293,4,547,0,422,9642
KERALA,WAYANADU,2011,11,3,8,130,16,3,13,68,166,0,205,196,7,831,2,62,0,124,4256
KERALA,TOTAL,2011,365,521,105,2264,598,316,741,3001,9408,0,10754,5155,450,21747,15,3756,0,5377,172137
MADHYA PRADESH,ALIRAJPUR,2011,76,39,0,48,38,1,5,25,118,0,10,4,11,278,0,23,0,8,1262
MADHYA PRADESH,ANUPPUR,2011,39,23,1,120,14,3,16,80,172,0,23,16,3,174,10,57,0,42,1435
MADHYA PRADESH,ASHOK NAGAR,2011,26,21,2,72,14,2,18,77,226,0,27,7,6,976,8,105,0,33,2613
MADHYA PRADESH,BALAGHAT,2011,51,21,4,110,14,0,12,89,180,0,27,23,13,337,3,104,0,37,2447
MADHYA PRADESH,BARWANI,2011,51,19,0,78,16,0,8,72,286,0,25,8,8,233,2,58,0,11,1914
MADHYA PRADESH,BETUL,2011,54,29,1,240,38,2,18,94,388,0,7,30,10,295,20,188,0,53,3278
MADHYA PRADESH,BHIND,2011,73,92,4,102,44,5,78,121,452,0,55,30,17,1229,28,71,0,45,3695
MADHYA PRADESH,BHOPAL,2011,91,112,8,292,80,8,161,1031,5302,0,108,111,19,812,19,144,0,198,15123
MADHYA PRADESH,BHOPAL RLY.,2011,6,3,1,0,0,1,27,1,2308,0,5,2,0,0,0,8,0,0,1448
MADHYA PRADESH,BURHANPUR,2011,18,5,0,58,4,1,10,30,172,0,7,18,2,58,5,41,0,13,1135
MADHYA PRADESH,CHHATARPUR,2011,58,78,5,154,88,4,74,306,554,0,96,52,16,598,33,185,0,75,5133
MADHYA PRADESH,CHHINDWARA,2011,71,26,2,222,48,3,12,208,544,0,70,42,19,1352,14,189,0,89,5180
MADHYA PRADESH,DAMOH,2011,45,56,0,104,42,1,22,155,284,0,21,20,20,1567,27,193,0,139,3649
MADHYA PRADESH,DATIYA,2011,53,43,0,50,38,2,39,92,310,0,29,26,11,285,10,65,0,37,2614
MADHYA PRADESH,DEWAS,2011,43,69,0,204,52,5,26,219,1328,0,48,34,33,380,19,162,0,110,5434
MADHYA PRADESH,DHAR,2011,81,63,3,206,86,8,25,167,1020,0,37,27,27,595,62,189,0,74,5547
MADHYA PRADESH,DINDORI,2011,22,4,5,92,12,0,2,26,60,0,9,12,0,86,1,67,0,21,1038
MADHYA PRADESH,GUNA,2011,45,43,2,150,52,8,22,152,610,0,67,25,15,698,9,122,0,30,3708
MADHYA PRADESH,GWALIOR,2011,107,148,30,150,180,24,202,919,4240,0,131,154,28,1138,34,170,0,168,11015
MADHYA PRADESH,HARDA,2011,25,16,0,106,30,1,7,55,198,0,16,11,3,251,5,59,0,14,1306
MADHYA PRADESH,HOSHANGABAD,2011,59,50,5,118,56,5,66,211,522,0,26,40,25,306,16,149,0,120,4078
MADHYA PRADESH,INDORE,2011,135,137,4,258,132,14,219,993,7268,0,116,231,41,2629,41,339,0,398,18569
MADHYA PRADESH,INDORE RLY.,2011,4,1,3,4,2,0,6,2,520,0,1,0,0,3,1,4,0,0,346
MADHYA PRADESH,JABALPUR,2011,93,129,4,214,78,11,68,460,1526,0,89,129,20,3171,39,269,0,212,10293
MADHYA PRADESH,JABALPUR RLY.,2011,4,2,0,6,4,4,26,5,890,0,4,0,0,5,1,3,0,0,615
MADHYA PRADESH,JHABUA,2011,24,8,0,84,70,5,27,84,160,0,21,11,21,230,4,62,0,10,2028
MADHYA PRADESH,KATNI,2011,41,26,4,124,16,3,7,157,278,0,19,33,8,920,16,140,0,51,3228
MADHYA PRADESH,KHANDWA,2011,38,28,0,118,26,1,20,176,462,0,17,15,15,92,5,141,0,24,2914
MADHYA PRADESH,KHARGON,2011,37,26,6,78,26,5,23,124,762,0,30,23,10,54,38,118,0,38,3874
MADHYA PRADESH,MANDLA,2011,36,14,2,126,18,0,8,66,126,0,4,27,7,308,4,101,0,27,2210
MADHYA PRADESH,MANDSAUR,2011,37,52,0,98,52,5,38,163,628,0,20,46,11,203,4,100,0,58,3542
MADHYA PRADESH,MORENA,2011,56,100,3,80,56,29,48,178,838,0,103,43,17,1905,32,85,0,85,5160
MADHYA PRADESH,NARSINGHPUR,2011,45,34,0,130,36,2,15,134,272,0,33,27,17,1252,20,108,0,69,2949
MADHYA PRADESH,NEEMUCH,2011,20,13,0,50,34,1,27,139,416,0,33,23,11,210,4,49,0,51,2091
MADHYA PRADESH,PANNA,2011,33,18,2,96,20,2,19,132,152,0,9,16,6,267,14,87,0,48,2277
MADHYA PRADESH,RAISEN,2011,47,70,3,236,72,3,19,137,530,0,41,19,17,321,15,179,0,67,4172
MADHYA PRADESH,RAJGARH,2011,43,34,0,180,52,2,25,165,676,0,87,11,55,402,6,175,0,51,4609
MADHYA PRADESH,RATLAM,2011,35,49,1,194,96,7,42,141,666,0,56,31,19,485,9,131,0,135,3829
MADHYA PRADESH,REWA,2011,46,41,6,182,52,6,57,401,816,0,0,64,15,1003,32,122,0,112,5007
MADHYA PRADESH,SAGAR,2011,94,96,1,262,212,4,55,381,982,0,87,71,26,2526,37,416,0,156,8978
MADHYA PRADESH,SATNA,2011,66,35,4,166,40,3,44,300,968,0,29,26,22,979,20,177,0,109,5445
MADHYA PRADESH,SEONI,2011,31,23,5,122,24,2,9,99,294,0,25,28,6,302,9,111,0,27,2712
MADHYA PRADESH,SHAHDOL,2011,45,21,0,160,44,2,17,154,398,0,20,24,6,246,21,143,0,108,3204
MADHYA PRADESH,SHAJAPUR,2011,49,36,0,100,26,2,26,135,780,0,28,17,15,1435,8,135,0,7,3123
MADHYA PRADESH,SHEOPUR,2011,14,11,0,36,22,2,8,31,110,0,27,13,3,736,2,28,0,9,1276
MADHYA PRADESH,SHIVPURI,2011,55,53,3,186,54,17,45,149,508,0,52,35,16,1133,13,168,0,65,4911
MADHYA PRADESH,SIDHI,2011,29,9,0,64,64,0,9,137,262,0,8,21,10,321,16,93,0,45,2536
MADHYA PRADESH,SIHORE,2011,44,58,1,164,52,4,29,175,692,0,46,35,27,418,11,119,0,76,4315
MADHYA PRADESH,SINGRAULI,2011,43,13,7,86,50,3,9,82,198,0,30,11,7,347,13,89,0,59,2123
MADHYA PRADESH,TIKAMGARH,2011,37,27,7,152,46,7,45,131,284,0,52,16,8,948,18,153,0,36,3240
MADHYA PRADESH,UJJAIN,2011,68,149,0,162,86,3,72,350,2288,0,92,71,37,397,14,196,0,176,8411
MADHYA PRADESH,UMARIYA,2011,21,11,0,44,8,0,9,73,122,0,8,19,5,110,3,78,0,27,1404
MADHYA PRADESH,VIDISHA,2011,47,56,0,174,60,2,31,246,682,0,49,32,20,705,16,197,0,79,4651
MADHYA PRADESH,TOTAL,2011,2511,2340,139,6812,2576,235,1952,10230,44828,0,2080,1860,784,35711,811,6665,0,3732,217094
MAHARASHTRA,AHMEDNAGAR,2011,107,108,3,156,164,84,161,626,3244,0,679,273,43,779,32,160,0,677,7648
MAHARASHTRA,AKOLA,2011,46,43,3,60,80,12,61,249,1642,0,115,125,36,759,13,93,0,140,4025
MAHARASHTRA,AMRAVATI COMMR.,2011,15,42,2,44,40,13,65,237,2008,0,68,70,8,364,2,49,0,94,2931
MAHARASHTRA,AMRAVATI RURAL,2011,58,38,2,138,58,11,35,222,1558,0,92,40,81,923,3,142,0,104,4228
MAHARASHTRA,AURANGABAD COMMR.,2011,41,118,1,32,70,28,152,380,1704,0,154,194,26,470,7,65,0,122,3781
MAHARASHTRA,AURANGABAD RURAL,2011,60,48,2,36,32,16,34,184,1024,0,277,58,37,695,36,78,0,212,3214
MAHARASHTRA,BEED,2011,61,72,8,64,116,55,88,325,992,0,333,158,45,953,11,99,0,378,4230
MAHARASHTRA,BHANDARA,2011,33,15,4,46,24,5,19,171,888,0,25,40,20,306,1,30,0,50,2077
MAHARASHTRA,BULDHANA,2011,60,41,1,52,56,12,35,168,1220,0,233,120,45,768,14,124,0,194,3902
MAHARASHTRA,CHANDRAPUR,2011,50,39,6,112,60,10,43,230,1336,0,82,67,36,629,4,108,0,109,3828
MAHARASHTRA,DHULE,2011,49,31,1,32,54,42,57,194,868,0,212,79,15,379,4,52,0,203,2749
MAHARASHTRA,GADCHIROLI,2011,82,27,1,40,10,2,10,55,204,0,21,11,40,196,0,24,0,23,957
MAHARASHTRA,GONDIA,2011,37,22,2,62,48,5,19,159,740,0,35,49,21,363,1,67,0,36,1947
MAHARASHTRA,HINGOLI,2011,39,33,0,36,24,6,15,87,320,0,131,55,32,411,0,42,0,82,1743
MAHARASHTRA,JALGAON,2011,81,72,4,96,114,25,80,274,1964,0,356,308,31,788,8,146,0,364,5518
MAHARASHTRA,JALNA,2011,47,40,2,30,40,26,52,226,970,0,203,95,18,604,23,73,0,289,3017
MAHARASHTRA,KOLHAPUR,2011,65,41,2,84,76,26,51,367,1752,0,237,240,17,480,19,59,0,121,4114
MAHARASHTRA,LATUR,2011,68,48,3,34,74,19,50,251,808,0,280,128,26,684,4,57,0,156,3418
MAHARASHTRA,MUMBAI COMMR.,2011,203,180,4,442,442,74,467,2745,25966,0,379,1946,46,4302,14,553,0,393,32647
MAHARASHTRA,MUMBAI RLY.,2011,12,2,1,6,18,2,63,3,4268,0,6,50,0,56,0,8,0,0,2471
MAHARASHTRA,NAGPUR COMMR.,2011,114,74,13,90,80,23,198,734,4574,0,148,294,22,876,4,68,0,174,8063
MAHARASHTRA,NAGPUR RLY.,2011,3,3,0,2,0,6,29,4,2118,0,11,5,0,14,0,9,0,1,1235
MAHARASHTRA,NAGPUR RURAL,2011,65,31,5,88,50,11,36,206,1746,0,86,55,45,591,11,65,0,62,3891
MAHARASHTRA,NANDED,2011,90,76,3,64,104,19,59,389,996,0,315,209,67,1088,29,93,0,325,5162
MAHARASHTRA,NANDURBAR,2011,43,16,1,40,36,13,10,71,360,0,90,39,3,278,0,40,0,87,1486
MAHARASHTRA,NASIK COMMR.,2011,37,32,4,50,32,34,154,516,4190,0,111,197,21,258,5,37,0,115,4512
MAHARASHTRA,NASIK RURAL,2011,86,59,1,86,66,36,52,226,1310,0,359,171,9,758,5,91,0,298,4989
MAHARASHTRA,NAVI MUMBAI,2011,70,22,4,76,64,20,316,688,3870,0,129,410,6,504,1,57,0,110,5658
MAHARASHTRA,OSMANABAD,2011,42,35,0,60,56,24,24,220,692,0,230,142,18,626,2,88,0,186,3083
MAHARASHTRA,PARBHANI,2011,58,64,1,52,72,21,61,283,766,0,169,90,39,979,5,80,0,215,2967
MAHARASHTRA,PUNE COMMR.,2011,110,118,5,158,208,53,546,1192,9420,0,478,769,27,991,8,118,0,251,12622
MAHARASHTRA,PUNE RLY.,2011,3,0,0,0,6,7,7,1,782,0,1,3,0,8,0,4,0,0,462
MAHARASHTRA,PUNE RURAL,2011,148,97,9,174,128,74,150,719,3556,0,409,298,46,789,16,122,0,172,7902
MAHARASHTRA,RAIGAD,2011,39,16,0,14,14,7,20,130,644,0,115,124,11,205,2,42,0,42,1997
MAHARASHTRA,RATNAGIRI,2011,15,12,2,60,24,4,16,139,456,0,78,62,25,169,1,35,0,49,1463
MAHARASHTRA,SANGLI,2011,53,29,4,80,44,10,22,178,1088,0,163,218,27,385,5,51,0,98,2743
MAHARASHTRA,SATARA,2011,55,40,3,68,82,36,120,382,1860,0,226,191,28,417,2,80,0,179,4312
MAHARASHTRA,SINDHUDURG,2011,12,7,2,22,20,1,19,72,184,0,42,70,15,107,0,8,0,5,792
MAHARASHTRA,SOLAPUR COMMR.,2011,24,29,2,44,58,30,74,205,1040,0,110,115,9,172,0,31,0,68,1965
MAHARASHTRA,SOLAPUR RURAL,2011,107,47,4,106,86,35,79,285,1458,0,401,136,40,725,6,94,0,175,4716
MAHARASHTRA,THANE COMMR.,2011,127,65,4,158,184,45,277,1127,5912,0,279,855,23,2011,8,161,0,342,9653
MAHARASHTRA,THANE RURAL,2011,147,61,19,126,110,53,295,759,2336,0,345,364,26,788,10,105,0,57,6005
MAHARASHTRA,WARDHA,2011,37,33,2,68,52,14,34,247,1362,0,86,53,56,693,3,88,0,62,3492
MAHARASHTRA,WASHIM,2011,35,32,3,26,54,11,20,114,864,0,127,44,29,423,12,80,0,118,2279
MAHARASHTRA,YAVATMAL,2011,84,47,1,88,108,4,74,273,1838,0,130,78,40,1005,8,118,0,198,5008
MAHARASHTRA,TOTAL,2011,2818,2105,144,3402,3338,1064,4249,16313,106898,0,8556,9098,1255,29769,339,3794,0,7136,204902
MANIPUR,BISHNUPUR,2011,5,24,1,4,36,11,0,7,80,0,7,12,10,36,0,11,0,3,311
MANIPUR,CHANDEL,2011,2,8,0,2,0,12,0,1,10,0,1,0,2,5,0,0,0,0,63
MANIPUR,CHURACHANDPUR,2011,7,1,0,0,14,11,0,5,24,0,0,1,1,9,0,0,0,1,71
MANIPUR,CID,2011,0,0,0,0,0,0,0,0,0,0,0,1,0,0,0,0,0,0,2
MANIPUR,IMPHAL EAST,2011,17,37,0,22,72,48,1,11,152,0,12,22,10,71,0,7,0,8,509
MANIPUR,IMPHAL WEST,2011,24,118,2,34,122,39,2,14,992,0,22,53,13,83,1,11,0,8,1397
MANIPUR,SENAPATI,2011,3,11,0,0,10,11,1,7,32,0,9,5,30,3,0,0,0,0,161
MANIPUR,TAMENGLONG,2011,4,0,0,0,0,5,2,0,2,0,1,2,12,5,0,1,0,0,53
MANIPUR,THOUBAL,2011,9,38,1,42,78,11,1,6,130,0,17,29,14,76,0,8,0,19,585
MANIPUR,UKHRUL,2011,7,8,0,2,6,7,0,1,16,0,1,1,7,4,0,0,0,0,66
MANIPUR,TOTAL,2011,78,245,4,106,338,155,7,52,1438,0,70,126,99,292,1,38,0,39,3218
MEGHALAYA,GARO HILLS EAST,2011,11,19,0,6,24,13,4,12,116,0,0,5,0,0,0,0,0,0,237
MEGHALAYA,GARO HILLS SOUTH,2011,11,5,0,4,12,1,2,4,76,0,0,1,0,12,0,2,0,1,115
MEGHALAYA,GARO HILLS WEST,2011,22,7,0,16,50,8,11,36,300,0,8,28,6,70,1,22,0,8,533
MEGHALAYA,JAINTIA HILLS,2011,52,4,0,86,24,5,7,12,164,0,0,25,5,47,0,6,0,0,425
MEGHALAYA,KHASI HILLS EAST,2011,36,5,2,84,40,6,28,68,514,0,0,96,14,30,0,32,0,11,943
MEGHALAYA,KHASI HILLS WEST,2011,17,6,1,30,16,6,4,13,106,0,0,6,2,18,0,8,0,0,267
MEGHALAYA,RI-BHOI,2011,21,5,0,34,8,10,7,0,116,0,0,5,7,20,0,4,0,1,235
MEGHALAYA,TOTAL,2011,170,51,3,260,174,49,63,145,1392,0,8,166,34,197,1,74,0,21,2755
MIZORAM,AIZAWL,2011,10,10,6,70,2,0,4,190,790,0,0,46,12,44,0,43,0,9,983
MIZORAM,CHAMPHAI,2011,4,4,0,20,0,0,0,49,160,0,0,6,0,12,0,10,0,0,199
MIZORAM,KOLASIB,2011,5,2,0,14,4,0,0,18,114,0,0,1,3,10,0,3,0,0,146
MIZORAM,LAWNGTLAI,2011,1,1,0,4,2,0,0,7,58,0,0,2,0,4,0,0,0,0,64
MIZORAM,LUNGLEI,2011,2,3,1,26,4,0,1,36,186,0,0,8,1,5,0,3,0,0,191
MIZORAM,MAMIT,2011,2,2,1,8,0,1,1,10,62,0,0,1,1,11,0,4,0,0,85
MIZORAM,SAIHA,2011,1,2,0,4,0,0,0,15,50,0,0,2,0,8,0,5,0,0,79
MIZORAM,SERCHHIP,2011,1,0,0,8,0,0,0,11,48,0,0,0,2,3,0,4,0,0,74
MIZORAM,TOTAL,2011,26,24,8,154,12,1,6,336,1468,0,0,66,19,97,0,72,0,9,1821
NAGALAND,DIMAPUR,2011,15,10,0,18,48,4,46,26,340,0,0,16,1,14,0,7,0,1,499
NAGALAND,KIPHIRE,2011,0,0,0,0,0,0,0,0,0,0,0,0,0,0,0,0,0,0,13
NAGALAND,KOHIMA,2011,7,6,8,0,0,0,5,28,140,0,0,7,0,10,0,0,0,0,208
NAGALAND,LONGLENG,2011,0,2,1,2,2,0,0,0,22,0,0,1,0,0,0,0,0,0,18
NAGALAND,MOKOKCHUNG,2011,3,0,1,4,4,0,3,0,42,0,0,2,0,3,0,0,0,0,56
NAGALAND,MON,2011,6,3,0,4,0,1,0,3,16,0,1,0,0,6,0,0,0,0,42
NAGALAND,PEREN,2011,4,1,0,0,0,0,0,1,10,0,0,0,0,3,0,0,0,0,22
NAGALAND,PHEK,2011,4,8,0,6,0,0,1,2,20,0,0,1,1,3,0,2,0,0,48
NAGALAND,TUENSANG,2011,1,2,1,4,8,0,2,1,34,0,0,3,0,1,0,0,0,0,42
NAGALAND,WOKHA,2011,2,7,0,2,4,1,2,0,48,0,0,1,0,5,0,0,0,0,65
NAGALAND,ZUNHEBOTO,2011,4,4,0,6,2,1,0,12,48,0,0,0,0,10,0,0,0,0,70
NAGALAND,TOTAL,2011,46,43,11,46,68,7,59,73,720,0,1,31,2,55,0,9,0,1,1083
ODISHA,ANGUL,2011,71,47,0,126,88,22,80,162,940,0,142,57,12,32,25,299,0,58,3383
ODISHA,BALASORE,2011,62,66,1,150,222,27,53,227,794,0,45,76,20,1552,45,217,0,279,3741
ODISHA,BARAGARH,2011,34,99,0,42,32,11,41,91,432,0,82,21,23,62,16,91,0,99,1737
ODISHA,BERHAMPUR,2011,29,96,3,26,40,22,66,94,504,0,26,82,21,279,9,154,0,86,1698
ODISHA,BHADRAK,2011,38,32,0,52,110,5,20,81,310,0,29,78,27,32,24,93,0,138,2377
ODISHA,BOLANGIR,2011,31,112,0,104,48,12,47,106,350,0,81,68,19,0,6,166,0,44,1958
ODISHA,BOUDH,2011,12,12,0,28,38,0,11,22,104,0,14,11,6,153,0,56,0,15,514
ODISHA,CUTTACK,2011,49,28,0,68,92,9,61,106,410,0,33,43,19,0,24,26,0,133,2481
ODISHA,DCP BBSR,2011,34,63,0,70,80,18,76,213,2382,0,41,122,10,708,13,43,0,32,4057
ODISHA,DCP CTC,2011,27,21,13,38,62,12,54,103,1024,0,27,42,3,0,0,17,0,88,2261
ODISHA,DEOGARH,2011,14,23,0,30,18,5,9,17,42,0,6,14,4,124,2,68,0,6,477
ODISHA,DHENKANAL,2011,58,59,0,34,64,8,77,84,624,0,67,35,13,32,22,185,0,24,1738
ODISHA,GAJAPATI,2011,10,10,0,22,12,1,3,20,48,0,29,9,8,62,0,56,0,20,362
ODISHA,GANJAM,2011,85,202,0,100,102,33,88,118,372,0,93,45,36,305,32,358,0,0,2198
ODISHA,JAGATSINGHPUR,2011,35,24,0,62,94,20,49,88,404,0,45,24,16,127,18,12,0,75,1590
ODISHA,JAJPUR,2011,64,17,0,62,98,19,64,121,684,0,33,46,15,942,30,94,0,97,2492
ODISHA,JHARSUGUDA,2011,29,28,0,54,28,14,49,95,536,0,44,58,10,368,7,45,0,17,1309
ODISHA,KALAHANDI,2011,38,34,1,92,46,11,29,74,156,0,74,70,5,382,9,97,0,95,1593
ODISHA,KANDHAMAL,2011,36,10,0,64,50,6,19,48,142,0,20,30,4,290,9,70,0,41,891
ODISHA,KENDRAPARA,2011,38,33,0,82,88,18,50,103,264,0,31,16,15,217,36,14,0,147,1763
ODISHA,KEONJHAR,2011,102,89,14,150,96,28,89,87,590,0,50,24,17,406,22,134,0,110,2161
ODISHA,KHURDA,2011,20,21,10,58,60,12,66,59,338,0,36,29,16,4,10,14,0,139,1620
ODISHA,KORAPUT,2011,46,42,2,106,80,17,34,96,246,0,64,33,15,16,0,126,0,48,1471
ODISHA,MALKANGIR,2011,37,30,0,16,20,20,7,20,128,0,56,20,4,0,6,46,0,19,498
ODISHA,MAYURBHANJ,2011,103,73,0,152,178,4,24,91,522,0,17,50,18,105,34,227,0,143,2565
ODISHA,NAYAGARH,2011,37,40,0,50,60,16,31,49,290,0,29,20,14,405,16,4,0,89,1191
ODISHA,NOWRANGPUR,2011,34,30,0,88,88,3,11,35,142,0,32,23,6,72,2,80,0,43,1035
ODISHA,NUAPADA,2011,17,2,0,8,24,5,11,32,122,0,16,17,4,35,2,51,0,20,776
ODISHA,PURI,2011,49,65,0,42,74,24,106,151,720,0,75,67,10,47,27,16,0,98,2944
ODISHA,RAYAGADA,2011,38,45,5,64,72,15,16,65,216,0,36,14,6,60,7,106,0,38,1005
ODISHA,ROURKELA,2011,68,43,0,52,44,44,40,98,760,0,39,55,3,153,1,63,0,31,1705
ODISHA,SAMBALPUR,2011,37,54,0,60,26,24,118,167,818,0,79,36,4,396,2,48,0,29,2647
ODISHA,SONEPUR,2011,20,21,0,20,8,1,15,34,126,0,28,32,5,116,3,48,0,9,660
ODISHA,SRP(CUTTACK),2011,4,3,1,0,6,4,15,10,984,0,2,7,0,16,0,8,0,0,648
ODISHA,SRP(ROURKELA),2011,8,5,0,2,0,5,8,20,580,0,0,6,0,0,1,9,0,3,492
ODISHA,SUNDARGARH,2011,63,42,1,50,30,6,46,44,344,0,35,11,15,396,5,66,0,7,1239
ODISHA,TOTAL,2011,1477,1621,51,2224,2278,501,1583,3031,17448,0,1556,1391,423,7894,465,3207,0,2320,61277
PUNJAB,AMRITSAR,2011,52,41,1,32,42,7,6,60,198,0,0,144,8,209,1,16,0,58,1171
PUNJAB,BARNALA,2011,11,24,1,10,14,2,0,57,184,0,0,44,2,103,3,6,0,10,824
PUNJAB,BATALA,2011,28,28,3,26,32,3,2,49,186,0,0,103,10,185,4,8,0,35,858
PUNJAB,BHATINDA,2011,48,54,1,74,62,2,8,168,538,0,0,133,2,244,5,11,0,49,1609
PUNJAB,CP AMRITSAR,2011,32,75,0,40,86,16,12,117,780,0,0,261,4,154,4,7,0,101,1807
PUNJAB,CP JALANDHAR,2011,29,39,8,30,90,6,23,146,974,0,0,231,10,169,4,19,0,74,1962
PUNJAB,CP LUDHIANA,2011,76,83,12,96,188,12,14,203,986,0,0,388,7,240,14,25,0,109,3154
PUNJAB,FARIDKOT,2011,17,18,2,16,14,7,1,42,148,0,0,49,2,158,1,10,0,20,760
PUNJAB,FATEHGARH SAHIB,2011,13,12,2,8,18,7,5,40,204,0,0,62,0,143,4,4,0,21,792
PUNJAB,FAZILKA,2011,22,21,3,42,50,1,0,60,200,0,0,83,0,195,3,5,0,29,840
PUNJAB,FEROZPUR,2011,31,45,4,40,64,7,3,91,282,0,0,137,7,233,6,9,0,53,1213
PUNJAB,G.R.P,2011,6,3,2,0,2,0,0,1,104,0,0,2,0,9,0,0,0,0,351
PUNJAB,GURDASPUR,2011,22,29,6,24,52,1,3,53,100,0,0,85,0,89,6,17,0,38,780
PUNJAB,HOSHIARPUR,2011,51,43,5,56,62,14,44,118,422,0,0,153,5,290,11,13,0,72,1621
PUNJAB,JALANDHAR,2011,41,51,4,62,64,14,31,151,386,0,0,146,6,299,6,22,0,57,1602
PUNJAB,KAPURTHALA,2011,33,39,3,32,40,8,29,96,292,0,0,146,0,227,2,10,0,39,1182
PUNJAB,KHANNA,2011,17,28,4,14,24,6,2,55,238,0,0,81,0,109,1,6,0,10,872
PUNJAB,LUDHIANA,2011,16,30,2,16,30,6,4,45,186,0,0,99,4,91,4,4,0,22,867
PUNJAB,MANSA,2011,28,26,1,28,18,4,1,42,98,0,0,60,1,113,4,5,0,13,583
PUNJAB,MOGA,2011,32,60,3,24,52,6,9,140,464,0,0,149,5,203,5,3,0,26,1338
PUNJAB,MUKTSAR,2011,24,21,8,34,32,3,3,61,172,0,0,62,2,161,7,8,0,16,739
PUNJAB,PATHANKOT,2011,12,9,4,20,30,0,1,30,90,0,0,29,1,54,5,2,0,21,541
PUNJAB,PATIALA,2011,47,43,12,50,62,16,4,162,562,0,0,266,2,278,13,22,0,95,2653
PUNJAB,ROPAR,2011,20,16,4,28,50,3,4,61,302,0,0,57,0,115,5,9,0,18,1083
PUNJAB,SANGRUR,2011,38,52,9,60,50,9,6,147,410,0,0,120,3,240,14,10,0,36,1870
PUNJAB,SAS NGR,2011,31,38,4,48,78,4,4,137,704,0,0,312,0,161,4,13,0,76,2068
PUNJAB,SBS NAGAR,2011,18,21,3,16,18,3,17,80,190,0,0,39,2,125,4,6,0,14,729
PUNJAB,TARN TARAN,2011,47,48,1,32,38,4,0,76,168,0,0,130,0,160,3,12,0,24,1014
PUNJAB,TOTAL,2011,842,997,112,958,1362,171,236,2488,9568,0,0,3571,83,4757,143,282,0,1136,34883
RAJASTHAN,AJMER,2011,50,41,9,140,246,3,17,187,1232,0,11,1014,14,195,15,105,0,709,6627
RAJASTHAN,ALWAR,2011,104,51,4,198,322,2,30,189,3636,0,9,981,15,2604,53,136,0,556,10643
RAJASTHAN,BANSWARA,2011,34,14,0,110,204,3,7,57,242,0,61,138,22,616,6,59,0,190,2567
RAJASTHAN,BARAN,2011,24,38,4,120,182,0,7,68,572,0,5,286,9,426,10,158,0,351,3488
RAJASTHAN,BARMER,2011,29,27,0,42,68,0,1,82,472,0,3,304,18,456,27,36,0,201,3392
RAJASTHAN,BHARATPUR,2011,95,83,2,138,386,3,39,69,2936,0,1,750,28,157,29,85,0,478,9120
RAJASTHAN,BHILWARA,2011,34,30,5,104,170,1,29,164,1308,0,16,453,15,88,16,90,0,558,4697
RAJASTHAN,BIKANER,2011,39,47,15,110,62,1,4,124,588,0,0,525,9,225,17,54,0,446,3831
RAJASTHAN,BUNDI,2011,22,44,5,80,220,0,5,69,454,0,5,274,13,694,6,114,0,298,3305
RAJASTHAN,CHITTORGARH,2011,27,37,2,100,232,1,22,135,872,0,41,350,16,726,4,48,0,588,4246
RAJASTHAN,CHURU,2011,40,46,0,74,66,0,3,110,390,0,2,385,6,416,10,11,0,342,3068
RAJASTHAN,DAUSA,2011,24,18,6,26,196,11,19,71,1816,0,22,316,12,110,12,17,0,184,5145
RAJASTHAN,DHOLPUR,2011,56,66,1,64,152,14,16,31,840,0,1,187,8,1211,19,12,0,197,3743
RAJASTHAN,DUNGARPUR,2011,24,11,1,78,178,0,11,40,114,0,14,70,21,134,5,57,0,134,2030
RAJASTHAN,G.R.P.AJMER,2011,6,6,0,4,12,1,5,0,1000,0,1,3,0,4,0,9,0,0,665
RAJASTHAN,G.R.P.JODHPUR,2011,4,1,0,0,4,0,1,0,170,0,2,0,0,0,0,7,0,0,155
RAJASTHAN,GANGANAGAR,2011,56,76,1,198,152,0,10,176,730,0,1,945,4,857,19,73,0,653,5433
RAJASTHAN,HANUMANGARH,2011,53,48,1,164,92,0,6,61,366,0,0,715,2,300,12,66,0,405,3994
RAJASTHAN,JAIPUR EAST,2011,23,36,0,62,156,10,64,356,4382,0,75,602,9,100,15,59,0,272,6375
RAJASTHAN,JAIPUR NORTH,2011,17,18,2,40,86,5,32,82,1302,0,31,765,5,290,8,23,0,241,3396
RAJASTHAN,JAIPUR RURAL,2011,49,28,3,74,176,3,30,144,1124,0,14,519,7,388,15,37,0,213,5205
RAJASTHAN,JAIPUR SOUTH,2011,16,9,4,36,106,2,35,188,2142,0,20,597,4,118,6,18,0,215,4135
RAJASTHAN,JAIPUR WEST,2011,27,19,0,46,176,3,48,263,1964,0,11,792,6,241,10,25,0,208,4991
RAJASTHAN,JAISALMER,2011,11,8,0,8,14,0,3,43,252,0,14,86,9,227,5,17,0,20,1081
RAJASTHAN,JALORE,2011,35,14,0,44,100,0,3,65,340,0,9,191,15,11,14,24,0,154,2465
RAJASTHAN,JHALAWAR,2011,33,64,1,134,140,7,21,59,732,0,47,179,31,779,14,201,0,385,3596
RAJASTHAN,JHUNJHUNU,2011,41,35,2,102,158,1,10,110,618,0,11,512,11,427,21,68,0,284,4078
RAJASTHAN,JODHPUR CITY,2011,29,54,6,66,116,1,17,173,1890,0,4,684,12,641,13,57,0,338,4270
RAJASTHAN,JODHPUR RURAL,2011,21,9,0,52,76,0,6,51,292,0,0,240,14,771,17,28,0,133,2545
RAJASTHAN,KARAULI,2011,32,44,0,76,216,2,21,33,1238,0,8,178,13,16,18,18,0,174,4402
RAJASTHAN,KOTA CITY,2011,35,100,6,48,182,9,15,120,1726,0,2,499,2,144,5,58,0,413,4176
RAJASTHAN,KOTA RURAL,2011,26,57,4,88,118,0,6,38,294,0,0,134,9,225,5,98,0,235,2311
RAJASTHAN,NAGAUR,2011,44,62,1,140,136,1,12,148,750,0,0,466,11,105,14,66,0,398,4258
RAJASTHAN,PALI,2011,31,80,8,128,212,2,32,214,528,0,0,463,4,36,11,84,0,451,5347
RAJASTHAN,PRATAPGARH,2011,39,31,0,206,158,1,5,53,256,0,21,142,18,413,7,65,0,212,2253
RAJASTHAN,RAJSAMAND,2011,21,20,2,28,104,1,13,59,290,0,22,261,3,505,2,61,0,234,2282
RAJASTHAN,SAWAI MADHOPUR,2011,31,30,1,48,178,2,11,48,1076,0,0,266,9,0,4,43,0,201,3725
RAJASTHAN,SIKAR,2011,49,32,0,100,182,1,9,180,1066,0,22,803,14,275,26,11,0,232,5417
RAJASTHAN,SIROHI,2011,19,28,0,54,120,2,6,61,208,0,22,241,9,429,5,76,0,156,1952
RAJASTHAN,TONK,2011,28,14,3,50,158,1,8,93,522,0,49,275,5,879,5,23,0,315,3274
RAJASTHAN,UDAIPUR,2011,83,90,1,220,396,6,88,296,1468,0,174,906,41,1738,14,150,0,444,7939
RAJASTHAN,TOTAL,2011,1461,1566,100,3600,6408,100,727,4510,42198,0,751,17497,473,17977,514,2447,0,12218,165622
SIKKIM,EAST,2011,8,3,3,14,10,0,2,28,80,0,8,20,4,24,0,6,0,2,249
SIKKIM,NORTH,2011,1,0,0,0,0,0,0,3,18,0,2,1,0,6,0,1,0,0,46
SIKKIM,SOUTH,2011,2,3,4,8,8,0,3,24,40,0,10,6,0,24,0,11,0,1,195
SIKKIM,WEST,2011,3,1,1,10,2,0,0,5,6,0,5,4,0,21,0,6,0,1,106
SIKKIM,TOTAL,2011,14,7,8,32,20,0,5,60,144,0,25,31,4,75,0,24,0,4,596
TAMIL NADU,ARIYALUR,2011,28,23,0,32,38,0,9,38,188,0,42,16,10,210,1,47,0,15,1953
TAMIL NADU,CHENNAI,2011,168,332,1,152,112,3,219,766,5732,0,160,767,7,1466,20,73,0,229,21346
TAMIL NADU,CHENNAI RLY.,2011,6,5,0,0,2,1,26,1,432,0,4,5,0,41,1,6,0,0,515
TAMIL NADU,COIMBATORE RURAL,2011,39,31,0,10,96,4,112,166,804,0,78,51,0,464,1,43,0,50,4590
TAMIL NADU,COIMBATORE URBAN,2011,26,41,0,18,54,0,48,105,1648,0,30,171,23,398,2,32,0,83,4030
TAMIL NADU,CUDDALORE,2011,68,201,0,60,204,2,40,114,690,0,229,43,65,1010,16,12,0,57,9215
TAMIL NADU,DHARMAPURI,2011,55,28,7,28,140,6,34,68,314,0,95,31,21,891,0,44,0,53,3574
TAMIL NADU,DINDIGUL,2011,65,81,0,36,100,1,52,97,512,0,93,103,17,533,3,45,0,117,5426
TAMIL NADU,ERODE,2011,47,30,1,20,84,2,63,101,818,0,22,89,8,485,1,35,0,19,6198
TAMIL NADU,KANCHIPURAM,2011,87,85,0,38,44,1,22,97,550,0,135,61,12,497,1,25,0,25,6269
TAMIL NADU,KANYAKUMARI,2011,44,70,0,20,100,3,114,180,536,0,1,127,21,735,3,7,0,90,5199
TAMIL NADU,KARUR,2011,28,31,0,16,120,0,39,55,366,0,18,34,2,261,1,21,0,22,2574
TAMIL NADU,KRISHNAGIRI,2011,72,43,0,24,128,3,48,127,580,0,146,84,20,726,7,32,0,29,4506
TAMIL NADU,MADURAI RURAL,2011,71,140,1,42,188,21,156,198,710,0,183,209,20,638,12,68,0,73,6165
TAMIL NADU,MADURAI URBAN,2011,35,56,0,14,50,1,85,106,910,0,25,183,2,171,5,22,0,71,2873
TAMIL NADU,NAGAPATTINAM,2011,44,41,0,26,68,0,25,62,328,0,60,14,21,455,5,40,0,12,4153
TAMIL NADU,NAMAKKAL,2011,38,31,0,16,126,4,29,90,346,0,53,78,12,520,1,58,0,14,4526
TAMIL NADU,NILGIRIS,2011,17,15,0,12,14,0,14,50,130,0,10,13,1,176,0,8,0,4,1324
TAMIL NADU,PERAMBALUR,2011,14,20,0,14,50,0,32,42,156,0,11,24,4,129,1,18,0,3,1518
TAMIL NADU,PUDUKOTTAI,2011,35,70,1,14,86,2,36,76,338,0,55,37,22,330,0,24,0,18,3573
TAMIL NADU,RAMNATHAPURAM,2011,42,60,0,12,106,0,22,101,380,0,86,50,40,495,1,14,0,9,3511
TAMIL NADU,SALEM RURAL,2011,70,74,1,70,216,7,40,112,374,0,231,75,35,1650,4,108,0,51,6222
TAMIL NADU,SALEM URBAN,2011,28,26,0,46,76,3,60,55,546,0,27,61,2,355,2,21,0,38,3445
TAMIL NADU,SIVAGANGAI,2011,30,40,1,10,70,5,16,92,400,0,39,69,16,236,1,33,0,43,3074
TAMIL NADU,THANJAVUR,2011,61,97,0,20,92,5,103,233,1176,0,155,45,24,870,1,76,0,12,6528
TAMIL NADU,THENI,2011,34,113,2,44,176,2,33,125,522,0,68,185,21,666,12,40,0,89,5019
TAMIL NADU,THIRUNELVELI RURAL,2011,94,196,0,104,112,1,76,203,690,0,4,179,54,1040,8,57,0,120,7943
TAMIL NADU,THIRUNELVELI URBAN,2011,22,53,0,14,34,1,36,36,184,0,0,75,3,131,0,7,0,2,1234
TAMIL NADU,THIRUVALLUR,2011,30,38,3,12,20,2,27,64,252,0,70,61,12,362,7,2,0,12,3453
TAMIL NADU,THIRUVANNAMALAI,2011,45,49,0,48,150,2,3,76,376,0,136,67,31,635,3,11,0,11,4298
TAMIL NADU,THIRUVARUR,2011,24,38,1,8,42,0,12,85,268,0,26,19,30,467,2,8,0,6,4397
TAMIL NADU,THOOTHUGUDI,2011,72,216,1,58,84,4,92,218,786,0,0,134,40,587,4,2,0,40,5405
TAMIL NADU,TIRUPPUR,2011,47,24,0,18,122,8,98,276,1654,0,52,245,7,421,9,42,0,89,6769
TAMIL NADU,TRICHY RLY.,2011,5,1,0,0,0,0,3,1,208,0,1,0,0,10,0,3,0,1,230
TAMIL NADU,TRICHY RURAL,2011,49,77,0,26,118,6,79,121,444,0,39,22,19,306,2,38,0,35,4796
TAMIL NADU,TRICHY URBAN,2011,27,21,1,12,56,0,30,55,874,0,10,57,2,142,2,17,0,28,3496
TAMIL NADU,VELLORE,2011,77,72,5,50,168,3,23,186,1120,0,3,81,16,794,5,29,0,44,7672
TAMIL NADU,VILLUPURAM,2011,87,325,2,172,412,7,64,175,994,0,522,213,53,1340,7,274,0,140,10945
TAMIL NADU,VIRUDHUNAGAR,2011,46,68,0,38,110,2,46,95,512,0,90,94,13,524,1,25,0,58,4915
TAMIL NADU,TOTAL,2011,1877,2962,28,1354,3968,112,2066,4848,27848,0,3009,3872,706,21167,152,1467,0,1812,192879
TRIPURA,DHALAI,2011,24,13,0,42,32,1,9,20,66,0,2,5,6,96,1,38,0,52,437
TRIPURA,GRP,2011,1,0,0,0,0,0,0,0,6,0,1,1,0,2,0,0,0,0,11
TRIPURA,NORTH,2011,31,9,0,80,62,1,2,26,160,0,13,23,3,178,1,50,0,172,871
TRIPURA,SOUTH,2011,36,31,0,116,68,0,12,56,268,0,65,36,18,455,5,84,0,181,1775
TRIPURA,WEST,2011,71,22,0,172,146,9,27,125,488,0,94,34,31,609,23,122,0,297,2709
TRIPURA,TOTAL,2011,163,75,0,410,308,11,50,227,988,0,175,99,58,1340,30,294,0,702,5803
UTTAR PRADESH,AGRA,2011,181,182,38,152,790,20,185,381,7412,0,486,386,7,411,87,196,0,341,10290
UTTAR PRADESH,ALIGARH,2011,168,174,33,132,640,9,91,178,2520,0,316,346,25,293,73,194,0,256,5881
UTTAR PRADESH,ALLAHABAD,2011,156,126,34,134,440,10,88,257,2780,0,218,256,10,439,75,93,0,266,6256
UTTAR PRADESH,AMBEDKAR NAGAR,2011,42,39,10,32,160,2,15,52,226,0,53,57,5,195,16,33,0,88,1283
UTTAR PRADESH,AURAIYA,2011,29,20,9,30,152,3,19,16,258,0,11,41,1,90,25,14,0,26,1183
UTTAR PRADESH,AZAMGARH,2011,55,40,31,56,240,6,58,76,428,0,145,95,0,307,27,27,0,49,2173
UTTAR PRADESH,BADAUN,2011,97,124,40,36,274,4,34,50,312,0,7,87,6,312,48,62,0,59,2599
UTTAR PRADESH,BAGHPAT,2011,66,87,17,24,176,2,49,65,538,0,74,84,1,157,17,35,0,106,1736
UTTAR PRADESH,BAHRAICH,2011,53,55,19,114,266,12,28,74,446,0,87,179,23,175,62,49,0,55,2679
UTTAR PRADESH,BALLIA,2011,33,53,15,14,132,1,7,66,270,0,57,54,8,168,17,21,0,27,1148
UTTAR PRADESH,BALRAMPUR,2011,16,12,9,20,100,10,8,28,88,0,21,75,6,103,16,13,0,0,657
UTTAR PRADESH,BANDA,2011,40,27,19,52,96,2,2,59,242,0,31,38,12,28,29,56,0,31,1281
UTTAR PRADESH,BARABANKI,2011,71,52,21,72,284,0,13,60,402,0,6,109,7,337,25,51,0,51,2216
UTTAR PRADESH,BAREILLY,2011,116,150,40,68,410,3,56,129,1218,0,107,271,0,170,63,92,0,155,5010
UTTAR PRADESH,BASTI,2011,21,10,11,14,58,0,15,9,90,0,11,22,7,71,11,5,0,17,796
UTTAR PRADESH,BHIM NAGAR,2011,72,90,14,68,228,23,48,65,392,0,36,0,2,31,29,43,0,61,1737
UTTAR PRADESH,BIJNOR,2011,85,37,20,78,256,2,35,45,498,0,33,187,6,937,30,14,0,238,2555
UTTAR PRADESH,BULANDSHAHAR,2011,162,175,27,94,436,12,69,108,1002,0,99,216,1,17,50,94,0,362,3898
UTTAR PRADESH,CHANDOLI,2011,19,13,9,16,40,0,7,24,166,0,5,45,0,148,17,7,0,48,936
UTTAR PRADESH,CHITRAKOOT DHAM,2011,24,6,9,40,50,1,6,51,146,0,9,20,2,10,14,24,0,11,588
UTTAR PRADESH,CSM NAGAR,2011,30,36,9,40,198,0,8,40,212,0,51,39,3,180,17,40,0,53,1187
UTTAR PRADESH,DEORIA,2011,34,17,12,16,116,4,11,45,200,0,32,69,9,86,27,12,0,24,1188
UTTAR PRADESH,ETAH,2011,54,83,18,38,138,1,23,23,382,0,32,54,6,239,30,25,0,57,1695
UTTAR PRADESH,ETAWAH,2011,59,44,15,26,162,1,18,30,416,0,6,101,2,121,42,28,0,52,2134
UTTAR PRADESH,FAIZABAD,2011,49,31,18,54,238,6,24,83,460,0,57,89,4,222,11,56,0,21,2049
UTTAR PRADESH,FATEHGARH,2011,61,45,14,32,182,1,12,40,308,0,23,63,3,70,25,35,0,59,1185
UTTAR PRADESH,FATEHPUR,2011,64,32,12,80,212,8,30,41,278,0,30,146,3,289,45,55,0,45,2256
UTTAR PRADESH,FIROZABAD,2011,96,104,23,64,348,8,53,64,778,0,104,137,1,230,43,57,0,83,2969
UTTAR PRADESH,G.R.P.,2011,30,14,9,4,26,34,216,1,6086,0,62,34,0,7,1,38,0,0,5116
UTTAR PRADESH,GAUTAMBUDH NAGAR,2011,88,106,15,50,282,16,235,170,5934,0,108,319,0,16,25,42,0,102,6215
UTTAR PRADESH,GHAZIABAD,2011,162,136,35,44,514,8,135,212,6216,0,113,432,0,16,47,59,0,255,7813
UTTAR PRADESH,GHAZIPUR,2011,46,29,19,22,42,8,32,29,188,0,50,47,5,90,35,16,0,26,794
UTTAR PRADESH,GONDA,2011,46,51,22,68,258,20,28,98,402,0,67,280,18,380,27,29,0,6,2481
UTTAR PRADESH,GORAKHPUR,2011,105,100,31,100,464,6,47,205,2358,0,203,365,11,407,41,71,0,224,5074
UTTAR PRADESH,HAMIRPUR,2011,34,20,17,24,76,1,4,15,138,0,6,25,8,62,15,33,0,20,638
UTTAR PRADESH,HARDOI,2011,61,51,35,48,260,3,8,62,364,0,25,78,3,265,32,55,0,72,3104
UTTAR PRADESH,HATHRAS,2011,61,49,10,70,186,11,40,48,420,0,60,74,6,113,24,42,0,84,1595
UTTAR PRADESH,J.P.NAGAR,2011,66,36,18,88,122,23,32,39,360,0,20,104,6,311,16,21,0,83,1511
UTTAR PRADESH,JALAUN,2011,38,22,19,14,98,1,11,20,230,0,9,30,4,3,40,18,0,22,1066
UTTAR PRADESH,JAUNPUR,2011,41,47,26,28,186,1,19,53,276,0,41,55,15,273,42,22,0,41,1640
UTTAR PRADESH,JHANSI,2011,66,29,11,38,194,4,40,104,774,0,70,84,9,20,28,45,0,52,1934
UTTAR PRADESH,KANNAUJ,2011,37,41,17,28,214,2,9,31,198,0,39,82,15,19,34,49,0,98,2058
UTTAR PRADESH,KANPUR NAGAR,2011,159,140,41,142,686,11,133,319,3476,0,177,510,3,309,69,140,0,284,7661
UTTAR PRADESH,KANSHIRAM NAGAR,2011,46,43,18,44,124,0,13,21,188,0,38,37,11,98,22,33,0,21,984
UTTAR PRADESH,KAUSHAMBI,2011,52,19,11,46,106,1,26,100,214,0,14,53,5,89,22,36,0,31,1410
UTTAR PRADESH,KHIRI,2011,89,93,32,70,280,2,25,45,592,0,28,91,10,386,57,76,0,57,2842
UTTAR PRADESH,KUSHI NAGAR,2011,50,24,26,26,152,3,3,29,222,0,60,84,10,137,35,11,0,31,1529
UTTAR PRADESH,LALITPUR,2011,19,11,13,30,74,0,10,20,120,0,22,31,2,82,14,52,0,26,828
UTTAR PRADESH,LUCKNOW,2011,119,97,46,110,584,11,61,454,4334,0,182,790,11,43,48,142,0,511,10538
UTTAR PRADESH,MAHARAJGANJ,2011,22,10,13,36,86,0,7,20,98,0,9,29,2,56,26,15,0,12,764
UTTAR PRADESH,MAHOBA,2011,13,19,16,32,66,2,14,31,136,0,10,37,0,1,15,41,0,31,644
UTTAR PRADESH,MAINPURI,2011,82,74,24,66,222,2,65,55,536,0,61,79,9,190,34,52,0,52,2212
UTTAR PRADESH,MATHURA,2011,113,125,13,78,290,3,73,91,1464,0,132,262,0,186,36,76,0,226,4546
UTTAR PRADESH,MAU,2011,28,70,15,38,132,0,23,68,340,0,79,47,0,175,7,31,0,64,1270
UTTAR PRADESH,MEERUT,2011,189,235,25,158,646,10,235,247,4890,0,238,444,7,24,36,99,0,400,7607
UTTAR PRADESH,MIRZAPUR,2011,28,3,10,6,10,0,2,20,130,0,1,48,2,101,20,3,0,34,1012
UTTAR PRADESH,MORADABAD,2011,103,89,19,110,366,26,119,111,1734,0,87,151,5,84,30,48,0,210,3618
UTTAR PRADESH,MUZAFFARNAGAR,2011,126,166,13,38,476,2,64,71,1016,0,165,243,2,9,25,37,0,203,4079
UTTAR PRADESH,PANCHSHIL NAGAR,2011,61,72,10,36,200,4,55,61,706,0,58,139,3,22,15,25,0,72,2059
UTTAR PRADESH,PILIBHIT,2011,46,32,7,24,138,0,10,15,210,0,9,154,0,3,39,31,0,69,2633
UTTAR PRADESH,PRABUDDH NAGAR,2011,57,65,12,22,132,5,55,22,414,0,53,63,3,9,10,13,0,83,1286
UTTAR PRADESH,PRATAPGARH,2011,58,56,17,48,180,2,19,59,322,0,80,63,13,345,31,35,0,121,1854
UTTAR PRADESH,RAIBAREILLY,2011,36,28,17,58,120,2,10,42,260,0,36,54,0,194,16,36,0,51,1553
UTTAR PRADESH,RAMABAI NAGAR,2011,50,27,20,42,180,6,13,18,244,0,32,41,9,386,29,35,0,65,1950
UTTAR PRADESH,RAMPUR,2011,79,91,8,86,242,15,72,87,774,0,84,204,0,2,26,27,0,86,2514
UTTAR PRADESH,SAHARANPUR,2011,78,78,21,42,180,4,31,50,872,0,58,182,0,12,32,16,0,135,3079
UTTAR PRADESH,SANT KABIRNAGAR,2011,17,18,12,34,96,0,9,27,94,0,25,24,5,149,6,12,0,19,792
UTTAR PRADESH,SHAHJAHANPUR,2011,87,108,24,80,282,6,21,57,502,0,41,108,37,256,47,54,0,28,2620
UTTAR PRADESH,SHRAWASTI,2011,18,13,9,32,80,0,5,28,102,0,9,38,8,137,16,26,0,1,576
UTTAR PRADESH,SIDHARTHNAGAR,2011,14,6,10,18,84,0,5,27,124,0,10,16,0,20,17,21,0,29,661
UTTAR PRADESH,SITAPUR,2011,102,68,26,132,464,5,40,89,694,0,49,100,24,235,60,131,0,138,3394
UTTAR PRADESH,SONBHADRA,2011,18,11,18,38,52,0,4,29,168,0,4,77,5,59,8,21,0,16,905
UTTAR PRADESH,ST.RAVIDASNAGAR,2011,8,9,8,4,14,0,2,14,98,0,7,27,0,29,11,3,0,10,348
UTTAR PRADESH,SULTANPUR,2011,41,57,19,42,104,2,17,59,394,0,42,51,20,251,14,23,0,58,1551
UTTAR PRADESH,UNNAO,2011,61,48,33,72,224,1,6,57,372,0,44,104,5,119,30,66,0,85,2191
UTTAR PRADESH,VARANASI,2011,48,53,18,22,184,4,33,76,1114,0,58,285,6,218,41,17,0,136,3021
UTTAR PRADESH,TOTAL,2011,4951,4653,1454,4084,17000,418,3148,5765,73366,0,5022,9941,477,12234,2322,3455,0,7121,195135
UTTARAKHAND,ALMORA,2011,2,0,1,6,4,0,3,10,24,0,0,15,3,4,6,4,0,6,122
UTTARAKHAND,BAGESHWAR,2011,1,0,1,4,4,0,0,4,4,0,0,1,0,8,2,2,0,4,48
UTTARAKHAND,CHAMOLI,2011,4,2,0,4,2,0,1,8,26,0,3,8,0,7,0,2,0,2,80
UTTARAKHAND,CHAMPAWAT,2011,2,6,0,8,6,0,1,7,26,0,0,1,0,23,0,2,0,4,90
UTTARAKHAND,DEHRADUN,2011,25,35,16,62,110,1,23,98,962,0,66,176,1,202,10,16,0,101,1969
UTTARAKHAND,HARIDWAR,2011,56,58,13,52,190,9,89,79,1266,0,161,148,5,413,22,30,0,58,2632
UTTARAKHAND,NAINITAL,2011,17,14,8,20,48,0,16,20,316,0,27,34,0,26,15,4,0,19,768
UTTARAKHAND,PAURI GARHWAL,2011,6,1,4,2,10,0,0,11,96,0,20,21,2,18,2,6,0,6,209
UTTARAKHAND,PITHORAGARH,2011,5,3,1,18,8,0,3,9,22,0,4,7,5,38,5,8,0,5,157
UTTARAKHAND,RUDRA PRAYAG,2011,5,3,2,6,8,0,1,14,10,0,3,3,1,3,3,6,0,6,94
UTTARAKHAND,TEHRI GARHWAL,2011,4,1,0,6,2,0,4,6,12,0,6,8,0,2,1,1,0,1,97
UTTARAKHAND,UDHAMSINGH NAGAR,2011,49,65,7,62,232,4,38,71,1408,0,106,95,0,106,17,33,0,94,2433
UTTARAKHAND,UTTARKASHI,2011,2,1,1,8,4,0,0,5,14,0,5,2,0,2,0,2,0,1,75
UTTARAKHAND,TOTAL,2011,178,189,54,258,628,14,179,342,4186,0,401,519,17,852,83,116,0,307,8774
WEST BENGAL,24 PARGANAS NORTH,2011,232,215,126,406,1174,182,117,27,5836,0,720,440,41,238,88,218,0,2847,17412
WEST BENGAL,24 PARGANAS SOUTH,2011,247,3,33,548,698,118,32,4,4576,0,1445,159,26,207,43,121,0,2793,15252
WEST BENGAL,ASANSOL,2011,58,3,11,62,128,79,23,9,1282,0,99,76,0,173,10,30,0,461,3381
WEST BENGAL,BANKURA,2011,67,45,3,88,84,22,33,22,532,0,183,39,11,298,16,83,0,195,2296
WEST BENGAL,BIRBHUM,2011,93,83,34,88,116,47,30,7,706,0,139,37,29,429,25,63,0,337,2511
WEST BENGAL,BURDWAN,2011,90,19,16,104,202,93,33,9,924,0,274,107,14,22,16,21,0,665,3997
WEST BENGAL,COOCHBEHAR,2011,53,112,13,266,388,7,13,9,560,0,37,63,31,20,25,76,0,494,3354
WEST BENGAL,DAKSHIN DINAJPUR,2011,42,92,14,110,242,8,10,9,396,0,28,32,9,194,11,77,0,283,2336
WEST BENGAL,DARJEELING,2011,57,0,8,98,176,19,24,10,1232,0,56,36,9,822,4,51,0,337,3555
WEST BENGAL,HOOGHLY,2011,112,31,21,108,260,104,24,10,1606,0,596,267,53,28,21,38,0,816,5391
WEST BENGAL,HOWRAH,2011,39,38,9,70,258,37,40,66,1188,0,153,136,5,32,26,75,0,644,5447
WEST BENGAL,HOWRAH CITY,2011,38,0,12,48,220,52,36,34,2240,0,74,197,8,38,2,2,0,411,4709
WEST BENGAL,HOWRAH G.R.P.,2011,6,9,1,2,16,2,7,0,1046,0,1,10,0,0,0,5,0,1,667
WEST BENGAL,JALPAIGURI,2011,108,79,27,422,586,9,37,50,3042,0,54,109,33,320,13,223,0,947,7886
WEST BENGAL,KHARAGPUR G.R.P.,2011,4,0,1,0,4,3,8,0,340,0,3,0,0,0,0,5,0,1,225
WEST BENGAL,KOLKATA,2011,54,85,28,92,296,45,34,63,7064,0,336,1625,0,2271,11,254,0,557,17152
WEST BENGAL,MALDA,2011,98,108,15,358,486,33,16,9,820,0,88,53,22,256,14,38,0,762,4496
WEST BENGAL,MURSHIDABAD,2011,145,637,28,866,1132,100,47,13,2218,0,252,189,45,4012,49,621,0,2956,14154
WEST BENGAL,NADIA,2011,136,375,26,370,1000,65,43,20,2746,0,207,291,13,2668,65,128,0,1923,12271
WEST BENGAL,PASCHIM MIDNAPUR,2011,171,111,23,106,282,52,70,39,1370,0,640,85,34,174,27,89,0,803,5494
WEST BENGAL,PURAB MIDNAPUR,2011,84,13,19,130,350,34,26,29,774,0,461,118,0,0,22,18,0,835,4665
WEST BENGAL,PURULIA,2011,93,0,4,130,104,31,29,6,530,0,129,60,10,0,3,64,0,197,1895
WEST BENGAL,SEALDAH G.R.P.,2011,13,6,2,2,16,10,2,0,754,0,14,9,0,50,0,7,0,1,535
WEST BENGAL,SILIGURI G.R.P.,2011,3,0,0,0,8,0,0,0,300,0,1,0,0,0,0,4,0,0,231
WEST BENGAL,UTTAR DINAJPUR,2011,66,178,12,252,344,23,26,10,810,0,29,33,20,842,19,52,0,506,3885
WEST BENGAL,TOTAL,2011,2109,2242,486,4726,8570,1175,760,455,42892,0,6019,4171,413,13094,510,2363,0,19772,143197
A & N ISLANDS,ANDAMAN,2011,14,5,2,26,30,1,1,96,172,0,11,31,6,77,0,14,0,5,771
A & N ISLANDS,NICOBAR,2011,0,1,0,0,0,0,0,3,4,0,0,1,0,4,0,1,0,0,22
A & N ISLANDS,TOTAL,2011,14,6,2,26,30,1,1,99,176,0,11,32,6,81,0,15,0,5,793
CHANDIGARH,CHANDIGARH,2011,24,40,6,54,116,8,68,285,3004,0,66,255,9,45,2,21,0,46,3542
CHANDIGARH,TOTAL,2011,24,40,6,54,116,8,68,285,3004,0,66,255,9,45,2,21,0,46,3542
D & N HAVELI,D AND N HAVELI,2011,14,2,0,8,18,7,2,22,138,0,20,18,5,25,0,2,0,3,372
D & N HAVELI,TOTAL,2011,14,2,0,8,18,7,2,22,138,0,20,18,5,25,0,2,0,3,372
DAMAN & DIU,DAMAN,2011,6,1,0,2,4,4,4,24,74,0,15,7,0,9,0,0,0,2,170
DAMAN & DIU,DIU,2011,0,0,0,0,2,0,2,7,20,0,4,3,0,2,0,0,0,0,54
DAMAN & DIU,TOTAL,2011,6,1,0,2,6,4,6,31,94,0,19,10,0,11,0,0,0,2,224
DELHI UT,CAW,2011,0,0,0,2,0,0,0,0,0,0,0,0,0,0,0,1,0,128,130
DELHI UT,CENTRAL,2011,25,15,10,32,308,0,26,39,2616,0,2,143,0,146,3,32,0,29,2451
DELHI UT,CRIME BRANCH,2011,1,4,0,2,0,0,0,0,6,0,0,77,0,0,0,0,0,0,121
DELHI UT,DELHI UT TOTAL,2011,543,386,71,1144,7534,58,562,1419,45798,0,50,2590,42,1946,142,657,0,1575,53353
DELHI UT,EAST,2011,54,53,6,110,786,8,67,154,6980,0,10,193,5,190,14,78,0,160,7004
DELHI UT,EOW,2011,0,0,0,0,0,0,0,0,0,0,0,147,0,0,0,0,0,0,149
DELHI UT,GRP(RLY),2011,10,3,0,8,50,3,21,4,1492,0,0,9,0,4,1,7,0,0,972
DELHI UT,IGI AIRPORT,2011,1,0,0,0,6,0,0,0,134,0,1,435,0,1,0,8,0,0,565
DELHI UT,NEW DELHI,2011,6,4,3,4,66,1,12,38,836,0,3,126,0,18,1,17,0,5,1181
DELHI UT,NORTH,2011,38,19,3,22,354,2,38,59,2352,0,1,153,2,133,4,15,0,88,2841
DELHI UT,NORTH-EAST,2011,66,43,9,138,1060,10,55,76,5404,0,3,101,1,288,21,88,0,254,5734
DELHI UT,NORTH-WEST,2011,51,36,2,116,662,4,89,180,4536,0,1,165,3,132,10,48,0,117,4889
DELHI UT,OUTER,2011,84,60,10,146,1154,8,74,260,4440,0,4,167,8,248,34,65,0,196,6118
DELHI UT,SOUTH,2011,30,25,5,130,444,6,31,203,4504,0,4,211,2,124,11,50,0,59,5141
DELHI UT,SOUTH-EAST,2011,61,33,6,150,956,7,54,147,4874,0,6,262,8,270,19,127,0,108,6377
DELHI UT,SOUTH-WEST,2011,51,44,5,138,782,1,52,158,2468,0,10,172,6,131,11,56,0,144,3783
DELHI UT,STF,2011,1,2,0,0,0,0,0,0,0,0,0,4,0,0,0,0,0,0,14
DELHI UT,WEST,2011,64,45,12,146,906,8,43,101,5156,0,5,225,7,261,13,65,0,287,5883
LAKSHADWEEP,LAKSHADWEEP,2011,0,1,0,0,0,0,0,0,8,0,5,0,3,3,0,0,0,0,44
LAKSHADWEEP,TOTAL,2011,0,1,0,0,0,0,0,0,8,0,5,0,3,3,0,0,0,0,44
PUDUCHERRY,KARAIKAL,2011,0,2,2,0,2,0,2,9,84,0,30,5,4,222,0,10,0,1,753
PUDUCHERRY,PUDUCHERRY,2011,32,20,10,14,22,15,9,56,1330,0,95,49,6,631,1,25,0,9,3609
PUDUCHERRY,TOTAL,2011,32,22,12,14,24,15,11,65,1414,0,125,54,10,853,1,35,0,10,4362
ANDHRA PRADESH,ADILABAD,2012,81,80,14,176,164,2,14,240,746,0,56,216,35,2172,7,90,0,498,5710
ANDHRA PRADESH,ANANTAPUR,2012,173,123,3,36,148,15,6,211,1162,0,41,168,24,2018,19,195,0,130,5441
ANDHRA PRADESH,CHITTOOR,2012,91,75,5,56,112,3,10,136,1002,0,32,217,27,622,33,90,0,339,4465
ANDHRA PRADESH,CUDDAPAH,2012,118,96,2,52,152,4,9,136,1026,0,114,332,6,2355,13,217,0,120,6110
ANDHRA PRADESH,CYBERABAD,2012,198,113,10,150,316,14,86,1101,8922,0,28,1762,48,4013,45,183,0,976,17979
ANDHRA PRADESH,EAST GODAVARI,2012,70,94,3,142,108,1,16,345,1722,0,31,204,38,2222,17,248,0,536,6945
ANDHRA PRADESH,GUNTAKAL RLY.,2012,7,0,0,2,2,1,3,0,536,0,1,0,1,11,1,1,0,2,339
ANDHRA PRADESH,GUNTUR,2012,96,68,1,46,126,0,6,146,1416,0,31,261,33,2309,21,252,0,656,7371
ANDHRA PRADESH,GUNTUR URBAN,2012,56,53,3,48,84,2,29,155,1808,0,11,294,15,1072,9,84,0,687,4687
ANDHRA PRADESH,HYDERABAD CITY,2012,102,166,6,148,176,12,57,647,7388,0,354,2131,101,3381,23,145,0,1339,15992
ANDHRA PRADESH,KARIMNAGAR,2012,128,112,11,80,282,4,25,326,1720,0,112,678,63,2636,46,224,0,759,8991
ANDHRA PRADESH,KHAMMAM,2012,130,110,7,156,146,5,14,284,1056,0,150,251,33,1956,13,233,0,231,6041
ANDHRA PRADESH,KRISHNA,2012,78,53,1,134,134,2,9,263,1346,0,26,218,52,2601,16,341,0,791,7211
ANDHRA PRADESH,KURNOOL,2012,111,143,4,44,116,3,18,246,1036,0,71,329,34,2382,15,331,0,166,6687
ANDHRA PRADESH,MAHABOOBNAGAR,2012,182,90,15,112,152,3,16,235,1922,0,58,189,38,1870,27,154,0,204,6485
ANDHRA PRADESH,MEDAK,2012,113,43,5,52,108,6,17,409,1386,0,130,324,52,1674,20,112,0,475,6070
ANDHRA PRADESH,NALGONDA,2012,86,88,6,104,178,9,20,323,1604,0,115,400,70,2995,20,246,0,302,8934
ANDHRA PRADESH,NELLORE,2012,94,86,1,46,180,5,42,292,1666,0,22,163,45,2550,9,210,0,405,6854
ANDHRA PRADESH,NIZAMABAD,2012,113,48,12,70,76,4,15,345,1226,0,66,297,47,1332,19,100,0,596,5542
ANDHRA PRADESH,PRAKASHAM,2012,108,117,5,74,168,2,27,258,1348,0,41,362,19,2523,16,213,0,263,6675
ANDHRA PRADESH,RAJAHMUNDRY,2012,23,25,3,26,18,0,7,120,674,0,0,93,5,734,3,49,0,183,2125
ANDHRA PRADESH,RANGA REDDY,2012,72,27,5,54,44,5,11,148,350,0,22,79,26,600,16,58,0,152,2094
ANDHRA PRADESH,SECUNDERABAD RLY.,2012,4,0,0,4,0,0,3,0,1574,0,0,4,0,9,0,5,0,0,916
ANDHRA PRADESH,SRIKAKULAM,2012,35,40,1,78,36,1,9,112,358,0,9,107,21,1511,3,116,0,312,3818
ANDHRA PRADESH,TIRUPATHI URBAN,2012,37,29,2,24,50,0,13,188,1260,0,22,172,6,672,6,21,0,96,2609
ANDHRA PRADESH,VIJAYAWADA CITY,2012,42,56,6,94,132,1,60,221,2770,0,16,416,33,1961,16,223,0,1136,7686
ANDHRA PRADESH,VIJAYAWADA RLY.,2012,7,1,0,0,6,3,4,0,1194,0,0,0,0,18,0,5,0,1,732
ANDHRA PRADESH,VISAKHA RURAL,2012,67,29,4,54,44,0,3,120,448,0,52,84,13,992,9,67,0,134,2733
ANDHRA PRADESH,VISAKHAPATNAM,2012,44,27,1,100,54,14,27,366,2124,0,12,252,10,1207,11,23,0,412,4626
ANDHRA PRADESH,VIZIANAGARAM,2012,44,36,7,88,42,2,4,162,526,0,1,118,15,1504,3,96,0,363,4482
ANDHRA PRADESH,WARANGAL,2012,75,47,10,112,132,3,22,262,776,0,173,197,25,1482,20,117,0,101,4722
ANDHRA PRADESH,WARANGAL URBAN,2012,41,17,1,60,82,2,14,193,842,0,70,281,8,1071,9,71,0,267,3583
ANDHRA PRADESH,WEST GODAVARI,2012,91,91,4,260,172,4,52,452,2016,0,11,403,37,2313,19,296,0,757,7867
ANDHRA PRADESH,TOTAL,2012,2717,2183,158,2682,3740,132,668,8442,54950,0,1878,11002,980,56768,504,4816,0,13389,192522
ARUNACHAL PRADESH,ANJAW,2012,0,0,0,0,2,0,0,3,4,0,0,0,0,3,0,0,0,0,15
ARUNACHAL PRADESH,CHANGLANG,2012,7,6,0,12,24,2,4,22,62,0,4,4,0,42,1,5,0,4,223
ARUNACHAL PRADESH,DIBANG VALLEY,2012,4,0,0,4,10,2,2,8,32,0,0,1,1,13,0,2,0,1,78
ARUNACHAL PRADESH,K/KUMEY,2012,1,0,0,4,2,1,0,0,10,0,0,1,0,6,0,1,0,0,29
ARUNACHAL PRADESH,KAMENG EAST,2012,9,1,1,12,4,2,4,8,18,0,0,8,0,43,0,1,0,0,140
ARUNACHAL PRADESH,KAMENG WEST,2012,6,1,0,0,6,1,1,11,28,0,0,1,0,30,0,1,0,2,112
ARUNACHAL PRADESH,LOHIT,2012,11,4,0,6,24,1,7,28,76,0,0,5,0,20,0,11,0,2,226
ARUNACHAL PRADESH,PAPUM PARE,2012,4,5,0,14,40,4,15,30,204,0,10,40,17,62,0,8,0,3,505
ARUNACHAL PRADESH,RURAL,2012,6,1,0,12,8,0,1,9,22,0,2,6,2,20,0,8,0,1,104
ARUNACHAL PRADESH,SIANG EAST,2012,5,0,0,12,2,2,6,16,92,0,0,2,1,16,0,4,0,1,170
ARUNACHAL PRADESH,SIANG UPPER,2012,1,1,0,2,6,1,0,6,22,0,5,3,1,7,0,0,0,3,51
ARUNACHAL PRADESH,SIANG WEST,2012,4,1,0,4,8,0,8,18,76,0,4,2,4,54,0,6,0,7,218
ARUNACHAL PRADESH,SUBANSIRI LOWER,2012,4,1,0,0,8,1,7,12,24,0,0,4,3,33,0,5,0,2,136
ARUNACHAL PRADESH,SUBANSIRI UPPER,2012,3,0,0,8,8,0,4,5,38,0,0,3,3,61,0,11,0,0,168
ARUNACHAL PRADESH,TAWANG,2012,2,0,0,0,0,0,1,8,32,0,1,1,0,2,0,1,0,0,46
ARUNACHAL PRADESH,TIRAP,2012,6,7,0,2,12,3,5,26,62,0,2,4,1,25,0,2,0,0,187
ARUNACHAL PRADESH,UPPER DIBANG VALLEY,2012,0,1,0,0,0,0,0,5,2,0,0,0,0,1,0,1,0,0,12
ARUNACHAL PRADESH,TOTAL,2012,73,29,1,92,164,20,65,215,804,0,28,85,33,438,1,67,0,26,2420
ASSAM,BAKSA,2012,38,7,0,66,124,5,14,22,208,0,3,14,4,66,3,4,0,15,664
ASSAM,BARPETA,2012,34,21,1,196,450,18,42,165,428,0,314,83,39,225,5,67,0,638,4764
ASSAM,BIEO,2012,0,0,0,0,0,0,0,0,0,0,0,0,0,0,0,0,0,0,16
ASSAM,BONGAIGAON,2012,17,9,0,100,146,10,5,63,294,0,54,21,7,150,6,15,0,169,1381
ASSAM,C.I.D.,2012,1,0,0,8,4,0,0,0,10,0,0,0,0,0,0,0,0,0,65
ASSAM,CACHAR,2012,72,0,0,188,350,13,13,264,1146,0,226,75,18,475,19,11,0,551,4658
ASSAM,CHIRANG,2012,40,4,0,48,80,5,6,59,126,0,23,6,29,16,0,11,0,78,718
ASSAM,DARRANG,2012,36,3,0,176,382,9,16,160,320,0,48,97,10,300,9,246,0,387,2607
ASSAM,DHEMAJI,2012,24,10,0,148,174,5,15,40,202,0,11,32,7,96,2,17,0,82,1107
ASSAM,DHUBRI,2012,65,46,1,318,630,13,20,189,508,0,572,144,56,590,13,218,0,729,4633
ASSAM,DIBRUGARH,2012,81,33,2,100,268,8,25,117,1120,0,24,33,23,256,0,138,0,316,2997
ASSAM,G.R.P.,2012,15,0,0,6,8,4,16,8,308,0,33,46,10,3,2,3,0,10,511
ASSAM,GOALPARA,2012,55,44,3,130,168,22,32,134,586,0,108,56,32,170,3,97,0,323,2415
ASSAM,GOLAGHAT,2012,58,34,0,120,362,10,54,100,462,0,16,58,25,474,1,72,0,226,2245
ASSAM,GUWAHATI CITY,2012,83,6,3,156,682,14,275,816,4852,0,40,330,11,320,9,90,0,237,8730
ASSAM,HAILAKANDI,2012,24,13,0,112,192,11,6,33,298,0,176,40,15,51,6,52,0,125,1322
ASSAM,HAMREN,2012,9,0,0,6,32,0,3,19,72,0,3,1,3,21,0,2,0,3,150
ASSAM,JORHAT,2012,36,36,0,84,212,3,41,124,870,0,11,117,14,332,1,53,0,254,2612
ASSAM,KAMRUP,2012,48,11,2,108,242,14,22,125,722,0,58,61,9,173,5,70,0,172,5022
ASSAM,KARBI ANGLONG,2012,35,24,1,56,116,4,5,34,354,0,16,10,7,53,0,4,0,30,824
ASSAM,KARIMGANJ,2012,36,22,0,64,170,15,9,122,394,0,59,29,21,106,11,4,0,262,2210
ASSAM,KOKRAJHAR,2012,110,42,0,54,180,4,6,77,440,0,2818,28,2350,97,3,31,0,84,6459
ASSAM,LAKHIMPUR,2012,37,10,13,124,256,6,15,105,368,0,18,12,0,86,0,25,0,19,1968
ASSAM,MORIGAON,2012,20,33,0,116,176,6,13,58,196,0,109,50,3,436,4,25,0,115,1449
ASSAM,N.C.HILLS,2012,15,13,11,10,46,0,0,16,70,0,7,10,4,38,0,0,0,0,249
ASSAM,NAGAON,2012,74,86,9,346,702,39,93,337,1080,0,184,109,63,828,10,245,0,875,5980
ASSAM,NALBARI,2012,22,3,1,68,202,7,25,110,354,0,27,47,5,339,3,83,0,131,1801
ASSAM,R.P.O.,2012,2,0,0,0,16,2,0,4,8,0,0,0,0,0,0,0,0,0,100
ASSAM,SIBSAGAR,2012,71,60,0,156,336,5,32,145,854,0,24,98,17,282,5,134,0,269,2686
ASSAM,SONITPUR,2012,91,41,1,194,482,14,34,220,928,0,72,46,29,341,11,39,0,124,3980
ASSAM,TINSUKIA,2012,86,32,6,128,320,5,61,128,992,0,10,32,8,202,1,43,0,137,2544
ASSAM,UDALGURI,2012,33,27,0,46,116,2,9,31,218,0,13,20,11,150,8,41,0,46,815
ASSAM,TOTAL,2012,1368,670,54,3432,7624,273,907,3825,18788,0,5077,1705,2830,6676,140,1840,0,6407,77682
BIHAR,ARARIA,2012,81,107,15,106,244,9,16,39,440,0,190,34,38,514,21,8,0,32,2526
BIHAR,ARWAL,2012,20,72,5,10,52,1,6,29,120,0,32,16,4,375,13,0,0,22,858
BIHAR,AURANGABAD,2012,89,192,2,44,142,32,45,73,660,0,320,95,22,1148,27,2,0,110,3279
BIHAR,BAGAHA,2012,43,0,0,22,152,2,8,48,252,0,150,22,43,43,9,0,0,37,1729
BIHAR,BANKA,2012,76,35,3,34,104,16,24,45,272,0,201,39,12,787,17,0,0,37,1801
BIHAR,BEGUSARAI,2012,120,261,0,22,286,14,53,107,850,0,295,46,29,1469,27,0,0,79,3717
BIHAR,BETTIAH,2012,83,150,5,70,332,8,24,136,1306,0,483,115,20,2392,28,0,0,20,5073
BIHAR,BHABHUA,2012,48,43,23,20,90,3,16,54,476,0,129,16,28,902,21,0,0,42,1867
BIHAR,BHAGALPUR,2012,99,77,6,62,264,13,51,140,720,0,271,99,14,762,24,0,0,119,3134
BIHAR,BHOJPUR,2012,71,121,6,18,148,14,21,115,690,0,137,78,18,2188,38,0,0,56,3846
BIHAR,BUXAR,2012,56,110,7,42,178,13,36,107,612,0,218,81,38,345,28,29,0,86,2566
BIHAR,DARBHANGA,2012,78,407,24,88,414,14,46,86,920,0,812,174,25,1894,34,0,0,377,6314
BIHAR,GAYA,2012,153,39,4,70,308,43,46,147,1374,0,397,165,7,772,53,0,0,92,6082
BIHAR,GOPALGANJ,2012,103,37,3,40,270,13,17,71,548,0,339,130,21,2173,43,0,0,190,3959
BIHAR,JAMALPUR RLY.,2012,8,9,0,2,4,3,8,0,372,0,4,0,0,28,0,0,0,0,264
BIHAR,JAMUI,2012,79,137,16,54,112,15,34,55,298,0,181,55,16,482,18,2,0,65,1752
BIHAR,JEHANABAD,2012,46,12,2,16,94,4,14,29,320,0,103,17,3,647,24,0,0,37,1448
BIHAR,KATIHAR,2012,91,94,2,146,274,15,32,62,800,0,229,86,32,1662,24,1,0,111,4072
BIHAR,KATIHAR RLY.,2012,13,1,1,0,16,3,4,3,332,0,1,5,1,34,0,1,0,1,317
BIHAR,KHAGARIA,2012,65,72,2,36,106,7,19,14,268,0,151,29,14,1151,12,0,0,41,2257
BIHAR,KISHANGANJ,2012,39,0,1,64,144,8,6,51,300,0,174,10,2,227,19,0,0,50,1420
BIHAR,LAKHISARAI,2012,40,86,2,26,78,7,13,26,214,0,141,48,6,290,10,3,0,55,1238
BIHAR,MADHEPURA,2012,56,130,4,62,154,12,37,30,406,0,314,58,12,1102,15,0,0,46,2293
BIHAR,MADHUBANI,2012,77,71,0,62,382,19,20,102,854,0,454,30,5,2109,27,0,0,195,4887
BIHAR,MOTIHARI,2012,124,735,6,44,466,28,46,213,1106,0,728,182,21,1468,67,0,0,156,7833
BIHAR,MUNGER,2012,68,32,3,18,130,9,28,33,332,0,140,90,1,415,8,1,0,40,1829
BIHAR,MUZAFFARPUR,2012,198,611,12,68,558,49,73,284,2938,0,427,292,8,2219,83,0,0,80,7306
BIHAR,MUZAFFARPUR RLY.,2012,11,0,2,4,2,3,10,3,602,0,12,11,0,0,0,0,0,0,553
BIHAR,NALANDA,2012,114,75,34,22,226,8,16,67,538,0,174,220,14,2540,79,7,0,116,4993
BIHAR,NAUGACHIA,2012,47,95,12,4,42,2,8,17,120,0,119,41,4,637,10,0,0,64,1494
BIHAR,NAWADAH,2012,82,30,4,36,178,6,18,52,374,0,261,102,12,602,29,0,0,13,2729
BIHAR,PATNA,2012,356,86,17,98,752,38,119,552,6228,0,522,748,12,4157,97,19,0,377,14015
BIHAR,PATNA RLY.,2012,11,9,0,4,16,10,9,0,1554,0,11,13,0,13,3,16,0,2,1088
BIHAR,PURNEA,2012,97,228,2,78,284,19,17,68,342,0,175,143,137,2014,17,8,0,0,3953
BIHAR,ROHTAS,2012,132,214,4,52,260,23,34,183,1166,0,222,78,12,593,44,15,0,92,3665
BIHAR,SAHARSA,2012,53,198,6,32,190,1,35,44,388,0,251,74,14,303,10,0,0,72,2421
BIHAR,SAMASTIPUR,2012,99,241,15,48,262,12,38,55,702,0,320,82,57,428,34,0,0,114,4817
BIHAR,SARAN,2012,128,289,13,46,356,18,37,144,1302,0,370,93,32,734,74,0,0,138,5254
BIHAR,SHEIKHPURA,2012,30,88,2,20,78,6,8,34,146,0,65,28,1,426,8,0,0,37,1189
BIHAR,SHEOHAR,2012,20,6,0,4,64,7,6,9,152,0,51,6,7,329,9,3,0,9,603
BIHAR,SITAMARHI,2012,97,35,7,40,334,33,41,118,964,0,170,24,28,2047,30,0,0,100,3982
BIHAR,SIWAN,2012,112,55,0,40,386,8,33,108,860,0,379,154,4,75,64,2,0,101,4379
BIHAR,SUPAUL,2012,31,9,0,40,236,11,14,53,466,0,316,50,9,1243,15,0,0,79,2626
BIHAR,VAISHALI,2012,122,153,13,40,446,15,80,152,1650,0,432,54,16,2088,62,1,0,196,5186
BIHAR,TOTAL,2012,3566,5452,285,1854,9614,594,1266,3758,35334,0,10871,3933,799,45827,1275,118,0,3686,146614
CHHATTISGARH,BALOD,2012,15,2,2,44,14,2,6,70,150,0,14,27,4,24,4,50,0,9,1117
CHHATTISGARH,BALODA BAZAR,2012,24,18,2,90,36,3,26,182,362,0,39,18,20,858,0,98,0,37,2371
CHHATTISGARH,BALRAMPUR,2012,39,18,0,128,10,4,7,33,96,0,14,14,3,87,0,52,0,30,950
CHHATTISGARH,BEMETARA,2012,12,15,0,48,38,0,8,57,210,0,19,16,6,30,3,61,0,29,1323
CHHATTISGARH,BILASPUR,2012,74,42,1,94,66,7,65,428,968,0,140,82,25,1612,10,169,0,95,4576
CHHATTISGARH,BIZAPUR,2012,46,58,0,8,6,7,7,13,28,0,3,1,3,10,0,5,0,1,291
CHHATTISGARH,DANTEWARA,2012,40,12,1,14,2,3,0,17,32,0,7,5,7,16,0,4,0,5,360
CHHATTISGARH,DHAMTARI,2012,17,7,1,42,4,0,7,97,190,0,14,24,3,51,1,36,0,15,1147
CHHATTISGARH,DURG,2012,52,44,1,182,110,1,32,377,1586,0,31,125,21,165,9,178,0,111,7471
CHHATTISGARH,GARIYABAND,2012,13,13,2,38,12,2,5,53,150,0,18,12,6,267,1,28,0,6,831
CHHATTISGARH,GRP RAIPUR,2012,3,1,1,4,14,0,2,3,392,0,0,2,0,9,0,5,0,2,289
CHHATTISGARH,JAGDALPUR,2012,42,22,2,72,22,0,9,76,162,0,27,18,21,455,0,20,0,8,1454
CHHATTISGARH,JANJGIR,2012,51,16,1,66,42,2,32,236,758,0,123,50,23,1162,11,104,0,123,3287
CHHATTISGARH,JASHPUR,2012,54,27,1,160,120,2,10,67,162,0,18,23,6,77,2,29,0,31,1237
CHHATTISGARH,KABIRDHAM,2012,17,20,0,44,28,0,11,62,138,0,25,23,3,564,1,58,0,20,1376
CHHATTISGARH,KANKER,2012,32,21,1,46,18,5,5,30,78,0,15,13,10,17,2,18,0,19,1007
CHHATTISGARH,KONDAGAON,2012,21,8,0,22,14,0,0,20,46,0,3,3,2,126,0,4,0,2,537
CHHATTISGARH,KORBA,2012,44,9,1,86,32,1,8,114,360,0,33,41,11,692,4,59,0,42,2217
CHHATTISGARH,KORIYA,2012,38,17,0,84,26,0,8,104,154,0,27,21,13,596,5,86,0,65,1581
CHHATTISGARH,MAHASAMUND,2012,33,9,0,56,76,1,15,144,348,0,51,38,9,98,4,63,0,33,2120
CHHATTISGARH,MUNGELI,2012,18,4,0,12,26,0,9,83,188,0,40,13,12,31,2,24,0,26,1012
CHHATTISGARH,NARAYANPUR,2012,12,20,0,10,12,11,1,7,14,0,0,5,7,26,0,4,0,0,186
CHHATTISGARH,RAIGARH,2012,61,41,6,138,30,2,51,237,860,0,63,31,10,659,6,81,0,55,3053
CHHATTISGARH,RAIPUR,2012,56,46,2,222,44,4,46,536,2476,0,102,214,47,2599,8,148,0,109,8323
CHHATTISGARH,RAJNANDGAON,2012,45,29,1,62,18,1,17,145,346,0,19,49,29,71,3,52,0,17,3035
CHHATTISGARH,SARGUJA,2012,56,28,0,146,36,4,13,73,248,0,36,19,15,58,0,89,0,25,1742
CHHATTISGARH,SUKMA,2012,24,30,0,2,14,6,3,8,14,0,3,2,10,14,0,2,0,2,205
CHHATTISGARH,SURAJPUR,2012,59,16,0,148,30,0,9,62,166,0,26,36,4,481,5,74,0,63,1500
CHHATTISGARH,TOTAL,2012,998,593,26,2068,900,68,412,3334,10682,0,910,925,330,10855,81,1601,0,980,54598
GOA,NORTH GOA,2012,28,20,3,52,30,3,11,189,1126,0,72,131,19,151,0,29,0,11,2102
GOA,SOUTH GOA,2012,17,15,0,58,18,3,14,167,704,0,50,74,15,115,0,20,0,13,1506
GOA,TOTAL,2012,45,35,3,110,48,6,25,356,1830,0,122,205,34,266,0,49,0,24,3608
GUJARAT,AHMEDABAD COMMR.,2012,90,49,7,126,458,24,603,701,7244,0,159,246,16,1320,11,79,0,1448,21347
GUJARAT,AHMEDABAD RURAL,2012,34,33,8,10,134,15,30,125,648,0,73,15,3,518,0,33,0,163,3673
GUJARAT,AHWA-DANG,2012,7,0,0,2,2,1,0,9,20,0,5,5,2,14,0,1,0,8,209
GUJARAT,AMRELI,2012,18,19,2,20,160,2,13,114,298,0,56,6,4,277,0,20,0,146,2301
GUJARAT,ANAND,2012,25,24,2,18,112,3,6,110,566,0,27,36,6,316,0,22,0,188,2991
GUJARAT,BHARUCH,2012,42,12,0,24,56,12,25,117,604,0,44,10,5,270,0,19,0,0,2781
GUJARAT,BHAVNAGAR,2012,46,23,1,26,210,3,30,160,816,0,71,43,19,592,0,30,0,221,4375
GUJARAT,CID CRIME,2012,1,0,0,2,0,0,0,0,0,0,0,5,0,0,0,0,0,0,15
GUJARAT,DAHOD,2012,34,13,0,20,144,41,51,150,404,0,55,8,20,353,0,17,0,7,1683
GUJARAT,GANDHINAGAR,2012,23,4,1,40,58,6,26,127,752,0,52,53,6,215,0,10,0,159,6530
GUJARAT,HIMATNAGAR,2012,30,6,1,20,114,6,9,103,410,0,52,72,4,171,0,22,0,249,6411
GUJARAT,JAMNAGAR,2012,43,40,2,44,82,13,48,220,1174,0,96,41,4,482,0,40,0,439,5030
GUJARAT,JUNAGADH,2012,40,17,0,30,126,7,18,120,550,0,117,34,19,464,1,37,0,411,3915
GUJARAT,KHEDA NORTH,2012,24,8,0,36,124,10,11,67,412,0,43,26,6,280,0,22,0,161,5092
GUJARAT,KUTCH (EAST(G)),2012,19,15,0,34,50,4,18,98,512,0,24,32,8,287,1,12,0,188,3030
GUJARAT,KUTCH (WEST-BHUJ),2012,24,5,1,16,36,2,6,73,336,0,50,13,2,185,0,18,0,127,1806
GUJARAT,MEHSANA,2012,31,28,2,20,118,11,35,182,1090,0,86,46,18,410,0,28,0,245,5353
GUJARAT,NARMADA,2012,17,3,0,14,12,3,0,7,78,0,15,2,2,94,0,3,0,13,674
GUJARAT,NAVSARI,2012,19,9,0,8,30,3,7,99,448,0,18,10,2,65,0,4,0,114,1542
GUJARAT,PALANPUR,2012,44,32,1,98,236,23,48,268,866,0,79,63,21,462,0,64,0,349,4867
GUJARAT,PANCHMAHAL,2012,54,16,1,10,148,25,20,114,462,0,52,17,20,375,0,36,0,294,3677
GUJARAT,PATAN,2012,18,15,1,14,62,11,21,99,542,0,51,10,10,369,0,32,0,151,3107
GUJARAT,PORBANDAR,2012,18,8,0,20,16,2,8,51,134,0,7,12,4,68,1,8,0,73,896
GUJARAT,RAJKOT COMMR.,2012,41,28,3,22,132,14,43,198,2026,0,74,43,8,336,0,10,0,264,4319
GUJARAT,RAJKOT RURAL,2012,48,21,2,40,124,5,19,160,550,0,68,19,12,313,3,26,0,292,4297
GUJARAT,SURAT COMMR.,2012,98,26,1,80,182,10,68,333,3772,0,65,177,3,441,3,28,0,299,9246
GUJARAT,SURAT RURAL,2012,55,16,0,26,66,16,18,143,990,0,50,39,7,135,1,14,0,94,3644
GUJARAT,SURENDRANAGAR,2012,40,26,0,38,102,4,18,123,418,0,78,5,14,428,0,51,0,124,2985
GUJARAT,TAPI,2012,11,4,2,10,6,1,4,26,186,0,10,4,9,64,0,9,0,17,792
GUJARAT,VADODARA COMMR.,2012,29,34,0,22,134,9,112,333,2666,0,92,175,5,375,0,15,0,306,6440
GUJARAT,VADODARA RURAL,2012,74,6,4,30,146,11,18,96,620,0,55,38,17,296,0,23,0,90,3479
GUJARAT,VALSAD,2012,21,14,0,24,50,4,20,159,1102,0,26,31,6,189,0,9,0,15,2731
GUJARAT,W.RLY AHMEDABAD,2012,3,3,0,2,4,0,8,8,428,0,7,3,0,37,0,2,0,2,344
GUJARAT,W.RLY VADODARA,2012,5,0,1,0,6,5,5,2,780,0,1,22,0,33,0,1,0,1,539
GUJARAT,TOTAL,2012,1126,557,43,946,3440,306,1366,4695,31904,0,1758,1361,282,10234,21,745,0,6658,130121
HARYANA,AMBALA RURAL,2012,13,15,1,22,56,3,6,118,418,0,0,45,3,66,7,12,0,73,1082
HARYANA,AMBALA URBAN,2012,15,16,3,42,150,0,21,362,1200,0,1,99,5,109,5,23,0,159,2342
HARYANA,BHIWANI,2012,81,48,3,56,218,16,52,295,1402,0,122,129,24,267,19,45,0,179,3378
HARYANA,FARIDABAD,2012,72,50,6,94,206,26,34,347,3638,0,188,46,9,163,8,31,0,197,5023
HARYANA,FATEHABAD,2012,17,23,3,30,98,3,12,145,678,0,28,50,7,115,4,7,0,125,1535
HARYANA,GRP,2012,21,6,0,2,20,3,16,1,858,0,13,6,0,12,5,9,0,1,1121
HARYANA,GURGAON,2012,82,66,3,88,112,90,84,495,7058,0,122,216,4,114,15,18,0,150,7138
HARYANA,HISSAR,2012,76,67,4,88,228,12,42,413,2230,0,65,197,20,286,12,39,0,312,4536
HARYANA,JHAJJAR,2012,64,50,3,40,76,15,35,210,902,0,50,47,12,82,10,19,0,135,2016
HARYANA,JIND,2012,50,36,5,68,116,8,39,224,1088,0,107,74,13,140,17,27,0,114,2323
HARYANA,KAITHAL,2012,31,20,7,36,76,6,11,207,674,0,0,30,7,175,6,15,0,127,1724
HARYANA,KARNAL,2012,59,60,2,126,206,11,43,368,2090,0,46,141,8,219,23,50,0,204,3958
HARYANA,KURUKSHETRA,2012,26,38,3,50,74,8,6,218,1210,0,0,116,6,132,11,20,0,110,2294
HARYANA,MAHENDRAGARH,2012,39,28,0,28,50,14,22,144,598,0,114,12,9,115,10,26,0,78,1772
HARYANA,MEWAT,2012,12,52,0,100,58,36,26,56,966,0,150,61,5,69,5,15,0,168,2126
HARYANA,PALWAL,2012,43,67,6,64,108,12,26,82,1176,0,197,18,9,158,12,27,0,107,2457
HARYANA,PANCHKULA,2012,15,10,1,36,80,7,18,171,784,0,2,41,0,66,7,13,0,51,1372
HARYANA,PANIPAT,2012,47,28,6,70,174,26,36,228,1812,0,68,107,8,155,15,23,0,136,3003
HARYANA,REWARI,2012,31,40,5,48,52,26,45,171,1406,0,41,19,13,123,12,16,0,102,2452
HARYANA,ROHTAK,2012,60,63,1,74,70,19,47,272,1518,0,61,120,12,174,12,24,0,143,2951
HARYANA,SIRSA,2012,27,26,1,60,180,8,14,159,966,0,45,32,6,242,6,25,0,159,2268
HARYANA,SONIPAT,2012,86,67,4,64,124,19,47,270,1634,0,4,119,8,183,30,26,0,185,3465
HARYANA,YAMUNANAGAR,2012,24,34,1,50,166,12,29,173,874,0,0,73,3,112,7,15,0,122,2144
HARYANA,TOTAL,2012,991,910,68,1336,2698,380,711,5129,35180,0,1424,1798,191,3277,258,525,0,3137,62480
HIMACHAL PRADESH,BADDIPOLICEDIST,2012,7,4,0,24,20,1,0,38,74,0,31,9,3,171,1,7,0,16,543
HIMACHAL PRADESH,BILASPUR,2012,8,8,0,24,14,0,1,55,94,0,28,27,14,36,0,21,0,22,960
HIMACHAL PRADESH,CHAMBA,2012,7,0,1,20,28,0,0,74,44,0,29,4,3,75,1,9,0,7,557
HIMACHAL PRADESH,CID,2012,0,0,0,0,0,0,0,0,2,0,0,0,0,0,0,0,0,0,5
HIMACHAL PRADESH,G.R.P.,2012,0,1,0,0,0,0,0,0,6,0,0,0,0,0,0,0,0,0,13
HIMACHAL PRADESH,HAMIRPUR,2012,6,5,2,16,12,0,0,44,66,0,18,22,3,155,0,20,0,17,856
HIMACHAL PRADESH,KANGRA,2012,24,8,2,52,104,0,2,224,254,0,87,99,17,187,0,45,0,43,2810
HIMACHAL PRADESH,KINNAUR,2012,2,1,0,12,4,0,0,22,20,0,12,2,1,8,0,1,0,5,192
HIMACHAL PRADESH,KULLU,2012,9,3,1,44,14,0,0,58,52,0,28,21,4,33,0,22,0,10,719
HIMACHAL PRADESH,LAHAUL-SPITI,2012,0,0,0,4,0,0,0,1,4,0,2,0,0,1,0,1,0,0,100
HIMACHAL PRADESH,MANDI,2012,15,6,1,56,38,0,0,97,200,0,61,62,30,132,0,49,0,32,1733
HIMACHAL PRADESH,SHIMLA,2012,18,6,1,46,58,0,3,149,314,0,69,38,39,49,0,28,0,23,1530
HIMACHAL PRADESH,SIRMAUR,2012,8,4,1,34,22,0,1,40,108,0,62,17,6,34,0,24,0,18,866
HIMACHAL PRADESH,SOLAN,2012,3,5,0,18,16,0,1,78,166,0,30,9,9,220,0,13,0,16,778
HIMACHAL PRADESH,UNA,2012,6,2,0,16,14,0,2,48,134,0,37,63,2,72,0,10,0,42,895
HIMACHAL PRADESH,TOTAL,2012,113,53,9,366,344,1,10,928,1538,0,494,373,131,1173,2,250,0,251,12557
JAMMU & KASHMIR,ANANTNAG,2012,1,22,0,28,192,0,9,87,172,0,160,43,18,7,0,130,0,4,1431
JAMMU & KASHMIR,AWANTIPORA,2012,1,2,0,8,58,0,0,13,34,0,16,8,2,0,0,11,0,1,372
JAMMU & KASHMIR,BANDIPORA,2012,7,5,1,12,92,0,3,21,80,0,92,4,8,5,0,81,0,0,537
JAMMU & KASHMIR,BARAMULLA,2012,6,27,0,24,166,0,8,65,184,0,103,23,10,7,0,109,0,13,1215
JAMMU & KASHMIR,BUDGAM,2012,3,11,2,14,154,1,7,90,334,0,173,33,15,1,0,114,0,5,1234
JAMMU & KASHMIR,CRIME JAMMU,2012,0,0,0,0,0,0,0,0,0,0,0,12,0,0,0,0,0,0,12
JAMMU & KASHMIR,CRIME SRINAGAR,2012,0,0,0,0,0,0,0,0,2,0,0,26,0,0,0,0,0,0,31
JAMMU & KASHMIR,DODA,2012,5,13,0,32,66,0,1,47,74,0,22,5,6,8,0,23,0,26,724
JAMMU & KASHMIR,GANDERBAL,2012,2,8,1,18,66,1,2,27,48,0,29,12,10,6,0,97,0,2,529
JAMMU & KASHMIR,HANDWARA,2012,6,20,0,12,70,0,2,10,92,0,53,6,3,0,0,88,0,2,482
JAMMU & KASHMIR,JAMMU,2012,13,80,1,78,200,2,4,266,896,0,87,135,15,30,5,44,0,67,4261
JAMMU & KASHMIR,KARGIL,2012,1,2,0,2,0,0,0,5,12,0,12,0,1,0,0,1,0,0,107
JAMMU & KASHMIR,KATHUA,2012,6,26,0,40,80,0,2,68,156,0,26,16,4,8,1,30,0,14,1254
JAMMU & KASHMIR,KISHTWAR,2012,3,11,1,12,46,0,1,16,42,0,1,14,4,0,0,12,0,11,422
JAMMU & KASHMIR,KULGAM,2012,10,6,1,30,140,0,4,23,86,0,78,26,2,61,0,96,0,2,775
JAMMU & KASHMIR,KUPWARA,2012,3,21,0,30,100,0,3,48,170,0,130,16,11,9,0,53,0,9,796
JAMMU & KASHMIR,LEH,2012,2,2,0,6,2,0,0,8,10,0,1,7,0,1,0,5,0,0,180
JAMMU & KASHMIR,POONCH,2012,5,32,2,18,82,0,0,39,22,0,86,16,13,56,0,31,0,14,839
JAMMU & KASHMIR,PULWAMA,2012,3,6,0,6,50,0,1,17,70,0,60,6,7,64,0,8,0,0,435
JAMMU & KASHMIR,RAILWAYS JAMMU,2012,0,2,0,0,0,0,0,0,4,0,0,0,0,0,0,0,0,0,14
JAMMU & KASHMIR,RAILWAYS KASHMIR,2012,0,0,0,0,2,0,0,1,16,0,1,0,0,0,0,0,0,0,16
JAMMU & KASHMIR,RAILWAYS KATRA,2012,0,0,0,0,0,0,0,0,4,0,0,0,0,0,0,0,0,0,2
JAMMU & KASHMIR,RAJOURI,2012,9,36,2,64,116,0,1,70,118,0,40,41,28,29,1,51,0,44,1894
JAMMU & KASHMIR,RAMBAN,2012,2,10,0,14,44,0,1,24,62,0,1,8,0,0,0,9,0,0,761
JAMMU & KASHMIR,REASI,2012,5,21,1,24,36,0,1,27,62,0,11,15,2,5,0,14,0,2,677
JAMMU & KASHMIR,SAMBA,2012,5,20,0,16,18,0,0,28,84,0,13,11,1,5,1,10,0,4,741
JAMMU & KASHMIR,SHOPIAN,2012,2,22,0,6,94,0,6,26,186,0,52,11,4,2,0,29,0,0,525
JAMMU & KASHMIR,SOPORE,2012,6,42,1,14,68,2,7,75,340,0,25,7,4,0,0,55,0,6,646
JAMMU & KASHMIR,SRINAGAR,2012,13,45,2,38,200,0,18,251,604,0,107,101,21,16,0,201,0,63,2614
JAMMU & KASHMIR,UDHAMPUR,2012,5,19,1,60,44,0,0,43,80,0,21,10,1,2,0,20,0,12,1082
JAMMU & KASHMIR,TOTAL,2012,124,511,16,606,2186,6,81,1395,4044,0,1400,612,190,322,8,1322,0,301,24608
JHARKHAND,BOKARO,2012,61,11,1,92,126,13,24,131,1284,0,162,179,0,0,21,4,0,212,3564
JHARKHAND,CHAIBASA,2012,144,49,0,68,30,11,20,25,280,0,10,8,3,15,6,8,0,20,944
JHARKHAND,CHATRA,2012,53,20,2,30,48,12,17,19,274,0,92,34,12,25,8,6,0,18,1017
JHARKHAND,DEOGHAR,2012,58,101,8,76,96,18,25,100,476,0,189,65,7,536,18,35,0,159,2000
JHARKHAND,DHANBAD,2012,69,18,14,82,242,49,44,180,1812,0,188,154,3,201,49,4,0,89,4606
JHARKHAND,DHANBAD RLY.,2012,5,0,0,4,6,6,7,4,398,0,3,5,0,0,1,8,0,2,380
JHARKHAND,DUMKA,2012,66,34,7,58,68,8,4,45,454,0,69,19,18,259,8,12,0,43,1479
JHARKHAND,GARHWA,2012,85,44,6,86,48,4,38,42,182,0,168,89,16,536,21,14,0,68,2139
JHARKHAND,GIRIDIH,2012,72,92,0,74,106,32,31,74,906,0,259,98,0,2,32,46,0,104,2871
JHARKHAND,GODDA,2012,49,0,0,44,126,5,7,26,302,0,31,6,0,0,11,2,0,0,1765
JHARKHAND,GUMLA,2012,192,45,4,72,110,5,25,20,238,0,26,16,6,155,2,9,0,6,933
JHARKHAND,HAZARIBAGH,2012,68,31,5,84,106,14,22,65,404,0,149,114,7,162,24,9,0,54,2427
JHARKHAND,JAMSHEDPUR,2012,85,25,5,112,196,14,40,155,1958,0,114,240,4,679,17,22,0,106,4022
JHARKHAND,JAMSHEDPUR RLY.,2012,7,0,1,2,2,2,3,4,310,0,0,2,0,4,0,0,0,0,207
JHARKHAND,JAMTARA,2012,21,8,2,54,34,1,4,31,220,0,135,61,5,184,5,1,0,72,850
JHARKHAND,KHUNTI,2012,106,19,2,16,26,1,8,1,64,0,35,8,0,25,1,2,0,0,377
JHARKHAND,KODERMA,2012,17,55,2,16,60,7,12,16,208,0,74,75,0,195,13,12,0,29,1135
JHARKHAND,LATEHAR,2012,46,20,2,30,56,5,13,4,198,0,37,11,4,42,4,6,0,10,527
JHARKHAND,LOHARDAGGA,2012,36,19,7,46,44,1,9,13,104,0,9,19,6,50,1,6,0,23,451
JHARKHAND,PAKUR,2012,38,10,5,106,46,8,3,1,308,0,107,32,5,278,1,10,0,64,933
JHARKHAND,PALAMU,2012,70,61,0,52,114,22,42,76,490,0,139,78,5,479,28,10,0,20,2107
JHARKHAND,RAMGARH,2012,27,9,1,52,56,20,12,31,528,0,89,31,4,157,7,10,0,7,996
JHARKHAND,RANCHI,2012,145,77,13,104,152,41,54,82,1132,0,155,113,16,347,11,22,0,45,2396
JHARKHAND,SAHEBGANJ,2012,57,44,1,130,142,3,4,19,270,0,51,56,7,313,6,11,0,74,1467
JHARKHAND,SARAIKELA,2012,51,22,2,70,32,5,16,45,434,0,36,34,2,113,6,10,0,25,897
JHARKHAND,SIMDEGA,2012,66,28,2,64,40,10,10,7,126,0,4,19,6,28,1,5,0,11,456
JHARKHAND,TOTAL,2012,1694,842,92,1624,2112,317,494,1216,13360,0,2331,1566,136,4785,302,284,0,1261,40946
KARNATAKA,BAGALKOT,2012,51,43,1,22,34,7,18,91,260,0,221,72,4,235,6,63,0,72,2297
KARNATAKA,BANGALORE COMMR.,2012,266,454,6,180,1064,507,670,1240,19652,0,551,3092,0,3095,51,321,0,524,29297
KARNATAKA,BANGALORE RURAL,2012,93,57,0,62,106,27,113,299,1296,0,257,178,0,668,10,70,0,96,5560
KARNATAKA,BELGAUM,2012,142,120,3,74,108,7,80,214,856,0,460,339,26,888,5,205,0,307,6845
KARNATAKA,BELLARY,2012,54,46,2,36,62,6,44,151,694,0,228,102,11,368,9,48,0,104,3112
KARNATAKA,BIDAR,2012,38,39,0,22,60,3,32,102,346,0,168,72,17,759,10,40,0,99,3658
KARNATAKA,BIJAPUR,2012,69,64,1,36,60,7,33,101,278,0,245,104,11,460,4,41,0,128,2783
KARNATAKA,CBPURA,2012,51,44,7,24,50,4,32,140,624,0,280,62,0,441,12,56,0,36,2554
KARNATAKA,CHAMARAJNAGAR,2012,18,34,0,18,20,6,8,52,222,0,120,28,0,436,2,64,0,62,1733
KARNATAKA,CHICKMAGALUR,2012,33,28,9,22,24,8,22,91,290,0,114,49,0,568,4,70,0,89,2498
KARNATAKA,CHITRADURGA,2012,43,38,7,52,68,3,25,119,448,0,323,71,8,799,6,140,0,75,4059
KARNATAKA,DAKSHIN KANNADA,2012,23,25,0,24,20,5,15,103,164,0,115,49,15,263,2,35,0,42,1836
KARNATAKA,DAVANAGERE,2012,42,35,8,34,46,6,50,139,594,0,298,58,0,442,8,117,0,119,3271
KARNATAKA,DHARWAD COMMR.,2012,18,20,1,12,108,7,77,130,580,0,94,117,20,177,2,16,0,65,1937
KARNATAKA,DHARWAD RURAL,2012,27,30,1,10,26,1,4,33,112,0,147,24,6,195,0,38,0,24,1313
KARNATAKA,GADAG,2012,24,11,1,12,24,0,5,32,128,0,110,40,10,140,2,59,0,47,1083
KARNATAKA,GULBARGA,2012,82,87,0,58,106,12,63,209,626,0,362,89,54,702,10,132,0,151,4101
KARNATAKA,HASSAN,2012,77,80,5,42,52,17,72,236,644,0,244,116,0,1351,5,120,0,155,5592
KARNATAKA,HAVERI,2012,19,24,0,24,36,2,10,95,226,0,251,59,0,296,3,72,0,68,2333
KARNATAKA,K.G.F.,2012,16,22,0,20,14,3,14,57,170,0,87,23,0,259,2,10,0,19,1007
KARNATAKA,KODAGU,2012,29,36,3,24,10,3,3,69,194,0,33,50,3,521,2,25,0,43,1550
KARNATAKA,KOLAR,2012,46,58,0,36,40,5,20,92,372,0,239,44,0,361,1,37,0,34,2209
KARNATAKA,KOPPAL,2012,24,11,0,14,54,2,14,76,200,0,134,60,0,228,0,17,0,87,1899
KARNATAKA,MANDYA,2012,86,95,1,70,92,16,82,265,1036,0,342,79,80,1321,9,149,0,204,5914
KARNATAKA,MANGALORE CITY,2012,28,18,0,24,32,2,69,136,466,0,112,89,16,199,1,29,0,48,2685
KARNATAKA,MYSORE COMMR.,2012,31,35,0,24,26,9,205,146,1322,0,88,101,0,232,6,22,0,32,2826
KARNATAKA,MYSORE RURAL,2012,78,37,1,56,134,6,30,211,662,0,305,63,0,960,1,163,0,158,4339
KARNATAKA,RAICHUR,2012,42,31,1,38,68,2,10,72,268,0,243,148,0,469,1,141,0,190,3039
KARNATAKA,RAILWAYS,2012,19,1,0,4,8,3,47,2,964,0,6,1,0,10,2,2,0,0,649
KARNATAKA,RAMANAGAR,2012,77,64,1,32,120,22,127,298,1024,0,264,76,73,644,17,112,0,73,4673
KARNATAKA,SHIMOGA,2012,50,78,2,28,64,14,57,195,662,0,276,103,9,978,6,158,0,222,5034
KARNATAKA,TUMKUR,2012,91,80,5,66,76,13,94,306,940,0,375,153,0,950,18,171,0,132,5567
KARNATAKA,UDUPI,2012,14,18,3,10,24,8,36,139,230,0,119,37,8,285,0,41,0,38,2454
KARNATAKA,UTTAR KANNADA,2012,33,23,2,14,22,3,21,100,154,0,112,46,18,361,1,97,0,78,2828
KARNATAKA,YADGIRI,2012,26,37,0,18,44,1,5,51,132,0,179,28,27,289,0,97,0,63,1486
KARNATAKA,TOTAL,2012,1860,1923,71,1242,2902,747,2207,5792,36836,0,7502,5822,416,20350,218,2978,0,3684,134021
KERALA,ALAPUZHA,2012,20,18,6,88,36,2,16,136,462,0,553,188,20,1380,1,250,0,294,8555
KERALA,ERNAKULAM COMMR.,2012,9,10,0,56,12,42,25,90,616,0,393,630,3,445,0,108,0,127,17324
KERALA,ERNAKULAM RURAL,2012,21,39,4,118,20,5,36,144,540,0,470,225,10,981,0,162,0,216,10678
KERALA,IDUKKI,2012,22,29,3,106,20,5,13,110,298,0,295,158,11,1230,2,189,0,219,5134
KERALA,KANNUR,2012,32,27,10,132,46,12,71,230,414,0,1277,221,111,1442,0,183,0,391,8400
KERALA,KASARGOD,2012,14,23,2,178,34,7,36,129,246,0,590,175,51,963,3,156,0,205,5174
KERALA,KOLLAM COMMR.,2012,21,41,6,92,42,30,62,132,424,0,293,90,14,1002,4,171,0,336,7074
KERALA,KOLLAM RURAL,2012,30,28,6,98,28,9,30,103,318,0,469,109,28,1409,1,270,0,326,5981
KERALA,KOTTAYAM,2012,20,29,2,110,38,14,26,188,530,0,483,299,17,2090,1,265,0,255,12355
KERALA,KOZHIKODE COMMR.,2012,7,7,0,72,10,20,65,92,284,0,353,164,12,631,0,103,0,144,4156
KERALA,KOZHIKODE RURAL,2012,9,24,5,84,32,6,31,129,362,0,1102,157,101,987,0,153,0,313,5645
KERALA,MALAPPURAM,2012,16,26,4,194,20,5,33,244,506,0,792,441,42,969,2,221,0,668,14385
KERALA,PALAKKAD,2012,32,42,15,136,26,23,30,159,416,0,706,262,32,1534,5,146,0,401,8611
KERALA,PATHANAMTHITTA,2012,28,24,3,64,34,10,18,110,322,0,411,117,16,1090,2,137,0,162,5327
KERALA,RAILWAYS,2012,0,1,0,0,8,0,3,3,386,0,5,1,0,47,0,46,0,0,348
KERALA,THRISSUR COMMR.,2012,9,14,11,70,26,5,28,55,328,0,443,366,7,359,0,111,0,146,6231
KERALA,THRISSUR RURAL,2012,18,49,9,92,24,15,40,136,404,0,588,341,38,784,2,218,0,361,13403
KERALA,TRIVANDRUM COMMR.,2012,14,12,1,82,46,110,101,154,570,0,629,304,10,1116,0,226,0,159,7253
KERALA,TRIVANDRUM RURAL,2012,42,49,15,194,36,39,48,287,626,0,826,294,37,1960,8,541,0,398,10065
KERALA,WAYANADU,2012,10,5,5,72,24,2,13,79,104,0,260,139,8,751,1,79,0,95,2890
KERALA,TOTAL,2012,374,497,107,2038,562,361,725,2710,8156,0,10938,4681,568,21170,32,3735,0,5216,158989
MADHYA PRADESH,ALIRAJPUR,2012,60,33,0,44,26,2,16,58,164,0,9,2,13,259,0,31,0,2,1355
MADHYA PRADESH,ANUPPUR,2012,35,15,1,124,16,1,15,128,216,0,17,28,11,126,12,80,0,53,1794
MADHYA PRADESH,ASHOK NAGAR,2012,34,15,3,100,12,4,11,72,206,0,24,13,2,557,10,62,0,21,2474
MADHYA PRADESH,BALAGHAT,2012,43,22,6,156,18,0,13,128,262,0,48,22,14,248,6,113,0,63,2792
MADHYA PRADESH,BARWANI,2012,46,15,0,100,16,1,13,72,320,0,18,13,8,204,2,72,0,13,2026
MADHYA PRADESH,BETUL,2012,75,26,1,236,24,0,7,104,452,0,13,26,9,245,11,151,0,57,3080
MADHYA PRADESH,BHIND,2012,64,80,3,98,54,13,87,138,584,0,77,35,10,1318,40,83,0,50,3920
MADHYA PRADESH,BHOPAL,2012,78,96,0,286,126,4,200,1004,5210,0,118,203,15,1361,19,244,0,254,14320
MADHYA PRADESH,BHOPAL RLY.,2012,4,8,1,8,2,2,25,5,2234,0,1,2,0,1,0,14,0,3,1429
MADHYA PRADESH,BURHANPUR,2012,11,12,0,46,12,0,7,45,180,0,8,24,1,493,2,42,0,47,1436
MADHYA PRADESH,CHHATARPUR,2012,50,60,3,124,78,8,40,251,480,0,61,34,19,403,26,172,0,68,4521
MADHYA PRADESH,CHHINDWARA,2012,61,33,2,244,42,1,31,180,468,0,66,73,28,1920,18,202,0,108,5310
MADHYA PRADESH,DAMOH,2012,51,47,0,100,64,1,18,88,298,0,15,26,20,1314,20,165,0,108,3248
MADHYA PRADESH,DATIYA,2012,51,34,0,46,56,5,40,84,262,0,35,8,11,337,8,61,0,25,2441
MADHYA PRADESH,DEWAS,2012,62,55,1,140,62,5,26,162,1016,0,34,35,17,370,19,146,0,130,5369
MADHYA PRADESH,DHAR,2012,61,53,4,162,98,10,14,157,998,0,24,37,26,550,39,173,0,69,5558
MADHYA PRADESH,DINDORI,2012,32,8,5,80,12,0,2,26,76,0,10,17,5,114,5,80,0,39,1268
MADHYA PRADESH,GUNA,2012,44,45,2,120,56,7,26,124,634,0,36,23,26,645,8,131,0,34,3592
MADHYA PRADESH,GWALIOR,2012,96,172,24,170,166,23,199,821,4232,0,112,152,17,776,35,158,0,202,10313
MADHYA PRADESH,HARDA,2012,14,20,0,52,24,2,13,55,248,0,9,10,8,287,7,51,0,16,1318
MADHYA PRADESH,HOSHANGABAD,2012,44,32,1,138,68,0,17,127,454,0,17,45,13,423,12,129,0,57,3298
MADHYA PRADESH,INDORE,2012,123,172,3,346,108,9,275,1190,8740,0,82,205,64,1064,24,405,0,448,21091
MADHYA PRADESH,INDORE RLY.,2012,3,2,0,6,6,2,8,3,654,0,1,0,0,2,0,3,0,0,427
MADHYA PRADESH,JABALPUR,2012,98,129,7,254,102,5,99,478,1686,0,60,137,23,3317,33,253,0,219,10575
MADHYA PRADESH,JABALPUR RLY.,2012,6,1,0,6,2,3,34,5,1278,0,1,1,0,6,0,13,0,0,975
MADHYA PRADESH,JHABUA,2012,20,24,0,124,50,7,27,92,366,0,34,10,17,272,0,92,0,24,2431
MADHYA PRADESH,KATNI,2012,36,22,2,116,36,2,24,156,358,0,26,50,4,997,12,146,0,46,3383
MADHYA PRADESH,KHANDWA,2012,27,20,0,132,16,0,10,181,390,0,20,15,15,78,6,136,0,34,2841
MADHYA PRADESH,KHARGON,2012,51,38,1,134,40,3,14,157,740,0,42,17,13,101,30,133,0,45,4171
MADHYA PRADESH,MANDLA,2012,25,16,3,150,16,0,6,81,128,0,7,14,2,273,3,94,0,40,2275
MADHYA PRADESH,MANDSAUR,2012,37,49,0,98,68,4,20,147,600,0,25,42,13,104,6,100,0,78,3469
MADHYA PRADESH,MORENA,2012,53,110,4,64,70,22,54,191,764,0,122,48,7,1886,29,107,0,94,5431
MADHYA PRADESH,NARSINGHPUR,2012,46,47,0,142,32,2,16,157,318,0,20,38,16,1451,16,158,0,79,3371
MADHYA PRADESH,NEEMUCH,2012,18,17,0,50,24,2,22,112,376,0,35,23,15,232,4,43,0,42,2183
MADHYA PRADESH,PANNA,2012,30,19,2,68,16,0,11,82,106,0,1,11,7,160,18,72,0,31,2234
MADHYA PRADESH,RAISEN,2012,54,42,0,184,42,2,20,115,428,0,24,22,5,1921,22,158,0,72,4207
MADHYA PRADESH,RAJGARH,2012,36,40,2,180,104,6,26,168,684,0,61,28,58,327,6,181,0,50,4712
MADHYA PRADESH,RATLAM,2012,37,55,1,144,56,8,26,110,660,0,27,53,17,858,13,128,0,85,3420
MADHYA PRADESH,REWA,2012,54,44,7,184,88,10,44,496,1012,0,35,63,30,730,39,115,0,101,5498
MADHYA PRADESH,SAGAR,2012,83,89,3,250,126,2,64,393,908,0,81,42,34,2607,34,441,0,145,9276
MADHYA PRADESH,SATNA,2012,72,38,0,178,58,8,40,289,990,0,31,32,19,942,17,138,0,121,5407
MADHYA PRADESH,SEONI,2012,38,12,7,130,20,0,7,92,208,0,19,37,10,160,11,100,0,24,2728
MADHYA PRADESH,SHAHDOL,2012,44,13,0,162,54,5,33,158,352,0,31,28,9,176,13,133,0,141,3375
MADHYA PRADESH,SHAJAPUR,2012,39,44,2,134,36,6,18,133,646,0,42,29,22,1408,7,102,0,42,3350
MADHYA PRADESH,SHEOPUR,2012,8,15,0,34,8,6,18,51,194,0,28,10,0,170,5,40,0,29,1347
MADHYA PRADESH,SHIVPURI,2012,61,54,1,208,58,18,39,135,486,0,83,38,31,987,9,148,0,67,4968
MADHYA PRADESH,SIDHI,2012,31,9,2,96,80,0,7,138,296,0,9,27,10,312,18,84,0,59,2568
MADHYA PRADESH,SIHORE,2012,23,36,0,138,28,0,21,162,676,0,27,29,25,338,10,100,0,47,3894
MADHYA PRADESH,SINGRAULI,2012,36,9,1,64,72,3,9,73,220,0,28,7,7,328,13,87,0,63,2393
MADHYA PRADESH,TIKAMGARH,2012,43,27,6,122,26,0,24,91,210,0,48,13,5,1251,16,124,0,27,3302
MADHYA PRADESH,UJJAIN,2012,55,193,1,146,72,5,73,296,2158,0,83,64,35,281,11,180,0,202,8286
MADHYA PRADESH,UMARIYA,2012,12,3,0,44,8,1,7,55,136,0,10,14,6,95,0,68,0,17,1262
MADHYA PRADESH,VIDISHA,2012,58,62,2,188,50,4,24,203,602,0,56,46,22,764,19,213,0,97,4623
MADHYA PRADESH,TOTAL,2012,2373,2332,114,6850,2604,234,1940,10019,46364,0,1951,2021,814,35549,743,6655,0,3988,220335
MAHARASHTRA,AHMEDNAGAR,2012,111,91,5,122,118,62,262,481,2748,0,572,361,46,802,23,147,0,576,7246
MAHARASHTRA,AKOLA,2012,42,34,3,38,44,5,49,191,1354,0,107,103,33,720,4,92,0,87,3442
MAHARASHTRA,AMRAVATI COMMR.,2012,24,38,1,40,40,12,54,232,1556,0,77,59,13,387,1,53,0,74,2713
MAHARASHTRA,AMRAVATI RURAL,2012,63,56,4,128,34,9,39,212,1682,0,97,41,70,856,3,154,0,139,4442
MAHARASHTRA,AURANGABAD COMMR.,2012,46,55,5,46,50,33,178,292,1644,0,168,245,24,460,4,79,0,120,3659
MAHARASHTRA,AURANGABAD RURAL,2012,74,49,4,50,32,25,45,206,1080,0,306,75,34,833,18,77,0,298,3562
MAHARASHTRA,BEED,2012,84,71,9,84,100,38,70,309,1042,0,339,157,44,886,8,81,0,378,4099
MAHARASHTRA,BHANDARA,2012,20,11,3,52,22,4,31,141,860,0,34,46,23,378,3,36,0,59,2019
MAHARASHTRA,BULDHANA,2012,49,38,5,58,62,5,23,149,1042,0,220,109,46,687,27,107,0,193,3497
MAHARASHTRA,CHANDRAPUR,2012,44,33,0,88,68,6,46,257,1446,0,95,84,33,584,4,119,0,125,3763
MAHARASHTRA,DHULE,2012,50,39,1,60,36,55,54,158,640,0,173,94,6,298,4,39,0,207,2542
MAHARASHTRA,GADCHIROLI,2012,57,69,2,36,18,4,3,70,292,0,21,12,29,174,0,30,0,12,981
MAHARASHTRA,GONDIA,2012,41,28,2,76,20,6,19,143,538,0,40,47,26,342,0,47,0,42,1772
MAHARASHTRA,HINGOLI,2012,25,16,1,26,20,4,7,48,230,0,99,30,14,320,6,33,0,88,1391
MAHARASHTRA,JALGAON,2012,102,77,4,90,86,41,81,254,1764,0,241,244,24,699,1,134,0,409,4954
MAHARASHTRA,JALNA,2012,45,69,6,50,50,30,71,220,792,0,221,100,26,565,36,89,0,303,3051
MAHARASHTRA,KOLHAPUR,2012,63,39,0,96,90,14,62,357,1648,0,427,330,23,536,17,66,0,148,4554
MAHARASHTRA,LATUR,2012,67,63,4,42,64,22,39,204,806,0,240,192,34,578,4,61,0,212,3237
MAHARASHTRA,MUMBAI COMMR.,2012,215,170,9,464,424,58,1131,2500,21702,0,374,1827,86,3939,11,614,0,388,30508
MAHARASHTRA,MUMBAI RLY.,2012,8,3,2,2,14,3,423,4,3270,0,11,32,0,60,1,21,0,0,2325
MAHARASHTRA,NAGPUR COMMR.,2012,88,85,15,114,106,42,491,883,4678,0,169,264,32,974,6,84,0,166,8277
MAHARASHTRA,NAGPUR RLY.,2012,5,5,0,2,4,6,67,1,2146,0,12,3,1,18,0,4,0,3,1292
MAHARASHTRA,NAGPUR RURAL,2012,55,30,7,58,30,17,42,210,1724,0,66,54,46,561,7,82,0,76,3622
MAHARASHTRA,NANDED,2012,81,57,1,96,74,21,47,317,952,0,276,170,52,963,25,71,0,421,4668
MAHARASHTRA,NANDURBAR,2012,35,17,0,38,20,15,17,68,330,0,93,52,3,249,0,22,0,78,1358
MAHARASHTRA,NASIK COMMR.,2012,32,26,0,40,36,27,163,356,2140,0,94,139,16,229,3,36,0,147,4390
MAHARASHTRA,NASIK RURAL,2012,87,63,7,92,58,42,91,219,1222,0,403,183,24,734,17,98,0,319,5216
MAHARASHTRA,NAVI MUMBAI,2012,57,20,2,72,38,13,417,596,3026,0,124,455,4,404,3,64,0,91,5157
MAHARASHTRA,OSMANABAD,2012,54,31,4,76,62,19,23,170,638,0,233,116,33,603,2,86,0,175,3055
MAHARASHTRA,PARBHANI,2012,34,63,0,56,62,26,65,287,754,0,160,106,31,863,3,68,0,242,2836
MAHARASHTRA,PUNE COMMR.,2012,110,124,3,170,218,85,731,1019,8362,0,532,756,48,1071,9,120,0,215,12308
MAHARASHTRA,PUNE RLY.,2012,4,0,2,4,2,9,23,0,724,0,5,1,0,10,0,3,0,0,445
MAHARASHTRA,PUNE RURAL,2012,163,97,12,184,142,76,258,753,3638,0,512,293,43,886,12,128,0,221,8433
MAHARASHTRA,RAIGAD,2012,40,13,0,42,16,19,42,150,642,0,143,164,8,257,19,37,0,40,2159
MAHARASHTRA,RATNAGIRI,2012,10,12,1,22,8,10,35,167,342,0,89,63,9,172,2,31,0,38,1398
MAHARASHTRA,SANGLI,2012,47,41,5,66,70,14,34,190,1000,0,202,219,23,373,8,57,0,64,2783
MAHARASHTRA,SATARA,2012,65,48,5,86,72,64,208,505,2222,0,294,210,35,527,0,78,0,166,5042
MAHARASHTRA,SINDHUDURG,2012,8,7,1,18,16,4,12,86,182,0,49,79,11,110,0,20,0,11,803
MAHARASHTRA,SOLAPUR COMMR.,2012,18,27,0,50,48,24,98,187,1114,0,132,106,5,177,1,31,0,53,1992
MAHARASHTRA,SOLAPUR RURAL,2012,92,52,7,134,76,19,60,261,1692,0,365,151,40,655,3,58,0,151,4476
MAHARASHTRA,THANE COMMR.,2012,110,93,6,214,248,38,757,1199,4870,0,280,867,29,1378,4,203,0,330,10144
MAHARASHTRA,THANE RURAL,2012,146,74,8,126,128,61,389,897,2582,0,394,528,26,913,6,155,0,111,6919
MAHARASHTRA,WARDHA,2012,30,32,4,80,52,10,63,233,1312,0,82,81,22,704,0,93,0,59,3564
MAHARASHTRA,WASHIM,2012,40,31,4,62,58,7,35,124,606,0,124,49,21,393,6,84,0,133,2241
MAHARASHTRA,YAVATMAL,2012,71,71,7,128,130,11,94,342,1918,0,165,101,50,1064,18,143,0,247,6365
MAHARASHTRA,TOTAL,2012,2712,2168,171,3678,3166,1115,6949,15648,94952,0,8860,9398,1246,28392,329,3935,0,7415,202700
MANIPUR,BISHNUPUR,2012,10,36,0,22,24,7,0,6,84,0,3,4,5,20,0,3,0,4,314
MANIPUR,CHANDEL,2012,7,12,0,0,10,6,0,0,8,0,2,2,4,3,0,1,0,0,68
MANIPUR,CHURACHANDPUR,2012,8,6,0,2,12,29,0,4,38,0,2,6,0,7,0,1,0,1,120
MANIPUR,CID,2012,0,0,0,0,0,0,0,0,0,0,0,2,0,0,0,0,0,0,2
MANIPUR,IMPHAL EAST,2012,10,91,1,20,92,40,1,8,398,0,16,28,14,44,0,10,0,11,709
MANIPUR,IMPHAL WEST,2012,14,149,3,36,144,25,1,17,1040,0,19,49,14,122,0,21,0,9,1485
MANIPUR,SENAPATI,2012,2,19,0,4,44,40,1,3,26,0,3,5,7,4,0,1,0,0,176
MANIPUR,TAMENGLONG,2012,11,5,0,2,14,16,0,0,6,0,4,2,3,3,0,0,0,0,73
MANIPUR,THOUBAL,2012,16,73,0,40,88,13,0,8,188,0,21,30,22,80,0,12,0,17,691
MANIPUR,UKHRUL,2012,5,18,0,0,18,3,0,7,18,0,2,8,5,2,0,0,0,1,99
MANIPUR,TOTAL,2012,83,409,4,126,446,179,3,53,1806,0,72,136,74,285,0,49,0,43,3737
MEGHALAYA,GARO HILLS EAST,2012,9,11,0,4,18,16,2,7,74,0,0,4,0,0,0,3,0,0,147
MEGHALAYA,GARO HILLS SOUTH,2012,7,11,0,12,30,3,1,5,80,0,0,10,3,4,0,2,0,1,146
MEGHALAYA,GARO HILLS WEST,2012,19,6,0,12,38,9,5,22,180,0,0,0,0,45,0,2,0,0,471
MEGHALAYA,JAINTIA HILLS,2012,44,11,0,64,36,8,7,13,132,0,0,14,14,25,0,3,0,0,395
MEGHALAYA,KHASI HILLS EAST,2012,31,8,6,116,36,7,25,84,416,0,0,61,32,62,1,21,0,13,917
MEGHALAYA,KHASI HILLS WEST,2012,16,13,1,56,12,7,5,11,64,0,0,11,2,12,0,8,0,0,224
MEGHALAYA,RI-BHOI,2012,11,3,1,64,14,3,1,3,140,0,0,8,10,9,0,4,0,2,257
MEGHALAYA,TOTAL,2012,137,63,8,328,184,53,46,145,1086,0,0,108,61,157,1,43,0,16,2557
MIZORAM,AIZAWL,2012,12,13,0,84,4,1,2,195,576,0,0,28,2,51,0,44,0,8,905
MIZORAM,CHAMPHAI,2012,5,1,5,24,2,0,0,44,208,0,0,5,0,11,0,15,0,0,230
MIZORAM,KOLASIB,2012,4,1,0,18,2,1,0,18,122,0,0,5,5,10,0,9,0,0,173
MIZORAM,LAWNGTLAI,2012,3,0,1,14,2,0,1,14,62,0,1,0,0,9,0,0,0,0,89
MIZORAM,LUNGLEI,2012,0,6,0,32,2,0,0,43,82,0,0,3,0,5,0,4,0,0,142
MIZORAM,MAMIT,2012,3,0,0,20,2,0,1,16,46,0,0,1,0,8,0,3,0,0,80
MIZORAM,SAIHA,2012,0,0,1,0,2,0,0,12,50,0,0,0,4,3,0,1,0,0,65
MIZORAM,SERCHHIP,2012,3,0,0,14,0,0,0,5,64,0,0,0,1,6,0,9,0,0,82
MIZORAM,TOTAL,2012,30,21,7,206,16,2,4,347,1210,0,1,42,12,103,0,85,0,8,1766
NAGALAND,DIMAPUR,2012,26,8,0,18,32,1,36,19,404,0,3,20,2,9,0,9,0,0,524
NAGALAND,KIPHIRE,2012,4,2,1,0,0,0,0,0,4,0,0,1,0,0,0,0,0,0,11
NAGALAND,KOHIMA,2012,11,10,1,2,6,0,9,15,144,0,0,10,0,2,0,2,0,0,178
NAGALAND,LONGLENG,2012,1,1,0,0,0,0,0,0,2,0,0,0,0,1,0,0,0,0,13
NAGALAND,MOKOKCHUNG,2012,5,6,0,6,0,0,0,7,22,0,0,2,1,2,0,3,0,0,61
NAGALAND,MON,2012,6,3,0,6,8,0,4,0,38,0,0,1,2,3,0,0,0,0,62
NAGALAND,PEREN,2012,5,1,0,0,2,0,1,4,18,0,0,1,0,2,0,0,0,0,29
NAGALAND,PHEK,2012,2,2,3,2,0,0,1,5,22,0,0,0,2,2,0,2,0,0,43
NAGALAND,TUENSANG,2012,4,2,1,2,0,0,0,4,24,0,0,3,0,0,0,0,0,0,44
NAGALAND,WOKHA,2012,1,4,0,4,0,0,1,0,56,0,0,0,0,6,0,0,0,0,59
NAGALAND,ZUNHEBOTO,2012,10,3,0,2,6,0,2,11,28,0,0,1,0,3,0,0,0,0,66
NAGALAND,TOTAL,2012,75,42,6,42,54,1,54,65,762,0,3,39,7,30,0,16,0,0,1090
ODISHA,ANGUL,2012,65,63,0,126,118,16,104,161,1070,0,187,61,15,27,20,321,0,76,3835
ODISHA,BALASORE,2012,75,51,4,174,280,26,62,234,868,0,65,122,19,1720,43,242,0,307,4257
ODISHA,BARAGARH,2012,33,90,0,70,72,15,68,93,352,0,149,34,23,72,3,154,0,96,1749
ODISHA,BERHAMPUR,2012,30,119,4,36,48,32,62,94,582,0,33,98,7,90,10,158,0,119,1958
ODISHA,BHADRAK,2012,39,55,0,108,144,10,17,81,348,0,20,87,15,38,20,93,0,155,2624
ODISHA,BOLANGIR,2012,44,71,0,102,84,20,45,125,404,0,109,59,32,0,7,238,0,40,2151
ODISHA,BOUDH,2012,18,17,0,20,20,0,3,36,106,0,39,12,8,229,0,79,0,24,660
ODISHA,CUTTACK,2012,48,22,0,86,126,3,69,136,444,0,78,33,18,0,27,38,0,147,2882
ODISHA,DCP BBSR,2012,46,72,0,112,182,28,81,292,2752,0,64,172,12,726,24,75,0,91,4960
ODISHA,DCP CTC,2012,36,22,0,56,88,15,57,140,1154,0,32,80,3,0,14,30,0,134,2620
ODISHA,DEOGARH,2012,23,16,0,34,14,24,14,18,46,0,10,4,2,224,2,41,0,9,473
ODISHA,DHENKANAL,2012,47,109,0,58,82,13,76,66,538,0,119,40,24,35,23,267,0,33,1947
ODISHA,GAJAPATI,2012,12,19,1,36,28,0,2,9,42,0,62,7,18,82,2,61,0,8,397
ODISHA,GANJAM,2012,86,259,0,106,134,39,75,128,410,0,177,37,40,315,32,356,0,39,2295
ODISHA,JAGATSINGHPUR,2012,37,27,0,86,114,30,83,116,736,0,32,37,21,201,20,43,0,123,2139
ODISHA,JAJPUR,2012,78,27,0,98,126,24,51,137,848,0,74,43,18,872,51,83,0,162,2759
ODISHA,JHARSUGUDA,2012,16,18,0,42,26,12,38,78,582,0,26,34,6,303,2,41,0,50,1247
ODISHA,KALAHANDI,2012,37,44,2,130,94,10,34,73,210,0,72,43,10,437,8,120,0,96,1685
ODISHA,KANDHAMAL,2012,29,0,0,64,60,4,13,48,154,0,16,30,5,302,1,101,0,34,841
ODISHA,KENDRAPARA,2012,49,21,1,76,138,10,38,108,376,0,22,33,28,140,48,7,0,43,2096
ODISHA,KEONJHAR,2012,97,83,23,204,148,9,38,125,614,0,80,48,19,581,28,231,0,181,2507
ODISHA,KHURDA,2012,37,54,16,54,106,7,47,87,292,0,56,37,6,27,16,338,0,178,1848
ODISHA,KORAPUT,2012,55,50,0,146,72,18,48,85,286,0,92,28,15,0,21,114,0,0,1430
ODISHA,MALKANGIR,2012,40,44,0,34,44,12,4,21,96,0,48,27,3,0,5,51,0,14,502
ODISHA,MAYURBHANJ,2012,80,60,0,172,134,27,37,114,472,0,43,56,23,107,34,295,0,129,2565
ODISHA,NAYAGARH,2012,38,99,0,50,86,12,40,63,296,0,36,31,16,417,16,11,0,17,1242
ODISHA,NOWRANGPUR,2012,39,20,2,84,90,4,20,38,128,0,49,20,5,86,2,83,0,43,1022
ODISHA,NUAPADA,2012,19,31,0,36,38,4,16,23,122,0,36,29,10,28,1,62,0,13,921
ODISHA,PURI,2012,61,67,0,84,110,22,114,219,920,0,170,77,7,177,26,33,0,161,3883
ODISHA,RAYAGADA,2012,24,51,0,82,86,10,18,73,180,0,36,16,13,41,4,111,0,29,1044
ODISHA,ROURKELA,2012,80,48,0,130,46,19,30,101,888,0,19,66,6,171,2,102,0,29,1861
ODISHA,SAMBALPUR,2012,54,54,0,114,68,4,113,183,852,0,74,54,9,248,0,62,0,32,2474
ODISHA,SONEPUR,2012,17,25,0,24,18,4,12,29,112,0,30,31,6,62,4,53,0,10,559
ODISHA,SRP(CUTTACK),2012,5,6,0,0,4,5,17,9,1082,0,0,7,0,14,0,11,0,0,700
ODISHA,SRP(ROURKELA),2012,6,6,0,2,6,8,19,25,550,0,0,4,0,0,1,9,0,2,454
ODISHA,SUNDARGARH,2012,48,59,1,80,50,5,48,62,348,0,50,10,7,451,8,73,0,14,1370
ODISHA,TOTAL,2012,1548,1879,54,2916,3084,501,1613,3430,19260,0,2205,1607,469,8223,525,4187,0,2638,67957
PUNJAB,AMRITSAR RURAL,2012,46,61,1,36,90,13,5,76,362,0,0,107,3,160,8,12,0,49,1198
PUNJAB,BARNALA,2012,18,21,2,50,18,5,1,37,180,0,0,78,0,75,2,4,0,14,688
PUNJAB,BATALA,2012,19,43,8,50,46,11,5,64,292,0,0,49,4,175,4,10,0,19,1023
PUNJAB,BHATINDA,2012,53,59,4,88,92,2,4,167,622,0,0,153,4,229,6,19,0,55,1810
PUNJAB,CP AMRITSAR,2012,42,80,2,54,104,16,25,158,832,0,0,266,6,134,5,14,0,105,1964
PUNJAB,CP JALANDHAR,2012,14,46,5,66,78,4,18,195,886,0,0,171,5,132,6,17,0,107,1698
PUNJAB,CP LUDHIANA,2012,79,78,11,138,246,23,19,196,1008,0,0,281,5,194,10,30,0,135,3065
PUNJAB,FARIDKOT,2012,22,26,0,34,48,5,2,85,212,0,0,53,0,121,2,11,0,20,771
PUNJAB,FATEHGARH SAHIB,2012,17,11,2,30,20,5,1,63,162,0,0,85,0,137,2,3,0,21,767
PUNJAB,FAZILKA,2012,37,30,3,64,80,7,2,60,266,0,0,92,0,156,2,1,0,36,962
PUNJAB,FEROZPUR,2012,37,43,2,30,40,5,3,113,378,0,0,128,8,231,4,4,0,43,1228
PUNJAB,G.R.P,2012,5,5,1,0,0,0,0,1,110,0,0,3,0,8,2,0,0,0,359
PUNJAB,GURDASPUR,2012,19,27,5,28,74,4,1,68,188,0,0,77,0,101,10,11,0,45,840
PUNJAB,HOSHIARPUR,2012,45,31,4,66,82,15,38,174,458,0,0,104,3,250,8,14,0,70,1626
PUNJAB,JALANDHAR RURAL,2012,49,49,4,58,76,23,25,140,348,0,0,181,13,255,3,34,0,53,1634
PUNJAB,KAPURTHALA,2012,24,45,4,32,86,12,16,149,426,0,0,110,1,204,3,8,0,46,1408
PUNJAB,KHANNA,2012,20,23,2,28,30,1,1,58,292,0,0,65,0,98,0,3,0,18,834
PUNJAB,LUDHIANA RURAL,2012,25,31,5,22,64,11,3,80,188,0,0,75,0,78,4,5,0,23,829
PUNJAB,MANSA,2012,15,25,6,44,34,1,0,54,130,0,0,51,5,101,3,9,0,23,650
PUNJAB,MOGA,2012,37,44,2,46,40,5,6,107,308,0,1,114,5,161,3,14,0,25,1152
PUNJAB,MUKTSAR,2012,25,30,3,36,70,3,4,67,224,0,0,45,1,159,3,10,0,30,821
PUNJAB,PATHANKOT,2012,11,6,0,26,26,1,3,25,96,0,0,41,0,28,7,2,0,25,472
PUNJAB,PATIALA,2012,53,53,13,88,90,22,1,181,614,0,0,269,4,276,4,24,0,86,2545
PUNJAB,ROPAR,2012,20,8,1,44,42,4,0,78,440,0,0,78,4,90,0,13,0,15,1108
PUNJAB,SANGRUR,2012,41,45,6,68,78,11,5,112,362,0,0,134,3,220,7,24,0,40,2103
PUNJAB,SAS NGR,2012,22,51,2,46,104,4,7,171,728,0,0,435,0,149,7,31,0,127,2414
PUNJAB,SBS NAGAR,2012,19,15,1,42,34,6,12,70,176,0,0,72,0,117,0,3,0,25,704
PUNJAB,TARN TARAN,2012,41,59,5,45,46,13,6,79,256,0,0,134,0,147,3,10,0,38,1117
PUNJAB,TOTAL,2012,855,1045,104,1359,1838,232,213,2828,10544,0,1,3451,74,4186,118,340,0,1293,35790
RAJASTHAN,AJMER,2012,38,36,7,140,214,5,17,151,1260,0,6,1174,13,236,13,72,0,668,6550
RAJASTHAN,ALWAR,2012,100,88,7,258,486,13,63,231,6440,0,8,1213,22,2612,47,135,0,655,11941
RAJASTHAN,BANSWARA,2012,34,16,3,112,192,1,13,74,258,0,50,137,21,632,4,49,0,237,2777
RAJASTHAN,BARAN,2012,45,43,0,138,168,0,4,81,644,0,0,312,16,366,7,185,0,313,3596
RAJASTHAN,BARMER,2012,29,30,3,42,70,0,3,115,774,0,0,346,19,442,20,59,0,237,3744
RAJASTHAN,BHARATPUR,2012,91,77,2,216,424,20,41,73,2932,0,0,798,18,92,32,79,0,567,8849
RAJASTHAN,BHILWARA,2012,29,42,1,118,156,1,21,166,1234,0,18,590,13,63,10,98,0,609,4893
RAJASTHAN,BIKANER,2012,45,73,9,134,82,0,12,116,548,0,0,755,15,229,16,31,0,546,4535
RAJASTHAN,BUNDI,2012,18,32,5,86,162,0,3,57,484,0,5,292,10,654,5,90,0,304,3124
RAJASTHAN,CHITTORGARH,2012,38,25,2,118,192,5,18,130,862,0,17,349,18,845,6,64,0,608,4390
RAJASTHAN,CHURU,2012,42,38,2,118,74,2,4,81,388,0,0,522,13,431,8,5,0,405,3363
RAJASTHAN,DAUSA,2012,30,17,6,28,202,1,18,33,1884,0,14,479,7,36,19,9,0,181,5101
RAJASTHAN,DHOLPUR,2012,50,68,6,64,158,11,13,37,692,0,0,223,5,1290,30,19,0,195,3739
RAJASTHAN,DUNGARPUR,2012,26,12,1,64,134,0,16,41,114,0,9,65,13,159,5,48,0,119,1844
RAJASTHAN,G.R.P.AJMER,2012,4,2,0,8,16,0,2,1,1222,0,5,7,0,5,1,13,0,0,788
RAJASTHAN,G.R.P.JODHPUR,2012,2,0,0,2,2,0,0,1,166,0,0,0,1,1,1,2,0,0,131
RAJASTHAN,GANGANAGAR,2012,51,66,0,154,158,0,3,174,622,0,0,958,5,691,21,58,0,803,5427
RAJASTHAN,HANUMANGARH,2012,49,58,0,184,126,3,5,77,460,0,0,607,9,276,19,43,0,515,4077
RAJASTHAN,JAIPUR EAST,2012,21,24,3,82,122,3,126,352,5020,0,48,626,8,57,10,24,0,201,6371
RAJASTHAN,JAIPUR NORTH,2012,12,20,0,74,128,1,37,79,1178,0,12,519,2,263,13,29,0,265,2936
RAJASTHAN,JAIPUR RURAL,2012,38,37,2,78,192,10,21,139,1192,0,12,679,14,410,11,46,0,281,5484
RAJASTHAN,JAIPUR SOUTH,2012,17,17,1,34,52,2,53,218,2214,0,4,527,2,103,7,20,0,217,4016
RAJASTHAN,JAIPUR WEST,2012,26,20,2,76,138,2,40,319,2186,0,3,1012,8,226,0,18,0,257,5288
RAJASTHAN,JAISALMER,2012,9,8,0,24,18,0,3,58,214,0,8,146,7,253,11,20,0,22,1177
RAJASTHAN,JALORE,2012,23,18,0,26,94,1,5,90,366,0,11,187,14,15,15,40,0,138,2480
RAJASTHAN,JHALAWAR,2012,47,44,4,162,182,3,10,59,674,0,29,210,22,766,5,205,0,434,3795
RAJASTHAN,JHUNJHUNU,2012,36,15,3,90,126,0,9,127,582,0,11,510,12,560,17,44,0,347,4358
RAJASTHAN,JODHPUR EAST,2012,12,27,3,40,30,0,16,50,794,0,0,447,1,417,11,16,0,296,2303
RAJASTHAN,JODHPUR RURAL,2012,34,38,3,54,66,1,12,66,448,0,3,226,18,771,16,26,0,121,2788
RAJASTHAN,JODHPUR WEST,2012,15,42,3,40,58,0,23,124,1292,0,0,275,12,286,5,27,0,5,2228
RAJASTHAN,KARAULI,2012,41,40,0,88,208,0,19,32,1370,0,8,213,17,2,15,7,0,196,4561
RAJASTHAN,KOTA CITY,2012,28,68,1,90,164,7,27,86,1192,0,0,756,3,115,5,73,0,428,3972
RAJASTHAN,KOTA RURAL,2012,20,56,1,84,98,1,8,48,266,0,3,199,9,185,6,105,0,200,2331
RAJASTHAN,NAGAUR,2012,49,58,2,106,258,1,7,155,686,0,0,568,7,84,11,66,0,416,4498
RAJASTHAN,PALI,2012,56,56,8,122,214,3,28,178,656,0,0,453,11,68,9,75,0,464,5469
RAJASTHAN,PRATAPGARH,2012,29,27,3,274,160,0,7,59,258,0,25,160,8,536,2,79,0,276,2585
RAJASTHAN,RAJSAMAND,2012,26,19,1,28,124,1,19,116,336,0,20,302,4,484,5,40,0,263,2439
RAJASTHAN,SAWAI MADHOPUR,2012,24,27,2,38,190,1,5,40,1210,0,0,355,7,0,6,39,0,213,4054
RAJASTHAN,SIKAR,2012,51,34,0,110,192,2,4,143,1238,0,11,912,23,234,18,22,0,322,5824
RAJASTHAN,SIROHI,2012,29,16,1,58,138,0,10,60,232,0,26,220,14,341,4,74,0,180,1906
RAJASTHAN,TONK,2012,21,24,0,38,138,0,3,74,466,0,36,310,4,860,3,24,0,309,3232
RAJASTHAN,UDAIPUR,2012,76,80,1,298,380,4,59,299,1574,0,171,1007,30,1518,9,174,0,499,7984
RAJASTHAN,TOTAL,2012,1461,1538,98,4098,6486,105,807,4610,46628,0,573,19646,475,17614,478,2352,0,13312,170948
SIKKIM,EAST,2012,3,4,0,26,12,0,2,22,84,0,12,22,7,31,1,7,0,2,209
SIKKIM,NORTH,2012,1,1,0,0,0,0,0,5,14,0,0,0,0,5,0,0,0,0,31
SIKKIM,SOUTH,2012,1,2,0,24,6,0,2,21,78,0,5,6,7,33,0,6,0,1,165
SIKKIM,WEST,2012,2,0,0,18,2,0,2,17,58,0,5,3,6,22,0,6,0,1,123
SIKKIM,TOTAL,2012,7,7,0,68,20,0,6,65,234,0,22,31,20,91,1,19,0,4,528
TAMIL NADU,ARIYALUR,2012,19,32,3,22,94,1,8,41,262,0,41,11,13,433,1,53,0,13,2480
TAMIL NADU,CHENNAI,2012,180,219,4,188,174,2,85,546,4338,0,95,769,10,1412,12,90,0,237,19881
TAMIL NADU,CHENNAI RLY.,2012,1,5,0,0,4,2,18,1,428,0,2,0,0,29,0,5,0,2,558
TAMIL NADU,COIMBATORE RURAL,2012,51,28,0,18,82,4,72,125,708,0,130,89,10,442,1,38,0,48,5093
TAMIL NADU,COIMBATORE URBAN,2012,29,37,0,40,40,2,101,125,1088,0,16,132,21,272,0,17,0,112,10357
TAMIL NADU,CUDDALORE,2012,70,120,3,80,304,9,44,192,1036,0,332,38,47,1384,8,64,0,63,11318
TAMIL NADU,DHARMAPURI,2012,50,32,10,50,196,1,21,73,310,0,92,36,42,994,1,48,0,66,3742
TAMIL NADU,DINDIGUL,2012,74,89,0,32,194,1,60,106,406,0,81,118,13,606,4,34,0,111,5985
TAMIL NADU,ERODE,2012,40,31,0,16,60,1,44,94,688,0,32,118,12,399,1,42,0,26,4789
TAMIL NADU,KANCHIPURAM,2012,76,113,0,38,34,1,22,167,1096,0,154,152,11,641,3,17,0,17,8040
TAMIL NADU,KANYAKUMARI,2012,53,110,2,24,66,6,86,203,480,0,0,132,50,740,4,11,0,100,4810
TAMIL NADU,KARUR,2012,26,18,0,8,98,1,30,39,270,0,28,18,2,198,1,25,0,11,2401
TAMIL NADU,KRISHNAGIRI,2012,63,41,0,28,90,3,57,116,332,0,160,71,15,663,1,51,0,33,4196
TAMIL NADU,MADURAI RURAL,2012,76,142,2,60,166,14,121,191,740,0,196,348,24,632,11,75,0,71,6358
TAMIL NADU,MADURAI URBAN,2012,31,74,0,22,130,2,79,68,918,0,26,294,8,245,3,28,0,62,3261
TAMIL NADU,NAGAPATTINAM,2012,56,44,0,20,84,2,18,68,400,0,59,18,28,518,1,34,0,10,4245
TAMIL NADU,NAMAKKAL,2012,30,33,0,24,96,4,44,62,212,0,35,82,5,458,1,39,0,8,4070
TAMIL NADU,NILGIRIS,2012,14,17,0,18,16,0,5,65,84,0,8,26,2,195,1,15,0,8,1216
TAMIL NADU,PERAMBALUR,2012,11,15,0,6,62,1,13,37,166,0,34,21,2,168,0,22,0,6,1455
TAMIL NADU,PUDUKOTTAI,2012,31,36,1,12,66,1,18,34,282,0,55,42,12,282,0,26,0,35,3142
TAMIL NADU,RAMNATHAPURAM,2012,54,81,1,18,80,4,45,81,356,0,99,55,24,487,3,15,0,18,3549
TAMIL NADU,SALEM RURAL,2012,60,40,0,72,158,0,26,66,408,0,133,92,18,1418,1,87,0,35,5939
TAMIL NADU,SALEM URBAN,2012,16,22,0,30,46,4,39,31,324,0,32,35,1,315,3,12,0,21,2329
TAMIL NADU,SIVAGANGAI,2012,47,58,0,22,86,5,34,95,388,0,75,83,13,319,3,37,0,57,3598
TAMIL NADU,THANJAVUR,2012,62,97,0,28,114,8,100,167,840,0,176,99,36,894,1,76,0,28,6785
TAMIL NADU,THENI,2012,39,69,1,44,90,3,48,113,430,0,83,129,20,622,5,50,0,63,4312
TAMIL NADU,THIRUNELVELI RURAL,2012,88,288,0,88,104,2,103,185,460,0,4,227,81,1061,3,58,0,266,9024
TAMIL NADU,THIRUNELVELI URBAN,2012,19,163,0,6,14,0,38,18,116,0,0,64,7,119,2,6,0,25,1352
TAMIL NADU,THIRUVALLUR,2012,40,49,2,36,28,1,24,117,406,0,105,40,5,447,5,8,0,19,3579
TAMIL NADU,THIRUVANNAMALAI,2012,52,56,0,42,124,2,19,76,482,0,148,78,20,635,1,8,0,37,4874
TAMIL NADU,THIRUVARUR,2012,33,45,0,22,68,3,20,68,350,0,20,19,25,536,1,6,0,16,4039
TAMIL NADU,THOOTHUGUDI,2012,85,208,0,52,82,3,78,184,496,0,0,92,32,686,1,1,0,50,5324
TAMIL NADU,TIRUPPUR,2012,63,83,0,16,102,6,131,283,1108,0,67,155,8,645,7,52,0,76,7046
TAMIL NADU,TRICHY RLY.,2012,2,3,0,0,2,0,3,1,164,0,2,2,0,15,0,2,0,1,216
TAMIL NADU,TRICHY RURAL,2012,44,44,0,28,58,0,46,73,206,0,34,22,6,377,3,33,0,24,4485
TAMIL NADU,TRICHY URBAN,2012,26,22,0,14,44,0,56,42,506,0,7,103,3,146,3,9,0,24,2926
TAMIL NADU,VELLORE,2012,76,82,11,48,152,6,40,188,978,0,9,71,17,789,8,38,0,61,7710
TAMIL NADU,VILLUPURAM,2012,100,211,4,156,404,8,51,189,1202,0,486,99,59,1326,4,239,0,58,10486
TAMIL NADU,VIRUDHUNAGAR,2012,62,97,0,46,78,3,51,127,528,0,80,171,24,552,2,23,0,47,5504
TAMIL NADU,TOTAL,2012,1949,2954,44,1474,3890,116,1898,4457,23992,0,3136,4151,726,22100,110,1494,0,1965,200474
TRIPURA,DHALAI,2012,20,8,1,70,22,2,13,17,58,0,8,7,1,70,5,30,0,56,443
TRIPURA,GOMATI,2012,18,8,0,52,32,2,5,28,264,0,29,12,7,321,4,34,0,157,1147
TRIPURA,GRP,2012,1,0,0,0,0,0,0,0,10,0,0,1,0,1,0,0,0,0,10
TRIPURA,KHOWAI,2012,12,4,0,20,10,0,1,18,66,0,13,9,7,131,3,22,0,36,423
TRIPURA,NORTH,2012,11,10,0,58,32,2,4,19,90,0,8,11,6,105,3,48,0,101,553
TRIPURA,SIPAHIJALA,2012,12,9,0,46,58,0,10,37,168,0,16,14,17,250,3,42,0,155,987
TRIPURA,SOUTH,2012,15,20,0,60,34,1,8,37,92,0,23,12,2,190,5,46,0,89,774
TRIPURA,UNAKOTI,2012,9,8,1,52,20,0,9,5,90,0,6,20,3,159,2,26,0,92,533
TRIPURA,WEST,2012,26,12,0,100,70,0,10,78,292,0,25,19,16,277,12,66,0,172,1394
TRIPURA,TOTAL,2012,124,79,2,458,278,7,60,239,1130,0,128,105,59,1504,37,314,0,858,6264
UTTAR PRADESH,AGRA,2012,152,171,40,116,642,19,233,392,6944,0,476,350,7,377,88,134,0,320,9360
UTTAR PRADESH,ALIGARH,2012,177,150,30,128,596,26,121,192,2700,0,252,377,18,254,71,101,0,268,5806
UTTAR PRADESH,ALLAHABAD,2012,115,114,35,104,446,9,55,272,2614,0,113,308,18,411,63,79,0,247,6394
UTTAR PRADESH,AMBEDKAR NAGAR,2012,35,32,9,24,138,0,24,31,246,0,66,69,0,147,9,10,0,75,1211
UTTAR PRADESH,AURAIYA,2012,24,29,9,26,204,1,19,31,300,0,9,60,0,87,18,27,0,40,1319
UTTAR PRADESH,AZAMGARH,2012,73,88,34,38,242,1,59,72,480,0,182,131,1,328,25,28,0,101,2284
UTTAR PRADESH,BADAUN,2012,108,136,31,48,214,3,40,63,436,0,6,49,1,315,47,48,0,65,2537
UTTAR PRADESH,BAGHPAT,2012,80,93,16,36,160,6,46,46,520,0,63,63,0,134,19,26,0,76,1560
UTTAR PRADESH,BAHRAICH,2012,41,42,23,54,232,2,15,74,430,0,69,141,3,173,38,28,0,4,2369
UTTAR PRADESH,BALLIA,2012,45,27,15,24,168,8,38,97,470,0,102,70,3,239,28,22,0,51,1607
UTTAR PRADESH,BALRAMPUR,2012,23,10,2,24,106,2,6,33,124,0,21,66,2,74,5,17,0,4,586
UTTAR PRADESH,BANDA,2012,40,24,20,44,96,0,9,42,268,0,34,32,15,24,36,58,0,51,1224
UTTAR PRADESH,BARABANKI,2012,73,51,29,62,260,0,16,53,394,0,12,141,4,256,31,39,0,114,2096
UTTAR PRADESH,BAREILLY,2012,114,151,36,172,530,3,68,146,1524,0,134,388,15,795,61,112,0,88,5228
UTTAR PRADESH,BASTI,2012,33,19,14,14,122,0,12,36,322,0,13,68,1,134,21,17,0,69,1237
UTTAR PRADESH,BHIM NAGAR,2012,77,96,23,46,186,7,43,91,558,0,99,79,0,121,27,30,0,64,1914
UTTAR PRADESH,BIJNOR,2012,89,67,16,86,320,4,56,74,714,0,67,229,0,5,19,43,0,257,3108
UTTAR PRADESH,BULANDSHAHAR,2012,140,144,44,92,376,7,61,78,1052,0,97,213,5,14,48,63,0,304,3554
UTTAR PRADESH,CHANDOLI,2012,25,14,10,22,68,2,13,25,248,0,9,38,4,188,14,23,0,37,1043
UTTAR PRADESH,CHITRAKOOT DHAM,2012,34,10,9,62,86,2,7,68,194,0,16,29,7,13,22,35,0,23,780
UTTAR PRADESH,CSM NAGAR,2012,35,55,15,52,210,4,17,59,274,0,51,37,2,237,12,52,0,56,1522
UTTAR PRADESH,DEORIA,2012,35,25,18,36,134,3,12,47,354,0,48,120,0,147,29,16,0,34,1446
UTTAR PRADESH,ETAH,2012,73,115,21,44,220,9,37,41,778,0,108,120,14,235,38,62,0,82,2468
UTTAR PRADESH,ETAWAH,2012,59,55,9,18,142,3,33,52,546,0,14,80,7,78,26,26,0,42,1996
UTTAR PRADESH,FAIZABAD,2012,45,41,11,58,286,0,33,91,526,0,66,96,0,213,18,32,0,7,2281
UTTAR PRADESH,FATEHGARH,2012,68,66,10,28,212,4,15,75,534,0,30,80,0,56,34,39,0,71,1608
UTTAR PRADESH,FATEHPUR,2012,79,33,20,70,236,6,17,63,262,0,48,98,3,295,41,65,0,56,2152
UTTAR PRADESH,FIROZABAD,2012,100,108,30,64,386,3,85,64,1270,0,138,146,1,289,50,49,0,98,3096
UTTAR PRADESH,G.R.P.,2012,22,11,7,6,28,8,40,1,3672,0,23,32,0,4,2,36,0,0,2782
UTTAR PRADESH,GAUTAMBUDH NAGAR,2012,89,103,16,38,316,8,202,189,5824,0,150,322,1,91,17,50,0,142,6687
UTTAR PRADESH,GHAZIABAD,2012,146,111,39,62,510,17,106,207,5414,0,76,324,0,14,41,60,0,277,7477
UTTAR PRADESH,GHAZIPUR,2012,47,56,23,18,122,3,28,78,346,0,64,102,3,216,32,16,0,60,1430
UTTAR PRADESH,GONDA,2012,39,38,22,46,250,0,31,106,476,0,111,254,0,340,37,40,0,5,2458
UTTAR PRADESH,GORAKHPUR,2012,98,136,45,104,464,14,69,197,1942,0,236,413,6,410,53,56,0,180,4577
UTTAR PRADESH,HAMIRPUR,2012,36,27,21,50,92,5,17,28,144,0,19,19,4,58,17,37,0,28,848
UTTAR PRADESH,HARDOI,2012,77,57,30,60,270,0,12,52,492,0,43,93,3,243,48,54,0,87,3005
UTTAR PRADESH,HATHRAS,2012,53,52,13,34,168,14,43,77,566,0,71,77,3,145,18,39,0,91,1770
UTTAR PRADESH,J.P.NAGAR,2012,60,36,15,68,138,6,52,36,468,0,57,120,0,106,19,31,0,82,1649
UTTAR PRADESH,JALAUN,2012,46,32,10,30,136,3,16,37,306,0,33,60,0,10,40,32,0,47,1292
UTTAR PRADESH,JAUNPUR,2012,50,64,27,30,230,4,53,51,372,0,49,75,9,324,51,18,0,55,1822
UTTAR PRADESH,JHANSI,2012,65,50,14,38,148,2,29,81,692,0,73,67,7,153,33,34,0,53,2016
UTTAR PRADESH,KANNAUJ,2012,48,36,13,24,172,0,8,40,256,0,26,71,5,5,27,36,0,106,1689
UTTAR PRADESH,KANPUR NAGAR,2012,151,126,28,110,636,15,142,225,3028,0,137,506,2,289,56,110,0,317,7018
UTTAR PRADESH,KANSHIRAM NAGAR,2012,50,54,6,36,130,0,12,21,266,0,42,54,2,134,26,36,0,26,1123
UTTAR PRADESH,KAUSHAMBI,2012,44,12,14,22,108,1,13,49,176,0,22,66,2,80,20,31,0,46,1302
UTTAR PRADESH,KHIRI,2012,89,98,21,68,364,3,23,50,834,0,42,69,1,432,51,59,0,57,2917
UTTAR PRADESH,KUSHI NAGAR,2012,36,28,22,60,196,1,10,39,292,0,101,83,10,166,28,22,0,28,1698
UTTAR PRADESH,LALITPUR,2012,23,10,11,28,50,0,11,23,114,0,16,39,0,15,7,27,0,13,697
UTTAR PRADESH,LUCKNOW,2012,141,99,27,96,630,9,63,479,4924,0,195,952,3,91,32,110,0,538,11083
UTTAR PRADESH,MAHARAJGANJ,2012,30,21,16,68,190,9,10,52,176,0,85,157,8,171,20,14,0,23,1524
UTTAR PRADESH,MAHOBA,2012,29,16,7,32,96,0,12,49,162,0,24,34,1,5,20,48,0,24,791
UTTAR PRADESH,MAINPURI,2012,81,84,18,30,278,7,56,70,808,0,78,72,10,196,39,51,0,81,2400
UTTAR PRADESH,MATHURA,2012,101,121,19,82,310,12,73,66,1680,0,143,224,8,188,34,75,0,235,4438
UTTAR PRADESH,MAU,2012,23,61,15,18,164,2,27,73,396,0,105,142,11,237,11,31,0,92,1535
UTTAR PRADESH,MEERUT,2012,202,246,28,108,574,21,264,277,4788,0,284,443,1,22,39,129,0,435,7984
UTTAR PRADESH,MIRZAPUR,2012,27,3,8,8,14,1,3,21,82,0,0,57,3,85,24,3,0,29,775
UTTAR PRADESH,MORADABAD,2012,90,84,14,72,324,16,95,109,1684,0,97,153,0,88,28,72,0,255,3652
UTTAR PRADESH,MUZAFFARNAGAR,2012,126,134,21,54,434,7,62,74,1188,0,94,183,1,28,16,38,0,225,3715
UTTAR PRADESH,PANCHSHIL NAGAR,2012,56,68,14,30,130,2,38,30,732,0,49,86,0,35,17,22,0,56,1765
UTTAR PRADESH,PILIBHIT,2012,47,21,6,20,130,7,7,11,166,0,6,135,0,1,25,15,0,79,2296
UTTAR PRADESH,PRABUDDH NAGAR,2012,55,58,12,14,128,2,41,24,338,0,56,46,0,4,12,14,0,55,1268
UTTAR PRADESH,PRATAPGARH,2012,57,81,21,72,232,3,43,101,476,0,151,104,20,361,24,53,0,72,2354
UTTAR PRADESH,RAIBAREILLY,2012,37,39,9,72,192,1,14,67,358,0,45,60,1,137,23,46,0,50,1774
UTTAR PRADESH,RAMABAI NAGAR,2012,44,14,8,36,166,1,11,18,170,0,25,86,6,194,28,32,0,77,2013
UTTAR PRADESH,RAMPUR,2012,51,66,13,52,200,12,48,62,676,0,60,146,0,1,12,32,0,138,2105
UTTAR PRADESH,SAHARANPUR,2012,70,78,37,36,202,4,34,30,896,0,68,245,1,113,27,17,0,113,3254
UTTAR PRADESH,SANT KABIRNAGAR,2012,16,17,8,36,100,0,9,33,110,0,17,37,6,134,12,5,0,10,736
UTTAR PRADESH,SHAHJAHANPUR,2012,77,80,21,54,260,3,17,43,454,0,29,111,20,250,51,48,0,73,2632
UTTAR PRADESH,SHRAWASTI,2012,24,10,7,44,84,19,5,17,114,0,7,21,0,137,18,20,0,1,553
UTTAR PRADESH,SIDHARTHNAGAR,2012,27,5,4,44,96,2,3,27,158,0,15,23,0,38,8,13,0,35,707
UTTAR PRADESH,SITAPUR,2012,96,81,23,98,482,3,32,114,810,0,69,96,22,219,45,94,0,125,3360
UTTAR PRADESH,SONBHADRA,2012,25,13,19,42,62,1,8,35,190,0,2,40,0,131,17,18,0,21,901
UTTAR PRADESH,ST.RAVIDASNAGAR,2012,10,20,7,8,36,0,2,18,94,0,6,36,0,56,7,6,0,13,466
UTTAR PRADESH,SULTANPUR,2012,44,80,13,52,134,7,33,108,558,0,90,48,13,243,15,29,0,84,1821
UTTAR PRADESH,UNNAO,2012,60,46,26,82,364,1,14,90,402,0,46,111,2,35,44,81,0,141,2683
UTTAR PRADESH,VARANASI,2012,59,62,13,42,198,0,28,94,1400,0,96,341,1,216,35,26,0,177,3465
UTTAR PRADESH,TOTAL,2012,4966,4811,1410,3926,17756,390,3159,6187,74752,0,5676,10713,327,12290,2244,3247,0,7661,198093
UTTARAKHAND,ALMORA,2012,4,6,1,10,0,0,4,10,42,0,3,6,3,0,2,5,0,5,150
UTTARAKHAND,BAGESHWAR,2012,3,2,0,16,2,0,0,6,8,0,3,5,2,11,4,5,0,2,74
UTTARAKHAND,CHAMOLI,2012,1,3,1,4,4,0,0,8,18,0,3,5,0,14,1,4,0,0,74
UTTARAKHAND,CHAMPAWAT,2012,2,1,0,6,0,0,1,10,10,0,2,6,0,25,1,4,0,0,85
UTTARAKHAND,DEHRADUN,2012,37,29,7,60,86,4,19,118,1150,0,86,185,4,467,13,24,0,111,2189
UTTARAKHAND,HARIDWAR,2012,74,54,9,94,212,12,67,71,1238,0,115,142,3,390,10,38,0,89,2613
UTTARAKHAND,NAINITAL,2012,17,12,10,32,58,2,12,30,214,0,33,26,0,20,10,11,0,22,740
UTTARAKHAND,PAURI GARHWAL,2012,9,2,3,4,20,0,3,19,116,0,19,18,0,28,2,1,0,2,256
UTTARAKHAND,PITHORAGARH,2012,9,0,2,2,2,0,0,18,14,0,4,4,3,15,2,2,0,2,103
UTTARAKHAND,RUDRA PRAYAG,2012,3,0,3,4,6,0,4,13,12,0,5,14,0,6,1,5,0,4,111
UTTARAKHAND,TEHRI GARHWAL,2012,5,2,0,2,6,0,3,5,34,0,5,7,1,0,3,1,0,0,101
UTTARAKHAND,UDHAMSINGH NAGAR,2012,52,50,8,60,190,14,31,80,948,0,87,109,0,43,22,38,0,128,2314
UTTARAKHAND,UTTARKASHI,2012,1,0,0,2,8,0,0,3,22,0,4,2,1,3,0,1,0,3,72
UTTARAKHAND,TOTAL,2012,217,161,44,296,594,32,144,391,3826,0,369,529,17,1022,71,139,0,368,8882
WEST BENGAL,24 PARGANAS NORTH,2012,140,108,80,236,994,74,61,6,2906,0,680,141,19,79,74,196,0,1860,11765
WEST BENGAL,24 PARGANAS SOUTH,2012,224,8,28,488,838,92,35,51,2558,0,1976,250,15,234,45,83,0,1666,14370
WEST BENGAL,ASANSOL,2012,60,25,9,72,154,59,75,21,1894,0,212,15,1,93,15,31,0,240,3897
WEST BENGAL,BANKURA,2012,61,37,6,70,168,22,26,14,448,0,219,66,22,187,26,90,0,221,2758
WEST BENGAL,BDN CP,2012,15,35,4,26,106,56,17,10,1694,0,32,186,0,0,9,58,0,320,3446
WEST BENGAL,BIRBHUM,2012,113,186,63,98,152,59,42,26,748,0,248,74,20,521,23,87,0,245,3083
WEST BENGAL,BKP CP,2012,89,49,18,72,428,60,48,9,2714,0,125,224,0,143,20,88,0,989,6608
WEST BENGAL,BURDWAN,2012,91,167,23,116,198,77,41,6,940,0,349,202,23,578,55,145,0,224,4674
WEST BENGAL,COOCHBEHAR,2012,48,94,25,184,358,8,9,12,568,0,69,86,26,163,25,117,0,539,3491
WEST BENGAL,DAKSHIN DINAJPUR,2012,53,238,8,132,284,2,3,4,504,0,15,63,10,221,18,83,0,342,2725
WEST BENGAL,DARJEELING,2012,27,17,15,20,94,7,6,2,636,0,2,15,8,632,2,52,0,106,1574
WEST BENGAL,HOOGHLY,2012,132,37,16,136,354,103,26,6,1614,0,531,284,31,47,32,86,0,1195,6434
WEST BENGAL,HOWRAH,2012,67,32,13,112,264,42,36,67,878,0,203,125,4,194,16,99,0,883,5059
WEST BENGAL,HOWRAH CITY,2012,39,3,9,56,382,40,35,19,2332,0,85,214,4,36,15,199,0,550,5675
WEST BENGAL,HOWRAH G.R.P.,2012,16,9,6,4,8,10,3,0,646,0,3,15,0,3,1,4,0,1,499
WEST BENGAL,JALPAIGURI,2012,117,156,27,326,668,9,36,25,2922,0,42,104,21,220,17,179,0,1625,7861
WEST BENGAL,JHARGRAM,2012,30,23,5,42,42,11,19,3,194,0,52,17,1,11,6,28,0,47,711
WEST BENGAL,KHARAGPUR G.R.P.,2012,6,0,0,4,8,4,3,1,298,0,0,0,0,3,0,3,0,2,199
WEST BENGAL,KOLKATA,2012,85,154,29,136,542,28,44,96,9920,0,397,2100,0,3518,19,486,0,865,25370
WEST BENGAL,MALDA,2012,118,322,21,316,580,39,15,21,826,0,59,112,25,787,7,177,0,660,5634
WEST BENGAL,MURSHIDABAD,2012,174,395,30,514,1158,97,42,4,1922,0,190,157,50,3254,39,609,0,2831,12713
WEST BENGAL,NADIA,2012,146,357,21,348,866,80,34,21,2502,0,128,338,22,2632,46,56,0,1860,11919
WEST BENGAL,PASCHIM MIDNAPUR,2012,88,86,27,128,230,38,37,13,1164,0,416,64,41,210,26,99,0,823,5000
WEST BENGAL,PURAB MIDNAPUR,2012,82,5,15,130,392,38,28,15,900,0,403,135,15,16,31,19,0,572,4981
WEST BENGAL,PURULIA,2012,66,12,6,100,88,15,26,2,510,0,100,40,2,162,12,64,0,206,1841
WEST BENGAL,SEALDAH G.R.P.,2012,19,9,2,0,14,41,10,0,842,0,13,14,0,62,1,14,0,0,657
WEST BENGAL,SILIGURI G.R.P.,2012,4,1,0,0,6,1,1,0,334,0,2,0,0,0,1,8,0,0,248
WEST BENGAL,SILIGURI_PC,2012,32,6,6,42,246,8,29,3,1698,0,9,195,3,812,3,35,0,370,3023
WEST BENGAL,UTTAR DINAJPUR,2012,110,283,10,184,612,34,29,7,870,0,51,64,33,1105,9,150,0,623,5212
WEST BENGAL,TOTAL,2012,2252,2854,522,4092,10234,1154,816,464,45982,0,6611,5300,396,15923,593,3345,0,19865,161427
A & N ISLANDS,CAR,2012,2,0,0,0,2,1,0,0,8,0,0,2,0,4,0,1,0,0,24
A & N ISLANDS,NORTH,2012,5,0,0,8,0,0,1,6,26,0,0,3,0,8,0,2,0,2,115
A & N ISLANDS,SOUTH,2012,8,3,0,16,14,4,1,65,108,0,8,26,4,50,2,14,0,3,544
A & N ISLANDS,TOTAL,2012,15,3,0,24,16,5,2,71,142,0,8,31,4,62,2,17,0,5,683
CHANDIGARH,CHANDIGARH,2012,21,44,5,54,174,12,63,235,3098,0,49,234,9,42,5,45,0,73,3606
CHANDIGARH,TOTAL,2012,21,44,5,54,174,12,63,235,3098,0,49,234,9,42,5,45,0,73,3606
D & N HAVELI,D AND N HAVELI,2012,7,2,0,6,26,2,2,22,136,0,11,4,12,25,0,2,0,0,318
D & N HAVELI,TOTAL,2012,7,2,0,6,26,2,2,22,136,0,11,4,12,25,0,2,0,0,318
DAMAN & DIU,DAMAN,2012,3,4,0,10,4,1,3,24,104,0,6,7,10,15,0,0,0,1,202
DAMAN & DIU,DIU,2012,0,1,0,0,2,0,0,2,6,0,3,1,1,2,0,0,0,2,37
DAMAN & DIU,TOTAL,2012,3,5,0,10,6,1,3,26,110,0,9,8,11,17,0,0,0,3,239
DELHI UT,CAW,2012,0,0,0,0,0,0,0,0,0,0,0,0,0,0,0,0,0,178,178
DELHI UT,CENTRAL,2012,35,25,10,62,360,5,47,101,2806,0,6,189,7,133,4,47,0,57,2973
DELHI UT,CRIME BRANCH,2012,1,2,0,2,6,0,0,0,2,0,0,61,0,0,0,0,0,0,90
DELHI UT,DELHI UT TOTAL,2012,521,439,82,1412,7940,41,608,1715,44064,0,79,2491,79,1747,134,727,0,1985,54287
DELHI UT,EAST,2012,48,53,9,180,1006,4,57,172,6516,0,14,211,17,161,7,96,0,202,7423
DELHI UT,EOW,2012,0,0,0,0,0,0,0,0,0,0,0,120,0,0,0,0,0,0,124
DELHI UT,GRP(RLY),2012,13,0,1,8,54,0,12,1,1260,0,4,11,1,1,1,12,0,0,837
DELHI UT,IGI AIRPORT,2012,1,0,0,0,2,0,1,1,136,0,0,247,0,1,0,6,0,0,382
DELHI UT,NEW DELHI,2012,9,6,1,10,56,0,9,25,748,0,12,132,1,16,0,29,0,4,1057
DELHI UT,NORTH,2012,25,17,2,28,306,0,45,97,2050,0,5,127,3,92,6,29,0,70,2700
DELHI UT,NORTH-EAST,2012,49,65,11,156,1020,5,58,57,5232,0,5,136,2,242,25,69,0,293,5903
DELHI UT,NORTH-WEST,2012,60,37,8,128,714,6,65,166,3802,0,0,168,3,166,12,19,0,212,4542
DELHI UT,OUTER,2012,96,60,15,134,1144,8,91,262,4430,0,7,233,6,224,15,79,0,244,6344
DELHI UT,SOUTH,2012,39,19,3,140,490,2,52,235,4252,0,3,256,4,101,17,59,0,68,5045
DELHI UT,SOUTH-EAST,2012,46,69,6,232,1076,4,72,201,5784,0,12,207,11,252,11,160,0,123,7040
DELHI UT,SOUTH-WEST,2012,47,48,6,174,798,1,47,211,2342,0,6,189,6,131,18,69,0,207,4085
DELHI UT,STF,2012,0,1,0,0,0,0,0,0,0,0,0,2,0,0,0,0,0,0,6
DELHI UT,WEST,2012,52,37,10,158,908,6,52,186,4704,0,5,202,18,227,18,53,0,327,5558
LAKSHADWEEP,LAKSHADWEEP,2012,0,0,0,0,0,0,0,3,14,0,10,0,3,3,0,1,0,1,60
LAKSHADWEEP,TOTAL,2012,0,0,0,0,0,0,0,3,14,0,10,0,3,3,0,1,0,1,60
PUDUCHERRY,KARAIKAL,2012,5,6,2,12,4,1,3,21,162,0,17,15,1,186,0,2,0,1,787
PUDUCHERRY,PUDUCHERRY,2012,24,21,10,14,34,19,13,56,1154,0,109,75,20,632,0,7,0,5,3494
PUDUCHERRY,TOTAL,2012,29,27,12,26,38,20,16,77,1316,0,126,90,21,818,0,9,0,6,4281
ANDHRA PRADESH,ADILABAD,2013,96,72,13,122,130,2,14,274,754,0,58,254,30,2394,12,197,0,464,6381
ANDHRA PRADESH,ANANTAPUR,2013,156,149,3,56,220,5,23,279,1194,0,56,160,29,2537,23,337,0,161,6913
ANDHRA PRADESH,CHITTOOR,2013,72,61,2,62,104,3,11,157,1024,0,57,238,18,937,13,119,0,435,5610
ANDHRA PRADESH,CUDDAPAH,2013,93,107,7,38,168,2,9,220,1404,0,156,317,34,2310,9,318,0,207,7048
ANDHRA PRADESH,CYBERABAD,2013,162,123,16,276,384,15,89,1318,9558,0,34,2111,40,4284,43,350,0,1526,19992
ANDHRA PRADESH,EAST GODAVARI,2013,68,71,6,148,126,3,15,326,1576,0,50,222,21,2300,15,352,0,483,6779
ANDHRA PRADESH,GUNTAKAL RLY.,2013,2,0,0,0,0,0,0,0,502,0,0,3,1,11,0,3,0,0,301
ANDHRA PRADESH,GUNTUR,2013,110,87,1,76,122,4,21,192,1350,0,41,305,21,2345,16,296,0,608,7026
ANDHRA PRADESH,GUNTUR URBAN,2013,44,51,3,56,92,3,26,190,1982,0,11,372,14,1180,7,124,0,326,4878
ANDHRA PRADESH,HYDERABAD CITY,2013,120,145,5,202,262,6,47,658,8332,0,118,2382,62,3092,39,225,0,1480,16355
ANDHRA PRADESH,KARIMNAGAR,2013,101,89,10,114,236,3,20,349,1542,0,96,706,45,2593,39,354,0,670,8836
ANDHRA PRADESH,KHAMMAM,2013,103,99,10,200,228,6,16,455,1774,0,135,636,42,2268,15,254,0,768,10607
ANDHRA PRADESH,KRISHNA,2013,56,46,0,116,108,1,18,316,1158,0,15,203,45,2596,14,387,0,708,6876
ANDHRA PRADESH,KURNOOL,2013,127,175,0,52,144,12,27,252,1130,0,128,506,35,2531,11,374,0,203,7595
ANDHRA PRADESH,MAHABOOBNAGAR,2013,191,69,31,234,180,8,18,394,2414,0,130,269,56,2381,33,219,0,234,8092
ANDHRA PRADESH,MEDAK,2013,128,77,6,128,88,3,14,414,1550,0,45,358,58,1970,25,169,0,476,7054
ANDHRA PRADESH,NALGONDA,2013,98,100,5,154,236,13,27,375,1620,0,231,499,49,3315,27,367,0,327,10291
ANDHRA PRADESH,NELLORE,2013,99,110,2,52,190,6,41,364,2154,0,29,223,29,2533,8,263,0,374,7326
ANDHRA PRADESH,NIZAMABAD,2013,117,56,12,98,108,6,18,480,2070,0,84,373,60,1796,17,142,0,732,7662
ANDHRA PRADESH,PRAKASHAM,2013,77,101,6,78,130,7,30,238,1388,0,93,294,27,2274,8,298,0,484,6399
ANDHRA PRADESH,RAJAHMUNDRY,2013,14,15,2,28,30,1,18,160,628,0,12,48,11,757,2,67,0,209,2251
ANDHRA PRADESH,RANGA REDDY,2013,80,47,8,74,50,1,13,96,346,0,18,94,25,626,14,69,0,168,2191
ANDHRA PRADESH,SECUNDERABAD RLY.,2013,7,2,0,0,4,0,1,0,1474,0,0,11,0,10,0,11,0,0,849
ANDHRA PRADESH,SRIKAKULAM,2013,35,49,1,84,52,1,11,190,614,0,22,153,31,1124,3,207,0,361,4841
ANDHRA PRADESH,TIRUPATHI URBAN,2013,26,21,1,20,44,0,15,190,1654,0,22,197,4,565,7,45,0,133,2821
ANDHRA PRADESH,VIJAYAWADA CITY,2013,29,55,8,96,144,2,66,323,4346,0,6,459,24,1955,12,249,0,1227,8978
ANDHRA PRADESH,VIJAYAWADA RLY.,2013,6,2,0,2,2,3,9,0,1250,0,1,3,0,11,2,6,0,0,773
ANDHRA PRADESH,VISAKHA RURAL,2013,46,41,1,64,60,1,5,132,658,0,46,113,27,1137,8,139,0,210,3238
ANDHRA PRADESH,VISAKHAPATNAM,2013,30,50,1,134,116,5,26,355,2406,0,9,336,21,1356,8,149,0,548,6775
ANDHRA PRADESH,VIZIANAGARAM,2013,30,38,2,84,50,1,7,180,460,0,30,124,13,1609,10,165,0,383,4918
ANDHRA PRADESH,WARANGAL,2013,52,54,4,104,126,1,17,256,654,0,140,237,0,1789,20,206,0,129,5421
ANDHRA PRADESH,WARANGAL URBAN,2013,24,20,2,72,112,1,18,197,918,0,51,363,20,1442,16,127,0,195,4440
ANDHRA PRADESH,WEST GODAVARI,2013,85,67,2,246,192,5,19,490,2180,0,20,446,40,2460,16,342,0,855,8498
ANDHRA PRADESH,ZZ TOTAL,2013,2484,2249,170,3270,4238,130,709,9820,62064,0,1944,13015,932,60488,492,6930,0,15084,218015
ARUNACHAL PRADESH,ANJAW,2013,2,0,0,0,0,0,1,2,12,0,0,1,0,5,0,0,0,0,28
ARUNACHAL PRADESH,CHANGLANG,2013,4,2,0,10,22,3,9,15,64,0,4,5,1,24,0,2,0,1,189
ARUNACHAL PRADESH,DIBANG VALLEY,2013,2,4,0,0,4,0,5,10,34,0,1,1,1,13,0,2,0,0,91
ARUNACHAL PRADESH,K/KUMEY,2013,2,2,0,0,2,0,0,3,8,0,2,1,0,10,0,1,0,0,41
ARUNACHAL PRADESH,KAMENG EAST,2013,5,4,0,4,32,3,0,12,44,0,2,3,0,57,0,6,0,0,169
ARUNACHAL PRADESH,KAMENG WEST,2013,8,0,0,4,6,2,2,14,70,0,1,1,0,6,0,0,0,0,164
ARUNACHAL PRADESH,LOHIT,2013,12,4,0,20,58,3,9,18,114,0,7,2,2,61,0,10,0,2,330
ARUNACHAL PRADESH,LONGDING,2013,2,1,0,2,6,0,0,6,22,0,0,1,0,23,0,2,0,0,78
ARUNACHAL PRADESH,PAPUM PARE,2013,5,4,1,36,88,3,14,46,296,0,3,35,7,63,0,24,0,20,600
ARUNACHAL PRADESH,RURAL,2013,1,3,1,6,18,1,4,5,44,0,2,3,1,22,0,5,0,1,109
ARUNACHAL PRADESH,SIANG EAST,2013,6,0,0,20,12,1,7,17,122,0,2,5,0,34,0,6,0,1,217
ARUNACHAL PRADESH,SIANG UPPER,2013,3,1,0,0,4,0,2,5,24,0,0,1,1,19,0,4,0,0,69
ARUNACHAL PRADESH,SIANG WEST,2013,4,4,1,14,12,3,10,17,68,0,8,5,2,65,0,9,0,3,263
ARUNACHAL PRADESH,SUBANSIRI LOWER,2013,4,1,0,10,0,1,3,8,36,0,2,4,1,27,0,3,0,0,109
ARUNACHAL PRADESH,SUBANSIRI UPPER,2013,6,0,0,20,10,3,2,5,20,0,1,1,6,45,0,8,0,0,164
ARUNACHAL PRADESH,TAWANG,2013,0,0,0,4,2,0,0,3,22,0,0,1,0,7,0,6,0,1,47
ARUNACHAL PRADESH,TIRAP,2013,2,5,0,0,6,1,7,10,26,0,1,2,1,13,0,5,0,0,93
ARUNACHAL PRADESH,UPPER DIBANG VALLEY,2013,1,1,0,0,2,0,0,0,2,0,0,0,0,4,0,0,0,0,15
ARUNACHAL PRADESH,ZZ TOTAL,2013,69,36,3,150,284,24,75,196,1028,0,36,72,23,498,0,93,0,29,2776
ASSAM,BAKSA,2013,42,3,1,40,106,3,11,40,250,0,0,23,4,50,1,9,0,32,768
ASSAM,BARPETA,2013,46,18,0,296,698,20,31,335,866,0,236,230,19,159,18,341,0,1016,8597
ASSAM,BIEO,2013,0,0,0,0,0,0,0,0,0,0,0,0,0,0,0,0,0,0,7
ASSAM,BONGAIGAON,2013,20,2,0,136,240,7,8,63,254,0,22,39,8,101,9,4,0,100,1565
ASSAM,C.I.D.,2013,1,0,0,0,0,0,0,0,4,0,0,37,0,0,0,0,0,0,58
ASSAM,CACHAR,2013,59,3,0,158,454,12,17,206,1642,0,226,97,52,80,12,25,0,537,4880
ASSAM,CHIRANG,2013,33,0,0,60,140,2,10,20,152,0,35,33,12,5,1,21,0,78,763
ASSAM,DARRANG,2013,35,0,0,184,294,6,13,145,450,0,66,118,5,297,3,239,0,378,2459
ASSAM,DHEMAJI,2013,22,17,0,84,198,12,24,49,296,0,24,47,8,232,1,77,0,85,1397
ASSAM,DHUBRI,2013,62,48,4,380,886,48,30,269,814,0,698,303,90,1060,9,452,0,1080,6857
ASSAM,DIBRUGARH,2013,80,7,7,130,298,11,34,123,1324,0,16,41,20,858,0,151,0,239,3529
ASSAM,G.R.P.,2013,13,0,0,0,16,1,5,2,312,0,9,2,0,0,0,0,0,0,317
ASSAM,GOALPARA,2013,70,67,2,146,272,18,23,185,498,0,112,79,145,137,7,89,0,326,2322
ASSAM,GOLAGHAT,2013,63,42,0,170,452,8,51,98,570,0,25,50,16,556,3,76,0,284,2844
ASSAM,GUWAHATI CITY,2013,61,20,12,206,902,10,244,828,4590,0,52,476,8,329,15,207,0,561,12162
ASSAM,HAILAKANDI,2013,14,0,0,120,180,1,8,45,300,0,112,52,16,17,2,7,0,169,1414
ASSAM,HAMREN,2013,11,0,0,28,30,0,1,12,36,0,2,1,0,0,0,0,0,0,248
ASSAM,JORHAT,2013,67,18,3,158,394,2,33,166,1020,0,25,166,18,545,0,117,0,307,3478
ASSAM,KAMRUP,2013,41,17,2,132,344,3,24,206,926,0,97,62,3,196,3,86,0,305,3310
ASSAM,KARBI ANGLONG,2013,23,15,0,16,116,7,9,43,192,0,25,15,71,43,0,16,0,39,637
ASSAM,KARIMGANJ,2013,39,11,0,88,230,12,10,132,366,0,67,46,23,20,9,9,0,266,2411
ASSAM,KOKRAJHAR,2013,49,18,1,64,206,5,7,53,582,0,86,39,112,111,5,32,0,134,1448
ASSAM,LAKHIMPUR,2013,44,13,0,118,268,1,6,103,332,0,25,42,7,92,3,55,0,300,2281
ASSAM,MORIGAON,2013,20,25,0,152,246,2,12,74,282,0,83,71,8,392,8,45,0,271,1879
ASSAM,N.C.HILLS,2013,13,10,10,10,66,0,1,20,102,0,1,6,5,13,3,0,0,0,265
ASSAM,NAGAON,2013,96,87,6,380,884,34,160,407,1132,0,257,165,56,939,23,103,0,1120,7393
ASSAM,NALBARI,2013,27,7,0,88,204,8,25,124,446,0,25,48,6,328,3,84,0,178,2050
ASSAM,R.P.O.,2013,4,0,0,18,10,2,0,0,2,0,4,9,0,0,0,0,0,0,85
ASSAM,SIBSAGAR,2013,78,48,2,120,400,1,40,155,928,0,30,123,34,760,5,53,0,311,3373
ASSAM,SONITPUR,2013,94,30,0,198,502,11,23,186,1088,0,47,87,23,553,15,34,0,300,4159
ASSAM,STF,2013,0,0,0,0,0,0,0,0,0,0,0,0,0,0,0,0,0,0,13
ASSAM,TINSUKIA,2013,84,30,4,154,402,4,48,147,1022,0,0,23,13,109,7,34,0,140,3104
ASSAM,UDALGURI,2013,43,23,0,40,164,4,15,55,252,0,22,28,11,189,5,43,0,80,1113
ASSAM,ZZ TOTAL,2013,1354,579,54,3874,9602,255,923,4291,21030,0,2429,2558,793,8171,170,2409,0,8636,87186
BIHAR,ARARIA,2013,51,36,4,104,228,10,25,38,578,0,235,14,15,104,12,10,0,19,2813
BIHAR,ARWAL,2013,17,0,0,12,68,0,6,27,154,0,51,30,0,76,15,3,0,30,909
BIHAR,AURANGABAD,2013,101,281,0,38,118,26,35,95,730,0,334,125,22,1204,28,37,0,141,3648
BIHAR,BAGAHA,2013,45,0,0,30,136,0,12,28,366,0,94,51,4,0,14,17,0,55,2039
BIHAR,BANKA,2013,68,36,9,66,174,12,14,58,338,0,205,22,9,183,28,1,0,69,2065
BIHAR,BEGUSARAI,2013,107,219,2,48,350,20,56,104,1178,0,482,141,6,503,28,55,0,93,5319
BIHAR,BETTIAH,2013,76,193,9,78,346,7,22,138,1248,0,549,174,28,105,26,0,0,148,5274
BIHAR,BHABHUA,2013,34,54,2,32,118,5,21,65,392,0,128,15,23,743,27,0,0,49,1860
BIHAR,BHAGALPUR,2013,103,65,19,102,294,9,31,134,912,0,277,69,4,166,19,40,0,115,3590
BIHAR,BHOJPUR,2013,95,160,7,46,248,9,33,148,846,0,126,205,25,2526,38,3,0,137,4888
BIHAR,BUXAR,2013,56,62,3,32,154,12,48,101,830,0,224,61,26,642,9,29,0,78,2833
BIHAR,DARBHANGA,2013,77,119,5,76,454,15,36,103,1012,0,565,150,55,271,33,4,0,343,5674
BIHAR,GAYA,2013,208,49,6,90,416,45,73,212,2408,0,503,167,4,875,37,0,0,212,7816
BIHAR,GOPALGANJ,2013,81,11,2,22,250,10,31,103,560,0,417,95,18,2069,33,0,0,143,3811
BIHAR,JAMALPUR RLY.,2013,8,0,0,2,6,2,8,1,446,0,3,0,0,22,0,0,0,1,306
BIHAR,JAMUI,2013,54,183,2,48,124,15,19,50,192,0,211,36,14,514,19,2,0,104,1942
BIHAR,JEHANABAD,2013,34,0,2,28,74,13,22,37,388,0,141,67,11,708,30,5,0,57,1976
BIHAR,KATIHAR,2013,61,59,0,172,328,16,21,39,794,0,208,92,1,1430,21,1,0,99,3693
BIHAR,KATIHAR RLY.,2013,10,4,2,2,10,9,8,0,302,0,2,5,0,33,0,1,0,2,266
BIHAR,KHAGARIA,2013,67,76,2,16,146,7,22,23,340,0,135,32,16,1251,13,5,0,25,2483
BIHAR,KISHANGANJ,2013,42,21,8,104,214,7,14,68,290,0,179,70,8,255,7,0,0,65,1828
BIHAR,LAKHISARAI,2013,45,90,3,18,80,3,19,24,250,0,156,41,7,297,11,0,0,70,1326
BIHAR,MADHEPURA,2013,46,58,14,28,174,3,23,41,452,0,334,80,7,826,17,3,0,64,2745
BIHAR,MADHUBANI,2013,80,0,0,74,316,15,28,90,776,0,265,50,5,1350,28,1,0,210,4662
BIHAR,MOTIHARI,2013,164,719,11,50,520,44,44,235,1098,0,918,175,26,1610,65,5,0,196,8255
BIHAR,MUNGER,2013,60,30,2,14,150,3,26,55,672,0,129,12,0,310,13,5,0,66,2195
BIHAR,MUZAFFARPUR,2013,208,25,29,86,764,61,113,292,3752,0,539,106,12,2465,48,5,0,81,9021
BIHAR,MUZAFFARPUR RLY.,2013,13,2,0,6,12,7,10,4,674,0,8,7,0,18,0,1,0,0,606
BIHAR,NALANDA,2013,112,82,41,22,272,10,34,120,680,0,167,153,18,2892,81,18,0,174,5740
BIHAR,NAUGACHIA,2013,49,14,6,20,72,3,15,18,120,0,85,65,3,125,16,19,0,69,1564
BIHAR,NAWADAH,2013,97,37,2,40,150,18,26,47,406,0,333,112,8,712,23,3,0,122,2989
BIHAR,PATNA,2013,286,121,5,152,1088,39,186,591,8628,0,617,1004,5,1526,96,17,0,459,18302
BIHAR,PATNA RLY.,2013,23,10,4,4,52,2,8,3,1548,0,15,11,0,0,3,12,0,1,1105
BIHAR,PURNEA,2013,89,203,4,112,222,14,27,56,578,0,212,141,128,871,21,0,0,19,3950
BIHAR,ROHTAS,2013,110,97,2,120,336,12,58,172,1230,0,265,195,11,1988,48,5,0,97,4769
BIHAR,SAHARSA,2013,30,90,7,28,200,6,24,29,402,0,246,42,11,317,10,0,0,79,2792
BIHAR,SAMASTIPUR,2013,83,115,17,70,304,15,51,73,862,0,397,36,23,823,32,8,0,116,5802
BIHAR,SARAN,2013,123,262,5,32,398,16,45,142,1300,0,363,116,32,1637,69,0,0,116,5492
BIHAR,SHEIKHPURA,2013,17,90,0,20,80,6,4,31,174,0,87,24,0,191,8,0,0,47,1116
BIHAR,SHEOHAR,2013,23,23,3,6,98,12,5,14,114,0,76,17,12,270,7,0,0,19,769
BIHAR,SITAMARHI,2013,101,24,9,52,440,46,84,203,1300,0,249,31,32,2142,24,3,0,140,5324
BIHAR,SIWAN,2013,105,18,2,38,468,6,60,119,1004,0,397,240,12,0,45,1,0,112,5390
BIHAR,SUPAUL,2013,55,15,0,68,288,11,17,62,648,0,508,55,0,1310,19,5,0,78,2930
BIHAR,VAISHALI,2013,127,136,9,48,400,31,57,192,1874,0,496,148,19,315,61,7,0,213,5578
BIHAR,ZZ TOTAL,2013,3441,3889,259,2256,11140,632,1521,4185,42846,0,11931,4482,660,35675,1182,331,0,4533,167455
CHHATTISGARH,BALOD,2013,13,13,3,40,60,1,1,47,122,0,20,22,4,52,3,67,0,11,1215
CHHATTISGARH,BALODA BAZAR,2013,21,15,1,110,288,1,13,198,302,0,29,23,12,706,4,110,0,31,2284
CHHATTISGARH,BALRAMPUR,2013,40,11,0,168,34,3,10,27,80,0,20,11,4,74,8,50,0,31,1115
CHHATTISGARH,BEMETARA,2013,18,8,0,56,76,0,6,80,224,0,15,12,11,19,5,57,0,19,1485
CHHATTISGARH,BILASPUR,2013,77,36,1,192,610,5,58,477,992,0,99,88,31,1779,13,308,0,130,5147
CHHATTISGARH,BIZAPUR,2013,31,61,0,12,34,2,1,16,6,0,9,2,4,9,0,6,0,1,318
CHHATTISGARH,DANTEWARA,2013,30,13,0,18,12,1,1,19,32,0,3,2,12,25,0,9,0,1,370
CHHATTISGARH,DHAMTARI,2013,16,14,0,60,66,0,5,116,170,0,16,13,2,55,0,59,0,14,1189
CHHATTISGARH,DURG,2013,42,57,1,212,216,4,41,434,1404,0,38,140,33,149,9,236,0,147,6892
CHHATTISGARH,GARIYABAND,2013,9,17,0,64,52,2,3,39,92,0,14,31,3,26,0,24,0,12,866
CHHATTISGARH,GRP RAIPUR,2013,1,3,0,4,4,0,3,2,386,0,2,2,1,8,0,3,0,1,266
CHHATTISGARH,JAGDALPUR,2013,36,18,0,106,102,1,10,69,154,0,15,16,7,427,2,30,0,16,1448
CHHATTISGARH,JANJGIR,2013,44,27,3,112,400,4,15,195,532,0,132,36,22,1248,11,161,0,138,3470
CHHATTISGARH,JASHPUR,2013,60,9,1,176,136,1,9,57,162,0,11,21,8,73,3,52,0,25,1273
CHHATTISGARH,KABIRDHAM,2013,21,8,1,60,66,0,4,65,132,0,10,18,3,589,3,72,0,11,1383
CHHATTISGARH,KANKER,2013,39,38,2,102,96,1,2,38,76,0,15,17,11,18,2,27,0,29,1132
CHHATTISGARH,KONDAGAON,2013,27,13,1,38,58,2,2,11,34,0,11,6,6,122,0,13,0,6,619
CHHATTISGARH,KORBA,2013,48,10,1,114,156,0,10,119,390,0,32,38,10,648,4,71,0,66,2214
CHHATTISGARH,KORIYA,2013,30,14,0,126,136,1,9,130,178,0,16,24,3,620,3,88,0,55,1641
CHHATTISGARH,MAHASAMUND,2013,19,13,1,98,232,1,12,163,392,0,33,36,11,95,8,104,0,48,2396
CHHATTISGARH,MUNGELI,2013,27,7,0,46,122,0,6,86,154,0,36,8,11,60,4,44,0,23,1219
CHHATTISGARH,NARAYANPUR,2013,6,27,0,20,10,1,3,14,14,0,0,3,1,47,0,3,0,2,189
CHHATTISGARH,RAIGARH,2013,87,49,2,180,326,8,39,213,780,0,69,57,18,701,5,126,0,53,3350
CHHATTISGARH,RAIPUR,2013,67,82,3,278,856,5,54,588,2792,0,70,231,57,2327,11,263,0,173,8907
CHHATTISGARH,RAJNANDGAON,2013,32,30,2,92,162,1,6,158,346,0,24,55,12,62,7,74,0,32,2866
CHHATTISGARH,SARGUJA,2013,37,17,1,142,38,0,16,88,212,0,22,33,12,61,0,118,0,35,1757
CHHATTISGARH,SUKMA,2013,30,26,0,16,10,4,1,7,26,0,1,3,4,4,1,2,0,4,213
CHHATTISGARH,SURAJPUR,2013,37,11,0,118,112,3,11,71,194,0,24,27,15,542,3,84,0,67,1646
CHHATTISGARH,ZZ TOTAL,2013,945,647,24,2760,4470,52,351,3527,10378,0,786,975,328,10546,109,2261,0,1181,56870
GOA,NORTH GOA,2013,27,31,1,96,100,6,17,219,1398,0,72,103,23,232,0,103,0,17,2595
GOA,SOUTH GOA,2013,9,17,1,76,116,5,20,166,878,0,55,96,16,117,0,59,0,23,1717
GOA,ZZ TOTAL,2013,36,48,2,172,216,11,37,385,2276,0,127,199,39,349,0,162,0,40,4312
GUJARAT,AHMEDABAD COMMR.,2013,96,68,2,232,916,17,582,674,6898,0,151,255,24,1342,20,180,0,1756,21258
GUJARAT,AHMEDABAD RURAL,2013,38,51,2,34,134,19,35,94,438,0,70,23,8,244,0,33,0,167,4050
GUJARAT,AHWA-DANG,2013,6,1,0,8,12,0,0,9,20,0,3,5,0,19,0,7,0,20,248
GUJARAT,AMRELI,2013,30,9,3,22,128,1,11,78,190,0,30,5,12,256,0,16,0,157,2229
GUJARAT,ANAND,2013,27,17,2,24,152,5,14,98,482,0,35,31,14,258,1,20,0,162,2816
GUJARAT,BHARUCH,2013,38,9,0,46,88,10,17,170,806,0,38,4,4,260,0,30,0,53,2756
GUJARAT,BHAVNAGAR,2013,52,31,1,34,218,9,40,157,776,0,75,49,32,551,1,50,0,220,4410
GUJARAT,CID CRIME,2013,0,0,0,0,2,0,0,0,0,0,0,1,0,0,0,0,0,0,8
GUJARAT,DAHOD,2013,31,8,0,28,162,32,53,183,478,0,44,6,9,221,0,15,0,1,1544
GUJARAT,GANDHINAGAR,2013,21,9,1,44,142,3,24,110,762,0,34,50,2,181,0,31,0,200,6933
GUJARAT,HIMATNAGAR,2013,43,6,5,28,152,9,11,118,504,0,45,37,8,148,0,33,0,304,10261
GUJARAT,JAMNAGAR,2013,42,37,2,54,128,9,24,146,808,0,90,16,10,785,1,26,0,480,4247
GUJARAT,JUNAGADH,2013,36,19,1,58,168,6,22,151,490,0,131,37,15,445,1,52,0,461,4099
GUJARAT,KHEDA NORTH,2013,30,30,2,28,144,7,3,64,310,0,36,27,5,263,0,21,0,148,4838
GUJARAT,KUTCH (EAST(G)),2013,31,16,0,50,102,4,20,212,646,0,41,31,9,303,0,34,0,249,2810
GUJARAT,KUTCH (WEST-BHUJ),2013,20,20,0,56,70,5,14,114,504,0,60,5,11,201,0,29,0,200,2121
GUJARAT,MEHSANA,2013,23,18,0,22,278,17,55,176,1102,0,83,51,8,407,0,37,0,321,7496
GUJARAT,NARMADA,2013,14,2,0,14,48,0,1,26,100,0,12,5,3,89,0,15,0,10,727
GUJARAT,NAVSARI,2013,14,11,0,18,78,9,8,108,544,0,17,18,1,103,0,13,0,88,1737
GUJARAT,PALANPUR,2013,38,46,0,124,208,19,63,222,948,0,76,74,18,549,0,96,0,377,5480
GUJARAT,PANCHMAHAL,2013,59,15,2,32,192,19,8,132,514,0,48,26,23,318,0,46,0,217,3563
GUJARAT,PATAN,2013,14,9,0,38,148,17,33,92,566,0,63,24,11,340,0,47,0,174,3677
GUJARAT,PORBANDAR,2013,12,6,0,12,32,2,5,24,130,0,21,10,5,86,0,6,0,79,838
GUJARAT,RAJKOT COMMR.,2013,36,26,3,28,126,4,41,252,1706,0,69,24,21,386,1,18,0,254,3572
GUJARAT,RAJKOT RURAL,2013,43,9,3,60,166,6,31,163,776,0,76,6,10,342,1,41,0,404,4683
GUJARAT,SURAT COMMR.,2013,99,30,9,152,618,14,56,364,3140,0,59,187,6,386,2,91,0,491,24307
GUJARAT,SURAT RURAL,2013,46,8,3,38,72,16,23,142,898,0,33,40,3,147,1,15,0,114,3242
GUJARAT,SURENDRANAGAR,2013,32,30,2,36,142,10,18,122,606,0,76,11,7,382,0,51,0,133,2822
GUJARAT,TAPI,2013,17,2,2,16,34,1,2,34,176,0,7,14,5,52,0,13,0,12,822
GUJARAT,VADODARA COMMR.,2013,20,34,2,38,164,11,151,422,2442,0,93,194,8,367,0,107,0,417,12786
GUJARAT,VADODARA RURAL,2013,70,13,1,50,144,17,17,88,610,0,58,26,9,227,0,29,0,110,3439
GUJARAT,VALSAD,2013,24,10,0,38,146,6,33,224,900,0,36,24,3,206,0,33,0,28,2713
GUJARAT,W.RLY AHMEDABAD,2013,11,2,0,0,14,1,7,7,528,0,2,6,0,30,0,2,0,5,381
GUJARAT,W.RLY VADODARA,2013,5,1,1,2,4,1,7,4,828,0,3,2,0,23,0,6,0,0,522
GUJARAT,ZZ TOTAL,2013,1118,603,49,1464,5332,306,1429,4980,30626,0,1715,1324,304,9917,29,1243,0,7812,157435
HARYANA,AMBALA RURAL,2013,17,5,1,34,134,6,10,92,390,0,0,47,4,67,3,32,0,79,1110
HARYANA,AMBALA URBAN,2013,17,15,2,48,318,8,13,394,876,0,3,79,6,91,1,48,0,170,2255
HARYANA,BHIWANI,2013,62,49,0,104,338,11,36,411,1482,0,174,167,24,253,20,97,0,144,3877
HARYANA,FARIDABAD,2013,60,59,3,130,310,13,34,392,3526,0,183,53,4,135,22,90,0,255,5264
HARYANA,FATEHABAD,2013,25,20,2,60,94,7,9,176,516,0,21,83,4,134,2,46,0,193,1974
HARYANA,GRP,2013,19,1,0,4,18,3,20,1,830,0,11,5,0,18,3,18,0,0,1150
HARYANA,GURGAON,2013,87,72,5,164,526,47,137,667,8660,0,159,257,10,125,18,97,0,290,9729
HARYANA,HISSAR,2013,55,62,2,122,228,13,63,468,2364,0,107,178,25,221,17,118,0,319,5432
HARYANA,I&P HARYANA,2013,0,0,0,0,0,0,0,0,0,0,0,0,0,0,0,0,0,0,649
HARYANA,JHAJJAR,2013,43,36,5,34,100,4,28,162,904,0,29,65,6,111,22,44,0,109,2028
HARYANA,JIND,2013,58,30,11,76,200,5,33,308,1452,0,167,35,12,174,9,69,0,121,2923
HARYANA,KAITHAL,2013,31,14,1,52,212,7,16,181,650,0,0,21,2,167,4,39,0,146,1805
HARYANA,KARNAL,2013,56,33,3,144,724,9,54,459,1950,0,37,224,15,214,12,181,0,213,4302
HARYANA,KURUKSHETRA,2013,20,23,1,50,112,1,25,288,1282,0,0,104,5,129,8,70,0,137,2635
HARYANA,MAHENDRAGARH,2013,45,13,2,56,138,12,21,182,720,0,91,20,10,107,9,81,0,84,1960
HARYANA,MEWAT,2013,32,58,2,136,88,30,18,59,1072,0,171,97,5,67,10,46,0,198,2427
HARYANA,PALWAL,2013,40,54,5,102,132,8,28,128,1390,0,165,28,1,148,12,77,0,192,2747
HARYANA,PANCHKULA,2013,12,2,1,30,326,11,21,212,928,0,13,136,2,44,4,41,0,80,1790
HARYANA,PANIPAT,2013,59,25,3,104,288,11,31,232,1780,0,32,119,7,144,14,60,0,118,3299
HARYANA,REWARI,2013,35,37,0,86,134,19,52,226,1454,0,58,25,12,112,13,62,0,117,2703
HARYANA,ROHTAK,2013,63,47,3,102,160,8,39,325,1660,0,90,67,7,151,17,55,0,127,3103
HARYANA,SIRSA,2013,34,28,2,128,280,1,15,228,1048,0,46,35,9,239,5,58,0,187,2825
HARYANA,SONIPAT,2013,81,61,1,100,138,17,49,327,1508,0,3,96,17,179,27,71,0,167,3570
HARYANA,YAMUNANAGAR,2013,31,37,0,76,546,8,11,203,798,0,0,89,2,141,11,60,0,171,2541
HARYANA,ZZ TOTAL,2013,982,781,55,1942,5544,259,763,6121,37240,0,1560,2030,189,3171,263,1560,0,3617,72098
HIMACHAL PRADESH,BADDIPOLICEDIST,2013,10,4,1,12,48,1,0,30,84,0,31,19,1,174,0,17,0,20,611
HIMACHAL PRADESH,BILASPUR,2013,4,12,0,26,102,1,0,69,98,0,29,32,10,60,0,32,0,32,1131
HIMACHAL PRADESH,CHAMBA,2013,5,3,0,38,28,0,0,66,92,0,38,14,6,59,0,31,0,7,694
HIMACHAL PRADESH,CID,2013,0,0,0,2,0,0,0,0,0,0,0,0,0,0,0,0,0,0,10
HIMACHAL PRADESH,G.R.P.,2013,0,0,1,0,0,1,0,0,10,0,0,0,0,0,0,1,0,0,20
HIMACHAL PRADESH,HAMIRPUR,2013,6,2,0,24,32,0,0,66,90,0,16,41,3,163,0,31,0,23,873
HIMACHAL PRADESH,KANGRA,2013,28,15,1,66,122,0,6,139,224,0,73,72,21,152,0,100,0,53,2884
HIMACHAL PRADESH,KINNAUR,2013,0,0,0,12,8,0,1,26,22,0,9,0,0,8,0,8,0,4,173
HIMACHAL PRADESH,KULLU,2013,7,7,0,58,58,4,0,73,102,0,32,43,38,46,0,44,0,30,1009
HIMACHAL PRADESH,LAHAUL-SPITI,2013,1,0,0,2,0,0,0,0,6,0,0,0,0,0,0,0,0,0,87
HIMACHAL PRADESH,MANDI,2013,9,6,0,62,96,2,0,119,178,0,51,57,20,105,0,73,0,34,1831
HIMACHAL PRADESH,SHIMLA,2013,11,13,2,64,98,2,1,161,314,0,93,41,28,48,0,63,0,29,1652
HIMACHAL PRADESH,SIRMAUR,2013,7,2,0,50,34,1,1,34,116,0,40,38,3,41,0,40,0,23,814
HIMACHAL PRADESH,SOLAN,2013,5,0,1,34,32,1,3,97,158,0,26,29,3,238,0,19,0,16,885
HIMACHAL PRADESH,UNA,2013,11,6,0,50,46,1,2,52,142,0,49,86,5,63,0,34,0,57,1076
HIMACHAL PRADESH,ZZ TOTAL,2013,104,70,6,500,704,14,14,932,1636,0,487,472,138,1157,0,493,0,328,13750
JAMMU & KASHMIR,ANANTNAG,2013,8,14,0,38,186,2,4,88,142,0,162,26,16,3,0,129,0,4,1426
JAMMU & KASHMIR,AWANTIPORA,2013,4,8,0,10,28,0,3,18,24,0,23,8,1,0,0,18,0,1,332
JAMMU & KASHMIR,BANDIPORA,2013,4,8,3,16,102,0,0,30,66,0,109,13,4,0,0,47,0,5,653
JAMMU & KASHMIR,BARAMULLA,2013,8,17,0,38,190,0,12,75,194,0,219,23,15,8,0,135,0,13,1457
JAMMU & KASHMIR,BUDGAM,2013,4,31,4,22,126,0,2,85,220,0,198,18,20,0,0,26,0,2,1218
JAMMU & KASHMIR,CRIME JAMMU,2013,0,0,0,0,0,0,0,0,0,0,0,18,0,0,0,0,0,0,19
JAMMU & KASHMIR,CRIME SRINAGAR,2013,0,0,0,0,0,0,0,0,0,0,0,27,0,0,0,0,0,0,30
JAMMU & KASHMIR,DODA,2013,4,20,0,58,74,0,1,46,98,0,25,19,9,11,0,41,0,41,874
JAMMU & KASHMIR,GANDERBAL,2013,1,12,0,10,58,1,1,35,84,0,94,11,3,1,0,64,0,5,553
JAMMU & KASHMIR,HANDWARA,2013,2,12,0,20,60,0,0,14,110,0,45,7,2,4,0,77,0,5,513
JAMMU & KASHMIR,JAMMU,2013,11,91,2,100,192,0,2,312,796,0,89,130,26,11,5,72,0,92,4547
JAMMU & KASHMIR,KARGIL,2013,1,0,1,0,2,0,0,4,8,0,14,1,0,0,0,1,0,0,108
JAMMU & KASHMIR,KATHUA,2013,6,13,0,40,54,0,0,67,146,0,19,19,5,11,0,37,0,21,1178
JAMMU & KASHMIR,KISHTWAR,2013,5,13,0,24,30,1,2,14,20,0,2,1,7,0,0,14,0,19,391
JAMMU & KASHMIR,KULGAM,2013,3,48,1,26,122,0,18,31,94,0,102,11,9,74,0,136,0,0,941
JAMMU & KASHMIR,KUPWARA,2013,5,25,0,38,108,0,2,29,152,0,144,17,11,2,0,47,0,10,790
JAMMU & KASHMIR,LEH,2013,0,1,0,4,0,0,0,9,16,0,0,1,0,0,0,2,0,0,156
JAMMU & KASHMIR,POONCH,2013,7,18,5,40,54,0,1,32,44,0,62,18,16,66,0,45,0,14,806
JAMMU & KASHMIR,PULWAMA,2013,8,8,0,20,56,0,4,11,40,0,79,7,8,64,0,19,0,3,429
JAMMU & KASHMIR,RAILWAYS JAMMU,2013,1,1,0,0,0,0,0,0,4,0,0,0,1,0,0,1,0,0,20
JAMMU & KASHMIR,RAILWAYS KASHMIR,2013,0,0,0,0,0,0,0,0,4,0,10,0,0,0,0,0,0,0,19
JAMMU & KASHMIR,RAILWAYS KATRA,2013,0,0,0,0,0,0,0,0,0,0,0,0,0,0,0,0,0,0,1
JAMMU & KASHMIR,RAJOURI,2013,11,30,3,60,118,0,2,55,122,0,36,53,15,23,1,46,0,57,1814
JAMMU & KASHMIR,RAMBAN,2013,6,15,0,26,42,0,0,20,68,0,3,7,4,10,0,21,0,9,737
JAMMU & KASHMIR,REASI,2013,5,9,3,26,38,0,0,24,54,0,24,7,3,10,0,5,0,14,704
JAMMU & KASHMIR,SAMBA,2013,5,23,1,10,16,0,0,29,56,0,41,16,8,5,1,23,0,12,777
JAMMU & KASHMIR,SHOPIAN,2013,6,17,0,10,34,0,3,13,162,0,46,7,6,0,0,27,0,2,387
JAMMU & KASHMIR,SOPORE,2013,13,24,1,30,68,0,0,71,226,0,43,12,5,2,0,63,0,5,578
JAMMU & KASHMIR,SRINAGAR,2013,16,38,4,44,180,2,30,232,666,0,115,97,25,16,0,266,0,72,2792
JAMMU & KASHMIR,UDHAMPUR,2013,6,14,0,46,28,0,0,43,108,0,10,16,2,3,0,27,0,22,1140
JAMMU & KASHMIR,ZZ TOTAL,2013,150,510,28,756,1966,6,87,1387,3724,0,1714,590,221,324,7,1389,0,428,25390
JHARKHAND,BOKARO,2013,47,7,0,116,156,13,28,159,1472,0,139,145,0,0,15,8,0,243,3634
JHARKHAND,CHAIBASA,2013,121,53,5,154,54,7,18,7,372,0,22,53,4,123,0,36,0,55,1061
JHARKHAND,CHATRA,2013,42,1,1,50,58,11,14,30,228,0,53,26,6,25,10,16,0,19,1062
JHARKHAND,DEOGHAR,2013,55,45,0,122,134,14,16,102,612,0,257,138,5,421,24,65,0,252,2394
JHARKHAND,DHANBAD,2013,68,27,23,130,314,37,63,194,1894,0,254,201,7,236,37,6,0,89,4768
JHARKHAND,DHANBAD RLY.,2013,10,0,0,0,14,7,7,1,526,0,1,3,0,0,0,11,0,0,409
JHARKHAND,DUMKA,2013,79,43,4,82,76,8,14,60,452,0,107,49,23,298,10,15,0,73,1817
JHARKHAND,GARHWA,2013,33,37,8,106,62,5,41,42,80,0,164,126,60,722,30,33,0,125,2688
JHARKHAND,GIRIDIH,2013,53,104,0,106,168,29,30,86,672,0,326,276,5,504,44,24,0,323,4378
JHARKHAND,GODDA,2013,65,0,0,88,116,2,12,31,288,0,38,13,4,0,8,0,0,0,1800
JHARKHAND,GUMLA,2013,183,27,8,118,78,1,23,14,172,0,16,14,13,198,1,15,0,17,929
JHARKHAND,HAZARIBAGH,2013,77,28,7,126,144,22,26,75,672,0,172,94,5,180,28,35,0,50,2719
JHARKHAND,JAMSHEDPUR,2013,103,30,8,170,172,14,53,153,1844,0,108,507,4,925,15,86,0,186,4727
JHARKHAND,JAMSHEDPUR RLY.,2013,7,0,1,6,2,2,7,5,292,0,0,3,0,0,1,4,0,0,219
JHARKHAND,JAMTARA,2013,20,11,2,64,48,2,10,11,220,0,86,124,3,28,8,9,0,150,1255
JHARKHAND,KHUNTI,2013,90,12,2,18,32,0,13,5,68,0,38,12,2,35,0,8,0,8,382
JHARKHAND,KODERMA,2013,25,59,5,46,64,3,7,23,260,0,125,151,0,263,6,17,0,48,1736
JHARKHAND,LATEHAR,2013,49,21,3,54,50,8,8,7,212,0,41,10,4,45,5,19,0,16,698
JHARKHAND,LOHARDAGGA,2013,30,0,2,68,58,3,6,10,122,0,11,36,0,0,3,2,0,35,584
JHARKHAND,PAKUR,2013,32,12,2,96,68,3,11,11,214,0,114,62,3,110,2,10,0,147,1139
JHARKHAND,PALAMU,2013,88,64,0,62,106,18,44,84,460,0,142,107,4,511,22,18,0,31,2228
JHARKHAND,RAMGARH,2013,25,45,4,72,80,8,15,21,434,0,47,96,0,257,14,18,0,25,1213
JHARKHAND,RANCHI,2013,137,75,15,140,136,21,55,119,1406,0,105,126,19,354,13,23,0,47,2860
JHARKHAND,SAHEBGANJ,2013,53,17,2,290,240,1,6,36,226,0,70,115,7,603,5,13,0,104,1938
JHARKHAND,SARAIKELA,2013,65,30,3,66,66,8,19,40,366,0,23,71,2,87,6,24,0,28,1057
JHARKHAND,SIMDEGA,2013,73,26,2,58,46,8,22,13,114,0,6,19,5,47,0,9,0,13,513
JHARKHAND,ZZ TOTAL,2013,1630,774,107,2408,2542,255,568,1339,13678,0,2465,2577,185,5972,307,524,0,2084,48208
KARNATAKA,BAGALKOT,2013,52,33,1,60,36,14,22,147,394,0,292,84,7,231,3,86,0,46,2340
KARNATAKA,BANGALORE COMMR.,2013,217,442,26,160,1284,465,619,1404,21286,0,362,2987,16,3132,52,378,0,482,30318
KARNATAKA,BANGALORE RURAL,2013,69,76,3,114,186,37,129,311,1192,0,246,281,10,562,22,130,0,112,5663
KARNATAKA,BELGAUM,2013,113,103,0,122,80,12,67,310,944,0,473,296,16,775,7,246,0,200,6594
KARNATAKA,BELLARY,2013,57,41,0,72,116,8,53,177,702,0,206,214,3,414,5,99,0,58,3269
KARNATAKA,BIDAR,2013,40,47,7,36,68,5,30,107,342,0,207,53,15,941,7,82,0,112,3963
KARNATAKA,BIJAPUR,2013,66,45,3,56,74,10,27,118,290,0,205,54,11,383,2,94,0,92,2569
KARNATAKA,CBPURA,2013,43,32,12,66,52,1,26,76,422,0,228,56,0,472,17,57,0,51,2372
KARNATAKA,CHAMARAJNAGAR,2013,27,63,4,32,34,5,11,54,274,0,141,41,3,515,4,95,0,25,1866
KARNATAKA,CHICKMAGALUR,2013,38,37,6,41,72,7,20,106,324,0,154,71,0,577,7,141,0,69,2758
KARNATAKA,CHITRADURGA,2013,31,42,1,62,56,5,25,130,426,0,193,62,17,782,7,178,0,64,3970
KARNATAKA,DAKSHIN KANNADA,2013,17,24,0,28,34,7,29,109,200,0,164,52,11,292,0,72,0,45,2050
KARNATAKA,DAVANAGERE,2013,33,23,2,66,62,14,58,180,794,0,352,93,3,641,14,167,0,127,3843
KARNATAKA,DHARWAD COMMR.,2013,19,50,0,32,198,14,65,184,786,0,157,180,9,221,4,37,0,85,2443
KARNATAKA,DHARWAD RURAL,2013,25,42,2,36,26,1,5,38,108,0,85,19,5,146,1,34,0,27,1238
KARNATAKA,GADAG,2013,24,25,0,36,26,1,12,39,150,0,104,27,5,130,1,40,0,36,1092
KARNATAKA,GULBARGA,2013,88,118,7,108,120,25,62,195,548,0,470,79,19,781,8,125,0,122,4524
KARNATAKA,HASSAN,2013,57,92,4,122,114,4,52,224,830,0,170,114,19,1275,12,182,0,157,5433
KARNATAKA,HAVERI,2013,16,31,0,36,28,6,20,76,290,0,254,49,0,251,1,80,0,55,2157
KARNATAKA,K.G.F.,2013,12,31,0,46,24,3,15,67,124,0,50,29,0,151,6,13,0,15,822
KARNATAKA,KODAGU,2013,30,33,1,52,46,3,17,107,256,0,48,54,2,462,2,40,0,41,1707
KARNATAKA,KOLAR,2013,45,43,0,40,20,5,50,99,374,0,251,75,8,327,3,25,0,25,2275
KARNATAKA,KOPPAL,2013,22,14,0,44,28,3,7,49,168,0,138,54,0,206,0,39,0,59,1732
KARNATAKA,MANDYA,2013,50,76,3,62,148,12,67,221,1118,0,305,120,25,1175,19,221,0,160,5544
KARNATAKA,MANGALORE CITY,2013,25,32,0,40,24,9,67,164,482,0,118,248,2,311,1,54,0,65,2872
KARNATAKA,MYSORE COMMR.,2013,30,28,2,38,44,13,151,125,1160,0,71,236,0,341,12,11,0,43,2916
KARNATAKA,MYSORE RURAL,2013,66,45,2,52,110,10,34,220,682,0,258,98,16,869,14,69,0,64,4116
KARNATAKA,RAICHUR,2013,47,46,0,86,48,8,13,67,312,0,294,108,4,639,3,156,0,162,3062
KARNATAKA,RAILWAYS,2013,18,4,0,2,6,7,65,2,1452,0,0,8,0,16,2,3,0,0,913
KARNATAKA,RAMANAGAR,2013,51,71,1,42,86,28,92,273,1014,0,250,68,53,620,11,141,0,57,4363
KARNATAKA,SHIMOGA,2013,44,65,2,86,134,17,66,191,680,0,330,217,15,1367,5,267,0,300,5943
KARNATAKA,TUMKUR,2013,58,49,2,74,82,17,90,210,842,0,201,157,18,741,14,206,0,87,4829
KARNATAKA,UDUPI,2013,20,26,0,44,46,10,41,110,240,0,128,146,7,332,2,67,0,78,2667
KARNATAKA,UTTAR KANNADA,2013,18,24,0,34,102,5,35,67,198,0,128,138,11,482,6,155,0,94,2977
KARNATAKA,YADGIRI,2013,33,31,1,32,58,1,8,46,108,0,204,30,2,558,3,123,0,61,1489
KARNATAKA,ZZ TOTAL,2013,1601,1984,92,2059,3672,792,2150,6003,39512,0,7237,6598,332,21118,277,3913,0,3276,136689
KERALA,ALAPUZHA,2013,19,34,3,90,28,3,39,162,394,0,483,274,25,1417,1,293,0,327,10198
KERALA,ERNAKULAM COMMR.,2013,7,22,2,80,20,25,39,88,614,0,333,524,5,463,0,169,0,130,13499
KERALA,ERNAKULAM RURAL,2013,23,38,9,134,28,10,65,188,558,0,543,283,7,1178,2,238,0,177,14462
KERALA,IDUKKI,2013,21,39,2,134,8,5,17,155,304,0,286,173,6,1292,0,218,0,146,5101
KERALA,KANNUR,2013,19,34,4,120,44,6,62,205,298,0,763,211,101,1266,0,191,0,341,6899
KERALA,KASARGOD,2013,18,17,3,162,42,4,30,135,340,0,513,127,40,859,2,163,0,232,5401
KERALA,KOLLAM COMMR.,2013,16,36,8,128,36,43,66,117,300,0,311,158,18,962,1,198,0,304,7790
KERALA,KOLLAM RURAL,2013,19,46,8,184,24,14,14,176,372,0,515,188,13,1248,2,273,0,254,7257
KERALA,KOTTAYAM,2013,25,33,6,94,24,9,35,172,498,0,486,237,9,1900,0,251,0,216,12314
KERALA,KOZHIKODE COMMR.,2013,13,14,1,60,22,11,43,108,388,0,336,150,14,593,0,110,0,136,3966
KERALA,KOZHIKODE RURAL,2013,8,27,2,128,38,0,22,137,330,0,896,169,62,950,0,208,0,292,6132
KERALA,MALAPPURAM,2013,25,36,6,198,22,5,33,286,534,0,947,478,28,1000,0,272,0,651,17840
KERALA,PALAKKAD,2013,25,33,13,186,36,19,43,159,406,0,756,281,27,1296,0,161,0,402,11848
KERALA,PATHANAMTHITTA,2013,25,32,2,90,8,8,37,162,322,0,423,230,20,1240,1,187,0,113,6002
KERALA,RAILWAYS,2013,2,2,0,0,2,11,3,2,458,0,4,3,0,28,0,33,0,0,368
KERALA,THRISSUR COMMR.,2013,19,8,6,58,4,4,21,75,314,0,384,353,8,311,1,85,0,125,6485
KERALA,THRISSUR RURAL,2013,13,29,9,128,26,19,39,121,358,0,512,349,36,747,3,258,0,387,17207
KERALA,TRIVANDRUM COMMR.,2013,12,19,7,108,14,77,73,106,548,0,565,246,6,990,1,299,0,154,10171
KERALA,TRIVANDRUM RURAL,2013,44,90,8,260,64,51,87,282,692,0,748,293,37,1870,6,641,0,349,10326
KERALA,WAYANADU,2013,19,14,5,100,14,3,16,93,130,0,238,114,17,789,1,114,0,84,3068
KERALA,ZZ TOTAL,2013,372,603,104,2442,504,327,784,2929,8158,0,10042,4841,479,20399,21,4362,0,4820,176334
MADHYA PRADESH,AGAR,2013,19,17,0,48,36,1,7,33,152,0,17,14,12,281,1,41,0,30,1209
MADHYA PRADESH,ALIRAJPUR,2013,48,31,1,58,36,3,8,31,134,0,16,4,8,232,0,14,0,19,1175
MADHYA PRADESH,ANUPPUR,2013,27,22,2,168,68,4,21,158,258,0,10,13,7,125,9,115,0,85,1860
MADHYA PRADESH,ASHOK NAGAR,2013,26,26,0,128,56,6,22,75,182,0,17,4,6,844,8,141,0,40,2534
MADHYA PRADESH,BALAGHAT,2013,50,12,7,198,10,2,10,94,200,0,51,33,7,239,6,140,0,92,2871
MADHYA PRADESH,BARWANI,2013,32,21,1,102,86,1,13,86,340,0,20,9,3,65,7,76,0,17,2260
MADHYA PRADESH,BETUL,2013,62,34,3,238,166,0,20,129,396,0,9,19,3,231,7,222,0,92,3363
MADHYA PRADESH,BHIND,2013,61,100,3,114,110,15,73,156,674,0,64,44,9,1455,28,117,0,53,4333
MADHYA PRADESH,BHOPAL,2013,55,115,0,346,214,4,209,908,4904,0,78,172,18,38,18,357,0,344,13927
MADHYA PRADESH,BHOPAL RLY.,2013,3,5,2,10,10,0,31,6,3276,0,4,5,0,2,0,15,0,2,1953
MADHYA PRADESH,BURHANPUR,2013,15,7,0,68,44,1,7,47,212,0,10,8,1,473,5,92,0,42,1636
MADHYA PRADESH,CHHATARPUR,2013,46,52,4,154,76,2,37,268,448,0,31,28,11,305,24,220,0,81,4527
MADHYA PRADESH,CHHINDWARA,2013,78,34,3,302,384,2,17,187,422,0,44,26,32,2203,9,194,0,145,5142
MADHYA PRADESH,DAMOH,2013,39,33,0,100,42,0,15,97,208,0,10,11,5,1016,25,147,0,59,2630
MADHYA PRADESH,DATIYA,2013,39,52,0,54,48,4,30,60,246,0,13,12,12,254,16,64,0,40,2267
MADHYA PRADESH,DEWAS,2013,38,54,1,162,38,4,14,148,874,0,32,22,16,372,8,124,0,101,4980
MADHYA PRADESH,DHAR,2013,56,40,0,216,350,10,33,200,1204,0,61,37,16,400,48,211,0,115,6164
MADHYA PRADESH,DINDORI,2013,22,6,16,152,40,0,1,50,126,0,9,14,4,83,6,120,0,47,1990
MADHYA PRADESH,GUNA,2013,39,38,1,210,52,17,35,156,646,0,34,19,10,610,5,157,0,36,3788
MADHYA PRADESH,GWALIOR,2013,93,151,17,316,134,85,145,852,3282,0,102,122,25,678,43,369,0,446,10693
MADHYA PRADESH,HARDA,2013,14,9,2,66,18,0,9,35,154,0,13,3,5,90,3,48,0,16,1100
MADHYA PRADESH,HOSHANGABAD,2013,40,45,0,158,212,2,24,178,536,0,18,17,15,327,10,152,0,84,3630
MADHYA PRADESH,INDORE,2013,106,215,10,380,796,7,224,1455,11812,0,84,143,53,1393,31,369,0,350,22249
MADHYA PRADESH,INDORE RLY.,2013,2,1,0,6,12,0,6,2,734,0,2,0,0,0,1,9,0,0,471
MADHYA PRADESH,JABALPUR,2013,76,125,5,290,348,13,117,509,1854,0,57,163,27,3471,37,303,0,218,10790
MADHYA PRADESH,JABALPUR RLY.,2013,3,3,0,2,4,2,18,10,1512,0,2,4,0,5,1,13,0,1,1005
MADHYA PRADESH,JHABUA,2013,20,7,1,98,192,4,23,76,316,0,29,8,12,66,0,60,0,10,2498
MADHYA PRADESH,KATNI,2013,46,26,7,130,144,8,12,155,342,0,19,25,5,1169,13,206,0,60,3803
MADHYA PRADESH,KHANDWA,2013,34,40,0,194,210,1,15,214,516,0,38,26,5,73,6,179,0,46,3336
MADHYA PRADESH,KHARGON,2013,43,35,2,190,354,3,28,193,880,0,34,9,8,101,34,213,0,111,4800
MADHYA PRADESH,MANDLA,2013,28,16,2,176,28,1,2,63,106,0,4,13,2,249,2,104,0,46,1906
MADHYA PRADESH,MANDSAUR,2013,27,52,0,148,62,4,7,116,638,0,13,46,16,183,4,143,0,145,3772
MADHYA PRADESH,MORENA,2013,55,128,5,120,96,23,52,169,1038,0,99,44,6,1905,40,116,0,151,5588
MADHYA PRADESH,NARSINGHPUR,2013,30,40,1,202,138,1,11,184,382,0,18,23,13,1500,16,189,0,115,3649
MADHYA PRADESH,NEEMUCH,2013,8,11,0,98,96,1,27,107,426,0,35,22,1,423,0,84,0,62,2525
MADHYA PRADESH,PANNA,2013,20,23,3,90,28,1,5,71,96,0,0,8,7,197,14,85,0,29,1828
MADHYA PRADESH,RAISEN,2013,50,57,0,230,72,1,7,104,460,0,26,13,6,1852,9,204,0,94,4656
MADHYA PRADESH,RAJGARH,2013,32,29,0,240,164,4,21,167,610,0,47,13,48,245,8,203,0,83,4433
MADHYA PRADESH,RATLAM,2013,39,51,1,176,122,6,41,136,576,0,20,38,14,1034,10,89,0,77,3497
MADHYA PRADESH,REWA,2013,49,52,0,226,64,7,64,616,966,0,42,44,28,636,47,178,0,127,5741
MADHYA PRADESH,SAGAR,2013,58,68,2,270,110,1,47,313,868,0,119,48,26,2250,36,422,0,130,8016
MADHYA PRADESH,SATNA,2013,69,52,2,248,82,7,50,393,994,0,50,67,19,791,35,204,0,135,6232
MADHYA PRADESH,SEONI,2013,29,19,1,150,94,2,12,88,196,0,13,17,4,220,15,130,0,24,2632
MADHYA PRADESH,SHAHDOL,2013,42,34,0,230,260,3,20,294,450,0,21,23,13,546,9,216,0,193,4344
MADHYA PRADESH,SHAJAPUR,2013,14,38,0,88,40,2,15,125,612,0,39,6,17,1204,2,113,0,37,2523
MADHYA PRADESH,SHEOPUR,2013,18,9,0,64,14,2,9,44,152,0,36,17,0,850,5,45,0,39,1409
MADHYA PRADESH,SHIVPURI,2013,63,44,1,212,64,16,50,140,502,0,50,28,31,844,14,211,0,78,4772
MADHYA PRADESH,SIDHI,2013,21,24,3,92,152,1,11,156,194,0,6,14,8,290,17,116,0,70,2653
MADHYA PRADESH,SIHORE,2013,40,40,2,190,76,5,28,174,602,0,28,30,8,246,14,116,0,69,3907
MADHYA PRADESH,SINGRAULI,2013,36,22,0,76,172,2,17,131,418,0,39,22,2,284,18,111,0,74,2954
MADHYA PRADESH,TIKAMGARH,2013,25,19,1,134,72,0,21,115,178,0,30,18,13,655,14,140,0,40,3196
MADHYA PRADESH,UJJAIN,2013,66,120,1,226,82,2,67,363,1904,0,62,62,21,1474,13,232,0,207,7970
MADHYA PRADESH,UMARIYA,2013,17,6,0,76,76,2,7,99,142,0,5,9,13,72,5,73,0,58,1579
MADHYA PRADESH,VIDISHA,2013,44,50,4,250,254,1,17,271,740,0,49,13,20,705,20,240,0,123,4687
MADHYA PRADESH,ZZ TOTAL,2013,2112,2360,117,8670,6708,296,1832,11007,50090,0,1779,1652,671,35256,776,8252,0,4988,227453
MAHARASHTRA,AHMEDNAGAR,2013,112,71,6,210,162,52,351,552,3206,0,584,251,52,759,10,243,0,397,7934
MAHARASHTRA,AKOLA,2013,35,47,2,92,62,21,79,198,1462,0,152,116,31,942,4,200,0,121,3979
MAHARASHTRA,AMRAVATI COMMR.,2013,19,41,2,52,54,6,72,205,1302,0,101,65,10,392,2,96,0,38,2776
MAHARASHTRA,AMRAVATI RURAL,2013,55,60,4,156,106,5,48,222,1970,0,96,62,68,1445,1,317,0,175,5440
MAHARASHTRA,AURANGABAD COMMR.,2013,32,50,0,44,98,25,166,295,2368,0,181,238,29,500,5,173,0,151,4033
MAHARASHTRA,AURANGABAD RURAL,2013,45,65,4,72,46,29,50,170,1696,0,343,89,22,784,14,167,0,273,4565
MAHARASHTRA,BEED,2013,79,83,11,184,142,28,105,343,1236,0,397,198,49,864,5,230,0,382,4713
MAHARASHTRA,BHANDARA,2013,28,12,0,80,40,4,27,132,1066,0,54,51,23,306,0,74,0,52,2257
MAHARASHTRA,BULDHANA,2013,54,43,3,112,42,9,41,182,1066,0,228,99,47,1074,20,185,0,140,4024
MAHARASHTRA,CHANDRAPUR,2013,37,25,4,176,76,7,53,284,1600,0,116,71,32,663,8,179,0,180,4476
MAHARASHTRA,DHULE,2013,47,52,1,80,54,43,89,184,706,0,213,87,7,302,6,58,0,228,3136
MAHARASHTRA,GADCHIROLI,2013,42,61,1,66,12,3,6,97,262,0,16,18,22,186,0,53,0,14,1033
MAHARASHTRA,GONDIA,2013,31,10,4,104,48,6,9,174,492,0,28,58,15,352,1,94,0,55,1887
MAHARASHTRA,HINGOLI,2013,27,22,1,30,30,6,8,56,244,0,87,66,9,311,4,55,0,86,1400
MAHARASHTRA,JALGAON,2013,73,90,5,116,118,38,114,368,1952,0,315,219,35,652,2,238,0,425,5548
MAHARASHTRA,JALNA,2013,57,92,4,70,62,27,61,225,984,0,215,105,29,532,50,132,0,351,3173
MAHARASHTRA,KOLHAPUR,2013,68,57,0,168,106,22,163,403,1772,0,348,292,22,520,14,117,0,204,4800
MAHARASHTRA,LATUR,2013,67,45,7,74,76,25,50,264,854,0,254,102,37,570,4,116,0,297,3443
MAHARASHTRA,MUMBAI COMMR.,2013,170,190,8,782,762,60,2757,2936,21122,0,385,2134,47,3922,21,1163,0,602,34840
MAHARASHTRA,MUMBAI RLY.,2013,4,6,1,12,14,3,513,6,3676,0,5,65,0,47,0,41,0,0,2684
MAHARASHTRA,NAGPUR COMMR.,2013,103,85,7,182,236,36,492,1159,5528,0,207,268,26,1012,4,209,0,218,9426
MAHARASHTRA,NAGPUR RLY.,2013,6,3,0,4,8,5,72,0,2648,0,9,11,0,20,0,15,0,1,1577
MAHARASHTRA,NAGPUR RURAL,2013,50,32,6,150,64,15,43,227,1902,0,78,57,20,613,4,149,0,82,4242
MAHARASHTRA,NANDED,2013,60,71,10,128,122,23,61,431,1076,0,293,232,46,967,30,135,0,341,5058
MAHARASHTRA,NANDURBAR,2013,26,15,0,46,40,17,10,85,362,0,100,45,3,240,1,44,0,75,1558
MAHARASHTRA,NASIK COMMR.,2013,35,20,2,40,62,32,145,279,1810,0,93,154,7,248,7,96,0,181,4401
MAHARASHTRA,NASIK RURAL,2013,82,59,2,170,98,58,120,314,1816,0,452,236,30,794,9,224,0,405,6477
MAHARASHTRA,NAVI MUMBAI,2013,48,31,4,138,168,24,350,662,2704,0,83,406,7,444,8,138,0,139,5390
MAHARASHTRA,OSMANABAD,2013,37,47,7,96,74,22,30,179,760,0,206,128,23,517,4,127,0,166,2864
MAHARASHTRA,PARBHANI,2013,48,88,5,80,132,35,68,338,1038,0,198,157,36,934,4,132,0,271,3573
MAHARASHTRA,PUNE COMMR.,2013,129,137,10,342,354,60,866,1195,8182,0,496,943,34,1018,9,304,0,344,13159
MAHARASHTRA,PUNE RLY.,2013,6,6,0,6,4,6,21,0,798,0,2,2,0,2,0,6,0,0,498
MAHARASHTRA,PUNE RURAL,2013,132,108,13,300,200,66,279,887,4482,0,578,328,45,901,6,277,0,224,9208
MAHARASHTRA,RAIGAD,2013,39,24,1,84,34,12,65,181,968,0,181,141,9,314,4,92,0,80,2595
MAHARASHTRA,RATNAGIRI,2013,18,12,2,54,30,8,38,157,490,0,85,86,6,162,0,82,0,39,1568
MAHARASHTRA,SANGLI,2013,59,42,5,154,90,8,45,257,1090,0,233,186,21,467,8,141,0,141,3353
MAHARASHTRA,SATARA,2013,62,72,7,176,118,60,275,608,2916,0,417,214,22,566,4,297,0,201,6086
MAHARASHTRA,SINDHUDURG,2013,12,6,1,22,14,3,14,90,234,0,49,45,12,108,0,50,0,12,841
MAHARASHTRA,SOLAPUR COMMR.,2013,18,30,0,74,78,33,139,249,1078,0,136,147,3,194,1,53,0,63,2166
MAHARASHTRA,SOLAPUR RURAL,2013,74,45,12,164,78,23,85,340,2580,0,397,130,34,728,1,149,0,109,5057
MAHARASHTRA,THANE COMMR.,2013,96,107,6,364,604,44,1071,1595,5712,0,376,1043,53,1586,14,467,0,423,12631
MAHARASHTRA,THANE RURAL,2013,133,83,10,266,164,57,444,864,3028,0,359,558,13,913,8,246,0,217,7477
MAHARASHTRA,WARDHA,2013,45,49,7,146,102,8,71,305,1472,0,77,67,66,645,1,227,0,116,3959
MAHARASHTRA,WASHIM,2013,27,43,2,52,48,2,31,136,686,0,141,77,24,424,10,153,0,142,2513
MAHARASHTRA,YAVATMAL,2013,85,91,16,208,248,20,149,494,2944,0,246,168,71,1856,12,388,0,381,12567
MAHARASHTRA,ZZ TOTAL,2013,2512,2428,203,6126,5280,1096,9746,18328,105340,0,9610,10215,1197,30796,320,8132,0,8542,234385
MANIPUR,BISHNUPUR,2013,6,14,0,14,14,8,0,12,90,0,6,5,1,13,0,3,0,1,234
MANIPUR,CHANDEL,2013,10,4,0,2,6,6,0,3,8,0,0,0,2,3,0,0,0,0,53
MANIPUR,CHURACHANDPUR,2013,8,8,0,0,10,21,0,8,40,0,2,6,3,7,0,2,0,0,106
MANIPUR,CID,2013,0,0,0,0,0,0,0,0,0,0,0,0,0,0,0,0,0,0,0
MANIPUR,IMPHAL EAST,2013,8,39,1,24,96,29,0,11,368,0,23,22,10,42,0,9,0,8,577
MANIPUR,IMPHAL WEST,2013,28,64,1,52,110,30,3,20,986,0,15,45,5,107,0,34,0,9,1366
MANIPUR,SENAPATI,2013,11,7,1,0,24,14,0,2,36,0,1,7,3,2,0,0,0,1,123
MANIPUR,TAMENGLONG,2013,3,12,0,0,12,25,0,1,14,0,2,2,3,3,0,1,0,0,90
MANIPUR,THOUBAL,2013,15,41,1,48,82,3,0,25,144,0,13,36,7,45,0,9,0,9,524
MANIPUR,UKHRUL,2013,4,22,0,4,8,0,0,3,22,0,5,4,4,1,0,1,0,1,105
MANIPUR,ZZ TOTAL,2013,93,211,4,144,362,136,3,85,1708,0,67,127,38,223,0,59,0,29,3178
MEGHALAYA,GARO HILLS EAST,2013,13,16,6,10,14,3,10,5,64,0,0,6,0,4,0,6,0,0,188
MEGHALAYA,GARO HILLS NORTH,2013,3,9,0,2,36,7,4,3,34,0,1,1,5,6,0,0,0,1,115
MEGHALAYA,GARO HILLS SOUTH,2013,18,20,0,14,20,8,0,5,38,0,0,0,0,10,0,2,0,1,152
MEGHALAYA,GARO HILLS SOUTH W.,2013,7,5,2,20,6,6,1,9,18,0,0,3,0,5,0,5,0,0,92
MEGHALAYA,GARO HILLS WEST,2013,15,9,4,30,36,3,6,27,194,0,9,19,6,28,0,16,0,6,400
MEGHALAYA,JAINTIA HILLS EAST,2013,23,8,0,28,40,2,5,5,116,0,0,8,7,33,0,3,0,0,292
MEGHALAYA,JAINTIA HILLS WEST,2013,20,0,2,48,4,4,7,19,84,0,0,11,15,39,0,10,0,2,293
MEGHALAYA,KHASI HILLS EAST,2013,26,23,2,110,80,4,29,83,434,0,0,69,72,111,2,32,0,11,1127
MEGHALAYA,KHASI HILLS SOUTH W.,2013,10,0,2,22,4,5,2,1,24,0,1,0,0,14,0,2,0,2,82
MEGHALAYA,KHASI HILLS WEST,2013,12,7,0,24,12,8,2,10,60,0,2,1,1,7,0,14,0,0,177
MEGHALAYA,RI-BHOI,2013,19,14,1,58,26,2,2,20,168,0,0,4,21,19,0,8,0,0,341
MEGHALAYA,ZZ TOTAL,2013,166,111,19,366,278,52,68,187,1234,0,13,122,127,276,2,98,0,23,3259
MIZORAM,AIZAWL,2013,9,8,0,74,4,0,1,195,652,0,0,45,24,22,0,37,0,5,844
MIZORAM,CHAMPHAI,2013,0,5,1,24,2,0,0,39,176,0,1,4,0,7,0,5,0,0,189
MIZORAM,KOLASIB,2013,6,2,0,18,2,3,0,44,122,0,0,0,2,8,0,7,0,0,176
MIZORAM,LAWNGTLAI,2013,1,1,0,6,0,0,1,18,46,0,0,2,0,8,0,6,0,0,90
MIZORAM,LUNGLEI,2013,6,2,0,30,0,0,0,29,106,0,0,4,0,5,0,13,0,0,154
MIZORAM,MAMIT,2013,3,0,1,10,6,1,1,16,48,0,0,0,1,8,0,5,0,0,88
MIZORAM,SAIHA,2013,0,1,0,8,0,0,0,17,58,0,0,0,0,8,0,1,0,0,67
MIZORAM,SERCHHIP,2013,2,0,0,8,0,0,0,16,78,0,0,0,0,4,0,7,0,0,88
MIZORAM,SPL NARCOTIC,2013,0,0,0,0,0,0,0,0,0,0,0,0,0,0,0,0,0,0,1
MIZORAM,TRAFFIC PS,2013,0,0,0,0,0,0,0,0,0,0,0,0,0,0,0,0,0,0,12
MIZORAM,ZZ TOTAL,2013,27,19,2,178,14,4,3,374,1286,0,1,55,27,70,0,81,0,5,1709
NAGALAND,DIMAPUR,2013,37,22,1,28,44,3,29,13,484,0,1,39,8,6,1,18,0,4,572
NAGALAND,KIPHIRE,2013,2,8,0,4,4,0,0,0,8,0,4,1,0,2,0,0,0,0,42
NAGALAND,KOHIMA,2013,11,3,13,10,14,0,11,5,96,0,0,8,0,4,0,0,0,0,162
NAGALAND,LONGLENG,2013,0,2,0,0,0,0,0,1,6,0,0,1,0,2,0,0,0,0,14
NAGALAND,MOKOKCHUNG,2013,5,4,1,6,12,0,4,4,36,0,4,4,1,8,0,0,0,0,88
NAGALAND,MON,2013,8,1,0,2,4,0,1,0,24,0,1,1,0,4,0,0,0,0,50
NAGALAND,PEREN,2013,0,2,0,2,0,0,0,3,10,0,0,1,0,0,0,0,0,0,15
NAGALAND,PHEK,2013,7,4,3,8,0,0,2,3,32,0,0,1,0,13,0,0,0,0,82
NAGALAND,TUENSANG,2013,1,3,0,2,0,0,0,0,26,0,1,0,0,5,0,0,0,0,56
NAGALAND,WOKHA,2013,2,9,0,0,2,0,0,2,56,0,0,4,0,12,0,0,0,0,87
NAGALAND,ZUNHEBOTO,2013,5,5,0,0,0,0,2,5,34,0,0,1,0,3,0,0,0,0,48
NAGALAND,ZZ TOTAL,2013,78,63,18,62,80,3,49,36,812,0,11,61,9,59,1,18,0,4,1216
ODISHA,ANGUL,2013,58,134,0,128,254,29,81,183,1432,0,155,52,23,45,0,288,0,68,3842
ODISHA,BALASORE,2013,56,101,1,188,352,40,80,271,800,0,53,169,17,1422,49,251,0,396,4067
ODISHA,BARAGARH,2013,33,82,0,98,90,17,47,80,286,0,103,43,10,89,4,149,0,79,1587
ODISHA,BERHAMPUR,2013,21,105,1,66,142,39,74,115,534,0,44,66,4,267,1,183,0,71,1985
ODISHA,BHADRAK,2013,33,66,0,138,222,11,24,94,284,0,16,75,23,42,12,136,0,202,2708
ODISHA,BOLANGIR,2013,37,55,0,88,100,27,45,121,370,0,85,66,14,0,11,101,0,42,2008
ODISHA,BOUDH,2013,19,20,0,98,78,4,10,22,74,0,24,17,4,217,1,107,0,31,706
ODISHA,CUTTACK,2013,51,7,0,88,122,20,54,117,442,0,41,54,11,715,29,12,0,28,2407
ODISHA,DCP BBSR,2013,49,74,0,102,238,23,88,340,3164,0,78,256,14,818,18,92,0,58,5497
ODISHA,DCP CTC,2013,34,12,13,60,168,21,55,167,1592,0,24,125,5,5,2,27,0,183,2954
ODISHA,DEOGARH,2013,14,21,0,38,20,3,8,17,88,0,7,7,2,176,1,40,0,18,478
ODISHA,DHENKANAL,2013,54,141,0,74,112,18,68,87,410,0,110,45,29,46,17,376,0,54,2131
ODISHA,GAJAPATI,2013,7,25,0,38,16,1,3,18,52,0,40,32,2,65,4,80,0,10,424
ODISHA,GANJAM,2013,86,243,0,160,130,42,69,109,386,0,108,73,34,343,20,407,0,40,2326
ODISHA,JAGATSINGHPUR,2013,53,38,0,80,162,20,115,133,824,0,87,61,24,207,30,177,0,113,2324
ODISHA,JAJPUR,2013,49,32,0,152,216,11,56,131,876,0,66,77,17,977,35,171,0,169,3008
ODISHA,JHARSUGUDA,2013,22,3,0,42,50,9,37,82,378,0,36,26,9,307,6,88,0,54,1214
ODISHA,KALAHANDI,2013,42,50,0,110,116,5,32,57,210,0,80,55,15,451,9,157,0,116,1735
ODISHA,KANDHAMAL,2013,24,11,0,86,106,6,15,43,136,0,10,55,3,340,4,101,0,37,909
ODISHA,KENDRAPARA,2013,46,97,0,106,218,8,49,124,318,0,43,54,18,1278,0,26,0,41,2282
ODISHA,KEONJHAR,2013,92,102,18,230,176,17,48,117,556,0,75,42,17,642,29,244,0,194,2579
ODISHA,KHURDA,2013,43,72,0,66,152,20,70,98,396,0,66,57,13,0,17,105,0,127,1982
ODISHA,KORAPUT,2013,52,44,0,154,116,20,43,97,240,0,71,51,12,0,5,112,0,63,1456
ODISHA,MALKANGIR,2013,34,39,0,30,54,6,5,22,78,0,28,60,5,5,2,39,0,14,494
ODISHA,MAYURBHANJ,2013,91,84,0,284,252,6,40,138,544,0,26,80,15,597,19,343,0,102,2958
ODISHA,NAYAGARH,2013,36,142,2,60,110,19,58,59,282,0,48,45,10,483,13,13,0,23,1520
ODISHA,NOWRANGPUR,2013,19,24,2,134,142,10,14,33,152,0,65,29,6,147,0,111,0,68,1542
ODISHA,NUAPADA,2013,17,46,0,48,98,11,22,41,170,0,25,40,7,58,7,120,0,23,1080
ODISHA,PURI,2013,64,65,0,116,186,16,113,189,898,0,139,105,13,192,24,56,0,181,3753
ODISHA,RAYAGADA,2013,27,48,1,156,184,8,20,72,168,0,30,34,9,45,3,136,0,48,1163
ODISHA,ROURKELA,2013,62,18,0,142,122,32,67,184,1030,0,31,66,5,236,5,134,0,32,2410
ODISHA,SAMBALPUR,2013,48,95,0,162,112,22,114,247,1026,0,70,68,17,53,9,63,0,37,3038
ODISHA,SONEPUR,2013,13,18,0,34,26,4,9,45,168,0,15,34,0,12,1,67,0,44,650
ODISHA,SRP(CUTTACK),2013,3,2,0,0,0,3,12,6,750,0,0,10,0,6,0,3,0,1,482
ODISHA,SRP(ROURKELA),2013,6,2,0,2,10,4,12,17,576,0,0,3,0,0,0,15,0,0,443
ODISHA,SUNDARGARH,2013,59,55,1,106,88,10,21,71,398,0,38,37,9,457,8,88,0,25,1576
ODISHA,ZZ TOTAL,2013,1454,2173,39,3664,4740,562,1678,3747,20088,0,1937,2169,416,10743,395,4618,0,2792,71718
PUNJAB,AMRITSAR RURAL,2013,44,55,4,68,134,8,9,96,444,0,0,142,5,205,3,60,0,50,1491
PUNJAB,BARNALA,2013,14,22,2,34,88,3,2,60,256,0,0,26,4,65,2,11,0,17,771
PUNJAB,BATALA,2013,25,23,4,62,62,5,9,52,140,0,0,63,1,155,1,26,0,35,826
PUNJAB,BHATINDA,2013,36,51,6,104,124,6,2,225,652,0,0,157,9,229,4,57,0,89,2096
PUNJAB,CP AMRITSAR,2013,18,55,4,58,124,7,6,102,518,0,0,255,3,157,4,53,0,101,1652
PUNJAB,CP JALANDHAR,2013,23,33,4,82,134,3,11,179,776,0,0,232,2,129,11,78,0,162,1894
PUNJAB,CP LUDHIANA,2013,71,72,6,218,290,14,10,198,990,0,0,305,2,193,13,81,0,140,3194
PUNJAB,FARIDKOT,2013,15,26,3,40,42,1,1,50,144,0,0,46,2,113,3,29,0,21,724
PUNJAB,FATEHGARH SAHIB,2013,12,11,5,34,44,6,2,51,136,0,0,127,0,133,1,13,0,47,811
PUNJAB,FAZILKA,2013,20,23,2,68,64,1,3,67,218,0,0,65,0,167,4,14,0,33,863
PUNJAB,FEROZPUR,2013,31,43,6,34,66,7,2,86,312,0,0,128,5,193,3,8,0,48,1233
PUNJAB,G.R.P,2013,10,4,0,4,4,20,3,2,170,0,0,0,0,7,0,5,0,0,419
PUNJAB,GURDASPUR,2013,9,24,4,46,84,2,3,42,220,0,0,56,1,120,3,41,0,44,884
PUNJAB,HOSHIARPUR,2013,52,36,6,72,78,9,25,141,342,0,0,149,7,204,5,54,0,154,1667
PUNJAB,JALANDHAR RURAL,2013,39,54,4,78,52,8,8,137,364,0,0,231,2,202,5,51,0,71,1579
PUNJAB,KAPURTHALA,2013,31,24,1,60,84,5,6,97,318,0,0,172,2,183,7,40,0,62,1267
PUNJAB,KHANNA,2013,22,25,5,32,62,0,4,81,378,0,0,57,0,104,2,29,0,24,971
PUNJAB,LUDHIANA RURAL,2013,19,16,1,34,98,5,2,72,206,0,0,79,1,92,2,18,0,20,864
PUNJAB,MANSA,2013,15,20,5,36,26,7,0,57,114,0,0,43,1,79,1,16,0,23,640
PUNJAB,MOGA,2013,28,41,1,58,82,4,4,86,268,0,0,116,4,129,5,22,0,24,1044
PUNJAB,MUKTSAR,2013,16,27,3,36,110,2,2,71,198,0,0,70,0,108,3,20,0,39,804
PUNJAB,PATHANKOT,2013,7,5,3,22,40,0,1,26,56,0,0,69,1,21,0,10,0,32,437
PUNJAB,PATIALA,2013,40,59,8,112,140,14,1,202,700,0,0,328,5,231,11,84,0,159,2869
PUNJAB,ROPAR,2013,13,19,1,60,120,0,3,73,246,0,0,59,4,120,4,29,0,27,1016
PUNJAB,SANGRUR,2013,24,62,8,112,120,9,2,120,382,0,0,148,4,206,11,48,0,63,2078
PUNJAB,SAS NGR,2013,30,32,3,102,182,3,7,180,848,0,0,478,0,108,10,92,0,191,2826
PUNJAB,SBS NAGAR,2013,11,17,3,42,26,1,10,75,172,0,0,77,0,110,1,13,0,31,671
PUNJAB,TARN TARAN,2013,36,44,2,68,68,7,3,79,202,0,0,127,0,153,7,43,0,34,1076
PUNJAB,ZZ TOTAL,2013,711,923,104,1776,2548,157,141,2707,9770,0,0,3805,65,3916,126,1045,0,1741,36667
RAJASTHAN,AJMER,2013,49,50,9,200,414,6,22,287,1910,0,6,1402,10,314,16,166,0,863,8636
RAJASTHAN,ALWAR,2013,115,85,6,632,726,7,66,314,7928,0,6,1349,21,3063,42,288,0,707,14677
RAJASTHAN,BANSWARA,2013,36,11,0,234,220,3,18,73,240,0,39,152,13,705,13,108,0,205,2784
RAJASTHAN,BARAN,2013,24,55,2,132,204,0,4,44,616,0,1,246,11,328,1,208,0,289,3333
RAJASTHAN,BARMER,2013,31,27,1,110,54,1,11,150,778,0,0,350,26,409,21,190,0,274,3996
RAJASTHAN,BHARATPUR,2013,94,86,2,328,586,10,37,91,4136,0,1,822,24,60,34,156,0,574,10203
RAJASTHAN,BHILWARA,2013,30,40,5,202,256,2,34,197,1378,0,8,626,5,46,8,135,0,652,5489
RAJASTHAN,BIKANER,2013,49,61,7,200,162,3,9,140,692,0,0,740,16,265,18,63,0,516,4978
RAJASTHAN,BUNDI,2013,24,22,2,126,208,1,6,63,402,0,4,315,5,646,2,117,0,326,3292
RAJASTHAN,CHITTORGARH,2013,45,46,0,186,330,1,17,156,880,0,26,411,12,816,4,142,0,782,4980
RAJASTHAN,CHURU,2013,31,42,4,146,176,0,4,120,466,0,0,557,17,427,10,15,0,420,3725
RAJASTHAN,DAUSA,2013,44,25,1,82,256,2,11,47,2320,0,68,487,7,34,11,163,0,221,5673
RAJASTHAN,DHOLPUR,2013,40,52,1,112,182,7,10,50,840,0,0,189,11,1219,40,28,0,196,3889
RAJASTHAN,DISCOM,2013,0,0,0,0,0,0,0,0,0,0,0,0,0,0,0,0,0,0,0
RAJASTHAN,DUNGARPUR,2013,32,9,1,172,218,0,9,50,190,0,12,63,11,141,6,99,0,175,2380
RAJASTHAN,G.R.P.AJMER,2013,4,2,0,2,18,6,4,1,1340,0,3,4,0,1,1,10,0,0,864
RAJASTHAN,G.R.P.JODHPUR,2013,3,1,0,0,2,1,1,0,222,0,0,0,0,0,0,3,0,0,155
RAJASTHAN,GANGANAGAR,2013,38,65,1,302,312,1,3,187,660,0,0,1043,3,707,20,127,0,957,6347
RAJASTHAN,HANUMANGARH,2013,52,64,1,210,208,0,6,112,530,0,0,746,6,415,15,121,0,599,4825
RAJASTHAN,JAIPUR EAST,2013,36,33,6,98,250,3,116,461,6312,0,65,849,16,86,5,107,0,267,7878
RAJASTHAN,JAIPUR NORTH,2013,19,19,2,74,242,3,72,130,1814,0,14,805,1,295,4,68,0,300,4005
RAJASTHAN,JAIPUR RURAL,2013,54,33,1,136,250,9,24,181,1404,0,24,804,24,343,8,120,0,269,6198
RAJASTHAN,JAIPUR SOUTH,2013,21,21,0,84,190,1,98,261,3374,0,19,886,7,112,7,39,0,214,5452
RAJASTHAN,JAIPUR WEST,2013,29,21,2,128,362,3,97,386,2824,0,3,1360,7,299,5,69,0,329,6653
RAJASTHAN,JAISALMER,2013,8,1,0,34,38,0,7,40,216,0,4,202,6,279,4,88,0,37,1434
RAJASTHAN,JALORE,2013,33,21,0,88,100,2,12,99,436,0,10,252,10,6,12,72,0,180,2593
RAJASTHAN,JHALAWAR,2013,54,60,4,234,282,10,25,94,800,0,42,205,28,750,5,307,0,478,4133
RAJASTHAN,JHUNJHUNU,2013,59,37,4,144,162,1,11,124,764,0,9,717,10,591,12,40,0,405,4752
RAJASTHAN,JODHPUR EAST,2013,20,55,1,40,130,0,20,106,1046,0,0,510,10,496,1,51,0,205,2818
RAJASTHAN,JODHPUR RURAL,2013,31,41,1,100,118,2,11,127,574,0,1,233,15,656,11,88,0,166,2932
RAJASTHAN,JODHPUR WEST,2013,25,55,2,100,130,3,69,198,1408,0,0,348,17,364,6,90,0,168,2989
RAJASTHAN,KARAULI,2013,34,32,1,96,238,5,15,32,1692,0,1,237,13,0,13,79,0,179,4636
RAJASTHAN,KOTA CITY,2013,19,75,1,172,408,10,19,112,1680,0,0,905,4,84,6,101,0,512,4872
RAJASTHAN,KOTA RURAL,2013,20,48,0,90,140,7,9,61,338,0,4,217,6,159,0,166,0,247,2408
RAJASTHAN,NAGAUR,2013,57,57,0,194,232,0,6,199,854,0,0,576,7,91,20,110,0,500,5186
RAJASTHAN,PALI,2013,47,64,0,184,280,0,38,236,820,0,0,586,8,217,16,222,0,512,6152
RAJASTHAN,PRATAPGARH,2013,27,29,0,400,304,0,7,47,274,0,27,205,8,638,6,171,0,333,2936
RAJASTHAN,RAJSAMAND,2013,15,16,0,80,150,2,25,76,366,0,25,309,10,534,9,72,0,271,2571
RAJASTHAN,SAWAI MADHOPUR,2013,32,29,2,78,178,0,9,43,1280,0,0,309,9,0,5,60,0,206,4077
RAJASTHAN,SIKAR,2013,68,41,3,146,372,4,12,250,1558,0,15,1157,33,188,13,50,0,397,6941
RAJASTHAN,SIROHI,2013,37,27,2,94,126,0,6,65,238,0,4,230,6,386,8,109,0,213,2148
RAJASTHAN,TONK,2013,15,17,0,66,162,0,2,106,570,0,35,361,6,1204,5,75,0,352,4022
RAJASTHAN,UDAIPUR,2013,72,87,11,334,596,4,83,267,1686,0,66,1031,25,1381,10,336,0,598,8212
RAJASTHAN,ZZ TOTAL,2013,1573,1662,86,6570,9972,120,1065,5783,57856,0,542,22796,484,18755,453,4829,0,15094,196224
SIKKIM,EAST,2013,9,5,0,44,18,0,5,53,160,0,4,23,4,45,0,16,0,3,440
SIKKIM,NORTH,2013,0,0,0,2,0,0,0,2,10,0,1,0,0,7,0,0,0,0,35
SIKKIM,SOUTH,2013,4,6,0,30,10,0,1,20,64,0,17,2,9,47,0,8,0,1,248
SIKKIM,WEST,2013,2,1,0,10,4,0,0,10,10,0,10,0,6,23,0,5,0,1,128
SIKKIM,ZZ TOTAL,2013,15,12,0,86,32,0,6,85,244,0,32,25,19,122,0,29,0,5,851
TAMIL NADU,ARIYALUR,2013,18,41,1,20,38,2,15,42,194,0,42,7,4,295,3,23,0,8,1991
TAMIL NADU,CHENNAI,2013,201,202,1,166,120,5,81,467,3328,0,97,492,22,1213,12,55,0,221,17747
TAMIL NADU,CHENNAI RLY.,2013,0,6,0,0,0,1,18,2,536,0,16,5,0,27,0,5,0,1,598
TAMIL NADU,COIMBATORE RURAL,2013,50,46,0,22,60,2,89,160,758,0,84,97,9,510,1,41,0,49,5053
TAMIL NADU,COIMBATORE URBAN,2013,26,53,0,34,18,3,114,122,814,0,12,165,16,230,1,15,0,48,17945
TAMIL NADU,CUDDALORE,2013,58,117,1,72,120,6,42,149,1026,0,209,55,29,1028,6,8,0,66,8758
TAMIL NADU,DHARMAPURI,2013,44,82,10,46,314,0,35,124,462,0,102,83,33,1308,2,48,0,65,4416
TAMIL NADU,DINDIGUL,2013,64,89,0,26,190,2,43,105,396,0,74,164,4,543,1,46,0,95,5845
TAMIL NADU,ERODE,2013,52,29,1,28,64,2,56,146,534,0,20,107,12,386,0,25,0,21,4342
TAMIL NADU,KANCHIPURAM,2013,77,103,0,48,18,4,28,230,1206,0,162,75,19,572,3,15,0,18,7977
TAMIL NADU,KANYAKUMARI,2013,40,115,3,24,70,4,106,159,498,0,0,157,27,567,1,5,0,118,4203
TAMIL NADU,KARUR,2013,21,16,0,14,34,1,21,43,252,0,19,19,3,143,0,9,0,11,2013
TAMIL NADU,KRISHNAGIRI,2013,66,61,0,16,140,2,56,125,380,0,169,65,19,731,12,48,0,47,5101
TAMIL NADU,MADURAI RURAL,2013,81,212,1,66,222,12,181,313,1374,0,187,631,32,767,4,73,0,263,7855
TAMIL NADU,MADURAI URBAN,2013,39,49,2,32,64,5,102,57,850,0,36,263,11,198,3,23,0,91,3031
TAMIL NADU,NAGAPATTINAM,2013,51,70,0,18,48,2,31,79,540,0,26,8,12,518,3,30,0,9,3919
TAMIL NADU,NAMAKKAL,2013,42,37,0,46,88,2,50,107,312,0,59,68,8,487,0,57,0,15,4113
TAMIL NADU,NILGIRIS,2013,11,13,0,30,20,1,6,53,90,0,16,8,4,203,0,18,0,1,1203
TAMIL NADU,PERAMBALUR,2013,14,12,0,16,8,0,11,40,144,0,25,19,1,149,0,13,0,5,1300
TAMIL NADU,PUDUKOTTAI,2013,43,38,0,20,108,4,20,44,220,0,53,44,20,274,3,29,0,39,3379
TAMIL NADU,RAMNATHAPURAM,2013,50,91,0,18,50,1,66,115,254,0,72,63,19,452,2,24,0,20,3583
TAMIL NADU,SALEM RURAL,2013,54,52,1,52,138,8,44,104,314,0,132,58,35,1444,5,62,0,47,5832
TAMIL NADU,SALEM URBAN,2013,28,35,0,32,44,1,41,67,244,0,26,40,0,329,1,10,0,49,2852
TAMIL NADU,SIVAGANGAI,2013,47,96,4,32,68,4,86,126,440,0,55,72,10,349,4,35,0,87,3742
TAMIL NADU,THANJAVUR,2013,58,122,0,62,122,17,145,165,846,0,147,88,35,820,0,68,0,46,6510
TAMIL NADU,THENI,2013,39,78,0,50,76,1,38,110,506,0,61,133,16,657,5,41,0,62,4311
TAMIL NADU,THIRUNELVELI RURAL,2013,106,304,0,148,244,5,88,220,530,0,5,694,57,973,6,82,0,486,10365
TAMIL NADU,THIRUNELVELI URBAN,2013,24,87,0,24,28,2,69,90,308,0,0,32,12,169,0,4,0,18,1525
TAMIL NADU,THIRUVALLUR,2013,31,38,1,42,46,3,18,151,456,0,172,98,12,392,9,11,0,19,4003
TAMIL NADU,THIRUVANNAMALAI,2013,46,50,1,100,112,6,15,121,500,0,81,71,22,613,2,31,0,34,4614
TAMIL NADU,THIRUVARUR,2013,34,66,0,30,46,6,34,90,380,0,19,12,23,428,1,5,0,15,3963
TAMIL NADU,THOOTHUGUDI,2013,85,194,1,104,60,5,82,214,568,0,0,144,34,644,2,35,0,64,5519
TAMIL NADU,TIRUPPUR,2013,75,43,0,40,106,2,144,243,924,0,61,109,11,581,8,40,0,91,5895
TAMIL NADU,TRICHY RLY.,2013,0,0,0,0,0,1,25,5,182,0,0,2,0,15,0,3,0,0,223
TAMIL NADU,TRICHY RURAL,2013,52,34,0,46,70,5,34,64,292,0,44,29,5,332,3,40,0,49,4131
TAMIL NADU,TRICHY URBAN,2013,21,27,0,20,16,1,44,44,466,0,2,90,2,162,0,18,0,25,2783
TAMIL NADU,VELLORE,2013,66,91,3,102,194,1,36,297,1326,0,70,126,8,918,8,33,0,40,9802
TAMIL NADU,VILLUPURAM,2013,71,140,2,134,332,7,29,194,962,0,284,105,46,1084,4,127,0,80,8801
TAMIL NADU,VIRUDHUNAGAR,2013,51,68,0,66,62,2,43,138,488,0,62,149,13,473,3,16,0,48,4336
TAMIL NADU,ZZ TOTAL,2013,1936,3007,33,1846,3558,138,2186,5125,23900,0,2701,4647,645,20984,118,1271,0,2471,203579
TRIPURA,DHALAI,2013,18,3,1,34,28,1,3,19,58,0,7,19,5,78,1,38,0,51,394
TRIPURA,GOMATI,2013,22,7,0,62,60,1,7,35,190,0,18,20,17,299,6,45,0,164,1049
TRIPURA,GRP,2013,0,0,0,0,0,0,1,0,10,0,0,0,0,5,0,0,0,0,14
TRIPURA,KHOWAI,2013,12,0,0,46,6,1,4,21,68,0,11,8,8,92,4,43,0,42,425
TRIPURA,NORTH,2013,12,10,0,40,22,1,10,23,84,0,7,31,2,121,4,51,0,113,592
TRIPURA,SIPAHIJALA,2013,13,4,0,54,38,2,6,44,156,0,27,16,9,262,1,73,0,118,943
TRIPURA,SOUTH,2013,21,17,0,64,30,0,4,20,76,0,19,19,5,185,5,38,0,93,725
TRIPURA,UNAKOTI,2013,9,7,0,74,36,1,2,9,74,0,2,19,7,125,5,18,0,51,433
TRIPURA,WEST,2013,35,11,0,92,68,3,7,52,350,0,32,70,30,318,3,101,0,195,1635
TRIPURA,ZZ TOTAL,2013,142,59,1,466,288,10,44,223,1066,0,123,202,83,1485,29,407,0,827,6210
UTTAR PRADESH,AGRA,2013,133,200,29,156,848,15,204,342,6030,0,435,427,5,299,98,239,0,399,9298
UTTAR PRADESH,ALIGARH,2013,185,261,22,198,798,24,195,315,3938,0,386,483,9,278,73,300,0,455,8129
UTTAR PRADESH,ALLAHABAD,2013,123,95,44,204,612,6,58,356,3250,0,117,446,5,409,66,215,0,322,8357
UTTAR PRADESH,AMBEDKAR NAGAR,2013,32,27,7,30,120,1,10,23,180,0,39,49,0,116,17,16,0,4,1339
UTTAR PRADESH,AMETHI,2013,31,61,12,76,232,5,35,61,284,0,50,27,14,211,16,83,0,35,1666
UTTAR PRADESH,AMROHA,2013,65,80,9,46,226,5,38,55,558,0,34,117,0,117,16,57,0,171,2401
UTTAR PRADESH,AURAIYA,2013,27,28,14,32,156,3,12,25,360,0,12,38,0,49,28,38,0,68,1316
UTTAR PRADESH,AZAMGARH,2013,68,90,23,78,308,3,60,86,544,0,190,154,1,333,36,20,0,155,2621
UTTAR PRADESH,BADAUN,2013,112,143,24,108,278,3,53,50,490,0,5,98,0,398,58,102,0,58,2607
UTTAR PRADESH,BAGHPAT,2013,79,112,11,50,196,4,83,53,592,0,51,85,0,87,12,56,0,106,1831
UTTAR PRADESH,BAHRAICH,2013,47,55,24,70,302,2,18,61,542,0,68,196,5,179,42,44,0,1,2389
UTTAR PRADESH,BALLIA,2013,35,38,13,36,286,1,14,109,526,0,104,84,1,178,24,107,0,4,1790
UTTAR PRADESH,BALRAMPUR,2013,21,23,7,46,142,0,6,37,96,0,18,52,0,58,7,24,0,8,649
UTTAR PRADESH,BANDA,2013,45,47,17,94,290,0,23,84,498,0,75,82,7,39,32,151,0,129,2055
UTTAR PRADESH,BARABANKI,2013,57,50,20,78,162,1,17,57,316,0,3,191,14,320,26,39,0,98,2677
UTTAR PRADESH,BAREILLY,2013,114,162,34,168,658,3,80,141,1546,0,163,442,1,228,58,198,0,257,6860
UTTAR PRADESH,BASTI,2013,27,11,4,48,164,3,16,36,268,0,26,41,0,194,11,53,0,44,1162
UTTAR PRADESH,BIJNOR,2013,83,74,24,142,336,5,56,86,810,0,73,253,0,13,31,178,0,6,3639
UTTAR PRADESH,BULANDSHAHAR,2013,185,199,19,194,670,13,117,109,1656,0,138,222,4,14,52,197,0,162,4712
UTTAR PRADESH,CHANDOLI,2013,31,26,8,40,106,1,14,31,204,0,31,71,5,168,16,68,0,0,1083
UTTAR PRADESH,CHITRAKOOT DHAM,2013,20,10,8,46,54,1,3,42,162,0,11,47,8,11,14,35,0,7,807
UTTAR PRADESH,DEORIA,2013,50,25,23,88,360,2,29,100,428,0,85,101,5,217,37,87,0,27,1882
UTTAR PRADESH,ETAH,2013,59,128,23,68,240,3,44,47,690,0,104,83,9,279,32,122,0,99,2506
UTTAR PRADESH,ETAWAH,2013,62,69,12,46,176,2,39,55,690,0,10,96,6,156,30,30,0,62,2242
UTTAR PRADESH,FAIZABAD,2013,37,32,13,70,276,3,28,83,528,0,40,105,0,193,11,79,0,7,2150
UTTAR PRADESH,FATEHGARH,2013,56,66,19,50,210,4,13,59,478,0,25,49,0,125,34,30,0,38,1754
UTTAR PRADESH,FATEHPUR,2013,61,38,31,84,246,4,13,49,308,0,45,103,5,273,39,87,0,80,2234
UTTAR PRADESH,FIROZABAD,2013,106,143,12,78,466,7,90,88,1398,0,176,207,1,316,66,112,0,165,4026
UTTAR PRADESH,G.R.P.,2013,35,9,4,6,110,11,52,1,6086,0,28,29,0,20,3,84,0,1,4169
UTTAR PRADESH,GAUTAMBUDH NAGAR,2013,96,107,17,78,408,8,205,228,6626,0,199,264,0,15,31,136,0,164,8199
UTTAR PRADESH,GHAZIABAD,2013,137,119,46,168,692,21,122,222,6146,0,73,386,0,91,44,233,0,491,9150
UTTAR PRADESH,GHAZIPUR,2013,50,58,17,44,216,7,31,52,360,0,76,88,16,223,27,59,0,76,1626
UTTAR PRADESH,GONDA,2013,27,33,22,48,332,2,27,85,414,0,59,210,0,283,32,62,0,4,2342
UTTAR PRADESH,GORAKHPUR,2013,124,122,35,174,674,14,77,194,1816,0,184,331,2,402,39,111,0,95,4444
UTTAR PRADESH,HAMIRPUR,2013,33,35,13,100,160,3,21,31,168,0,54,33,2,54,15,117,0,0,1040
UTTAR PRADESH,HAPUR,2013,53,81,11,70,200,2,41,15,834,0,45,111,2,24,21,75,0,52,1839
UTTAR PRADESH,HARDOI,2013,65,50,33,56,290,2,18,61,498,0,32,68,3,244,24,131,0,122,2890
UTTAR PRADESH,HATHRAS,2013,61,65,13,74,208,6,41,39,810,0,74,84,6,131,21,73,0,76,2094
UTTAR PRADESH,JALAUN,2013,31,19,8,14,126,0,13,32,254,0,8,50,1,143,22,52,0,33,978
UTTAR PRADESH,JAUNPUR,2013,50,52,21,106,264,2,51,90,570,0,77,95,1,281,60,75,0,77,2218
UTTAR PRADESH,JHANSI,2013,49,35,20,80,170,3,22,64,580,0,79,79,7,201,24,72,0,65,1923
UTTAR PRADESH,KANNAUJ,2013,33,27,15,32,172,0,6,32,294,0,15,46,6,1,26,40,0,59,1508
UTTAR PRADESH,KANPUR DEHAT,2013,49,20,10,58,156,1,13,19,214,0,34,64,0,253,32,45,0,67,2031
UTTAR PRADESH,KANPUR NAGAR,2013,121,97,22,82,522,9,72,171,2390,0,102,393,7,228,56,110,0,239,7060
UTTAR PRADESH,KASGANJ,2013,47,52,14,34,202,0,8,46,326,0,45,49,7,178,24,43,0,27,1339
UTTAR PRADESH,KAUSHAMBI,2013,29,22,18,54,138,0,12,59,184,0,20,68,1,94,22,108,0,67,1600
UTTAR PRADESH,KHIRI,2013,88,139,27,98,408,2,31,67,1128,0,63,121,0,467,57,85,0,152,3587
UTTAR PRADESH,KUSHI NAGAR,2013,50,24,27,66,290,1,17,48,336,0,154,101,13,314,29,66,0,48,1988
UTTAR PRADESH,LALITPUR,2013,18,9,14,20,60,1,10,17,102,0,17,24,4,92,11,50,0,18,696
UTTAR PRADESH,LUCKNOW,2013,133,116,22,152,762,13,69,553,5226,0,165,1077,4,38,60,360,0,920,13583
UTTAR PRADESH,MAHARAJGANJ,2013,32,17,13,56,234,2,12,25,198,0,48,76,7,165,23,40,0,58,1369
UTTAR PRADESH,MAHOBA,2013,29,18,11,60,98,3,8,44,162,0,24,31,2,0,16,61,0,26,838
UTTAR PRADESH,MAINPURI,2013,71,82,15,40,330,3,33,108,808,0,93,84,10,204,38,92,0,94,2432
UTTAR PRADESH,MATHURA,2013,108,123,22,118,348,6,70,127,2056,0,160,236,6,241,32,99,0,196,4386
UTTAR PRADESH,MAU,2013,27,41,14,52,204,0,18,72,486,0,94,107,3,260,11,53,0,94,1495
UTTAR PRADESH,MEERUT,2013,238,264,18,218,714,15,328,283,5480,0,273,392,9,23,42,277,0,209,8360
UTTAR PRADESH,MIRZAPUR,2013,23,2,9,10,18,0,4,18,84,0,0,82,0,85,19,5,0,30,786
UTTAR PRADESH,MORADABAD,2013,89,78,9,138,374,21,52,100,1430,0,68,230,0,46,27,156,0,299,3747
UTTAR PRADESH,MUZAFFARNAGAR,2013,188,163,13,98,540,318,134,60,1412,0,194,205,11,187,25,125,0,270,4496
UTTAR PRADESH,PILIBHIT,2013,39,22,7,60,194,0,12,24,234,0,7,147,0,173,35,67,0,125,2798
UTTAR PRADESH,PRATAPGARH,2013,63,116,27,132,368,5,68,116,664,0,250,156,22,314,30,151,0,39,3311
UTTAR PRADESH,RAIBAREILLY,2013,58,47,13,86,212,1,19,72,390,0,57,78,2,150,23,66,0,72,2085
UTTAR PRADESH,RAMPUR,2013,50,73,11,52,200,5,29,42,624,0,42,123,0,2,19,46,0,119,1970
UTTAR PRADESH,SAHARANPUR,2013,95,91,13,68,306,11,114,77,1114,0,105,291,0,108,34,90,0,198,3541
UTTAR PRADESH,SAMBHAL,2013,78,75,16,84,262,6,56,65,632,0,68,102,0,65,30,94,0,88,2284
UTTAR PRADESH,SANT KABIRNAGAR,2013,26,12,3,46,128,0,16,12,84,0,36,42,2,134,5,17,0,8,744
UTTAR PRADESH,SHAHJAHANPUR,2013,89,96,20,72,272,2,24,47,460,0,24,140,5,220,43,104,0,142,2903
UTTAR PRADESH,SHAMLI,2013,63,75,8,68,182,8,43,23,532,0,108,47,0,7,11,66,0,52,1410
UTTAR PRADESH,SHRAWASTI,2013,21,17,6,42,110,2,8,41,104,0,18,68,1,162,18,53,0,0,835
UTTAR PRADESH,SIDHARTHNAGAR,2013,19,4,3,34,120,5,9,27,174,0,24,26,0,5,8,26,0,33,758
UTTAR PRADESH,SITAPUR,2013,82,55,18,190,534,4,44,131,750,0,50,110,19,143,63,211,0,130,3934
UTTAR PRADESH,SONBHADRA,2013,29,10,14,64,40,0,1,33,164,0,1,25,0,116,13,22,0,12,779
UTTAR PRADESH,ST.RAVIDASNAGAR,2013,12,16,9,20,36,0,7,23,134,0,4,30,0,76,13,15,0,19,512
UTTAR PRADESH,SULTANPUR,2013,39,66,11,58,230,9,34,100,588,0,84,81,3,236,15,87,0,111,2284
UTTAR PRADESH,UNNAO,2013,90,46,14,82,378,2,36,68,542,0,31,100,1,28,44,119,0,190,2825
UTTAR PRADESH,VARANASI,2013,59,66,16,114,456,6,85,179,1860,0,109,536,1,213,36,207,0,347,5077
UTTAR PRADESH,ZZ TOTAL,2013,5047,5259,1268,6100,22366,666,3591,6683,83898,0,6089,11665,291,12398,2335,7303,0,8781,226445
UTTARAKHAND,ALMORA,2013,1,3,0,16,64,0,1,9,30,0,2,9,0,6,2,7,0,9,172
UTTARAKHAND,BAGESHWAR,2013,1,0,2,4,32,0,1,12,12,0,1,4,2,10,1,3,0,2,84
UTTARAKHAND,CHAMOLI,2013,4,2,2,16,70,0,2,6,12,0,3,3,0,12,0,7,0,2,119
UTTARAKHAND,CHAMPAWAT,2013,5,1,1,0,30,0,1,5,6,0,7,1,1,33,1,5,0,1,97
UTTARAKHAND,DEHRADUN,2013,35,29,12,82,558,5,27,59,788,0,89,224,6,51,9,62,0,159,2279
UTTARAKHAND,HARIDWAR,2013,39,62,12,150,624,5,52,49,1068,0,89,127,7,519,5,76,0,101,2796
UTTARAKHAND,NAINITAL,2013,17,9,1,40,234,1,10,0,264,0,34,37,0,85,5,33,0,31,842
UTTARAKHAND,PAURI GARHWAL,2013,6,6,2,6,86,0,4,15,98,0,19,15,0,48,2,11,0,6,307
UTTARAKHAND,PITHORAGARH,2013,2,2,0,14,56,0,1,8,18,0,4,5,0,23,2,4,0,5,117
UTTARAKHAND,RUDRA PRAYAG,2013,6,2,1,10,38,0,0,14,12,0,3,5,1,3,4,1,0,3,101
UTTARAKHAND,TEHRI GARHWAL,2013,5,3,1,10,46,0,0,2,20,0,3,3,0,1,0,2,0,0,114
UTTARAKHAND,UDHAMSINGH NAGAR,2013,72,60,7,96,188,13,39,62,856,0,77,109,0,217,12,82,0,116,2426
UTTARAKHAND,UTTARKASHI,2013,4,2,1,12,38,0,0,7,8,0,3,6,0,3,0,2,0,0,92
UTTARAKHAND,ZZ TOTAL,2013,197,181,42,456,2064,24,138,248,3192,0,334,548,17,1011,43,295,0,435,9546
WEST BENGAL,24 PARGANAS NORTH,2013,136,280,52,230,856,40,46,11,2700,0,511,236,29,30,35,307,0,1716,13409
WEST BENGAL,24 PARGANAS SOUTH,2013,226,4,28,378,794,75,41,134,2452,0,1914,474,21,336,49,212,0,1978,15567
WEST BENGAL,ASANSOL,2013,56,49,7,62,250,62,38,22,1466,0,262,138,3,168,15,73,0,467,4785
WEST BENGAL,BANKURA,2013,57,57,7,48,88,25,21,9,344,0,229,80,11,171,19,76,0,278,2494
WEST BENGAL,BDN CP,2013,17,8,4,34,120,81,14,8,1494,0,10,242,5,270,6,77,0,229,2491
WEST BENGAL,BIRBHUM,2013,95,59,34,82,116,68,14,15,596,0,232,85,13,622,12,99,0,245,2882
WEST BENGAL,BKP CP,2013,88,74,12,82,338,172,31,2,2650,0,90,411,0,249,21,197,0,705,6581
WEST BENGAL,BURDWAN,2013,129,247,18,82,244,88,29,3,1300,0,277,163,36,562,25,123,0,378,4973
WEST BENGAL,COOCHBEHAR,2013,54,119,8,220,330,10,9,9,678,0,74,92,78,196,15,240,0,631,4437
WEST BENGAL,DAKSHIN DINAJPUR,2013,41,153,5,70,232,9,6,0,480,0,9,293,17,144,32,69,0,345,2606
WEST BENGAL,DARJEELING,2013,30,33,7,60,88,4,8,3,678,0,30,18,17,695,0,54,0,158,1943
WEST BENGAL,HOOGHLY,2013,126,24,18,108,366,113,17,9,1992,0,398,190,39,145,19,143,0,922,6931
WEST BENGAL,HOWRAH,2013,76,60,13,46,212,38,15,29,614,0,196,145,4,709,10,131,0,682,4849
WEST BENGAL,HOWRAH CITY,2013,53,4,6,44,402,46,35,6,2326,0,73,234,2,32,3,215,0,609,6388
WEST BENGAL,HOWRAH G.R.P.,2013,7,7,1,2,14,10,2,0,586,0,3,5,0,0,2,9,0,1,415
WEST BENGAL,JALPAIGURI,2013,106,188,18,242,574,6,35,16,2502,0,27,106,11,157,12,305,0,779,7161
WEST BENGAL,JHARGRAM,2013,31,19,2,20,46,2,9,8,186,0,41,18,4,14,6,42,0,62,680
WEST BENGAL,KHARAGPUR G.R.P.,2013,2,1,2,4,2,0,3,0,284,0,2,1,0,8,0,10,0,0,190
WEST BENGAL,KOLKATA,2013,77,115,37,150,420,34,42,82,9820,0,362,2052,0,3496,15,707,0,1005,26319
WEST BENGAL,MALDA,2013,113,392,25,280,394,52,17,13,912,0,64,147,11,163,14,177,0,597,5280
WEST BENGAL,MURSHIDABAD,2013,168,622,34,430,792,140,22,6,1866,0,309,114,54,3728,35,407,0,1939,12310
WEST BENGAL,NADIA,2013,146,568,23,174,778,49,35,13,2576,0,172,383,13,3292,69,213,0,1666,12135
WEST BENGAL,PASCHIM MIDNAPUR,2013,100,182,6,92,340,28,41,11,1408,0,293,62,46,132,25,327,0,549,4739
WEST BENGAL,PURAB MIDNAPUR,2013,101,41,19,106,442,40,24,20,1048,0,350,159,24,20,24,126,0,606,5295
WEST BENGAL,PURULIA,2013,72,10,6,108,108,23,22,2,452,0,94,33,4,395,8,78,0,158,1613
WEST BENGAL,SEALDAH G.R.P.,2013,21,7,1,4,28,58,4,0,726,0,7,7,0,65,0,45,0,2,647
WEST BENGAL,SILIGURI G.R.P.,2013,4,1,0,0,6,0,1,0,346,0,0,1,0,0,0,11,0,0,242
WEST BENGAL,SILIGURI_PC,2013,40,15,12,70,244,3,25,7,2254,0,5,234,2,351,5,206,0,616,5175
WEST BENGAL,UTTAR DINAJPUR,2013,92,184,10,142,522,29,41,2,1072,0,108,72,51,2009,5,234,0,793,6998
WEST BENGAL,ZZ TOTAL,2013,2264,3523,415,3370,9146,1305,647,440,45808,0,6142,6195,495,18159,481,4913,0,18116,169535
A&N ISLANDS,CAR,2013,0,0,0,2,0,0,0,1,2,0,0,1,0,2,0,2,0,0,24
A&N ISLANDS,NORTH,2013,1,1,0,10,12,0,0,5,14,0,0,0,1,17,0,10,0,5,156
A&N ISLANDS,SOUTH,2013,5,3,1,42,16,1,1,36,58,0,0,24,1,36,1,33,0,4,432
A&N ISLANDS,ZZ TOTAL,2013,6,4,1,54,28,1,1,42,74,0,0,25,2,55,1,45,0,9,612
CHANDIGARH,CHANDIGARH,2013,22,50,3,90,522,12,62,258,3038,0,54,284,8,59,1,143,0,92,4077
CHANDIGARH,ZZ TOTAL,2013,22,50,3,90,522,12,62,258,3038,0,54,284,8,59,1,143,0,92,4077
D&N HAVELI,D&N HAVELI,2013,3,2,1,10,26,1,0,21,116,0,7,10,18,15,0,1,0,1,314
D&N HAVELI,ZZ TOTAL,2013,3,2,1,10,26,1,0,21,116,0,7,10,18,15,0,1,0,1,314
DAMAN & DIU,DAMAN,2013,7,0,4,14,22,6,1,18,70,0,11,17,8,12,0,2,0,2,217
DAMAN & DIU,DIU,2013,2,1,0,2,4,0,0,1,6,0,0,2,0,2,0,0,0,0,29
DAMAN & DIU,ZZ TOTAL,2013,9,1,4,16,26,6,1,19,76,0,11,19,8,14,0,2,0,2,246
DELHI UT,CAW,2013,0,0,0,0,0,0,0,0,0,0,0,0,0,0,0,1,0,202,203
DELHI UT,CENTRAL,2013,20,35,5,142,440,1,55,121,3856,0,4,323,5,122,2,174,0,50,4562
DELHI UT,CRIME BRANCH,2013,2,6,0,8,2,0,0,0,2,0,0,48,0,0,0,0,0,0,80
DELHI UT,EAST,2013,51,60,10,420,1474,5,134,236,8504,0,7,240,11,177,11,364,0,246,10388
DELHI UT,EOW,2013,0,0,0,0,0,0,0,0,0,0,0,76,0,0,0,0,0,0,163
DELHI UT,GRP(RLY),2013,13,2,0,8,38,0,20,0,1106,0,2,15,0,4,0,11,0,0,760
DELHI UT,IGI AIRPORT,2013,0,0,0,0,2,0,2,0,158,0,0,12,0,2,0,9,0,0,351
DELHI UT,METRO RAIL,2013,1,1,0,0,16,0,2,4,1750,0,2,11,0,1,1,16,0,2,962
DELHI UT,NEW DELHI,2013,7,6,2,38,148,0,14,19,946,0,19,71,1,21,1,66,0,17,1458
DELHI UT,NORTH,2013,29,25,2,106,532,2,87,165,3084,0,12,167,11,93,9,164,0,107,4081
DELHI UT,NORTH-EAST,2013,69,87,9,366,1846,5,223,143,7406,0,12,200,13,241,27,333,0,438,9041
DELHI UT,NORTH-WEST,2013,47,56,3,286,1194,10,194,331,5096,0,8,218,1,172,17,301,0,236,6564
DELHI UT,OUTER,2013,88,84,8,356,1846,7,134,547,6766,0,4,283,12,203,14,332,0,466,9579
DELHI UT,SOUTH,2013,23,35,8,326,1078,1,68,429,6840,0,4,360,10,133,10,539,0,117,8593
DELHI UT,SOUTH-EAST,2013,60,68,7,460,1438,2,132,240,6310,0,10,292,11,237,16,386,0,220,8608
DELHI UT,SOUTH-WEST,2013,52,61,5,388,1112,1,116,263,2154,0,9,295,7,127,14,419,0,403,5963
DELHI UT,STF,2013,0,5,0,0,0,0,0,0,0,0,0,1,0,0,0,0,0,0,15
DELHI UT,WEST,2013,55,54,6,368,1422,3,64,337,6270,0,20,287,15,235,22,400,0,529,8813
DELHI UT,ZZ TOTAL,2013,517,585,65,3272,12588,37,1245,2835,60248,0,113,2899,97,1768,144,3515,0,3033,80184
LAKSHADWEEP,LAKSHADWEEP,2013,0,0,0,4,0,0,0,2,16,0,2,1,1,5,0,1,0,0,40
LAKSHADWEEP,ZZ TOTAL,2013,0,0,0,4,0,0,0,2,16,0,2,1,1,5,0,1,0,0,40
PUDUCHERRY,KARAIKAL,2013,6,3,0,12,6,2,3,18,112,0,10,8,3,160,1,1,0,1,643
PUDUCHERRY,PUDUCHERRY,2013,25,8,2,22,76,7,7,53,1076,0,75,67,13,555,0,11,0,7,3113
PUDUCHERRY,ZZ TOTAL,2013,31,11,2,34,82,9,10,71,1188,0,85,75,16,715,1,12,0,8,3756
ANDHRA PRADESH,ANANTAPUR,2014,134,171,8,70,250,12,30,730,1506,0,428,296,12,49,25,672,0,165,8376
ANDHRA PRADESH,CHITTOOR,2014,84,170,2,64,76,24,22,349,1056,0,268,207,23,36,17,270,0,278,5374
ANDHRA PRADESH,CUDDAPAH,2014,80,162,1,56,54,6,16,288,1276,0,208,163,0,78,16,218,0,91,5803
ANDHRA PRADESH,EAST GODAVARI,2014,64,84,2,170,132,6,24,641,1806,0,54,214,50,87,7,752,0,464,7630
ANDHRA PRADESH,GUNTAKAL RAILWAY,2014,14,4,0,0,0,4,4,0,826,0,2,5,0,0,0,0,0,0,490
ANDHRA PRADESH,GUNTUR,2014,105,137,4,98,128,10,24,365,1422,0,162,328,52,74,16,455,0,454,6897
ANDHRA PRADESH,GUNTUR URBAN,2014,51,65,0,80,168,10,31,294,2090,0,16,531,35,58,12,320,0,345,5798
ANDHRA PRADESH,KRISHNA,2014,51,47,1,160,82,0,15,549,1042,0,18,242,23,78,8,477,0,613,7078
ANDHRA PRADESH,KURNOOL,2014,118,135,5,64,106,6,28,414,1126,0,225,639,33,18,12,665,0,362,8398
ANDHRA PRADESH,NELLORE,2014,78,117,4,116,306,16,44,704,2116,0,168,239,45,59,14,457,0,362,8175
ANDHRA PRADESH,PRAKASHAM,2014,75,68,7,100,100,10,23,442,1234,0,248,261,28,36,8,347,0,402,6367
ANDHRA PRADESH,RAJAHMUNDRY,2014,18,18,1,70,30,6,14,409,722,0,34,105,13,46,3,182,0,190,2430
ANDHRA PRADESH,SRIKAKULAM,2014,30,29,4,80,66,0,8,283,472,0,34,153,18,133,3,335,0,298,4727
ANDHRA PRADESH,TIRUPATHI URBAN,2014,35,72,2,36,48,4,8,405,2296,0,62,248,11,6,13,111,0,167,3651
ANDHRA PRADESH,VIJAYAWADA CITY,2014,23,45,2,128,84,6,48,451,4032,0,4,391,21,50,10,403,0,642,7876
ANDHRA PRADESH,VIJAYAWADA RAILWAY,2014,1,1,1,0,6,0,7,0,2170,0,0,7,0,0,2,11,0,1,1223
ANDHRA PRADESH,VISAKHA RURAL,2014,43,50,4,76,48,10,5,176,358,0,30,90,23,66,4,203,0,166,3028
ANDHRA PRADESH,VISAKHAPATNAM,2014,38,57,0,168,260,8,46,726,2716,0,6,413,14,127,13,217,0,371,7728
ANDHRA PRADESH,VIZIANAGARAM,2014,43,23,1,94,54,4,4,176,776,0,26,149,13,82,8,450,0,330,5013
ANDHRA PRADESH,WEST GODAVARI,2014,90,85,4,292,134,9,32,827,2192,0,52,410,36,103,24,568,0,661,8542
ANDHRA PRADESH,TOTAL,2014,1175,1540,53,1922,2132,151,433,8229,31234,0,2045,5091,450,1186,215,7113,0,6362,114604
ARUNACHAL PRADESH,ANJAW,2014,0,0,0,0,2,0,0,12,4,0,2,1,0,4,0,1,0,0,29
ARUNACHAL PRADESH,CHANGLANG,2014,9,3,0,12,22,2,5,36,100,0,2,0,1,30,0,0,0,0,180
ARUNACHAL PRADESH,CRIME BRANCH,2014,0,0,0,0,0,0,0,0,0,0,0,3,0,0,0,0,0,0,4
ARUNACHAL PRADESH,DIBANG VALLEY,2014,0,0,0,2,0,0,0,0,0,0,0,0,0,0,0,0,0,0,4
ARUNACHAL PRADESH,KAMENG EAST,2014,4,1,0,2,14,4,4,8,36,0,0,3,2,36,0,6,0,0,148
ARUNACHAL PRADESH,KAMENG WEST,2014,7,1,0,0,6,2,3,8,42,0,16,3,5,16,0,9,0,2,140
ARUNACHAL PRADESH,KUKUNG KUMEY,2014,4,1,0,5,4,0,0,10,10,0,2,0,1,20,0,2,0,0,49
ARUNACHAL PRADESH,LOHIT,2014,10,4,0,14,50,2,8,64,78,0,6,5,2,32,0,26,0,1,280
ARUNACHAL PRADESH,LONGDING,2014,4,3,1,3,18,2,1,18,10,0,0,0,0,26,0,5,0,0,92
ARUNACHAL PRADESH,LOWER DIBANG VALLEY,2014,2,5,0,6,8,2,1,20,42,0,0,2,0,20,0,0,0,0,75
ARUNACHAL PRADESH,PAPUM PARE CITY,2014,13,5,1,64,104,0,11,52,308,0,12,49,3,84,1,51,0,21,661
ARUNACHAL PRADESH,PAPUM PARE RURAL,2014,7,3,0,0,14,4,3,12,40,0,4,2,0,18,0,8,0,0,96
ARUNACHAL PRADESH,SIANG EAST,2014,5,0,1,22,8,0,3,40,98,0,0,5,9,46,0,34,0,4,245
ARUNACHAL PRADESH,SIANG UPPER,2014,1,0,0,2,0,2,0,16,16,0,0,1,1,4,0,2,0,0,40
ARUNACHAL PRADESH,SIANG WEST,2014,10,4,0,12,4,0,4,36,58,0,8,13,2,60,0,22,0,8,249
ARUNACHAL PRADESH,SUBANSIRI LOWER,2014,4,3,1,2,14,2,10,44,36,0,6,6,6,44,0,12,0,3,160
ARUNACHAL PRADESH,SUBANSIRI UPPER,2014,3,2,0,10,4,2,5,22,66,0,8,5,7,38,0,32,0,3,234
ARUNACHAL PRADESH,TAWANG,2014,1,3,0,0,0,0,0,4,28,0,0,0,0,4,0,2,0,0,40
ARUNACHAL PRADESH,TIRAP,2014,2,10,0,6,20,0,3,18,24,0,0,5,0,12,0,2,0,0,117
ARUNACHAL PRADESH,TOTAL,2014,86,48,4,162,292,24,61,420,996,0,66,103,39,494,1,214,0,42,2843
ASSAM,BARPETA,2014,46,68,0,286,758,18,5,574,896,0,612,260,38,848,21,556,0,1116,9056
ASSAM,BASKA,2014,31,28,0,52,82,10,16,84,248,0,0,26,29,230,4,54,0,77,853
ASSAM,BONGAIGAON,2014,17,23,0,62,102,6,12,168,380,0,30,55,11,196,4,16,0,178,1789
ASSAM,CACHAR,2014,58,7,0,162,498,18,24,548,1512,0,404,97,55,90,14,100,0,595,5640
ASSAM,CHIRANG,2014,37,19,1,58,116,7,6,78,190,0,38,33,17,170,7,66,0,60,863
ASSAM,DARRANG,2014,33,2,0,222,416,12,17,348,726,0,164,211,38,894,11,873,0,489,3901
ASSAM,DHEMAJI,2014,18,5,2,90,168,6,15,52,212,0,0,52,5,272,3,81,0,111,1068
ASSAM,DHUBRI,2014,58,143,1,386,840,48,21,560,864,0,1062,272,82,3416,10,386,0,1186,7153
ASSAM,DIBRUGARH,2014,77,7,2,134,326,12,43,300,1652,0,24,40,23,660,5,210,0,253,3108
ASSAM,G. R. P.,2014,9,0,0,2,20,6,2,4,374,0,10,2,0,0,0,0,0,0,319
ASSAM,GOALPARA,2014,44,62,0,216,436,42,23,486,532,0,104,137,28,720,8,242,0,367,2623
ASSAM,GOLAGHAT,2014,88,68,0,148,476,24,41,87,730,0,58,37,32,896,7,148,0,166,2932
ASSAM,GUWAHATI CITY,2014,84,94,1,200,910,43,247,1705,6190,0,310,449,50,358,11,213,0,486,12216
ASSAM,HAILAKANDI,2014,24,1,0,154,208,7,3,93,356,0,574,44,9,26,4,46,0,209,1940
ASSAM,JORHAT,2014,30,3,2,72,188,16,76,290,1036,0,14,169,22,518,6,314,0,401,3732
ASSAM,KAMRUP,2014,65,128,1,154,328,28,63,548,1454,0,0,101,12,90,1,30,0,595,2785
ASSAM,KARBI ANGLONG,2014,38,25,11,46,156,6,10,2,362,0,12,29,0,190,0,52,0,42,960
ASSAM,KARIMGANJ,2014,33,42,0,150,238,36,8,440,398,0,114,82,29,418,13,20,0,337,2827
ASSAM,KOKRAJHAR,2014,60,21,0,90,212,10,7,92,458,0,20,35,35,160,3,94,0,71,1419
ASSAM,LAKHIMPUR,2014,40,0,0,134,300,2,7,274,472,0,74,115,6,70,4,110,0,369,2872
ASSAM,MORIGAON,2014,28,77,0,162,348,16,12,186,468,0,260,127,17,444,7,656,0,349,2557
ASSAM,N. C. HILLS,2014,76,8,15,12,60,0,5,34,92,0,8,4,2,38,0,0,0,6,299
ASSAM,NAGAON,2014,104,102,20,374,908,111,127,910,1470,0,970,175,98,1818,22,526,0,1162,8399
ASSAM,NALBARI,2014,27,18,0,82,232,36,114,290,450,0,46,43,8,64,0,0,0,42,2122
ASSAM,SIBSAGAR,2014,80,38,3,88,444,6,42,392,1198,0,62,95,29,1622,6,306,0,333,4236
ASSAM,SONITPUR,2014,110,81,8,224,444,8,27,564,1132,0,180,146,31,454,5,40,0,381,3906
ASSAM,TINSUKIA,2014,90,44,4,132,286,14,45,212,1358,0,94,96,16,218,3,132,0,164,3309
ASSAM,UDALGURI,2014,46,28,0,68,146,6,20,122,264,0,36,24,21,286,9,70,0,81,1453
ASSAM,TOTAL,2014,1451,1142,71,3960,9646,554,1038,9443,25474,0,5280,2956,743,15166,188,5341,0,9626,94337
BIHAR,ARARIA,2014,53,176,5,70,170,32,28,98,620,0,612,108,11,52,17,1,0,6,3898
BIHAR,ARWAL,2014,25,29,3,12,52,10,8,102,156,0,164,42,3,50,11,7,0,0,991
BIHAR,AURANGABAD,2014,74,40,3,24,172,67,27,208,704,0,500,122,12,397,28,30,0,110,3079
BIHAR,BAGAHA,2014,21,0,8,28,152,4,8,52,294,0,246,33,2,16,7,38,0,56,1860
BIHAR,BANKA,2014,59,143,183,44,146,22,19,82,286,0,390,10,17,654,23,3,0,64,2505
BIHAR,BEGUSARAI,2014,121,199,10,60,418,66,60,290,1196,0,922,89,24,156,28,66,0,55,5196
BIHAR,BETTIAH,2014,75,9,0,66,230,14,11,242,994,0,1016,155,19,20,39,0,0,106,4712
BIHAR,BHABHUA,2014,56,105,0,24,172,16,21,158,688,0,194,49,13,10,12,0,0,44,2267
BIHAR,BHAGALPUR,2014,102,66,5,104,426,29,42,450,1354,0,696,87,10,3,20,31,0,161,4763
BIHAR,BHOJPUR,2014,116,243,195,64,302,30,23,448,1040,0,410,426,41,1222,46,7,0,129,5488
BIHAR,BUXAR,2014,56,12,11,32,174,12,32,200,876,0,721,36,10,520,24,13,0,95,3284
BIHAR,DARBHANGA,2014,71,179,6,100,578,24,36,290,1170,0,1242,120,28,746,30,8,0,298,5368
BIHAR,GAYA,2014,145,53,14,96,496,105,77,418,2732,0,1086,73,5,1814,63,0,0,198,7232
BIHAR,GOPALGANJ,2014,87,469,7,28,344,20,36,158,552,0,796,153,18,598,33,0,0,156,3879
BIHAR,JAMALPUR RAILWAY,2014,9,1,0,0,8,7,3,2,390,0,2,2,0,0,0,3,0,0,298
BIHAR,JAMUI,2014,61,187,3,46,140,16,33,108,248,0,266,23,3,158,21,20,0,46,1699
BIHAR,JEHANABAD,2014,38,13,3,20,168,18,30,80,430,0,404,36,11,1446,22,0,0,56,1968
BIHAR,KATIHAR,2014,70,60,0,130,288,34,33,168,894,0,476,71,4,338,14,0,0,59,3415
BIHAR,KATIHAR RAILWAY,2014,10,9,0,0,6,2,8,4,364,0,8,4,1,8,0,19,0,0,313
BIHAR,KHAGARIA,2014,52,94,7,28,236,20,19,48,330,0,344,72,19,272,17,2,0,19,2589
BIHAR,KISHANGANJ,2014,46,6,1,128,244,16,12,98,522,0,342,75,13,596,12,43,0,85,1982
BIHAR,LAKHISARAI,2014,46,97,9,20,132,13,20,42,362,0,386,39,10,120,8,63,0,29,1728
BIHAR,MADHEPURA,2014,44,123,29,20,156,10,37,86,370,0,450,37,10,70,8,8,0,50,2426
BIHAR,MADHUBANI,2014,74,335,3,82,398,48,33,248,820,0,812,35,4,646,34,9,0,227,5113
BIHAR,MOTIHARI,2014,146,106,0,62,524,47,25,480,1320,0,1888,130,25,1600,75,0,0,263,9490
BIHAR,MUNGER,2014,46,21,2,22,104,11,28,81,398,0,390,62,16,14,8,5,0,48,1778
BIHAR,MUZAFFARPUR,2014,185,85,44,88,888,56,134,562,4194,0,1318,330,24,5886,178,249,0,109,9373
BIHAR,MUZAFFARPUR RAILWAY,2014,18,0,1,4,18,8,1,8,632,0,14,0,0,12,2,2,0,0,596
BIHAR,NALANDA,2014,107,52,56,58,414,18,58,190,928,0,657,157,15,1260,59,4,0,271,6871
BIHAR,NAUGACHIA,2014,37,4,0,20,108,8,16,25,152,0,168,25,3,20,10,3,0,88,1732
BIHAR,NAWADAH,2014,84,23,0,44,188,14,61,69,538,0,676,48,6,538,22,10,0,77,3408
BIHAR,PATNA,2014,317,26,5,172,1504,90,177,1322,7904,0,1272,1193,2,9144,83,0,0,535,19804
BIHAR,PATNA RAILWAY,2014,23,16,1,2,16,10,10,1,1606,0,10,14,0,2,5,26,0,0,1216
BIHAR,PURNEA,2014,75,2,3,132,348,18,37,87,898,0,642,222,2,470,26,60,0,115,5723
BIHAR,ROHTAS,2014,115,5,6,44,322,24,31,370,1452,0,588,137,11,2936,54,0,0,106,5197
BIHAR,SAHARSA,2014,41,118,0,28,230,2,27,92,578,0,1098,148,5,72,19,0,0,70,3189
BIHAR,SAMASTIPUR,2014,122,205,15,76,510,37,61,238,1134,0,760,124,15,570,39,0,0,184,5664
BIHAR,SARAN,2014,144,331,0,74,498,32,53,392,1234,0,884,211,36,848,83,0,0,157,5586
BIHAR,SHEIKHPURA,2014,26,0,0,10,102,8,11,72,226,0,272,93,12,144,6,35,0,72,1325
BIHAR,SHEOHAR,2014,13,35,0,16,66,10,9,44,178,0,124,22,1,18,6,22,0,14,778
BIHAR,SITAMARHI,2014,91,335,15,22,440,42,63,330,1158,0,690,16,37,202,29,0,0,242,5453
BIHAR,SIWAN,2014,103,222,0,34,396,24,57,254,1098,0,850,100,3,756,64,14,0,50,5003
BIHAR,SUPAUL,2014,64,87,11,64,264,12,23,98,548,0,1146,72,11,74,22,0,0,83,3008
BIHAR,VAISHALI,2014,135,58,0,56,592,26,62,370,2208,0,1206,176,5,220,66,0,0,139,6337
BIHAR,ECONOMIC OFFENCES UNIT,2014,0,0,0,0,0,0,0,0,0,0,0,10,0,0,0,0,0,0,11
BIHAR,ANTI TERRORIST SQUAD,2014,0,0,0,0,0,0,0,0,0,0,0,0,0,0,0,0,0,0,0
BIHAR,TOTAL,2014,3403,4379,664,2254,13140,1132,1600,9165,45776,0,27138,5187,517,34698,1373,801,0,4672,177595
CHHATTISGARH,BALOD,2014,17,12,0,68,54,0,4,154,220,0,48,23,13,26,4,91,0,23,1479
CHHATTISGARH,BALODBAZAR,2014,33,16,1,80,238,2,19,340,470,0,169,9,19,1690,8,95,0,32,2578
CHHATTISGARH,BALRAMPUR,2014,55,21,0,222,42,1,6,51,108,0,33,10,7,168,5,124,0,39,1333
CHHATTISGARH,BEMETRA,2014,21,8,0,82,60,0,7,104,238,0,75,17,4,36,3,112,0,19,1645
CHHATTISGARH,BILASPUR,2014,72,34,4,188,432,1,49,720,976,0,175,58,31,224,13,353,0,75,4870
CHHATTISGARH,BIZAPUR,2014,38,77,0,12,24,6,0,33,16,0,0,5,4,18,0,2,0,2,343
CHHATTISGARH,DANTEWARA,2014,22,18,0,22,22,4,1,56,50,0,18,7,7,26,0,13,0,6,442
CHHATTISGARH,DHAMTARI,2014,20,10,2,72,48,0,4,111,178,0,12,16,4,54,3,85,0,9,1300
CHHATTISGARH,DURG,2014,50,41,0,168,486,8,56,370,1626,0,88,111,41,148,12,508,0,172,6677
CHHATTISGARH,GARIYABAND,2014,15,13,0,84,30,4,4,74,90,0,24,8,2,34,3,45,0,14,948
CHHATTISGARH,G. R. P. RAIPUR,2014,2,0,0,0,10,0,9,9,580,0,4,1,0,12,1,8,0,4,400
CHHATTISGARH,JAGDALPUR,2014,45,29,0,64,80,18,5,81,202,0,32,13,7,1104,1,42,0,20,1580
CHHATTISGARH,JANJGIR,2014,48,27,3,128,288,5,20,371,486,0,210,45,17,163,20,218,0,90,3401
CHHATTISGARH,JASHPUR,2014,55,17,1,172,142,6,16,126,150,0,18,19,5,114,0,48,0,11,1225
CHHATTISGARH,KABIRDHAM,2014,25,5,0,78,168,0,4,134,186,0,28,25,5,20,6,162,0,14,1573
CHHATTISGARH,KANKER,2014,47,42,0,80,94,2,5,134,194,0,66,18,9,38,5,74,0,25,1253
CHHATTISGARH,KONDAGAON,2014,33,19,1,42,40,4,2,74,66,0,36,5,7,374,1,26,0,8,782
CHHATTISGARH,KORBA,2014,37,12,3,136,106,8,22,310,480,0,98,35,11,92,6,155,0,51,2572
CHHATTISGARH,KORIYA,2014,40,26,1,116,170,0,7,160,182,0,56,22,5,1416,2,74,0,59,1707
CHHATTISGARH,MAHASAMUND,2014,22,16,1,88,174,3,9,315,446,0,78,37,2,72,10,197,0,28,2469
CHHATTISGARH,MUNGALI,2014,21,9,0,20,72,0,5,152,168,0,64,11,6,0,6,76,0,14,938
CHHATTISGARH,NARAYANPUR,2014,5,31,0,14,18,6,1,16,16,0,0,2,2,8,0,12,0,1,222
CHHATTISGARH,RAIGARH,2014,74,34,5,242,192,12,21,300,662,0,162,37,15,1640,7,140,0,46,3074
CHHATTISGARH,RAIPUR,2014,49,95,2,282,530,8,76,987,3114,0,164,273,31,214,3,362,0,96,8306
CHHATTISGARH,RAJNANDGAON,2014,33,29,1,114,226,4,20,286,528,0,68,72,12,30,4,158,0,33,3255
CHHATTISGARH,SARGUJA,2014,61,13,2,188,102,0,16,164,248,0,0,26,12,122,4,134,0,23,1835
CHHATTISGARH,SUKMA,2014,20,43,0,10,18,14,5,18,20,0,0,0,4,6,0,5,0,3,240
CHHATTISGARH,SURAJPUR,2014,38,19,2,100,162,6,12,10,496,0,46,25,15,72,1,119,0,47,1753
CHHATTISGARH,TOTAL,2014,998,716,29,2872,4028,122,405,5660,12196,0,1772,930,297,7921,128,3438,0,964,58200
GOA,NORTH GOA,2014,20,25,3,110,186,16,13,424,1466,0,190,152,30,164,0,227,0,11,2805
GOA,SOUTH GOA,2014,14,17,3,74,118,10,19,245,736,0,76,86,11,64,0,81,0,23,1549
GOA,C. I. D.,2014,0,0,0,6,0,0,0,0,106,0,0,22,0,0,0,3,0,1,112
GOA,TOTAL,2014,34,42,6,190,304,26,32,669,2308,0,266,260,41,228,0,311,0,35,4466
GUJARAT,AHMEDABAD CITY,2014,82,61,6,200,734,38,261,735,5178,0,180,214,4,486,11,241,0,802,15286
GUJARAT,AHMEDABAD RURAL,2014,27,48,4,36,168,18,17,60,442,0,81,17,9,130,0,58,0,142,4266
GUJARAT,AMRELI,2014,26,25,2,14,144,0,17,142,186,0,46,9,0,122,0,42,0,139,1818
GUJARAT,ANAND,2014,37,21,0,24,146,14,31,125,708,0,80,55,8,143,0,40,0,117,3415
GUJARAT,ARVALLI,2014,28,10,3,10,74,8,5,67,170,0,14,3,2,38,0,19,0,69,3841
GUJARAT,BANASKANTHA,2014,51,42,1,112,224,37,79,236,778,0,142,70,17,1046,0,175,0,295,4464
GUJARAT,BHARUCH,2014,47,27,0,84,128,20,29,166,812,0,106,3,3,178,0,71,0,63,2981
GUJARAT,BHAVNAGAR,2014,39,33,6,34,210,26,39,166,722,0,109,30,9,296,0,68,0,155,3589
GUJARAT,BOTAD,2014,13,10,2,22,54,4,4,28,114,0,18,3,2,88,0,22,0,39,783
GUJARAT,CHHOTAUDEPUR,2014,22,10,0,30,80,8,6,31,220,0,21,7,5,102,0,22,0,21,1144
GUJARAT,C. I. D. CRIME,2014,2,0,0,0,0,0,0,0,0,0,0,6,0,0,0,0,0,0,8
GUJARAT,DAHOD,2014,45,21,4,54,192,46,37,230,436,0,66,12,9,238,0,56,0,133,2594
GUJARAT,DANG,2014,10,2,0,8,8,0,0,8,24,0,8,5,0,24,1,12,0,26,283
GUJARAT,DEVBHUMI DWARKA,2014,9,11,0,6,36,2,6,38,94,0,52,10,0,64,0,28,0,131,1106
GUJARAT,GANDHINAGAR,2014,20,9,1,34,158,4,61,168,734,0,96,89,6,118,0,36,0,152,7451
GUJARAT,GIR SOMNATH,2014,17,8,0,34,64,10,20,71,160,0,59,21,5,68,1,56,0,125,1405
GUJARAT,JAMNAGAR,2014,23,36,1,68,120,34,17,119,564,0,97,13,6,220,1,52,0,230,3752
GUJARAT,JUNAGADH,2014,13,15,0,42,140,10,25,107,300,0,85,14,15,58,0,63,0,297,2497
GUJARAT,KACHCHH EAST(G),2014,35,27,1,62,132,7,23,137,690,0,92,33,2,140,0,58,0,159,3349
GUJARAT,KACHCHH WEST(B),2014,16,13,0,36,70,4,15,115,474,0,121,65,4,106,0,28,0,203,2269
GUJARAT,KHEDA,2014,22,21,0,24,160,18,5,80,346,0,71,25,3,230,0,54,0,86,3614
GUJARAT,MAHISAGAR,2014,18,8,2,20,50,6,4,60,64,0,22,4,5,52,0,21,0,96,1040
GUJARAT,MEHSANA,2014,24,11,2,12,216,32,66,197,1088,0,181,43,10,111,0,80,0,270,6587
GUJARAT,MORBI,2014,31,15,5,18,58,12,6,41,354,0,38,2,4,72,3,34,0,92,2332
GUJARAT,NARMADA,2014,12,2,1,16,30,0,0,19,80,0,20,2,1,82,0,21,0,15,664
GUJARAT,NAVSARI,2014,19,11,0,30,74,14,9,253,454,0,38,21,2,88,0,27,0,69,1730
GUJARAT,PANCHMAHAL,2014,34,8,0,48,138,12,8,186,320,0,46,8,10,152,0,34,0,106,2634
GUJARAT,PATAN,2014,17,15,0,50,106,28,25,130,522,0,69,34,4,162,1,99,0,138,2117
GUJARAT,PORBANDAR,2014,8,8,0,16,40,2,11,29,114,0,38,14,2,40,1,33,0,93,913
GUJARAT,RAJKOT CITY,2014,43,43,2,34,198,14,91,214,1670,0,122,18,11,184,0,57,0,301,3516
GUJARAT,RAJKOT RURAL,2014,24,19,1,60,138,14,24,193,422,0,88,14,12,98,1,58,0,234,2891
GUJARAT,SABARKANTHA,2014,22,10,1,20,74,8,20,64,394,0,54,36,2,68,0,33,0,131,5647
GUJARAT,SURAT CITY,2014,85,41,8,188,526,30,30,439,2630,0,87,329,4,710,2,94,0,405,4397
GUJARAT,SURAT RURAL,2014,52,8,2,42,90,26,32,293,954,0,53,53,5,102,0,63,0,90,3810
GUJARAT,SURENDRANAGAR,2014,34,48,0,44,88,17,15,163,464,0,118,11,13,265,0,62,0,89,2476
GUJARAT,TAPI,2014,13,2,0,30,26,5,3,34,224,0,24,5,3,46,0,18,0,20,986
GUJARAT,VADODARA CITY,2014,23,37,3,46,186,20,117,502,2484,0,120,195,8,211,1,147,0,306,12651
GUJARAT,VADODARA RURAL,2014,24,6,2,22,132,14,7,57,316,0,61,26,4,140,0,49,0,67,2896
GUJARAT,VALSAD,2014,43,13,0,52,222,37,29,407,1134,0,86,48,7,212,0,36,0,83,3072
GUJARAT,W.RLY  AHMEDABAD,2014,9,1,0,0,4,0,11,1,714,0,0,7,1,22,0,8,0,2,454
GUJARAT,W.RLY VADODARA,2014,5,0,0,0,6,8,4,4,1120,0,0,0,0,4,0,4,0,0,657
GUJARAT,TOTAL,2014,1124,756,60,1682,5444,607,1209,6115,28674,0,2809,1574,217,6716,23,2179,0,5991,131385
HARYANA,AMBALA (RURAL),2014,15,13,2,50,118,4,4,179,388,0,0,38,1,124,9,19,0,52,1098
HARYANA,AMBALA (URBAN),2014,25,18,1,62,318,0,16,641,860,0,12,52,4,190,8,31,0,111,1977
HARYANA,BHIWANI,2014,62,47,2,88,204,16,54,752,1644,0,438,87,26,104,12,141,0,119,4604
HARYANA,FARIDABAD,2014,64,41,3,202,768,18,40,731,4158,0,414,50,7,221,20,114,0,302,6000
HARYANA,FATEHABAD,2014,20,15,0,54,78,9,16,412,600,0,184,64,9,35,7,73,0,154,2431
HARYANA,G. R. P.,2014,26,6,0,2,8,7,31,4,750,0,8,8,0,18,8,25,0,0,1139
HARYANA,GURGAON,2014,96,54,5,234,696,64,119,1251,9630,0,344,439,8,174,19,210,0,277,11444
HARYANA,HISSAR,2014,66,49,3,110,146,30,39,1019,2382,0,328,155,20,161,14,106,0,323,5608
HARYANA,JHAJJAR,2014,69,60,1,112,48,11,28,298,854,0,96,63,5,113,25,69,0,125,2100
HARYANA,JIND,2014,49,29,4,46,164,17,37,465,1066,0,300,26,19,53,12,79,0,120,2892
HARYANA,KAITHAL,2014,47,19,5,66,266,7,11,328,704,0,0,15,4,166,10,71,0,116,1922
HARYANA,KARNAL,2014,53,33,4,200,758,12,24,710,1952,0,42,172,10,520,17,153,0,223,4047
HARYANA,KURUKSHETRA,2014,30,15,3,70,122,10,21,481,1262,0,0,113,2,290,6,88,0,100,2581
HARYANA,MAHENDERGARH,2014,38,9,6,48,144,18,26,375,890,0,186,44,9,156,15,84,0,78,2262
HARYANA,MEWAT,2014,33,68,2,170,150,28,27,158,904,0,448,36,5,106,5,137,0,106,2414
HARYANA,PALWAL,2014,52,64,3,98,194,19,53,297,1688,0,486,55,6,164,16,122,0,193,3247
HARYANA,PANCHKULA,2014,14,10,2,72,292,20,73,466,714,0,0,70,6,16,5,40,0,73,1594
HARYANA,PANIPAT,2014,53,33,1,128,200,39,49,797,2414,0,220,73,11,65,18,122,0,227,4654
HARYANA,REWARI,2014,27,28,5,82,228,22,53,448,1340,0,128,89,10,242,11,75,0,105,2781
HARYANA,ROHTAK,2014,76,60,8,136,170,21,43,635,1968,0,221,29,9,145,16,125,0,168,3820
HARYANA,SIRSA,2014,36,28,3,98,154,18,25,660,1086,0,39,57,10,48,5,94,0,174,3482
HARYANA,SONIPAT,2014,110,66,9,120,166,21,54,680,1880,0,20,120,16,97,28,151,0,162,4311
HARYANA,YAMUNANAGAR,2014,45,18,2,100,772,14,31,694,1494,0,8,90,6,119,7,109,0,170,3347
HARYANA,IRRIGATION & POWER,2014,0,0,0,0,0,0,0,0,0,0,0,0,0,0,0,0,0,0,192
HARYANA,TOTAL,2014,1106,783,74,2348,6164,425,874,12481,40628,0,3922,1945,203,3327,293,2238,0,3478,79947
HIMACHAL PRADESH,BADDI,2014,13,3,0,18,28,0,3,57,82,0,84,21,2,34,0,25,0,19,651
HIMACHAL PRADESH,BILASPUR,2014,4,9,0,30,92,0,0,80,78,0,72,20,10,108,0,126,0,25,1185
HIMACHAL PRADESH,CHAMBA,2014,8,5,1,46,40,0,1,125,62,0,76,14,10,118,0,38,0,9,761
HIMACHAL PRADESH,C. I. D.,2014,0,0,0,2,0,0,0,0,0,0,0,2,0,0,0,0,0,0,4
HIMACHAL PRADESH,G. R. P.,2014,1,0,0,0,0,0,0,0,2,0,0,0,0,0,0,0,0,0,9
HIMACHAL PRADESH,HAMIRPUR,2014,12,4,0,26,36,0,0,88,64,0,28,30,9,92,0,64,0,27,845
HIMACHAL PRADESH,KANGRA,2014,26,11,2,86,64,2,2,252,214,0,156,53,10,234,0,128,0,46,2698
HIMACHAL PRADESH,KINNAUR,2014,2,0,0,20,10,0,1,64,22,0,12,2,0,24,0,10,0,3,211
HIMACHAL PRADESH,KULLU,2014,9,4,0,32,48,0,0,110,98,0,52,26,5,132,0,63,0,21,914
HIMACHAL PRADESH,LAHAUL & SPITI,2014,2,0,0,0,2,0,0,2,2,0,0,0,0,2,0,0,0,0,84
HIMACHAL PRADESH,MANDI,2014,15,6,0,94,92,2,0,130,114,0,102,59,24,130,0,163,0,50,1939
HIMACHAL PRADESH,SHIMLA,2014,18,15,3,78,78,0,6,149,232,0,156,45,10,69,0,84,0,27,1957
HIMACHAL PRADESH,SIRMAUR,2014,6,3,1,56,38,0,2,50,96,0,82,27,4,66,0,46,0,24,872
HIMACHAL PRADESH,SOLAN,2014,5,1,0,32,48,2,0,104,146,0,60,26,7,42,0,48,0,12,947
HIMACHAL PRADESH,UNA,2014,9,2,2,46,32,2,1,98,92,0,76,64,6,134,1,39,0,62,1083
HIMACHAL PRADESH,TOTAL,2014,130,63,9,566,608,8,16,1309,1304,0,956,389,97,1185,1,834,0,325,14160
JAMMU & KASHMIR,ANANTNAG,2014,9,16,0,38,128,0,0,92,180,0,360,20,14,4,0,123,0,9,1307
JAMMU & KASHMIR,AWANTIPORA,2014,9,6,0,12,38,0,3,30,62,0,30,6,0,0,0,19,0,1,389
JAMMU & KASHMIR,BANDIPORA,2014,2,5,0,8,80,0,1,72,68,0,130,9,5,2,0,106,0,4,618
JAMMU & KASHMIR,BARAMULLA,2014,2,16,4,20,122,0,11,106,162,0,302,13,9,10,0,166,0,11,1110
JAMMU & KASHMIR,BUDGAM,2014,11,25,3,18,96,0,2,88,156,0,290,7,4,4,0,60,0,3,1026
JAMMU & KASHMIR,CRIME JAMMU,2014,0,0,0,0,0,0,0,0,0,0,0,14,0,0,0,0,0,0,14
JAMMU & KASHMIR,CRIME SRINAGAR,2014,1,0,0,2,0,0,0,0,0,0,0,41,0,0,0,0,0,0,43
JAMMU & KASHMIR,DODA,2014,3,24,0,46,32,0,0,80,88,0,6,13,5,12,0,120,0,14,667
JAMMU & KASHMIR,GANDERBAL,2014,2,11,2,0,40,2,0,88,52,0,100,3,9,4,0,54,0,3,473
JAMMU & KASHMIR,HANDWARA,2014,3,14,0,6,52,0,2,44,88,0,106,1,4,6,0,160,0,2,562
JAMMU & KASHMIR,JAMMU,2014,21,86,0,136,146,2,6,290,798,0,142,159,14,34,4,162,0,159,4238
JAMMU & KASHMIR,KARGIL,2014,1,0,0,4,4,0,0,3,6,0,22,0,0,4,0,0,0,0,105
JAMMU & KASHMIR,KATHUA,2014,13,22,1,36,72,0,0,116,138,0,78,18,11,24,1,86,0,21,1289
JAMMU & KASHMIR,KISHTWAR,2014,0,7,0,12,36,0,0,58,42,0,4,6,4,0,0,46,0,9,388
JAMMU & KASHMIR,KULGAM,2014,4,9,0,14,88,0,12,78,96,0,156,12,7,220,0,342,0,0,856
JAMMU & KASHMIR,KUPWARA,2014,7,25,0,16,84,0,0,68,68,0,318,7,4,14,0,61,0,8,710
JAMMU & KASHMIR,LEH,2014,1,0,0,12,2,0,0,14,16,0,8,10,0,4,0,6,0,0,166
JAMMU & KASHMIR,POONCH,2014,8,15,1,26,72,0,0,71,60,0,170,10,12,152,0,42,0,25,842
JAMMU & KASHMIR,PULWAMA,2014,5,13,0,14,42,0,5,32,40,0,126,6,2,74,0,40,0,1,354
JAMMU & KASHMIR,RAILWAYS JAMMU,2014,1,0,0,0,0,0,0,0,14,0,0,0,0,0,0,2,0,0,16
JAMMU & KASHMIR,RAILWAYS KASHMIR,2014,0,0,0,0,0,0,0,4,2,0,6,0,0,0,0,4,0,0,13
JAMMU & KASHMIR,RAILWAYS KATRA,2014,0,0,0,0,0,0,0,0,2,0,0,0,0,0,0,0,0,0,6
JAMMU & KASHMIR,RAJOURI,2014,18,29,3,78,124,6,1,88,112,0,68,28,6,36,0,65,0,71,1751
JAMMU & KASHMIR,RAMBAN,2014,3,7,0,16,46,0,0,33,82,0,4,7,2,10,0,50,0,12,674
JAMMU & KASHMIR,REASI,2014,1,10,0,32,58,0,0,35,68,0,56,9,2,24,0,35,0,16,753
JAMMU & KASHMIR,SAMBA,2014,4,20,0,14,24,0,1,58,66,0,68,10,4,16,0,20,0,8,653
JAMMU & KASHMIR,SHOPIAN,2014,5,39,0,2,74,0,6,34,98,0,148,2,3,0,0,60,0,2,501
JAMMU & KASHMIR,SOPORE,2014,9,34,1,16,80,0,3,150,124,0,90,2,6,0,0,166,0,7,634
JAMMU & KASHMIR,SRINAGAR,2014,5,34,4,24,142,2,36,238,750,0,260,77,27,14,0,435,0,63,2533
JAMMU & KASHMIR,UDHAMPUR,2014,8,17,1,60,38,0,0,92,108,0,6,7,5,12,0,46,0,18,1157
JAMMU & KASHMIR,TOTAL,2014,156,484,20,662,1720,12,89,2062,3546,0,3054,497,159,680,5,2476,0,467,23848
JHARKHAND,BOKARO,2014,43,13,0,126,194,12,41,114,1504,0,272,147,0,0,18,0,0,187,3145
JHARKHAND,CHAIBASA,2014,120,45,2,108,92,22,16,56,326,0,0,43,4,46,2,32,0,19,954
JHARKHAND,CHATRA,2014,59,3,1,36,74,12,8,40,282,0,172,35,5,28,62,38,0,24,1284
JHARKHAND,DEOGHAR,2014,43,67,6,50,126,22,17,84,686,0,182,98,4,1128,28,21,0,138,2300
JHARKHAND,DHANBAD,2014,79,8,9,108,310,69,48,219,2104,0,450,26,4,54,28,108,0,99,4929
JHARKHAND,DHANBAD RAILWAY,2014,13,0,0,0,10,26,7,1,442,0,0,6,0,1,2,12,0,0,365
JHARKHAND,DUMKA,2014,59,32,1,78,62,20,5,73,478,0,124,33,3,292,11,13,0,55,1592
JHARKHAND,GARHWA,2014,67,248,4,100,180,6,30,120,308,0,286,93,6,170,25,19,0,45,2582
JHARKHAND,GIRIDIH,2014,72,71,2,116,182,40,35,124,568,0,398,145,1,68,40,39,0,176,3491
JHARKHAND,GODDA,2014,50,0,0,68,122,6,6,18,294,0,148,56,0,0,3,0,0,57,1710
JHARKHAND,GUMLA,2014,187,21,3,134,90,12,34,42,280,0,26,38,7,0,1,24,0,24,1200
JHARKHAND,HAZARIBAGH,2014,60,4,1,104,220,53,25,236,918,0,194,135,12,14,23,100,0,37,3039
JHARKHAND,JAMSHEDPUR,2014,100,52,3,110,164,24,43,335,1818,0,198,427,5,121,13,74,0,110,3985
JHARKHAND,JAMSHEDPUR RAILWAY,2014,11,0,0,0,10,0,4,1,236,0,0,5,1,2,0,4,0,0,188
JHARKHAND,JAMTARA,2014,18,49,1,54,56,4,6,48,246,0,283,71,6,3,10,35,0,70,1032
JHARKHAND,KHUNTI,2014,84,12,1,14,32,2,19,3,76,0,72,5,4,6,2,6,0,11,419
JHARKHAND,KODERMA,2014,25,6,0,30,82,22,11,66,250,0,156,60,0,0,16,0,0,39,1344
JHARKHAND,LATEHAR,2014,41,11,0,50,74,12,9,21,214,0,100,18,0,0,8,0,0,17,859
JHARKHAND,LOHARDAGGA,2014,40,14,0,86,64,6,13,50,150,0,10,25,4,0,2,10,0,24,536
JHARKHAND,PAKUR,2014,30,16,1,110,36,2,5,70,148,0,117,47,2,58,1,15,0,91,839
JHARKHAND,PALAMU,2014,77,90,24,88,136,44,43,167,406,0,244,51,9,32,19,15,0,42,2556
JHARKHAND,RAMGARH,2014,40,40,3,96,120,44,10,102,596,0,206,53,7,20,11,25,0,34,1488
JHARKHAND,RANCHI,2014,133,45,1,150,162,32,50,168,1036,0,180,112,3,610,13,2,0,48,2447
JHARKHAND,SAHEBGANJ,2014,72,29,0,174,136,6,9,12,232,0,138,89,2,0,4,40,0,75,1522
JHARKHAND,SARAIKELA,2014,58,19,0,62,82,6,11,94,414,0,36,21,4,20,7,54,0,27,1108
JHARKHAND,SIMDEGA,2014,77,12,1,48,30,4,16,20,80,0,28,16,1,10,1,10,0,13,421
JHARKHAND,TOTAL,2014,1658,907,64,2100,2846,508,521,2284,14092,0,4020,1855,94,2683,350,696,0,1462,45335
KARNATAKA,BAGALKOT,2014,39,50,2,44,50,2,17,250,322,0,416,91,12,58,4,192,0,53,2131
KARNATAKA,BENGALURU CITY,2014,241,489,21,208,1416,449,1067,2657,22910,0,785,3045,100,433,57,1276,0,490,31892
KARNATAKA,BENGALURU DISTRICT,2014,78,82,2,120,166,65,145,524,1334,0,496,318,13,64,22,270,0,97,5567
KARNATAKA,BELAGAVI DISTRICT,2014,75,99,2,118,94,39,40,359,652,0,937,115,21,188,4,441,0,162,4851
KARNATAKA,BALLARI,2014,58,65,3,96,40,12,49,397,760,0,466,228,5,676,12,242,0,72,3304
KARNATAKA,BIDAR,2014,44,44,60,66,104,10,38,127,500,0,454,75,14,68,10,164,0,106,4333
KARNATAKA,VIJAYAPURA,2014,64,94,1,90,86,8,48,239,302,0,552,68,37,80,7,207,0,122,2931
KARNATAKA,CHIKKABALLAPURA,2014,32,45,6,72,54,12,21,103,462,0,362,89,9,51,10,212,0,26,2405
KARNATAKA,CHAMARAJNAGAR,2014,28,36,4,22,38,3,7,77,276,0,174,31,6,26,5,160,0,15,1607
KARNATAKA,CHIKKAMAGALURU,2014,39,53,2,60,76,20,34,208,430,0,197,86,9,44,5,344,0,110,2878
KARNATAKA,CHITRADURGA,2014,47,31,7,48,62,8,24,184,532,0,488,77,12,28,17,482,0,77,3981
KARNATAKA,DAKSHINA KANNADA,2014,26,33,1,80,20,12,19,184,182,0,296,88,12,32,1,128,0,32,2087
KARNATAKA,DAVANAGERE,2014,45,62,3,80,120,14,45,321,878,0,580,111,8,70,9,336,0,87,3635
KARNATAKA,DHARWAD,2014,24,23,2,46,16,8,9,65,138,0,254,29,5,48,3,58,0,15,1219
KARNATAKA,GADAG,2014,12,18,1,30,22,5,14,100,164,0,184,48,3,36,2,62,0,22,1109
KARNATAKA,KALABURGI,2014,75,97,8,106,132,25,67,362,614,0,3,110,5,138,14,290,0,127,4448
KARNATAKA,HASSAN,2014,64,96,1,126,114,22,33,311,688,0,314,110,27,8,11,502,0,103,5182
KARNATAKA,HAVERI,2014,28,44,6,80,34,20,12,158,506,0,500,37,0,46,10,188,0,44,2201
KARNATAKA,HUBBALLI DHARWAD CITY,2014,20,35,0,42,74,9,72,260,642,0,218,130,4,68,7,59,0,39,1936
KARNATAKA,K.G.F.,2014,13,37,0,40,24,4,19,78,140,0,80,64,5,14,1,35,0,14,777
KARNATAKA,KODAGU,2014,33,33,1,50,72,2,9,162,256,0,93,80,8,26,1,120,0,40,1824
KARNATAKA,KOLAR,2014,35,67,3,64,36,5,42,107,368,0,440,80,9,20,8,111,0,21,2188
KARNATAKA,KOPPAL,2014,26,12,0,56,62,10,12,116,376,0,350,111,4,366,4,68,0,50,1883
KARNATAKA,MANDYA,2014,41,65,5,72,138,35,61,366,842,0,460,88,20,74,11,556,0,143,4984
KARNATAKA,MANGALURU CITY,2014,30,79,0,50,44,40,57,228,460,0,256,282,12,22,1,144,0,56,3039
KARNATAKA,MYSURU CITY,2014,24,35,3,82,104,16,73,136,1084,0,144,227,0,40,3,137,0,51,2766
KARNATAKA,MYSURU DISTRICT,2014,52,51,4,82,100,10,28,284,992,0,534,87,18,68,20,402,0,107,4118
KARNATAKA,RAICHUR,2014,53,64,15,110,74,7,10,125,418,0,612,132,9,78,5,396,0,134,3128
KARNATAKA,K.RAILWAYS,2014,13,1,0,2,8,16,96,0,1424,0,0,6,0,46,1,9,0,2,948
KARNATAKA,RAMANAGAR,2014,73,59,3,86,110,40,81,254,908,0,442,102,12,100,12,284,0,60,4249
KARNATAKA,SHIMOGA,2014,50,50,2,116,108,25,60,568,652,0,700,236,26,75,8,797,0,228,6043
KARNATAKA,TUMAKURU,2014,55,50,3,72,68,15,50,203,586,0,394,176,13,88,15,472,0,87,4523
KARNATAKA,UDUPI,2014,22,23,2,56,38,13,38,178,252,0,158,129,11,34,3,146,0,57,2496
KARNATAKA,UTTARA KANNADA,2014,21,26,0,50,64,8,29,188,222,0,206,108,13,75,0,291,0,56,2783
KARNATAKA,YADGIRI,2014,31,40,11,82,44,4,13,75,136,0,244,26,4,72,2,292,0,48,1496
KARNATAKA,BELAGAVI CITY,2014,25,37,0,44,54,10,77,320,630,0,338,115,18,69,8,165,0,72,2396
KARNATAKA,TOTAL,2014,1636,2225,184,2648,3866,1003,2516,10274,42038,0,13127,6935,484,3429,313,10038,0,3025,137338
KERALA,ALAPUZHA,2014,19,33,92,122,16,26,54,355,452,0,476,429,14,234,0,444,0,261,11033
KERALA,ERNAKULAM COMMR.,2014,13,29,4,128,8,13,17,281,662,0,114,749,3,98,0,158,0,166,17088
KERALA,ERNAKULAM RURAL,2014,19,27,43,142,16,16,32,351,726,0,642,320,12,333,0,419,0,169,20185
KERALA,IDUKKI,2014,20,25,37,142,20,0,26,281,288,0,432,206,9,180,2,186,0,160,5264
KERALA,KANNUR,2014,22,35,123,118,30,2,83,315,298,0,1490,190,86,130,1,404,0,330,6716
KERALA,KASARGOD,2014,16,27,61,118,16,13,32,254,322,0,844,223,44,110,0,227,0,210,5016
KERALA,KOLLAM COMMR.,2014,10,34,58,156,26,4,63,104,286,0,602,187,13,264,1,287,0,296,9314
KERALA,KOLLAM RURAL,2014,28,35,90,162,38,4,32,357,322,0,586,192,16,214,2,480,0,276,7910
KERALA,KOTTAYAM,2014,17,32,67,150,28,22,38,260,470,0,372,240,17,215,0,209,0,182,17769
KERALA,KOZHIKODE COMMR.,2014,8,13,36,70,4,1,52,319,564,0,440,259,9,62,1,207,0,184,4665
KERALA,KOZHIKODE RURAL,2014,9,54,374,104,20,6,36,345,406,0,816,347,63,84,0,348,0,307,5391
KERALA,MALAPPURAM,2014,19,50,19,206,16,2,34,510,620,0,1364,374,9,206,1,677,0,590,18057
KERALA,PALAKKAD,2014,23,53,56,176,42,11,52,308,616,0,946,410,31,194,7,297,0,450,14780
KERALA,PATHANAMTHITTA,2014,11,37,65,126,26,25,41,329,456,0,178,274,19,272,0,298,0,118,8533
KERALA,RAILWAYS,2014,3,0,4,0,4,0,12,4,598,0,14,2,0,0,0,130,0,0,508
KERALA,THRISSUR COMMR.,2014,17,17,33,76,16,10,34,145,330,0,196,362,12,134,0,181,0,130,6548
KERALA,THRISSUR RURAL,2014,24,57,25,188,20,6,68,244,526,0,556,467,47,329,2,541,0,468,20117
KERALA,TRIVANDRUM COMMR.,2014,13,23,133,112,28,29,59,262,650,0,452,294,10,96,2,433,0,134,12504
KERALA,TRIVANDRUM RURAL,2014,45,78,176,244,38,28,83,859,676,0,832,361,29,418,6,1147,0,387,12024
KERALA,WAYANADU,2014,9,15,13,150,32,4,21,136,128,0,286,169,8,73,0,220,0,99,3182
KERALA,CRIME BRANCH,2014,22,2,8,4,0,4,0,9,4,0,2,36,2,4,3,8,0,2,185
KERALA,TOTAL,2014,367,676,1517,2694,444,226,869,6028,9400,0,11640,6091,453,3650,28,7301,0,4919,206789
MADHYA PRADESH,AGAR,2014,5,31,1,56,36,0,5,104,284,0,40,7,12,76,2,63,0,44,1652
MADHYA PRADESH,ALIRAJPUR,2014,46,20,3,34,34,8,10,70,188,0,18,5,10,126,0,30,0,10,1161
MADHYA PRADESH,ANUPPUR,2014,35,16,0,140,214,4,23,336,374,0,48,22,7,58,7,187,0,114,2666
MADHYA PRADESH,ASHOK NAGAR,2014,29,30,1,152,134,5,15,246,250,0,52,11,13,526,12,303,0,82,3366
MADHYA PRADESH,BALAGHAT,2014,60,23,3,262,374,3,16,277,272,0,82,40,18,46,12,235,0,107,3507
MADHYA PRADESH,BARWANI,2014,44,19,0,136,54,3,7,223,444,0,45,7,13,68,4,155,0,16,2857
MADHYA PRADESH,BETUL,2014,63,53,5,328,382,0,19,462,678,0,4,40,16,80,9,664,0,379,6822
MADHYA PRADESH,BHIND,2014,62,126,3,156,212,18,92,408,836,0,213,51,13,2494,30,284,0,86,4870
MADHYA PRADESH,BHOPAL,2014,83,117,5,446,732,18,113,1041,6020,0,124,190,22,654,20,343,0,348,16094
MADHYA PRADESH,BHOPAL RAILWAY,2014,4,4,0,6,50,2,20,6,3340,0,8,5,0,2,0,19,0,4,2067
MADHYA PRADESH,BURHANPUR,2014,20,20,1,92,48,8,5,116,242,0,16,21,2,94,5,133,0,48,1958
MADHYA PRADESH,CHHATARPUR,2014,44,48,7,156,362,3,35,394,434,0,56,35,16,616,22,232,0,74,4463
MADHYA PRADESH,CHHINDWARA,2014,73,43,0,410,462,4,13,490,578,0,84,48,22,4048,9,241,0,185,6149
MADHYA PRADESH,DAMOH,2014,33,48,0,92,218,1,11,178,224,0,20,16,7,214,31,274,0,68,2702
MADHYA PRADESH,DATIA,2014,42,47,0,68,142,10,48,152,290,0,34,23,13,148,14,176,0,57,2783
MADHYA PRADESH,DEWAS,2014,64,55,3,242,176,0,14,370,1022,0,96,43,13,188,10,334,0,145,7426
MADHYA PRADESH,DHAR,2014,51,43,1,276,682,17,76,522,1714,0,130,38,34,985,15,244,0,85,7479
MADHYA PRADESH,DINDORI,2014,24,12,11,182,150,0,5,130,166,0,22,14,11,14,4,324,0,119,3851
MADHYA PRADESH,GUNA,2014,46,51,0,246,346,11,34,310,818,0,104,31,23,999,12,334,0,92,4539
MADHYA PRADESH,GWALIOR,2014,78,137,25,316,466,54,99,1224,3642,0,216,143,18,132,36,631,0,441,12958
MADHYA PRADESH,HARDA,2014,12,14,1,94,158,2,8,104,160,0,20,6,3,87,5,114,0,28,2016
MADHYA PRADESH,HOSHANGABAD,2014,59,65,2,204,220,6,42,454,832,0,76,26,19,219,6,330,0,121,4870
MADHYA PRADESH,INDORE,2014,115,220,7,522,1014,9,317,3176,13060,0,164,177,49,274,37,649,0,254,23992
MADHYA PRADESH,INDORE RAILWAY,2014,1,0,0,8,10,4,4,5,868,0,0,0,0,0,0,18,0,0,552
MADHYA PRADESH,JABALPUR,2014,92,151,3,388,1034,10,137,1077,2050,0,138,115,7,274,34,748,0,315,12918
MADHYA PRADESH,JABALPUR RAILWAY,2014,3,2,0,8,30,3,37,8,1818,0,2,1,0,6,0,35,0,0,1159
MADHYA PRADESH,JHABUA,2014,33,13,0,104,204,6,45,232,392,0,58,29,19,244,0,196,0,22,2990
MADHYA PRADESH,KATNI,2014,35,24,6,186,384,7,15,344,322,0,16,35,12,306,18,299,0,65,3670
MADHYA PRADESH,KHANDWA,2014,31,33,0,168,254,10,17,498,714,0,78,53,26,98,6,270,0,103,4011
MADHYA PRADESH,KHARGONE,2014,42,29,4,236,252,0,18,390,850,0,46,27,12,250,43,494,0,74,4533
MADHYA PRADESH,MANDLA,2014,36,15,3,128,282,0,5,144,114,0,12,22,4,496,6,198,0,76,2220
MADHYA PRADESH,MANDSAUR,2014,30,65,0,180,280,8,9,398,736,0,50,39,25,206,5,366,0,180,5565
MADHYA PRADESH,MORENA,2014,43,47,5,86,240,38,69,316,1006,0,202,14,7,616,30,259,0,192,5944
MADHYA PRADESH,NARSINGHPUR,2014,40,30,4,226,174,1,7,244,290,0,42,25,20,3350,20,330,0,145,3777
MADHYA PRADESH,NEEMUCH,2014,8,18,0,94,82,1,9,158,500,0,34,17,5,112,3,134,0,43,2986
MADHYA PRADESH,PANNA,2014,29,12,4,82,290,1,14,190,146,0,2,11,11,410,10,168,0,38,2063
MADHYA PRADESH,RAISEN,2014,46,52,7,322,180,7,21,211,680,0,97,20,19,238,5,361,0,76,5204
MADHYA PRADESH,RAJGARH,2014,28,32,2,188,224,7,24,320,726,0,82,24,72,192,5,470,0,134,5529
MADHYA PRADESH,RATLAM,2014,36,53,2,138,344,17,31,296,678,0,76,35,14,460,5,302,0,129,4560
MADHYA PRADESH,REWA,2014,73,35,4,220,544,11,97,1146,1124,0,88,19,29,276,36,319,0,90,6678
MADHYA PRADESH,SAGAR,2014,75,61,2,252,428,2,23,505,878,0,170,28,26,614,35,661,0,175,7674
MADHYA PRADESH,SATNA,2014,69,63,0,374,902,10,67,379,990,0,136,37,25,1298,30,254,0,116,7539
MADHYA PRADESH,SEONI,2014,29,11,4,166,310,0,5,228,362,0,38,41,11,153,9,192,0,47,3484
MADHYA PRADESH,SHAHDOL,2014,36,24,2,244,400,2,32,554,668,0,52,39,16,184,16,332,0,336,5240
MADHYA PRADESH,SHAJAPUR,2014,20,25,7,136,94,2,15,265,628,0,61,13,17,198,7,155,0,130,3754
MADHYA PRADESH,SHEOPUR,2014,18,15,1,46,72,7,6,47,184,0,57,11,5,144,5,96,0,37,1578
MADHYA PRADESH,SHIVPURI,2014,55,55,9,202,344,26,52,207,778,0,189,54,43,458,11,457,0,111,5836
MADHYA PRADESH,SIDHI,2014,31,10,4,80,200,0,21,224,214,0,26,21,7,107,14,168,0,68,3576
MADHYA PRADESH,SEHORE,2014,33,46,17,248,298,0,21,513,944,0,78,25,17,122,12,303,0,158,5006
MADHYA PRADESH,SINGRAULI,2014,42,29,6,176,228,7,15,294,462,0,74,10,22,175,17,140,0,105,3349
MADHYA PRADESH,TIKAMGARH,2014,36,25,3,184,158,3,25,330,256,0,70,17,12,391,15,241,0,42,3458
MADHYA PRADESH,UJJAIN,2014,67,134,6,252,296,8,54,844,2206,0,132,45,7,228,11,564,0,285,9141
MADHYA PRADESH,UMARIA,2014,17,6,0,102,182,4,12,204,156,0,22,16,5,62,2,104,0,90,2172
MADHYA PRADESH,VIDISHA,2014,48,82,29,312,280,2,35,604,880,0,68,46,16,394,21,503,0,162,6009
MADHYA PRADESH,CYBER CELL,2014,0,0,0,0,0,0,0,0,0,0,0,0,0,0,0,0,0,0,0
MADHYA PRADESH,TOTAL,2014,2274,2439,213,10152,15666,390,1969,21968,58488,0,3868,1888,865,24210,733,15436,0,6451,272423
MAHARASHTRA,AHMEDNAGAR,2014,109,74,6,206,242,109,274,616,3038,0,914,165,46,398,13,466,0,264,6957
MAHARASHTRA,AKOLA,2014,52,50,3,104,84,31,108,299,1472,0,201,108,34,242,5,301,0,136,4433
MAHARASHTRA,AMRAVATI COMMR.,2014,27,49,2,54,72,4,56,302,1630,0,26,90,16,138,1,224,0,108,3338
MAHARASHTRA,AMRAVATI RURAL,2014,51,63,5,206,152,13,42,416,2442,0,86,93,70,538,8,515,0,213,6948
MAHARASHTRA,AURANGABAD COMMR.,2014,35,54,0,54,126,65,204,477,2838,0,268,197,35,142,2,260,0,164,4821
MAHARASHTRA,AURANGABAD RURAL,2014,49,63,1,62,74,46,41,218,1834,0,538,87,30,154,7,251,0,218,4237
MAHARASHTRA,BEED,2014,75,93,2,140,144,44,94,427,1356,0,553,120,33,242,3,346,0,316,4864
MAHARASHTRA,BHANDARA,2014,20,17,3,56,46,2,25,267,952,0,38,55,20,84,3,87,0,40,2003
MAHARASHTRA,BULDHANA,2014,59,55,5,114,88,27,44,284,1338,0,379,94,45,256,22,388,0,152,4453
MAHARASHTRA,CHANDRAPUR,2014,51,50,3,198,98,20,41,428,1502,0,106,120,28,254,2,448,0,203,4441
MAHARASHTRA,DHULE,2014,38,46,1,70,86,67,56,276,732,0,339,86,3,100,11,193,0,207,2818
MAHARASHTRA,GADCHIROLI,2014,54,55,2,44,16,8,8,162,204,0,18,36,17,48,0,53,0,16,875
MAHARASHTRA,GONDIA,2014,33,21,3,116,52,2,20,250,626,0,26,41,10,118,6,113,0,46,1836
MAHARASHTRA,HINGOLI,2014,27,28,1,48,58,6,19,101,256,0,132,44,12,108,4,98,0,83,1761
MAHARASHTRA,JALGAON,2014,80,77,2,132,168,88,129,472,1998,0,654,191,23,344,1,464,0,374,6531
MAHARASHTRA,JALNA,2014,64,76,4,66,78,28,75,371,1164,0,240,116,23,382,13,215,0,289,3372
MAHARASHTRA,KOLHAPUR,2014,64,68,3,168,140,39,236,659,1766,0,559,317,22,220,8,264,0,150,4942
MAHARASHTRA,LATUR,2014,74,61,1,114,168,65,79,415,1098,0,738,125,54,84,4,348,0,323,4070
MAHARASHTRA,MUMBAI COMMR.,2014,183,181,5,1214,1082,82,2094,5586,20202,0,820,2594,54,4010,22,2410,0,563,40361
MAHARASHTRA,MUMBAI RAILWAY,2014,17,2,0,2,34,0,573,8,4494,0,12,46,0,28,0,83,0,0,3141
MAHARASHTRA,NAGPUR COMMR.,2014,103,92,5,226,290,48,505,1902,5924,0,294,394,33,625,10,293,0,234,10359
MAHARASHTRA,NAGPUR RAILWAY,2014,2,1,0,6,4,13,80,0,3062,0,14,8,0,24,0,40,0,0,1768
MAHARASHTRA,NAGPUR RURAL,2014,69,46,11,130,70,21,65,458,2048,0,120,60,41,292,4,306,0,85,4564
MAHARASHTRA,NANDED,2014,73,73,4,86,190,18,62,454,1022,0,392,11,41,342,6,147,0,180,4600
MAHARASHTRA,NANDURBAR,2014,36,19,5,50,42,13,13,164,314,0,182,34,6,68,2,52,0,47,1425
MAHARASHTRA,NASIK COMMR.,2014,26,30,0,56,118,55,124,553,2106,0,128,130,6,130,3,133,0,200,3883
MAHARASHTRA,NASIK RURAL,2014,98,65,6,174,216,60,103,611,1776,0,750,186,25,812,17,263,0,383,6832
MAHARASHTRA,NAVI MUMBAI,2014,51,23,2,176,280,47,411,912,2894,0,178,576,10,218,6,250,0,131,5903
MAHARASHTRA,OSMANABAD,2014,39,58,2,86,56,49,40,388,854,0,296,75,19,130,5,189,0,117,2825
MAHARASHTRA,PALGHAR,2014,85,36,8,196,228,49,211,1171,2142,0,441,259,12,425,1,320,0,73,4692
MAHARASHTRA,PARBHANI,2014,44,82,3,76,128,53,48,384,976,0,326,145,28,282,5,198,0,251,3606
MAHARASHTRA,PUNE COMMR.,2014,138,181,9,378,456,217,873,2315,9734,0,518,770,38,939,20,752,0,391,14468
MAHARASHTRA,PUNE RAILWAY,2014,8,1,0,4,6,17,56,1,1086,0,6,2,0,10,1,9,0,0,676
MAHARASHTRA,PUNE RURAL,2014,153,125,11,294,314,203,251,1450,5184,0,1239,282,37,540,13,601,0,219,10334
MAHARASHTRA,RAIGAD,2014,31,17,0,94,82,12,72,423,858,0,294,142,22,148,2,144,0,54,2601
MAHARASHTRA,RATNAGIRI,2014,11,15,3,68,38,4,38,269,512,0,132,71,13,48,0,83,0,26,1568
MAHARASHTRA,SANGLI,2014,50,47,1,132,136,28,63,418,1216,0,438,197,22,272,6,263,0,108,5171
MAHARASHTRA,SATARA,2014,67,39,9,194,176,97,234,755,2508,0,680,155,26,284,4,350,0,188,6062
MAHARASHTRA,SINDHUDURG,2014,7,10,9,24,20,10,16,163,264,0,48,10,15,40,0,42,0,4,789
MAHARASHTRA,SOLAPUR COMMR.,2014,21,26,0,78,78,21,123,433,1172,0,223,99,6,64,3,77,0,52,2186
MAHARASHTRA,SOLAPUR RURAL,2014,87,75,9,194,186,53,68,483,2124,0,874,73,31,474,2,335,0,122,6235
MAHARASHTRA,THANE COMMR.,2014,117,122,4,430,870,83,1315,2942,6334,0,676,953,38,1142,13,736,0,351,13227
MAHARASHTRA,THANE RURAL,2014,51,23,11,150,142,60,230,613,1282,0,336,301,26,214,3,275,0,103,3641
MAHARASHTRA,WARDHA,2014,35,64,8,124,74,30,50,282,1600,0,82,95,19,218,1,344,0,98,3687
MAHARASHTRA,WASHIM,2014,31,62,5,66,64,13,51,213,932,0,188,55,26,142,5,178,0,113,2579
MAHARASHTRA,YAVATMAL,2014,75,98,5,216,314,43,146,826,3700,0,406,151,65,474,12,832,0,301,9951
MAHARASHTRA,TOTAL,2014,2670,2613,182,6876,7586,2063,9466,30617,112566,0,15908,9959,1180,16247,279,14739,0,7696,249834
MANIPUR,BISHNUPUR,2014,12,23,1,18,22,0,0,16,100,0,12,3,2,40,0,12,0,3,307
MANIPUR,CHANDEL,2014,4,7,0,0,4,0,0,0,24,0,6,0,3,6,0,2,0,0,70
MANIPUR,CHURACHANDPUR,2014,13,11,0,10,12,0,0,14,58,0,2,5,2,10,0,4,0,0,130
MANIPUR,C. I. D.,2014,0,0,0,0,0,0,0,0,0,0,0,0,0,0,0,0,0,0,0
MANIPUR,IMPHAL EAST,2014,13,42,0,40,54,0,0,29,502,0,30,18,6,88,1,14,0,8,645
MANIPUR,IMPHAL WEST,2014,20,61,1,40,104,0,4,28,950,0,84,39,8,206,0,83,0,14,1417
MANIPUR,SENAPATI,2014,5,6,2,2,22,0,3,4,22,0,6,2,2,4,0,4,0,0,121
MANIPUR,TAMENGLONG,2014,4,19,0,0,18,0,0,0,24,0,2,2,9,12,0,0,0,0,125
MANIPUR,THOUBAL,2014,15,47,1,38,122,0,0,26,314,0,58,29,6,176,0,66,0,16,768
MANIPUR,UKHRUL,2014,10,11,0,2,6,0,0,2,8,0,2,1,5,6,0,0,0,0,58
MANIPUR,TOTAL,2014,96,227,5,150,364,0,7,119,2002,0,202,99,43,548,1,185,0,41,3641
MEGHALAYA,GARO HILLS EAST,2014,7,1,1,6,14,6,6,1,114,0,0,5,0,10,0,6,0,0,159
MEGHALAYA,GARO HILLS NORTH,2014,14,8,2,6,52,10,2,8,48,0,0,0,0,24,0,15,0,1,165
MEGHALAYA,GARO HILLS SOUTH,2014,19,24,2,6,56,8,2,4,42,0,6,6,1,2,0,6,0,3,167
MEGHALAYA,GARO HILLS SOUTH WEST,2014,5,4,0,8,8,10,2,0,14,0,0,1,0,4,0,16,0,1,65
MEGHALAYA,GARO HILLS WEST,2014,28,26,1,22,118,18,13,92,144,0,4,9,4,24,0,22,0,10,532
MEGHALAYA,JAINTIA HILLS WEST,2014,18,11,2,20,18,0,3,23,110,0,0,11,4,30,0,5,0,1,292
MEGHALAYA,JAINTIA HILLS EAST,2014,19,11,0,22,14,6,4,4,136,0,0,8,9,24,0,14,0,0,281
MEGHALAYA,KHASI HILLS EAST,2014,24,20,3,28,46,14,53,60,798,0,0,111,12,120,0,81,0,26,1327
MEGHALAYA,KHASI HILLS SOUTH WEST,2014,4,1,0,24,0,6,1,0,30,0,0,1,0,6,1,0,0,0,60
MEGHALAYA,KHASI HILLS WEST,2014,11,7,0,38,18,8,3,36,100,0,0,8,0,24,0,8,0,0,271
MEGHALAYA,RI-BHOI,2014,10,2,1,56,14,26,8,28,178,0,6,12,8,38,0,22,0,0,360
MEGHALAYA,TOTAL,2014,159,115,12,236,358,112,97,256,1714,0,16,172,38,306,1,195,0,42,3679
MIZORAM,AIZAWL,2014,11,13,2,78,4,2,5,358,910,0,0,45,14,114,0,82,0,5,1059
MIZORAM,CHAMPHAI,2014,9,3,1,44,2,0,0,100,172,0,0,4,1,20,0,0,0,0,238
MIZORAM,KOLASIB,2014,1,1,0,20,4,10,0,48,272,0,0,2,1,12,0,10,0,1,263
MIZORAM,LAWNGTLAI,2014,6,1,0,18,0,0,0,25,52,0,0,1,0,20,0,5,0,0,98
MIZORAM,LUNGLEI,2014,8,4,2,28,0,2,0,75,104,0,0,3,0,14,0,13,0,0,175
MIZORAM,MAMIT,2014,1,0,0,20,4,2,0,80,66,0,0,2,2,6,0,6,0,2,116
MIZORAM,SAIHA,2014,4,0,0,8,0,0,0,16,54,0,0,2,1,6,0,2,0,0,73
MIZORAM,SERCHHIP,2014,2,0,2,24,0,0,1,34,74,0,0,2,3,8,0,3,0,0,98
MIZORAM,SPL TRAFFIC,2014,0,0,0,0,0,0,0,0,0,0,0,0,0,0,0,0,0,0,20
MIZORAM,TOTAL,2014,42,22,7,240,14,16,6,736,1704,0,0,61,22,200,0,121,0,8,2140
NAGALAND,DIMAPUR,2014,22,17,0,24,50,16,26,36,430,0,4,24,7,16,0,15,0,3,512
NAGALAND,KIPHIRE,2014,1,2,0,2,0,0,0,0,4,0,0,3,0,2,0,0,0,0,13
NAGALAND,KOHIMA,2014,3,6,0,18,10,0,6,24,150,0,0,11,0,0,0,0,0,0,199
NAGALAND,LONGLENG,2014,0,2,1,2,0,0,0,0,4,0,0,0,0,0,0,0,0,0,15
NAGALAND,MOKOKCHUNG,2014,5,3,0,2,4,0,2,4,20,0,0,8,0,8,0,2,0,0,67
NAGALAND,MON,2014,6,2,1,2,0,0,0,2,20,0,0,1,0,0,0,0,0,0,39
NAGALAND,PEREN,2014,1,0,0,0,0,0,0,0,14,0,0,0,0,0,0,1,0,0,19
NAGALAND,PHEK,2014,9,5,1,2,0,0,3,6,50,0,0,4,0,6,0,3,0,0,75
NAGALAND,TUENSANG,2014,0,0,0,2,4,0,0,0,40,0,4,1,0,0,0,0,0,0,48
NAGALAND,WOKHA,2014,10,9,0,0,4,0,0,0,58,0,18,0,0,0,0,0,0,0,90
NAGALAND,ZUNHEBOTO,2014,1,10,0,6,2,0,1,30,46,0,0,4,0,14,0,0,0,0,80
NAGALAND,TOTAL,2014,58,56,3,60,74,16,38,102,836,0,26,56,7,46,0,21,0,3,1157
ODISHA,ANGUL,2014,58,89,0,88,170,78,107,326,1096,0,146,67,16,28,4,238,0,30,2950
ODISHA,BALASORE,2014,65,126,6,220,462,50,90,471,714,0,120,140,27,302,2,960,0,380,4305
ODISHA,BARAGARH,2014,27,120,0,112,122,39,68,226,398,0,178,33,19,496,7,133,0,80,1817
ODISHA,BERHAMPUR,2014,31,76,0,60,118,50,76,114,474,0,58,78,11,84,0,302,0,118,1709
ODISHA,BHADRAK,2014,39,86,0,126,232,7,25,198,444,0,90,85,29,76,24,261,0,168,2807
ODISHA,BOLANGIR,2014,26,70,0,112,260,26,59,258,398,0,128,43,20,424,19,327,0,47,2379
ODISHA,BOUDH,2014,22,37,0,48,68,18,23,31,70,0,18,14,5,232,2,97,0,14,596
ODISHA,CUTTACK,2014,40,55,0,116,188,28,63,213,340,0,80,49,15,249,27,48,0,28,2594
ODISHA,DCP BBSR,2014,42,102,0,144,302,78,123,517,2864,0,180,394,17,1610,27,85,0,104,5478
ODISHA,DCP CTC,2014,36,18,21,132,288,43,38,326,1246,0,56,157,4,10,21,136,0,155,2920
ODISHA,DEOGARH,2014,12,36,0,64,36,12,17,72,144,0,26,10,5,104,1,50,0,23,901
ODISHA,DHENKANAL,2014,52,174,0,86,136,16,76,156,474,0,183,50,21,77,11,562,0,45,2000
ODISHA,GAJAPATI,2014,17,22,0,38,44,2,0,21,72,0,64,16,3,46,3,131,0,9,460
ODISHA,GANJAM,2014,75,263,0,170,258,68,64,137,306,0,132,51,29,486,13,698,0,79,2580
ODISHA,JAGATSINGHPUR,2014,43,62,0,74,166,36,60,231,658,0,140,76,18,417,26,313,0,119,2345
ODISHA,JAJPUR,2014,76,19,0,146,246,32,70,370,794,0,166,58,27,2095,49,450,0,52,3174
ODISHA,JHARSUGUDA,2014,33,20,0,84,96,16,64,264,434,0,60,26,7,68,9,205,0,51,1431
ODISHA,KALAHANDI,2014,38,55,0,202,380,14,41,170,206,0,218,63,8,698,12,376,0,125,2039
ODISHA,KANDHAMAL,2014,28,14,1,108,96,10,14,92,158,0,20,58,3,62,4,212,0,35,1089
ODISHA,KENDRAPARA,2014,34,40,0,96,176,18,36,193,214,0,99,56,24,312,32,206,0,217,2244
ODISHA,KEONJHAR,2014,75,103,0,206,214,38,46,119,436,0,102,60,18,512,11,508,0,65,2571
ODISHA,KHURDA,2014,40,45,0,78,206,34,63,154,394,0,96,65,17,30,22,130,0,37,2291
ODISHA,KORAPUT,2014,71,48,0,188,146,30,37,210,198,0,122,30,6,30,4,287,0,46,1357
ODISHA,MALKANGIRI,2014,33,30,0,38,42,42,9,30,66,0,34,37,8,31,4,47,0,16,420
ODISHA,MAYURBHANJ,2014,110,130,1,278,270,24,40,288,504,0,78,77,13,86,32,544,0,270,2793
ODISHA,NAYAGARH,2014,33,106,0,46,94,43,51,125,258,0,96,43,10,18,7,47,0,23,1487
ODISHA,NABARANGPUR,2014,23,35,0,146,200,6,12,94,112,0,188,33,7,10,1,303,0,93,1695
ODISHA,NUAPADA,2014,14,42,0,52,114,8,20,112,148,0,62,20,6,78,5,259,0,91,1175
ODISHA,PURI,2014,54,99,0,136,292,49,102,482,898,0,237,117,45,894,32,209,0,176,4317
ODISHA,RAYAGADA,2014,29,39,3,118,172,26,17,168,210,0,99,37,12,24,0,179,0,121,1199
ODISHA,ROURKELA,2014,55,50,0,146,196,57,106,452,976,0,74,84,3,34,4,294,0,139,2670
ODISHA,SAMBALPUR,2014,48,79,1,162,196,43,123,554,1134,0,148,48,16,1374,10,136,0,44,3391
ODISHA,SONEPUR,2014,16,15,0,36,54,16,15,31,150,0,44,19,2,6,4,69,0,29,724
ODISHA,SRP (CUTTACK),2014,0,2,0,0,4,4,19,4,876,0,6,3,0,1,0,14,0,1,546
ODISHA,SRP (ROURKELA),2014,4,2,0,2,10,2,21,30,640,0,0,3,0,0,0,18,0,0,460
ODISHA,SUNDARGARH,2014,51,36,0,98,92,21,33,170,316,0,50,46,6,46,12,146,0,84,1655
ODISHA,TOTAL,2014,1450,2345,33,3956,6146,1084,1828,7409,18820,0,3598,2246,477,11050,441,8980,0,3114,74569
PUNJAB,AMRITSAR RURAL,2014,47,60,3,62,196,4,12,238,248,0,0,88,5,382,6,140,0,53,1396
PUNJAB,BARNALA,2014,15,24,9,62,82,1,1,92,192,0,0,51,2,78,0,29,0,27,791
PUNJAB,BATALA,2014,22,30,3,60,92,5,3,110,172,0,0,104,0,322,3,36,0,37,865
PUNJAB,BATHINDA,2014,55,45,8,112,134,5,2,343,520,0,0,151,8,186,5,122,0,74,2117
PUNJAB,CP AMRITSAR,2014,29,75,5,68,156,14,13,249,648,0,0,307,2,285,3,45,0,150,1998
PUNJAB,CP JALANDHAR,2014,16,32,16,98,222,15,10,354,996,0,0,220,4,95,1,124,0,106,2020
PUNJAB,CP LUDHIANA,2014,73,68,8,222,492,28,23,266,1206,0,0,349,5,414,5,181,0,158,3546
PUNJAB,FARIDKOT,2014,23,34,0,48,46,5,10,122,140,0,0,42,3,156,1,24,0,16,673
PUNJAB,FATEHGARH SAHIB,2014,16,10,6,52,56,2,3,94,178,0,0,120,0,32,4,44,0,28,920
PUNJAB,FAZILKA,2014,24,14,6,104,64,2,0,122,160,0,0,88,1,280,4,36,0,59,877
PUNJAB,FEROZEPUR,2014,27,38,4,110,46,3,0,182,326,0,0,128,0,431,3,50,0,45,1300
PUNJAB,G. R. P.,2014,11,0,1,2,8,17,0,6,188,0,0,3,0,15,0,3,0,0,372
PUNJAB,GURDASPUR,2014,13,11,6,52,62,3,2,81,160,0,0,58,6,197,2,65,0,47,781
PUNJAB,HOSHIARPUR,2014,32,34,5,86,126,11,8,249,414,0,0,167,0,424,7,41,0,93,1637
PUNJAB,JALANDHAR RURAL,2014,27,27,9,62,84,14,17,244,294,0,0,78,2,88,2,62,0,32,1154
PUNJAB,KAPURTHALA,2014,21,29,6,58,80,7,10,175,264,0,0,103,2,379,3,59,0,58,1105
PUNJAB,KHANNA,2014,20,16,5,46,108,6,8,210,522,0,0,83,4,249,3,34,0,38,1132
PUNJAB,LUDHIANA RURAL,2014,16,20,8,28,112,3,4,102,324,0,0,107,1,89,3,44,0,30,1081
PUNJAB,MANSA,2014,32,17,7,44,30,4,0,100,104,0,0,109,1,122,5,33,0,39,793
PUNJAB,MOGA,2014,25,38,5,58,72,7,4,186,294,0,0,88,5,170,0,57,0,27,1172
PUNJAB,MUKTSAR,2014,29,20,2,58,60,1,0,142,186,0,0,56,2,84,1,37,0,26,781
PUNJAB,PATHANKOT,2014,9,6,1,22,22,0,1,86,150,0,0,107,1,37,4,15,0,80,582
PUNJAB,PATIALA,2014,45,59,7,76,182,12,4,298,588,0,0,346,2,111,4,104,0,175,2774
PUNJAB,ROPAR,2014,22,11,1,42,78,3,4,102,228,0,0,119,3,164,2,104,0,37,1122
PUNJAB,SANGRUR,2014,42,46,4,114,116,3,3,226,392,0,0,148,3,461,7,91,0,85,1935
PUNJAB,SAS NAGAR,2014,26,35,3,118,248,16,6,292,866,0,0,287,0,291,5,57,0,74,2408
PUNJAB,SBS NAGAR,2014,15,12,3,40,36,2,7,151,160,0,0,83,1,88,2,26,0,35,659
PUNJAB,TARN TARAN,2014,35,53,3,58,90,7,2,81,214,0,0,122,0,387,5,82,0,52,1171
PUNJAB,TOTAL,2014,767,864,144,1962,3100,200,157,4903,10134,0,0,3712,63,6017,90,1745,0,1681,37162
RAJASTHAN,AJMER,2014,45,59,18,259,452,10,46,420,2310,0,0,1484,23,33,10,289,0,844,9197
RAJASTHAN,ALWAR,2014,104,64,4,598,746,22,70,343,6378,0,10,1449,13,51,33,512,0,720,12742
RAJASTHAN,BANSWARA,2014,25,13,0,292,304,0,27,131,372,0,84,106,12,114,6,206,0,198,2789
RAJASTHAN,BARAN,2014,34,63,99,134,324,5,22,202,898,0,0,345,16,336,5,424,0,342,4515
RAJASTHAN,BARMER,2014,38,34,0,186,114,6,19,400,704,0,6,160,26,26,26,466,0,270,4388
RAJASTHAN,BHARATPUR,2014,99,66,3,438,580,19,29,79,3098,0,0,120,25,4,36,280,0,606,10231
RAJASTHAN,BHILWARA,2014,35,32,2,108,244,0,22,406,1598,0,14,751,14,132,8,346,0,965,7353
RAJASTHAN,BIKANER,2014,48,60,7,150,162,5,4,198,694,0,0,855,15,22,15,178,0,584,5441
RAJASTHAN,BUNDI,2014,24,45,6,160,290,2,15,172,520,0,10,362,4,350,4,358,0,325,3823
RAJASTHAN,CHITTORGARH,2014,33,31,22,208,424,10,41,211,1078,0,62,140,12,134,2,260,0,641,5435
RAJASTHAN,CHURU,2014,35,58,4,144,204,2,11,245,496,0,0,27,13,70,7,90,0,414,3847
RAJASTHAN,DAUSA,2014,40,21,2,74,246,6,10,146,2118,0,22,536,7,0,5,300,0,234,5584
RAJASTHAN,DHOLPUR,2014,44,78,2,156,180,9,11,59,960,0,0,202,9,64,21,63,0,249,4395
RAJASTHAN,DUNGARPUR,2014,31,17,0,220,286,0,23,106,264,0,4,119,11,216,13,308,0,187,2678
RAJASTHAN,G.R.P.AJMER,2014,5,8,3,6,28,0,10,0,2236,0,2,7,0,2,1,8,0,0,1313
RAJASTHAN,G.R.P.JODHPUR,2014,6,1,0,2,4,0,0,0,286,0,0,0,0,0,0,12,0,0,198
RAJASTHAN,GANGANAGAR,2014,43,90,1,359,298,3,12,307,844,0,0,544,1,25,17,255,0,923,6929
RAJASTHAN,HANUMANGARH,2014,67,77,2,270,158,2,12,260,568,0,0,621,8,132,11,248,0,599,5021
RAJASTHAN,JAIPUR EAST,2014,35,35,3,146,362,12,118,765,6336,0,122,1146,12,0,8,250,0,313,8759
RAJASTHAN,JAIPUR NORTH,2014,16,24,0,84,296,1,37,248,1598,0,8,971,2,4,4,150,0,296,4120
RAJASTHAN,JAIPUR RURAL,2014,63,22,4,160,340,20,37,379,1532,0,26,892,15,11,13,291,0,256,6625
RAJASTHAN,JAIPUR SOUTH,2014,21,13,2,112,268,3,116,497,3470,0,14,1072,7,2,8,178,0,210,5953
RAJASTHAN,JAIPUR WEST,2014,36,35,1,184,380,4,85,756,2738,0,6,1445,5,6,13,201,0,336,7238
RAJASTHAN,JAISALMER,2014,12,20,0,20,36,6,12,148,332,0,30,21,13,10,5,188,0,48,1478
RAJASTHAN,JALORE,2014,44,19,1,86,156,3,11,258,526,0,16,258,14,11,9,208,0,183,2971
RAJASTHAN,JHALAWAR,2014,49,74,18,275,362,6,24,286,946,0,90,223,29,180,11,558,0,524,4666
RAJASTHAN,JHUNJHUNU,2014,38,31,4,158,212,6,15,406,988,0,32,662,9,60,12,106,0,361,5277
RAJASTHAN,JODHPUR EAST,2014,20,57,5,50,90,0,47,130,912,0,6,310,6,8,2,177,0,218,2952
RAJASTHAN,JODHPUR WEST,2014,28,51,1,92,114,6,17,109,610,0,0,101,18,30,0,234,0,165,3281
RAJASTHAN,JODHPUR RURAL,2014,21,29,5,86,126,1,73,298,1074,0,0,227,5,12,6,190,0,210,2693
RAJASTHAN,KARAULI,2014,34,30,1,98,260,8,16,90,1404,0,4,233,18,0,14,208,0,214,4612
RAJASTHAN,KOTA CITY,2014,19,93,20,200,374,6,27,166,1780,0,0,917,1,56,3,169,0,538,5248
RAJASTHAN,KOTA RURAL,2014,19,14,3,120,174,1,13,130,314,0,0,271,12,222,2,372,0,271,2557
RAJASTHAN,NAGAUR,2014,69,85,1,204,266,7,14,278,944,0,0,166,22,18,8,186,0,516,5743
RAJASTHAN,PALI,2014,52,44,5,214,322,5,45,544,840,0,0,635,9,54,21,341,0,516,6373
RAJASTHAN,PRAAPGARH,2014,39,29,1,404,308,2,12,130,266,0,82,212,22,66,12,521,0,322,3124
RAJASTHAN,RAJSAMAND,2014,17,7,4,96,178,4,24,196,412,0,22,315,7,63,6,143,0,290,2790
RAJASTHAN,SAWAI MADHOPUR,2014,23,38,0,140,228,12,15,90,1270,0,0,325,8,0,0,192,0,297,4212
RAJASTHAN,SIKAR,2014,65,36,0,158,404,0,17,440,1752,0,32,1243,40,8,14,120,0,405,6994
RAJASTHAN,SIROHI,2014,41,44,0,102,132,5,11,100,252,0,16,279,6,134,4,153,0,276,2342
RAJASTHAN,TONK,2014,30,21,2,104,154,0,7,114,742,0,138,376,4,192,5,258,0,316,4663
RAJASTHAN,UDAIPUR,2014,90,126,7,458,756,19,124,660,1730,0,214,1063,30,118,8,928,0,723,9868
RAJASTHAN,TOTAL,2014,1637,1794,263,7515,11342,238,1301,10903,58190,0,1072,21191,523,2976,408,10925,0,15905,210418
SIKKIM,EAST,2014,7,7,1,32,34,2,12,129,120,0,49,26,21,60,0,24,0,4,589
SIKKIM,NORTH,2014,0,1,0,3,0,0,0,7,26,0,2,1,2,4,0,1,0,1,52
SIKKIM,SOUTH,2014,2,3,1,30,4,0,1,25,84,0,95,4,11,34,0,20,0,0,290
SIKKIM,WEST,2014,3,3,0,28,2,0,0,4,20,0,20,2,6,16,0,6,0,0,127
SIKKIM,CID,2014,0,0,0,0,0,0,0,0,2,0,0,4,0,0,0,0,0,0,7
SIKKIM,TOTAL,2014,12,14,2,93,40,2,13,165,252,0,166,37,40,114,0,51,0,5,1065
TAMIL NADU,ARIYALUR,2014,19,34,0,12,32,0,8,21,128,0,60,22,12,8,2,46,0,7,1615
TAMIL NADU,CHENNAI,2014,161,225,0,130,72,16,72,643,3040,0,236,553,17,90,10,118,0,302,16861
TAMIL NADU,COIMBATORE,2014,43,34,1,14,70,10,104,323,722,0,64,113,9,14,0,42,0,47,4996
TAMIL NADU,COIMBATORE CITY,2014,21,43,1,10,28,10,123,300,706,0,50,177,14,34,0,16,0,63,4281
TAMIL NADU,CUDDALORE,2014,50,122,0,28,166,1,16,336,952,0,515,45,35,40,5,6,0,39,9442
TAMIL NADU,DHARMAPURI,2014,43,50,4,22,278,10,31,191,564,0,232,51,25,70,2,52,0,32,4354
TAMIL NADU,DINDIGUL,2014,61,60,0,30,226,10,67,181,420,0,166,226,12,14,4,58,0,119,6250
TAMIL NADU,ERODE,2014,53,20,2,0,60,0,44,226,596,0,54,89,10,52,0,38,0,26,4370
TAMIL NADU,KANCHIPURAM,2014,66,83,0,32,28,8,24,438,932,0,238,128,10,58,2,16,0,19,8066
TAMIL NADU,KANYAKUMARI,2014,41,108,1,14,34,8,75,371,532,0,0,144,40,15,2,5,0,56,4041
TAMIL NADU,KARUR,2014,20,20,0,2,30,0,16,105,270,0,86,35,4,6,1,40,0,9,2241
TAMIL NADU,KRISHNAGIRI,2014,59,55,4,26,146,21,53,174,602,0,282,74,13,56,4,68,0,29,5095
TAMIL NADU,MADURAI,2014,67,180,4,74,400,35,163,590,1016,0,420,662,31,501,5,143,0,326,8212
TAMIL NADU,MADURAI CITY,2014,33,51,1,12,54,8,118,237,1152,0,46,247,7,8,1,22,0,69,3226
TAMIL NADU,NAGAPATTINAM,2014,36,60,0,32,80,0,48,87,332,0,146,11,19,14,0,28,0,22,4386
TAMIL NADU,NAMAKKAL,2014,35,37,1,0,54,1,31,118,260,0,88,40,10,39,0,96,0,11,4003
TAMIL NADU,NILGIRIS,2014,7,14,0,12,10,0,3,61,88,0,22,11,7,32,0,24,0,5,1199
TAMIL NADU,PERAMBALUR,2014,15,18,0,14,8,2,14,22,124,0,44,12,1,18,1,26,0,13,1770
TAMIL NADU,PUDUKOTTAI,2014,34,38,0,6,108,0,18,74,226,0,76,28,21,62,2,58,0,44,3720
TAMIL NADU,RAMNATHAPURAM,2014,45,84,0,16,74,11,25,236,282,0,132,78,27,30,3,21,0,24,3819
TAMIL NADU,RAILWAY CHENNAI,2014,3,5,1,2,0,1,20,8,686,0,22,3,0,4,0,8,0,0,637
TAMIL NADU,RAILWAY TRICHY,2014,0,0,0,0,0,0,15,10,222,0,10,0,0,0,0,0,0,0,229
TAMIL NADU,SALEM,2014,58,56,4,12,96,3,24,78,284,0,182,67,30,30,7,92,0,22,4696
TAMIL NADU,SALEM CITY,2014,36,30,1,10,46,4,59,76,522,0,88,41,2,1146,1,24,0,33,4504
TAMIL NADU,SIVAGANGAI,2014,29,60,1,30,92,12,86,153,364,0,205,129,13,82,3,26,0,51,3738
TAMIL NADU,THANJAVUR,2014,70,110,0,16,112,18,68,216,592,0,316,60,39,118,0,124,0,31,6225
TAMIL NADU,THENI,2014,47,53,1,16,90,4,38,103,414,0,150,133,10,26,6,60,0,58,4554
TAMIL NADU,THIRUNELVELI,2014,108,365,0,72,94,4,107,351,578,0,0,276,75,58,5,94,0,147,8490
TAMIL NADU,THIRUNELVELI CITY,2014,18,106,1,12,14,0,73,118,412,0,0,63,3,1,0,6,0,19,1623
TAMIL NADU,THIRUVALLUR,2014,37,46,2,16,18,15,25,239,338,0,288,74,9,34,4,4,0,15,4037
TAMIL NADU,THIRUVANNAMALAI,2014,47,99,4,32,130,9,7,252,556,0,340,64,15,60,6,28,0,35,4411
TAMIL NADU,THIRUVARUR,2014,26,38,0,4,54,12,36,193,352,0,68,34,26,18,1,4,0,7,4041
TAMIL NADU,THOOTHUGUDI,2014,89,143,1,32,30,10,65,208,704,0,0,100,35,72,0,85,0,73,5344
TAMIL NADU,TIRUPPUR,2014,36,24,0,12,120,6,61,270,440,0,66,80,7,16,3,30,0,33,4049
TAMIL NADU,TIRUPPUR CITY,2014,20,38,1,10,48,0,55,180,676,0,44,106,3,12,0,14,0,22,2490
TAMIL NADU,TRICHY,2014,39,32,0,16,60,2,34,96,280,0,132,57,0,6,2,102,0,48,4688
TAMIL NADU,TRICHY CITY,2014,24,9,0,6,14,0,24,41,614,0,20,102,0,26,0,15,0,27,3074
TAMIL NADU,VELLORE,2014,92,144,7,24,194,14,31,317,1500,0,22,85,20,0,3,44,0,110,10492
TAMIL NADU,VILLUPURAM,2014,68,152,6,76,276,7,30,394,932,0,719,147,51,150,7,352,0,81,9643
TAMIL NADU,VIRUDHUNAGAR,2014,49,76,1,26,46,4,58,281,528,0,150,167,13,12,3,50,0,29,4285
TAMIL NADU,CYBER CELL,2014,0,0,0,0,0,0,0,0,0,0,0,2,0,0,0,0,0,0,3
TAMIL NADU,OTHER UNITS,2014,0,0,0,0,0,0,0,0,0,0,0,0,0,0,0,0,0,0,0
TAMIL NADU,TOTAL,2014,1805,2922,50,910,3492,276,1969,8318,23938,0,5779,4536,675,3032,95,2085,0,2103,193200
TELANGANA,ADILABAD,2014,101,79,17,84,92,2,7,526,1010,0,79,223,37,122,16,381,0,384,6036
TELANGANA,CYBERABAD,2014,144,124,13,278,330,31,62,1999,8364,0,105,2347,57,363,48,529,0,1329,19311
TELANGANA,HYDERABAD CITY,2014,118,163,6,252,748,18,58,1367,8532,0,125,2557,20,238,22,606,0,1289,18940
TELANGANA,KARIMNAGAR,2014,109,136,14,132,212,10,36,645,1470,0,174,813,38,374,34,736,0,737,9382
TELANGANA,KHAMMAM,2014,76,85,7,204,146,2,15,766,1492,0,188,845,16,100,18,558,0,530,11022
TELANGANA,MAHABOOB NAGAR,2014,240,87,27,338,126,12,23,369,2224,0,210,252,65,116,30,398,0,209,7533
TELANGANA,MEDAK,2014,130,84,7,120,118,10,20,686,1574,0,78,312,45,98,34,334,0,346,6931
TELANGANA,NALGONDA,2014,114,148,9,252,190,12,30,383,1444,0,258,342,67,304,23,677,0,262,9254
TELANGANA,NIZAMABAD,2014,122,60,12,72,114,10,21,773,1424,0,94,306,65,128,25,291,0,658,7053
TELANGANA,RANGA REDDY,2014,77,43,5,102,70,2,12,197,366,0,6,81,36,56,10,136,0,192,2309
TELANGANA,SECUNDERABAD RAILWAY,2014,4,2,0,4,2,0,3,1,1520,0,0,4,0,0,0,5,0,0,860
TELANGANA,WARANGAL,2014,47,29,7,82,90,8,15,307,604,0,166,178,22,126,17,302,0,218,4407
TELANGANA,WARANGAL URBAN,2014,26,22,0,38,66,2,6,235,660,0,70,259,14,88,12,156,0,215,3792
TELANGANA,TOTAL,2014,1308,1062,124,1958,2304,119,308,8254,30684,0,1553,8519,482,2113,289,5109,0,6369,106830
TRIPURA,DHALAI,2014,20,6,0,68,26,0,2,24,22,0,8,6,4,91,1,58,0,41,363
TRIPURA,GOMATI,2014,15,6,0,64,46,0,4,46,106,0,22,23,12,347,9,98,0,135,825
TRIPURA,G. R. P.,2014,0,0,0,0,0,0,0,0,4,0,0,0,0,8,0,3,0,0,9
TRIPURA,KOWAI,2014,10,2,0,30,10,0,0,18,60,0,8,6,1,166,8,42,0,25,338
TRIPURA,NORTH,2014,10,9,2,52,30,3,6,18,66,0,12,14,5,270,6,63,0,79,510
TRIPURA,SIPAHIJALA,2014,19,12,1,38,30,0,3,56,90,0,32,18,12,296,1,152,0,86,725
TRIPURA,SOUTH,2014,17,20,0,40,22,0,5,44,44,0,26,14,4,354,4,67,0,94,678
TRIPURA,UNAKOTI,2014,8,9,0,48,22,0,4,9,44,0,38,9,3,254,1,32,0,50,401
TRIPURA,WEST,2014,41,15,0,138,66,2,19,174,302,0,38,55,18,674,3,194,0,192,1650
TRIPURA,TOTAL,2014,140,79,3,478,252,5,43,389,738,0,184,145,59,2460,33,709,0,702,5499
UTTAR PRADESH,AGRA,2014,178,99,152,152,926,27,218,404,7024,0,826,382,10,633,87,281,0,389,9518
UTTAR PRADESH,ALIGARH,2014,179,257,54,224,942,36,242,604,4594,0,899,354,25,568,69,480,0,455,8793
UTTAR PRADESH,ALLAHABAD,2014,132,121,40,202,660,18,125,762,4490,0,258,511,1,703,53,309,0,355,9909
UTTAR PRADESH,AMBEDKAR NAGAR,2014,24,24,14,40,118,2,13,44,172,0,74,43,0,252,11,16,0,41,1323
UTTAR PRADESH,AMETHI,2014,36,50,14,54,230,0,20,51,226,0,86,41,0,384,15,156,0,47,1522
UTTAR PRADESH,AMROHA,2014,60,63,9,70,240,10,44,100,798,0,88,140,0,236,23,81,0,224,2826
UTTAR PRADESH,AURAIYA,2014,34,25,14,40,198,6,14,52,330,0,40,78,1,14,34,73,0,151,1789
UTTAR PRADESH,AZAMGARH,2014,68,74,28,80,366,3,73,286,774,0,406,134,0,626,34,102,0,158,2881
UTTAR PRADESH,BADAUN,2014,120,162,33,142,328,6,53,70,662,0,18,68,2,646,56,148,0,62,2919
UTTAR PRADESH,BAGHPAT,2014,83,84,17,70,242,9,45,68,664,0,112,61,0,18,14,100,0,90,1844
UTTAR PRADESH,BAHRAICH,2014,53,35,45,136,404,0,14,114,516,0,146,93,3,338,51,90,0,0,2249
UTTAR PRADESH,BALLIA,2014,36,29,32,40,232,0,28,80,574,0,244,83,1,376,24,71,0,95,1674
UTTAR PRADESH,BALRAMPUR,2014,28,13,9,37,134,2,4,48,136,0,44,27,0,89,13,38,0,2,549
UTTAR PRADESH,BANDA,2014,42,59,21,142,302,0,25,172,480,0,180,65,1,80,39,313,0,96,1948
UTTAR PRADESH,BARABANKI,2014,57,42,11,70,130,5,17,58,226,0,6,148,0,612,25,65,0,36,2471
UTTAR PRADESH,BAREILLY,2014,132,192,25,152,674,10,80,302,1772,0,306,462,4,360,74,252,0,139,6589
UTTAR PRADESH,BASTI,2014,31,8,16,30,106,4,11,48,170,0,40,19,10,172,15,27,0,40,752
UTTAR PRADESH,BIJNOR,2014,84,63,56,160,368,8,59,188,868,0,154,203,6,30,26,175,0,0,3475
UTTAR PRADESH,BULANDSHAHAR,2014,171,213,22,163,582,27,122,235,1682,0,316,17,7,33,55,353,0,0,4775
UTTAR PRADESH,CHANDOLI,2014,20,14,13,51,156,1,27,104,312,0,78,152,4,413,20,92,0,113,1366
UTTAR PRADESH,CHITRAKOOT,2014,33,8,8,46,92,6,6,124,162,0,24,40,3,32,23,56,0,12,988
UTTAR PRADESH,DEORIA,2014,42,24,36,70,274,0,13,64,364,0,162,35,5,417,31,129,0,6,1645
UTTAR PRADESH,ETAH,2014,65,137,10,108,344,12,63,132,798,0,220,26,1,642,42,172,0,120,2783
UTTAR PRADESH,ETAWAH,2014,55,94,5,44,272,15,113,130,1012,0,52,119,9,198,31,80,0,104,2721
UTTAR PRADESH,FAIZABAD,2014,32,31,10,74,240,1,25,79,590,0,56,138,0,415,13,131,0,8,2426
UTTAR PRADESH,FATEHGARH,2014,58,70,18,38,296,8,21,94,460,0,68,43,0,12,39,38,0,121,2151
UTTAR PRADESH,FATEHPUR,2014,55,36,34,88,262,7,21,147,434,0,84,93,5,544,43,101,0,93,2559
UTTAR PRADESH,FIROZABAD,2014,140,162,44,122,568,16,92,224,1374,0,402,175,19,694,55,234,0,146,4222
UTTAR PRADESH,G. R. P.,2014,30,15,7,10,78,35,27,1,8122,0,40,26,0,24,1,64,0,0,5158
UTTAR PRADESH,GAUTAMBUDH NAGAR,2014,104,106,35,101,420,16,227,365,7360,0,382,382,0,33,35,161,0,198,8521
UTTAR PRADESH,GHAZIABAD,2014,166,124,40,222,964,23,114,420,6784,0,140,493,2,35,38,302,0,575,10088
UTTAR PRADESH,GHAZIPUR,2014,64,70,18,47,256,15,32,81,520,0,226,93,1,545,31,100,0,67,1945
UTTAR PRADESH,GONDA,2014,45,50,11,74,278,1,18,75,360,0,96,135,2,474,28,87,0,12,2021
UTTAR PRADESH,GORAKHPUR,2014,113,116,29,162,598,8,89,460,1608,0,386,266,0,726,58,132,0,223,4537
UTTAR PRADESH,HAMIRPUR,2014,31,23,24,45,136,4,18,58,166,0,68,31,8,104,26,97,0,42,981
UTTAR PRADESH,HAPUR,2014,42,71,10,84,164,8,35,62,986,0,80,88,4,21,16,74,0,70,1841
UTTAR PRADESH,HARDOI,2014,79,53,24,78,354,5,13,94,550,0,72,95,1,836,40,183,0,140,2981
UTTAR PRADESH,HATHRAS,2014,72,44,62,120,292,18,56,81,678,0,224,89,5,201,24,121,0,103,2280
UTTAR PRADESH,JALAUN,2014,36,32,7,15,128,2,12,80,234,0,22,42,0,22,30,68,0,41,856
UTTAR PRADESH,JAUNPUR,2014,55,61,29,100,266,14,58,96,594,0,214,70,0,830,47,94,0,49,2352
UTTAR PRADESH,JHANSI,2014,68,44,45,56,224,11,22,85,632,0,137,17,5,39,33,116,0,119,1985
UTTAR PRADESH,KANNAUJ,2014,39,31,23,44,200,3,8,28,294,0,20,74,5,4,31,177,0,89,2103
UTTAR PRADESH,KANPUR DEHAT,2014,46,28,37,40,314,2,24,44,242,0,80,68,12,279,35,190,0,144,2111
UTTAR PRADESH,KANPUR NAGAR,2014,137,89,84,156,884,8,139,500,3072,0,466,546,3,475,73,261,0,594,8641
UTTAR PRADESH,KASGANJ,2014,20,56,16,38,204,0,7,65,384,0,82,0,0,308,29,58,0,21,1232
UTTAR PRADESH,KAUSHAMBI,2014,40,11,26,18,184,0,13,112,308,0,46,74,5,246,27,120,0,86,1945
UTTAR PRADESH,KHIRI,2014,79,100,27,98,428,10,33,117,1222,0,136,118,4,562,51,214,0,135,3465
UTTAR PRADESH,KUSHI NAGAR,2014,36,12,29,44,282,0,7,80,272,0,238,63,6,522,31,53,0,50,1757
UTTAR PRADESH,LALITPUR,2014,27,7,9,44,68,0,15,24,118,0,52,42,0,19,12,38,0,19,962
UTTAR PRADESH,LUCKNOW,2014,132,99,45,136,754,14,60,1167,6384,0,348,923,14,67,52,392,0,1083,15107
UTTAR PRADESH,MAHARAJGANJ,2014,33,6,18,64,206,3,14,54,122,0,82,52,9,300,26,40,0,68,1162
UTTAR PRADESH,MAHOBA,2014,27,29,7,44,116,2,18,68,114,0,52,30,0,5,14,94,0,22,814
UTTAR PRADESH,MAINPURI,2014,57,116,22,46,284,8,34,114,952,0,170,75,0,342,37,138,0,74,2469
UTTAR PRADESH,MATHURA,2014,86,147,19,146,382,20,89,197,2318,0,380,267,4,488,48,205,0,267,4779
UTTAR PRADESH,MAU,2014,28,66,18,50,176,1,23,86,452,0,190,101,8,454,16,81,0,81,1476
UTTAR PRADESH,MEERUT,2014,226,308,24,185,876,38,341,323,7100,0,588,431,0,47,53,545,0,520,10073
UTTAR PRADESH,MIRZAPUR,2014,25,4,9,38,24,0,5,19,90,0,2,0,4,178,26,10,0,28,780
UTTAR PRADESH,MORADABAD,2014,90,80,24,178,380,27,66,240,1576,0,156,221,0,97,36,189,0,403,4026
UTTAR PRADESH,MUZAFFARNAGAR,2014,137,157,29,74,484,10,95,72,1600,0,272,145,8,25,17,192,0,168,3952
UTTAR PRADESH,PILIBHIT,2014,54,38,15,138,256,8,29,104,400,0,26,123,0,4,25,190,0,179,2916
UTTAR PRADESH,PRATAPGARH,2014,72,136,31,130,496,12,53,295,862,0,400,185,11,611,21,165,0,184,4128
UTTAR PRADESH,RAIBAREILLY,2014,50,44,22,96,226,6,15,158,390,0,120,67,1,288,27,135,0,38,2053
UTTAR PRADESH,RAMPUR,2014,54,77,6,68,200,14,25,106,688,0,70,122,0,0,18,54,0,121,1950
UTTAR PRADESH,SAHARANPUR,2014,92,91,22,144,546,17,110,212,1586,0,410,214,0,39,28,211,0,194,4184
UTTAR PRADESH,SAMBHAL,2014,73,80,19,96,292,18,45,56,586,0,136,87,0,58,26,72,0,106,2087
UTTAR PRADESH,SANT KABIRNAGAR,2014,28,3,13,46,78,2,10,23,118,0,44,30,0,291,11,25,0,0,727
UTTAR PRADESH,SHAHJAHANPUR,2014,88,136,35,166,420,8,62,118,562,0,84,118,4,563,61,181,0,127,3106
UTTAR PRADESH,SHAMLI,2014,67,76,13,64,200,10,54,55,658,0,206,73,0,86,18,58,0,87,1674
UTTAR PRADESH,SHRAWASTI,2014,15,10,9,10,80,0,5,49,98,0,32,65,0,330,9,54,0,0,801
UTTAR PRADESH,SIDHARTHNAGAR,2014,17,13,8,40,116,4,16,96,124,0,50,15,0,2,20,27,0,46,773
UTTAR PRADESH,SITAPUR,2014,91,45,19,148,432,5,40,168,768,0,130,78,3,250,46,171,0,180,3923
UTTAR PRADESH,SONBHADRA,2014,32,4,19,48,40,0,2,28,154,0,6,8,1,303,6,24,0,13,753
UTTAR PRADESH,ST.RAVIDASNAGAR,2014,17,2,10,38,68,0,8,80,146,0,2,28,0,110,23,12,0,41,574
UTTAR PRADESH,SULTANPUR,2014,53,41,12,90,314,8,56,238,662,0,146,88,2,412,21,67,0,68,2421
UTTAR PRADESH,UNNAO,2014,77,31,48,131,536,5,44,164,668,0,92,135,0,69,31,418,0,218,3438
UTTAR PRADESH,VARANASI,2014,52,52,20,90,332,1,46,126,1412,0,161,393,1,418,42,176,0,275,3900
UTTAR PRADESH,TOTAL,2014,5150,5223,1918,6745,24722,663,3920,12128,96760,0,12951,10636,250,21679,2469,10799,0,10471,240475
UTTARAKHAND,ALMORA,2014,4,2,2,12,80,0,1,14,16,0,6,4,1,2,1,8,0,5,139
UTTARAKHAND,BAGESHWAR,2014,5,1,0,6,0,0,0,10,12,0,0,3,0,2,0,8,0,2,77
UTTARAKHAND,CHAMOLI,2014,3,2,0,8,14,0,1,14,16,0,6,3,0,4,1,18,0,3,126
UTTARAKHAND,CHAMPAWAT,2014,2,0,1,16,0,0,0,2,12,0,8,5,0,4,0,10,0,7,96
UTTARAKHAND,DEHRADUN,2014,26,23,18,110,138,7,39,177,878,0,198,127,2,68,10,136,0,149,2178
UTTARAKHAND,HARIDWAR,2014,73,69,13,146,482,22,70,132,1124,0,320,174,0,86,0,198,0,0,2505
UTTARAKHAND,NAINITAL,2014,28,18,6,72,320,2,5,66,314,0,94,36,2,40,5,46,0,31,1095
UTTARAKHAND,PAURI GARHWAL,2014,6,1,1,16,124,0,3,20,74,0,22,14,0,14,7,24,0,9,278
UTTARAKHAND,PITHORAGARH,2014,4,2,2,16,22,0,2,16,20,0,28,2,0,4,3,18,0,7,117
UTTARAKHAND,RUDRA PRAYAG,2014,4,1,1,8,14,0,1,28,20,0,10,3,0,6,1,18,0,2,97
UTTARAKHAND,TEHRI GARHWAL,2014,6,2,3,14,26,0,1,8,38,0,10,9,3,18,0,0,0,7,122
UTTARAKHAND,UDHAMSINGH NAGAR,2014,55,50,4,98,132,8,31,101,936,0,218,6,0,112,10,134,0,71,2234
UTTARAKHAND,UTTARKASHI,2014,2,0,1,18,30,0,1,9,14,0,16,4,0,2,0,14,0,8,92
UTTARAKHAND,TOTAL,2014,218,171,52,540,1382,39,155,597,3474,0,936,390,8,362,38,632,0,301,9156
WEST BENGAL,NORTH 24 PARGANAS,2014,141,691,256,454,1456,40,42,6,2708,0,660,323,44,3802,66,638,0,2027,14867
WEST BENGAL,SOUTH 24 PARGANAS,2014,248,280,31,682,1498,189,43,270,3046,0,4328,542,30,1587,53,409,0,3546,21049
WEST BENGAL,ALIPURDUAR,2014,49,40,6,236,352,10,2,10,1308,0,20,85,4,38,2,114,0,328,3355
WEST BENGAL,ASANSOL-DURGAPUR PC,2014,52,165,13,116,268,40,12,20,1284,0,370,153,10,2,28,238,0,496,4738
WEST BENGAL,BANKURA,2014,75,106,6,157,142,18,32,22,482,0,324,74,22,100,18,189,0,316,3049
WEST BENGAL,BARRACKPUR PC,2014,86,199,25,154,708,176,13,0,2440,0,147,506,1,1877,21,317,0,1205,8087
WEST BENGAL,BIDHANNAGAR PC,2014,18,12,5,48,204,56,8,13,1136,0,135,228,2,222,6,119,0,364,3014
WEST BENGAL,BIRBHUM,2014,110,198,28,164,250,79,43,17,770,0,470,137,14,1329,8,157,0,412,3749
WEST BENGAL,BURDWAN,2014,133,461,28,242,482,74,28,5,1464,0,539,392,40,444,12,455,0,712,7694
WEST BENGAL,COOCHBEHAR,2014,80,134,13,282,832,1,8,12,774,0,118,110,57,1604,21,246,0,697,5142
WEST BENGAL,DAKSHIN DINAJPUR,2014,44,158,29,128,412,14,4,2,400,0,20,51,8,790,13,96,0,356,2372
WEST BENGAL,DARJEELING,2014,29,39,7,120,130,2,9,3,736,0,14,47,17,804,0,179,0,216,2418
WEST BENGAL,HOOGHLY,2014,125,38,22,220,710,147,20,24,2152,0,752,592,66,144,34,316,0,1345,8858
WEST BENGAL,HOWRAH G. R. P.,2014,82,246,35,154,362,43,9,31,568,0,254,143,26,1664,5,262,0,796,5259
WEST BENGAL,HOWRAH PC,2014,43,28,8,86,404,65,29,18,2252,0,64,375,15,659,4,419,0,557,6273
WEST BENGAL,HOWRAH RURAL,2014,11,6,1,6,10,42,2,0,576,0,2,10,0,0,1,24,0,0,445
WEST BENGAL,JALPAIGURI,2014,57,60,15,258,436,4,9,12,1528,0,22,30,5,84,16,327,0,518,3832
WEST BENGAL,JHARGRAM POLICE DISTRICT,2014,28,11,1,58,50,5,4,18,226,0,53,15,4,78,3,120,0,96,803
WEST BENGAL,KHARAGPUR G. R. P.,2014,7,0,0,0,6,0,2,0,310,0,4,3,0,2,0,11,0,0,213
WEST BENGAL,KOLKATA,2014,83,102,27,308,846,27,33,113,9246,0,632,2027,0,1834,12,854,0,1156,26668
WEST BENGAL,MALDA,2014,102,664,48,504,680,59,26,14,858,0,92,114,41,2625,31,605,0,796,6432
WEST BENGAL,MURSHIDABAD,2014,158,2249,22,948,1192,82,19,6,1894,0,168,182,31,7625,36,887,0,2448,14762
WEST BENGAL,NADIA,2014,166,654,194,408,926,69,41,1,2034,0,266,380,13,2210,50,384,0,1851,11790
WEST BENGAL,PASCHIM MEDINIPUR,2014,104,264,23,182,416,28,47,9,1490,0,486,111,14,177,21,1109,0,872,5791
WEST BENGAL,PURAB MEDINIPUR,2014,100,81,11,224,634,44,25,14,1088,0,868,119,30,22,27,222,0,983,6778
WEST BENGAL,PURULIA,2014,72,61,13,144,108,26,17,8,380,0,142,30,9,475,4,284,0,188,1800
WEST BENGAL,SEALDAH G. R. P.,2014,23,11,0,14,40,43,0,0,692,0,10,10,0,117,1,92,0,1,655
WEST BENGAL,SILIGURI G. R. P.,2014,8,2,0,2,8,2,1,0,296,0,0,0,0,0,0,13,0,0,220
WEST BENGAL,SILIGURI PC,2014,46,49,7,144,308,0,15,6,2250,0,12,289,4,529,2,215,0,503,4623
WEST BENGAL,UTTAR DINAJPUR,2014,90,346,10,374,700,33,63,7,1442,0,58,161,47,5584,9,289,0,779,8312
WEST BENGAL,TOTAL,2014,2370,7355,884,6817,14570,1418,606,661,45830,0,11030,7239,554,36428,504,9590,0,23564,193048
A&N ISLANDS,SOUTH ANDAMAN,2014,5,10,3,38,28,0,2,84,70,0,20,66,3,40,3,40,0,10,556
A&N ISLANDS,NORTH & MIDDLE ANDAMAN,2014,2,1,3,22,16,0,0,13,20,0,0,5,1,18,0,18,0,4,159
A&N ISLANDS,NICOBAR,2014,1,0,0,4,0,0,0,5,0,0,0,0,1,0,0,0,0,0,31
A&N ISLANDS,TOTAL,2014,8,11,6,64,44,0,2,102,90,0,20,71,5,58,3,58,0,14,746
CHANDIGARH,CHANDIGARH,2014,24,33,10,118,374,14,65,219,2520,0,66,247,13,38,2,128,0,141,3221
CHANDIGARH,TOTAL,2014,24,33,10,118,374,14,65,219,2520,0,66,247,13,38,2,128,0,141,3221
D&N HAVELI,D&N HAVELI,2014,4,1,2,10,28,0,2,15,76,0,12,22,5,26,0,4,0,6,277
D&N HAVELI,TOTAL,2014,4,1,2,10,28,0,2,15,76,0,12,22,5,26,0,4,0,6,277
DAMAN & DIU,DAMAN,2014,6,4,2,4,20,0,5,22,58,0,8,36,0,26,0,2,0,1,198
DAMAN & DIU,DIU,2014,1,2,1,0,0,0,0,0,4,0,0,2,0,4,0,1,0,0,35
DAMAN & DIU,TOTAL,2014,7,6,3,4,20,0,5,22,62,0,8,38,0,30,0,3,0,1,233
DELHI UT,CENTRAL,2014,30,44,73,182,610,8,288,921,8248,0,12,287,0,74,7,335,0,99,8932
DELHI UT,CRIME BRANCH,2014,0,3,0,2,2,0,0,0,0,0,0,35,0,0,0,1,0,0,52
DELHI UT,EAST,2014,61,93,190,460,1356,4,789,1599,18874,0,48,528,19,70,15,589,0,477,18642
DELHI UT,EOW,2014,0,0,0,0,0,0,0,0,0,0,0,45,0,0,0,2,0,0,85
DELHI UT,IGI AIRPORT,2014,1,0,0,0,6,0,3,2,314,0,0,14,0,2,0,19,0,0,453
DELHI UT,METRO,2014,0,3,0,2,20,0,4,4,4396,0,2,17,1,4,0,47,0,0,2309
DELHI UT,NEW DELHI,2014,6,8,12,40,88,0,63,101,2504,0,44,109,8,7,2,71,0,15,2421
DELHI UT,NORTH,2014,31,28,48,120,558,19,353,1135,8618,0,28,317,11,56,6,289,0,117,8201
DELHI UT,NORTH-EAST,2014,84,110,197,474,2094,28,1286,1954,16370,0,50,353,19,135,27,716,0,349,16904
DELHI UT,NORTH-WEST,2014,48,81,58,330,1326,29,734,1645,14682,0,16,389,10,185,14,612,0,246,13251
DELHI UT,OUTER,2014,87,89,125,518,2396,22,1009,3399,20062,0,26,431,31,149,22,611,0,521,20320
DELHI UT,RAILWAY,2014,10,4,0,2,76,2,62,0,2910,0,6,6,0,12,0,19,0,0,1816
DELHI UT,SOUTH,2014,40,58,88,560,1254,4,496,2006,17340,0,48,563,32,162,6,1001,0,143,17371
DELHI UT,SOUTH-EAST,2014,67,83,75,532,1366,22,394,1344,15114,0,40,430,20,215,24,743,0,312,14914
DELHI UT,SOUTH-WEST,2014,66,88,73,468,1438,20,403,1401,9264,0,10,519,21,129,17,742,0,318,11320
DELHI UT,SPL CELL,2014,0,1,0,0,0,0,0,0,2,0,0,3,0,0,0,0,0,0,14
DELHI UT,SPUWAC,2014,0,0,0,0,0,0,0,0,0,0,0,0,0,0,0,0,0,160,161
DELHI UT,VIGILANCE,2014,0,0,0,0,0,0,0,0,0,0,0,0,0,0,0,0,0,0,0
DELHI UT,WEST,2014,55,77,107,502,1696,11,580,1681,18808,0,6,555,18,149,13,707,0,416,18488
DELHI UT,TOTAL,2014,586,770,1046,4192,14286,169,6464,17192,157506,0,336,4601,190,1349,153,6504,0,3173,155654
LAKSHADWEEP,LAKSHADWEEP,2014,0,0,0,2,0,0,0,15,30,0,18,0,5,2,0,2,0,0,81
LAKSHADWEEP,TOTAL,2014,0,0,0,2,0,0,0,15,30,0,18,0,5,2,0,2,0,0,81
PUDUCHERRY,KARAIKAL,2014,6,1,0,6,2,3,1,32,66,0,10,4,0,16,0,20,0,1,671
PUDUCHERRY,PUDUCHERRY,2014,19,14,3,13,24,8,5,71,782,0,70,55,1,194,1,24,0,3,2913
PUDUCHERRY,TOTAL,2014,25,15,3,19,26,11,6,103,848,0,80,59,1,210,1,44,0,4,3584
