STATE_UT,DISTRICT,YEAR,LATITUDE,LONGITUDE,MURDER,ATTEMPT_TO_MURDER,CULPABLE_HOMICIDE,RAPE,KIDNAPPING_ABDUCTION,DACOITY,ROBBERY,BURGLARY,THEFT,AUTO_THEFT,RIOTS,CHEATING,ARSON,HURT,DOWRY_DEATHS,ASSAULT_ON_WOMEN,INSULT_TO_MODESTY_OF_WOMEN,CRUELTY_BY_HUSBAND,TOTAL_IPC_CRIMES
Andhra Pradesh,Adilabad,2001,15.9979,79.825,101,60,17,100,92,9,41,198,398,0,78,104,30,1131,16,149,0,175,4154
Andhra Pradesh,Anantapur,2001,14.6819,77.6006,151,125,1,46,106,8,16,191,732,0,168,65,69,1543,7,118,0,154,4125
Andhra Pradesh,Chittoor,2001,13.2172,79.1003,101,57,2,54,118,4,14,237,1446,0,156,209,38,2088,14,112,0,186,5818
Andhra Pradesh,Cuddapah,2001,14.4673,78.8242,80,53,1,40,50,1,4,98,346,0,164,37,23,795,17,126,0,57,3140
Andhra Pradesh,East Godavari,2001,16.9891,82.2475,82,67,1,46,98,4,25,437,2042,0,70,220,41,1244,12,109,0,247,6507
Andhra Pradesh,Guntakal Rly.,2001,15.6979,79.525,3,1,0,0,0,5,2,0,324,0,1,0,0,1,0,1,0,0,337
Andhra Pradesh,Guntur,2001,16.3067,80.4365,182,88,2,108,164,19,59,338,2244,0,244,300,43,1792,7,139,0,378,7848
Andhra Pradesh,Hyderabad City,2001,17.385,78.4867,111,113,7,74,160,13,67,1155,5584,0,65,1293,0,3137,24,118,0,746,11831
Andhra Pradesh,Karimnagar,2001,15.7029,79.53,162,85,6,112,134,28,50,218,784,0,220,243,33,1392,62,414,0,224,5811
Andhra Pradesh,Khammam,2001,15.9129,79.74,93,60,1,94,82,1,13,172,736,0,153,130,73,1026,17,180,0,172,4582
Andhra Pradesh,Krishna,2001,16.1809,81.1303,65,51,0,74,72,3,15,163,956,0,70,104,62,1985,10,208,0,265,4779
Andhra Pradesh,Kurnool,2001,15.8281,78.0373,133,72,4,58,94,6,22,155,594,0,84,126,5,1547,13,141,0,92,4581
Andhra Pradesh,Mahaboobnagar,2001,15.6679,79.495,157,67,26,118,84,8,27,249,632,0,157,84,0,867,14,176,0,69,4819
Andhra Pradesh,Medak,2001,16.1279,79.955,101,56,12,70,52,27,26,219,572,0,100,87,37,1367,26,100,0,192,3532
Andhra Pradesh,Nalgonda,2001,16.0579,79.885,122,60,1,70,54,6,28,133,636,0,220,122,72,1132,31,188,0,214,5002
Andhra Pradesh,Nellore,2001,14.4426,79.9865,89,69,5,92,180,14,16,244,1216,0,97,177,65,1119,10,207,0,287,5245
Andhra Pradesh,Nizamabad,2001,15.6979,79.525,106,49,14,42,76,7,22,158,468,0,51,122,30,1383,19,55,0,228,3621
Andhra Pradesh,Prakasham,2001,15.5057,80.0499,102,82,3,38,62,15,14,147,556,0,138,88,43,1266,5,140,0,119,3678
Andhra Pradesh,Ranga Reddy,2001,15.9379,79.765,214,95,16,144,212,27,78,1076,2592,0,65,527,67,2829,37,113,0,421,9867
Andhra Pradesh,Secunderabad Rly.,2001,15.7279,79.555,6,0,0,0,0,0,10,2,592,0,1,4,0,17,1,0,0,0,632
Andhra Pradesh,Srikakulam,2001,15.9979,79.825,38,10,4,16,24,1,4,118,462,0,70,53,34,679,6,38,0,108,2572
Andhra Pradesh,Vijayawada,2001,15.7729,79.6,53,44,5,50,140,3,27,491,4114,0,19,614,17,1578,2,84,0,520,7150
Andhra Pradesh,Vijayawada Rly.,2001,16.0229,79.85,2,1,0,2,0,0,1,0,530,0,1,3,0,9,0,1,0,0,549
Andhra Pradesh,Visakha Rural,2001,16.0429,79.87,58,29,0,24,24,4,3,76,330,0,138,39,31,1476,3,67,0,99,3183
Andhra Pradesh,Visakhapatnam,2001,17.6868,83.2185,22,10,1,26,26,1,5,323,1260,0,9,192,15,325,0,33,0,204,3422
Andhra Pradesh,Vizianagaram,2001,18.1067,83.3956,33,14,1,16,16,0,2,99,288,0,36,41,12,529,0,40,0,121,2178
Andhra Pradesh,Warangal,2001,16.0379,79.865,158,79,5,106,162,2,23,266,836,0,330,137,0,1718,52,241,0,165,6319
Andhra Pradesh,West Godavari,2001,16.7107,81.0952,77,58,1,122,82,7,15,257,2232,0,96,270,32,972,15,246,0,348,5696
Arunachal Pradesh,Changlang,2001,28.178,94.6878,11,2,0,2,6,5,4,18,48,0,0,3,1,30,0,3,0,0,163
Arunachal Pradesh,Dibang Valley,2001,27.973,94.4828,3,5,0,4,8,2,5,18,38,0,0,0,0,27,0,4,0,2,139
Arunachal Pradesh,Kameng East,2001,28.6333,77.2833,3,1,0,4,14,1,6,8,52,0,0,1,1,36,0,5,0,0,127
Arunachal Pradesh,Kameng West,2001,28.65,77.1,4,2,0,0,4,1,0,6,52,0,0,4,0,27,0,0,0,0,103
Arunachal Pradesh,Lohit,2001,28.248,94.7578,16,6,1,4,12,2,8,20,62,0,3,2,2,40,0,8,0,0,190
Arunachal Pradesh,Papum Pare,2001,28.193,94.7028,11,8,0,18,30,4,29,59,218,0,9,8,1,84,0,6,0,3,498
Arunachal Pradesh,Siang East,2001,28.6333,77.2833,7,0,0,10,22,4,8,25,104,0,1,4,1,58,0,7,0,2,244
Arunachal Pradesh,Siang Upper,2001,28.393,94.9028,1,1,0,4,10,0,0,5,18,0,1,0,2,15,0,3,0,0,57
Arunachal Pradesh,Siang West,2001,28.65,77.1,5,14,0,8,34,1,10,34,144,0,2,5,3,71,0,25,0,2,361
Arunachal Pradesh,Subansiri Lower,2001,28.008,94.5178,8,10,1,4,12,1,7,17,50,0,5,2,2,11,0,4,0,0,148
Arunachal Pradesh,Subansiri Upper,2001,28.273,94.7828,4,0,0,4,2,3,5,17,40,0,2,0,0,34,0,8,0,2,140
Arunachal Pradesh,Tawang,2001,28.023,94.5328,2,0,0,2,0,0,0,3,26,0,0,1,0,3,0,5,0,0,48
Arunachal Pradesh,Tirap,2001,28.038,94.5478,8,4,1,2,12,0,2,18,34,0,1,0,0,30,0,0,0,0,127
Assam,Barpeta,2001,26.1156,92.8526,64,5,0,56,210,44,45,93,374,0,196,29,38,266,10,29,0,95,1778
Assam,Bongaigaon,2001,26.1806,92.9176,45,22,0,40,72,13,25,87,184,0,87,13,12,67,1,22,0,26,810
Assam,C.I.D.,2001,26.2506,92.9876,0,0,0,0,0,0,0,0,2,0,0,5,0,0,0,0,0,0,8
Assam,Cachar,2001,26.0356,92.7726,52,30,1,90,208,29,42,189,718,0,533,33,64,286,7,80,0,216,3462
Assam,Darrang,2001,26.1256,92.8626,61,13,0,96,128,21,29,111,370,0,100,25,16,319,9,56,0,37,1454
Assam,Dhemaji,2001,26.1956,92.9326,15,16,0,84,62,2,12,26,158,0,13,15,16,203,0,26,0,0,652
Assam,Dhubri,2001,26.3056,93.0426,65,23,0,86,138,54,19,79,166,0,402,24,23,193,5,49,0,111,1505
Assam,Dibrugarh,2001,26.2906,93.0276,110,22,6,70,114,14,29,114,650,0,21,12,20,351,3,41,0,19,1565
Assam,G.R.P.,2001,26.1106,92.8476,13,1,0,2,6,8,16,11,270,0,9,0,0,35,0,0,0,0,371
Assam,Goalpara,2001,26.2456,92.9826,28,12,0,70,86,37,13,61,232,0,129,16,4,51,1,54,0,64,873
Assam,Golaghat,2001,26.0206,92.7576,53,2,0,60,88,14,27,95,422,0,26,20,21,135,0,23,0,26,1166
Assam,Guwahati City,2001,26.3806,93.1176,71,44,12,74,258,42,73,227,1472,0,151,72,18,913,5,67,0,98,4373
Assam,Hailakandi,2001,26.0156,92.7526,18,4,0,48,72,6,8,93,184,0,160,14,19,60,2,27,0,28,820
Assam,Jorhat,2001,26.3456,93.0826,40,22,2,84,74,6,27,43,460,0,30,23,13,134,2,44,0,48,1190
Assam,Kamrup,2001,26.4406,93.1776,37,30,8,42,190,31,41,196,550,0,55,50,6,404,2,42,0,27,2011
Assam,Karbi Anglong,2001,26.2156,92.9526,65,26,3,10,76,12,33,13,158,0,90,11,24,66,4,5,0,8,721
Assam,Karimganj,2001,26.1356,92.8726,32,20,0,66,84,8,5,57,228,0,271,8,17,68,1,9,0,30,864
Assam,Kokrajhar,2001,26.2256,92.9626,87,27,1,28,82,14,10,42,178,0,50,10,6,156,0,37,0,20,776
Assam,Lakhimpur,2001,26.0006,92.7376,26,21,1,128,144,15,47,124,390,0,106,71,0,386,0,22,0,93,1779
Assam,Morigaon,2001,26.1006,92.8376,20,9,0,46,78,15,10,84,132,0,79,7,5,31,0,6,0,28,731
Assam,N.C.Hills,2001,26.2206,92.9576,17,8,1,4,16,4,5,17,60,0,4,3,3,22,0,2,0,7,187
Assam,Nagaon,2001,26.1956,92.9326,95,22,3,102,238,61,33,288,982,0,267,35,41,513,1,113,0,132,3202
Assam,Nalbari,2001,25.9856,92.7226,79,36,0,60,106,16,39,96,238,0,4,18,21,172,3,16,0,15,1194
Assam,R.P.O.,2001,26.3806,93.1176,11,0,0,6,4,13,2,1,58,0,13,1,0,0,0,0,0,0,109
Assam,Sibsagar,2001,26.2106,92.9476,59,24,0,94,128,3,41,1,686,0,50,29,21,286,0,28,0,0,1643
Assam,Sonitpur,2001,26.0556,92.7926,86,25,1,106,174,30,21,175,712,0,85,21,32,451,1,43,0,99,2309
Assam,Tinsukia,2001,26.1906,92.9276,107,17,1,82,124,34,35,100,700,0,22,10,1,237,2,9,0,21,1469
Bihar,Araria,2001,25.1911,85.4081,47,27,4,186,158,40,43,80,322,0,375,47,3,10,11,3,0,50,2069
Bihar,Arwal,2001,25.0961,85.3131,37,64,1,0,26,5,8,20,48,0,76,7,14,209,7,11,0,14,591
Bihar,Aurangabad,2001,19.8762,75.3433,74,46,0,32,48,20,28,137,206,0,155,28,3,25,33,13,0,19,1690
Bihar,Bagaha,2001,25.1661,85.3831,34,67,12,50,112,1,9,7,230,0,67,15,6,343,0,4,0,2,941
Bihar,Banka,2001,24.9861,85.2031,93,16,4,68,54,51,39,51,146,0,196,3,4,8,9,0,0,16,1386
Bihar,Begusarai,2001,24.8611,85.0781,124,77,5,26,106,18,67,76,530,0,147,26,6,65,21,32,0,21,2628
Bihar,Bettiah,2001,25.1611,85.3781,66,9,20,40,168,10,32,93,530,0,340,33,21,842,17,23,0,54,2796
Bihar,Bhabhua,2001,25.2011,85.4181,41,25,3,20,86,35,26,96,368,0,186,23,21,92,8,7,0,22,1368
Bihar,Bhagalpur,2001,25.2425,86.9842,128,73,6,70,132,28,55,127,740,0,171,47,13,9,20,15,0,52,2634
Bihar,Bhojpur,2001,25.2511,85.4681,135,33,0,44,92,32,49,114,428,0,240,31,0,515,23,0,0,29,2806
Bihar,Buxar,2001,25.1611,85.3781,56,38,0,16,68,49,34,76,358,0,189,57,18,39,15,0,0,0,1674
Bihar,Darbhanga,2001,26.1542,85.8918,53,64,4,38,78,29,37,65,206,0,142,31,17,0,37,40,0,34,2572
Bihar,Gaya,2001,24.7914,85.0002,200,170,7,50,132,101,114,149,832,0,417,79,23,292,26,27,0,24,3182
Bihar,Gopalganj,2001,24.8761,85.0931,107,92,4,26,118,39,73,81,306,0,227,75,6,42,22,0,0,155,2098
Bihar,Jamalpur Rly.,2001,25.2211,85.4381,7,0,0,2,8,11,13,1,234,0,0,3,0,0,0,1,0,1,279
Bihar,Jamui,2001,25.0011,85.2181,67,74,3,20,28,23,14,40,162,0,134,7,1,225,16,8,0,15,1046
Bihar,Jehanabad,2001,25.0061,85.2231,73,80,2,12,70,17,22,53,242,0,170,51,0,0,25,0,0,4,1353
Bihar,Katihar,2001,24.8661,85.0831,60,47,2,102,98,49,30,49,292,0,193,23,1,64,6,6,0,29,1811
Bihar,Katihar Rly.,2001,25.1661,85.3831,7,0,0,0,6,19,19,12,442,0,9,9,0,0,0,2,0,0,523
Bihar,Khagaria,2001,25.3311,85.5481,72,27,2,10,68,9,29,17,172,0,167,6,1,5,11,6,0,2,895
Bihar,Kishanganj,2001,25.3061,85.5231,25,15,1,44,46,19,10,34,114,0,116,5,8,4,4,2,0,39,897
Bihar,Lakhisarai,2001,25.0211,85.2381,61,44,5,20,60,9,13,25,158,0,93,6,4,9,6,12,0,5,754
Bihar,Madhepura,2001,25.2561,85.4731,56,23,7,22,98,18,31,13,138,0,157,17,8,4,6,3,0,10,1062
Bihar,Madhubani,2001,25.1111,85.3281,35,65,5,26,72,24,17,86,196,0,195,9,4,615,12,41,0,18,2897
Bihar,Motihari,2001,24.8911,85.1081,114,98,11,88,200,37,79,105,542,0,365,103,23,112,37,3,0,47,3881
Bihar,Munger,2001,25.1211,85.3381,51,108,0,22,90,6,29,57,314,0,218,29,12,173,8,0,0,39,1758
Bihar,Muzaffarpur,2001,26.1209,85.3647,153,162,21,146,226,46,135,118,1076,0,241,94,42,103,69,81,0,141,4212
Bihar,Muzaffarpur Rly.,2001,26.1209,85.3647,13,3,0,4,10,4,15,8,626,0,13,20,1,53,0,4,0,1,770
Bihar,Nalanda,2001,24.8611,85.0781,208,249,18,80,252,56,97,92,824,0,318,34,13,611,47,14,0,54,3479
Bihar,Naugachia,2001,25.0361,85.2531,36,65,0,14,58,18,18,7,64,0,56,11,1,52,4,0,0,5,570
Bihar,Nawadah,2001,24.9511,85.1681,77,54,5,30,84,18,31,37,132,0,183,30,12,282,17,7,0,13,1515
Bihar,Patna,2001,25.5941,85.1376,434,581,30,54,394,122,414,426,3136,0,506,331,54,354,90,47,0,152,8583
Bihar,Patna Rly.,2001,25.5941,85.1376,24,21,0,2,6,33,21,4,1622,0,11,11,0,0,0,9,0,0,1755
Bihar,Purnea,2001,25.7771,87.4753,104,89,10,78,128,80,97,100,454,0,269,28,7,35,8,5,0,22,2054
Bihar,Rohtas,2001,24.9529,84.015,127,112,4,50,144,84,68,144,634,0,391,52,27,472,36,21,0,59,2961
Bihar,Saharsa,2001,25.0861,85.3031,36,151,3,24,54,3,15,24,112,0,156,25,6,229,7,9,0,12,1066
Bihar,Samastipur,2001,25.1461,85.3631,107,115,20,38,150,48,61,94,494,0,312,33,45,255,11,17,0,35,2853
Bihar,Saran,2001,25.1211,85.3381,137,70,0,40,130,75,93,96,492,0,309,14,43,878,67,22,0,101,3442
Bihar,Sheikhpura,2001,25.0111,85.2281,28,1,1,6,32,16,12,15,178,0,136,10,3,6,9,0,0,32,804
Bihar,Sheohar,2001,25.1761,85.3931,18,0,1,22,26,7,8,5,32,0,38,1,0,0,3,0,0,2,428
Bihar,Sitamarhi,2001,24.9911,85.2081,51,5,3,46,68,24,15,47,264,0,218,41,7,29,13,1,0,21,1797
Bihar,Siwan,2001,25.2711,85.4881,116,150,9,8,102,48,100,77,224,0,239,26,16,47,32,6,0,10,1853
Bihar,Supaul,2001,25.3161,85.5331,41,61,4,60,52,32,40,49,258,0,170,8,0,0,7,8,0,18,1672
Bihar,Vaishali,2001,25.0111,85.2281,110,148,13,40,180,25,43,226,524,0,295,120,8,436,59,52,0,179,4076
Chhattisgarh,Balrampur,2001,21.0337,81.6211,13,2,0,34,2,18,11,26,42,0,15,6,2,30,1,18,0,7,235
Chhattisgarh,Bilaspur,2001,21.4137,82.0011,99,42,11,138,40,5,37,551,1380,0,166,23,17,617,7,180,0,94,4353
Chhattisgarh,Bizapur,2001,21.2287,81.8161,9,13,0,8,0,2,6,9,6,0,1,0,6,11,0,1,0,0,86
Chhattisgarh,Dantewara,2001,21.4187,82.0061,83,37,0,38,22,7,5,59,128,0,14,5,5,116,1,18,0,3,739
Chhattisgarh,Dhamtari,2001,21.0837,81.6711,14,6,0,44,8,2,0,125,220,0,22,12,1,127,1,41,0,6,996
Chhattisgarh,Durg,2001,21.1937,81.7811,76,66,0,288,114,10,50,593,1786,0,48,91,35,595,12,287,0,231,6544
Chhattisgarh,Grp Raipur,2001,21.2987,81.8861,2,1,0,0,0,2,9,8,394,0,4,2,0,8,0,4,0,1,430
Chhattisgarh,Jagdalpur,2001,21.1087,81.6961,80,35,4,118,12,2,23,146,344,0,35,11,12,216,3,49,0,14,1812
Chhattisgarh,Janjgir,2001,21.3987,81.9861,48,29,0,58,18,3,25,193,474,0,105,23,23,556,9,110,0,116,2059
Chhattisgarh,Jashpur,2001,21.2137,81.8011,37,16,6,72,4,7,17,88,108,0,13,7,8,98,2,41,0,4,719
Chhattisgarh,Kanker,2001,21.1187,81.7061,31,17,1,84,8,4,5,67,106,0,23,9,3,76,1,36,0,10,760
Chhattisgarh,Kawardha,2001,21.0337,81.6211,19,12,2,70,2,2,2,69,86,0,10,4,4,167,1,45,0,15,685
Chhattisgarh,Korba,2001,21.1687,81.7561,33,13,1,92,26,0,8,221,610,0,67,47,7,515,1,90,0,31,2112
Chhattisgarh,Koriya,2001,21.2637,81.8511,35,25,4,68,14,5,6,228,306,0,21,9,7,163,3,102,0,31,1644
Chhattisgarh,Mahasamund,2001,21.3287,81.9161,18,20,5,86,14,2,6,108,292,0,30,27,10,174,6,69,0,21,1185
Chhattisgarh,Raigarh,2001,21.4987,82.0861,50,24,0,106,12,5,13,212,346,0,34,17,4,277,2,104,0,22,1650
Chhattisgarh,Raipur,2001,21.2737,81.8611,92,102,10,208,76,15,58,793,1906,0,110,64,28,1259,16,253,0,121,6786
Chhattisgarh,Rajnandgaon,2001,21.2087,81.7961,36,27,0,116,8,4,15,289,462,0,50,14,11,142,3,92,0,51,2650
Chhattisgarh,Sarguja,2001,21.1087,81.6961,105,42,1,290,34,11,42,359,628,0,103,31,32,330,1,223,0,62,3130
Goa,North Goa,2001,28.7,77.1833,22,16,4,8,8,5,10,189,582,0,33,29,10,93,2,12,0,6,1271
Goa,South Goa,2001,28.5333,77.2,14,14,1,16,10,2,15,170,570,0,31,33,6,81,0,5,0,5,1070
Gujarat,Ahmedabad Commr.,2001,23.0225,72.5714,90,58,60,78,286,22,192,695,7176,0,191,205,2,1311,7,54,0,530,13496
Gujarat,Ahmedabad Rural,2001,23.05,72.45,26,17,1,10,54,16,25,122,450,0,50,9,24,482,0,26,0,84,2146
Gujarat,Ahwa-Dang,2001,22.0737,71.0074,6,0,0,2,4,0,1,6,16,0,10,4,2,32,0,2,0,2,147
Gujarat,Amreli,2001,22.4037,71.3374,41,11,0,4,78,4,25,127,398,0,52,21,17,363,2,21,0,94,2191
Gujarat,Anand,2001,22.0237,70.9574,28,16,0,6,60,10,14,195,854,0,63,76,22,596,0,27,0,210,3879
Gujarat,Bharuch,2001,22.1287,71.0624,37,14,0,8,78,13,17,150,776,0,44,71,22,385,0,19,0,56,3052
Gujarat,Bhavnagar,2001,22.3387,71.2724,64,28,0,18,120,5,48,203,1122,0,113,103,25,100,2,36,0,129,5088
Gujarat,Dahod,2001,22.4787,71.4124,36,8,0,10,30,22,44,76,240,0,49,0,31,394,0,17,0,11,1717
Gujarat,Gandhinagar,2001,22.4987,71.4324,25,11,0,8,30,14,22,182,1170,0,64,38,5,430,3,37,0,116,3478
Gujarat,Himatnagar,2001,22.4037,71.3374,55,9,3,34,62,23,29,204,382,0,65,52,25,357,4,51,0,165,4013
Gujarat,Jamnagar,2001,22.3237,71.2574,48,27,2,40,54,2,20,204,1060,0,34,25,13,418,2,18,0,163,3857
Gujarat,Junagadh,2001,22.2037,71.1374,56,37,0,28,92,4,52,252,1094,0,88,122,14,541,11,44,0,384,5186
Gujarat,Kheda North,2001,28.7,77.1833,42,5,0,22,60,9,19,159,716,0,63,63,21,472,0,43,0,122,3851
Gujarat,Kutch,2001,22.0337,70.9674,34,29,18,4,48,8,11,133,614,0,55,40,11,467,2,25,0,176,3355
Gujarat,Mehsana,2001,22.2087,71.1424,28,17,0,8,116,28,45,195,1114,0,98,90,15,1206,5,47,0,188,5175
Gujarat,Narmada,2001,22.4387,71.3724,16,3,0,16,18,1,0,14,92,0,9,15,11,96,0,7,0,9,536
Gujarat,Navsari,2001,22.3987,71.3324,26,6,0,4,12,8,13,98,240,0,22,19,6,144,0,6,0,17,1404
Gujarat,Palanpur,2001,22.4437,71.3774,52,45,0,36,82,13,47,212,840,0,94,55,21,1370,2,50,0,152,3887
Gujarat,Panchmahal,2001,22.4837,71.4174,56,13,0,10,92,21,19,147,626,0,50,34,57,530,0,1,0,43,2535
Gujarat,Patan,2001,22.4187,71.3524,24,18,0,6,42,8,19,76,440,0,78,29,12,422,0,23,0,78,2447
Gujarat,Porbandar,2001,22.1137,71.0474,15,9,0,12,10,0,3,44,232,0,8,15,5,136,0,10,0,64,1215
Gujarat,Rajkot Commr.,2001,22.3039,70.8022,29,33,1,10,92,5,31,306,2490,0,110,71,9,628,3,19,0,199,4774
Gujarat,Rajkot Rural,2001,22.2637,71.1974,30,36,3,40,80,9,23,198,756,0,58,44,21,616,2,45,0,206,4402
Gujarat,Surat Commr.,2001,21.1702,72.8311,98,19,2,22,114,31,59,353,2844,0,127,228,10,353,20,10,0,132,4258
Gujarat,Surat Rural,2001,21.2,73.0,62,8,0,52,46,14,28,100,438,0,30,33,9,315,0,11,0,34,1766
Gujarat,Surendranagar,2001,22.3837,71.3174,38,17,0,22,58,8,13,103,408,0,73,32,9,522,2,45,0,75,3113
Gujarat,Vadodara Commr.,2001,22.3072,73.1812,34,14,0,6,70,4,39,244,1994,0,151,182,7,365,0,11,0,90,5047
Gujarat,Vadodara Rural,2001,22.2937,71.2274,71,13,1,36,76,15,21,67,420,0,34,56,10,354,0,34,0,81,3137
Gujarat,Valsad,2001,22.1587,71.0924,44,8,3,18,32,22,25,246,864,0,40,37,12,301,0,10,0,50,3109
Gujarat,W.Rly,2001,22.1487,71.0824,15,8,0,2,0,7,87,31,1802,0,7,10,1,54,0,7,0,7,2024
Haryana,Ambala,2001,29.0238,76.0506,26,23,2,22,76,7,18,316,730,0,5,76,11,280,11,27,0,132,2346
Haryana,Bhiwani,2001,29.1988,76.2256,40,20,8,20,18,10,19,132,380,0,109,54,16,267,33,17,0,43,1855
Haryana,Faridabad,2001,28.4089,77.3178,68,38,7,74,156,32,44,236,1336,0,133,61,14,304,19,47,0,108,5808
Haryana,Fatehabad,2001,28.9838,76.0106,18,23,2,34,40,8,11,96,282,0,11,52,6,210,17,17,0,93,1214
Haryana,Grp,2001,29.0888,76.1156,24,3,0,0,4,0,5,1,338,0,9,3,0,11,5,1,0,0,615
Haryana,Gurgaon,2001,28.4595,77.0266,69,30,5,64,100,19,51,294,1588,0,78,29,20,244,17,21,0,136,3502
Haryana,Hissar,2001,28.8288,75.8556,45,53,7,20,52,13,27,244,876,0,28,159,8,392,24,33,0,117,2830
Haryana,Jhajjar,2001,29.2238,76.2506,48,28,2,42,28,2,25,98,366,0,68,50,0,193,20,42,0,122,1501
Haryana,Jind,2001,29.2588,76.2856,37,21,6,42,24,30,28,151,296,0,71,51,2,160,11,22,0,67,1452
Haryana,Kaithal,2001,28.8838,75.9106,33,15,8,32,18,7,9,103,288,0,0,16,28,216,9,19,0,105,1195
Haryana,Karnal,2001,29.1488,76.1756,42,24,7,88,62,11,16,208,936,0,47,59,11,726,18,28,0,97,2383
Haryana,Kurukshetra,2001,28.8488,75.8756,20,8,4,62,28,9,13,132,686,0,0,130,4,172,10,28,0,68,1753
Haryana,Mahendragarh,2001,28.8238,75.8506,26,10,0,22,26,1,1,59,232,0,47,9,21,157,8,19,0,23,1169
Haryana,Panchkula,2001,29.0938,76.1206,12,7,1,12,36,1,5,118,452,0,1,19,2,21,4,23,0,43,1054
Haryana,Panipat,2001,28.9338,75.9606,43,26,3,76,38,28,47,182,830,0,35,53,7,144,11,16,0,92,1895
Haryana,Rewari,2001,29.0388,76.0656,21,13,4,22,26,2,7,86,310,0,39,19,23,130,12,17,0,14,1214
Haryana,Rohtak,2001,29.0188,76.0456,57,29,1,56,26,9,29,229,730,0,37,58,10,187,17,26,0,41,1856
Haryana,Sirsa,2001,28.8138,75.8406,37,33,5,34,36,3,5,194,480,0,24,43,6,349,12,23,0,98,1768
Haryana,Sonipat,2001,29.0988,76.1256,73,49,4,30,52,12,28,130,694,0,6,43,8,346,18,22,0,51,1944
Haryana,Yamunanagar,2001,29.0288,76.0556,42,14,2,44,52,14,9,100,404,0,2,32,6,235,9,30,0,63,1405
Himachal Pradesh,Bilaspur,2001,31.2398,77.3084,8,10,0,10,20,2,3,50,98,0,76,12,20,74,1,35,0,47,1074
Himachal Pradesh,Chamba,2001,31.1798,77.2484,13,3,0,24,34,0,1,92,58,0,6,8,8,63,0,23,0,21,555
Himachal Pradesh,G.R.P.,2001,31.0148,77.0834,1,0,0,0,0,0,0,0,2,0,1,0,0,0,0,0,0,0,4
Himachal Pradesh,Hamirpur,2001,30.9198,76.9884,2,5,1,6,6,0,1,29,34,0,26,11,7,178,1,17,0,33,747
Himachal Pradesh,Kangra,2001,30.9748,77.0434,24,16,3,36,60,1,4,146,216,0,125,29,26,280,1,43,0,58,2035
Himachal Pradesh,Kinnaur,2001,31.0098,77.0784,5,0,0,12,6,0,0,24,4,0,4,0,1,4,0,4,0,2,147
Himachal Pradesh,Kullu,2001,31.1698,77.2384,13,1,0,26,14,0,1,50,34,0,27,7,6,36,0,12,0,2,630
Himachal Pradesh,Lahaul-Spiti,2001,31.1348,77.2034,1,0,0,4,2,0,1,5,2,0,2,1,1,1,0,0,0,1,50
Himachal Pradesh,Mandi,2001,31.2998,77.3684,18,8,0,32,22,0,3,107,128,0,83,22,34,218,0,59,0,56,1747
Himachal Pradesh,Shimla,2001,30.9848,77.0534,14,13,2,36,26,0,7,170,376,0,122,31,13,89,2,50,0,31,1964
Himachal Pradesh,Sirmaur,2001,31.2398,77.3084,3,5,0,20,26,0,4,37,54,0,56,12,4,60,3,33,0,22,703
Himachal Pradesh,Solan,2001,30.9498,77.0184,11,8,4,24,26,0,1,77,118,0,62,7,9,279,2,23,0,24,1130
Himachal Pradesh,Una,2001,31.3348,77.4034,6,6,1,18,10,1,2,57,76,0,38,6,5,121,0,11,0,20,713
Jammu & Kashmir,Anantnag,2001,33.7032,76.5012,74,41,0,12,118,5,16,126,166,0,67,28,51,20,0,53,0,0,1104
Jammu & Kashmir,Awantipora,2001,33.9232,76.7212,25,3,0,2,28,0,4,21,38,0,10,1,9,2,0,8,0,0,316
Jammu & Kashmir,Baramulla,2001,34.0082,76.8062,144,155,2,56,150,2,16,114,312,0,146,11,40,18,0,93,0,0,1533
Jammu & Kashmir,Border,2001,33.9582,76.7562,6,42,0,24,20,0,0,24,38,0,15,16,2,14,0,15,0,3,708
Jammu & Kashmir,Budgam,2001,33.7632,76.5612,78,103,6,14,80,0,2,65,188,0,88,6,13,0,0,35,0,0,812
Jammu & Kashmir,Crime Jammu,2001,33.6682,76.4662,0,0,0,0,0,0,0,0,0,0,0,27,0,0,0,0,0,0,27
Jammu & Kashmir,Crime Srinagar,2001,33.6932,76.4912,0,0,0,0,0,0,0,0,0,0,0,61,0,0,0,0,0,0,69
Jammu & Kashmir,Doda,2001,22.3072,73.1812,104,147,0,14,30,2,6,19,36,0,17,4,40,13,0,6,0,1,627
Jammu & Kashmir,Ganderbal,2001,33.7582,76.5562,24,8,2,10,66,1,0,28,88,0,50,3,13,6,0,30,0,0,395
Jammu & Kashmir,Jammu,2001,33.7132,76.5112,27,82,6,26,86,0,4,238,958,0,103,62,13,58,5,40,0,26,3607
Jammu & Kashmir,Kargil,2001,33.9032,76.7012,0,0,0,0,4,0,0,2,12,0,5,0,3,1,0,1,0,0,82
Jammu & Kashmir,Kathua,2001,33.7082,76.5062,16,28,1,26,22,1,2,50,74,0,43,8,15,28,3,14,0,1,817
Jammu & Kashmir,Kulgam,2001,34.0182,76.8162,39,16,2,12,70,1,17,36,86,0,77,6,34,9,0,7,0,0,635
Jammu & Kashmir,Kupwara,2001,33.7082,76.5062,141,269,0,12,94,0,1,36,78,0,74,10,22,18,0,62,0,0,1027
Jammu & Kashmir,Leh,2001,33.5582,76.3562,3,1,0,0,2,0,0,7,12,0,5,3,0,0,0,1,0,0,137
Jammu & Kashmir,Poonch,2001,33.8532,76.6512,100,189,0,26,32,1,0,13,134,0,30,6,40,27,0,4,0,2,766
Jammu & Kashmir,Pulwama,2001,33.6182,76.4162,46,90,0,14,74,1,27,66,288,0,127,10,23,9,0,19,0,0,883
Jammu & Kashmir,Railways,2001,33.9382,76.7362,1,1,0,0,0,0,0,1,6,0,0,0,0,0,0,0,0,0,17
Jammu & Kashmir,Rajouri,2001,33.9932,76.7912,76,97,1,34,40,2,4,28,42,0,3,14,18,34,3,7,0,6,965
Jammu & Kashmir,Ramban,2001,33.6332,76.4312,51,50,1,6,14,1,1,11,24,0,2,3,19,19,0,3,0,0,537
Jammu & Kashmir,Reasi,2001,33.5782,76.3762,36,75,3,14,22,1,0,8,44,0,6,2,12,3,0,5,0,0,389
Jammu & Kashmir,Srinagar,2001,33.9132,76.7112,63,49,8,16,230,6,59,382,980,0,158,102,64,18,0,207,0,2,3042
Jammu & Kashmir,Udhampur,2001,34.0182,76.8162,21,28,1,20,30,0,2,70,234,0,46,8,6,21,2,12,0,9,1010
Jharkhand,Bokaro,2001,23.7552,85.4249,70,75,2,52,76,40,66,108,870,0,119,17,13,74,25,24,0,45,1936
Jharkhand,Chaibasa,2001,23.6402,85.3099,109,34,10,64,34,9,9,38,198,0,22,22,5,35,0,6,0,0,669
Jharkhand,Chatra,2001,23.8152,85.4849,40,10,0,12,20,23,15,30,160,0,90,13,1,0,7,0,0,6,748
Jharkhand,Deoghar,2001,23.6502,85.3199,47,82,4,44,14,15,15,66,258,0,118,14,11,259,10,13,0,10,1106
Jharkhand,Dhanbad,2001,23.4652,85.1349,97,31,7,64,114,64,48,203,1092,0,205,77,14,318,30,47,0,18,2916
Jharkhand,Dhanbad Rly.,2001,23.4652,85.1349,11,0,0,4,8,12,13,9,418,0,4,8,0,0,0,0,0,0,487
Jharkhand,Dumka,2001,23.8202,85.4899,63,32,4,54,48,13,8,48,132,0,75,8,16,263,3,20,0,23,1016
Jharkhand,Garhwa,2001,23.4552,85.1249,32,6,6,22,10,19,17,32,108,0,113,15,12,125,15,0,0,5,788
Jharkhand,Giridih,2001,23.4852,85.1549,63,65,6,84,30,56,27,116,222,0,173,49,21,38,30,13,0,57,1918
Jharkhand,Godda,2001,23.5752,85.2449,61,0,0,74,60,24,18,66,140,0,90,3,0,0,1,0,0,0,1030
Jharkhand,Gumla,2001,23.5002,85.1699,136,18,7,58,32,30,44,31,112,0,40,7,0,0,0,2,0,10,658
Jharkhand,Hazaribagh,2001,23.5352,85.2049,76,35,4,82,84,88,68,150,696,0,268,54,5,479,31,15,0,18,2498
Jharkhand,Jamshedpur,2001,23.8202,85.4899,81,190,8,100,120,12,27,134,686,0,131,115,8,76,6,58,0,88,2712
Jharkhand,Jamshedpur Rly.,2001,23.3802,85.0499,4,0,0,2,0,6,4,3,130,0,2,3,0,0,0,1,0,0,154
Jharkhand,Jamtara,2001,23.6302,85.2999,22,30,0,36,28,8,9,21,136,0,61,10,3,146,5,13,0,20,510
Jharkhand,Koderma,2001,23.8052,85.4749,21,18,1,4,28,13,15,27,154,0,80,17,3,18,11,8,0,29,667
Jharkhand,Latehar,2001,23.6402,85.3099,54,8,5,24,8,47,9,13,96,0,27,0,0,0,6,0,0,0,380
Jharkhand,Lohardagga,2001,23.8352,85.5049,33,4,0,24,28,8,11,14,56,0,29,5,3,11,0,4,0,10,311
Jharkhand,Pakur,2001,23.4152,85.0849,31,19,0,46,14,11,5,13,74,0,39,19,7,5,7,0,0,18,483
Jharkhand,Palamu,2001,23.5902,85.2599,73,52,3,30,28,46,32,71,188,0,160,5,23,343,18,8,0,28,1461
Jharkhand,Ranchi,2001,23.4002,85.0699,243,65,18,146,2,85,140,2,1294,0,66,55,10,21,4,24,0,78,2129
Jharkhand,Sahebganj,2001,23.5702,85.2399,47,34,3,40,34,12,8,25,160,0,72,19,10,42,3,23,0,21,628
Jharkhand,Saraikela,2001,23.5452,85.2149,44,56,53,34,38,20,12,43,246,0,29,17,0,0,4,18,0,0,692
Jharkhand,Simdega,2001,23.4902,85.1599,49,2,2,34,24,23,27,3,28,0,5,2,0,1,1,0,0,0,247
Karnataka,Bagalkot,2001,15.1423,75.5389,59,34,10,4,34,2,3,47,210,0,218,18,12,315,1,39,0,50,1710
Karnataka,Bangalore Commr.,2001,12.9716,77.5946,221,327,5,80,304,56,284,2108,12586,0,298,1708,3,3735,40,223,0,229,27254
Karnataka,Bangalore Rural,2001,13.0827,77.5877,137,86,2,26,74,23,32,405,1066,0,358,60,39,1097,30,90,0,123,5209
Karnataka,Belgaum,2001,15.8497,74.4977,120,55,2,16,54,19,47,212,772,0,389,102,25,1002,4,62,0,125,5053
Karnataka,Bellary,2001,15.3773,75.7739,58,41,1,32,28,5,20,179,606,0,260,19,13,709,5,82,0,49,3229
Karnataka,Bidar,2001,15.5473,75.9439,48,58,4,14,38,9,36,154,404,0,163,33,21,1015,2,90,0,51,4371
Karnataka,Bijapur,2001,15.1273,75.5239,51,47,4,12,48,5,21,108,404,0,396,19,34,695,1,65,0,92,2941
Karnataka,Chamarajnagar,2001,15.3773,75.7739,19,18,0,8,10,2,9,72,266,0,107,10,25,480,7,43,0,15,1390
Karnataka,Chickmagalur,2001,15.3073,75.7039,41,24,3,16,24,4,10,148,444,0,187,25,5,885,4,57,0,83,2766
Karnataka,Chitradurga,2001,15.2373,75.6339,31,22,0,36,8,8,20,115,290,0,269,22,8,717,2,48,0,35,2691
Karnataka,Dakshin Kannada,2001,15.2273,75.6239,33,36,0,6,18,1,8,214,438,0,127,55,12,411,1,24,0,25,3047
Karnataka,Davanagere,2001,15.4473,75.8439,58,39,6,44,46,6,26,246,664,0,297,46,1,684,8,84,0,77,3301
Karnataka,Dharwad Commr.,2001,15.4589,75.0078,16,24,0,8,16,5,34,159,490,0,168,56,7,191,2,3,0,24,1902
Karnataka,Dharwad Rural,2001,15.4589,75.0078,25,10,2,6,6,3,5,30,76,0,110,14,0,132,3,8,0,8,899
Karnataka,Gadag,2001,15.2073,75.6039,22,17,1,4,8,4,13,55,110,0,109,23,1,165,3,10,0,18,899
Karnataka,Gulbarga,2001,17.3297,76.8343,95,83,3,40,70,13,61,246,536,0,423,68,25,1148,6,143,0,104,4169
Karnataka,Hassan,2001,15.2273,75.6239,64,69,0,40,34,5,23,162,536,0,210,17,0,1483,4,75,0,68,4039
Karnataka,Haveri,2001,15.5423,75.9389,24,17,4,6,24,7,10,85,222,0,260,20,0,393,5,42,0,32,2211
Karnataka,K.G.F.,2001,15.4423,75.8389,20,22,3,2,24,4,6,94,216,0,73,12,0,256,4,12,0,20,906
Karnataka,Kodagu,2001,15.1573,75.5539,26,33,2,8,8,1,3,105,174,0,170,6,3,350,4,22,0,14,1301
Karnataka,Kolar,2001,15.4823,75.8789,69,72,4,34,42,3,25,156,568,0,373,48,0,664,18,42,0,39,3230
Karnataka,Koppal,2001,15.4823,75.8789,23,33,0,12,24,3,8,71,240,0,166,21,5,279,5,40,0,23,1406
Karnataka,Mandya,2001,15.1123,75.5089,67,47,3,30,18,2,28,195,656,0,280,30,0,1431,7,50,0,72,4807
Karnataka,Mysore Commr.,2001,12.2958,76.6394,32,34,0,4,22,0,32,109,652,0,67,52,0,360,9,8,0,48,1903
Karnataka,Mysore Rural,2001,15.1723,75.5689,53,58,1,24,28,0,0,167,400,0,212,15,0,1081,6,79,0,51,2900
Karnataka,Raichur,2001,15.4623,75.8589,33,38,9,24,22,7,13,137,300,0,261,94,15,602,1,63,0,52,2384
Karnataka,Railways,2001,15.4773,75.8739,12,0,0,2,2,3,11,9,662,0,16,2,0,17,1,0,0,0,736
Karnataka,Shimoga,2001,15.2973,75.6939,56,48,1,24,28,1,15,206,584,0,260,31,20,1148,6,65,0,134,4178
Karnataka,Tumkur,2001,15.4373,75.8339,80,55,4,12,42,11,27,237,778,0,234,26,69,1099,28,53,0,44,4141
Karnataka,Udupi,2001,15.4773,75.8739,16,14,0,4,4,1,12,93,224,0,107,15,5,304,0,16,0,16,1959
Karnataka,Uttar Kannada,2001,15.2673,75.6639,17,14,0,8,10,1,5,70,162,0,118,11,4,437,3,27,0,34,2319
Kerala,Alapuzha,2001,10.8705,76.2911,22,32,2,42,16,2,18,227,390,0,419,152,35,1373,1,162,0,105,7319
Kerala,Cbcid,2001,10.8355,76.2561,22,7,0,4,4,1,1,5,10,0,6,37,1,5,0,0,0,4,250
Kerala,Ernakulam,2001,10.9455,76.3661,44,67,7,76,40,25,80,592,2528,0,626,267,25,1756,3,162,0,161,14843
Kerala,Idukki,2001,10.9005,76.3211,33,30,1,68,0,3,16,240,508,0,301,78,10,1726,0,145,0,127,5421
Kerala,Kannur,2001,10.6755,76.0961,26,58,4,84,24,1,18,277,426,0,831,183,6,1175,0,77,0,157,5888
Kerala,Kasargod,2001,10.7755,76.1961,18,23,2,56,8,32,9,132,290,0,683,55,0,627,0,0,0,66,3116
Kerala,Kollam,2001,10.9005,76.3211,41,65,21,110,32,13,62,334,582,0,575,120,63,2398,3,235,0,315,9282
Kerala,Kottayam,2001,11.0855,76.5061,34,26,3,44,36,2,54,319,746,0,347,252,17,1763,2,125,0,82,7082
Kerala,Kozhikode,2001,11.2588,75.7804,34,35,8,78,24,29,15,448,856,0,1127,302,391,1035,2,118,0,319,8394
Kerala,Malappuram,2001,10.7305,76.1511,23,33,5,142,34,6,11,288,680,0,663,211,30,1119,3,92,0,448,7428
Kerala,Palakkad,2001,10.8855,76.3061,45,57,14,126,28,11,30,342,630,0,608,159,67,1629,5,112,0,215,6516
Kerala,Pathanamthitta,2001,10.7905,76.2111,20,13,16,24,0,1,7,144,258,0,224,65,29,970,0,90,0,95,4100
Kerala,Railways,2001,11.0105,76.4311,0,0,0,2,0,0,2,1,394,0,39,1,0,9,0,0,0,0,448
Kerala,Thrissur,2001,10.5276,76.2144,42,79,20,84,36,14,82,406,1032,0,577,390,4,1329,2,223,0,198,10465
Kerala,Trivandrum,2001,10.9855,76.4061,53,79,6,114,82,44,104,597,1272,0,892,394,77,2436,6,345,0,210,11368
Kerala,Wayanadu,2001,11.0555,76.4761,15,11,2,70,2,5,8,122,280,0,190,90,13,479,0,56,0,59,2086
Madhya Pradesh,Balaghat,2001,22.9584,78.6419,56,43,8,174,22,5,7,229,452,0,42,10,18,568,3,157,0,72,2925
Madhya Pradesh,Barwani,2001,22.9784,78.6619,41,30,3,68,4,4,18,130,474,0,35,5,10,795,5,81,0,18,2008
Madhya Pradesh,Betul,2001,23.1484,78.8319,56,48,1,190,38,0,18,199,492,0,9,15,16,521,7,135,0,71,2637
Madhya Pradesh,Bhind,2001,22.8084,78.4919,63,97,2,62,94,11,28,223,566,0,99,28,17,851,34,80,0,54,3361
Madhya Pradesh,Bhopal,2001,23.2599,77.4126,61,109,0,212,110,14,99,852,2702,0,77,192,8,652,15,252,0,132,13708
Madhya Pradesh,Bhopal Rly.,2001,23.2599,77.4126,5,3,0,2,4,1,25,10,1410,0,3,8,0,1,0,10,0,0,1472
Madhya Pradesh,Chhatarpur,2001,23.0184,78.7019,54,72,1,130,56,8,42,240,326,0,104,36,20,445,20,193,0,46,3361
Madhya Pradesh,Chhindwara,2001,23.1184,78.8019,78,51,2,186,36,1,18,165,478,0,26,67,26,1085,10,203,0,109,3672
Madhya Pradesh,Damoh,2001,22.7384,78.4219,43,78,0,132,36,4,24,114,376,0,54,18,32,1042,28,189,0,58,2879
Madhya Pradesh,Datiya,2001,23.1234,78.8069,53,55,0,24,50,4,26,87,206,0,30,8,9,424,8,57,0,18,1866
Madhya Pradesh,Dewas,2001,22.9584,78.6419,50,112,0,156,40,11,67,367,1354,0,119,22,39,508,15,279,0,96,5039
Madhya Pradesh,Dhar,2001,15.4589,75.0078,89,99,0,136,44,16,35,285,1302,0,48,25,28,635,41,168,0,88,4910
Madhya Pradesh,Dindori,2001,22.7284,78.4119,13,4,0,40,4,0,2,52,88,0,6,6,4,119,0,53,0,4,821
Madhya Pradesh,Guna,2001,22.9584,78.6419,71,72,4,248,34,21,50,448,700,0,171,27,35,1602,7,317,0,95,6001
Madhya Pradesh,Gwalior,2001,26.2183,78.1828,84,168,5,118,92,9,144,939,1850,0,170,81,25,1084,20,139,0,49,6846
Madhya Pradesh,Harda,2001,23.0384,78.7219,14,12,0,56,4,1,3,43,148,0,23,9,8,109,9,35,0,27,746
Madhya Pradesh,Hoshangabad,2001,23.1584,78.8419,53,57,27,130,32,0,31,253,572,0,33,25,13,479,9,109,0,31,2741
Madhya Pradesh,Indore,2001,22.7196,75.8577,111,133,1,168,100,15,112,874,5416,0,129,149,29,1306,25,215,0,161,13063
Madhya Pradesh,Indore Rly.,2001,22.7196,75.8577,6,4,2,4,0,1,7,3,386,0,2,5,0,14,0,5,0,0,432
Madhya Pradesh,Jabalpur,2001,23.1815,79.9864,103,167,28,216,66,3,126,596,1774,0,112,40,15,2024,28,264,0,81,8333
Madhya Pradesh,Jabalpur Rly.,2001,23.1815,79.9864,3,0,0,0,0,1,15,0,442,0,1,2,0,14,1,4,0,0,478
Madhya Pradesh,Jhabua,2001,23.1184,78.8019,124,119,3,88,166,10,20,163,538,0,74,10,45,634,5,127,0,24,3416
Madhya Pradesh,Katni,2001,23.1084,78.7919,51,37,1,50,18,0,29,168,478,0,33,26,8,816,11,106,0,59,2285
Madhya Pradesh,Khandwa,2001,22.8834,78.5669,41,46,0,126,28,6,11,311,580,0,64,44,9,84,11,184,0,49,3911
Madhya Pradesh,Khargon,2001,22.9484,78.6319,47,41,5,94,30,14,21,171,1066,0,80,16,17,540,5,164,0,21,3499
Madhya Pradesh,Mandla,2001,22.7384,78.4219,35,13,0,128,18,2,11,190,232,0,18,29,15,444,4,151,0,46,2122
Madhya Pradesh,Mandsaur,2001,22.8484,78.5319,28,33,1,82,30,3,32,197,888,0,56,27,27,345,4,102,0,30,2616
Madhya Pradesh,Morena,2001,22.8584,78.5419,63,99,2,70,70,19,76,381,1128,0,198,13,19,929,29,77,0,34,5229
Madhya Pradesh,Narsinghpur,2001,22.9434,78.6269,38,49,0,140,14,2,11,121,298,0,32,10,24,832,22,156,0,40,2311
Madhya Pradesh,Neemuch,2001,22.8684,78.5519,17,18,0,74,32,5,15,203,752,0,65,32,18,391,1,83,0,62,2208
Madhya Pradesh,Panna,2001,22.7284,78.4119,24,26,0,88,22,1,10,145,198,0,54,10,11,62,19,104,0,31,1921
Madhya Pradesh,Raisen,2001,22.8984,78.5819,39,79,9,158,22,5,27,116,374,0,59,7,18,460,20,194,0,50,3009
Madhya Pradesh,Rajgarh,2001,23.0634,78.7469,42,68,1,190,24,4,35,135,436,0,161,13,51,538,7,196,0,49,3718
Madhya Pradesh,Ratlam,2001,23.0084,78.6919,58,60,0,140,42,11,54,233,936,0,42,37,17,448,4,125,0,53,3342
Madhya Pradesh,Rewa,2001,23.0034,78.6869,53,54,0,62,52,8,67,706,820,0,149,23,31,445,18,105,0,56,4603
Madhya Pradesh,Sagar,2001,23.2134,78.8969,84,122,0,282,60,4,53,473,994,0,151,56,51,2669,29,509,0,142,7681
Madhya Pradesh,Satna,2001,23.1784,78.8619,49,48,0,116,32,5,52,588,990,0,87,12,34,822,19,157,0,65,4763
Madhya Pradesh,Seoni,2001,22.8884,78.5719,40,25,3,104,6,2,6,122,322,0,49,19,7,344,10,106,0,25,2143
Madhya Pradesh,Shahdol,2001,22.7684,78.4519,57,28,4,126,26,3,34,464,780,0,44,19,26,433,9,216,0,87,4162
Madhya Pradesh,Shajapur,2001,23.0784,78.7619,42,46,1,180,26,4,47,273,1176,0,92,28,35,744,8,153,0,65,3663
Madhya Pradesh,Sheopur,2001,22.7384,78.4219,24,30,2,42,36,8,10,54,188,0,38,8,4,321,6,52,0,14,1053
Madhya Pradesh,Shivpuri,2001,23.1434,78.8269,88,63,2,144,40,16,48,272,510,0,140,27,38,792,14,172,0,26,4321
Madhya Pradesh,Sidhi,2001,22.8634,78.5469,36,21,2,84,66,10,15,315,692,0,33,25,23,561,27,105,0,66,3508
Madhya Pradesh,Sihore,2001,22.9134,78.5969,35,54,1,118,58,3,19,355,728,0,53,26,23,331,5,130,0,45,3389
Madhya Pradesh,Tikamgarh,2001,23.0834,78.7669,53,46,3,172,14,8,46,154,344,0,90,12,26,878,15,177,0,27,3078
Madhya Pradesh,Ujjain,2001,23.1765,75.7885,84,163,1,118,88,7,79,826,2774,0,133,64,38,744,7,161,0,109,7641
Madhya Pradesh,Umariya,2001,23.0784,78.7619,19,12,0,50,6,2,19,130,254,0,30,16,12,130,2,61,0,21,1849
Madhya Pradesh,Vidisha,2001,23.0934,78.7769,47,56,0,224,20,4,20,174,536,0,77,26,35,880,13,245,0,56,3635
Maharashtra,Ahmednagar,2001,19.7715,75.7339,97,41,1,88,74,26,104,312,1430,0,266,59,44,575,0,74,0,496,4391
Maharashtra,Akola,2001,19.8715,75.8339,64,41,0,30,30,9,41,298,1470,0,99,59,48,836,2,109,0,189,4020
Maharashtra,Amravati Commr.,2001,19.9615,75.9239,44,29,3,46,54,10,48,259,1624,0,95,41,15,429,10,43,0,55,2837
Maharashtra,Amravati Rural,2001,19.8215,75.7839,72,23,0,84,58,1,36,359,2062,0,112,31,23,884,4,99,0,92,3745
Maharashtra,Aurangabad Commr.,2001,19.8762,75.3433,36,27,0,28,38,5,40,239,1006,0,130,108,3,371,4,33,0,102,2351
Maharashtra,Aurangabad Rural,2001,19.9115,75.8739,61,12,0,56,32,15,49,193,546,0,139,35,24,780,6,53,0,247,2708
Maharashtra,Beed,2001,19.6065,75.5689,68,43,1,44,50,17,62,264,998,0,272,41,38,1012,2,78,0,177,3644
Maharashtra,Bhandara,2001,19.8215,75.7839,32,22,3,78,8,2,15,195,804,0,63,19,55,392,5,71,0,60,2252
Maharashtra,Buldhana,2001,19.6415,75.6039,49,32,1,44,44,12,27,227,1498,0,246,46,69,753,35,118,0,223,3701
Maharashtra,Chandrapur,2001,19.8215,75.7839,49,26,4,86,20,8,36,253,1144,0,110,35,39,538,2,102,0,144,3123
Maharashtra,Dhule,2001,19.8865,75.8489,48,25,1,32,12,10,13,96,720,0,86,36,22,338,6,17,0,127,2040
Maharashtra,Gadchiroli,2001,19.7565,75.7189,47,24,3,54,14,11,15,127,248,0,28,12,51,246,0,55,0,57,1364
Maharashtra,Gondia,2001,19.5815,75.5439,41,17,3,46,34,8,13,238,652,0,20,30,20,328,4,85,0,80,2006
Maharashtra,Hingoli,2001,19.6515,75.6139,36,27,0,40,18,6,39,119,482,0,96,20,33,471,2,44,0,134,1841
Maharashtra,Jalgaon,2001,19.7315,75.6939,83,44,0,38,32,21,30,238,1114,0,157,119,22,721,5,76,0,389,4014
Maharashtra,Jalna,2001,19.7165,75.6789,43,24,0,32,24,14,46,209,690,0,120,38,38,675,5,56,0,172,2529
Maharashtra,Kolhapur,2001,19.6715,75.6339,54,33,3,52,42,14,32,299,1122,0,129,71,20,516,19,46,0,80,3162
Maharashtra,Latur,2001,19.8315,75.7939,42,17,0,14,44,5,31,157,562,0,211,45,28,992,38,50,0,150,3044
Maharashtra,Mumbai,2001,18.922,72.8347,295,200,6,254,296,141,406,2863,23128,0,196,1270,6,3845,18,274,0,198,32900
Maharashtra,Mumbai Rly.,2001,19.6465,75.6089,12,9,1,4,2,3,29,3,3512,0,13,34,0,30,0,5,0,0,3651
Maharashtra,Nagpur Commr.,2001,21.1458,79.0882,112,70,2,78,128,69,171,1388,5332,0,235,263,15,1078,7,75,0,218,9912
Maharashtra,Nagpur Rly.,2001,19.8415,75.8039,12,1,0,4,0,6,20,2,1524,0,18,7,2,29,2,4,0,0,1625
Maharashtra,Nagpur Rural,2001,19.6665,75.6289,101,56,6,162,46,8,58,501,2148,0,180,37,81,1050,3,131,0,141,5680
Maharashtra,Nanded,2001,19.9715,75.9339,80,66,4,46,82,32,93,426,1078,0,217,128,67,1480,21,85,0,202,5348
Maharashtra,Nandurbar,2001,19.5415,75.5039,44,20,0,32,12,4,5,68,264,0,80,13,4,240,2,27,0,78,1079
Maharashtra,Nasik Commr.,2001,19.8865,75.8489,25,14,2,18,28,8,16,263,1058,0,139,61,19,245,3,19,0,99,2195
Maharashtra,Nasik Rural,2001,19.9065,75.8689,92,54,1,78,34,40,36,280,894,0,518,54,69,926,7,74,0,339,4880
Maharashtra,Navi Mumbai,2001,19.5315,75.4939,34,18,0,34,38,31,62,375,1786,0,80,148,3,354,5,23,0,57,3063
Maharashtra,Osmanabad,2001,19.6415,75.6039,48,13,1,32,16,9,29,189,698,0,101,34,26,903,2,52,0,102,2702
Maharashtra,Parbhani,2001,19.5665,75.5289,49,28,0,50,44,7,43,143,460,0,148,42,31,994,1,57,0,120,2475
Maharashtra,Pune Commr.,2001,18.5204,73.8567,71,44,3,112,92,27,98,840,5016,0,903,347,16,1004,2,54,0,147,8936
Maharashtra,Pune Rly.,2001,19.7565,75.7189,4,1,2,0,0,1,4,0,604,0,3,3,0,10,0,3,0,0,630
Maharashtra,Pune Rural,2001,19.6315,75.5939,119,41,6,84,48,43,70,301,1270,0,150,46,28,517,5,64,0,165,4380
Maharashtra,Raigad,2001,19.7865,75.7489,53,11,0,40,16,20,27,200,592,0,104,44,10,276,1,29,0,55,2218
Maharashtra,Ratnagiri,2001,19.9015,75.8639,17,5,1,20,16,5,14,97,512,0,69,20,17,232,0,32,0,62,1431
Maharashtra,Sangli,2001,19.5815,75.5439,85,24,1,64,36,11,27,225,1030,0,128,55,47,566,12,54,0,96,2999
Maharashtra,Satara,2001,19.8865,75.8489,57,19,0,64,24,8,20,266,928,0,93,91,24,487,13,49,0,179,3465
Maharashtra,Sindhudurg,2001,19.7465,75.7089,14,4,1,14,4,1,4,125,212,0,17,13,11,171,0,20,0,8,821
Maharashtra,Solapur Commr.,2001,19.8765,75.8389,30,14,1,32,30,8,32,165,612,0,70,49,3,230,6,15,0,62,1567
Maharashtra,Solapur Rural,2001,19.7715,75.7339,101,30,3,70,46,31,29,134,730,0,162,30,29,637,6,40,0,90,3145
Maharashtra,Thane Commr.,2001,19.2183,72.9781,133,81,3,78,124,79,146,1022,3548,0,223,477,4,1285,6,69,0,212,7200
Maharashtra,Thane Rural,2001,19.5965,75.5589,140,33,17,130,56,54,53,496,1046,0,148,83,30,635,6,76,0,104,3780
Maharashtra,Wardha,2001,19.8415,75.8039,60,25,4,70,24,6,20,266,1184,0,174,29,27,757,9,98,0,89,3443
Maharashtra,Washim,2001,19.5515,75.5139,29,21,3,30,26,7,17,121,818,0,65,5,22,396,10,60,0,116,1826
Maharashtra,Yavatmal,2001,19.9265,75.8889,56,45,10,112,74,4,33,232,1576,0,106,45,25,978,12,125,0,177,4157
Manipur,Bishnupur,2001,24.4637,93.7063,29,25,1,2,6,3,2,6,22,0,11,3,7,21,0,0,0,1,226
Manipur,Chandel,2001,24.8937,94.1363,7,7,0,0,2,16,4,2,2,0,0,1,1,13,0,0,0,0,74
Manipur,Churachandpur,2001,24.7837,94.0263,35,21,0,2,0,0,0,4,24,0,0,3,3,3,0,0,0,0,132
Manipur,Imphal(East),2001,28.6333,77.2833,29,29,2,14,26,0,1,12,56,0,24,16,8,26,0,2,0,1,337
Manipur,Imphal(West),2001,28.65,77.1,44,42,2,14,96,1,2,38,242,0,83,25,27,75,0,17,0,3,1084
Manipur,Senapati,2001,24.4637,93.7063,27,10,0,0,12,0,1,2,18,0,2,1,2,1,0,0,0,0,176
Manipur,Tamenglong,2001,24.4787,93.7213,2,1,0,0,0,0,0,1,8,0,0,0,3,2,0,0,0,0,17
Manipur,Thoubal,2001,24.4487,93.6913,32,32,0,8,44,17,6,8,40,0,11,17,13,56,0,1,0,0,403
Manipur,Ukhrul,2001,24.7087,93.9513,4,1,0,0,2,0,3,2,22,0,0,0,0,4,0,1,0,0,43
Meghalaya,Garo Hills East,2001,28.6333,77.2833,16,9,0,4,10,7,14,7,32,0,1,1,1,12,0,2,0,0,134
Meghalaya,Garo Hills South,2001,28.5333,77.2,6,3,0,2,4,3,4,2,16,0,1,0,0,2,0,0,0,1,49
Meghalaya,Garo Hills West,2001,28.65,77.1,19,3,0,10,28,9,4,34,60,0,3,4,3,24,0,8,0,0,235
Meghalaya,Jaintia Hills,2001,25.487,91.3862,35,3,0,14,12,17,7,8,60,0,1,2,2,21,0,3,0,0,214
Meghalaya,Khasi Hills East,2001,28.6333,77.2833,50,25,1,10,40,30,68,109,284,0,2,18,19,30,0,8,0,3,754
Meghalaya,Khasi Hills West,2001,28.65,77.1,16,2,0,8,0,19,16,0,46,0,0,1,0,3,0,2,0,0,125
Meghalaya,Ri-Bhoi,2001,25.712,91.6112,22,2,1,4,16,15,12,10,44,0,0,3,1,10,0,2,0,0,176
Mizoram,Aizawl,2001,23.3695,93.1426,12,6,4,52,0,0,8,265,1124,0,1,45,16,39,0,13,0,1,1568
Mizoram,Champhai,2001,23.1495,92.9226,2,1,0,14,2,0,0,37,102,0,0,8,1,15,0,7,0,0,203
Mizoram,Kolasib,2001,23.3695,93.1426,3,1,1,12,0,0,0,19,166,0,1,5,6,11,0,15,0,0,224
Mizoram,Lawngtlai,2001,23.2295,93.0026,2,0,0,4,0,1,0,10,50,0,0,2,1,5,0,0,0,0,160
Mizoram,Lunglei,2001,23.3295,93.1026,5,4,0,6,0,1,0,47,240,0,0,5,0,5,0,11,0,0,313
Mizoram,Mamit,2001,23.2195,92.9926,4,0,0,0,0,1,13,1,24,0,1,0,0,2,0,0,0,15,74
Mizoram,Saiha,2001,22.9895,92.7626,2,2,0,6,0,0,1,29,0,0,0,6,0,9,0,6,0,0,182
Mizoram,Serchhip,2001,23.3445,93.1176,1,1,0,10,2,0,1,9,50,0,0,0,0,8,0,0,0,0,82
Nagaland,Dimapur,2001,26.3284,94.7324,36,5,4,8,26,4,89,55,228,0,0,7,0,10,0,0,0,0,468
Nagaland,Kiphire,2001,26.1734,94.5774,1,0,0,0,0,0,0,2,10,0,0,0,0,0,0,0,0,0,18
Nagaland,Kohima,2001,26.0484,94.4524,25,16,0,12,6,2,19,30,132,0,0,16,0,6,0,6,0,0,335
Nagaland,Mokokchung,2001,26.2884,94.6924,12,2,4,2,2,1,5,14,24,0,0,3,1,5,0,0,0,0,93
Nagaland,Mon,2001,25.9134,94.3174,3,3,1,4,4,1,5,13,12,0,0,2,0,6,0,0,0,0,57
Nagaland,Peren,2001,26.1434,94.5474,0,2,0,0,0,0,1,9,8,0,0,1,0,0,0,0,0,0,28
Nagaland,Phek,2001,26.2334,94.6374,7,4,0,2,4,2,2,9,14,0,0,0,0,5,0,0,0,0,51
Nagaland,Tuensang,2001,26.1484,94.5524,1,3,0,0,0,1,2,7,10,0,0,2,0,0,0,0,0,0,41
Nagaland,Wokha,2001,26.2734,94.6774,12,3,0,2,4,0,3,11,56,0,2,1,0,5,0,0,0,0,99
Nagaland,Zunheboto,2001,26.1234,94.5274,4,1,0,4,0,0,3,13,22,0,0,2,0,0,0,0,0,0,54
Odisha,Angul,2001,21.1617,85.3085,39,27,5,66,10,3,19,85,350,0,62,26,22,127,8,90,0,53,1461
Odisha,Balasore,2001,20.7367,84.8835,17,10,2,116,74,13,43,175,328,0,76,27,26,173,36,92,0,68,2341
Odisha,Baragarh,2001,20.7917,84.9385,23,36,9,38,16,0,25,90,292,0,80,16,12,38,0,41,0,30,1244
Odisha,Berhampur,2001,20.7067,84.8535,23,52,1,20,26,9,54,113,286,0,41,19,14,235,4,41,0,29,1270
Odisha,Bhadrak,2001,21.0067,85.1535,27,10,0,70,40,2,16,81,186,0,53,11,10,36,23,29,0,79,1354
Odisha,Bolangir,2001,20.9017,85.0485,32,10,4,38,32,3,20,56,224,0,51,38,10,223,4,91,0,61,1323
Odisha,Boudh,2001,21.1017,85.2485,9,6,0,12,10,0,5,23,78,0,24,4,20,35,1,21,0,6,415
Odisha,Cuttack,2001,20.8467,84.9935,35,143,0,68,86,21,121,306,1476,0,33,105,28,0,39,42,0,125,4258
Odisha,Deogarh,2001,20.8517,84.9985,16,2,1,16,8,3,7,23,44,0,17,2,2,160,2,33,0,8,363
Odisha,Dhenkanal,2001,21.1317,85.2785,25,30,1,30,28,3,26,48,168,0,55,18,20,54,14,82,0,31,1156
Odisha,Gajapati,2001,20.8317,84.9785,19,7,1,20,10,2,1,13,80,0,16,13,5,16,1,13,0,7,433
Odisha,Ganjam,2001,21.0467,85.1935,58,92,1,44,28,10,31,96,248,0,64,14,30,170,1,102,0,9,1790
Odisha,Jagatsinghpur,2001,20.7617,84.9085,26,21,6,24,42,9,31,72,272,0,23,7,8,115,16,13,0,30,1314
Odisha,Jajpur,2001,21.1767,85.3235,21,16,0,48,28,2,30,103,258,0,21,9,8,223,16,16,0,42,1522
Odisha,Jharsuguda,2001,21.1817,85.3285,15,29,1,24,10,7,12,46,162,0,6,11,4,45,4,39,0,13,750
Odisha,Kalahandi,2001,20.9067,85.0535,29,34,0,60,34,1,34,75,150,0,91,12,3,95,0,22,0,9,1269
Odisha,Kandhamal,2001,21.0667,85.2135,24,10,2,68,50,2,19,74,230,0,44,8,14,368,4,95,0,29,1000
Odisha,Kendrapara,2001,21.0217,85.1685,24,36,1,22,30,4,21,56,156,0,16,10,12,37,24,66,0,57,1057
Odisha,Keonjhar,2001,21.0417,85.1885,62,31,2,76,38,4,16,85,308,0,55,17,24,44,4,127,0,41,1922
Odisha,Khurda,2001,21.1267,85.2735,46,85,1,130,78,28,151,481,1906,0,86,126,31,1248,11,28,0,171,5076
Odisha,Koraput,2001,20.9817,85.1285,39,30,7,76,26,4,16,92,306,0,64,31,8,82,7,56,0,132,1563
Odisha,Malkangir,2001,21.0667,85.2135,36,27,2,28,12,10,8,25,84,0,23,6,5,70,0,27,0,12,496
Odisha,Mayurbhanj,2001,20.9467,85.0935,74,45,0,154,62,16,39,120,398,0,44,22,19,18,19,141,0,74,2029
Odisha,Nayagarh,2001,20.7817,84.9285,26,43,1,34,46,3,19,36,120,0,37,9,15,71,14,11,0,9,852
Odisha,Nowrangpur,2001,20.7267,84.8735,19,22,1,26,22,13,14,46,166,0,74,3,24,27,0,41,0,13,687
Odisha,Nuapada,2001,21.0017,85.1485,13,2,0,18,8,0,11,16,88,0,22,5,4,12,0,16,0,17,466
Odisha,Puri,2001,21.0967,85.2435,25,96,1,82,64,14,33,129,472,0,38,24,19,88,29,13,0,32,2202
Odisha,Rayagada,2001,20.8267,84.9735,35,17,1,18,12,4,3,39,128,0,64,11,9,14,1,33,0,26,850
Odisha,Rourkela,2001,21.1017,85.2485,20,22,0,24,12,10,21,131,418,0,11,21,2,61,2,35,0,17,1213
Odisha,Sambalpur,2001,21.1217,85.2685,39,90,0,36,26,9,50,201,606,0,56,25,7,94,0,82,0,18,2159
Odisha,Sonepur,2001,20.7717,84.9185,9,20,2,16,8,0,6,30,70,0,17,9,3,27,6,28,0,11,444
Odisha,Srp(Cuttack),2001,20.9017,85.0485,3,3,0,2,10,3,8,11,574,0,1,2,0,24,0,5,0,0,641
Odisha,Srp(Rourkela),2001,20.9967,85.1435,7,1,0,4,6,3,10,10,270,0,7,1,0,6,0,2,0,0,325
Odisha,Sundargarh,2001,20.7717,84.9185,72,46,0,72,52,6,38,106,342,0,54,19,5,331,4,82,0,7,1652
Punjab,Amritsar,2001,31.634,74.8723,36,43,6,18,68,4,6,155,282,0,0,121,6,170,7,9,0,77,1244
Punjab,Barnala,2001,31.3321,75.5262,15,29,1,24,32,1,0,30,78,0,0,48,5,71,6,13,0,24,501
Punjab,Batala,2001,31.1221,75.3162,18,24,4,16,12,1,2,20,52,0,0,44,1,99,6,1,0,19,393
Punjab,Bhatinda,2001,30.9171,75.1112,25,38,3,26,30,4,1,88,188,0,0,164,0,242,4,15,0,57,1080
Punjab,Faridkot,2001,30.9071,75.1012,12,7,1,12,22,5,1,29,112,0,0,46,6,133,4,11,0,20,463
Punjab,Fatehgarh Sahib,2001,31.0171,75.2112,16,23,0,22,24,0,5,40,124,0,0,44,2,96,4,4,0,7,671
Punjab,Ferozepur,2001,31.3121,75.5062,50,53,5,44,24,7,5,67,230,0,0,87,5,335,11,17,0,22,1110
Punjab,G.R.P,2001,31.3271,75.5212,10,0,0,0,0,5,3,0,82,0,0,81,0,4,3,1,0,0,482
Punjab,Gurdaspur,2001,30.9771,75.1712,22,20,0,24,34,1,4,23,76,0,0,31,1,93,6,4,0,21,580
Punjab,Hoshiarpur,2001,31.2071,75.4012,47,30,0,38,40,9,10,89,238,0,0,120,7,257,12,13,0,46,1237
Punjab,Jagraon,2001,27.1767,78.0081,27,33,1,38,38,3,5,38,180,0,0,29,2,105,7,3,0,27,633
Punjab,Jalandhar,2001,31.3271,75.5212,74,72,4,42,140,17,6,216,580,0,0,271,10,326,17,16,0,104,2461
Punjab,Kapurthala,2001,30.9371,75.1312,20,24,1,16,34,5,5,55,128,0,0,140,2,88,2,20,0,34,755
Punjab,Khanna,2001,31.1671,75.3612,17,17,2,12,8,3,6,31,88,0,1,36,2,76,4,0,0,15,486
Punjab,Ludhiana,2001,30.901,75.8573,74,68,6,76,176,32,23,250,1248,0,0,437,3,258,11,46,0,249,3785
Punjab,Majitha,2001,31.3921,75.5862,26,25,9,18,20,1,1,14,62,0,0,37,0,106,9,8,0,20,500
Punjab,Mansa,2001,30.9521,75.1462,25,21,1,12,10,1,0,31,84,0,0,36,2,133,2,3,0,3,425
Punjab,Moga,2001,31.1921,75.3862,23,32,6,22,28,9,6,45,128,0,0,49,0,238,6,8,0,25,754
Punjab,Muktsar,2001,31.0321,75.2262,19,27,2,6,6,2,1,41,98,0,0,36,0,102,1,2,0,16,432
Punjab,Nawan Shahr,2001,30.9721,75.1662,17,19,2,22,26,4,5,52,114,0,0,80,0,155,4,8,0,14,612
Punjab,Patiala,2001,31.0121,75.2062,56,74,17,46,120,2,16,391,1166,0,0,404,0,431,10,128,0,232,5973
Punjab,Ropar,2001,30.9021,75.0962,26,19,4,12,48,0,1,65,258,0,0,111,5,132,5,13,0,33,1278
Punjab,Sangrur,2001,31.1871,75.3812,46,45,0,30,56,6,13,111,314,0,0,111,4,222,10,18,0,36,1285
Punjab,Tarn Taran,2001,30.8971,75.0912,37,46,5,20,30,7,6,21,136,0,0,58,0,124,8,11,0,27,634
Rajasthan,Ajmer,2001,26.4499,74.6399,39,47,2,32,266,8,46,447,1496,0,112,314,27,136,12,95,0,236,6618
Rajasthan,Alwar,2001,26.9488,74.1429,85,83,0,68,238,4,52,286,1928,0,445,363,44,2007,43,124,0,235,7023
Rajasthan,Banswara,2001,27.1438,74.3379,40,24,3,180,122,5,23,96,236,0,427,54,51,1452,10,112,0,151,3508
Rajasthan,Baran,2001,27.0538,74.2479,36,95,3,162,192,0,32,204,730,0,167,102,47,288,3,219,0,124,4333
Rajasthan,Barmer,2001,27.2438,74.4379,11,26,0,26,42,0,12,108,370,0,67,62,21,825,13,71,0,45,2369
Rajasthan,Bharatpur,2001,27.0638,74.2579,75,98,2,96,252,9,41,148,1616,0,445,304,59,1166,24,77,0,209,7291
Rajasthan,Bhilwara,2001,27.1438,74.3379,34,54,6,84,446,2,49,365,1574,0,257,354,37,491,5,126,0,312,6335
Rajasthan,Bikaner,2001,26.9588,74.1529,21,101,0,70,72,2,4,158,862,0,108,195,26,961,13,53,0,153,3952
Rajasthan,Bundi,2001,27.1988,74.3929,33,72,4,72,240,4,33,222,782,0,229,106,39,1067,2,164,0,157,4078
Rajasthan,Chittorgarh,2001,26.8788,74.0729,41,59,4,134,412,6,47,402,1460,0,507,283,59,2521,7,112,0,384,7062
Rajasthan,Churu,2001,27.0738,74.2679,26,40,1,48,52,1,11,129,420,0,198,143,24,819,8,73,0,174,2880
Rajasthan,Dausa,2001,27.0938,74.2879,28,21,0,18,80,6,14,148,760,0,717,102,18,138,8,31,0,60,3546
Rajasthan,Dholpur,2001,27.0088,74.2029,42,76,2,48,86,6,27,80,480,0,552,64,19,1113,21,34,0,93,3096
Rajasthan,Dungarpur,2001,27.0238,74.2179,31,9,1,34,108,0,8,79,148,0,207,40,25,340,3,56,0,60,1997
Rajasthan,G.R.P.,2001,26.9338,74.1279,3,2,4,2,14,1,12,10,1168,0,16,7,2,6,0,14,0,0,1243
Rajasthan,Ganganagar,2001,27.0638,74.2579,51,97,0,110,158,3,14,253,816,0,36,396,11,1107,13,118,0,375,5610
Rajasthan,Hanumangarh,2001,27.1788,74.3729,56,83,0,70,98,2,12,196,696,0,135,290,25,748,20,98,0,241,3956
Rajasthan,Jaipur,2001,26.9124,75.7873,91,90,6,122,494,12,79,1110,6414,0,3181,1103,63,1528,29,179,0,453,20604
Rajasthan,Jaisalmer,2001,26.7738,73.9679,9,0,0,4,16,0,4,51,284,0,28,30,6,413,3,21,0,16,1020
Rajasthan,Jalore,2001,27.0488,74.2429,17,35,2,20,64,3,11,104,312,0,44,67,34,66,12,61,0,96,2507
Rajasthan,Jhalawar,2001,26.8238,74.0179,38,99,8,130,178,5,45,220,766,0,206,95,55,1046,8,144,0,224,3533
Rajasthan,Jhunjhunu,2001,26.8438,74.0379,37,19,0,38,90,4,6,163,784,0,262,129,35,95,0,50,0,125,4102
Rajasthan,Jodhpur,2001,26.2389,73.0243,30,79,3,40,156,1,43,319,1662,0,172,450,37,2733,12,128,0,263,6535
Rajasthan,Karauli,2001,27.1438,74.3379,35,0,1,42,144,0,12,68,596,0,134,63,15,22,10,37,0,66,2908
Rajasthan,Kota,2001,25.2138,75.8648,58,310,1,100,292,4,86,456,2426,0,229,308,43,1175,17,203,0,319,7383
Rajasthan,Nagaur,2001,27.1488,74.3429,48,17,1,44,118,3,23,274,814,0,57,164,27,523,14,65,0,102,4575
Rajasthan,Pali,2001,26.8388,74.0329,43,53,2,50,154,0,14,193,588,0,138,185,36,53,15,115,0,196,4640
Rajasthan,Rajsamand,2001,26.9338,74.1279,15,16,2,26,126,4,7,81,382,0,303,118,27,1043,6,40,0,104,2872
Rajasthan,Sawai Madhopur,2001,26.8038,73.9979,23,19,1,38,124,3,31,102,620,0,180,125,19,31,6,49,0,97,3094
Rajasthan,Sikar,2001,27.2388,74.4329,46,31,2,26,96,0,14,212,758,0,941,207,64,522,15,28,0,114,4333
Rajasthan,Sirohi,2001,27.2038,74.3979,31,35,0,44,48,0,16,157,244,0,104,73,14,536,8,29,0,79,2185
Rajasthan,Tonk,2001,26.9938,74.1879,19,32,1,34,136,2,19,145,596,0,175,117,32,1524,7,84,0,142,3913
Rajasthan,Udaipur,2001,24.5854,73.7125,67,101,1,86,322,0,42,298,1090,0,435,231,51,990,9,68,0,127,6365
Sikkim,East,2001,28.6333,77.2833,13,7,5,14,8,0,2,59,100,0,1,10,1,21,0,0,0,0,279
Sikkim,North,2001,28.7,77.1833,1,0,0,0,0,0,0,2,6,0,0,3,0,4,0,0,0,0,36
Sikkim,South,2001,28.5333,77.2,4,3,2,2,2,0,0,9,18,0,0,0,0,4,0,0,0,0,79
Sikkim,West,2001,28.65,77.1,1,1,0,0,2,0,1,6,24,0,2,0,0,6,0,0,0,0,50
Tamil Nadu,Ariyalur,2001,11.2521,78.7819,24,41,1,12,50,0,3,37,248,0,101,22,17,495,3,38,0,8,1754
Tamil Nadu,Chengai,2001,11.0521,78.5819,78,98,0,40,16,9,52,454,1866,0,119,96,0,699,16,58,0,57,7035
Tamil Nadu,Chennai,2001,13.0827,80.2707,91,298,0,56,80,12,127,668,4334,0,105,600,0,813,13,70,0,111,7292
Tamil Nadu,Chennai Rly.,2001,13.0827,80.2707,5,1,0,0,0,1,8,0,308,0,15,7,0,24,0,5,0,2,493
Tamil Nadu,Coimbatore Rural,2001,11.0168,76.9558,77,49,3,36,76,12,41,346,2016,0,455,102,30,1044,16,75,0,49,9115
Tamil Nadu,Coimbatore Urban,2001,11.0168,76.9558,16,20,0,8,28,4,15,179,1904,0,79,110,1,152,5,19,0,28,3490
Tamil Nadu,Cuddalore,2001,10.9221,78.4519,60,177,2,32,42,4,33,166,1094,0,250,11,50,767,9,137,0,21,8018
Tamil Nadu,Dharmapuri,2001,11.3221,78.8519,88,88,0,34,70,7,22,214,854,0,433,33,74,841,6,65,0,18,5123
Tamil Nadu,Dindigul,2001,11.0971,78.6269,72,74,0,28,98,4,13,168,958,0,69,24,29,467,8,48,0,8,4657
Tamil Nadu,Erode,2001,11.3071,78.8369,63,22,0,18,90,10,13,218,1324,0,63,85,39,2767,4,72,0,25,6631
Tamil Nadu,Kanchipuram,2001,10.9271,78.4569,45,61,0,42,26,9,10,218,988,0,81,19,32,337,6,30,0,12,5840
Tamil Nadu,Kanyakumari,2001,11.0221,78.5519,33,65,0,12,26,1,4,230,520,0,10,16,18,1125,5,27,0,29,3732
Tamil Nadu,Karur,2001,11.1021,78.6319,28,12,0,8,22,4,9,39,452,0,30,15,14,194,2,21,0,14,2245
Tamil Nadu,Madurai Rural,2001,9.9252,78.1198,64,51,0,26,60,13,42,137,702,0,286,59,34,2070,5,52,0,69,4877
Tamil Nadu,Madurai Urban,2001,9.9252,78.1198,34,53,0,4,52,9,33,198,1606,0,90,296,4,308,12,20,0,24,4161
Tamil Nadu,Nagapattinam,2001,10.9171,78.4469,36,74,0,24,58,1,2,94,636,0,51,15,75,1273,4,55,0,8,3724
Tamil Nadu,Namakkal,2001,11.3721,78.9019,36,31,0,14,32,1,6,58,306,0,56,15,10,1544,4,39,0,18,2659
Tamil Nadu,Nilgiris,2001,10.8821,78.4119,16,15,0,16,10,0,5,109,204,0,39,10,0,206,2,6,0,16,1330
Tamil Nadu,Perambalur,2001,11.1921,78.7219,10,16,2,6,26,3,2,31,94,0,56,27,10,340,0,18,0,12,1100
Tamil Nadu,Pudukottai,2001,11.3371,78.8669,30,30,0,10,54,2,5,81,476,0,198,8,23,254,2,32,0,25,3416
Tamil Nadu,Ramnathapuram,2001,11.2321,78.7619,33,52,0,26,52,3,4,104,344,0,205,24,28,531,4,59,0,16,3234
Tamil Nadu,Salem Rural,2001,11.6643,78.146,78,43,1,16,70,3,8,66,384,0,170,5,34,890,8,53,0,7,4225
Tamil Nadu,Salem Urban,2001,11.6643,78.146,12,14,0,4,20,3,20,70,934,0,42,49,0,163,3,7,0,11,1846
Tamil Nadu,Sivagangai,2001,11.3421,78.8719,26,51,0,10,32,4,10,159,656,0,88,22,34,959,4,17,0,9,3030
Tamil Nadu,Thanjavur,2001,11.0871,78.6169,49,74,1,0,110,3,16,171,870,0,150,33,26,792,0,53,0,31,3506
Tamil Nadu,Theni,2001,10.9271,78.4569,16,17,0,8,36,5,9,83,480,0,69,58,9,842,4,29,0,9,2646
Tamil Nadu,Thirunelveli Rural,2001,10.9821,78.5119,74,124,1,114,132,3,27,310,1120,0,97,51,102,835,3,155,0,13,6350
Tamil Nadu,Thirunelveli Urban,2001,11.2971,78.8269,12,49,0,6,30,2,10,76,454,0,8,5,4,71,0,2,0,6,1569
Tamil Nadu,Thiruvallur,2001,10.9921,78.5219,34,56,3,32,48,2,11,106,452,0,201,28,28,329,6,70,0,16,3468
Tamil Nadu,Thiruvannamalai,2001,11.3571,78.8869,44,34,0,10,80,1,14,162,804,0,218,30,14,693,1,53,0,18,4749
Tamil Nadu,Thiruvarur,2001,11.3171,78.8469,31,56,0,14,60,0,6,96,364,0,59,15,49,890,4,50,0,2,3043
Tamil Nadu,Thoothugudi,2001,10.9971,78.5269,69,98,0,24,76,4,34,169,968,0,112,41,47,506,1,94,0,36,5290
Tamil Nadu,Trichy Rly.,2001,11.1121,78.6419,0,0,0,0,0,0,1,2,80,0,4,0,0,13,0,0,0,0,206
Tamil Nadu,Trichy Rural,2001,11.3421,78.8719,52,40,0,12,38,1,0,49,426,0,55,14,4,1041,3,22,0,2,3104
Tamil Nadu,Trichy Urban,2001,10.9771,78.5069,24,19,0,10,22,0,6,110,1008,0,10,58,0,619,4,9,0,18,2279
Tamil Nadu,Vellore,2001,11.2471,78.7769,78,56,2,26,32,10,25,309,1488,0,440,55,50,2270,8,54,0,5,7941
Tamil Nadu,Villupuram,2001,11.2421,78.7719,67,92,3,74,106,8,7,147,678,0,483,26,74,757,14,78,0,42,7120
Tamil Nadu,Virudhunagar,2001,11.1371,78.6669,57,53,0,34,44,6,19,131,1018,0,199,55,17,508,2,81,0,20,4503
Tripura,Dhalai,2001,24.0858,92.1332,35,0,0,22,30,1,4,11,14,0,15,1,6,34,2,4,0,11,205
Tripura,North,2001,28.7,77.1833,38,11,0,58,38,4,19,42,94,0,29,3,5,62,3,16,0,60,566
Tripura,South,2001,28.5333,77.2,42,4,0,58,40,3,8,30,74,0,37,3,6,90,5,18,0,59,586
Tripura,West,2001,28.65,77.1,125,10,0,66,78,18,32,115,336,0,57,10,14,226,6,20,0,97,1444
Uttar Pradesh,Agra,2001,27.1767,78.0081,153,162,18,132,406,53,171,432,2362,0,377,229,14,518,63,110,0,327,6662
Uttar Pradesh,Aligarh,2001,27.8974,78.088,229,242,21,100,246,43,182,190,1454,0,366,145,32,446,44,90,0,258,4688
Uttar Pradesh,Allahabad,2001,25.4358,81.8463,167,224,30,84,192,13,81,368,1700,0,260,25,38,1024,56,85,0,226,6096
Uttar Pradesh,Ambedkar Nagar,2001,26.8067,80.9062,46,49,7,38,58,4,22,95,232,0,64,43,13,244,14,15,0,87,1379
Uttar Pradesh,Auraiya,2001,27.0267,81.1262,53,53,11,22,122,9,24,36,164,0,44,14,13,247,21,13,0,26,1137
Uttar Pradesh,Azamgarh,2001,26.8117,80.9112,120,103,21,22,90,7,80,145,374,0,127,72,2,352,32,14,0,81,2247
Uttar Pradesh,Badaun,2001,26.9517,81.0512,239,272,30,94,164,26,67,118,612,0,64,64,38,616,62,51,0,76,3064
Uttar Pradesh,Baghpat,2001,26.9667,81.0662,89,160,6,30,62,17,54,45,436,0,55,43,5,3,20,18,0,64,1355
Uttar Pradesh,Bahraich,2001,26.9717,81.0712,43,49,23,28,56,6,20,79,338,0,50,37,14,175,19,15,0,62,1316
Uttar Pradesh,Ballia,2001,26.6167,80.7162,55,91,13,36,48,10,14,125,356,0,119,14,2,289,19,7,0,35,1934
Uttar Pradesh,Balrampur,2001,26.6017,80.7012,26,28,9,16,40,3,4,38,162,0,25,22,15,126,12,23,0,30,734
Uttar Pradesh,Banda,2001,26.8967,80.9962,75,53,14,54,58,7,31,87,216,0,72,55,13,247,21,51,0,50,1722
Uttar Pradesh,Barabanki,2001,26.9967,81.0962,88,85,24,82,142,22,50,160,698,0,81,31,18,307,35,37,0,188,2578
Uttar Pradesh,Bareilly,2001,28.367,79.4304,272,331,28,186,288,47,138,210,1568,0,143,186,15,617,57,110,0,421,5269
Uttar Pradesh,Basti,2001,27.0667,81.1662,48,51,13,36,56,4,28,101,342,0,106,69,5,240,22,28,0,48,1753
Uttar Pradesh,Bijnor,2001,26.6417,80.7412,124,113,14,76,170,13,56,132,704,0,80,119,11,43,31,67,0,230,2487
Uttar Pradesh,Bulandshahar,2001,26.9167,81.0162,250,209,16,62,188,21,103,109,918,0,150,107,23,75,45,71,0,227,3972
Uttar Pradesh,Chandoli,2001,26.8267,80.9262,35,30,9,8,40,0,18,52,168,0,16,47,10,110,16,13,0,22,765
Uttar Pradesh,Chitrakoot Dham,2001,26.8017,80.9012,28,16,5,16,10,3,3,23,54,0,15,22,0,83,8,16,0,2,392
Uttar Pradesh,Deoria,2001,26.9517,81.0512,48,97,17,14,78,2,26,87,326,0,196,54,8,192,27,15,0,44,2402
Uttar Pradesh,Etah,2001,26.7317,80.8312,240,364,12,114,236,32,79,136,700,0,259,121,5,404,68,68,0,156,4521
Uttar Pradesh,Etawah,2001,26.7267,80.8262,82,92,8,40,186,16,32,48,332,0,90,37,11,200,29,25,0,52,1942
Uttar Pradesh,Faizabad,2001,26.9717,81.0712,77,48,15,44,56,7,44,99,490,0,52,2,13,179,17,24,0,49,1967
Uttar Pradesh,Fatehgarh,2001,26.8217,80.9212,120,86,14,18,126,4,18,48,252,0,73,77,9,227,22,23,0,93,1694
Uttar Pradesh,Fatehpur,2001,26.9917,81.0912,132,56,26,56,90,11,36,70,264,0,22,48,7,265,46,25,0,59,1946
Uttar Pradesh,Firozabad,2001,26.9417,81.0412,135,169,10,44,240,22,72,105,584,0,147,69,3,359,48,33,0,89,2726
Uttar Pradesh,G.R.P.,2001,26.7567,80.8562,31,20,0,4,8,23,49,4,6282,0,13,41,0,28,1,18,0,1,6503
Uttar Pradesh,Gautambudh Nagar,2001,26.7517,80.8512,92,60,16,32,84,12,47,56,1458,0,81,127,12,127,17,39,0,54,2443
Uttar Pradesh,Ghaziabad,2001,28.6692,77.4538,230,381,18,62,224,12,117,227,2714,0,123,258,10,134,33,54,0,140,5079
Uttar Pradesh,Ghazipur,2001,27.0167,81.1162,46,58,24,12,56,2,17,92,214,0,70,32,8,211,22,18,0,56,1308
Uttar Pradesh,Gonda,2001,27.0567,81.1562,68,101,25,36,68,16,32,118,322,0,64,89,9,262,26,19,0,46,1719
Uttar Pradesh,Gorakhpur,2001,26.8417,80.9412,96,74,29,26,120,6,38,137,384,0,117,100,12,378,16,25,0,52,2598
Uttar Pradesh,Hamirpur,2001,26.6617,80.7612,66,33,6,28,48,4,31,60,220,0,55,18,7,65,22,32,0,25,1031
Uttar Pradesh,Hardoi,2001,26.8567,80.9562,182,153,30,140,150,25,50,89,534,0,92,51,12,482,63,86,0,136,3078
Uttar Pradesh,Hathras,2001,26.7517,80.8512,86,94,15,32,100,24,64,91,450,0,150,78,9,215,31,63,0,93,2216
Uttar Pradesh,J.P.Nagar,2001,26.6467,80.7462,112,72,6,46,94,12,37,36,332,0,85,50,10,141,14,35,0,98,1665
Uttar Pradesh,Jalaun,2001,26.7467,80.8462,83,79,4,12,72,9,41,92,334,0,75,34,5,29,29,40,0,65,1778
Uttar Pradesh,Jaunpur,2001,26.5967,80.6962,56,85,29,22,44,10,33,101,330,0,112,70,7,410,43,21,0,85,1993
Uttar Pradesh,Jhansi,2001,26.7467,80.8462,76,48,19,36,84,2,35,100,516,0,60,62,12,232,31,32,0,69,1981
Uttar Pradesh,Kannauj,2001,26.7917,80.8912,66,68,8,16,80,6,13,52,212,0,39,30,7,77,22,18,0,63,1254
Uttar Pradesh,Kanpur Dehat,2001,27.0617,81.1612,85,67,12,42,100,15,30,48,280,0,72,40,12,312,39,45,0,79,1581
Uttar Pradesh,Kanpur Nagar,2001,26.4499,80.3319,210,198,28,94,420,31,128,361,2618,0,240,301,27,1040,64,106,0,356,6808
Uttar Pradesh,Kaushambi,2001,26.9367,81.0362,77,45,11,52,62,5,18,116,288,0,60,30,17,281,28,44,0,72,1456
Uttar Pradesh,Khiri,2001,27.0867,81.1862,172,178,36,166,224,21,79,161,984,0,193,64,6,401,88,99,0,138,3754
Uttar Pradesh,Kushi Nagar,2001,26.6667,80.7662,69,48,18,14,68,3,11,58,214,0,99,46,8,322,18,19,0,14,1456
Uttar Pradesh,Lalitpur,2001,27.0217,81.1212,25,18,7,40,10,2,6,46,120,0,30,21,14,89,10,26,0,31,773
Uttar Pradesh,Lucknow,2001,26.8467,80.9462,166,189,28,124,350,29,123,670,4404,0,347,427,10,89,47,103,0,337,9205
Uttar Pradesh,Maharajganj,2001,26.9817,81.0812,39,22,11,26,38,1,7,45,108,0,50,35,5,94,7,13,0,10,861
Uttar Pradesh,Mahoba,2001,26.7517,80.8512,56,36,5,24,26,3,19,40,120,0,24,19,9,58,11,22,0,4,728
Uttar Pradesh,Mainpuri,2001,26.7667,80.8662,136,151,20,26,112,38,72,88,382,0,120,83,29,272,42,32,0,63,2147
Uttar Pradesh,Mathura,2001,26.7617,80.8612,125,170,9,50,124,21,97,108,744,0,170,127,19,125,21,48,0,77,2990
Uttar Pradesh,Mau,2001,27.0717,81.1712,49,49,9,34,60,4,27,79,234,0,122,34,21,133,16,33,0,39,1331
Uttar Pradesh,Meerut,2001,28.9845,77.7064,275,239,10,56,320,35,210,268,2404,0,195,193,5,76,34,59,0,236,5377
Uttar Pradesh,Mirzapur,2001,26.6967,80.7962,44,67,8,32,28,7,18,77,314,0,28,34,2,191,23,16,0,39,1185
Uttar Pradesh,Moradabad,2001,27.0267,81.1262,213,171,18,88,204,20,101,160,1214,0,97,104,21,246,45,79,0,207,3445
Uttar Pradesh,Muzaffarnagar,2001,26.9667,81.0662,324,255,12,108,284,28,150,185,1274,0,186,94,18,110,24,51,0,265,4042
Uttar Pradesh,Pilibhit,2001,26.6317,80.7312,115,233,12,128,132,21,62,92,384,0,84,69,5,21,44,50,0,195,2239
Uttar Pradesh,Pratapgarh,2001,26.9317,81.0312,76,123,22,36,86,6,44,129,278,0,101,59,22,519,33,21,0,44,2421
Uttar Pradesh,Raibareilly,2001,28.367,79.4304,87,63,26,116,116,3,41,160,608,0,94,35,3,379,29,57,0,137,2544
Uttar Pradesh,Rampur,2001,26.9317,81.0312,89,98,26,44,88,11,35,71,532,0,51,45,9,138,18,11,0,49,1644
Uttar Pradesh,Saharanpur,2001,26.9567,81.0562,101,128,14,82,150,13,65,79,856,0,161,161,7,53,21,45,0,196,2869
Uttar Pradesh,Sant Kabirnagar,2001,27.0467,81.1462,16,16,4,18,34,0,4,18,78,0,27,32,7,131,7,11,0,26,599
Uttar Pradesh,Shahjahanpur,2001,27.0667,81.1662,196,223,37,110,224,15,70,83,680,0,61,81,7,467,66,61,0,146,2941
Uttar Pradesh,Shrawasti,2001,26.7067,80.8062,35,30,15,26,42,7,13,49,216,0,37,22,4,113,4,16,0,18,747
Uttar Pradesh,Sidharthnagar,2001,26.8717,80.9712,13,18,8,24,48,3,10,84,164,0,26,30,8,131,13,20,0,28,834
Uttar Pradesh,Sitapur,2001,26.7667,80.8662,162,139,56,170,198,5,95,237,1652,0,124,134,18,291,82,71,0,106,4732
Uttar Pradesh,Sonbhadra,2001,27.0867,81.1862,33,23,20,10,18,2,10,54,182,0,21,18,5,109,12,9,0,5,595
Uttar Pradesh,St.Ravidasnagar,2001,26.7517,80.8512,21,24,4,2,16,2,12,49,200,0,26,12,2,107,9,3,0,23,590
Uttar Pradesh,Sultanpur,2001,26.6517,80.7512,103,154,25,58,94,8,42,157,590,0,76,62,3,352,38,34,0,153,2540
Uttar Pradesh,Unnao,2001,27.0117,81.1112,147,141,15,106,194,10,74,85,722,0,147,60,23,463,63,100,0,168,3548
Uttar Pradesh,Varanasi,2001,25.3176,82.9739,78,89,17,54,110,9,95,161,1070,0,85,99,9,324,31,19,0,119,2904
Uttarakhand,Almora,2001,30.2868,79.2393,18,12,2,8,2,7,7,12,110,0,4,11,2,28,3,5,0,5,251
Uttarakhand,Bageshwar,2001,30.0068,78.9593,10,7,0,2,8,0,4,2,26,0,2,4,0,11,8,1,0,0,115
Uttarakhand,Chamoli,2001,30.1168,79.0693,13,6,2,6,6,0,6,39,52,0,22,3,2,7,3,10,0,1,213
Uttarakhand,Champawat,2001,30.0868,79.0393,3,3,2,0,6,1,4,8,26,0,1,6,1,29,0,7,0,5,127
Uttarakhand,Dehradun,2001,30.0068,78.9593,32,66,3,24,108,5,31,174,784,0,111,122,7,83,4,13,0,85,1988
Uttarakhand,Haridwar,2001,29.9968,78.9493,94,75,6,26,104,6,43,62,698,0,137,86,7,271,10,21,0,105,1843
Uttarakhand,Nainital,2001,30.2268,79.1793,36,31,5,10,28,7,26,64,302,0,38,26,0,179,5,11,0,29,877
Uttarakhand,Pauri Garhwal,2001,30.0418,78.9943,26,9,0,14,14,2,18,32,162,0,19,10,5,63,5,4,0,7,396
Uttarakhand,Pithoragarh,2001,29.9918,78.9443,8,3,3,14,2,1,6,28,82,0,14,8,1,14,2,6,0,10,364
Uttarakhand,Rudra Prayag,2001,30.2318,79.1843,5,2,0,4,0,0,1,3,40,0,10,1,0,6,3,3,0,2,106
Uttarakhand,Tehri Garhwal,2001,29.8518,78.8043,7,10,2,4,10,0,7,26,74,0,11,4,2,16,2,3,0,8,314
Uttarakhand,Udhamsingh Nagar,2001,29.8868,78.8393,54,44,13,20,72,6,32,65,396,0,40,33,0,112,10,7,0,31,1167
Uttarakhand,Uttarkashi,2001,29.9568,78.9093,10,11,0,16,6,0,6,18,86,0,31,4,3,11,1,12,0,13,312
West Bengal,24 Parganas North,2001,28.7,77.1833,202,23,61,106,162,14,56,46,3358,0,285,35,1,0,23,63,0,447,6167
West Bengal,24 Parganas South,2001,28.5333,77.2,107,5,75,94,106,15,33,16,2286,0,327,4,9,0,48,54,0,480,5827
West Bengal,Asansol,2001,23.0618,87.93,9,7,1,0,6,12,1,0,108,0,12,9,0,11,1,0,0,32,362
West Bengal,Bankura,2001,23.1418,88.01,35,32,12,52,14,31,30,6,470,0,66,23,6,30,22,28,0,78,1180
West Bengal,Birbhum,2001,22.9968,87.865,76,40,25,86,86,35,30,18,700,0,282,4,9,60,4,43,0,151,2213
West Bengal,Burdwan,2001,23.2324,87.8615,133,4,43,92,90,41,42,28,1696,0,237,53,7,99,32,85,0,296,4693
West Bengal,Coochbehar,2001,23.0968,87.965,37,1,15,72,86,15,15,14,250,0,49,9,1,107,6,44,0,146,1262
West Bengal,Dakshin Dinajpur,2001,23.1118,87.98,25,0,19,20,62,16,7,2,252,0,41,3,0,45,4,37,0,101,1011
West Bengal,Darjeeling,2001,22.8568,87.725,46,3,28,40,42,25,21,17,934,0,40,6,10,228,2,26,0,56,1778
West Bengal,Hooghly,2001,22.7518,87.62,81,22,33,58,82,71,28,15,1174,0,363,16,0,248,10,39,0,372,3020
West Bengal,Howrah,2001,22.5958,88.2636,28,8,8,4,22,7,3,1,340,0,45,19,9,127,8,13,0,43,1195
West Bengal,Howrah City,2001,22.5958,88.2636,21,8,11,14,34,73,16,6,706,0,79,56,6,108,5,6,0,84,1438
West Bengal,Howrah G.R.P.,2001,22.5958,88.2636,18,0,0,2,14,16,10,0,1346,0,25,0,0,28,0,9,0,0,1459
West Bengal,Jalpaiguri,2001,23.0118,87.88,152,30,60,108,66,44,58,27,972,0,84,12,4,319,2,47,0,150,2321
West Bengal,Kolkata,2001,22.5726,88.3639,65,152,8,38,242,86,149,148,8080,0,275,863,0,1346,6,165,0,207,11970
West Bengal,Malda,2001,23.2168,88.085,55,27,34,80,76,17,9,10,666,0,52,16,0,91,5,48,0,92,1859
West Bengal,Midnapur,2001,23.2018,88.07,120,20,44,168,148,49,59,39,1162,0,363,27,23,63,58,54,0,470,4617
West Bengal,Murshidabad,2001,23.1218,87.99,130,10,38,132,104,21,31,10,756,0,109,18,0,179,12,36,0,240,2683
West Bengal,Nadia,2001,22.7418,87.61,124,0,34,142,182,42,23,10,1356,0,227,0,5,499,10,77,0,252,3623
West Bengal,Purulia,2001,23.0368,87.905,69,0,5,46,34,14,20,5,600,0,70,17,3,0,3,48,0,86,1292
West Bengal,Sealdah G.R.P.,2001,23.1718,88.04,23,6,4,2,6,8,11,0,552,0,16,6,0,18,0,0,0,2,648
West Bengal,Siliguri G.R.P.,2001,26.7271,88.3953,2,0,2,0,4,8,1,0,178,0,4,1,0,0,0,1,0,0,198
West Bengal,Uttar Dinajpur,2001,22.8868,87.755,36,51,21,62,82,35,7,8,548,0,44,19,9,52,4,31,0,74,1540
Andaman & Nicobar Islands,Andaman,2001,11.6001,92.5186,13,0,0,6,4,0,4,62,130,0,13,8,4,113,0,18,0,9,637
Andaman & Nicobar Islands,Nicobar,2001,11.9651,92.8836,0,0,0,0,0,0,0,2,0,0,0,0,0,5,0,1,0,0,21
Chandigarh,Chandigarh,2001,30.7333,76.7794,15,10,6,36,112,5,22,364,3058,0,91,155,5,95,3,24,0,36,3968
Dadra & Nagar Haveli,D And N Haveli,2001,20.0959,72.9319,3,2,0,12,8,0,2,34,90,0,4,12,1,29,0,7,0,4,350
Daman & Diu,Daman,2001,20.1933,72.6047,6,5,0,0,10,0,0,39,68,0,14,7,3,18,0,0,0,4,194
Daman & Diu,Diu,2001,20.6133,73.0247,1,0,0,0,0,0,0,4,12,0,9,2,0,3,0,0,0,0,45
Delhi,Central,2001,28.65,77.2167,29,42,4,56,124,4,42,149,3190,0,9,134,1,113,4,30,0,2,3893
Delhi,East,2001,28.6333,77.2833,56,51,15,48,326,19,47,270,3302,0,20,143,4,257,11,56,0,27,4543
Delhi,G.R.P.(Rly),2001,20.5937,78.9629,11,4,0,2,14,1,11,2,2860,0,0,19,0,7,0,4,0,0,2931
Delhi,I.G.I. Airport,2001,20.5937,78.9629,2,2,1,0,8,0,2,0,104,0,1,483,1,5,0,0,0,0,625
Delhi,New Delhi,2001,28.6139,77.209,11,14,0,18,54,1,22,75,2474,0,14,296,3,35,0,20,0,2,3017
Delhi,North,2001,28.7,77.1833,28,33,5,56,198,7,52,177,2728,0,11,159,3,165,4,26,0,9,3998
Delhi,North East,2001,28.7,77.2667,62,79,5,72,314,9,74,157,1922,0,7,57,3,260,20,34,0,8,3449
Delhi,North West,2001,28.75,77.1167,134,107,13,206,1036,23,122,619,5700,0,20,139,14,429,25,102,0,22,10001
Delhi,S.T.F.,2001,20.5937,78.9629,0,0,0,0,0,0,0,0,0,0,0,0,0,0,0,0,0,0,0
Delhi,South,2001,28.5333,77.2,83,75,7,130,530,19,120,803,8440,0,46,373,10,307,15,96,0,22,10936
Delhi,South West,2001,28.5833,77.05,61,52,1,84,348,13,74,359,3632,0,32,182,8,181,16,69,0,24,5389
Delhi,West,2001,28.65,77.1,70,51,12,90,302,26,58,418,4200,0,5,198,3,252,18,65,0,22,7690
Lakshadweep,Lakshadweep,2001,10.6667,72.7417,1,0,0,0,0,0,0,1,20,0,1,0,2,3,0,0,0,0,36
Puducherry,Pondicherry,2001,11.7766,79.6433,25,32,1,18,8,1,4,111,1056,0,100,23,31,635,1,35,0,3,4068
Andhra Pradesh,Adilabad,2002,15.9979,79.825,100,79,17,74,84,7,40,193,452,0,80,135,38,1181,20,174,0,240,4675
Andhra Pradesh,Anantapur,2002,14.6819,77.6006,166,113,7,56,130,13,21,196,712,0,135,109,57,1752,9,179,0,151,4467
Andhra Pradesh,Chittoor,2002,13.2172,79.1003,105,66,5,56,134,4,14,208,1664,0,71,172,43,999,16,126,0,188,6306
Andhra Pradesh,Cuddapah,2002,14.4673,78.8242,91,0,9,32,54,1,11,84,410,0,92,52,20,788,21,100,0,63,3324
Andhra Pradesh,East Godavari,2002,16.9891,82.2475,97,102,2,50,110,3,12,468,2412,0,100,262,40,3076,11,108,0,276,7931
Andhra Pradesh,Guntakal Rly.,2002,15.6979,79.525,0,0,0,2,0,0,2,0,296,0,0,0,0,5,0,3,0,0,310
Andhra Pradesh,Guntur,2002,16.3067,80.4365,143,77,1,92,174,12,53,357,2364,0,144,346,38,1760,13,186,0,434,7883
Andhra Pradesh,Hyderabad City,2002,17.385,78.4867,117,109,3,114,230,13,68,1348,7554,0,128,1734,8,3714,24,138,0,590,15137
Andhra Pradesh,Karimnagar,2002,15.7029,79.53,160,88,6,198,124,18,60,216,808,0,191,357,52,2671,45,357,0,209,7086
Andhra Pradesh,Khammam,2002,15.9129,79.74,106,55,1,96,140,5,11,164,862,0,107,219,52,2204,13,191,0,324,5646
Andhra Pradesh,Krishna,2002,16.1809,81.1303,92,66,3,82,52,1,4,242,1086,0,49,146,42,1940,14,211,0,374,5318
Andhra Pradesh,Kurnool,2002,15.8281,78.0373,124,98,1,90,108,8,17,134,616,0,76,185,16,1458,11,166,0,167,4684
Andhra Pradesh,Mahaboobnagar,2002,15.6679,79.495,171,84,31,170,114,5,39,241,878,0,140,91,74,906,31,202,0,225,5354
Andhra Pradesh,Medak,2002,16.1279,79.955,103,50,20,136,92,18,35,272,712,0,64,105,57,1612,25,103,0,251,4208
Andhra Pradesh,Nalgonda,2002,16.0579,79.885,109,53,8,82,92,5,18,167,642,0,87,184,78,1139,37,232,0,210,5290
Andhra Pradesh,Nellore,2002,14.4426,79.9865,84,93,4,92,134,12,23,209,1084,0,46,157,58,1223,10,206,0,289,5240
Andhra Pradesh,Nizamabad,2002,15.6979,79.525,93,42,12,70,58,13,30,179,676,0,46,138,39,1934,17,71,0,278,4417
Andhra Pradesh,Prakasham,2002,15.5057,80.0499,67,79,2,42,64,12,13,132,518,0,124,86,48,1153,5,156,0,142,3636
Andhra Pradesh,Ranga Reddy,2002,15.9379,79.765,214,107,12,98,208,23,62,1009,2900,0,61,597,81,3224,51,143,0,508,10602
Andhra Pradesh,Secunderabad Rly.,2002,15.7279,79.555,12,0,1,0,0,0,3,3,700,0,0,2,0,8,0,0,0,0,728
Andhra Pradesh,Srikakulam,2002,15.9979,79.825,27,9,2,28,20,2,2,100,470,0,28,58,28,641,4,60,0,114,2486
Andhra Pradesh,Vijayawada,2002,15.7729,79.6,39,49,3,62,156,3,56,723,5616,0,5,784,42,1950,9,119,0,869,9485
Andhra Pradesh,Vijayawada Rly.,2002,16.0229,79.85,3,0,0,2,2,0,1,0,656,0,0,5,0,10,0,2,0,2,679
Andhra Pradesh,Visakha Rural,2002,16.0429,79.87,54,25,0,28,14,4,4,97,390,0,36,40,21,717,2,65,0,85,2669
Andhra Pradesh,Visakhapatnam,2002,17.6868,83.2185,20,15,1,16,30,1,7,250,1146,0,13,240,6,375,3,28,0,235,2838
Andhra Pradesh,Vizianagaram,2002,18.1067,83.3956,28,22,1,24,18,3,3,105,342,0,9,51,6,471,1,38,0,190,2432
Andhra Pradesh,Warangal,2002,16.0379,79.865,131,72,11,104,144,7,20,245,826,0,240,175,0,1812,45,212,0,157,6397
Andhra Pradesh,West Godavari,2002,16.7107,81.0952,69,91,2,108,118,7,19,286,1652,0,68,303,47,1116,12,223,0,447,6061
Arunachal Pradesh,Changlang,2002,28.178,94.6878,9,4,1,6,10,2,5,18,50,0,0,8,2,26,0,0,0,2,180
Arunachal Pradesh,Dibang Valley,2002,27.973,94.4828,6,4,0,10,12,2,9,16,40,0,5,3,0,36,0,4,0,5,178
Arunachal Pradesh,Kameng East,2002,28.6333,77.2833,3,2,0,2,8,0,3,10,46,0,8,0,0,37,0,6,0,0,126
Arunachal Pradesh,Kameng West,2002,28.65,77.1,3,3,0,0,8,0,0,10,30,0,0,1,0,16,0,0,0,0,84
Arunachal Pradesh,Lohit,2002,28.248,94.7578,14,2,0,6,10,6,5,12,48,0,0,2,1,50,0,8,0,0,169
Arunachal Pradesh,Papum Pare,2002,28.193,94.7028,3,3,1,6,20,7,42,66,188,0,0,3,1,51,0,9,0,1,390
Arunachal Pradesh,Siang East,2002,28.6333,77.2833,3,0,0,22,20,2,6,28,116,0,0,5,2,58,0,14,0,1,264
Arunachal Pradesh,Siang Upper,2002,28.393,94.9028,0,1,0,6,0,0,1,9,14,0,0,0,0,0,0,0,0,0,44
Arunachal Pradesh,Siang West,2002,28.65,77.1,4,7,3,8,14,1,7,39,100,0,3,2,6,58,0,18,0,2,331
Arunachal Pradesh,Subansiri Lower,2002,28.008,94.5178,8,3,0,2,8,2,8,16,64,0,0,1,4,18,0,4,0,0,152
Arunachal Pradesh,Subansiri Upper,2002,28.273,94.7828,5,2,0,4,2,0,6,13,28,0,4,2,4,24,0,4,0,0,132
Arunachal Pradesh,Tawang,2002,28.023,94.5328,0,0,1,2,0,0,0,3,26,0,1,1,0,2,0,0,0,1,44
Arunachal Pradesh,Tirap,2002,28.038,94.5478,3,7,0,2,2,0,4,9,40,0,0,1,0,25,0,1,0,1,141
Assam,Barpeta,2002,26.1156,92.8526,43,20,2,110,138,29,23,83,512,0,275,28,28,90,4,18,0,97,1527
Assam,Bongaigaon,2002,26.1806,92.9176,47,0,0,42,102,27,20,78,160,0,81,9,2,30,3,2,0,32,818
Assam,C.I.D.,2002,26.2506,92.9876,0,0,0,0,4,0,0,0,0,0,0,5,0,0,0,0,0,0,52
Assam,Cachar,2002,26.0356,92.7726,57,44,0,142,186,30,18,206,896,0,446,33,57,234,7,156,0,219,3520
Assam,Darrang,2002,26.1256,92.8626,31,7,2,66,108,13,11,50,238,0,61,8,15,116,4,68,0,37,861
Assam,Dhemaji,2002,26.1956,92.9326,30,15,0,96,62,7,11,27,166,0,14,14,13,194,1,23,0,57,689
Assam,Dhubri,2002,26.3056,93.0426,60,16,1,92,124,48,20,78,176,0,418,23,21,257,4,67,0,167,1721
Assam,Dibrugarh,2002,26.2906,93.0276,97,35,2,90,150,20,23,96,618,0,36,21,23,369,1,27,0,43,1642
Assam,G.R.P.,2002,26.1106,92.8476,6,0,0,0,0,2,6,2,124,0,0,0,0,2,0,0,0,0,142
Assam,Goalpara,2002,26.2456,92.9826,24,18,1,80,96,25,10,63,214,0,128,17,12,69,2,67,0,93,959
Assam,Golaghat,2002,26.0206,92.7576,57,9,4,84,136,11,37,56,520,0,13,31,28,342,0,36,0,36,1347
Assam,Guwahati City,2002,26.3806,93.1176,60,18,20,120,368,48,83,530,2272,0,313,146,5,378,6,41,0,69,4384
Assam,Hailakandi,2002,26.0156,92.7526,26,5,1,48,84,13,5,63,220,0,114,8,25,80,1,30,0,34,814
Assam,Jorhat,2002,26.3456,93.0826,37,13,4,72,72,4,14,67,408,0,68,21,17,124,0,39,0,42,1130
Assam,Kamrup,2002,26.4406,93.1776,34,31,8,82,236,21,30,68,276,0,50,47,13,65,2,23,0,20,1673
Assam,Karbi Anglong,2002,26.2156,92.9526,41,3,1,10,74,13,20,15,236,0,16,7,7,46,2,6,0,6,527
Assam,Karimganj,2002,26.1356,92.8726,43,12,0,46,76,6,4,71,284,0,179,15,16,59,6,11,0,69,894
Assam,Kokrajhar,2002,26.2256,92.9626,62,20,0,30,96,16,13,45,154,0,61,13,6,169,3,51,0,38,896
Assam,Lakhimpur,2002,26.0006,92.7376,26,34,1,138,168,2,44,95,566,0,59,86,45,478,0,63,0,175,1925
Assam,Morigaon,2002,26.1006,92.8376,23,8,1,80,78,3,2,35,216,0,88,12,10,86,1,39,0,28,782
Assam,N.C.Hills,2002,26.2206,92.9576,25,16,0,4,18,2,8,4,90,0,2,2,2,23,0,5,0,9,213
Assam,Nagaon,2002,26.1956,92.9326,78,40,3,122,264,55,77,355,596,0,305,61,45,493,7,115,0,158,3254
Assam,Nalbari,2002,25.9856,92.7226,47,56,0,54,100,25,31,81,174,0,3,15,7,112,0,11,0,24,1011
Assam,R.P.O.,2002,26.3806,93.1176,0,0,0,2,2,2,0,1,8,0,3,0,0,0,0,0,0,0,18
Assam,Sibsagar,2002,26.2106,92.9476,75,20,1,114,114,8,22,50,656,0,50,27,22,557,6,28,0,71,1881
Assam,Sonitpur,2002,26.0556,92.7926,109,22,1,134,228,24,35,166,664,0,157,45,19,278,9,53,0,146,2269
Assam,Tinsukia,2002,26.1906,92.9276,115,17,2,82,106,37,40,119,666,0,74,25,0,113,1,5,0,24,1428
Bihar,Araria,2002,25.1911,85.4081,61,15,2,202,182,36,36,63,218,0,365,5,14,89,5,2,0,30,2085
Bihar,Arwal,2002,25.0961,85.3131,44,58,8,0,22,5,11,15,74,0,61,2,14,204,8,12,0,2,606
Bihar,Aurangabad,2002,19.8762,75.3433,96,38,0,24,38,20,26,66,264,0,195,28,0,41,33,4,0,6,2312
Bihar,Bagaha,2002,25.1661,85.3831,27,71,11,46,98,1,11,17,254,0,89,17,6,361,0,6,0,3,998
Bihar,Banka,2002,24.9861,85.2031,100,18,3,54,64,38,35,55,184,0,255,4,2,4,10,4,0,14,1496
Bihar,Begusarai,2002,24.8611,85.0781,138,139,5,40,150,16,89,67,506,0,157,33,13,149,23,23,0,40,3054
Bihar,Bettiah,2002,25.1611,85.3781,100,229,10,110,134,36,58,111,548,0,436,16,18,1383,31,66,0,58,3288
Bihar,Bhabhua,2002,25.2011,85.4181,48,10,6,34,82,32,24,78,280,0,196,35,19,3,17,0,0,18,1509
Bihar,Bhagalpur,2002,25.2425,86.9842,107,46,4,80,178,19,64,134,818,0,207,52,13,12,19,10,0,26,2791
Bihar,Bhojpur,2002,25.2511,85.4681,147,41,1,34,86,39,49,99,494,0,124,71,39,26,51,4,0,79,3021
Bihar,Buxar,2002,25.1611,85.3781,60,80,16,34,80,38,44,61,364,0,236,43,4,45,16,0,0,16,1840
Bihar,Darbhanga,2002,26.1542,85.8918,72,79,17,104,186,45,29,91,450,0,244,89,28,67,26,38,0,73,3087
Bihar,Gaya,2002,24.7914,85.0002,218,149,8,62,76,101,132,162,696,0,319,63,38,290,26,27,0,44,3124
Bihar,Gopalganj,2002,24.8761,85.0931,69,89,5,32,84,16,34,72,240,0,181,64,3,7,23,0,0,51,2035
Bihar,Jamalpur Rly.,2002,25.2211,85.4381,6,5,2,0,10,11,7,3,242,0,3,3,0,0,1,2,0,0,290
Bihar,Jamui,2002,25.0011,85.2181,56,203,3,30,76,8,34,39,212,0,142,18,12,94,21,0,0,19,1048
Bihar,Jehanabad,2002,25.0061,85.2231,73,55,1,14,64,29,20,34,246,0,169,35,0,0,21,0,0,5,1318
Bihar,Katihar,2002,24.8661,85.0831,67,25,5,154,174,36,30,65,314,0,235,50,3,71,5,5,0,32,2173
Bihar,Katihar Rly.,2002,25.1661,85.3831,14,0,0,4,6,9,17,17,436,0,9,12,0,0,1,2,0,0,524
Bihar,Khagaria,2002,25.3311,85.5481,66,23,6,30,62,13,17,20,150,0,173,18,4,26,9,8,0,17,1101
Bihar,Kishanganj,2002,25.3061,85.5231,30,2,1,40,70,17,10,38,164,0,137,4,8,5,5,4,0,37,966
Bihar,Lakhisarai,2002,25.0211,85.2381,67,36,2,4,68,10,15,22,168,0,67,10,4,41,4,10,0,6,788
Bihar,Madhepura,2002,25.2561,85.4731,50,23,3,20,64,30,41,22,150,0,162,9,11,117,4,7,0,9,1019
Bihar,Madhubani,2002,25.1111,85.3281,66,86,92,62,100,42,20,98,354,0,282,65,69,672,58,165,0,111,2627
Bihar,Motihari,2002,24.8911,85.1081,97,47,19,82,278,50,102,133,612,0,418,117,27,43,48,12,0,94,4596
Bihar,Munger,2002,25.1211,85.3381,63,124,0,22,106,4,22,36,322,0,51,68,9,563,8,0,0,0,2014
Bihar,Muzaffarpur,2002,26.1209,85.3647,130,92,23,120,334,58,122,178,1446,0,393,113,36,121,42,26,0,178,4863
Bihar,Muzaffarpur Rly.,2002,26.1209,85.3647,18,1,1,4,10,12,18,11,638,0,8,15,0,56,0,5,0,1,791
Bihar,Nalanda,2002,24.8611,85.0781,175,191,17,64,186,56,63,93,466,0,221,22,10,866,45,23,0,44,3247
Bihar,Naugachia,2002,25.0361,85.2531,35,4,9,22,48,9,18,6,100,0,103,13,6,40,7,3,0,15,711
Bihar,Nawadah,2002,24.9511,85.1681,69,87,23,68,100,8,24,33,156,0,188,25,5,535,12,3,0,30,1500
Bihar,Patna,2002,25.5941,85.1376,472,682,30,74,406,120,491,494,3526,0,489,342,35,445,76,42,0,148,9217
Bihar,Patna Rly.,2002,25.5941,85.1376,29,24,0,4,10,28,15,2,1414,0,11,13,0,0,1,9,0,3,1550
Bihar,Purnea,2002,25.7771,87.4753,96,75,4,92,96,105,114,86,348,0,316,23,6,39,6,6,0,17,2131
Bihar,Rohtas,2002,24.9529,84.015,132,35,5,30,184,87,90,166,750,0,401,22,10,22,52,4,0,82,3419
Bihar,Saharsa,2002,25.0861,85.3031,39,106,4,22,40,4,20,18,130,0,110,20,10,152,10,16,0,8,967
Bihar,Samastipur,2002,25.1461,85.3631,119,120,19,44,112,55,69,93,394,0,243,30,41,244,12,4,0,10,2808
Bihar,Saran,2002,25.1211,85.3381,100,63,0,24,146,49,46,88,542,0,265,15,16,1196,69,0,0,85,3277
Bihar,Sheikhpura,2002,25.0111,85.2281,33,18,2,12,48,9,6,11,120,0,80,21,3,8,5,8,0,16,887
Bihar,Sheohar,2002,25.1761,85.3931,10,0,0,28,38,10,3,12,32,0,48,18,5,0,7,1,0,0,447
Bihar,Sitamarhi,2002,24.9911,85.2081,54,19,1,62,100,24,27,46,352,0,270,36,9,246,14,26,0,28,2172
Bihar,Siwan,2002,25.2711,85.4881,117,163,9,16,114,39,108,83,276,0,217,21,18,162,24,8,0,50,2016
Bihar,Supaul,2002,25.3161,85.5331,43,46,0,44,68,41,35,34,228,0,192,16,9,90,7,5,0,12,1760
Bihar,Vaishali,2002,25.0111,85.2281,99,109,19,32,144,15,42,116,612,0,207,115,23,235,65,21,0,60,3445
Chhattisgarh,Balrampur,2002,21.0337,81.6211,30,21,0,60,6,36,18,61,92,0,23,0,8,53,2,33,0,19,618
Chhattisgarh,Bilaspur,2002,21.4137,82.0011,56,43,9,144,30,1,48,504,1190,0,140,42,10,480,13,160,0,86,4709
Chhattisgarh,Bizapur,2002,21.2287,81.8161,19,18,0,14,4,14,2,14,26,0,18,2,10,20,0,1,0,0,239
Chhattisgarh,Dantewara,2002,21.4187,82.0061,59,29,0,18,8,2,6,62,132,0,19,2,8,66,1,19,0,5,616
Chhattisgarh,Dhamtari,2002,21.0837,81.6711,16,12,0,52,8,0,6,105,226,0,26,10,2,130,1,40,0,9,1249
Chhattisgarh,Durg,2002,21.1937,81.7811,72,65,0,264,58,3,51,569,1574,0,59,74,27,515,11,230,0,116,6121
Chhattisgarh,Grp Raipur,2002,21.2987,81.8861,2,1,0,10,0,0,0,8,414,0,0,1,0,6,0,1,0,0,442
Chhattisgarh,Jagdalpur,2002,21.1087,81.6961,70,34,0,92,38,36,19,169,232,0,29,18,17,181,0,46,0,16,1910
Chhattisgarh,Janjgir,2002,21.3987,81.9861,43,24,0,84,12,1,18,163,382,0,78,16,24,466,13,99,0,64,2014
Chhattisgarh,Jashpur,2002,21.2137,81.8011,54,14,2,70,0,9,18,59,164,0,15,3,6,67,2,16,0,4,766
Chhattisgarh,Kabirdham,2002,21.2287,81.8161,18,6,1,40,4,1,3,73,114,0,26,3,8,249,0,42,0,25,817
Chhattisgarh,Kanker,2002,21.1187,81.7061,35,6,0,74,12,21,4,76,108,0,22,2,28,52,1,33,0,22,1046
Chhattisgarh,Korba,2002,21.1687,81.7561,40,10,0,76,8,3,18,236,624,0,45,19,16,308,9,82,0,33,2295
Chhattisgarh,Koriya,2002,21.2637,81.8511,21,15,1,116,14,0,5,203,268,0,20,10,6,177,1,72,0,21,1531
Chhattisgarh,Mahasamund,2002,21.3287,81.9161,15,16,4,66,10,3,9,141,300,0,27,13,4,211,0,56,0,14,1324
Chhattisgarh,Raigarh,2002,21.4987,82.0861,56,24,0,78,10,2,23,226,444,0,58,31,14,217,4,103,0,30,1547
Chhattisgarh,Raipur,2002,21.2737,81.8611,86,63,3,318,80,5,36,467,1398,0,59,102,22,907,20,184,0,106,5595
Chhattisgarh,Rajnandgaon,2002,21.2087,81.7961,51,17,0,124,16,6,12,216,326,0,57,23,6,127,6,86,0,41,2494
Chhattisgarh,Sarguja,2002,21.1087,81.6961,101,35,4,284,38,7,30,379,590,0,96,22,19,252,1,180,0,42,2739
Goa,North Goa,2002,28.7,77.1833,18,11,3,18,8,0,17,217,570,0,43,49,17,129,1,9,0,6,1380
Goa,South Goa,2002,28.5333,77.2,12,9,1,6,10,5,7,159,422,0,36,29,8,107,1,9,0,2,1060
Gujarat,Ahmedabad Commr.,2002,23.0225,72.5714,222,143,0,24,306,223,206,643,8014,0,626,245,13,1398,6,36,0,433,14479
Gujarat,Ahmedabad Rural,2002,23.05,72.45,63,24,0,14,26,8,16,98,470,0,66,15,72,432,7,17,0,66,2772
Gujarat,Ahwa-Dang,2002,22.0737,71.0074,6,1,0,8,2,1,1,4,24,0,6,0,4,34,0,0,0,7,170
Gujarat,Amreli,2002,22.4037,71.3374,21,17,1,8,54,0,20,66,316,0,37,6,14,240,0,18,0,95,1851
Gujarat,Anand,2002,22.0237,70.9574,48,31,1,16,76,10,14,151,718,0,184,49,57,568,0,22,0,183,3859
Gujarat,Bharuch,2002,22.1287,71.0624,47,25,0,14,48,33,23,144,596,0,110,30,65,419,0,26,0,52,3086
Gujarat,Bhavnagar,2002,22.3387,71.2724,59,43,1,18,102,9,46,277,1000,0,402,70,76,137,4,57,0,125,5146
Gujarat,Dahod,2002,22.4787,71.4124,64,14,2,28,18,76,64,61,240,0,67,6,52,397,0,19,0,18,1743
Gujarat,Gandhinagar,2002,22.4987,71.4324,31,7,0,14,42,5,37,114,1044,0,108,28,22,393,1,15,0,126,3299
Gujarat,Himatnagar,2002,22.4037,71.3374,71,23,0,22,80,81,28,259,476,0,85,46,309,399,1,55,0,138,4386
Gujarat,Jamnagar,2002,22.3237,71.2574,39,24,0,50,72,1,24,217,1000,0,41,22,13,435,5,19,0,176,3571
Gujarat,Junagadh,2002,22.2037,71.1374,55,22,0,20,100,9,43,228,1062,0,112,109,58,536,2,38,0,368,4980
Gujarat,Kheda North,2002,28.7,77.1833,56,18,1,18,58,23,20,131,704,0,172,54,66,478,0,41,0,104,3868
Gujarat,Kutch,2002,22.0337,70.9674,35,22,4,6,80,10,26,217,526,0,71,54,20,441,2,29,0,174,3611
Gujarat,Mehsana,2002,22.2087,71.1424,49,43,0,26,82,50,52,246,1222,0,194,61,88,1143,0,40,0,170,5120
Gujarat,Narmada,2002,22.4387,71.3724,16,4,0,14,10,12,1,27,72,0,34,18,25,145,0,6,0,9,696
Gujarat,Navsari,2002,22.3987,71.3324,26,4,0,10,22,3,14,108,268,0,19,10,14,133,0,2,0,23,1354
Gujarat,Palanpur,2002,22.4437,71.3774,38,31,0,32,94,6,53,220,586,0,89,26,71,1377,0,58,0,122,3745
Gujarat,Panchmahal,2002,22.4837,71.4174,83,18,0,8,44,76,14,190,580,0,118,21,62,484,0,11,0,22,2416
Gujarat,Patan,2002,22.4187,71.3524,24,13,0,6,58,9,23,88,430,0,95,44,22,410,0,25,0,88,2389
Gujarat,Porbandar,2002,22.1137,71.0474,7,7,2,8,18,0,5,39,150,0,9,21,6,122,3,16,0,53,1213
Gujarat,Rajkot Commr.,2002,22.3039,70.8022,35,33,0,12,80,17,25,294,2382,0,121,47,195,533,5,28,0,173,4644
Gujarat,Rajkot Rural,2002,22.2637,71.1974,41,30,1,30,100,8,33,206,730,0,116,17,33,578,2,44,0,180,4382
Gujarat,Surat Commr.,2002,21.1702,72.8311,81,28,0,36,126,42,64,360,3006,0,116,254,24,365,20,18,0,112,4502
Gujarat,Surat Rural,2002,21.2,73.0,78,7,0,20,38,9,18,88,416,0,24,27,12,323,0,18,0,43,2060
Gujarat,Surendranagar,2002,22.3837,71.3174,40,30,0,26,74,13,24,128,448,0,95,13,25,487,4,40,0,83,3137
Gujarat,Vadodara Commr.,2002,22.3072,73.1812,56,47,0,10,70,17,85,365,2080,0,340,112,334,353,0,9,0,80,7116
Gujarat,Vadodara Rural,2002,22.2937,71.2274,81,29,0,24,90,46,18,79,444,0,142,21,150,436,0,27,0,61,3377
Gujarat,Valsad,2002,22.1587,71.0924,39,14,0,6,42,15,18,259,796,0,53,27,13,279,0,12,0,32,2746
Gujarat,W.Rly,2002,22.1487,71.0824,21,7,0,6,18,4,83,20,1684,0,13,4,0,56,0,4,0,5,1916
Haryana,Ambala,2002,29.0238,76.0506,25,18,7,30,42,4,11,251,662,0,4,64,10,258,7,17,0,122,2172
Haryana,Bhiwani,2002,29.1988,76.2256,35,24,5,34,32,10,14,140,412,0,110,62,20,244,35,29,0,54,1938
Haryana,Faridabad,2002,28.4089,77.3178,57,38,7,74,122,22,26,240,1354,0,130,71,12,292,19,56,0,92,6999
Haryana,Fatehabad,2002,28.9838,76.0106,16,21,5,14,44,7,18,105,312,0,15,44,7,222,9,22,0,54,1226
Haryana,Grp,2002,29.0888,76.1156,25,1,2,2,0,3,3,2,406,0,6,6,0,12,14,1,0,0,770
Haryana,Gurgaon,2002,28.4595,77.0266,66,50,15,54,100,18,46,301,1544,0,71,42,23,280,11,35,0,128,3623
Haryana,Hissar,2002,28.8288,75.8556,52,49,2,30,48,31,28,211,804,0,23,122,8,339,28,31,0,96,2545
Haryana,Jhajjar,2002,29.2238,76.2506,41,25,3,36,28,6,18,94,396,0,55,34,0,172,14,39,0,115,1518
Haryana,Jind,2002,29.2588,76.2856,33,13,12,38,30,10,9,100,268,0,75,33,7,180,11,10,0,57,1325
Haryana,Kaithal,2002,28.8838,75.9106,26,21,9,14,14,7,3,86,302,0,0,17,23,235,6,11,0,98,1121
Haryana,Karnal,2002,29.1488,76.1756,39,28,5,74,32,10,14,216,766,0,42,49,6,635,11,25,0,115,2173
Haryana,Kurukshetra,2002,28.8488,75.8756,31,13,4,30,36,5,11,181,642,0,0,123,3,193,7,20,0,88,1856
Haryana,Mahendragarh,2002,28.8238,75.8506,21,9,2,32,38,5,5,71,224,0,46,9,19,154,3,22,0,19,1303
Haryana,Panchkula,2002,29.0938,76.1206,7,2,1,26,38,7,5,136,402,0,1,42,3,11,5,29,0,60,1187
Haryana,Panipat,2002,28.9338,75.9606,46,25,4,85,60,15,27,173,898,0,37,27,5,180,9,22,0,193,2096
Haryana,Rewari,2002,29.0388,76.0656,21,9,1,20,22,8,9,89,304,0,27,9,15,153,14,15,0,23,1293
Haryana,Rohtak,2002,29.0188,76.0456,63,39,0,34,32,9,27,225,718,0,36,46,13,155,17,14,0,30,1883
Haryana,Sirsa,2002,28.8138,75.8406,43,37,4,40,44,6,16,175,458,0,18,56,5,326,7,30,0,103,1778
Haryana,Sonipat,2002,29.0988,76.1256,82,49,1,28,48,30,35,167,638,0,4,56,11,290,20,15,0,63,2046
Haryana,Yamunanagar,2002,29.0288,76.0556,31,16,0,26,44,10,5,85,414,0,0,21,9,183,9,11,0,55,1300
Himachal Pradesh,Bilaspur,2002,31.2398,77.3084,11,15,1,18,16,0,1,59,112,0,119,7,32,74,0,36,0,22,1217
Himachal Pradesh,Chamba,2002,31.1798,77.2484,15,2,0,32,28,0,1,127,50,0,13,6,8,64,2,21,0,12,677
Himachal Pradesh,G.R.P.,2002,31.0148,77.0834,0,0,0,0,2,0,0,1,2,0,2,0,0,1,0,0,0,0,8
Himachal Pradesh,Hamirpur,2002,30.9198,76.9884,8,6,1,6,28,0,1,18,56,0,36,11,6,194,0,17,0,24,851
Himachal Pradesh,Kangra,2002,30.9748,77.0434,28,22,1,28,40,0,2,90,172,0,95,30,24,287,2,50,0,32,1961
Himachal Pradesh,Kinnaur,2002,31.0098,77.0784,2,0,0,8,6,0,0,19,22,0,10,1,1,16,0,6,0,7,154
Himachal Pradesh,Kullu,2002,31.1698,77.2384,8,2,1,28,22,0,0,30,58,0,23,10,4,42,0,20,0,11,743
Himachal Pradesh,Lahaul-Spiti,2002,31.1348,77.2034,2,0,0,0,0,0,1,5,10,0,0,0,0,2,0,2,0,0,68
Himachal Pradesh,Mandi,2002,31.2998,77.3684,5,9,2,48,18,0,3,85,140,0,56,13,38,217,2,51,0,47,1775
Himachal Pradesh,Shimla,2002,30.9848,77.0534,15,10,0,54,44,0,2,120,238,0,115,26,10,78,0,49,0,22,2008
Himachal Pradesh,Sirmaur,2002,31.2398,77.3084,9,9,0,22,20,1,1,44,48,0,74,11,10,61,0,34,0,15,712
Himachal Pradesh,Solan,2002,30.9498,77.0184,7,6,0,18,36,0,2,63,124,0,60,7,2,317,0,28,0,31,1266
Himachal Pradesh,Una,2002,31.3348,77.4034,13,5,0,12,16,0,4,49,96,0,43,15,10,123,0,12,0,11,803
Jammu & Kashmir,Anantnag,2002,33.7032,76.5012,86,96,2,32,134,4,26,142,182,0,49,19,45,53,0,67,0,0,1358
Jammu & Kashmir,Awantipora,2002,33.9232,76.7212,26,0,0,2,32,2,17,7,36,0,10,8,1,6,0,12,0,0,309
Jammu & Kashmir,Baramulla,2002,34.0082,76.8062,121,111,2,28,174,4,15,129,310,0,125,16,22,11,0,94,0,0,1476
Jammu & Kashmir,Border,2002,33.9582,76.7562,7,26,1,10,28,0,3,12,32,0,30,6,4,16,0,8,0,0,740
Jammu & Kashmir,Budgam,2002,33.7632,76.5612,46,23,2,24,80,2,3,47,218,0,87,13,18,2,0,80,0,0,831
Jammu & Kashmir,Crime Jammu,2002,33.6682,76.4662,1,0,0,0,0,0,0,0,0,0,0,44,0,0,0,0,0,0,48
Jammu & Kashmir,Crime Srinagar,2002,33.6932,76.4912,1,0,0,0,0,0,0,0,0,0,0,61,0,0,0,0,0,0,63
Jammu & Kashmir,Doda,2002,22.3072,73.1812,105,118,0,30,38,1,2,30,42,0,17,3,29,12,0,6,0,0,726
Jammu & Kashmir,Ganderbal,2002,33.7582,76.5562,22,5,1,14,78,0,2,39,106,0,71,6,8,5,0,61,0,0,519
Jammu & Kashmir,Handwara,2002,33.9382,76.7362,47,72,5,0,46,1,0,20,46,0,27,3,9,5,0,25,0,1,472
Jammu & Kashmir,Jammu,2002,33.7132,76.5112,23,79,8,14,120,7,4,223,814,0,74,48,9,40,10,20,0,17,3236
Jammu & Kashmir,Kargil,2002,33.9032,76.7012,0,1,0,2,4,0,0,2,10,0,4,1,1,0,0,0,0,0,71
Jammu & Kashmir,Kathua,2002,33.7082,76.5062,15,25,1,22,26,0,1,47,94,0,44,12,7,30,3,11,0,4,968
Jammu & Kashmir,Kulgam,2002,34.0182,76.8162,41,4,1,14,90,0,17,33,86,0,57,8,17,10,0,10,0,0,585
Jammu & Kashmir,Kupwara,2002,33.7082,76.5062,56,124,0,10,56,0,0,25,48,0,55,10,36,5,0,38,0,0,597
Jammu & Kashmir,Leh,2002,33.5582,76.3562,6,1,0,6,2,0,0,13,10,0,3,1,0,0,0,1,0,0,128
Jammu & Kashmir,Poonch,2002,33.8532,76.6512,84,140,0,18,28,0,0,11,92,0,7,13,27,40,0,4,0,0,625
Jammu & Kashmir,Pulwama,2002,33.6182,76.4162,55,109,2,24,88,9,32,80,230,0,120,14,20,19,0,51,0,0,953
Jammu & Kashmir,Railways,2002,33.9382,76.7362,2,0,0,0,0,0,0,0,14,0,0,0,0,0,0,0,0,0,19
Jammu & Kashmir,Rajouri,2002,33.9932,76.7912,97,104,0,26,26,2,2,22,76,0,4,12,25,24,1,11,0,9,1100
Jammu & Kashmir,Ramban,2002,33.6332,76.4312,62,69,0,14,12,0,0,25,54,0,6,2,24,9,0,3,0,0,566
Jammu & Kashmir,Reasi,2002,33.5782,76.3762,45,62,2,16,32,3,3,7,56,0,4,0,32,7,0,3,0,2,377
Jammu & Kashmir,Srinagar,2002,33.9132,76.7112,86,50,4,48,234,6,33,335,1278,0,154,76,48,48,0,270,0,12,3104
Jammu & Kashmir,Udhampur,2002,34.0182,76.8162,14,21,0,30,20,1,3,72,206,0,48,6,4,24,4,10,0,9,1096
Jharkhand,Bokaro,2002,23.7552,85.4249,58,108,2,96,80,45,64,132,890,0,180,24,10,432,29,32,0,16,2194
Jharkhand,Chaibasa,2002,23.6402,85.3099,134,42,38,74,38,7,14,34,196,0,34,2,9,17,0,17,0,8,730
Jharkhand,Chatra,2002,23.8152,85.4849,31,4,0,36,8,31,19,19,166,0,123,3,3,2,15,0,0,4,840
Jharkhand,Deoghar,2002,23.6502,85.3199,36,34,4,74,10,15,25,53,196,0,145,0,7,18,16,7,0,17,1283
Jharkhand,Dhanbad,2002,23.4652,85.1349,88,42,13,76,144,83,64,149,986,0,237,61,9,135,36,53,0,19,3201
Jharkhand,Dhanbad Rly.,2002,23.4652,85.1349,5,0,0,4,4,21,32,8,480,0,11,4,0,1,0,2,0,0,570
Jharkhand,Dumka,2002,23.8202,85.4899,67,149,4,100,30,8,13,54,176,0,99,10,7,57,8,31,0,37,1008
Jharkhand,Garhwa,2002,23.4552,85.1249,39,17,3,64,18,19,20,29,136,0,107,10,9,225,14,2,0,19,869
Jharkhand,Giridih,2002,23.4852,85.1549,72,27,4,78,46,51,42,91,256,0,108,27,22,73,52,48,0,36,1955
Jharkhand,Godda,2002,23.5752,85.2449,31,36,0,172,42,9,10,46,256,0,125,17,0,314,4,0,0,56,2203
Jharkhand,Gumla,2002,23.5002,85.1699,108,32,8,62,18,25,41,37,116,0,32,6,0,2,1,4,0,14,689
Jharkhand,Hazaribagh,2002,23.5352,85.2049,86,59,11,142,66,69,66,103,1074,0,198,73,14,102,31,27,0,90,2621
Jharkhand,Jamshedpur,2002,23.8202,85.4899,81,180,9,152,100,9,29,156,1078,0,114,64,19,93,12,40,0,72,2755
Jharkhand,Jamshedpur Rly.,2002,23.3802,85.0499,2,0,0,2,2,5,6,6,228,0,3,1,0,0,0,5,0,0,255
Jharkhand,Jamtara,2002,23.6302,85.2999,18,33,2,50,26,4,6,30,138,0,39,5,2,116,3,14,0,18,534
Jharkhand,Koderma,2002,23.8052,85.4749,30,25,0,12,26,39,24,13,100,0,103,15,4,187,7,8,0,37,785
Jharkhand,Latehar,2002,23.6402,85.3099,43,14,2,24,16,31,13,12,66,0,20,4,5,39,3,4,0,3,456
Jharkhand,Lohardagga,2002,23.8352,85.5049,44,9,1,28,4,3,22,16,58,0,23,4,3,8,0,4,0,12,432
Jharkhand,Pakur,2002,23.4152,85.0849,37,7,4,74,12,6,13,16,64,0,44,11,3,6,2,3,0,5,584
Jharkhand,Palamu,2002,23.5902,85.2599,69,48,3,28,32,31,40,111,198,0,167,4,27,327,24,11,0,18,1549
Jharkhand,Ranchi,2002,23.4002,85.0699,270,161,0,110,134,94,181,222,1458,0,263,51,7,2,9,73,0,62,4306
Jharkhand,Sahebganj,2002,23.5702,85.2399,45,58,2,52,44,5,17,21,196,0,65,19,4,28,5,22,0,19,730
Jharkhand,Saraikela,2002,23.5452,85.2149,51,36,2,52,32,15,7,45,230,0,31,16,0,109,3,4,0,25,824
Jharkhand,Simdega,2002,23.4902,85.1599,43,22,3,32,4,10,12,16,6,0,10,10,3,1,1,0,0,1,282
Karnataka,Bagalkot,2002,15.1423,75.5389,51,38,2,8,34,2,1,74,294,0,209,28,6,363,2,53,0,63,1915
Karnataka,Bangalore Commr.,2002,12.9716,77.5946,201,311,4,64,318,74,365,2084,14162,0,284,1788,1,4029,33,237,0,242,29120
Karnataka,Bangalore Rural,2002,13.0827,77.5877,153,114,7,44,76,24,54,498,1534,0,480,63,41,1274,35,114,0,129,7310
Karnataka,Belgaum,2002,15.8497,74.4977,113,60,1,12,52,12,48,203,544,0,370,137,19,806,7,55,0,102,4726
Karnataka,Bellary,2002,15.3773,75.7739,62,58,0,22,26,5,18,189,530,0,271,29,15,643,8,68,0,52,3088
Karnataka,Bidar,2002,15.5473,75.9439,49,62,0,16,46,11,29,222,416,0,166,31,29,1020,10,85,0,64,4417
Karnataka,Bijapur,2002,15.1273,75.5239,62,53,2,6,60,12,22,138,234,0,326,23,27,645,5,71,0,90,2762
Karnataka,Chamarajnagar,2002,15.3773,75.7739,29,24,0,8,12,4,6,46,198,0,222,2,22,375,1,26,0,13,1327
Karnataka,Chickmagalur,2002,15.3073,75.7039,36,64,2,36,24,1,11,159,474,0,166,12,7,852,3,62,0,64,2796
Karnataka,Chitradurga,2002,15.2373,75.6339,37,18,1,24,14,3,15,113,330,0,319,18,6,733,7,46,0,32,2986
Karnataka,Dakshin Kannada,2002,15.2273,75.6239,26,27,0,18,12,3,9,173,416,0,141,49,17,502,0,22,0,28,3429
Karnataka,Davanagere,2002,15.4473,75.8439,57,26,7,28,36,8,43,176,558,0,276,39,2,589,8,74,0,73,3106
Karnataka,Dharwad Commr.,2002,15.4589,75.0078,17,36,0,2,32,7,38,105,538,0,122,61,9,221,5,14,0,24,2021
Karnataka,Dharwad Rural,2002,15.4589,75.0078,35,13,0,0,14,2,4,42,68,0,89,9,2,133,4,26,0,17,905
Karnataka,Gadag,2002,15.2073,75.6039,15,22,0,6,8,4,4,49,144,0,133,20,2,173,3,12,0,12,928
Karnataka,Gulbarga,2002,17.3297,76.8343,79,76,7,48,86,7,46,173,516,0,368,47,19,1163,4,119,0,73,4003
Karnataka,Hassan,2002,15.2273,75.6239,74,65,1,22,52,4,22,195,574,0,242,13,91,1362,7,64,0,62,4100
Karnataka,Haveri,2002,15.5423,75.9389,18,19,2,4,20,5,8,69,214,0,276,23,0,300,4,27,0,18,1955
Karnataka,K.G.F.,2002,15.4423,75.8389,14,16,0,12,6,0,7,94,510,0,79,16,0,250,3,6,0,21,1054
Karnataka,Kodagu,2002,15.1573,75.5539,35,29,2,8,12,0,4,145,152,0,74,15,3,445,2,27,0,18,1365
Karnataka,Kolar,2002,15.4823,75.8789,73,71,1,36,72,6,29,141,724,0,367,25,0,649,16,34,0,46,3553
Karnataka,Koppal,2002,15.4823,75.8789,19,37,0,12,52,7,10,90,164,0,126,25,7,243,3,29,0,49,1393
Karnataka,Mandya,2002,15.1123,75.5089,61,56,0,60,36,4,30,249,548,0,266,14,0,1339,14,45,0,102,4745
Karnataka,Mysore Commr.,2002,12.2958,76.6394,22,38,1,14,20,1,31,97,558,0,48,38,0,350,10,17,0,58,1762
Karnataka,Mysore Rural,2002,15.1723,75.5689,62,45,1,10,32,3,5,149,434,0,231,12,0,936,5,63,0,73,2798
Karnataka,Raichur,2002,15.4623,75.8589,59,67,7,12,50,9,9,142,276,0,256,112,19,580,10,72,0,56,2522
Karnataka,Railways,2002,15.4773,75.8739,14,1,0,0,0,4,15,5,760,0,118,2,1,26,1,2,0,1,946
Karnataka,Shimoga,2002,15.2973,75.6939,53,47,2,22,28,7,42,209,698,0,247,42,21,1133,4,59,0,159,4165
Karnataka,Tumkur,2002,15.4373,75.8339,58,49,4,18,38,13,29,242,742,0,255,38,66,990,16,60,0,30,4180
Karnataka,Udupi,2002,15.4773,75.8739,15,22,0,2,18,2,11,127,160,0,188,15,1,315,2,21,0,22,2209
Karnataka,Uttar Kannada,2002,15.2673,75.6639,28,12,1,10,4,0,7,82,166,0,123,18,4,385,1,38,0,33,2335
Kerala,Alapuzha,2002,10.8705,76.2911,18,30,1,26,28,5,19,234,488,0,548,129,38,1335,2,149,0,165,7578
Kerala,Cbcid,2002,10.8355,76.2561,15,8,2,0,2,3,3,10,8,0,22,26,2,3,0,0,0,2,240
Kerala,Ernakulam,2002,10.9455,76.3661,36,80,18,54,24,27,119,649,2318,0,686,321,24,1753,1,170,0,179,15673
Kerala,Idukki,2002,10.9005,76.3211,32,18,2,52,0,6,9,185,430,0,323,60,19,1457,0,120,0,108,4646
Kerala,Kannur,2002,10.6755,76.0961,28,63,7,42,28,4,17,242,394,0,567,123,3,1007,0,89,0,203,5024
Kerala,Kasargod,2002,10.7755,76.1961,20,22,6,50,26,0,11,145,292,0,407,69,0,637,0,0,0,87,2770
Kerala,Kollam,2002,10.9005,76.3211,41,49,59,120,40,12,42,403,638,0,778,158,66,2411,2,307,0,312,9877
Kerala,Kottayam,2002,11.0855,76.5061,20,22,7,56,30,6,65,337,758,0,439,275,19,1719,0,156,0,132,7316
Kerala,Kozhikode,2002,11.2588,75.7804,21,39,18,106,10,3,27,479,1138,0,973,383,67,1149,0,135,0,343,8746
Kerala,Malappuram,2002,10.7305,76.1511,26,28,14,140,22,4,12,216,638,0,597,273,27,839,3,90,0,431,6532
Kerala,Palakkad,2002,10.8855,76.3061,51,42,10,96,20,19,39,352,622,0,609,138,64,1450,0,122,0,196,6135
Kerala,Pathanamthitta,2002,10.7905,76.2111,28,24,15,24,0,1,19,195,372,0,295,61,22,960,0,139,0,116,4468
Kerala,Railways,2002,11.0105,76.4311,0,0,0,0,0,0,0,3,604,0,16,1,0,9,0,1,0,0,633
Kerala,Thrissur,2002,10.5276,76.2144,52,59,42,60,22,15,78,361,810,0,642,406,22,1304,4,195,0,189,10049
Kerala,Trivandrum,2002,10.9855,76.4061,58,69,9,112,72,29,138,717,1706,0,964,397,67,2550,2,404,0,314,12690
Kerala,Wayanadu,2002,11.0555,76.4761,8,9,0,60,0,7,12,96,270,0,224,104,12,450,3,46,0,59,2069
Madhya Pradesh,Balaghat,2002,22.9584,78.6419,69,41,3,174,18,7,23,244,472,0,30,8,22,390,5,186,0,78,3005
Madhya Pradesh,Barwani,2002,22.9784,78.6619,37,34,0,60,8,7,6,48,216,0,36,16,12,307,3,71,0,15,1787
Madhya Pradesh,Betul,2002,23.1484,78.8319,65,50,0,230,44,1,17,158,338,0,11,21,15,544,13,152,0,50,2902
Madhya Pradesh,Bhind,2002,22.8084,78.4919,72,106,2,66,58,9,36,218,616,0,107,36,30,650,36,91,0,65,3665
Madhya Pradesh,Bhopal,2002,23.2599,77.4126,62,92,0,196,82,7,103,908,3000,0,79,110,10,489,16,244,0,131,14217
Madhya Pradesh,Bhopal Rly.,2002,23.2599,77.4126,7,5,0,2,0,1,33,12,1848,0,8,6,1,2,0,18,0,0,1925
Madhya Pradesh,Chhatarpur,2002,23.0184,78.7019,70,66,1,152,50,4,34,261,342,0,76,31,19,502,20,188,0,58,3680
Madhya Pradesh,Chhindwara,2002,23.1184,78.8019,81,46,4,164,20,3,30,183,388,0,65,24,27,1096,11,189,0,117,3834
Madhya Pradesh,Damoh,2002,22.7384,78.4219,49,57,0,114,28,3,20,137,350,0,19,9,15,1064,31,136,0,52,2785
Madhya Pradesh,Datiya,2002,23.1234,78.8069,54,63,0,44,24,7,21,93,256,0,19,11,15,401,14,53,0,16,1875
Madhya Pradesh,Dewas,2002,22.9584,78.6419,53,76,0,194,66,20,82,374,1804,0,145,53,43,399,14,191,0,135,6531
Madhya Pradesh,Dhar,2002,15.4589,75.0078,90,101,0,148,60,16,42,315,1306,0,69,17,32,577,53,220,0,91,5397
Madhya Pradesh,Dindori,2002,22.7284,78.4119,26,7,0,52,4,0,0,53,44,0,21,5,8,102,1,57,0,15,865
Madhya Pradesh,Guna,2002,22.9584,78.6419,64,74,9,296,14,19,52,388,744,0,167,19,38,1654,12,339,0,99,6268
Madhya Pradesh,Gwalior,2002,26.2183,78.1828,102,126,3,138,158,17,133,999,1744,0,154,89,30,1007,18,150,0,133,7690
Madhya Pradesh,Harda,2002,23.0384,78.7219,18,13,0,56,6,0,6,50,136,0,21,5,3,341,7,42,0,16,876
Madhya Pradesh,Hoshangabad,2002,23.1584,78.8419,48,86,97,124,42,3,40,311,678,0,29,39,12,423,9,122,0,45,3156
Madhya Pradesh,Indore,2002,22.7196,75.8577,109,135,1,186,94,11,142,974,5792,0,134,122,29,1114,23,217,0,249,14934
Madhya Pradesh,Indore Rly.,2002,22.7196,75.8577,3,4,0,2,2,0,6,1,328,0,3,0,0,7,0,7,0,0,356
Madhya Pradesh,Jabalpur,2002,23.1815,79.9864,73,146,4,160,64,2,115,567,1974,0,65,78,29,2954,49,250,0,125,9290
Madhya Pradesh,Jabalpur Rly.,2002,23.1815,79.9864,2,2,0,0,0,1,11,1,416,0,2,0,0,8,0,3,0,0,443
Madhya Pradesh,Jhabua,2002,23.1184,78.8019,133,129,0,58,136,8,15,143,460,0,32,6,78,676,3,119,0,8,3104
Madhya Pradesh,Katni,2002,23.1084,78.7919,40,37,2,74,6,4,31,185,420,0,25,17,16,868,5,133,0,65,2403
Madhya Pradesh,Khandwa,2002,22.8834,78.5669,33,41,0,142,34,6,12,337,740,0,60,31,16,89,11,214,0,59,3983
Madhya Pradesh,Khargon,2002,22.9484,78.6319,37,39,43,100,54,13,16,201,944,0,83,20,9,133,7,162,0,65,3696
Madhya Pradesh,Mandla,2002,22.7384,78.4219,21,26,0,86,10,0,6,114,196,0,23,10,8,366,0,107,0,44,1823
Madhya Pradesh,Mandsaur,2002,22.8484,78.5319,34,38,0,90,34,3,14,185,812,0,68,28,18,338,7,129,0,49,2812
Madhya Pradesh,Morena,2002,22.8584,78.5419,62,116,3,92,54,12,79,366,1066,0,154,19,20,1274,28,73,0,41,5149
Madhya Pradesh,Narsinghpur,2002,22.9434,78.6269,48,53,2,176,14,3,10,134,326,0,46,5,28,838,23,174,0,46,2443
Madhya Pradesh,Neemuch,2002,22.8684,78.5519,19,23,2,52,26,1,28,158,620,0,45,18,4,308,3,75,0,90,2223
Madhya Pradesh,Panna,2002,22.7284,78.4119,35,30,1,70,24,2,18,110,210,0,12,9,10,66,17,74,0,31,1717
Madhya Pradesh,Raisen,2002,22.8984,78.5819,34,70,0,196,20,2,23,148,338,0,45,11,22,521,16,296,0,58,3080
Madhya Pradesh,Rajgarh,2002,23.0634,78.7469,36,57,0,160,22,3,27,149,580,0,186,14,56,323,4,179,0,68,4301
Madhya Pradesh,Ratlam,2002,23.0084,78.6919,36,47,1,134,20,6,39,222,806,0,46,18,27,421,7,138,0,79,3332
Madhya Pradesh,Rewa,2002,23.0034,78.6869,68,40,1,64,72,10,91,760,872,0,87,18,27,537,26,95,0,54,4569
Madhya Pradesh,Sagar,2002,23.2134,78.8969,81,120,0,272,60,0,39,414,1002,0,183,46,43,2343,26,425,0,164,7303
Madhya Pradesh,Satna,2002,23.1784,78.8619,62,72,0,132,58,8,47,437,712,0,54,22,20,925,37,173,0,47,4503
Madhya Pradesh,Seoni,2002,22.8884,78.5719,40,15,2,88,8,0,7,98,288,0,32,29,9,350,3,116,0,24,2038
Madhya Pradesh,Shahdol,2002,22.7684,78.4519,51,34,1,144,26,12,47,390,784,0,38,25,20,402,11,259,0,133,4734
Madhya Pradesh,Shajapur,2002,23.0784,78.7619,42,57,4,168,36,3,84,319,1294,0,126,25,39,666,9,144,0,84,3765
Madhya Pradesh,Sheopur,2002,22.7384,78.4219,20,36,0,56,40,4,13,100,186,0,41,4,3,333,5,68,0,21,1339
Madhya Pradesh,Shivpuri,2002,23.1434,78.8269,71,77,0,146,36,15,23,172,454,0,115,19,29,802,6,180,0,41,4429
Madhya Pradesh,Sidhi,2002,22.8634,78.5469,48,25,3,92,34,5,21,296,690,0,28,15,12,432,36,131,0,42,3606
Madhya Pradesh,Sihore,2002,22.9134,78.5969,21,61,2,126,102,6,13,364,724,0,37,39,20,448,5,115,0,49,3897
Madhya Pradesh,Tikamgarh,2002,23.0834,78.7669,45,58,3,102,26,2,34,151,408,0,82,19,38,889,20,161,0,40,3240
Madhya Pradesh,Ujjain,2002,23.1765,75.7885,54,172,0,136,94,6,100,783,3056,0,164,51,50,715,9,156,0,140,8425
Madhya Pradesh,Umariya,2002,23.0784,78.7619,28,7,0,40,2,2,25,87,166,0,20,5,6,132,7,65,0,31,1272
Madhya Pradesh,Vidisha,2002,23.0934,78.7769,42,54,0,228,38,4,15,226,572,0,86,18,35,729,8,231,0,54,3918
Maharashtra,Ahmednagar,2002,19.7715,75.7339,82,45,6,90,54,30,97,352,1682,0,296,69,38,663,8,75,0,280,4506
Maharashtra,Akola,2002,19.8715,75.8339,59,34,0,56,42,8,41,314,1458,0,120,37,40,801,4,70,0,156,3886
Maharashtra,Amravati Commr.,2002,19.9615,75.9239,27,25,1,36,24,2,42,275,1582,0,50,52,16,475,4,35,0,68,2665
Maharashtra,Amravati Rural,2002,19.8215,75.7839,58,36,3,132,44,16,47,392,2104,0,85,26,59,773,5,130,0,95,3922
Maharashtra,Aurangabad Commr.,2002,19.8762,75.3433,32,18,0,16,40,10,58,248,1070,0,124,96,12,408,7,30,0,110,2440
Maharashtra,Aurangabad Rural,2002,19.9115,75.8739,50,29,0,24,22,15,32,131,582,0,158,26,53,792,24,36,0,208,2703
Maharashtra,Beed,2002,19.6065,75.5689,69,51,0,50,46,21,64,198,862,0,313,43,38,884,2,51,0,158,3288
Maharashtra,Bhandara,2002,19.8215,75.7839,36,13,2,64,32,2,14,228,680,0,66,25,43,403,3,57,0,70,2258
Maharashtra,Buldhana,2002,19.6415,75.6039,50,35,2,60,36,22,42,259,1456,0,169,43,87,749,17,107,0,162,3665
Maharashtra,Chandrapur,2002,19.8215,75.7839,52,19,6,58,48,8,28,249,942,0,128,50,42,538,3,89,0,116,2970
Maharashtra,Dhule,2002,19.8865,75.8489,46,25,1,32,16,6,14,96,710,0,82,40,23,392,7,20,0,124,2149
Maharashtra,Gadchiroli,2002,19.7565,75.7189,51,33,4,44,18,12,11,113,226,0,33,17,42,285,0,59,0,65,1403
Maharashtra,Gondia,2002,19.5815,75.5439,44,16,0,50,42,5,14,217,636,0,23,24,8,370,4,74,0,70,1959
Maharashtra,Hingoli,2002,19.6515,75.6139,32,15,1,34,14,7,34,103,326,0,74,21,18,485,6,36,0,98,1629
Maharashtra,Jalgaon,2002,19.7315,75.6939,81,39,2,44,42,24,29,316,1252,0,184,55,13,790,10,78,0,219,4302
Maharashtra,Jalna,2002,19.7165,75.6789,48,28,1,28,22,10,38,187,544,0,128,47,28,587,5,25,0,199,2326
Maharashtra,Kolhapur,2002,19.6715,75.6339,65,42,3,34,30,17,17,220,944,0,138,70,18,549,20,46,0,70,2990
Maharashtra,Latur,2002,19.8315,75.7939,39,27,2,8,38,9,45,102,528,0,166,41,30,869,5,53,0,125,2832
Maharashtra,Mumbai,2002,18.922,72.8347,252,134,7,256,238,90,291,2597,20332,0,143,1155,5,3542,18,254,0,214,29035
Maharashtra,Mumbai Rly.,2002,19.6465,75.6089,3,3,0,4,14,5,22,4,3388,0,8,35,0,34,0,4,0,0,3520
Maharashtra,Nagpur Commr.,2002,21.1458,79.0882,98,54,0,98,100,74,146,1307,5022,0,254,235,23,916,4,63,0,210,8722
Maharashtra,Nagpur Rly.,2002,19.8415,75.8039,7,2,1,0,0,8,16,2,1594,0,8,2,1,25,0,2,0,0,1665
Maharashtra,Nagpur Rural,2002,19.6665,75.6289,95,35,1,132,50,11,61,401,1996,0,132,38,90,915,7,114,0,98,5053
Maharashtra,Nanded,2002,19.9715,75.9339,83,85,0,58,80,30,100,373,1084,0,191,110,72,1559,24,83,0,241,5799
Maharashtra,Nandurbar,2002,19.5415,75.5039,26,9,0,56,10,5,14,103,292,0,82,27,9,237,2,41,0,75,1178
Maharashtra,Nasik Commr.,2002,19.8865,75.8489,25,9,2,24,34,10,32,369,1224,0,131,98,4,272,3,20,0,136,2521
Maharashtra,Nasik Rural,2002,19.9065,75.8689,90,44,1,76,28,25,37,301,962,0,365,53,45,1024,8,101,0,375,4783
Maharashtra,Navi Mumbai,2002,19.5315,75.4939,48,21,1,48,36,29,50,333,1780,0,66,197,3,322,6,28,0,34,3071
Maharashtra,Osmanabad,2002,19.6415,75.6039,46,17,3,56,30,11,26,143,554,0,173,30,32,828,0,53,0,115,2656
Maharashtra,Parbhani,2002,19.5665,75.5289,55,31,0,38,22,9,68,141,458,0,143,38,24,955,5,55,0,137,2366
Maharashtra,Pune Commr.,2002,18.5204,73.8567,95,42,0,102,72,14,80,836,4894,0,702,346,13,1058,5,59,0,131,8504
Maharashtra,Pune Rly.,2002,19.7565,75.7189,1,3,0,3,2,0,7,0,642,0,1,5,0,2,0,0,0,0,666
Maharashtra,Pune Rural,2002,19.6315,75.5939,141,37,7,84,32,25,61,296,1412,0,185,41,23,592,4,60,0,175,4518
Maharashtra,Raigad,2002,19.7865,75.7489,43,21,0,58,24,27,38,169,556,0,144,54,17,277,13,40,0,54,2149
Maharashtra,Ratnagiri,2002,19.9015,75.8639,26,6,0,26,10,2,12,144,350,0,49,22,19,211,0,41,0,23,1222
Maharashtra,Sangli,2002,19.5815,75.5439,97,29,0,66,44,16,22,225,892,0,107,90,29,411,4,38,0,63,2688
Maharashtra,Satara,2002,19.8865,75.8489,83,17,4,62,28,14,26,218,884,0,97,72,20,490,13,51,0,156,3341
Maharashtra,Sindhudurg,2002,19.7465,75.7089,18,7,0,22,8,6,8,97,192,0,43,9,16,152,1,14,0,11,781
Maharashtra,Solapur Commr.,2002,19.8765,75.8389,27,39,2,60,26,34,18,203,626,0,109,42,10,180,4,10,0,62,1597
Maharashtra,Solapur Rural,2002,19.7715,75.7339,79,40,2,66,56,12,23,122,618,0,184,30,43,558,1,34,0,74,2835
Maharashtra,Thane Commr.,2002,19.2183,72.9781,128,68,0,84,150,71,124,924,3230,0,229,446,32,1010,3,91,0,175,6496
Maharashtra,Thane Rural,2002,19.5965,75.5589,122,41,21,102,70,52,81,485,1176,0,174,79,37,727,16,100,0,81,4010
Maharashtra,Wardha,2002,19.8415,75.8039,49,31,5,74,42,4,42,257,1202,0,122,43,31,744,2,110,0,79,3493
Maharashtra,Washim,2002,19.5515,75.5139,34,13,0,58,18,6,27,122,708,0,71,15,22,416,9,45,0,99,1875
Maharashtra,Yavatmal,2002,19.9265,75.8889,76,67,2,130,72,5,37,299,1560,0,110,51,41,980,17,104,0,142,4309
Manipur,Bishnupur,2002,24.4637,93.7063,24,23,0,4,40,1,0,5,18,0,5,8,2,66,0,9,0,1,293
Manipur,Chandel,2002,24.8937,94.1363,9,4,0,0,18,0,5,2,12,0,0,2,1,19,0,0,0,0,98
Manipur,Churachandpur,2002,24.7837,94.0263,30,11,0,0,38,0,0,4,8,0,2,0,2,6,0,1,0,0,108
Manipur,Imphal(East),2002,28.6333,77.2833,24,27,3,8,50,2,0,7,78,0,8,11,6,50,0,9,0,0,391
Manipur,Imphal(West),2002,28.65,77.1,32,51,0,6,88,0,0,20,324,0,26,29,28,128,0,31,0,5,1010
Manipur,Senapati,2002,24.4637,93.7063,13,11,0,0,2,0,0,2,12,0,2,2,0,0,0,0,0,0,130
Manipur,Tamenglong,2002,24.4787,93.7213,3,3,0,0,8,0,0,0,12,0,0,0,2,2,0,0,0,0,30
Manipur,Thoubal,2002,24.4487,93.6913,27,29,0,8,68,8,0,3,36,0,21,20,6,102,0,8,0,4,488
Manipur,Ukhrul,2002,24.7087,93.9513,3,1,0,2,2,0,1,1,10,0,0,0,1,5,0,0,0,0,38
Meghalaya,Garo Hills East,2002,28.6333,77.2833,10,13,0,2,10,6,5,10,50,0,2,2,0,8,0,2,0,0,118
Meghalaya,Garo Hills South,2002,28.5333,77.2,10,3,0,2,4,2,1,5,22,0,0,3,0,4,0,0,0,0,57
Meghalaya,Garo Hills West,2002,28.65,77.1,17,6,0,10,24,2,2,23,90,0,4,4,1,21,0,8,0,0,204
Meghalaya,Jaintia Hills,2002,25.487,91.3862,39,4,0,4,6,6,10,7,86,0,0,0,2,19,0,5,0,0,227
Meghalaya,Khasi Hills East,2002,28.6333,77.2833,48,22,3,38,44,25,66,98,442,0,3,21,17,18,0,5,0,0,842
Meghalaya,Khasi Hills West,2002,28.65,77.1,16,8,0,14,8,10,11,8,22,0,0,0,0,6,0,3,0,0,119
Meghalaya,Ri-Bhoi,2002,25.712,91.6112,27,2,0,6,8,15,14,3,72,0,0,3,3,13,0,0,0,0,184
Mizoram,Aizawl,2002,23.3695,93.1426,5,18,0,72,8,0,2,228,1084,0,0,58,10,33,0,28,0,2,1518
Mizoram,Champhai,2002,23.1495,92.9226,6,1,0,18,0,0,1,47,90,0,0,5,3,17,0,10,0,0,212
Mizoram,Kolasib,2002,23.3695,93.1426,4,1,1,10,2,2,3,28,174,0,1,6,5,12,0,6,0,1,248
Mizoram,Lawngtlai,2002,23.2295,93.0026,3,0,0,4,0,0,0,14,44,0,0,0,0,7,0,4,0,0,162
Mizoram,Lunglei,2002,23.3295,93.1026,2,2,0,22,0,0,0,71,346,0,0,10,5,13,0,11,0,0,471
Mizoram,Mamit,2002,23.2195,92.9926,1,0,0,8,0,1,0,16,36,0,0,3,1,6,0,0,0,0,72
Mizoram,Saiha,2002,22.9895,92.7626,2,4,3,14,2,1,1,19,176,0,0,2,2,19,0,14,0,0,326
Mizoram,Serchhip,2002,23.3445,93.1176,6,0,1,4,2,1,0,23,48,0,0,1,1,5,0,0,0,0,91
Nagaland,Dimapur,2002,26.3284,94.7324,32,7,1,6,38,9,91,58,256,0,1,3,2,27,0,1,0,0,530
Nagaland,Kiphire,2002,26.1734,94.5774,1,0,0,2,2,0,1,2,6,0,0,0,0,0,0,0,0,0,14
Nagaland,Kohima,2002,26.0484,94.4524,25,2,0,18,0,4,0,19,88,0,0,12,0,1,0,0,0,0,226
Nagaland,Mokokchung,2002,26.2884,94.6924,11,1,1,0,2,1,5,8,14,0,0,0,3,2,0,0,0,0,64
Nagaland,Mon,2002,25.9134,94.3174,1,1,0,0,2,2,3,12,34,0,0,3,0,7,0,0,0,0,65
Nagaland,Peren,2002,26.1434,94.5474,4,9,0,0,0,0,0,2,10,0,0,1,1,1,0,0,0,0,31
Nagaland,Phek,2002,26.2334,94.6374,5,4,3,2,8,2,6,2,16,0,0,0,0,5,0,0,0,0,52
Nagaland,Tuensang,2002,26.1484,94.5524,6,5,0,2,2,0,4,6,4,0,3,0,0,0,0,0,0,0,45
Nagaland,Wokha,2002,26.2734,94.6774,6,3,0,2,0,3,0,11,72,0,1,0,0,10,0,0,0,0,108
Nagaland,Zunheboto,2002,26.1234,94.5274,9,2,0,2,0,0,0,8,14,0,0,2,0,0,0,0,0,0,55
Odisha,Angul,2002,21.1617,85.3085,40,43,2,50,30,7,27,69,254,0,105,19,16,43,8,53,0,49,1614
Odisha,Balasore,2002,20.7367,84.8835,23,6,0,94,70,16,33,148,356,0,73,27,27,170,28,81,0,86,2490
Odisha,Baragarh,2002,20.7917,84.9385,22,36,2,24,8,16,19,61,238,0,91,15,17,76,3,50,0,29,1259
Odisha,Berhampur,2002,20.7067,84.8535,30,56,2,20,14,7,48,70,252,0,42,21,3,236,7,41,0,22,1128
Odisha,Bhadrak,2002,21.0067,85.1535,26,36,5,54,36,4,16,60,112,0,76,15,10,14,12,35,0,12,1411
Odisha,Bolangir,2002,20.9017,85.0485,33,52,14,30,32,1,23,58,196,0,60,83,13,316,4,74,0,17,1439
Odisha,Boudh,2002,21.1017,85.2485,12,15,0,4,6,0,4,17,56,0,18,1,16,47,1,21,0,5,403
Odisha,Cuttack,2002,20.8467,84.9935,47,140,0,64,76,28,135,287,1438,0,78,77,26,73,3,69,0,131,4280
Odisha,Deogarh,2002,20.8517,84.9985,12,9,0,14,10,6,2,17,42,0,15,4,6,126,5,44,0,10,433
Odisha,Dhenkanal,2002,21.1317,85.2785,28,35,1,24,42,3,26,56,192,0,100,12,18,108,5,69,0,30,1305
Odisha,Gajapati,2002,20.8317,84.9785,6,10,0,16,8,1,3,17,72,0,31,8,3,36,0,18,0,7,425
Odisha,Ganjam,2002,21.0467,85.1935,76,117,5,68,28,11,41,120,314,0,106,35,45,161,21,124,0,54,2179
Odisha,Jagatsinghpur,2002,20.7617,84.9085,16,24,4,34,34,7,39,78,286,0,4,17,6,131,8,19,0,29,1261
Odisha,Jajpur,2002,21.1767,85.3235,22,21,0,36,46,2,23,97,288,0,20,15,12,267,18,18,0,66,1687
Odisha,Jharsuguda,2002,21.1817,85.3285,17,17,1,22,8,2,11,32,128,0,14,15,3,47,0,27,0,13,710
Odisha,Kalahandi,2002,20.9067,85.0535,22,32,0,36,18,12,29,59,128,0,75,36,3,94,2,25,0,19,909
Odisha,Kandhamal,2002,21.0667,85.2135,19,13,2,64,64,2,13,58,172,0,17,6,5,374,2,72,0,48,948
Odisha,Kendrapara,2002,21.0217,85.1685,19,52,0,18,34,9,7,42,140,0,31,10,8,32,24,13,0,18,929
Odisha,Keonjhar,2002,21.0417,85.1885,74,38,4,84,46,7,38,106,300,0,96,22,29,118,4,157,0,25,2047
Odisha,Khurda,2002,21.1267,85.2735,63,92,0,104,106,30,145,489,1814,0,104,157,25,1257,19,36,0,187,5236
Odisha,Koraput,2002,20.9817,85.1285,47,34,1,60,18,11,12,123,294,0,76,17,7,35,3,53,0,41,1452
Odisha,Malkangir,2002,21.0667,85.2135,36,23,3,30,12,20,3,22,96,0,16,1,2,44,3,17,0,8,459
Odisha,Mayurbhanj,2002,20.9467,85.0935,83,40,2,136,58,7,34,113,316,0,42,29,17,20,26,125,0,106,2025
Odisha,Nayagarh,2002,20.7817,84.9285,28,61,0,18,28,5,19,51,144,0,36,9,12,47,8,2,0,11,865
Odisha,Nowrangpur,2002,20.7267,84.8735,25,16,3,34,36,10,16,70,164,0,39,15,11,53,0,34,0,11,764
Odisha,Nuapada,2002,21.0017,85.1485,15,9,0,10,18,2,7,17,90,0,27,2,3,27,2,26,0,17,491
Odisha,Puri,2002,21.0967,85.2435,47,139,2,82,62,13,53,140,390,0,31,26,21,75,23,15,0,16,2561
Odisha,Rayagada,2002,20.8267,84.9735,18,33,0,30,24,8,1,44,130,0,64,16,3,27,0,56,0,24,959
Odisha,Rourkela,2002,21.1017,85.2485,28,24,3,36,20,5,17,79,436,0,9,24,9,47,0,44,0,18,1226
Odisha,Sambalpur,2002,21.1217,85.2685,41,57,0,30,10,13,44,147,428,0,43,22,8,32,5,84,0,6,1904
Odisha,Sonepur,2002,20.7717,84.9185,7,31,0,12,4,2,4,32,66,0,29,11,5,22,0,38,0,20,488
Odisha,Srp(Cuttack),2002,20.9017,85.0485,0,2,0,2,8,0,5,12,554,0,1,4,1,43,0,4,0,2,632
Odisha,Srp(Rourkela),2002,20.9967,85.1435,6,2,0,0,2,1,4,13,316,0,0,0,0,13,0,6,0,3,357
Odisha,Sundargarh,2002,20.7717,84.9185,87,57,2,42,30,8,44,80,334,0,29,22,15,736,4,55,0,27,1721
Punjab,Amritsar,2002,31.634,74.8723,51,24,4,10,64,11,5,94,264,0,0,153,3,170,9,14,0,74,1320
Punjab,Barnala,2002,31.3321,75.5262,10,22,0,22,12,0,3,28,92,0,0,70,0,72,3,8,0,25,545
Punjab,Batala,2002,31.1221,75.3162,30,34,4,28,28,0,2,18,98,0,0,72,0,147,7,5,0,32,640
Punjab,Bhatinda,2002,30.9171,75.1112,34,30,2,28,64,9,3,126,198,0,0,135,3,193,5,25,0,36,1197
Punjab,Faridkot,2002,30.9071,75.1012,12,12,1,12,22,3,3,43,84,0,0,72,0,145,5,6,0,23,504
Punjab,Fatehgarh Sahib,2002,31.0171,75.2112,14,13,1,0,22,1,3,47,76,0,0,33,0,99,5,5,0,4,565
Punjab,Ferozepur,2002,31.3121,75.5062,39,63,4,54,48,2,1,99,336,0,0,138,6,542,9,15,0,41,1532
Punjab,G.R.P,2002,31.3271,75.5212,5,8,0,0,2,0,0,0,54,0,0,7,0,11,2,2,0,0,390
Punjab,Gurdaspur,2002,30.9771,75.1712,26,24,4,34,28,7,5,43,124,0,0,57,0,93,4,10,0,28,819
Punjab,Hoshiarpur,2002,31.2071,75.4012,31,38,2,38,32,21,20,80,222,0,0,153,10,276,12,12,0,55,1339
Punjab,Jagraon,2002,27.1767,78.0081,15,30,3,26,44,2,6,27,152,0,0,67,0,123,3,4,0,26,660
Punjab,Jalandhar,2002,31.3271,75.5212,59,64,6,40,100,9,11,224,660,0,0,249,12,378,14,12,0,82,2425
Punjab,Kapurthala,2002,30.9371,75.1312,32,18,4,34,32,5,2,36,162,0,0,196,1,147,7,14,0,47,912
Punjab,Khanna,2002,31.1671,75.3612,21,13,2,14,20,4,1,49,112,0,0,58,0,105,5,7,0,16,599
Punjab,Ludhiana,2002,30.901,75.8573,68,77,14,80,250,20,12,346,1434,0,0,405,18,328,16,88,0,145,5648
Punjab,Majitha,2002,31.3921,75.5862,28,34,9,18,28,0,2,28,96,0,0,55,4,188,5,6,0,25,743
Punjab,Mansa,2002,30.9521,75.1462,25,23,1,20,10,3,2,40,80,0,0,39,3,155,3,7,0,11,533
Punjab,Moga,2002,31.1921,75.3862,27,35,4,8,28,7,5,39,140,0,1,93,2,159,7,7,0,14,704
Punjab,Muktsar,2002,31.0321,75.2262,18,28,1,16,16,1,3,49,76,0,1,46,0,121,8,3,0,13,466
Punjab,Nawan Shahr,2002,30.9721,75.1662,22,9,1,16,32,3,3,43,138,0,0,93,0,167,7,5,0,31,665
Punjab,Patiala,2002,31.0121,75.2062,46,48,4,36,82,7,7,234,632,0,0,243,0,384,14,45,0,119,3196
Punjab,Ropar,2002,30.9021,75.0962,27,13,3,12,58,3,1,85,270,0,0,112,2,117,6,17,0,25,1370
Punjab,Sangrur,2002,31.1871,75.3812,42,37,0,28,46,14,7,116,338,0,0,133,4,221,6,19,0,52,1402
Punjab,Tarn Taran,2002,30.8971,75.0912,51,31,5,24,34,1,3,34,88,0,0,37,0,112,4,5,0,20,620
Rajasthan,Ajmer,2002,26.4499,74.6399,48,63,3,54,248,5,42,457,1474,0,91,370,36,695,23,65,0,285,6983
Rajasthan,Alwar,2002,26.9488,74.1429,82,96,0,88,242,4,43,226,1928,0,79,392,47,2364,42,115,0,250,6814
Rajasthan,Banswara,2002,27.1438,74.3379,40,26,1,148,110,5,23,117,252,0,235,42,62,1402,10,92,0,85,3215
Rajasthan,Baran,2002,27.0538,74.2479,30,89,0,102,178,1,13,188,932,0,69,126,28,332,6,188,0,160,3704
Rajasthan,Barmer,2002,27.2438,74.4379,18,28,0,48,50,1,12,94,364,0,36,92,23,766,8,83,0,66,2442
Rajasthan,Bharatpur,2002,27.0638,74.2579,87,81,4,118,218,2,48,148,1418,0,18,303,59,1116,27,29,0,227,7304
Rajasthan,Bhilwara,2002,27.1438,74.3379,30,46,4,92,392,0,48,361,1504,0,219,355,28,557,4,134,0,339,6593
Rajasthan,Bikaner,2002,26.9588,74.1529,40,90,0,48,42,0,6,122,734,0,9,169,20,646,13,34,0,142,3065
Rajasthan,Bundi,2002,27.1988,74.3929,21,95,9,76,218,2,24,216,778,0,135,109,31,978,7,151,0,225,3899
Rajasthan,Chittorgarh,2002,26.8788,74.0729,46,52,1,146,342,8,27,310,1402,0,357,235,60,2308,7,121,0,330,6470
Rajasthan,Churu,2002,27.0738,74.2679,26,48,0,44,62,2,6,88,466,0,151,144,27,947,8,50,0,163,2855
Rajasthan,Dausa,2002,27.0938,74.2879,21,25,2,32,94,0,6,83,766,0,145,107,28,156,5,10,0,82,3646
Rajasthan,Dholpur,2002,27.0088,74.2029,42,89,0,52,116,5,18,78,380,0,373,74,7,972,25,43,0,78,2811
Rajasthan,Dungarpur,2002,27.0238,74.2179,24,16,1,42,86,0,13,88,160,0,204,27,40,142,4,58,0,42,1936
Rajasthan,G.R.P.,2002,26.9338,74.1279,5,2,1,8,6,2,8,4,1066,0,4,5,0,7,2,20,0,0,1117
Rajasthan,Ganganagar,2002,27.0638,74.2579,63,94,0,108,120,1,9,211,882,0,8,435,14,1159,19,100,0,391,5393
Rajasthan,Hanumangarh,2002,27.1788,74.3729,65,97,1,80,68,1,9,145,686,0,27,284,18,607,19,95,0,227,3867
Rajasthan,Jaipur,2002,26.9124,75.7873,85,116,10,114,512,6,78,982,6000,0,2699,1423,65,1482,32,187,0,517,19663
Rajasthan,Jaisalmer,2002,26.7738,73.9679,7,0,0,6,10,0,6,61,314,0,25,22,10,1,5,13,0,17,917
Rajasthan,Jalore,2002,27.0488,74.2429,19,23,2,22,64,0,8,111,354,0,30,88,37,49,10,77,0,84,2587
Rajasthan,Jhalawar,2002,26.8238,74.0179,44,71,5,122,164,2,12,186,712,0,121,79,57,1065,7,150,0,210,3498
Rajasthan,Jhunjhunu,2002,26.8438,74.0379,44,25,0,24,98,5,9,138,626,0,252,142,45,146,15,65,0,122,4197
Rajasthan,Jodhpur,2002,26.2389,73.0243,38,69,2,66,208,2,43,383,1876,0,140,430,46,2597,17,157,0,267,7123
Rajasthan,Karauli,2002,27.1438,74.3379,19,17,1,42,116,1,14,38,520,0,90,79,25,17,15,57,0,55,2924
Rajasthan,Kota,2002,25.2138,75.8648,56,374,4,74,320,2,64,381,2116,0,159,279,27,480,6,154,0,319,6528
Rajasthan,Nagaur,2002,27.1488,74.3429,43,30,4,78,122,1,26,306,892,0,42,219,28,345,14,78,0,153,4814
Rajasthan,Pali,2002,26.8388,74.0329,32,74,2,50,148,0,34,216,664,0,88,244,44,48,14,116,0,205,5065
Rajasthan,Rajsamand,2002,26.9338,74.1279,18,22,0,18,120,1,9,91,296,0,203,98,26,1226,7,38,0,74,2587
Rajasthan,Sawai Madhopur,2002,26.8038,73.9979,27,25,1,42,104,5,19,104,552,0,47,187,24,57,2,59,0,113,3004
Rajasthan,Sikar,2002,27.2388,74.4329,41,29,5,26,104,2,2,206,612,0,577,217,49,465,10,42,0,116,4054
Rajasthan,Sirohi,2002,27.2038,74.3979,28,26,0,18,88,4,14,171,294,0,46,107,33,478,3,33,0,83,2313
Rajasthan,Tonk,2002,26.9938,74.1879,22,26,1,36,180,1,12,101,588,0,165,120,24,1320,1,45,0,169,3738
Rajasthan,Udaipur,2002,24.5854,73.7125,65,79,4,78,224,9,29,250,1018,0,334,283,62,1589,12,71,0,95,6388
Sikkim,East,2002,28.6333,77.2833,6,1,1,6,10,0,4,44,104,0,9,28,1,28,0,9,0,2,283
Sikkim,North,2002,28.7,77.1833,1,0,1,0,2,0,0,6,8,0,1,5,0,5,0,2,0,0,46
Sikkim,South,2002,28.5333,77.2,2,2,0,2,2,0,0,8,6,0,3,10,1,12,0,3,0,1,89
Sikkim,West,2002,28.65,77.1,4,2,0,4,4,0,1,8,10,0,2,5,0,5,0,3,0,0,67
Tamil Nadu,Chengai,2002,11.0521,78.5819,67,157,0,54,62,20,55,582,2414,0,129,170,25,1011,28,69,0,90,12887
Tamil Nadu,Chennai,2002,13.0827,80.2707,90,294,5,52,88,14,97,570,5582,0,52,644,0,812,20,61,0,106,8526
Tamil Nadu,Chennai Rly.,2002,13.0827,80.2707,10,0,0,0,0,0,22,2,618,0,10,12,0,40,0,3,0,0,714
Tamil Nadu,Coimbatore Rural,2002,11.0168,76.9558,83,54,1,50,60,12,36,284,2060,0,476,79,5,1106,21,79,0,74,8862
Tamil Nadu,Coimbatore Urban,2002,11.0168,76.9558,16,22,0,4,20,2,12,161,2134,0,93,61,4,127,7,14,0,28,3226
Tamil Nadu,Cuddalore,2002,10.9221,78.4519,65,119,8,54,84,2,35,173,1170,0,165,23,46,814,10,110,0,27,7095
Tamil Nadu,Dharmapuri,2002,11.3221,78.8519,94,49,2,40,96,21,31,185,942,0,316,45,70,998,14,62,0,30,5816
Tamil Nadu,Dindigul,2002,11.0971,78.6269,61,38,0,28,52,9,18,156,1110,0,50,30,28,456,2,33,0,23,5165
Tamil Nadu,Erode,2002,11.3071,78.8369,59,12,1,26,98,8,18,173,1322,0,74,39,32,2707,3,68,0,31,6666
Tamil Nadu,Kanchipuram,2002,10.9271,78.4569,48,43,0,40,36,19,14,203,1148,0,91,26,0,409,9,41,0,13,7869
Tamil Nadu,Kanyakumari,2002,11.0221,78.5519,33,67,0,20,20,1,5,249,642,0,10,32,17,516,4,43,0,29,4731
Tamil Nadu,Karur,2002,11.1021,78.6319,29,12,0,20,32,3,16,48,608,0,23,6,9,201,1,8,0,24,2579
Tamil Nadu,Madurai Rural,2002,9.9252,78.1198,65,45,0,30,64,11,52,107,636,0,131,53,44,638,8,60,0,45,4459
Tamil Nadu,Madurai Urban,2002,9.9252,78.1198,22,71,0,14,52,20,25,176,1512,0,77,124,12,232,6,23,0,25,3689
Tamil Nadu,Nagapattinam,2002,10.9171,78.4469,48,65,0,54,66,0,4,100,668,0,83,36,29,1246,7,83,0,14,4061
Tamil Nadu,Namakkal,2002,11.3721,78.9019,43,25,0,26,50,2,6,39,442,0,72,10,19,1601,3,41,0,26,3777
Tamil Nadu,Nilgiris,2002,10.8821,78.4119,21,15,0,12,6,2,1,73,270,0,34,10,0,261,0,20,0,25,1380
Tamil Nadu,Perambalur,2002,11.1921,78.7219,41,58,5,32,60,1,9,79,394,0,104,33,26,840,4,88,0,22,2931
Tamil Nadu,Pudukottai,2002,11.3371,78.8669,34,19,1,20,50,3,6,70,468,0,169,14,22,289,4,49,0,32,3391
Tamil Nadu,Ramnathapuram,2002,11.2321,78.7619,37,50,0,26,40,4,8,67,454,0,191,15,36,551,5,51,0,23,3166
Tamil Nadu,Salem Rural,2002,11.6643,78.146,79,41,2,28,52,7,7,72,418,0,228,15,29,1860,3,54,0,27,4507
Tamil Nadu,Salem Urban,2002,11.6643,78.146,24,21,0,16,14,4,4,55,732,0,21,47,0,151,5,3,0,15,1996
Tamil Nadu,Sivagangai,2002,11.3421,78.8719,36,50,0,12,32,2,7,134,672,0,73,28,31,408,3,22,0,44,2832
Tamil Nadu,Thanjavur,2002,11.0871,78.6169,56,110,0,20,80,2,17,143,1162,0,115,35,31,664,1,30,0,23,3909
Tamil Nadu,Theni,2002,10.9271,78.4569,23,58,0,24,52,4,14,76,518,0,67,39,18,411,4,52,0,15,2941
Tamil Nadu,Thirunelveli Rural,2002,10.9821,78.5119,80,103,3,82,130,2,30,239,1180,0,7,59,85,803,3,143,0,28,6629
Tamil Nadu,Thirunelveli Urban,2002,11.2971,78.8269,23,37,0,6,30,1,8,43,400,0,72,9,3,57,6,10,0,10,1276
Tamil Nadu,Thiruvallur,2002,10.9921,78.5219,41,43,0,20,68,5,12,98,416,0,159,25,17,384,7,96,0,28,3612
Tamil Nadu,Thiruvannamalai,2002,11.3571,78.8869,35,39,0,20,88,3,17,164,980,0,289,28,45,739,9,54,0,18,4953
Tamil Nadu,Thiruvarur,2002,11.3171,78.8469,30,32,1,8,26,2,3,74,340,0,65,13,20,813,5,50,0,2,2532
Tamil Nadu,Thoothugudi,2002,10.9971,78.5269,72,103,1,26,52,6,23,169,1028,0,129,38,38,487,4,121,0,48,5090
Tamil Nadu,Trichy Rly.,2002,11.1121,78.6419,2,1,0,0,0,0,1,8,152,0,2,1,0,26,0,2,0,1,232
Tamil Nadu,Trichy Rural,2002,11.3421,78.8719,46,50,0,10,28,1,2,41,314,0,69,10,12,916,10,14,0,2,3318
Tamil Nadu,Trichy Urban,2002,10.9771,78.5069,21,20,0,4,24,0,6,88,1088,0,0,28,0,101,7,16,0,20,2495
Tamil Nadu,Vellore,2002,11.2471,78.7769,61,73,3,62,110,6,11,336,1758,0,139,94,45,993,13,48,0,6,8245
Tamil Nadu,Villupuram,2002,11.2421,78.7719,76,82,2,102,134,0,4,142,940,0,374,27,24,885,3,92,0,42,7260
Tamil Nadu,Virudhunagar,2002,11.1371,78.6669,52,55,1,26,46,2,17,154,818,0,93,59,28,597,4,64,0,36,4280
Tripura,Dhalai,2002,24.0858,92.1332,29,7,0,12,66,1,4,16,24,0,23,2,8,138,2,11,0,9,401
Tripura,North,2002,28.7,77.1833,28,10,0,70,32,12,26,36,84,0,28,6,11,150,2,20,0,60,712
Tripura,South,2002,28.5333,77.2,31,9,1,60,32,2,12,45,102,0,63,4,7,100,4,57,0,90,735
Tripura,West,2002,28.65,77.1,113,12,0,74,126,14,14,95,330,0,66,8,14,130,8,40,0,77,1227
Uttar Pradesh,Agra,2002,27.1767,78.0081,158,159,28,82,278,20,107,272,2118,0,260,297,19,573,50,86,0,372,5617
Uttar Pradesh,Aligarh,2002,27.8974,78.088,178,216,21,62,224,22,111,151,1152,0,252,169,20,319,38,72,0,169,3996
Uttar Pradesh,Allahabad,2002,25.4358,81.8463,146,188,34,80,160,14,51,225,1284,0,211,295,30,506,63,57,0,147,4962
Uttar Pradesh,Ambedkar Nagar,2002,26.8067,80.9062,55,38,15,20,70,8,13,59,192,0,24,41,11,171,16,16,0,30,1028
Uttar Pradesh,Auraiya,2002,27.0267,81.1262,56,46,8,20,82,8,24,37,142,0,33,19,7,197,29,20,0,42,1036
Uttar Pradesh,Azamgarh,2002,26.8117,80.9112,111,91,24,14,82,7,90,119,320,0,112,66,7,311,23,27,0,72,1879
Uttar Pradesh,Badaun,2002,26.9517,81.0512,206,226,35,62,176,19,56,87,542,0,48,64,30,524,44,48,0,63,2617
Uttar Pradesh,Baghpat,2002,26.9667,81.0662,95,109,4,30,48,3,35,28,252,0,41,49,4,1,17,14,0,45,1117
Uttar Pradesh,Bahraich,2002,26.9717,81.0712,59,34,21,28,46,3,15,61,252,0,34,41,18,214,16,10,0,0,1069
Uttar Pradesh,Ballia,2002,26.6167,80.7162,43,64,18,14,28,5,11,70,246,0,79,8,4,180,16,12,0,23,1436
Uttar Pradesh,Balrampur,2002,26.6017,80.7012,25,15,14,26,26,0,2,36,90,0,9,30,0,103,5,9,0,11,535
Uttar Pradesh,Banda,2002,26.8967,80.9962,75,42,17,40,46,4,16,70,194,0,82,48,12,232,21,31,0,43,1474
Uttar Pradesh,Barabanki,2002,26.9967,81.0962,78,67,18,64,102,10,46,99,520,0,59,19,12,298,27,29,0,171,2198
Uttar Pradesh,Bareilly,2002,28.367,79.4304,237,265,30,130,244,42,101,195,1356,0,90,160,11,633,62,70,0,261,4392
Uttar Pradesh,Basti,2002,27.0667,81.1662,46,54,22,32,62,3,14,77,246,0,77,39,23,163,24,13,0,31,1412
Uttar Pradesh,Bijnor,2002,26.6417,80.7412,107,87,17,52,130,8,45,69,548,0,62,83,12,105,34,34,0,156,1911
Uttar Pradesh,Bulandshahar,2002,26.9167,81.0162,217,172,21,66,188,13,80,99,808,0,159,112,29,266,47,70,0,185,3172
Uttar Pradesh,Chandoli,2002,26.8267,80.9262,27,21,9,12,18,0,15,45,158,0,13,29,7,79,14,11,0,24,627
Uttar Pradesh,Chitrakoot Dham,2002,26.8017,80.9012,25,8,8,16,20,0,4,20,66,0,5,13,9,25,9,23,0,10,397
Uttar Pradesh,Deoria,2002,26.9517,81.0512,39,48,21,10,40,1,15,53,192,0,91,44,8,284,15,10,0,18,1582
Uttar Pradesh,Etah,2002,26.7317,80.8312,210,278,15,74,172,36,75,69,474,0,146,67,3,355,81,43,0,85,3170
Uttar Pradesh,Etawah,2002,26.7267,80.8262,85,70,5,24,94,4,30,57,246,0,57,34,10,128,25,32,0,32,1492
Uttar Pradesh,Faizabad,2002,26.9717,81.0712,62,43,15,30,36,11,14,72,338,0,40,12,13,262,12,18,0,33,1681
Uttar Pradesh,Fatehgarh,2002,26.8217,80.9212,96,62,15,18,74,4,14,32,152,0,54,49,3,169,32,0,0,0,1413
Uttar Pradesh,Fatehpur,2002,26.9917,81.0912,91,43,28,24,58,3,17,60,198,0,13,46,5,206,26,18,0,44,1637
Uttar Pradesh,Firozabad,2002,26.9417,81.0412,138,127,16,52,190,7,59,52,458,0,85,96,21,377,36,37,0,105,2555
Uttar Pradesh,G.R.P.,2002,26.7567,80.8562,30,12,3,4,14,17,46,1,5690,0,10,42,0,2,0,11,0,0,5868
Uttar Pradesh,Gautambudh Nagar,2002,26.7517,80.8512,72,68,12,38,72,9,28,65,1304,0,57,116,0,15,17,20,0,42,2213
Uttar Pradesh,Ghaziabad,2002,28.6692,77.4538,231,375,18,39,198,15,83,191,2548,0,96,198,5,82,21,35,0,176,4619
Uttar Pradesh,Ghazipur,2002,27.0167,81.1162,55,42,27,8,32,1,16,46,160,0,32,44,2,163,14,12,0,50,1048
Uttar Pradesh,Gonda,2002,27.0567,81.1562,23,65,24,22,62,7,20,106,310,0,32,70,5,260,29,20,0,27,1505
Uttar Pradesh,Gorakhpur,2002,26.8417,80.9412,112,74,31,54,86,6,46,174,452,0,107,109,1,280,30,28,0,56,2618
Uttar Pradesh,Hamirpur,2002,26.6617,80.7612,62,32,13,18,38,1,23,33,138,0,17,17,0,52,17,34,0,28,861
Uttar Pradesh,Hardoi,2002,26.8567,80.9562,135,103,27,78,96,1,20,42,318,0,45,55,21,389,26,54,0,72,1990
Uttar Pradesh,Hathras,2002,26.7517,80.8512,76,80,9,50,98,23,52,57,350,0,116,58,4,158,21,41,0,107,1845
Uttar Pradesh,J.P.Nagar,2002,26.6467,80.7462,85,41,6,30,62,3,26,43,196,0,54,53,0,35,10,22,0,80,1241
Uttar Pradesh,Jalaun,2002,26.7467,80.8462,79,28,8,8,68,3,15,36,268,0,18,13,10,24,22,19,0,22,1153
Uttar Pradesh,Jaunpur,2002,26.5967,80.6962,51,57,28,16,32,4,20,68,244,0,46,70,2,242,23,18,0,45,1405
Uttar Pradesh,Jhansi,2002,26.7467,80.8462,62,29,33,28,56,0,26,43,384,0,32,48,1,177,14,21,0,42,1419
Uttar Pradesh,Kannauj,2002,26.7917,80.8912,67,53,10,12,48,6,14,32,146,0,16,28,4,51,15,10,0,37,921
Uttar Pradesh,Kanpur Dehat,2002,27.0617,81.1612,56,45,10,26,82,21,33,39,240,0,56,37,12,271,37,26,0,73,1436
Uttar Pradesh,Kanpur Nagar,2002,26.4499,80.3319,202,166,24,60,326,19,106,268,2306,0,156,223,17,664,50,75,0,307,5908
Uttar Pradesh,Kaushambi,2002,26.9367,81.0362,61,30,13,56,40,2,14,41,166,0,23,32,18,139,13,25,0,32,950
Uttar Pradesh,Khiri,2002,27.0867,81.1862,144,139,27,82,120,9,33,86,544,0,68,37,30,367,66,45,0,97,2452
Uttar Pradesh,Kushi Nagar,2002,26.6667,80.7662,55,29,19,14,48,4,10,34,216,0,61,42,10,209,18,22,0,7,1198
Uttar Pradesh,Lalitpur,2002,27.0217,81.1212,18,11,8,20,4,9,1,23,96,0,20,13,1,26,9,14,0,5,584
Uttar Pradesh,Lucknow,2002,26.8467,80.9462,175,162,38,86,390,23,145,656,4420,0,219,358,16,85,59,92,0,369,8622
Uttar Pradesh,Maharajganj,2002,26.9817,81.0812,46,20,19,26,20,1,4,28,78,0,40,18,4,85,6,15,0,10,679
Uttar Pradesh,Mahoba,2002,26.7517,80.8512,41,8,8,10,14,5,17,52,114,0,13,14,10,41,13,21,0,0,593
Uttar Pradesh,Mainpuri,2002,26.7667,80.8662,123,122,15,18,110,23,67,53,258,0,86,71,20,192,42,17,0,38,1701
Uttar Pradesh,Mathura,2002,26.7617,80.8612,123,139,11,32,98,9,63,77,752,0,114,117,2,125,29,40,0,94,2610
Uttar Pradesh,Mau,2002,27.0717,81.1712,46,45,10,30,52,6,27,64,146,0,87,31,10,121,6,29,0,41,1119
Uttar Pradesh,Meerut,2002,28.9845,77.7064,230,175,15,70,254,22,122,173,1714,0,114,149,3,48,26,47,0,212,4018
Uttar Pradesh,Mirzapur,2002,26.6967,80.7962,46,35,13,14,34,5,12,38,216,0,31,19,0,123,15,15,0,28,902
Uttar Pradesh,Moradabad,2002,27.0267,81.1262,178,160,31,72,154,16,60,126,1036,0,86,112,5,118,35,53,0,174,2852
Uttar Pradesh,Muzaffarnagar,2002,26.9667,81.0662,287,195,9,60,242,16,122,127,958,0,112,88,4,10,37,34,0,163,3188
Uttar Pradesh,Pilibhit,2002,26.6317,80.7312,91,100,14,82,102,13,46,58,358,0,53,76,0,12,33,19,0,103,1907
Uttar Pradesh,Pratapgarh,2002,26.9317,81.0312,64,87,17,36,50,9,21,55,226,0,75,57,0,336,27,18,0,36,1862
Uttar Pradesh,Raibareilly,2002,28.367,79.4304,75,56,23,70,80,2,24,98,490,0,70,44,13,324,26,46,0,110,2109
Uttar Pradesh,Rampur,2002,26.9317,81.0312,87,77,15,40,80,6,31,70,554,0,40,45,2,81,11,36,0,106,1412
Uttar Pradesh,Saharanpur,2002,26.9567,81.0562,89,114,9,30,128,4,44,81,618,0,70,139,0,5,24,19,0,216,2331
Uttar Pradesh,Sant Kabirnagar,2002,27.0467,81.1462,22,18,4,8,24,2,4,16,78,0,14,17,0,100,6,6,0,16,418
Uttar Pradesh,Shahjahanpur,2002,27.0667,81.1662,210,205,34,80,178,9,70,88,674,0,44,81,16,211,49,52,0,83,2716
Uttar Pradesh,Shrawasti,2002,26.7067,80.8062,18,25,9,6,12,3,7,37,118,0,18,19,0,46,3,16,0,12,488
Uttar Pradesh,Sidharthnagar,2002,26.8717,80.9712,15,10,9,12,42,2,8,43,78,0,16,39,2,77,6,19,0,11,595
Uttar Pradesh,Sitapur,2002,26.7667,80.8662,167,144,43,146,198,3,87,171,1180,0,102,62,32,310,83,65,0,66,3405
Uttar Pradesh,Sonbhadra,2002,27.0867,81.1862,33,29,13,10,14,1,9,36,140,0,13,16,4,104,8,8,0,8,557
Uttar Pradesh,St.Ravidasnagar,2002,26.7517,80.8512,29,15,7,0,10,1,10,35,130,0,18,9,1,84,4,1,0,18,532
Uttar Pradesh,Sultanpur,2002,26.6517,80.7512,85,109,22,46,68,5,45,99,458,0,62,53,9,314,20,22,0,66,2140
Uttar Pradesh,Unnao,2002,27.0117,81.1112,126,94,15,68,126,5,51,67,436,0,92,60,14,397,57,70,0,118,2662
Uttar Pradesh,Varanasi,2002,25.3176,82.9739,78,87,11,32,104,5,52,136,988,0,91,97,5,311,34,23,0,104,2809
Uttarakhand,Almora,2002,30.2868,79.2393,17,14,3,6,4,2,14,22,110,0,12,7,8,68,11,7,0,6,324
Uttarakhand,Bageshwar,2002,30.0068,78.9593,4,1,0,10,6,0,9,2,44,0,0,7,0,16,2,0,0,7,129
Uttarakhand,Chamoli,2002,30.1168,79.0693,15,7,1,8,12,2,6,27,36,0,21,3,2,14,5,12,0,4,227
Uttarakhand,Champawat,2002,30.0868,79.0393,6,4,0,4,8,0,1,8,28,0,2,1,0,12,1,3,0,0,92
Uttarakhand,Dehradun,2002,30.0068,78.9593,39,37,15,24,124,7,22,139,588,0,71,121,3,75,5,11,0,79,1777
Uttarakhand,Haridwar,2002,29.9968,78.9493,75,70,6,46,126,8,49,90,860,0,114,78,8,207,11,41,0,102,2028
Uttarakhand,Nainital,2002,30.2268,79.1793,34,32,4,10,26,3,17,75,328,0,35,27,2,79,5,11,0,36,806
Uttarakhand,Pauri Garhwal,2002,30.0418,78.9943,20,18,0,12,22,2,13,62,114,0,11,13,5,71,5,7,0,14,426
Uttarakhand,Pithoragarh,2002,29.9918,78.9443,6,5,3,6,0,0,4,8,40,0,12,4,0,7,3,7,0,4,271
Uttarakhand,Rudra Prayag,2002,30.2318,79.1843,9,5,0,0,2,1,6,14,26,0,15,1,5,22,4,7,0,1,120
Uttarakhand,Tehri Garhwal,2002,29.8518,78.8043,7,11,0,6,10,1,2,19,70,0,6,7,2,42,3,10,0,10,283
Uttarakhand,Udhamsingh Nagar,2002,29.8868,78.8393,54,39,12,28,44,12,30,64,442,0,26,38,5,139,11,24,0,41,1257
Uttarakhand,Uttarkashi,2002,29.9568,78.9093,6,6,3,18,12,0,4,24,44,0,17,5,0,8,0,5,0,12,236
West Bengal,24 Parganas North,2002,28.7,77.1833,204,55,47,176,182,10,60,21,3684,0,248,77,1,0,29,84,0,630,6894
West Bengal,24 Parganas South,2002,28.5333,77.2,140,2,62,136,134,19,26,13,2136,0,218,19,6,0,53,64,0,555,5965
West Bengal,Asansol,2002,23.0618,87.93,11,0,4,2,6,34,5,1,78,0,8,9,1,2,2,1,0,28,363
West Bengal,Bankura,2002,23.1418,88.01,39,27,14,38,24,23,9,6,430,0,61,19,5,45,20,22,0,85,1205
West Bengal,Birbhum,2002,22.9968,87.865,57,21,23,72,56,35,11,5,390,0,150,3,12,87,1,50,0,175,2010
West Bengal,Burdwan,2002,23.2324,87.8615,92,11,38,106,96,50,27,23,1048,0,150,35,4,117,21,59,0,296,4129
West Bengal,Coochbehar,2002,23.0968,87.965,30,1,7,86,84,7,10,9,246,0,39,14,1,130,5,39,0,155,1146
West Bengal,Dakshin Dinajpur,2002,23.1118,87.98,23,0,16,40,52,38,1,3,172,0,35,7,1,37,14,31,0,61,1114
West Bengal,Darjeeling,2002,22.8568,87.725,63,0,22,44,46,39,24,6,952,0,25,7,2,102,1,21,0,55,1881
West Bengal,Hooghly,2002,22.7518,87.62,77,6,25,64,72,110,13,13,876,0,309,61,0,246,5,26,0,328,2773
West Bengal,Howrah,2002,22.5958,88.2636,18,2,11,12,16,23,8,3,240,0,64,62,8,112,9,9,0,65,1359
West Bengal,Howrah City,2002,22.5958,88.2636,24,3,9,20,48,106,16,2,566,0,43,45,5,117,5,7,0,71,1258
West Bengal,Howrah G.R.P.,2002,22.5958,88.2636,9,7,0,6,2,24,10,0,632,0,9,2,0,0,0,5,0,1,701
West Bengal,Jalpaiguri,2002,23.0118,87.88,92,21,54,76,44,25,27,9,800,0,52,12,7,143,3,54,0,154,1924
West Bengal,Kharagpur G.R.P.,2002,22.7668,87.635,3,3,0,0,2,11,6,0,248,0,5,0,0,0,0,0,0,0,278
West Bengal,Kolkata,2002,22.5726,88.3639,58,148,15,66,214,76,166,190,7432,0,242,859,0,1173,4,160,0,235,10663
West Bengal,Malda,2002,23.2168,88.085,53,32,32,66,78,19,8,1,566,0,28,11,0,72,5,60,0,69,1611
West Bengal,Murshidabad,2002,23.1218,87.99,123,5,53,124,74,64,24,6,620,0,133,8,0,140,8,58,0,254,2631
West Bengal,Nadia,2002,22.7418,87.61,99,0,38,158,164,34,23,10,1218,0,228,0,4,512,13,90,0,270,3786
West Bengal,Paschim Midnapur,2002,22.8668,87.735,86,38,24,106,94,36,24,9,656,0,167,23,44,47,22,35,0,249,2587
West Bengal,Purab Midnapur,2002,22.7768,87.645,38,1,18,50,84,17,11,9,314,0,136,3,2,0,39,10,0,175,1946
West Bengal,Purulia,2002,23.0368,87.905,41,0,8,30,28,19,15,3,460,0,53,24,3,0,4,51,0,92,1158
West Bengal,Sealdah G.R.P.,2002,23.1718,88.04,22,4,3,0,8,8,14,0,492,0,10,4,0,0,0,1,0,0,562
West Bengal,Siliguri G.R.P.,2002,26.7271,88.3953,4,0,0,0,2,3,1,0,178,0,0,1,0,0,0,1,0,0,189
West Bengal,Uttar Dinajpur,2002,22.8868,87.755,38,26,17,40,52,20,5,6,464,0,48,10,8,30,10,26,0,66,1325
Andaman & Nicobar Islands,Andaman,2002,11.6001,92.5186,14,3,0,2,4,1,7,47,92,0,11,11,2,92,0,16,0,4,580
Andaman & Nicobar Islands,Nicobar,2002,11.9651,92.8836,3,0,1,2,0,0,0,2,6,0,0,0,0,5,0,1,0,0,28
Chandigarh,Chandigarh,2002,30.7333,76.7794,31,35,7,36,108,2,26,336,3294,0,78,181,5,107,1,36,0,56,4239
Dadra & Nagar Haveli,D And N Haveli,2002,20.0959,72.9319,11,2,0,8,18,3,1,38,150,0,5,10,2,29,0,3,0,3,349
Daman & Diu,Daman,2002,20.1933,72.6047,7,1,0,0,4,1,0,51,92,0,14,10,2,16,0,0,0,3,211
Daman & Diu,Diu,2002,20.6133,73.0247,1,2,0,0,2,1,1,5,20,0,2,0,0,2,0,0,0,0,50
Delhi,Central,2002,28.65,77.2167,23,38,7,44,142,2,39,143,2712,0,8,143,1,108,2,41,0,6,3578
Delhi,East,2002,28.6333,77.2833,50,35,9,20,282,20,37,210,2880,0,14,105,6,247,19,55,0,16,3906
Delhi,G.R.P.(Rly),2002,20.5937,78.9629,2,4,0,0,6,1,12,0,2560,0,0,22,0,10,0,3,0,0,2617
Delhi,I.G.I. Airport,2002,20.5937,78.9629,4,0,1,0,2,0,2,1,104,0,1,576,0,0,0,2,0,0,724
Delhi,New Delhi,2002,28.6139,77.209,6,8,1,16,40,2,20,54,2298,0,10,266,2,45,0,11,0,2,2767
Delhi,North,2002,28.7,77.1833,40,22,12,54,168,19,43,131,2366,0,14,136,8,160,5,31,0,4,3681
Delhi,North East,2002,28.7,77.2667,66,65,2,78,312,10,65,139,1756,0,12,71,3,224,13,27,0,29,2957
Delhi,North West,2002,28.75,77.1167,135,90,9,240,860,31,112,487,4580,0,14,136,12,360,26,101,0,20,9191
Delhi,S.T.F.,2002,20.5937,78.9629,0,0,0,0,0,0,0,0,0,0,0,0,0,0,0,0,0,0,0
Delhi,South,2002,28.5333,77.2,80,60,6,130,326,7,74,518,7082,0,37,293,10,252,22,76,0,22,9306
Delhi,South West,2002,28.5833,77.05,52,45,5,136,252,8,48,364,3062,0,24,168,8,167,21,62,0,20,4814
Delhi,Spl Cell,2002,20.5937,78.9629,0,1,0,0,0,0,0,0,0,0,0,28,0,0,0,0,0,0,44
Delhi,West,2002,28.65,77.1,73,72,16,88,256,14,50,313,3850,0,5,154,7,278,27,37,0,16,7148
Lakshadweep,Lakshadweep,2002,10.6667,72.7417,0,0,0,2,0,0,0,9,24,0,18,0,2,5,0,1,0,0,60
Puducherry,Pondicherry,2002,11.7766,79.6433,29,43,2,12,20,2,6,129,1052,0,193,31,22,1093,5,59,0,9,4437
Andhra Pradesh,Adilabad,2003,15.9979,79.825,107,65,11,70,92,8,24,207,568,0,98,146,42,1194,11,141,0,238,4881
Andhra Pradesh,Anantapur,2003,14.6819,77.6006,173,115,9,38,120,4,17,190,716,0,144,84,40,1873,4,224,0,146,4582
Andhra Pradesh,Chittoor,2003,13.2172,79.1003,109,80,1,72,180,5,18,304,1802,0,66,292,27,1049,23,121,0,60,6624
Andhra Pradesh,Cuddapah,2003,14.4673,78.8242,95,7,4,20,74,4,9,109,398,0,74,65,35,815,5,104,0,60,3447
Andhra Pradesh,Cyberabad,2003,15.7929,79.62,155,101,4,62,204,14,56,1041,2978,0,49,691,45,1203,25,96,0,543,10305
Andhra Pradesh,East Godavari,2003,16.9891,82.2475,73,78,2,36,118,4,17,569,2324,0,79,252,71,2918,11,150,0,357,7616
Andhra Pradesh,Guntakal Rly.,2003,15.6979,79.525,4,0,0,2,2,0,5,0,418,0,0,0,0,9,0,2,0,0,440
Andhra Pradesh,Guntur,2003,16.3067,80.4365,210,84,2,92,190,16,28,316,2346,0,124,368,69,1633,22,228,0,399,7715
Andhra Pradesh,Hyderabad City,2003,17.385,78.4867,124,132,5,114,310,19,91,1875,13148,0,231,2093,68,4595,42,165,0,1082,22800
Andhra Pradesh,Karimnagar,2003,15.7029,79.53,153,105,11,176,178,13,43,261,920,0,180,376,48,2771,53,362,0,602,7709
Andhra Pradesh,Khammam,2003,15.9129,79.74,89,44,6,90,82,6,8,211,728,0,120,144,45,2246,17,162,0,180,5179
Andhra Pradesh,Krishna,2003,16.1809,81.1303,66,65,3,90,110,2,12,233,1202,0,50,170,48,1992,20,186,0,317,5283
Andhra Pradesh,Kurnool,2003,15.8281,78.0373,125,101,4,56,70,8,24,146,524,0,88,196,34,1113,11,231,0,202,4775
Andhra Pradesh,Mahaboobnagar,2003,15.6679,79.495,191,108,22,138,92,5,33,270,904,0,117,104,69,931,19,179,0,238,5390
Andhra Pradesh,Medak,2003,16.1279,79.955,124,36,16,60,104,10,50,300,1004,0,84,100,60,1848,44,128,0,174,4818
Andhra Pradesh,Nalgonda,2003,16.0579,79.885,142,68,5,124,98,9,24,165,708,0,177,154,46,1258,33,249,0,319,5651
Andhra Pradesh,Nellore,2003,14.4426,79.9865,80,70,1,54,126,4,12,232,1138,0,67,172,67,1898,10,204,0,231,5952
Andhra Pradesh,Nizamabad,2003,15.6979,79.525,90,49,20,58,70,7,32,241,664,0,52,182,36,2135,11,61,0,329,4674
Andhra Pradesh,Prakasham,2003,15.5057,80.0499,94,36,5,44,84,9,19,143,692,0,38,101,26,1450,13,133,0,114,3720
Andhra Pradesh,Ranga Reddy,2003,15.9379,79.765,65,30,3,28,46,0,10,135,268,0,32,47,35,837,12,71,0,113,1980
Andhra Pradesh,Secunderabad Rly.,2003,15.7279,79.555,10,0,0,0,0,4,5,0,826,0,6,2,0,7,0,0,0,0,860
Andhra Pradesh,Srikakulam,2003,15.9979,79.825,39,32,4,18,16,7,4,102,334,0,43,71,24,654,7,58,0,147,2663
Andhra Pradesh,Vijayawada,2003,15.7729,79.6,34,58,0,54,126,5,61,876,6834,0,17,816,21,2101,7,170,0,1208,11003
Andhra Pradesh,Vijayawada Rly.,2003,16.0229,79.85,0,0,0,0,0,0,2,0,720,0,0,6,1,11,0,0,0,0,740
Andhra Pradesh,Visakha Rural,2003,16.0429,79.87,61,5,1,30,30,1,6,115,388,0,30,58,35,654,3,54,0,89,2599
Andhra Pradesh,Visakhapatnam,2003,17.6868,83.2185,19,21,0,18,60,4,5,281,1064,0,1,290,3,362,3,11,0,146,3261
Andhra Pradesh,Vizianagaram,2003,18.1067,83.3956,30,16,1,12,6,1,8,106,268,0,13,33,0,436,4,34,0,127,2150
Andhra Pradesh,Warangal,2003,16.0379,79.865,128,80,3,122,206,6,23,293,904,0,276,224,0,1821,35,222,0,162,6827
Andhra Pradesh,West Godavari,2003,16.7107,81.0952,77,92,4,214,176,6,14,329,2028,0,72,344,54,1731,21,382,0,584,7480
Arunachal Pradesh,Changlang,2003,28.178,94.6878,10,1,0,8,14,4,0,16,38,0,1,1,3,33,0,0,0,2,145
Arunachal Pradesh,Dibang Valley,2003,27.973,94.4828,1,1,0,4,2,2,6,15,26,0,1,2,0,38,0,1,0,5,116
Arunachal Pradesh,K/Kumey,2003,28.318,94.8278,4,1,0,0,4,1,1,0,2,0,0,0,0,10,0,0,0,0,25
Arunachal Pradesh,Kameng East,2003,28.6333,77.2833,4,0,0,0,4,0,5,15,22,0,1,0,0,33,0,10,0,1,101
Arunachal Pradesh,Kameng West,2003,28.65,77.1,7,1,0,2,0,1,2,11,22,0,0,0,0,22,0,0,0,0,83
Arunachal Pradesh,Lohit,2003,28.248,94.7578,16,0,0,2,30,4,2,26,50,0,0,2,0,30,0,5,0,1,189
Arunachal Pradesh,Papum Pare,2003,28.193,94.7028,9,2,0,6,20,11,11,56,220,0,1,2,0,67,0,7,0,1,405
Arunachal Pradesh,Siang East,2003,28.6333,77.2833,6,2,0,18,20,4,13,22,92,0,0,7,1,40,0,4,0,1,232
Arunachal Pradesh,Siang Upper,2003,28.393,94.9028,4,2,1,2,2,0,0,8,32,0,0,0,0,12,0,0,0,0,62
Arunachal Pradesh,Siang West,2003,28.65,77.1,5,2,0,10,10,2,2,22,100,0,2,4,0,57,0,6,0,1,257
Arunachal Pradesh,Subansiri Lower,2003,28.008,94.5178,3,3,1,6,8,4,5,20,34,0,1,1,1,11,0,0,0,0,123
Arunachal Pradesh,Subansiri Upper,2003,28.273,94.7828,4,1,0,2,4,2,7,15,22,0,0,0,3,35,0,0,0,0,118
Arunachal Pradesh,Tawang,2003,28.023,94.5328,0,0,0,0,0,0,1,12,28,0,0,0,0,6,0,1,0,0,49
Arunachal Pradesh,Tirap,2003,28.038,94.5478,2,3,1,2,16,2,5,13,50,0,0,2,2,33,0,9,0,2,146
Arunachal Pradesh,Upper Dibang Valley,2003,28.313,94.8228,2,1,0,0,2,0,0,2,2,0,0,0,0,0,0,0,0,0,17
Assam,Barpeta,2003,26.1156,92.8526,46,9,3,122,152,38,21,88,242,0,213,41,10,216,6,15,0,112,1644
Assam,Bongaigaon,2003,26.1806,92.9176,27,9,2,54,92,22,15,68,186,0,75,17,1,73,6,10,0,61,772
Assam,C.I.D.,2003,26.2506,92.9876,0,0,0,0,2,0,0,0,0,0,0,4,0,0,0,0,0,0,24
Assam,Cachar,2003,26.0356,92.7726,68,35,0,140,240,28,13,273,796,0,395,58,82,212,3,118,0,229,3457
Assam,Darrang,2003,26.1256,92.8626,73,21,0,106,166,28,22,138,404,0,97,22,23,209,7,93,0,48,1400
Assam,Dhemaji,2003,26.1956,92.9326,20,18,0,86,50,3,13,31,188,0,24,14,38,195,0,14,0,44,762
Assam,Dhubri,2003,26.3056,93.0426,64,20,1,136,124,37,12,77,218,0,468,35,16,315,6,87,0,151,1920
Assam,Dibrugarh,2003,26.2906,93.0276,107,33,11,76,108,45,36,122,596,0,81,28,136,369,0,28,0,28,1901
Assam,G.R.P.,2003,26.1106,92.8476,4,0,0,0,2,6,3,0,110,0,7,1,0,10,0,1,0,0,182
Assam,Goalpara,2003,26.2456,92.9826,30,23,3,120,102,32,11,5,318,0,118,28,11,62,2,36,0,152,1098
Assam,Golaghat,2003,26.0206,92.7576,55,16,7,134,146,7,24,94,592,0,8,38,35,348,0,26,0,58,1497
Assam,Guwahati City,2003,26.3806,93.1176,50,29,3,76,432,28,100,606,2314,0,415,213,7,527,4,52,0,135,5590
Assam,Hailakandi,2003,26.0156,92.7526,25,18,0,54,86,5,6,73,160,0,114,13,24,136,2,29,0,30,791
Assam,Jorhat,2003,26.3456,93.0826,46,7,0,80,56,6,14,59,378,0,74,21,20,161,0,26,0,23,1131
Assam,Kamrup,2003,26.4406,93.1776,24,18,0,96,102,20,14,71,380,0,71,42,8,76,0,6,0,10,1255
Assam,Karbi Anglong,2003,26.2156,92.9526,67,12,0,32,74,8,14,23,226,0,34,2,19,45,0,14,0,4,619
Assam,Karimganj,2003,26.1356,92.8726,31,19,0,58,94,11,5,71,208,0,215,18,28,60,5,4,0,84,919
Assam,Kokrajhar,2003,26.2256,92.9626,46,23,1,44,80,4,8,50,150,0,49,17,5,114,2,28,0,37,723
Assam,Lakhimpur,2003,26.0006,92.7376,31,19,4,152,160,11,26,18,542,0,82,62,27,367,0,44,0,108,1651
Assam,Morigaon,2003,26.1006,92.8376,14,7,3,70,98,10,7,65,160,0,75,21,5,83,1,34,0,26,861
Assam,N.C.Hills,2003,26.2206,92.9576,19,10,0,0,26,3,12,0,80,0,4,2,25,20,0,2,0,16,212
Assam,Nagaon,2003,26.1956,92.9326,75,51,5,210,338,59,50,256,880,0,287,59,53,490,7,107,0,181,3539
Assam,Nalbari,2003,25.9856,92.7226,35,32,1,66,128,23,28,69,260,0,14,21,15,295,0,18,0,23,1215
Assam,R.P.O.,2003,26.3806,93.1176,2,0,0,10,0,3,1,0,4,0,5,0,0,3,0,1,0,5,30
Assam,Sibsagar,2003,26.2106,92.9476,55,26,2,76,152,5,26,93,536,0,60,46,42,230,4,15,0,74,1628
Assam,Sonitpur,2003,26.0556,92.7926,98,27,2,128,180,27,23,168,724,0,172,58,29,262,3,56,0,146,2317
Assam,Tinsukia,2003,26.1906,92.9276,79,3,0,64,66,28,19,88,398,0,183,13,18,74,2,14,0,23,1095
Bihar,Araria,2003,25.1911,85.4081,49,26,2,76,112,41,49,49,362,0,369,26,31,4,13,3,0,24,2071
Bihar,Arwal,2003,25.0961,85.3131,30,25,6,6,18,12,5,10,72,0,59,1,15,58,19,0,0,13,597
Bihar,Aurangabad,2003,19.8762,75.3433,84,52,0,36,52,18,39,70,254,0,145,6,13,51,25,6,0,19,2329
Bihar,Bagaha,2003,25.1661,85.3831,30,23,9,42,80,4,13,28,180,0,97,36,11,44,4,3,0,6,932
Bihar,Banka,2003,24.9861,85.2031,89,18,5,38,50,41,28,49,178,0,174,7,15,1,19,5,0,9,1250
Bihar,Begusarai,2003,24.8611,85.0781,145,53,3,38,192,16,73,63,582,0,216,26,0,23,29,0,0,34,2903
Bihar,Bettiah,2003,25.1611,85.3781,72,94,0,54,178,12,36,70,382,0,455,17,2,1202,21,56,0,58,3012
Bihar,Bhabhua,2003,25.2011,85.4181,76,77,1,22,80,25,34,58,332,0,156,38,20,141,21,6,0,13,1236
Bihar,Bhagalpur,2003,25.2425,86.9842,97,189,5,90,196,19,73,165,672,0,168,79,26,36,13,33,0,107,3042
Bihar,Bhojpur,2003,25.2511,85.4681,125,46,4,24,96,39,38,86,480,0,164,71,38,80,24,14,0,75,2794
Bihar,Buxar,2003,25.1611,85.3781,61,173,9,24,52,25,27,66,398,0,108,17,16,189,14,6,0,27,1167
Bihar,Darbhanga,2003,26.1542,85.8918,68,58,4,154,122,25,32,52,396,0,240,177,39,30,19,10,0,95,2808
Bihar,Gaya,2003,24.7914,85.0002,230,56,11,54,138,110,157,173,748,0,311,33,45,377,37,40,0,46,3345
Bihar,Gopalganj,2003,24.8761,85.0931,65,78,6,24,68,11,27,46,178,0,164,55,4,3,14,0,0,34,2005
Bihar,Jamalpur Rly.,2003,25.2211,85.4381,9,1,0,2,8,11,7,0,274,0,13,6,1,25,0,0,0,0,357
Bihar,Jamui,2003,25.0011,85.2181,64,25,0,48,68,32,25,50,162,0,115,9,10,127,11,12,0,34,1055
Bihar,Jehanabad,2003,25.0061,85.2231,64,101,1,18,80,33,35,40,292,0,79,40,18,24,16,0,0,34,1680
Bihar,Katihar,2003,24.8661,85.0831,78,35,5,184,136,35,42,50,458,0,215,47,20,241,9,9,0,60,2177
Bihar,Katihar Rly.,2003,25.1661,85.3831,7,0,2,0,20,13,16,6,514,0,16,9,1,0,3,2,0,4,602
Bihar,Khagaria,2003,25.3311,85.5481,62,70,2,32,154,9,20,26,160,0,137,12,6,115,6,9,0,22,1397
Bihar,Kishanganj,2003,25.3061,85.5231,27,4,6,34,78,12,11,43,192,0,127,11,1,155,5,2,0,20,959
Bihar,Lakhisarai,2003,25.0211,85.2381,56,26,2,14,78,9,26,13,112,0,48,0,4,0,10,0,0,6,782
Bihar,Madhepura,2003,25.2561,85.4731,62,14,6,16,48,20,29,19,116,0,105,12,7,3,6,2,0,8,1001
Bihar,Madhubani,2003,25.1111,85.3281,78,172,68,76,124,43,22,104,368,0,320,56,2,442,20,112,0,262,2687
Bihar,Motihari,2003,24.8911,85.1081,113,61,16,78,228,28,65,128,590,0,386,124,31,326,36,49,0,110,4286
Bihar,Munger,2003,25.1211,85.3381,80,28,1,14,94,9,24,35,296,0,231,38,8,124,6,16,0,63,1877
Bihar,Muzaffarpur,2003,26.1209,85.3647,120,30,16,118,320,48,107,187,1318,0,460,91,27,2084,63,27,0,98,4910
Bihar,Muzaffarpur Rly.,2003,26.1209,85.3647,19,9,0,6,12,19,11,5,648,0,11,20,0,35,1,4,0,0,795
Bihar,Nalanda,2003,24.8611,85.0781,171,139,17,42,116,32,56,83,362,0,162,56,25,604,49,39,0,64,2949
Bihar,Naugachia,2003,25.0361,85.2531,47,23,0,24,58,5,10,16,96,0,83,3,4,4,8,1,0,8,693
Bihar,Nawadah,2003,24.9511,85.1681,88,60,10,26,106,23,24,37,158,0,158,15,9,96,19,10,0,11,1347
Bihar,Patna,2003,25.5941,85.1376,484,680,9,68,440,152,694,469,3308,0,494,370,59,389,85,49,0,127,9770
Bihar,Patna Rly.,2003,25.5941,85.1376,24,17,0,4,10,47,31,5,1526,0,7,10,0,0,0,7,0,3,1681
Bihar,Purnea,2003,25.7771,87.4753,99,74,12,100,104,82,131,72,462,0,189,4,6,12,13,11,0,27,1919
Bihar,Rohtas,2003,24.9529,84.015,157,218,14,30,174,48,75,121,604,0,254,19,37,25,28,30,0,52,2855
Bihar,Saharsa,2003,25.0861,85.3031,47,69,2,22,50,9,29,29,172,0,144,23,8,145,13,14,0,3,1004
Bihar,Samastipur,2003,25.1461,85.3631,136,121,17,40,160,52,64,87,742,0,286,33,45,260,18,11,0,34,2970
Bihar,Saran,2003,25.1211,85.3381,115,154,6,64,190,36,55,78,512,0,240,73,29,891,65,17,0,82,3709
Bihar,Sheikhpura,2003,25.0111,85.2281,36,12,1,10,42,6,8,10,80,0,71,30,0,0,6,0,0,0,717
Bihar,Sheohar,2003,25.1761,85.3931,12,19,3,16,22,7,4,6,32,0,31,16,1,0,7,3,0,11,410
Bihar,Sitamarhi,2003,24.9911,85.2081,51,16,3,74,164,29,31,61,366,0,271,20,4,4,27,6,0,39,2407
Bihar,Siwan,2003,25.2711,85.4881,86,160,4,26,124,49,114,88,310,0,186,18,15,124,32,36,0,54,2065
Bihar,Supaul,2003,25.3161,85.5331,40,27,3,44,42,36,35,25,128,0,182,32,6,128,6,6,0,19,1246
Bihar,Vaishali,2003,25.0111,85.2281,118,207,7,58,170,9,31,108,676,0,182,161,10,262,69,22,0,65,3495
Chhattisgarh,Balrampur,2003,21.0337,81.6211,22,19,0,48,8,14,11,51,68,0,16,1,7,29,3,29,0,15,488
Chhattisgarh,Bilaspur,2003,21.4137,82.0011,95,55,27,98,24,3,32,549,1358,0,123,22,10,480,18,165,0,87,4896
Chhattisgarh,Bizapur,2003,21.2287,81.8161,23,38,0,16,4,32,3,8,24,0,13,0,8,29,0,5,0,1,265
Chhattisgarh,Dantewara,2003,21.4187,82.0061,44,35,0,24,12,8,5,56,58,0,15,7,3,75,0,14,0,4,605
Chhattisgarh,Dhamtari,2003,21.0837,81.6711,14,7,0,64,16,0,4,104,236,0,21,18,7,88,3,71,0,8,1412
Chhattisgarh,Durg,2003,21.1937,81.7811,58,50,0,234,42,4,45,559,1462,0,40,82,15,445,13,229,0,118,6127
Chhattisgarh,Grp Raipur,2003,21.2987,81.8861,1,3,0,2,4,0,2,5,396,0,1,1,0,12,0,1,0,1,427
Chhattisgarh,Jagdalpur,2003,21.1087,81.6961,51,34,3,142,24,5,18,172,216,0,40,17,8,181,0,72,0,8,1923
Chhattisgarh,Janjgir,2003,21.3987,81.9861,30,23,0,94,16,1,19,171,350,0,55,28,10,380,3,84,0,42,1733
Chhattisgarh,Jashpur,2003,21.2137,81.8011,40,11,5,66,6,4,20,49,98,0,12,4,1,107,0,39,0,3,704
Chhattisgarh,Kabirdham,2003,21.2287,81.8161,12,11,0,48,6,0,3,69,118,0,28,7,3,273,1,59,0,10,869
Chhattisgarh,Kanker,2003,21.1187,81.7061,34,35,0,58,10,21,9,51,76,0,16,4,9,48,0,30,0,7,874
Chhattisgarh,Korba,2003,21.1687,81.7561,32,17,0,74,14,3,8,239,610,0,71,28,8,131,4,97,0,40,2661
Chhattisgarh,Koriya,2003,21.2637,81.8511,41,12,1,80,8,5,6,175,198,0,26,9,5,144,0,66,0,24,1313
Chhattisgarh,Mahasamund,2003,21.3287,81.9161,21,11,5,60,6,1,6,130,246,0,24,8,0,206,2,39,0,24,1412
Chhattisgarh,Narayanpur,2003,21.4237,82.0111,11,13,0,6,2,7,1,9,20,0,0,0,5,9,0,0,0,1,114
Chhattisgarh,Raigarh,2003,21.4987,82.0861,46,27,0,72,30,5,34,224,478,0,56,19,11,154,2,94,0,32,1941
Chhattisgarh,Raipur,2003,21.2737,81.8611,77,53,4,252,82,2,41,510,1596,0,46,117,10,487,15,185,0,116,6198
Chhattisgarh,Rajnandgaon,2003,21.2087,81.7961,36,26,6,120,16,7,16,214,300,0,32,25,13,113,13,67,0,28,2247
Chhattisgarh,Sarguja,2003,21.1087,81.6961,88,33,0,238,24,32,48,276,432,0,68,15,18,262,2,135,0,32,2340
Goa,North Goa,2003,28.7,77.1833,22,8,3,44,16,5,12,180,546,0,34,70,14,101,1,11,0,9,1330
Goa,South Goa,2003,28.5333,77.2,12,17,3,18,12,0,9,77,382,0,13,36,4,97,1,8,0,15,914
Gujarat,Ahmedabad Commr.,2003,23.0225,72.5714,90,68,3,36,314,37,365,959,10754,0,212,394,10,1371,3,50,0,595,16199
Gujarat,Ahmedabad Rural,2003,23.05,72.45,38,11,1,6,36,15,21,97,498,0,54,22,8,357,1,18,0,61,2638
Gujarat,Ahwa-Dang,2003,22.0737,71.0074,6,1,0,0,0,1,2,2,10,0,4,0,1,19,0,2,0,3,104
Gujarat,Amreli,2003,22.4037,71.3374,19,11,0,12,56,0,26,88,328,0,27,16,8,328,0,24,0,98,1940
Gujarat,Anand,2003,22.0237,70.9574,28,21,2,10,72,11,19,170,864,0,40,65,13,518,0,24,0,130,3512
Gujarat,Bharuch,2003,22.1287,71.0624,43,9,0,10,56,11,31,120,940,0,27,37,26,359,0,19,0,69,2793
Gujarat,Bhavnagar,2003,22.3387,71.2724,57,36,0,10,140,15,39,304,1222,0,116,95,35,119,6,36,0,126,4815
Gujarat,Dahod,2003,22.4787,71.4124,43,7,0,0,38,27,69,88,244,0,37,2,39,275,0,22,0,15,1537
Gujarat,Gandhinagar,2003,22.4987,71.4324,23,12,0,0,68,5,64,157,1234,0,66,32,13,332,2,25,0,113,3380
Gujarat,Himatnagar,2003,22.4037,71.3374,42,12,1,12,88,14,30,200,662,0,58,70,23,339,2,47,0,160,4182
Gujarat,Jamnagar,2003,22.3237,71.2574,34,19,1,20,54,2,19,232,776,0,40,34,29,342,0,20,0,150,3225
Gujarat,Junagadh,2003,22.2037,71.1374,52,20,0,26,94,14,37,243,1256,0,95,104,39,449,6,40,0,312,4832
Gujarat,Kheda North,2003,28.7,77.1833,46,13,2,22,98,11,18,149,732,0,42,72,16,431,0,27,0,125,3627
Gujarat,Kutch,2003,22.0337,70.9674,30,22,2,14,50,12,29,240,570,0,57,47,16,425,0,26,0,165,3272
Gujarat,Mehsana,2003,22.2087,71.1424,37,31,0,14,114,15,53,251,1398,0,93,91,16,1166,0,34,0,207,4789
Gujarat,Narmada,2003,22.4387,71.3724,13,1,0,8,6,4,0,21,64,0,9,3,4,83,0,4,0,7,477
Gujarat,Navsari,2003,22.3987,71.3324,26,7,0,4,20,4,7,86,276,0,16,24,1,105,0,6,0,15,1402
Gujarat,Palanpur,2003,22.4437,71.3774,38,20,1,40,84,6,44,234,662,0,77,98,18,1267,0,47,0,135,3788
Gujarat,Panchmahal,2003,22.4837,71.4174,45,8,1,22,62,35,25,109,674,0,51,24,37,338,0,34,0,74,2192
Gujarat,Patan,2003,22.4187,71.3524,17,11,1,4,30,3,9,99,464,0,64,38,9,361,0,21,0,112,2357
Gujarat,Porbandar,2003,22.1137,71.0474,8,6,1,2,14,0,2,35,156,0,14,15,2,100,0,7,0,44,958
Gujarat,Rajkot Commr.,2003,22.3039,70.8022,37,12,1,10,68,7,51,350,3050,0,98,77,16,357,5,8,0,158,4802
Gujarat,Rajkot Rural,2003,22.2637,71.1974,38,23,1,28,96,9,34,210,914,0,78,11,47,432,4,35,0,174,4319
Gujarat,Surat Commr.,2003,21.1702,72.8311,75,16,5,50,124,19,57,388,3498,0,64,239,7,428,19,17,0,126,4965
Gujarat,Surat Rural,2003,21.2,73.0,52,11,0,22,32,6,14,99,406,0,32,39,16,280,0,21,0,204,2156
Gujarat,Surendranagar,2003,22.3837,71.3174,25,14,0,32,64,10,19,130,576,0,57,22,16,983,6,42,0,53,3051
Gujarat,Vadodara Commr.,2003,22.3072,73.1812,38,28,1,16,72,6,44,434,2770,0,195,197,20,366,0,17,0,136,5712
Gujarat,Vadodara Rural,2003,22.2937,71.2274,74,17,1,28,104,21,23,94,516,0,63,49,18,440,0,33,0,76,3215
Gujarat,Valsad,2003,22.1587,71.0924,31,7,4,10,26,22,27,234,738,0,33,47,13,214,0,7,0,37,2481
Gujarat,W.Rly,2003,22.1487,71.0824,9,4,0,4,8,10,89,21,2356,0,5,11,0,27,0,9,0,4,2544
Haryana,Ambala,2003,29.0238,76.0506,26,16,3,20,52,3,14,236,416,0,2,73,9,190,7,17,0,129,1898
Haryana,Bhiwani,2003,29.1988,76.2256,47,22,3,30,34,8,29,163,380,0,92,56,13,237,28,17,0,69,1994
Haryana,Faridabad,2003,28.4089,77.3178,57,30,2,72,140,25,20,264,1402,0,132,38,12,300,14,34,0,136,7110
Haryana,Fatehabad,2003,28.9838,76.0106,18,16,4,14,30,3,6,71,176,0,16,29,5,177,3,11,0,47,938
Haryana,Grp,2003,29.0888,76.1156,19,6,0,2,0,4,2,0,298,0,9,6,0,5,3,0,0,0,729
Haryana,Gurgaon,2003,28.4595,77.0266,62,33,6,64,88,24,40,359,1634,0,64,38,9,227,13,17,0,101,3683
Haryana,Hissar,2003,28.8288,75.8556,50,26,4,32,54,32,14,199,720,0,27,138,7,270,17,35,0,80,2355
Haryana,Jhajjar,2003,29.2238,76.2506,39,28,3,18,16,9,13,73,270,0,53,29,0,147,17,32,0,92,1272
Haryana,Jind,2003,29.2588,76.2856,33,20,13,34,22,11,3,86,254,0,53,23,4,127,10,7,0,34,1084
Haryana,Kaithal,2003,28.8838,75.9106,18,16,2,30,8,12,10,89,376,0,0,15,6,222,8,14,0,125,1206
Haryana,Karnal,2003,29.1488,76.1756,41,33,4,54,44,15,18,203,760,0,44,46,8,641,14,18,0,173,2215
Haryana,Kurukshetra,2003,28.8488,75.8756,30,15,3,46,22,7,15,146,722,0,0,135,6,188,12,23,0,92,1804
Haryana,Mahendragarh,2003,28.8238,75.8506,16,10,3,20,22,4,3,88,216,0,48,7,4,140,4,12,0,27,1235
Haryana,Panchkula,2003,29.0938,76.1206,11,4,4,24,30,6,8,113,398,0,1,54,1,14,5,10,0,56,1419
Haryana,Panipat,2003,28.9338,75.9606,47,21,10,76,32,27,23,161,818,0,24,16,3,156,13,17,0,165,1863
Haryana,Rewari,2003,29.0388,76.0656,16,10,0,22,22,6,9,111,330,0,34,14,9,140,7,22,0,34,1417
Haryana,Rohtak,2003,29.0188,76.0456,50,52,2,50,42,8,20,242,678,0,22,41,2,170,17,12,0,34,1764
Haryana,Sirsa,2003,28.8138,75.8406,38,36,2,44,36,4,11,155,418,0,17,55,8,354,9,10,0,70,1515
Haryana,Sonipat,2003,29.0988,76.1256,62,37,5,30,52,43,13,127,542,0,1,55,9,300,17,21,0,68,1828
Haryana,Yamunanagar,2003,29.0288,76.0556,22,15,3,24,30,2,10,95,374,0,0,32,7,148,4,15,0,86,1283
Himachal Pradesh,Bilaspur,2003,31.2398,77.3084,8,5,0,26,24,2,2,48,102,0,65,15,19,59,0,20,0,17,1098
Himachal Pradesh,Chamba,2003,31.1798,77.2484,6,3,0,20,28,0,0,111,68,0,14,6,15,61,0,13,0,8,585
Himachal Pradesh,G.R.P.,2003,31.0148,77.0834,0,0,0,0,0,0,0,0,0,0,0,0,0,0,0,0,0,0,1
Himachal Pradesh,Hamirpur,2003,30.9198,76.9884,4,5,0,12,16,0,0,25,50,0,30,13,9,228,0,13,0,15,868
Himachal Pradesh,Kangra,2003,30.9748,77.0434,38,16,0,16,14,1,2,75,140,0,121,15,18,223,0,28,0,35,2015
Himachal Pradesh,Kinnaur,2003,31.0098,77.0784,3,1,1,12,8,0,0,36,32,0,9,1,0,9,0,2,0,2,156
Himachal Pradesh,Kullu,2003,31.1698,77.2384,14,1,2,32,16,1,3,43,58,0,30,8,6,47,2,24,0,13,747
Himachal Pradesh,Lahaul-Spiti,2003,31.1348,77.2034,0,0,0,4,0,0,0,2,2,0,1,1,0,1,0,0,0,1,59
Himachal Pradesh,Mandi,2003,31.2998,77.3684,10,9,0,46,14,0,0,85,126,0,67,19,24,177,1,52,0,43,1744
Himachal Pradesh,Shimla,2003,30.9848,77.0534,18,15,0,42,42,1,3,143,304,0,105,20,10,79,2,40,0,15,1963
Himachal Pradesh,Sirmaur,2003,31.2398,77.3084,6,4,1,16,30,0,2,28,76,0,63,10,6,58,1,24,0,18,663
Himachal Pradesh,Solan,2003,30.9498,77.0184,13,8,1,22,20,1,1,58,176,0,63,11,7,339,0,24,0,24,1332
Himachal Pradesh,Una,2003,31.3348,77.4034,5,7,0,4,14,2,6,53,120,0,42,11,7,104,0,10,0,30,780
Jammu & Kashmir,Anantnag,2003,33.7032,76.5012,77,71,5,18,162,3,19,125,210,0,102,21,35,27,0,63,0,0,1347
Jammu & Kashmir,Awantipora,2003,33.9232,76.7212,8,3,1,4,26,1,6,49,46,0,13,1,0,1,0,21,0,0,356
Jammu & Kashmir,Baramulla,2003,34.0082,76.8062,95,92,2,36,180,1,9,156,416,0,172,22,18,25,0,159,0,1,1815
Jammu & Kashmir,Border,2003,33.9582,76.7562,8,26,0,18,16,2,1,23,64,0,26,9,5,10,0,8,0,7,768
Jammu & Kashmir,Budgam,2003,33.7632,76.5612,48,24,5,22,92,0,1,80,238,0,82,13,13,6,0,69,0,1,921
Jammu & Kashmir,Crime Jammu,2003,33.6682,76.4662,1,0,0,0,0,0,0,0,0,0,0,34,0,0,0,0,0,0,36
Jammu & Kashmir,Crime Srinagar,2003,33.6932,76.4912,1,0,0,0,0,0,0,0,0,0,0,74,0,0,0,0,0,0,81
Jammu & Kashmir,Doda,2003,22.3072,73.1812,87,95,0,12,38,0,7,47,46,0,28,11,26,18,0,8,0,3,761
Jammu & Kashmir,Ganderbal,2003,33.7582,76.5562,15,10,1,16,90,0,2,39,106,0,92,3,15,0,0,82,0,1,588
Jammu & Kashmir,Handwara,2003,33.9382,76.7362,39,60,2,4,44,0,9,26,58,0,52,5,10,3,0,24,0,1,426
Jammu & Kashmir,Jammu,2003,33.7132,76.5112,34,63,6,40,114,0,10,252,726,0,56,50,14,37,3,12,0,21,3370
Jammu & Kashmir,Kargil,2003,33.9032,76.7012,0,0,0,2,12,0,0,4,8,0,7,2,1,0,0,0,0,0,83
Jammu & Kashmir,Kathua,2003,33.7082,76.5062,16,28,0,26,40,2,2,48,92,0,56,15,7,27,0,8,0,7,1046
Jammu & Kashmir,Kulgam,2003,34.0182,76.8162,43,8,0,10,100,0,11,40,58,0,46,12,8,5,0,23,0,0,563
Jammu & Kashmir,Kupwara,2003,33.7082,76.5062,38,151,0,10,70,0,1,32,84,0,49,16,2,6,0,68,0,0,713
Jammu & Kashmir,Leh,2003,33.5582,76.3562,0,1,0,6,2,0,0,2,6,0,6,1,0,0,0,2,0,0,142
Jammu & Kashmir,Poonch,2003,33.8532,76.6512,111,113,0,24,24,0,0,18,122,0,19,8,27,38,0,11,0,1,727
Jammu & Kashmir,Pulwama,2003,33.6182,76.4162,70,80,3,20,96,7,22,79,248,0,131,5,21,32,2,38,0,0,956
Jammu & Kashmir,Railways,2003,33.9382,76.7362,0,0,0,2,0,0,0,0,28,0,0,1,0,0,0,1,0,0,31
Jammu & Kashmir,Rajouri,2003,33.9932,76.7912,86,135,0,56,38,2,1,51,92,0,22,11,49,26,2,8,0,14,1303
Jammu & Kashmir,Ramban,2003,33.6332,76.4312,53,94,1,20,20,0,0,19,32,0,17,6,26,8,0,8,0,0,609
Jammu & Kashmir,Reasi,2003,33.5782,76.3762,33,52,0,16,12,3,0,9,20,0,0,5,7,3,0,2,0,0,275
Jammu & Kashmir,Srinagar,2003,33.9132,76.7112,56,94,3,46,228,2,51,344,1026,0,138,79,34,29,0,249,0,6,3109
Jammu & Kashmir,Udhampur,2003,34.0182,76.8162,10,16,0,14,20,0,2,83,172,0,53,4,10,9,3,11,0,8,1213
Jharkhand,Bokaro,2003,23.7552,85.4249,58,108,2,96,80,45,64,122,850,0,180,24,10,422,29,32,0,16,2154
Jharkhand,Chaibasa,2003,23.6402,85.3099,129,42,34,76,42,7,17,34,196,0,39,2,9,16,0,17,0,8,735
Jharkhand,Chatra,2003,23.8152,85.4849,35,2,3,28,14,29,23,18,160,0,130,10,5,0,16,2,0,0,1038
Jharkhand,Deoghar,2003,23.6502,85.3199,55,40,5,106,16,14,31,89,214,0,184,16,7,167,14,14,0,20,1582
Jharkhand,Dhanbad,2003,23.4652,85.1349,92,31,7,86,110,61,50,190,1146,0,218,77,15,308,30,47,0,18,3227
Jharkhand,Dhanbad Rly.,2003,23.4652,85.1349,9,1,0,0,8,41,33,9,240,0,20,5,0,0,1,1,0,0,366
Jharkhand,Dumka,2003,23.8202,85.4899,57,142,3,98,38,9,9,51,152,0,22,13,13,16,9,23,0,69,967
Jharkhand,Garhwa,2003,23.4552,85.1249,32,21,3,46,36,25,26,33,134,0,156,10,12,71,13,5,0,12,985
Jharkhand,Giridih,2003,23.4852,85.1549,65,27,7,70,62,65,50,116,472,0,128,32,24,62,42,52,0,37,2386
Jharkhand,Godda,2003,23.5752,85.2449,31,36,0,152,50,9,15,46,258,0,124,20,0,302,4,0,0,56,2195
Jharkhand,Gumla,2003,23.5002,85.1699,131,24,12,62,28,32,33,41,112,0,43,9,3,0,0,14,0,11,769
Jharkhand,Hazaribagh,2003,23.5352,85.2049,81,42,11,80,72,108,102,132,812,0,295,47,4,403,41,57,0,30,2839
Jharkhand,Jamshedpur,2003,23.8202,85.4899,49,112,5,56,74,16,36,108,872,0,122,82,3,270,12,23,0,58,2138
Jharkhand,Jamshedpur Rly.,2003,23.3802,85.0499,6,0,0,4,4,9,11,7,168,0,23,2,0,0,3,0,0,0,235
Jharkhand,Jamtara,2003,23.6302,85.2999,17,6,3,70,24,3,7,16,84,0,36,4,0,123,5,6,0,26,476
Jharkhand,Koderma,2003,23.8052,85.4749,30,25,0,0,0,39,24,13,70,0,103,15,4,187,7,8,0,37,751
Jharkhand,Latehar,2003,23.6402,85.3099,43,14,3,20,2,48,22,69,84,0,28,1,0,38,0,5,0,3,519
Jharkhand,Lohardagga,2003,23.8352,85.5049,44,9,1,30,14,3,23,16,56,0,28,5,3,7,0,4,0,12,448
Jharkhand,Pakur,2003,23.4152,85.0849,27,29,4,62,24,7,13,25,90,0,57,14,9,141,0,3,0,10,526
Jharkhand,Palamu,2003,23.5902,85.2599,70,24,1,26,28,51,31,62,134,0,194,23,7,404,11,4,0,13,1603
Jharkhand,Ranchi,2003,23.4002,85.0699,250,136,0,110,140,98,183,214,1480,0,264,53,7,0,9,73,0,61,4277
Jharkhand,Sahebganj,2003,23.5702,85.2399,61,43,3,46,32,5,12,24,138,0,25,8,8,31,9,17,0,19,642
Jharkhand,Saraikela,2003,23.5452,85.2149,60,42,0,62,52,5,32,22,324,0,33,5,0,19,7,14,0,36,973
Jharkhand,Simdega,2003,23.4902,85.1599,50,1,2,38,24,10,17,11,64,0,29,2,4,75,0,3,0,7,375
Karnataka,Bagalkot,2003,15.1423,75.5389,50,28,6,24,32,1,7,84,224,0,180,20,17,342,2,44,0,45,1951
Karnataka,Bangalore Commr.,2003,12.9716,77.5946,216,280,1,68,264,92,311,1713,14246,0,273,1780,0,3847,34,213,0,213,29260
Karnataka,Bangalore Rural,2003,13.0827,77.5877,128,85,17,54,68,17,49,462,1728,0,465,54,103,1363,31,107,0,130,7409
Karnataka,Belgaum,2003,15.8497,74.4977,107,39,3,22,56,17,41,205,596,0,243,111,18,703,12,45,0,93,4494
Karnataka,Bellary,2003,15.3773,75.7739,48,41,0,28,24,5,16,128,530,0,218,34,14,528,2,58,0,36,3302
Karnataka,Bidar,2003,15.5473,75.9439,37,57,3,12,44,10,43,210,452,0,144,36,27,1142,5,45,0,67,4069
Karnataka,Bijapur,2003,15.1273,75.5239,55,33,2,18,36,5,15,108,230,0,226,22,13,634,4,68,0,83,4283
Karnataka,Chamarajnagar,2003,15.3773,75.7739,25,16,0,6,4,4,4,76,242,0,87,19,8,358,4,40,0,19,1171
Karnataka,Chickmagalur,2003,15.3073,75.7039,28,30,1,24,28,8,13,213,616,0,150,6,10,916,4,49,0,89,3013
Karnataka,Chitradurga,2003,15.2373,75.6339,42,20,0,38,30,5,10,135,370,0,326,27,5,840,6,43,0,32,3276
Karnataka,Dakshin Kannada,2003,15.2273,75.6239,35,30,1,6,20,7,7,163,440,0,194,40,22,508,2,23,0,31,3521
Karnataka,Davanagere,2003,15.4473,75.8439,28,20,3,32,28,11,35,192,658,0,277,47,0,584,10,56,0,78,2988
Karnataka,Dharwad Commr.,2003,15.4589,75.0078,23,18,0,6,22,5,16,126,576,0,80,81,0,183,3,3,0,28,1793
Karnataka,Dharwad Rural,2003,15.4589,75.0078,28,11,3,10,0,8,6,39,120,0,106,12,3,137,3,11,0,12,903
Karnataka,Gadag,2003,15.2073,75.6039,16,12,0,2,8,5,1,56,124,0,98,14,7,150,1,12,0,13,842
Karnataka,Gulbarga,2003,17.3297,76.8343,88,72,3,28,58,8,33,199,380,0,334,67,62,1193,5,150,0,103,4278
Karnataka,Hassan,2003,15.2273,75.6239,53,67,0,32,40,9,39,257,696,0,200,34,25,1395,3,78,0,43,4196
Karnataka,Haveri,2003,15.5423,75.9389,25,8,0,6,16,8,4,59,226,0,239,20,0,252,1,33,0,17,1827
Karnataka,K.G.F.,2003,15.4423,75.8389,12,20,1,10,8,3,11,78,246,0,66,23,0,281,7,21,0,17,920
Karnataka,Kodagu,2003,15.1573,75.5539,32,24,0,22,12,5,6,132,138,0,89,11,3,354,1,27,0,18,1282
Karnataka,Kolar,2003,15.4823,75.8789,65,56,1,28,64,1,22,153,714,0,298,35,0,667,10,32,0,52,3213
Karnataka,Koppal,2003,15.4823,75.8789,24,23,0,24,10,8,13,53,136,0,97,15,1,180,5,18,0,27,1135
Karnataka,Mandya,2003,15.1123,75.5089,57,59,0,26,16,5,22,179,610,0,299,20,0,966,5,65,0,77,3755
Karnataka,Mysore Commr.,2003,12.2958,76.6394,26,22,0,16,18,4,49,132,648,0,47,43,0,361,5,14,0,44,1819
Karnataka,Mysore Rural,2003,15.1723,75.5689,40,23,0,8,10,2,16,176,382,0,158,9,0,812,7,59,0,45,2374
Karnataka,Raichur,2003,15.4623,75.8589,37,26,8,24,32,5,8,126,248,0,217,72,9,505,7,61,0,79,2334
Karnataka,Railways,2003,15.4773,75.8739,13,3,1,0,4,7,9,0,1076,0,15,3,0,20,1,2,0,0,1150
Karnataka,Shimoga,2003,15.2973,75.6939,51,40,0,30,42,8,21,156,532,0,242,33,14,915,4,73,0,127,3706
Karnataka,Tumkur,2003,15.4373,75.8339,79,46,2,28,48,6,19,260,792,0,179,34,48,1027,10,77,0,38,4003
Karnataka,Udupi,2003,15.4773,75.8739,15,10,2,10,18,3,9,121,214,0,144,19,4,354,0,21,0,23,2170
Karnataka,Uttar Kannada,2003,15.2673,75.6639,23,22,0,0,2,3,6,64,170,0,93,11,2,396,0,37,0,25,2306
Kerala,Alapuzha,2003,10.8705,76.2911,23,37,0,20,24,5,38,200,340,0,385,121,27,1179,3,124,0,178,6975
Kerala,Cbcid,2003,10.8355,76.2561,18,5,0,2,8,1,2,5,20,0,8,32,3,3,0,0,0,2,232
Kerala,Ernakulam Commr.,2003,10.7805,76.2011,21,28,7,22,22,26,66,304,972,0,221,290,15,531,0,77,0,54,6829
Kerala,Ernakulam Rural,2003,10.6405,76.0611,25,38,16,44,24,12,28,292,646,0,348,115,17,1150,2,109,0,92,8080
Kerala,Idukki,2003,10.9005,76.3211,28,14,0,28,0,1,16,155,334,0,233,65,17,1309,0,93,0,104,4252
Kerala,Kannur,2003,10.6755,76.0961,12,38,7,26,8,8,13,218,328,0,505,81,0,804,0,65,0,174,4273
Kerala,Kasargod,2003,10.7755,76.1961,24,19,9,30,18,6,16,143,338,0,372,69,36,635,0,71,0,66,2843
Kerala,Kollam,2003,10.9005,76.3211,36,22,97,106,48,8,28,260,658,0,712,158,58,2215,5,317,0,365,9380
Kerala,Kottayam,2003,11.0855,76.5061,19,25,7,50,30,4,45,357,654,0,316,279,14,1697,0,141,0,115,6684
Kerala,Kozhikode Commr.,2003,11.2588,75.7804,14,14,18,20,14,4,23,494,670,0,399,233,15,546,2,50,0,157,4717
Kerala,Kozhikode Rural,2003,11.2588,75.7804,8,17,31,48,12,9,6,141,308,0,458,165,48,571,1,76,0,210,3982
Kerala,Malappuram,2003,10.7305,76.1511,18,17,25,84,22,8,9,296,530,0,441,289,14,753,2,57,0,460,5909
Kerala,Palakkad,2003,10.8855,76.3061,52,41,25,94,24,13,35,281,524,0,458,157,46,1143,3,140,0,214,5465
Kerala,Pathanamthitta,2003,10.7905,76.2111,27,10,31,26,0,1,25,130,288,0,221,59,22,867,2,94,0,116,4206
Kerala,Railways,2003,11.0105,76.4311,3,0,1,0,0,0,4,2,314,0,10,2,0,16,0,0,0,0,351
Kerala,Thrissur,2003,10.5276,76.2144,39,35,33,58,40,26,89,333,976,0,658,388,2,1224,3,157,0,224,9797
Kerala,Trivandrum Commr.,2003,11.0655,76.4861,10,53,16,34,28,14,113,334,884,0,311,277,13,893,2,114,0,82,5189
Kerala,Trivandrum Rural,2003,10.9805,76.4011,37,27,11,56,56,12,64,360,618,0,488,173,53,1687,7,212,0,232,7544
Kerala,Wayanadu,2003,11.0555,76.4761,21,8,9,40,0,3,14,104,380,0,254,108,13,473,1,50,0,85,2227
Madhya Pradesh,Anuppur,2003,23.1484,78.8319,10,4,0,20,2,1,3,55,92,0,3,3,0,18,1,14,0,3,633
Madhya Pradesh,Ashok Nagar,2003,22.8084,78.4919,24,24,3,66,10,1,11,119,202,0,56,3,20,860,6,140,0,36,2195
Madhya Pradesh,Balaghat,2003,22.9584,78.6419,55,25,2,122,14,3,12,171,328,0,36,8,13,382,10,134,0,69,2895
Madhya Pradesh,Barwani,2003,22.9784,78.6619,45,24,0,76,18,11,15,93,242,0,39,10,6,326,4,88,0,23,2252
Madhya Pradesh,Betul,2003,23.1484,78.8319,65,51,4,274,48,1,11,229,380,0,20,27,13,442,9,171,0,51,3313
Madhya Pradesh,Bhind,2003,22.8084,78.4919,61,101,3,50,56,11,40,191,500,0,100,32,28,639,24,94,0,53,3647
Madhya Pradesh,Bhopal,2003,23.2599,77.4126,54,111,0,186,110,5,97,978,3280,0,92,109,20,646,16,252,0,142,14689
Madhya Pradesh,Bhopal Rly.,2003,23.2599,77.4126,5,2,1,6,2,2,25,32,2172,0,5,8,1,2,2,14,0,1,2262
Madhya Pradesh,Burhanpur,2003,22.9334,78.6169,6,2,0,14,0,1,2,17,74,0,5,4,0,102,1,22,0,13,456
Madhya Pradesh,Chhatarpur,2003,23.0184,78.7019,55,69,1,112,22,4,32,228,270,0,49,11,22,542,17,164,0,50,3042
Madhya Pradesh,Chhindwara,2003,23.1184,78.8019,45,34,5,164,28,2,9,164,362,0,26,27,20,1071,12,187,0,78,3539
Madhya Pradesh,Damoh,2003,22.7384,78.4219,47,50,0,98,36,0,19,146,228,0,18,9,7,1123,27,179,0,64,2676
Madhya Pradesh,Datiya,2003,23.1234,78.8069,55,39,0,60,26,3,31,99,264,0,19,14,10,391,10,66,0,35,1987
Madhya Pradesh,Dewas,2003,22.9584,78.6419,57,85,2,176,68,33,67,366,1998,0,112,44,31,396,12,213,0,196,8478
Madhya Pradesh,Dhar,2003,15.4589,75.0078,87,86,0,164,54,22,46,261,1030,0,138,11,46,586,40,200,0,85,4938
Madhya Pradesh,Dindori,2003,22.7284,78.4119,14,3,0,74,4,0,5,61,88,0,5,10,6,109,1,64,0,22,1035
Madhya Pradesh,Guna,2003,22.9584,78.6419,37,32,8,166,16,1,21,258,508,0,76,21,16,953,9,175,0,68,3578
Madhya Pradesh,Gwalior,2003,26.2183,78.1828,91,137,8,144,162,18,112,997,1934,0,151,109,9,847,24,161,0,125,7833
Madhya Pradesh,Harda,2003,23.0384,78.7219,13,10,0,50,2,4,14,42,166,0,7,3,3,277,3,52,0,22,828
Madhya Pradesh,Hoshangabad,2003,23.1584,78.8419,49,53,68,140,20,3,48,337,714,0,29,19,12,465,19,127,0,52,3361
Madhya Pradesh,Indore,2003,22.7196,75.8577,93,129,3,154,122,13,162,966,5712,0,134,123,42,974,22,240,0,298,15998
Madhya Pradesh,Indore Rly.,2003,22.7196,75.8577,4,2,1,0,0,0,4,4,222,0,3,4,0,8,1,3,0,0,251
Madhya Pradesh,Jabalpur,2003,23.1815,79.9864,92,131,0,206,90,7,96,635,2302,0,95,84,18,3420,57,297,0,108,10004
Madhya Pradesh,Jabalpur Rly.,2003,23.1815,79.9864,1,3,0,0,6,4,16,8,446,0,1,1,0,15,0,4,0,0,501
Madhya Pradesh,Jhabua,2003,23.1184,78.8019,119,101,15,72,74,17,18,143,428,0,46,17,47,634,0,112,0,12,3371
Madhya Pradesh,Katni,2003,23.1084,78.7919,35,34,3,74,12,3,27,190,450,0,30,16,6,886,17,137,0,61,2557
Madhya Pradesh,Khandwa,2003,22.8834,78.5669,31,30,0,106,40,5,9,225,444,0,37,23,6,34,6,157,0,23,2791
Madhya Pradesh,Khargon,2003,22.9484,78.6319,37,36,7,100,26,20,18,259,1292,0,77,27,6,393,5,184,0,43,4161
Madhya Pradesh,Mandla,2003,22.7384,78.4219,37,15,1,78,4,0,5,92,226,0,20,17,4,344,4,143,0,44,2147
Madhya Pradesh,Mandsaur,2003,22.8484,78.5319,30,27,0,90,24,5,33,231,826,0,52,33,21,306,4,126,0,54,2758
Madhya Pradesh,Morena,2003,22.8584,78.5419,57,65,4,80,64,8,42,248,916,0,167,29,14,783,23,93,0,41,4487
Madhya Pradesh,Narsinghpur,2003,22.9434,78.6269,44,39,2,80,6,1,19,101,254,0,28,11,15,898,15,134,0,34,2146
Madhya Pradesh,Neemuch,2003,22.8684,78.5519,13,15,2,62,18,5,18,225,626,0,36,20,11,319,4,65,0,65,2116
Madhya Pradesh,Panna,2003,22.7284,78.4119,36,16,1,64,14,0,15,100,244,0,14,5,9,72,21,92,0,26,1632
Madhya Pradesh,Raisen,2003,22.8984,78.5819,35,50,0,150,16,1,16,153,416,0,33,10,7,231,17,176,0,46,3376
Madhya Pradesh,Rajgarh,2003,23.0634,78.7469,31,48,1,176,18,1,35,214,656,0,121,10,35,367,2,163,0,83,4066
Madhya Pradesh,Ratlam,2003,23.0084,78.6919,45,46,3,124,28,9,18,169,886,0,24,37,19,315,5,132,0,50,3447
Madhya Pradesh,Rewa,2003,23.0034,78.6869,57,46,0,82,72,15,59,723,786,0,49,16,26,582,28,110,0,44,4450
Madhya Pradesh,Sagar,2003,23.2134,78.8969,59,109,0,242,60,1,32,411,1042,0,103,34,35,2040,27,388,0,127,6856
Madhya Pradesh,Satna,2003,23.1784,78.8619,61,59,0,118,36,2,38,330,724,0,34,17,21,910,33,187,0,57,4537
Madhya Pradesh,Seoni,2003,22.8884,78.5719,27,24,2,108,2,0,13,103,186,0,28,14,5,375,6,86,0,25,1895
Madhya Pradesh,Shahdol,2003,22.7684,78.4519,60,21,8,136,24,0,31,340,602,0,29,15,28,322,13,221,0,120,4165
Madhya Pradesh,Shajapur,2003,23.0784,78.7619,31,51,3,142,26,4,43,268,1070,0,103,23,31,1037,10,166,0,79,3718
Madhya Pradesh,Sheopur,2003,22.7384,78.4219,15,28,0,38,8,5,7,58,192,0,37,9,2,227,1,51,0,11,1254
Madhya Pradesh,Shivpuri,2003,23.1434,78.8269,60,66,0,138,94,0,21,191,420,0,109,16,12,400,13,130,0,32,3473
Madhya Pradesh,Sidhi,2003,22.8634,78.5469,44,19,5,76,52,3,16,342,606,0,32,27,18,446,17,121,0,27,3717
Madhya Pradesh,Sihore,2003,22.9134,78.5969,32,32,2,172,12,0,24,154,672,0,24,21,12,369,6,87,0,32,3212
Madhya Pradesh,Tikamgarh,2003,23.0834,78.7669,40,31,0,100,30,2,14,169,308,0,47,14,23,912,20,98,0,21,2678
Madhya Pradesh,Ujjain,2003,23.1765,75.7885,58,146,1,118,80,12,73,602,2348,0,91,48,44,813,7,172,0,125,7634
Madhya Pradesh,Umariya,2003,23.0784,78.7619,27,4,34,40,0,2,16,111,138,0,17,8,8,143,5,59,0,22,1244
Madhya Pradesh,Vidisha,2003,23.0934,78.7769,41,48,0,188,18,23,20,275,572,0,122,11,60,606,12,197,0,40,3710
Maharashtra,Ahmednagar,2003,19.7715,75.7339,101,38,2,88,54,30,102,302,1572,0,254,77,44,575,15,51,0,287,4251
Maharashtra,Akola,2003,19.8715,75.8339,48,38,0,58,58,11,45,298,1454,0,89,70,28,832,9,80,0,132,3900
Maharashtra,Amravati Commr.,2003,19.9615,75.9239,31,25,2,52,30,9,35,316,1896,0,85,38,20,435,3,45,0,77,2986
Maharashtra,Amravati Rural,2003,19.8215,75.7839,53,38,3,94,34,11,31,343,1804,0,138,29,70,855,8,118,0,151,3763
Maharashtra,Aurangabad Commr.,2003,19.8762,75.3433,28,26,1,16,38,22,49,234,1012,0,126,111,11,339,4,25,0,130,2286
Maharashtra,Aurangabad Rural,2003,19.9115,75.8739,60,24,0,28,8,12,47,110,562,0,165,35,53,798,32,48,0,190,2675
Maharashtra,Beed,2003,19.6065,75.5689,72,55,1,50,34,30,73,282,1198,0,318,47,53,992,10,58,0,186,3887
Maharashtra,Bhandara,2003,19.8215,75.7839,30,7,1,82,14,3,12,224,722,0,73,19,30,378,7,54,0,69,2313
Maharashtra,Buldhana,2003,19.6415,75.6039,53,33,4,78,34,19,40,239,1446,0,167,69,86,825,61,106,0,164,3821
Maharashtra,Chandrapur,2003,19.8215,75.7839,41,21,8,72,26,9,29,295,1148,0,116,47,27,508,3,85,0,101,3033
Maharashtra,Dhule,2003,19.8865,75.8489,32,13,2,14,10,5,3,82,438,0,61,38,3,290,2,18,0,90,1754
Maharashtra,Gadchiroli,2003,19.7565,75.7189,58,28,4,60,34,9,7,113,262,0,21,8,51,282,2,57,0,81,1501
Maharashtra,Gondia,2003,19.5815,75.5439,41,13,1,50,24,8,9,214,600,0,27,13,15,360,6,93,0,74,1875
Maharashtra,Hingoli,2003,19.6515,75.6139,28,29,1,28,14,4,44,98,284,0,107,31,25,488,1,36,0,112,1735
Maharashtra,Jalgaon,2003,19.7315,75.6939,82,39,3,76,40,15,28,228,950,0,135,147,19,822,8,79,0,239,3927
Maharashtra,Jalna,2003,19.7165,75.6789,53,25,1,16,30,7,43,165,618,0,146,44,28,644,15,53,0,204,2430
Maharashtra,Kolhapur,2003,19.6715,75.6339,66,40,7,30,36,5,24,229,1016,0,148,304,16,567,25,47,0,64,3358
Maharashtra,Latur,2003,19.8315,75.7939,56,34,0,42,30,6,34,100,582,0,175,58,37,950,31,49,0,80,3074
Maharashtra,Mumbai,2003,18.922,72.8347,242,115,8,266,300,83,239,2550,19586,0,131,1178,7,3562,8,282,0,199,28259
Maharashtra,Mumbai Rly.,2003,19.6465,75.6089,9,8,0,8,4,3,32,3,3178,0,9,36,0,28,1,16,0,0,3318
Maharashtra,Nagpur Commr.,2003,21.1458,79.0882,104,40,0,52,72,53,172,1079,4044,0,165,151,14,783,4,36,0,136,7357
Maharashtra,Nagpur Rly.,2003,19.8415,75.8039,8,2,0,2,4,2,12,3,1880,0,4,2,0,29,0,5,0,0,1948
Maharashtra,Nagpur Rural,2003,19.6665,75.6289,73,28,5,104,46,9,63,341,1720,0,112,47,62,758,5,95,0,111,4644
Maharashtra,Nanded,2003,19.9715,75.9339,71,90,1,66,48,33,74,362,1036,0,219,131,73,1508,16,78,0,229,5829
Maharashtra,Nandurbar,2003,19.5415,75.5039,43,13,0,20,20,11,11,89,268,0,91,23,5,277,2,34,0,77,1283
Maharashtra,Nasik Commr.,2003,19.8865,75.8489,27,20,1,22,28,16,31,375,1410,0,86,101,4,233,4,18,0,116,2542
Maharashtra,Nasik Rural,2003,19.9065,75.8689,110,46,5,108,40,33,51,260,894,0,277,95,41,806,3,84,0,358,4384
Maharashtra,Navi Mumbai,2003,19.5315,75.4939,50,19,0,32,34,29,49,318,1564,0,67,145,1,319,6,28,0,55,2861
Maharashtra,Osmanabad,2003,19.6415,75.6039,38,16,2,24,14,6,17,191,658,0,153,25,15,727,3,37,0,92,2507
Maharashtra,Parbhani,2003,19.5665,75.5289,52,30,1,26,24,26,56,151,410,0,131,60,25,966,7,49,0,149,2350
Maharashtra,Pune Commr.,2003,18.5204,73.8567,110,54,4,80,92,19,97,868,5480,0,531,462,7,983,2,61,0,166,8813
Maharashtra,Pune Rly.,2003,19.7565,75.7189,0,0,0,6,0,0,4,0,384,0,2,3,1,1,0,1,0,0,401
Maharashtra,Pune Rural,2003,19.6315,75.5939,127,26,6,58,52,27,58,283,1322,0,143,87,21,563,7,55,0,165,4479
Maharashtra,Raigad,2003,19.7865,75.7489,50,22,1,50,38,19,26,156,548,0,129,47,14,281,2,42,0,57,2179
Maharashtra,Ratnagiri,2003,19.9015,75.8639,20,14,3,32,10,2,5,154,356,0,48,43,17,191,0,27,0,47,1272
Maharashtra,Sangli,2003,19.5815,75.5439,78,24,5,94,48,13,19,187,996,0,93,153,33,414,7,39,0,87,2713
Maharashtra,Satara,2003,19.8865,75.8489,61,20,0,34,28,23,34,213,1012,0,88,79,16,413,8,42,0,156,3164
Maharashtra,Sindhudurg,2003,19.7465,75.7089,14,4,1,16,16,5,8,97,186,0,38,9,10,178,1,16,0,3,810
Maharashtra,Solapur Commr.,2003,19.8765,75.8389,22,15,2,30,30,10,45,160,702,0,66,116,10,197,4,19,0,72,1682
Maharashtra,Solapur Rural,2003,19.7715,75.7339,112,50,6,88,44,13,34,173,734,0,153,35,30,726,4,52,0,130,3230
Maharashtra,Thane Commr.,2003,19.2183,72.9781,111,63,4,102,116,43,148,929,3744,0,238,570,10,1378,4,66,0,153,7452
Maharashtra,Thane Rural,2003,19.5965,75.5589,149,49,7,102,64,44,85,476,1074,0,208,103,20,644,6,101,0,107,4008
Maharashtra,Wardha,2003,19.8415,75.8039,48,26,3,50,30,6,27,284,1310,0,48,50,53,791,1,81,0,67,3783
Maharashtra,Washim,2003,19.5515,75.5139,27,24,1,30,26,11,21,100,646,0,75,21,33,514,9,60,0,119,1959
Maharashtra,Yavatmal,2003,19.9265,75.8889,83,68,6,100,76,9,23,218,1490,0,58,48,50,995,12,135,0,170,4223
Manipur,Bishnupur,2003,24.4637,93.7063,22,42,1,4,20,0,0,6,22,0,8,6,1,46,0,16,0,0,274
Manipur,Chandel,2003,24.8937,94.1363,17,6,0,0,6,0,1,0,10,0,5,0,4,10,0,0,0,0,83
Manipur,Churachandpur,2003,24.7837,94.0263,14,21,0,0,8,0,0,3,32,0,0,1,0,4,0,2,0,0,97
Manipur,Imphal(East),2003,28.6333,77.2833,25,32,1,6,36,0,1,9,88,0,18,8,5,64,0,2,0,0,458
Manipur,Imphal(West),2003,28.65,77.1,28,35,1,10,82,2,1,37,262,0,32,25,25,91,0,22,0,1,941
Manipur,Senapati,2003,24.4637,93.7063,17,13,2,0,14,1,1,1,6,0,5,4,4,3,0,0,0,0,132
Manipur,Tamenglong,2003,24.4787,93.7213,3,3,0,0,0,0,0,0,10,0,0,0,1,1,0,0,0,0,24
Manipur,Thoubal,2003,24.4487,93.6913,22,42,1,16,68,0,1,10,66,0,5,32,4,100,0,1,0,3,488
Manipur,Ukhrul,2003,24.7087,93.9513,2,5,0,0,6,0,1,2,8,0,0,0,3,5,0,1,0,0,40
Meghalaya,Garo Hills East,2003,28.6333,77.2833,14,16,1,2,14,4,6,19,40,0,3,3,5,11,0,0,0,0,137
Meghalaya,Garo Hills South,2003,28.5333,77.2,7,4,0,6,6,2,1,3,14,0,0,0,0,0,0,1,0,0,46
Meghalaya,Garo Hills West,2003,28.65,77.1,24,8,12,12,36,13,17,21,48,0,0,4,3,14,0,5,0,0,200
Meghalaya,Jaintia Hills,2003,25.487,91.3862,52,2,0,22,0,8,4,10,82,0,0,3,1,35,0,0,0,0,264
Meghalaya,Khasi Hills East,2003,28.6333,77.2833,45,19,3,20,28,34,84,103,422,0,2,20,3,22,0,7,0,4,802
Meghalaya,Khasi Hills West,2003,28.65,77.1,17,9,0,12,4,8,9,1,36,0,0,0,0,0,0,0,0,0,96
Meghalaya,Ri-Bhoi,2003,25.712,91.6112,16,2,1,6,10,15,12,3,78,0,0,4,4,24,0,0,0,0,174
Mizoram,Aizawl,2003,23.3695,93.1426,14,24,1,48,8,1,14,264,1418,0,3,41,11,48,0,25,0,3,1894
Mizoram,Champhai,2003,23.1495,92.9226,6,1,1,20,2,0,2,39,134,0,0,4,1,19,0,11,0,0,228
Mizoram,Kolasib,2003,23.3695,93.1426,5,2,1,10,4,3,3,33,154,0,0,2,3,15,0,11,0,0,253
Mizoram,Lawngtlai,2003,23.2295,93.0026,6,3,0,2,0,1,0,7,100,0,0,1,1,5,0,6,0,0,144
Mizoram,Lunglei,2003,23.3295,93.1026,6,2,0,12,0,0,2,59,410,0,0,7,4,20,0,15,0,0,522
Mizoram,Mamit,2003,23.2195,92.9926,2,2,0,2,0,0,0,18,68,0,0,1,1,6,0,0,0,0,100
Mizoram,Saiha,2003,22.9895,92.7626,6,1,0,8,2,0,0,34,202,0,0,3,2,19,0,11,0,0,360
Mizoram,Serchhip,2003,23.3445,93.1176,1,1,0,6,0,0,0,33,120,0,0,1,0,10,0,9,0,0,172
Nagaland,Dimapur,2003,26.3284,94.7324,15,2,3,4,24,2,54,20,148,0,0,1,0,19,0,0,0,0,289
Nagaland,Kiphire,2003,26.1734,94.5774,1,0,0,2,2,1,0,2,4,0,0,0,0,0,0,0,0,0,16
Nagaland,Kohima,2003,26.0484,94.4524,28,10,0,10,4,4,16,19,106,0,0,5,0,2,0,4,0,0,245
Nagaland,Mokokchung,2003,26.2884,94.6924,8,3,1,2,20,3,3,7,18,0,3,1,5,9,0,0,0,0,103
Nagaland,Mon,2003,25.9134,94.3174,7,7,0,4,2,6,4,10,42,0,0,1,0,5,0,0,0,0,88
Nagaland,Peren,2003,26.1434,94.5474,4,0,2,2,8,0,2,3,10,0,0,0,0,1,0,0,0,0,30
Nagaland,Phek,2003,26.2334,94.6374,8,4,2,4,12,3,5,10,6,0,1,0,0,4,0,0,0,0,65
Nagaland,Tuensang,2003,26.1484,94.5524,9,1,0,0,0,0,3,9,22,0,4,1,0,0,0,0,0,0,56
Nagaland,Wokha,2003,26.2734,94.6774,5,6,0,0,4,0,3,3,80,0,0,2,0,6,0,0,0,0,109
Nagaland,Zunheboto,2003,26.1234,94.5274,6,1,0,0,0,0,2,12,6,0,0,0,0,2,0,0,0,0,57
Odisha,Angul,2003,21.1617,85.3085,42,50,1,40,18,6,27,74,334,0,83,20,19,50,18,111,0,36,1614
Odisha,Balasore,2003,20.7367,84.8835,45,26,1,98,80,11,51,137,372,0,58,32,14,198,30,61,0,44,2545
Odisha,Baragarh,2003,20.7917,84.9385,27,35,10,60,8,7,19,56,248,0,83,27,13,40,10,70,0,91,1372
Odisha,Berhampur,2003,20.7067,84.8535,13,33,0,24,12,8,47,93,240,0,29,25,4,183,4,47,0,18,1097
Odisha,Bhadrak,2003,21.0067,85.1535,17,45,0,50,42,5,21,57,164,0,48,16,19,23,21,49,0,67,1410
Odisha,Bolangir,2003,20.9017,85.0485,24,48,0,50,8,0,26,72,246,0,100,48,10,78,0,95,0,38,1648
Odisha,Boudh,2003,21.1017,85.2485,14,6,0,22,12,0,9,23,80,0,15,2,9,25,1,32,0,10,405
Odisha,Cuttack,2003,20.8467,84.9935,47,143,138,64,64,17,113,303,1152,0,56,94,23,44,47,27,0,122,3985
Odisha,Deogarh,2003,20.8517,84.9985,12,11,0,10,22,1,7,32,52,0,21,5,4,165,0,52,0,12,502
Odisha,Dhenkanal,2003,21.1317,85.2785,34,46,0,18,18,4,15,71,130,0,62,10,24,103,3,67,0,27,1187
Odisha,Gajapati,2003,20.8317,84.9785,9,9,0,8,10,0,3,15,50,0,14,7,7,53,3,21,0,7,368
Odisha,Ganjam,2003,21.0467,85.1935,54,88,4,34,18,11,33,106,314,0,85,27,25,173,13,185,0,46,2026
Odisha,Jagatsinghpur,2003,20.7617,84.9085,22,28,6,26,46,8,24,71,278,0,16,21,9,142,12,9,0,29,1302
Odisha,Jajpur,2003,21.1767,85.3235,23,23,0,34,44,10,19,110,346,0,43,17,10,254,19,18,0,73,1630
Odisha,Jharsuguda,2003,21.1817,85.3285,22,9,2,30,16,4,15,62,162,0,31,16,7,15,0,38,0,23,962
Odisha,Kalahandi,2003,20.9067,85.0535,14,18,2,36,18,5,24,45,164,0,48,75,3,69,5,22,0,11,780
Odisha,Kandhamal,2003,21.0667,85.2135,25,4,1,70,48,1,7,58,156,0,14,13,10,486,2,84,0,75,945
Odisha,Kendrapara,2003,21.0217,85.1685,26,41,0,20,32,5,8,71,166,0,10,16,3,14,12,14,0,12,930
Odisha,Keonjhar,2003,21.0417,85.1885,76,33,4,74,50,12,25,65,314,0,83,11,11,72,14,84,0,55,1973
Odisha,Khurda,2003,21.1267,85.2735,65,109,0,114,94,37,151,553,2032,0,111,160,24,1194,29,39,0,131,5271
Odisha,Koraput,2003,20.9817,85.1285,41,27,0,76,46,4,24,99,324,0,56,31,12,41,0,82,0,51,1534
Odisha,Malkangir,2003,21.0667,85.2135,31,16,9,34,10,1,4,17,94,0,5,7,3,73,1,16,0,6,440
Odisha,Mayurbhanj,2003,20.9467,85.0935,79,46,1,140,56,11,29,110,346,0,41,35,12,16,11,120,0,135,2213
Odisha,Nayagarh,2003,20.7817,84.9285,28,34,2,30,36,4,18,57,186,0,20,9,11,84,12,10,0,15,903
Odisha,Nowrangpur,2003,20.7267,84.8735,17,24,3,52,32,3,9,49,134,0,56,7,5,54,0,44,0,19,708
Odisha,Nuapada,2003,21.0017,85.1485,10,6,0,12,8,0,8,17,82,0,19,11,5,34,0,21,0,16,562
Odisha,Puri,2003,21.0967,85.2435,49,125,0,78,38,10,41,141,422,0,57,31,18,56,0,7,0,24,2442
Odisha,Rayagada,2003,20.8267,84.9735,27,17,1,28,10,4,9,37,134,0,55,27,7,58,4,44,0,27,881
Odisha,Rourkela,2003,21.1017,85.2485,23,12,0,20,8,0,18,94,362,0,6,48,3,154,1,31,0,21,1178
Odisha,Sambalpur,2003,21.1217,85.2685,29,48,1,44,20,12,36,148,440,0,31,37,6,78,1,61,0,15,1775
Odisha,Sonepur,2003,20.7717,84.9185,9,5,0,8,4,0,2,24,90,0,18,9,3,16,1,44,0,8,466
Odisha,Srp(Cuttack),2003,20.9017,85.0485,3,6,0,2,6,0,10,8,670,0,1,4,0,21,0,9,0,3,731
Odisha,Srp(Rourkela),2003,20.9967,85.1435,4,2,0,2,2,0,7,6,172,0,1,3,0,8,0,3,0,0,211
Odisha,Sundargarh,2003,20.7717,84.9185,83,41,2,42,18,7,16,80,262,0,32,36,4,685,5,52,0,22,1507
Punjab,Amritsar,2003,31.634,74.8723,49,31,3,22,76,7,16,102,322,0,0,207,2,177,4,9,0,50,1422
Punjab,Barnala,2003,31.3321,75.5262,16,23,3,30,24,1,3,34,96,0,0,82,0,58,2,12,0,52,623
Punjab,Batala,2003,31.1221,75.3162,34,24,3,26,24,3,1,40,120,0,0,82,4,128,6,6,0,28,715
Punjab,Bhatinda,2003,30.9171,75.1112,51,24,2,30,32,1,0,119,294,0,0,230,4,189,1,20,0,36,1330
Punjab,Faridkot,2003,30.9071,75.1012,12,8,2,20,14,3,2,44,110,0,0,99,3,94,2,8,0,49,561
Punjab,Fatehgarh Sahib,2003,31.0171,75.2112,11,4,3,18,16,4,3,36,60,0,0,62,0,69,1,2,0,14,482
Punjab,Ferozepur,2003,31.3121,75.5062,51,65,5,60,40,3,5,158,500,0,0,143,6,476,7,32,0,34,1909
Punjab,G.R.P,2003,31.3271,75.5212,10,2,2,2,2,0,2,0,52,0,0,5,1,11,3,3,0,0,377
Punjab,Gurdaspur,2003,30.9771,75.1712,23,19,4,30,10,3,3,27,60,0,0,51,1,74,4,4,0,19,669
Punjab,Hoshiarpur,2003,31.2071,75.4012,38,22,2,60,54,11,7,84,214,0,0,128,10,198,7,13,0,51,1205
Punjab,Jagraon,2003,27.1767,78.0081,23,27,3,24,20,3,4,50,90,0,0,58,4,117,5,9,0,34,597
Punjab,Jalandhar,2003,31.3271,75.5212,55,79,15,66,128,20,9,256,760,0,0,507,4,370,13,27,0,107,3019
Punjab,Kapurthala,2003,30.9371,75.1312,22,14,3,22,22,8,4,57,128,0,0,227,1,111,2,3,0,37,887
Punjab,Khanna,2003,31.1671,75.3612,18,15,0,14,20,9,2,48,104,0,0,44,1,104,2,7,0,14,612
Punjab,Ludhiana,2003,30.901,75.8573,64,66,5,76,170,21,13,350,1512,0,0,351,9,270,8,72,0,116,4663
Punjab,Majitha,2003,31.3921,75.5862,42,20,3,24,24,4,0,28,114,0,0,67,3,175,3,15,0,29,769
Punjab,Mansa,2003,30.9521,75.1462,17,22,2,22,14,2,3,35,106,0,0,44,1,133,6,8,0,12,546
Punjab,Moga,2003,31.1921,75.3862,27,27,4,18,28,3,7,69,204,0,0,68,1,194,3,16,0,17,832
Punjab,Muktsar,2003,31.0321,75.2262,15,26,2,18,12,5,3,40,74,0,0,54,0,108,1,12,0,10,506
Punjab,Nawan Shahr,2003,30.9721,75.1662,15,25,0,28,30,1,4,64,170,0,0,81,9,200,1,5,0,32,737
Punjab,Patiala,2003,31.0121,75.2062,49,32,7,66,72,17,5,221,650,0,0,257,0,421,6,28,0,138,2949
Punjab,Ropar,2003,30.9021,75.0962,24,14,2,20,38,6,2,91,244,0,0,136,3,140,8,14,0,41,1420
Punjab,Sangrur,2003,31.1871,75.3812,33,35,9,38,36,7,8,114,308,0,0,107,4,188,12,14,0,56,1328
Punjab,Tarn Taran,2003,30.8971,75.0912,32,20,5,26,22,5,2,27,104,0,0,33,0,119,3,7,0,11,598
Rajasthan,Ajmer,2003,26.4499,74.6399,47,61,3,72,200,3,48,372,1472,0,57,311,15,709,17,75,0,284,6360
Rajasthan,Alwar,2003,26.9488,74.1429,80,134,0,100,162,4,40,222,2242,0,11,328,40,2217,42,114,0,274,7118
Rajasthan,Banswara,2003,27.1438,74.3379,35,26,0,106,108,4,12,96,256,0,259,42,31,1385,3,89,0,100,3171
Rajasthan,Baran,2003,27.0538,74.2479,25,90,2,100,132,3,18,157,796,0,46,138,22,280,3,175,0,187,3486
Rajasthan,Barmer,2003,27.2438,74.4379,16,16,2,32,52,0,12,110,392,0,25,95,19,651,17,72,0,63,2424
Rajasthan,Bharatpur,2003,27.0638,74.2579,91,92,3,82,210,9,40,81,1682,0,3,297,41,1219,30,55,0,228,7191
Rajasthan,Bhilwara,2003,27.1438,74.3379,24,56,0,84,296,2,48,262,1630,0,159,272,23,128,6,111,0,286,5890
Rajasthan,Bikaner,2003,26.9588,74.1529,50,88,0,54,82,1,12,125,704,0,4,196,14,639,14,50,0,164,3512
Rajasthan,Bundi,2003,27.1988,74.3929,28,100,3,84,138,2,21,179,728,0,71,77,17,873,4,152,0,198,3648
Rajasthan,Chittorgarh,2003,26.8788,74.0729,50,48,6,156,382,8,39,329,1314,0,244,265,43,2320,6,99,0,379,6574
Rajasthan,Churu,2003,27.0738,74.2679,29,34,1,44,58,2,1,99,486,0,75,228,11,985,15,76,0,173,2866
Rajasthan,Dausa,2003,27.0938,74.2879,33,17,0,34,80,3,5,82,822,0,82,116,17,76,3,20,0,61,3482
Rajasthan,Dholpur,2003,27.0088,74.2029,40,67,1,40,64,4,17,68,452,0,71,52,15,1036,21,36,0,92,2530
Rajasthan,Dungarpur,2003,27.0238,74.2179,30,20,2,30,58,0,9,59,110,0,105,39,24,140,10,50,0,54,1885
Rajasthan,G.R.P.,2003,26.9338,74.1279,5,8,1,0,6,7,8,3,1072,0,2,4,0,2,2,12,0,0,1117
Rajasthan,Ganganagar,2003,27.0638,74.2579,59,143,0,150,102,1,11,230,778,0,10,531,9,1215,16,69,0,352,5236
Rajasthan,Hanumangarh,2003,27.1788,74.3729,59,92,1,112,64,1,15,161,754,0,44,252,7,645,18,93,0,254,3818
Rajasthan,Jaipur,2003,26.9124,75.7873,92,114,7,114,452,5,51,970,6322,0,1459,1357,54,1565,32,188,0,482,18758
Rajasthan,Jaisalmer,2003,26.7738,73.9679,3,0,0,6,20,0,3,32,240,0,13,25,8,3,4,16,0,13,696
Rajasthan,Jalore,2003,27.0488,74.2429,22,21,1,12,72,0,8,69,294,0,13,87,25,51,7,72,0,75,2404
Rajasthan,Jhalawar,2003,26.8238,74.0179,32,81,7,100,138,1,31,156,650,0,142,73,42,1107,11,141,0,191,3262
Rajasthan,Jhunjhunu,2003,26.8438,74.0379,41,10,0,54,94,0,6,122,538,0,87,125,20,191,7,50,0,102,3607
Rajasthan,Jodhpur,2003,26.2389,73.0243,39,68,5,68,192,2,25,375,2022,0,101,511,46,2318,15,96,0,282,6824
Rajasthan,Karauli,2003,27.1438,74.3379,28,27,0,68,152,1,10,30,534,0,23,97,26,361,13,80,0,73,3217
Rajasthan,Kota,2003,25.2138,75.8648,35,292,0,70,268,1,41,324,1974,0,57,365,21,459,9,146,0,307,6030
Rajasthan,Nagaur,2003,27.1488,74.3429,45,30,0,64,80,2,10,268,798,0,15,173,23,349,10,115,0,128,4476
Rajasthan,Pali,2003,26.8388,74.0329,38,54,4,54,160,1,29,233,636,0,78,184,36,42,9,184,0,190,4969
Rajasthan,Rajsamand,2003,26.9338,74.1279,21,3,0,24,116,1,8,87,332,0,122,103,17,1304,2,32,0,106,2639
Rajasthan,Sawai Madhopur,2003,26.8038,73.9979,24,32,1,42,84,1,12,110,606,0,20,154,12,31,10,56,0,112,3098
Rajasthan,Sikar,2003,27.2388,74.4329,33,20,1,30,82,0,4,179,552,0,159,188,29,327,17,44,0,111,3552
Rajasthan,Sirohi,2003,27.2038,74.3979,27,29,0,22,70,2,10,113,280,0,19,56,25,565,6,37,0,97,2055
Rajasthan,Tonk,2003,26.9938,74.1879,20,27,5,22,120,0,13,145,582,0,182,139,10,1274,5,45,0,179,3837
Rajasthan,Udaipur,2003,24.5854,73.7125,61,77,5,70,182,6,38,224,862,0,294,345,42,1706,5,65,0,136,6106
Sikkim,East,2003,28.6333,77.2833,7,4,1,10,0,0,3,33,82,0,5,10,1,31,0,11,0,1,280
Sikkim,North,2003,28.7,77.1833,1,0,0,4,0,0,0,3,4,0,0,0,0,0,0,0,0,0,14
Sikkim,South,2003,28.5333,77.2,3,1,1,2,0,1,0,8,38,0,1,1,1,12,0,6,0,0,91
Sikkim,West,2003,28.65,77.1,3,2,1,4,0,1,0,4,6,0,4,1,0,13,0,8,0,0,58
Tamil Nadu,Chengai,2003,11.0521,78.5819,84,75,0,34,78,24,25,477,2340,0,82,94,17,999,15,100,0,78,11079
Tamil Nadu,Chennai,2003,13.0827,80.2707,71,279,4,75,68,6,74,649,7558,0,43,627,1,749,18,90,0,159,10200
Tamil Nadu,Chennai Rly.,2003,13.0827,80.2707,0,1,0,0,0,2,15,0,398,0,3,2,0,32,0,4,0,0,574
Tamil Nadu,Coimbatore Rural,2003,11.0168,76.9558,72,61,1,32,38,7,35,265,2292,0,321,71,20,1027,17,79,0,97,9257
Tamil Nadu,Coimbatore Urban,2003,11.0168,76.9558,22,17,0,8,12,3,29,173,1986,0,106,69,1,115,1,18,0,24,3187
Tamil Nadu,Cuddalore,2003,10.9221,78.4519,62,87,2,38,42,5,19,121,988,0,113,14,59,581,10,73,0,35,6098
Tamil Nadu,Dharmapuri,2003,11.3221,78.8519,90,58,2,46,82,7,19,152,664,0,374,38,54,1205,16,91,0,36,6099
Tamil Nadu,Dindigul,2003,11.0971,78.6269,62,35,0,36,46,4,22,118,934,0,51,47,32,497,3,51,0,30,5020
Tamil Nadu,Erode,2003,11.3071,78.8369,53,18,2,22,92,2,23,194,1352,0,40,36,26,2210,2,60,0,50,6052
Tamil Nadu,Kanchipuram,2003,10.9271,78.4569,48,62,0,62,32,3,3,131,942,0,75,31,4,447,11,57,0,23,5087
Tamil Nadu,Kanyakumari,2003,11.0221,78.5519,38,36,3,22,18,4,7,188,464,0,6,46,42,479,4,22,0,50,3502
Tamil Nadu,Karur,2003,11.1021,78.6319,26,14,0,6,26,3,3,62,592,0,15,11,10,800,2,5,0,24,2414
Tamil Nadu,Madurai Rural,2003,9.9252,78.1198,48,73,1,44,62,22,50,115,766,0,173,61,21,1868,13,58,0,63,4110
Tamil Nadu,Madurai Urban,2003,9.9252,78.1198,27,39,1,14,48,5,12,83,936,0,64,115,6,224,10,29,0,35,3253
Tamil Nadu,Nagapattinam,2003,10.9171,78.4469,41,57,0,10,48,2,5,82,518,0,40,16,27,1300,8,50,0,25,3636
Tamil Nadu,Namakkal,2003,11.3721,78.9019,31,24,0,14,44,1,8,56,514,0,67,18,14,1146,6,54,0,41,3558
Tamil Nadu,Nilgiris,2003,10.8821,78.4119,18,17,0,18,6,0,3,93,288,0,26,10,0,280,0,39,0,0,1599
Tamil Nadu,Perambalur,2003,11.1921,78.7219,31,56,1,26,72,0,1,58,408,0,57,15,17,740,3,65,0,42,2438
Tamil Nadu,Pudukottai,2003,11.3371,78.8669,32,21,0,16,42,1,7,67,370,0,162,15,23,282,2,52,0,28,3262
Tamil Nadu,Ramnathapuram,2003,11.2321,78.7619,26,23,0,20,30,0,5,59,434,0,158,20,25,511,3,49,0,45,2959
Tamil Nadu,Salem Rural,2003,11.6643,78.146,78,123,2,70,138,13,14,138,714,0,306,52,36,2813,10,167,0,151,6310
Tamil Nadu,Salem Urban,2003,11.6643,78.146,15,18,0,22,18,5,2,51,674,0,14,25,2,149,3,11,0,13,2070
Tamil Nadu,Sivagangai,2003,11.3421,78.8719,24,33,1,8,50,0,3,67,462,0,41,31,14,337,4,17,0,34,2721
Tamil Nadu,Thanjavur,2003,11.0871,78.6169,60,78,0,28,106,2,8,151,904,0,99,18,21,688,1,100,0,33,3985
Tamil Nadu,Theni,2003,10.9271,78.4569,35,47,0,12,14,2,14,69,492,0,104,51,19,586,4,53,0,25,3054
Tamil Nadu,Thirunelveli Rural,2003,10.9821,78.5119,54,76,0,86,60,0,10,150,878,0,2,34,65,1445,11,122,0,41,6367
Tamil Nadu,Thirunelveli Urban,2003,11.2971,78.8269,12,38,0,8,20,1,9,39,248,0,40,14,4,68,0,11,0,21,1065
Tamil Nadu,Thiruvallur,2003,10.9921,78.5219,25,47,0,28,46,3,8,71,558,0,140,20,24,1232,8,70,0,28,3184
Tamil Nadu,Thiruvannamalai,2003,11.3571,78.8869,38,17,1,50,52,0,10,138,716,0,146,28,33,1185,6,37,0,22,3949
Tamil Nadu,Thiruvarur,2003,11.3171,78.8469,14,38,2,18,22,0,5,75,484,0,70,12,30,891,2,71,0,19,2776
Tamil Nadu,Thoothugudi,2003,10.9971,78.5269,76,104,1,42,70,3,20,154,1100,0,205,64,40,626,5,76,0,54,5353
Tamil Nadu,Trichy Rly.,2003,11.1121,78.6419,0,0,1,0,0,0,0,3,94,0,4,2,0,16,0,0,0,0,177
Tamil Nadu,Trichy Rural,2003,11.3421,78.8719,44,39,0,14,18,3,9,59,458,0,84,19,14,826,7,16,0,44,3037
Tamil Nadu,Trichy Urban,2003,10.9771,78.5069,17,11,0,12,28,1,5,62,898,0,10,51,3,86,0,5,0,44,2470
Tamil Nadu,Vellore,2003,11.2471,78.7769,87,30,0,40,84,0,5,179,1182,0,84,43,24,2431,6,43,0,17,7354
Tamil Nadu,Villupuram,2003,11.2421,78.7719,77,54,3,78,104,2,14,159,824,0,318,23,38,726,6,100,0,62,6735
Tamil Nadu,Virudhunagar,2003,11.1371,78.6669,53,37,0,54,42,2,13,141,996,0,63,61,25,631,3,77,0,62,4815
Tripura,Dhalai,2003,24.0858,92.1332,40,22,0,10,72,4,14,16,26,0,35,4,12,50,2,8,0,10,530
Tripura,North,2003,28.7,77.1833,40,15,0,72,70,8,27,27,108,0,30,5,10,99,3,38,0,75,719
Tripura,South,2003,28.5333,77.2,38,20,0,74,36,6,12,43,106,0,81,10,26,143,3,54,0,73,897
Tripura,West,2003,28.65,77.1,136,30,0,72,114,18,16,81,312,0,128,6,35,242,12,27,0,89,1368
Uttar Pradesh,Agra,2003,27.1767,78.0081,126,116,34,54,198,23,60,203,1448,0,140,122,12,360,55,59,0,183,3438
Uttar Pradesh,Aligarh,2003,27.8974,78.088,156,167,42,48,184,17,83,93,908,0,105,77,71,236,33,27,0,108,2325
Uttar Pradesh,Allahabad,2003,25.4358,81.8463,119,97,39,42,114,13,44,160,718,0,84,104,14,256,40,12,0,77,2512
Uttar Pradesh,Ambedkar Nagar,2003,26.8067,80.9062,12,22,14,14,30,1,10,24,118,0,8,13,3,30,10,6,0,16,406
Uttar Pradesh,Auraiya,2003,27.0267,81.1262,32,16,17,8,48,4,4,20,86,0,7,50,1,93,16,11,0,13,745
Uttar Pradesh,Azamgarh,2003,26.8117,80.9112,89,62,21,12,52,4,76,76,232,0,54,67,0,242,16,18,0,45,1404
Uttar Pradesh,Badaun,2003,26.9517,81.0512,182,137,34,62,146,12,47,76,350,0,28,28,20,205,28,29,0,15,1834
Uttar Pradesh,Baghpat,2003,26.9667,81.0662,81,33,4,24,34,9,31,15,170,0,13,20,3,21,10,9,0,23,690
Uttar Pradesh,Bahraich,2003,26.9717,81.0712,41,21,24,10,24,14,12,38,94,0,12,23,7,118,7,8,0,17,1144
Uttar Pradesh,Ballia,2003,26.6167,80.7162,32,36,32,4,10,5,7,38,162,0,40,10,4,65,8,8,0,8,652
Uttar Pradesh,Balrampur,2003,26.6017,80.7012,15,4,7,6,14,1,2,18,48,0,6,11,0,19,3,1,0,6,255
Uttar Pradesh,Banda,2003,26.8967,80.9962,49,23,12,20,20,0,9,24,98,0,21,52,4,64,13,15,0,10,746
Uttar Pradesh,Barabanki,2003,26.9967,81.0962,55,33,15,24,52,11,32,67,228,0,15,23,2,119,16,11,0,27,1033
Uttar Pradesh,Bareilly,2003,28.367,79.4304,194,122,40,64,140,16,44,107,666,0,48,91,2,310,37,27,0,84,2545
Uttar Pradesh,Basti,2003,27.0667,81.1662,38,40,17,10,22,13,14,35,152,0,34,31,4,102,14,9,0,15,1233
Uttar Pradesh,Bijnor,2003,26.6417,80.7412,81,35,17,40,66,6,28,50,300,0,29,47,4,60,24,23,0,50,1869
Uttar Pradesh,Bulandshahar,2003,26.9167,81.0162,144,98,29,26,72,13,37,51,648,0,33,52,1,134,25,26,0,105,1870
Uttar Pradesh,Chandoli,2003,26.8267,80.9262,30,16,5,6,10,0,7,17,104,0,3,18,2,56,11,5,0,3,390
Uttar Pradesh,Chitrakoot Dham,2003,26.8017,80.9012,30,7,7,20,26,1,3,14,30,0,6,1,2,55,6,7,0,7,299
Uttar Pradesh,Deoria,2003,26.9517,81.0512,34,43,26,6,28,3,14,42,134,0,63,19,5,106,21,7,0,14,844
Uttar Pradesh,Etah,2003,26.7317,80.8312,137,141,26,36,110,7,42,52,262,0,33,36,0,220,38,19,0,37,1555
Uttar Pradesh,Etawah,2003,26.7267,80.8262,44,44,9,4,60,4,17,43,184,0,15,46,6,54,16,12,0,18,808
Uttar Pradesh,Faizabad,2003,26.9717,81.0712,31,26,15,20,22,3,6,35,118,0,10,0,5,151,4,6,0,2,704
Uttar Pradesh,Fatehgarh,2003,26.8217,80.9212,72,42,18,14,34,5,11,35,132,0,4,22,0,44,18,9,0,19,851
Uttar Pradesh,Fatehpur,2003,26.9917,81.0912,73,31,35,6,40,1,14,33,124,0,13,26,0,109,24,4,0,15,913
Uttar Pradesh,Firozabad,2003,26.9417,81.0412,95,89,25,24,126,6,48,36,372,0,44,37,8,253,30,33,0,51,1715
Uttar Pradesh,G.R.P.,2003,26.7567,80.8562,19,12,4,6,6,16,48,1,4974,0,8,40,0,5,0,6,0,0,5135
Uttar Pradesh,Gautambudh Nagar,2003,26.7517,80.8512,66,44,9,20,54,9,22,38,850,0,28,47,1,11,14,13,0,23,1190
Uttar Pradesh,Ghaziabad,2003,28.6692,77.4538,176,110,40,30,146,5,52,122,1862,0,27,108,3,66,17,18,0,97,2707
Uttar Pradesh,Ghazipur,2003,27.0167,81.1162,48,37,18,4,16,0,12,52,124,0,23,16,4,95,11,3,0,24,659
Uttar Pradesh,Gonda,2003,27.0567,81.1562,21,22,21,10,20,4,11,49,108,0,27,15,0,50,16,3,0,4,912
Uttar Pradesh,Gorakhpur,2003,26.8417,80.9412,82,64,39,26,74,2,42,136,430,0,78,71,0,169,18,22,0,36,1690
Uttar Pradesh,Hamirpur,2003,26.6617,80.7612,36,13,26,20,14,1,3,11,82,0,7,9,0,30,12,15,0,2,365
Uttar Pradesh,Hardoi,2003,26.8567,80.9562,101,72,27,48,76,3,34,40,258,0,21,49,15,269,18,30,0,37,1446
Uttar Pradesh,Hathras,2003,26.7517,80.8512,52,76,9,42,76,22,55,39,282,0,75,55,0,89,10,19,0,74,1387
Uttar Pradesh,J.P.Nagar,2003,26.6467,80.7462,62,28,11,12,40,11,22,44,172,0,22,30,0,44,13,4,0,24,1066
Uttar Pradesh,Jalaun,2003,26.7467,80.8462,68,23,13,12,46,4,11,9,150,0,10,21,0,4,22,11,0,15,734
Uttar Pradesh,Jaunpur,2003,26.5967,80.6962,33,32,31,8,32,3,21,57,200,0,19,47,5,65,22,6,0,29,1108
Uttar Pradesh,Jhansi,2003,26.7467,80.8462,54,23,14,8,40,6,21,61,246,0,35,25,0,84,8,4,0,5,1516
Uttar Pradesh,Kannauj,2003,26.7917,80.8912,64,38,16,8,58,2,11,33,96,0,12,19,0,2,16,14,0,29,870
Uttar Pradesh,Kanpur Dehat,2003,27.0617,81.1612,37,22,27,12,52,9,16,21,214,0,20,9,5,135,22,15,0,19,1218
Uttar Pradesh,Kanpur Nagar,2003,26.4499,80.3319,187,107,38,48,168,13,67,167,1660,0,61,117,7,328,43,40,0,94,3231
Uttar Pradesh,Kaushambi,2003,26.9367,81.0362,56,19,11,34,16,0,11,30,90,0,11,15,4,87,16,7,0,5,503
Uttar Pradesh,Khiri,2003,27.0867,81.1862,99,89,31,56,96,43,32,55,346,0,36,50,1,257,35,30,0,60,2108
Uttar Pradesh,Kushi Nagar,2003,26.6667,80.7662,37,17,18,10,36,6,6,32,140,0,38,33,6,106,12,11,0,14,731
Uttar Pradesh,Lalitpur,2003,27.0217,81.1212,12,5,8,10,10,0,2,10,46,0,11,8,0,61,5,4,0,3,344
Uttar Pradesh,Lucknow,2003,26.8467,80.9462,176,100,34,76,236,13,114,420,3506,0,108,300,8,78,29,63,0,216,6806
Uttar Pradesh,Maharajganj,2003,26.9817,81.0812,28,16,24,8,26,3,11,27,60,0,30,19,4,52,4,7,0,2,679
Uttar Pradesh,Mahoba,2003,26.7517,80.8512,32,19,10,4,14,0,10,15,76,0,10,14,3,25,9,13,0,3,386
Uttar Pradesh,Mainpuri,2003,26.7667,80.8662,108,85,31,14,60,10,31,26,192,0,28,29,1,162,31,10,0,13,1073
Uttar Pradesh,Mathura,2003,26.7617,80.8612,94,103,19,32,72,4,46,61,586,0,56,50,6,66,18,21,0,65,1520
Uttar Pradesh,Mau,2003,27.0717,81.1712,38,55,13,10,22,4,29,69,130,0,31,16,4,54,9,10,0,10,745
Uttar Pradesh,Meerut,2003,28.9845,77.7064,193,139,21,80,170,22,87,158,1330,0,91,89,5,32,31,31,0,199,2705
Uttar Pradesh,Mirzapur,2003,26.6967,80.7962,31,27,11,12,22,4,13,45,136,0,8,16,0,44,12,6,0,8,544
Uttar Pradesh,Moradabad,2003,27.0267,81.1262,156,86,34,86,126,28,51,92,626,0,39,83,2,40,24,25,0,112,2037
Uttar Pradesh,Muzaffarnagar,2003,26.9667,81.0662,186,107,46,64,148,9,98,59,692,0,66,28,0,12,29,23,0,73,2485
Uttar Pradesh,Pilibhit,2003,26.6317,80.7312,63,62,14,42,72,8,18,28,264,0,22,34,0,8,13,9,0,0,1181
Uttar Pradesh,Pratapgarh,2003,26.9317,81.0312,44,39,19,18,44,1,13,45,158,0,34,56,0,193,24,7,0,38,1001
Uttar Pradesh,Raibareilly,2003,28.367,79.4304,69,48,28,40,54,6,19,64,306,0,25,16,14,237,16,36,0,38,1445
Uttar Pradesh,Rampur,2003,26.9317,81.0312,63,49,17,26,48,12,15,40,252,0,20,38,1,46,12,12,0,5,1149
Uttar Pradesh,Saharanpur,2003,26.9567,81.0562,82,99,36,34,126,3,37,50,460,0,58,129,0,39,10,17,0,77,1623
Uttar Pradesh,Sant Kabirnagar,2003,27.0467,81.1462,19,12,4,0,10,0,6,12,46,0,19,12,2,72,10,5,0,10,378
Uttar Pradesh,Shahjahanpur,2003,27.0667,81.1662,162,118,36,34,130,4,39,50,324,0,12,19,0,126,28,17,0,11,1446
Uttar Pradesh,Shrawasti,2003,26.7067,80.8062,15,6,12,6,8,1,3,16,36,0,3,6,0,52,4,2,0,5,237
Uttar Pradesh,Sidharthnagar,2003,26.8717,80.9712,10,14,9,4,14,2,3,17,58,0,10,12,0,50,8,4,0,11,634
Uttar Pradesh,Sitapur,2003,26.7667,80.8662,129,64,46,94,116,1,32,69,574,0,42,23,10,258,50,53,0,37,1905
Uttar Pradesh,Sonbhadra,2003,27.0867,81.1862,19,14,13,10,12,6,3,19,78,0,7,8,3,46,11,7,0,6,334
Uttar Pradesh,St.Ravidasnagar,2003,26.7517,80.8512,18,9,6,4,4,1,7,31,84,0,6,7,0,47,5,2,0,9,285
Uttar Pradesh,Sultanpur,2003,26.6517,80.7512,62,56,21,36,44,2,33,76,302,0,15,36,1,196,19,10,0,38,1249
Uttar Pradesh,Unnao,2003,27.0117,81.1112,111,64,19,46,44,12,41,39,248,0,33,24,0,255,42,28,0,45,1887
Uttar Pradesh,Varanasi,2003,25.3176,82.9739,74,48,27,14,36,6,28,79,762,0,41,37,2,131,21,4,0,33,1681
Uttarakhand,Almora,2003,30.2868,79.2393,15,5,2,2,2,1,9,23,94,0,6,15,1,53,9,6,0,5,254
Uttarakhand,Bageshwar,2003,30.0068,78.9593,11,4,0,8,0,0,8,0,34,0,1,0,1,0,2,3,0,0,102
Uttarakhand,Chamoli,2003,30.1168,79.0693,9,9,0,8,6,0,1,36,28,0,33,1,2,33,3,8,0,1,201
Uttarakhand,Champawat,2003,30.0868,79.0393,7,6,2,2,6,2,2,9,28,0,3,3,0,13,2,5,0,4,123
Uttarakhand,Dehradun,2003,30.0068,78.9593,31,43,5,32,60,5,29,114,622,0,58,151,4,73,11,13,0,85,1673
Uttarakhand,Haridwar,2003,29.9968,78.9493,75,45,9,62,96,4,37,82,776,0,85,93,8,206,7,21,0,79,1776
Uttarakhand,Nainital,2003,30.2268,79.1793,31,30,1,18,32,3,18,80,380,0,34,18,2,35,12,15,0,30,875
Uttarakhand,Pauri Garhwal,2003,30.0418,78.9943,15,15,0,14,28,1,13,55,122,0,26,6,3,80,13,9,0,17,451
Uttarakhand,Pithoragarh,2003,29.9918,78.9443,5,9,3,6,4,1,5,25,52,0,14,6,2,10,6,7,0,1,305
Uttarakhand,Rudra Prayag,2003,30.2318,79.1843,8,4,0,4,6,0,2,16,18,0,18,8,1,9,7,2,0,4,143
Uttarakhand,Tehri Garhwal,2003,29.8518,78.8043,9,23,1,12,8,0,0,32,62,0,30,10,2,50,6,10,0,10,317
Uttarakhand,Udhamsingh Nagar,2003,29.8868,78.8393,46,41,6,28,80,12,33,60,464,0,58,58,0,118,15,29,0,75,1426
Uttarakhand,Uttarkashi,2003,29.9568,78.9093,6,2,2,18,14,0,3,25,56,0,26,10,7,7,0,8,0,6,277
West Bengal,24 Parganas North,2003,28.7,77.1833,193,30,50,184,238,29,73,29,3976,0,243,99,0,0,24,105,0,672,7351
West Bengal,24 Parganas South,2003,28.5333,77.2,125,5,60,178,162,8,30,7,2068,0,250,65,7,0,47,105,0,822,6556
West Bengal,Asansol,2003,23.0618,87.93,28,5,5,16,22,75,9,8,150,0,37,20,0,100,4,19,0,128,1327
West Bengal,Bankura,2003,23.1418,88.01,41,13,11,86,22,26,9,11,480,0,51,19,5,260,20,31,0,106,1341
West Bengal,Birbhum,2003,22.9968,87.865,51,13,25,96,70,35,16,10,460,0,174,12,17,59,13,51,0,164,1845
West Bengal,Burdwan,2003,23.2324,87.8615,98,9,25,122,66,105,25,17,740,0,169,48,10,99,26,51,0,301,3209
West Bengal,Coochbehar,2003,23.0968,87.965,24,8,17,106,80,7,5,9,270,0,35,13,0,103,11,60,0,176,1191
West Bengal,Dakshin Dinajpur,2003,23.1118,87.98,22,12,12,62,64,38,5,3,168,0,18,4,2,51,8,40,0,104,870
West Bengal,Darjeeling,2003,22.8568,87.725,54,0,16,48,52,61,13,6,930,0,15,16,4,165,3,20,0,58,1720
West Bengal,Hooghly,2003,22.7518,87.62,88,3,31,78,68,97,29,25,1188,0,318,43,6,212,14,25,0,383,3031
West Bengal,Howrah,2003,22.5958,88.2636,25,6,15,18,22,35,10,2,214,0,47,29,0,99,12,7,0,59,1113
West Bengal,Howrah City,2003,22.5958,88.2636,18,5,12,12,24,94,21,2,550,0,29,63,1,101,5,11,0,65,1417
West Bengal,Howrah G.R.P.,2003,22.5958,88.2636,11,3,0,0,6,43,8,0,584,0,13,3,0,17,0,5,0,1,688
West Bengal,Jalpaiguri,2003,23.0118,87.88,108,32,56,120,58,29,22,7,948,0,59,6,2,197,4,75,0,164,2301
West Bengal,Kharagpur G.R.P.,2003,22.7668,87.635,2,1,0,0,0,8,6,0,216,0,3,2,0,6,0,0,0,0,244
West Bengal,Kolkata,2003,22.5726,88.3639,52,123,13,72,216,93,173,144,7368,0,200,990,0,1225,16,185,0,222,10714
West Bengal,Malda,2003,23.2168,88.085,48,49,20,114,48,21,18,10,494,0,46,12,0,72,4,67,0,99,1747
West Bengal,Murshidabad,2003,23.1218,87.99,116,16,42,212,182,67,20,5,782,0,180,13,0,418,17,131,0,408,3467
West Bengal,Nadia,2003,22.7418,87.61,93,0,7,216,118,57,14,16,1316,0,193,0,12,635,23,96,0,299,3520
West Bengal,Paschim Midnapur,2003,22.8668,87.735,77,58,27,100,90,81,36,21,716,0,245,35,11,68,18,31,0,338,2956
West Bengal,Purab Midnapur,2003,22.7768,87.645,43,0,12,66,104,36,15,5,286,0,188,0,4,1,37,11,0,233,1966
West Bengal,Purulia,2003,23.0368,87.905,46,0,10,50,32,25,21,1,294,0,36,27,0,0,8,34,0,82,1089
West Bengal,Sealdah G.R.P.,2003,23.1718,88.04,22,3,3,0,6,14,11,0,414,0,2,6,0,14,1,2,0,0,492
West Bengal,Siliguri G.R.P.,2003,26.7271,88.3953,6,0,0,0,4,1,3,0,178,0,7,1,0,0,0,1,0,0,200
West Bengal,Uttar Dinajpur,2003,22.8868,87.755,34,6,15,48,50,15,6,4,436,0,38,8,6,270,14,23,0,64,1327
Andaman & Nicobar Islands,Andaman,2003,11.6001,92.5186,16,4,1,4,4,1,7,56,116,0,19,13,7,107,0,9,0,7,611
Andaman & Nicobar Islands,Nicobar,2003,11.9651,92.8836,5,0,0,0,0,1,0,0,4,0,0,0,1,3,0,0,0,0,33
Chandigarh,Chandigarh,2003,30.7333,76.7794,21,15,2,36,64,4,12,204,2476,0,46,209,4,71,1,11,0,93,3162
Dadra & Nagar Haveli,D And N Haveli,2003,20.0959,72.9319,11,5,0,2,14,4,6,41,122,0,17,13,4,22,0,4,0,2,338
Daman & Diu,Daman,2003,20.1933,72.6047,6,3,0,8,2,4,1,37,88,0,29,8,1,14,0,3,0,0,240
Daman & Diu,Diu,2003,20.6133,73.0247,0,0,0,2,0,0,0,4,4,0,2,0,0,0,1,0,0,0,29
Delhi,Central,2003,28.65,77.2167,29,20,6,40,126,6,14,102,2374,0,0,141,4,135,4,29,0,49,2998
Delhi,East,2003,28.6333,77.2833,44,38,6,74,316,19,39,179,3514,0,9,121,3,231,15,73,0,190,4587
Delhi,G.R.P.(Rly),2003,20.5937,78.9629,8,4,2,0,12,2,14,0,2030,0,2,20,4,10,3,4,0,0,2106
Delhi,I.G.I. Airport,2003,20.5937,78.9629,2,2,0,0,4,0,4,0,148,0,3,491,0,7,0,5,0,0,668
Delhi,New Delhi,2003,28.6139,77.209,7,5,1,16,48,3,16,58,1726,0,4,232,3,38,1,20,0,13,2177
Delhi,North,2003,28.7,77.1833,32,23,12,68,126,11,35,81,1846,0,7,147,9,155,4,16,0,55,3391
Delhi,North East,2003,28.7,77.2667,54,64,5,106,364,25,56,130,1592,0,4,92,0,222,20,41,0,128,3125
Delhi,North West,2003,28.75,77.1167,106,101,12,256,602,24,93,390,4382,0,7,162,10,305,27,102,0,290,8782
Delhi,S.T.F.,2003,20.5937,78.9629,0,2,0,0,0,5,0,0,0,0,0,43,0,0,0,0,0,0,68
Delhi,South,2003,28.5333,77.2,86,52,10,166,268,16,57,375,6614,0,19,334,8,220,24,89,0,199,8440
Delhi,South West,2003,28.5833,77.05,45,45,5,114,236,7,60,368,2792,0,21,157,12,148,22,52,0,119,5179
Delhi,West,2003,28.65,77.1,72,51,6,140,210,17,53,215,4070,0,4,139,7,237,10,58,0,168,7077
Lakshadweep,Lakshadweep,2003,10.6667,72.7417,0,0,0,4,0,0,0,6,16,0,4,0,2,1,0,1,0,1,33
Puducherry,Pondicherry,2003,11.7766,79.6433,29,32,0,4,36,2,11,126,1134,0,159,32,18,1053,1,56,0,4,4517
Andhra Pradesh,Adilabad,2004,15.9979,79.825,113,83,11,100,96,4,9,177,512,0,88,152,30,1266,14,135,0,296,5011
Andhra Pradesh,Anantapur,2004,14.6819,77.6006,152,79,5,40,102,8,35,208,884,0,143,119,51,1142,11,196,0,147,4296
Andhra Pradesh,Chittoor,2004,13.2172,79.1003,105,52,1,56,138,8,17,337,2110,0,82,267,30,1065,22,116,0,234,6960
Andhra Pradesh,Cuddapah,2004,14.4673,78.8242,96,58,0,28,78,3,5,111,550,0,74,120,37,1153,7,118,0,120,4107
Andhra Pradesh,Cyberabad,2004,15.7929,79.62,145,74,8,80,138,12,43,941,3394,0,32,647,21,2922,43,106,0,517,9911
Andhra Pradesh,East Godavari,2004,16.9891,82.2475,96,101,1,62,94,3,17,392,2212,0,105,251,23,3023,13,112,0,293,7741
Andhra Pradesh,Guntakal Rly.,2004,15.6979,79.525,8,1,0,0,0,1,1,0,354,0,0,2,0,7,0,1,0,0,374
Andhra Pradesh,Guntur,2004,16.3067,80.4365,163,96,0,92,176,5,36,349,2958,0,133,405,58,1714,32,186,0,397,8544
Andhra Pradesh,Hyderabad City,2004,17.385,78.4867,121,135,1,112,272,13,71,1359,11470,0,141,2160,37,4837,29,144,0,1142,20728
Andhra Pradesh,Karimnagar,2004,15.7029,79.53,123,93,9,170,248,7,25,236,1080,0,184,444,64,2902,61,370,0,717,8048
Andhra Pradesh,Khammam,2004,15.9129,79.74,108,52,4,86,140,6,23,242,964,0,122,166,45,1136,18,176,0,400,5928
Andhra Pradesh,Krishna,2004,16.1809,81.1303,60,57,1,66,56,4,13,197,1464,0,53,162,31,2070,13,182,0,362,5377
Andhra Pradesh,Kurnool,2004,15.8281,78.0373,112,96,3,58,92,5,15,179,656,0,125,221,48,1271,6,242,0,230,5372
Andhra Pradesh,Mahaboobnagar,2004,15.6679,79.495,183,87,23,112,126,15,36,290,958,0,171,109,40,902,21,164,0,251,4545
Andhra Pradesh,Medak,2004,16.1279,79.955,127,36,10,104,98,10,19,257,1010,0,53,139,55,1888,41,86,0,229,4789
Andhra Pradesh,Nalgonda,2004,16.0579,79.885,118,59,5,92,144,4,26,205,802,0,115,156,69,1368,34,200,0,272,6009
Andhra Pradesh,Nellore,2004,14.4426,79.9865,94,248,13,214,144,49,40,421,1746,0,263,307,62,1919,11,173,0,142,7047
Andhra Pradesh,Nizamabad,2004,15.6979,79.525,96,54,27,48,112,14,29,349,720,0,81,174,40,1856,17,74,0,339,4804
Andhra Pradesh,Prakasham,2004,15.5057,80.0499,103,93,4,38,88,8,22,158,596,0,45,116,27,1473,6,130,0,146,3881
Andhra Pradesh,Ranga Reddy,2004,15.9379,79.765,73,39,6,50,52,0,11,170,410,0,42,41,60,883,17,49,0,136,2240
Andhra Pradesh,Secunderabad Rly.,2004,15.7279,79.555,8,4,0,0,0,0,0,1,734,0,2,2,0,10,2,1,0,2,761
Andhra Pradesh,Srikakulam,2004,15.9979,79.825,26,30,14,30,30,2,3,108,392,0,26,79,5,699,14,58,0,165,2821
Andhra Pradesh,Vijayawada,2004,15.7729,79.6,46,43,1,38,152,4,29,555,4544,0,12,531,17,2218,10,132,0,678,8189
Andhra Pradesh,Vijayawada Rly.,2004,16.0229,79.85,1,1,0,0,0,0,1,0,576,0,7,3,0,10,0,6,0,1,599
Andhra Pradesh,Visakha Rural,2004,16.0429,79.87,50,18,1,36,24,2,6,79,368,0,62,64,17,1124,3,54,0,94,2903
Andhra Pradesh,Visakhapatnam,2004,17.6868,83.2185,27,27,3,24,54,1,12,333,1466,0,3,280,8,374,1,24,0,243,3182
Andhra Pradesh,Vizianagaram,2004,18.1067,83.3956,42,17,2,28,16,4,8,106,392,0,15,62,0,403,6,53,0,155,2464
Andhra Pradesh,Warangal,2004,16.0379,79.865,111,67,7,106,250,9,31,352,1340,0,304,400,0,1902,43,228,0,162,7717
Andhra Pradesh,West Godavari,2004,16.7107,81.0952,72,108,3,162,132,0,13,345,2494,0,57,349,40,1798,17,301,0,518,7370
Arunachal Pradesh,Changlang,2004,28.178,94.6878,8,3,1,18,14,7,1,17,54,0,6,0,1,22,0,1,0,1,162
Arunachal Pradesh,Dibang Valley,2004,27.973,94.4828,1,10,0,6,6,1,3,9,30,0,12,3,1,30,0,0,0,0,112
Arunachal Pradesh,K/Kumey,2004,28.318,94.8278,5,0,0,0,2,2,0,4,4,0,1,1,0,11,0,0,0,0,39
Arunachal Pradesh,Kameng East,2004,28.6333,77.2833,4,1,0,0,4,0,0,18,22,0,4,2,0,34,0,4,0,0,100
Arunachal Pradesh,Kameng West,2004,28.65,77.1,3,0,0,4,8,1,4,5,48,0,1,2,0,23,0,1,0,0,104
Arunachal Pradesh,Lohit,2004,28.248,94.7578,10,2,0,10,14,5,4,13,46,0,1,3,1,37,0,8,0,0,180
Arunachal Pradesh,Papum Pare,2004,28.193,94.7028,7,4,0,8,16,6,7,51,264,0,1,9,1,66,0,8,0,0,440
Arunachal Pradesh,Siang East,2004,28.6333,77.2833,1,2,0,22,28,4,5,20,82,0,14,7,4,66,0,11,0,1,292
Arunachal Pradesh,Siang Upper,2004,28.393,94.9028,1,4,0,2,0,0,0,9,20,0,0,0,1,5,0,2,0,0,51
Arunachal Pradesh,Siang West,2004,28.65,77.1,3,8,0,12,20,5,6,25,88,0,21,5,8,54,0,8,0,0,329
Arunachal Pradesh,Subansiri Lower,2004,28.008,94.5178,8,2,0,0,2,0,5,12,14,0,1,2,0,13,0,1,0,0,95
Arunachal Pradesh,Subansiri Upper,2004,28.273,94.7828,10,6,0,0,8,0,8,10,36,0,1,0,2,36,0,3,0,1,138
Arunachal Pradesh,Tawang,2004,28.023,94.5328,0,2,0,0,0,0,0,6,22,0,2,0,0,16,0,13,0,1,75
Arunachal Pradesh,Tirap,2004,28.038,94.5478,3,1,0,2,8,1,2,14,42,0,0,0,0,14,0,1,0,0,122
Arunachal Pradesh,Upper Dibang Valley,2004,28.313,94.8228,3,0,0,0,0,0,0,2,4,0,0,0,0,2,0,0,0,0,17
Assam,Barpeta,2004,26.1156,92.8526,48,6,1,100,148,23,28,84,476,0,241,42,12,185,8,25,0,102,1543
Assam,Bongaigaon,2004,26.1806,92.9176,36,2,0,82,104,15,10,48,272,0,91,17,3,229,3,12,0,23,1142
Assam,C.I.D.,2004,26.2506,92.9876,0,0,0,0,0,0,0,0,0,0,0,5,0,0,0,0,0,0,22
Assam,Cachar,2004,26.0356,92.7726,46,30,3,92,224,21,15,249,822,0,388,66,42,196,4,114,0,256,3518
Assam,Darrang,2004,26.1256,92.8626,69,16,1,110,118,37,31,126,524,0,93,21,29,364,7,55,0,38,1653
Assam,Dhemaji,2004,26.1956,92.9326,17,17,0,106,106,2,5,29,250,0,24,24,8,211,0,33,0,74,838
Assam,Dhubri,2004,26.3056,93.0426,53,15,1,158,150,23,11,68,272,0,546,43,23,324,9,110,0,183,2160
Assam,Dibrugarh,2004,26.2906,93.0276,125,19,3,116,176,9,14,107,700,0,62,24,22,478,4,50,0,63,2074
Assam,G.R.P.,2004,26.1106,92.8476,17,0,0,4,6,10,10,8,332,0,7,4,0,3,0,2,0,7,401
Assam,Goalpara,2004,26.2456,92.9826,35,0,0,100,106,17,9,67,200,0,21,30,12,133,3,8,0,119,1053
Assam,Golaghat,2004,26.0206,92.7576,71,11,9,124,182,15,34,91,620,0,4,27,23,323,0,31,0,79,1525
Assam,Guwahati City,2004,26.3806,93.1176,21,39,15,176,590,23,78,534,1734,0,504,158,13,576,3,45,0,55,5074
Assam,Hailakandi,2004,26.0156,92.7526,25,18,1,36,64,5,2,62,94,0,108,9,23,85,2,4,0,23,798
Assam,Jorhat,2004,26.3456,93.0826,38,8,0,64,68,2,12,62,300,0,53,13,12,118,0,32,0,35,953
Assam,Kamrup,2004,26.4406,93.1776,15,13,6,118,386,22,54,170,596,0,417,72,8,321,3,26,0,67,2559
Assam,Karbi Anglong,2004,26.2156,92.9526,57,5,0,28,40,15,20,19,204,0,40,1,8,38,0,8,0,8,593
Assam,Karimganj,2004,26.1356,92.8726,40,29,0,64,72,5,3,57,202,0,201,19,12,44,8,4,0,67,1097
Assam,Kokrajhar,2004,26.2256,92.9626,63,21,3,66,62,7,13,56,208,0,52,21,15,127,2,41,0,45,859
Assam,Lakhimpur,2004,26.0006,92.7376,31,20,2,112,194,10,13,2,582,0,81,40,17,348,1,46,0,112,1478
Assam,Morigaon,2004,26.1006,92.8376,19,0,0,72,86,4,6,28,162,0,74,22,4,92,2,12,0,23,792
Assam,N.C.Hills,2004,26.2206,92.9576,7,9,1,2,18,2,6,23,84,0,3,5,2,42,0,3,0,21,229
Assam,Nagaon,2004,26.1956,92.9326,79,44,1,182,278,64,32,237,866,0,346,54,31,595,6,69,0,203,3477
Assam,Nalbari,2004,25.9856,92.7226,37,24,2,58,122,8,19,81,258,0,10,20,15,290,3,48,0,23,1133
Assam,R.P.O.,2004,26.3806,93.1176,6,0,0,10,0,7,1,2,42,0,20,0,0,2,0,2,0,7,110
Assam,Sibsagar,2004,26.2106,92.9476,55,12,1,98,162,5,9,67,476,0,62,44,18,149,0,12,0,92,1514
Assam,Sonitpur,2004,26.0556,92.7926,87,30,2,174,216,23,33,181,784,0,156,54,8,462,5,60,0,167,2639
Assam,Tinsukia,2004,26.1906,92.9276,117,22,11,90,134,17,37,86,672,0,11,30,19,176,1,31,0,53,1523
Bihar,Araria,2004,25.1911,85.4081,66,59,12,68,168,37,60,42,372,0,325,66,28,161,11,13,0,27,2035
Bihar,Arwal,2004,25.0961,85.3131,36,8,0,4,18,9,23,6,108,0,31,6,0,40,16,0,0,10,487
Bihar,Aurangabad,2004,19.8762,75.3433,77,0,0,36,62,41,46,80,428,0,235,23,0,0,40,0,0,33,2418
Bihar,Bagaha,2004,25.1661,85.3831,49,92,3,46,176,7,15,24,132,0,153,32,10,301,5,12,0,7,1037
Bihar,Banka,2004,24.9861,85.2031,71,12,4,88,80,46,26,65,198,0,175,19,11,9,25,5,0,15,1378
Bihar,Begusarai,2004,24.8611,85.0781,107,103,6,46,246,20,83,71,646,0,204,56,12,173,15,5,0,55,3110
Bihar,Bettiah,2004,25.1611,85.3781,108,62,9,256,452,26,52,55,602,0,682,287,18,2642,29,9,0,161,5242
Bihar,Bhabhua,2004,25.2011,85.4181,59,14,3,39,94,16,26,85,292,0,165,55,35,201,28,8,0,24,1432
Bihar,Bhagalpur,2004,25.2425,86.9842,133,88,6,126,190,39,54,140,786,0,239,106,20,50,12,13,0,226,3362
Bihar,Bhojpur,2004,25.2511,85.4681,108,211,3,18,60,43,57,100,570,0,232,20,48,90,34,42,0,68,3795
Bihar,Buxar,2004,25.1611,85.3781,70,65,2,26,102,43,36,88,470,0,223,60,20,401,21,13,0,37,2304
Bihar,Darbhanga,2004,26.1542,85.8918,55,20,11,118,120,29,53,33,276,0,420,75,16,2,33,0,0,70,3083
Bihar,Gaya,2004,24.7914,85.0002,163,178,15,38,140,111,168,127,922,0,391,27,36,540,36,42,0,58,3536
Bihar,Gopalganj,2004,24.8761,85.0931,77,132,8,78,156,25,67,69,326,0,185,75,8,5,38,5,0,132,2724
Bihar,Jamalpur Rly.,2004,25.2211,85.4381,10,6,0,0,2,27,4,3,342,0,5,4,0,3,3,1,0,0,406
Bihar,Jamui,2004,25.0011,85.2181,79,74,0,62,142,31,26,39,154,0,152,47,13,313,11,29,0,45,1388
Bihar,Jehanabad,2004,25.0061,85.2231,68,50,2,12,76,35,34,50,260,0,98,35,12,290,6,19,0,25,1430
Bihar,Katihar,2004,24.8661,85.0831,71,22,7,158,142,28,27,55,318,0,171,38,19,175,19,9,0,34,1899
Bihar,Katihar Rly.,2004,25.1661,85.3831,10,0,0,4,10,11,20,5,448,0,7,14,0,0,0,1,0,1,529
Bihar,Khagaria,2004,25.3311,85.5481,50,88,5,36,86,32,36,16,234,0,199,10,17,160,9,10,0,27,1554
Bihar,Kishanganj,2004,25.3061,85.5231,26,12,8,64,160,12,12,32,244,0,110,36,2,43,4,25,0,36,1052
Bihar,Lakhisarai,2004,25.0211,85.2381,63,87,4,26,100,12,38,35,124,0,90,15,3,31,10,4,0,9,914
Bihar,Madhepura,2004,25.2561,85.4731,58,23,4,22,46,19,41,35,116,0,143,18,4,4,7,4,0,8,1175
Bihar,Madhubani,2004,25.1111,85.3281,60,91,0,122,138,57,43,67,448,0,338,27,2,612,34,121,0,111,2721
Bihar,Motihari,2004,24.8911,85.1081,120,69,8,58,258,26,79,127,756,0,365,135,26,532,45,15,0,93,4331
Bihar,Munger,2004,25.1211,85.3381,64,30,1,22,86,9,29,44,326,0,230,30,9,120,20,12,0,40,1672
Bihar,Muzaffarpur,2004,26.1209,85.3647,180,17,18,332,600,55,146,202,1558,0,819,286,46,318,72,11,0,206,6810
Bihar,Muzaffarpur Rly.,2004,26.1209,85.3647,20,3,1,4,20,8,18,6,790,0,18,34,0,73,0,1,0,1,994
Bihar,Nalanda,2004,24.8611,85.0781,220,139,15,86,288,34,65,72,776,0,191,78,32,605,68,43,0,110,3403
Bihar,Naugachia,2004,25.0361,85.2531,50,37,1,14,54,13,36,15,132,0,118,6,2,6,8,1,0,11,1059
Bihar,Nawadah,2004,24.9511,85.1681,78,101,7,74,134,30,40,38,158,0,245,33,13,145,16,5,0,23,1772
Bihar,Patna,2004,25.5941,85.1376,542,188,46,92,540,158,751,584,3136,0,562,319,52,385,44,28,0,147,10632
Bihar,Patna Rly.,2004,25.5941,85.1376,21,14,4,4,10,45,30,1,1488,0,13,23,0,0,1,13,0,1,1649
Bihar,Purnea,2004,25.7771,87.4753,128,41,6,124,152,76,144,82,484,0,202,8,13,9,11,3,0,19,2275
Bihar,Rohtas,2004,24.9529,84.015,130,215,10,24,88,19,53,107,530,0,204,28,0,72,35,38,0,36,2854
Bihar,Saharsa,2004,25.0861,85.3031,48,100,3,42,94,13,45,35,244,0,221,29,6,416,11,39,0,13,1554
Bihar,Samastipur,2004,25.1461,85.3631,118,145,21,56,246,32,58,102,584,0,274,47,57,284,44,9,0,40,3159
Bihar,Saran,2004,25.1211,85.3381,160,44,6,34,318,49,112,133,516,0,330,126,31,849,38,12,0,258,4851
Bihar,Sheikhpura,2004,25.0111,85.2281,44,40,0,6,40,7,8,11,106,0,92,31,9,0,6,14,0,16,794
Bihar,Sheohar,2004,25.1761,85.3931,9,31,1,26,16,7,13,11,38,0,44,8,6,49,5,9,0,6,389
Bihar,Sitamarhi,2004,24.9911,85.2081,80,26,2,140,224,17,34,82,460,0,206,47,19,129,21,9,0,100,2734
Bihar,Siwan,2004,25.2711,85.4881,125,57,9,14,208,56,146,77,330,0,223,42,21,487,33,6,0,74,2294
Bihar,Supaul,2004,25.3161,85.5331,38,49,1,50,50,44,60,40,228,0,249,31,6,144,7,20,0,18,1843
Bihar,Vaishali,2004,25.0111,85.2281,99,152,8,84,434,10,72,84,770,0,214,272,25,362,98,26,0,248,5032
Chhattisgarh,Balrampur,2004,21.0337,81.6211,33,20,8,54,12,15,17,27,56,0,20,8,7,25,0,32,0,14,489
Chhattisgarh,Bilaspur,2004,21.4137,82.0011,83,53,3,122,42,2,36,585,1408,0,164,47,34,288,9,179,0,102,5327
Chhattisgarh,Bizapur,2004,21.2287,81.8161,24,59,0,6,2,11,3,10,18,0,9,2,14,23,1,10,0,1,260
Chhattisgarh,Dantewara,2004,21.4187,82.0061,70,51,0,22,16,4,0,45,140,0,13,5,5,72,1,8,0,1,702
Chhattisgarh,Dhamtari,2004,21.0837,81.6711,18,8,0,74,10,0,3,113,152,0,13,9,4,103,0,64,0,16,1270
Chhattisgarh,Durg,2004,21.1937,81.7811,55,58,0,248,82,2,50,576,1626,0,53,73,31,563,10,253,0,114,6518
Chhattisgarh,Grp Raipur,2004,21.2987,81.8861,2,5,2,4,4,0,5,8,446,0,3,4,0,14,0,2,0,1,495
Chhattisgarh,Jagdalpur,2004,21.1087,81.6961,63,33,0,164,40,11,16,196,356,0,44,18,7,138,0,69,0,16,2197
Chhattisgarh,Janjgir,2004,21.3987,81.9861,55,39,1,60,16,5,26,213,536,0,74,27,14,282,7,104,0,75,2398
Chhattisgarh,Jashpur,2004,21.2137,81.8011,46,14,0,112,8,6,19,72,140,0,17,14,5,97,1,60,0,10,835
Chhattisgarh,Kabirdham,2004,21.2287,81.8161,13,13,1,44,14,0,1,74,230,0,18,7,6,350,5,70,0,19,1114
Chhattisgarh,Kanker,2004,21.1187,81.7061,48,45,0,44,24,23,14,57,138,0,32,5,7,56,0,43,0,10,966
Chhattisgarh,Korba,2004,21.1687,81.7561,46,15,4,68,12,0,13,194,616,0,35,15,7,342,5,49,0,32,2210
Chhattisgarh,Koriya,2004,21.2637,81.8511,33,18,0,100,8,3,16,159,274,0,20,20,11,191,2,109,0,36,1486
Chhattisgarh,Mahasamund,2004,21.3287,81.9161,22,11,1,70,6,2,10,121,328,0,21,20,8,236,6,54,0,26,1489
Chhattisgarh,Narayanpur,2004,21.4237,82.0111,21,26,0,2,2,12,0,9,36,0,2,3,6,22,0,2,0,0,165
Chhattisgarh,Raigarh,2004,21.4987,82.0861,55,25,0,90,34,2,36,203,642,0,49,25,9,240,7,78,0,30,2035
Chhattisgarh,Raipur,2004,21.2737,81.8611,84,59,4,286,62,6,42,559,1854,0,77,71,24,492,10,253,0,134,6970
Chhattisgarh,Rajnandgaon,2004,21.2087,81.7961,45,20,0,122,8,2,12,192,420,0,15,24,14,115,5,74,0,40,2380
Chhattisgarh,Sarguja,2004,21.1087,81.6961,111,47,1,246,26,8,44,307,612,0,111,27,29,250,2,148,0,64,2765
Goa,North Goa,2004,28.7,77.1833,23,3,3,26,6,4,11,147,596,0,18,36,5,98,2,16,0,6,1227
Goa,South Goa,2004,28.5333,77.2,17,3,2,48,20,1,7,114,410,0,15,25,2,72,0,7,0,11,900
Gujarat,Ahmedabad Commr.,2004,23.0225,72.5714,92,62,5,80,430,37,271,931,11422,0,162,333,10,1594,10,63,0,768,17553
Gujarat,Ahmedabad Rural,2004,23.05,72.45,26,7,0,24,64,9,28,96,504,0,36,13,11,341,1,22,0,65,2813
Gujarat,Ahwa-Dang,2004,22.0737,71.0074,4,0,0,4,0,0,1,3,10,0,4,2,1,27,0,3,0,3,124
Gujarat,Amreli,2004,22.4037,71.3374,28,14,1,10,52,4,11,118,316,0,38,29,18,362,1,26,0,116,2240
Gujarat,Anand,2004,22.0237,70.9574,21,12,2,24,82,13,16,148,722,0,23,20,16,413,0,24,0,116,3216
Gujarat,Bharuch,2004,22.1287,71.0624,38,7,1,28,42,4,14,144,740,0,42,17,29,384,0,27,0,65,2747
Gujarat,Bhavnagar,2004,22.3387,71.2724,53,21,0,44,142,20,87,319,1436,0,141,112,32,113,0,41,0,137,5341
Gujarat,Dahod,2004,22.4787,71.4124,44,10,1,18,56,38,56,115,288,0,45,1,21,357,0,26,0,20,1759
Gujarat,Gandhinagar,2004,22.4987,71.4324,25,14,0,16,30,3,31,134,832,0,32,50,7,282,2,16,0,90,2756
Gujarat,Himatnagar,2004,22.4037,71.3374,35,20,0,20,94,15,25,200,388,0,56,57,19,383,0,61,0,204,4053
Gujarat,Jamnagar,2004,22.3237,71.2574,42,13,3,16,64,4,24,176,744,0,41,30,14,447,0,26,0,171,3794
Gujarat,Junagadh,2004,22.2037,71.1374,40,31,0,18,114,12,44,259,952,0,88,63,26,525,13,49,0,368,4764
Gujarat,Kheda North,2004,28.7,77.1833,53,9,3,16,48,9,23,124,788,0,45,58,10,374,0,27,0,139,3643
Gujarat,Kutch,2004,22.0337,70.9674,28,20,0,26,74,11,31,294,720,0,48,64,11,407,1,26,0,217,3638
Gujarat,Mehsana,2004,22.2087,71.1424,40,26,1,8,108,16,47,231,1242,0,99,103,9,1058,2,25,0,185,4549
Gujarat,Narmada,2004,22.4387,71.3724,15,3,0,12,16,0,6,20,58,0,10,6,6,108,0,2,0,10,590
Gujarat,Navsari,2004,22.3987,71.3324,26,2,0,10,14,5,8,77,294,0,9,14,3,113,1,5,0,19,1199
Gujarat,Palanpur,2004,22.4437,71.3774,38,21,0,42,74,12,26,199,656,0,78,46,16,1082,0,33,0,133,3544
Gujarat,Panchmahal,2004,22.4837,71.4174,51,13,0,14,56,32,22,156,736,0,34,10,33,323,0,33,0,70,2306
Gujarat,Patan,2004,22.4187,71.3524,19,16,0,12,58,0,9,79,466,0,44,43,3,350,0,19,0,103,2186
Gujarat,Porbandar,2004,22.1137,71.0474,11,9,0,2,14,0,7,45,148,0,13,25,6,137,0,5,0,41,1008
Gujarat,Rajkot Commr.,2004,22.3039,70.8022,37,16,0,18,78,8,24,332,2432,0,72,69,8,341,4,10,0,184,4339
Gujarat,Rajkot Rural,2004,22.2637,71.1974,36,22,0,34,82,11,24,256,652,0,66,15,15,526,3,47,0,265,4178
Gujarat,Surat Commr.,2004,21.1702,72.8311,74,8,5,48,144,32,61,317,3086,0,62,140,9,467,17,21,0,102,4448
Gujarat,Surat Rural,2004,21.2,73.0,47,12,0,28,26,24,24,78,308,0,18,26,3,248,3,11,0,33,2614
Gujarat,Surendranagar,2004,22.3837,71.3174,28,22,0,26,54,8,13,143,532,0,46,16,11,446,0,35,0,63,2850
Gujarat,Vadodara Commr.,2004,22.3072,73.1812,28,33,0,12,88,14,40,488,2828,0,164,268,16,305,0,10,0,140,5551
Gujarat,Vadodara Rural,2004,22.2937,71.2274,85,9,5,44,112,12,20,101,592,0,38,18,13,496,0,43,0,84,3142
Gujarat,Valsad,2004,22.1587,71.0924,36,13,0,18,44,16,34,229,692,0,35,45,10,230,0,12,0,40,2565
Gujarat,W.Rly,2004,22.1487,71.0824,13,4,0,6,6,6,109,16,2518,0,10,33,2,23,0,9,0,4,2746
Haryana,Ambala,2004,29.0238,76.0506,28,10,5,20,44,4,7,208,486,0,1,73,6,242,11,25,0,227,2225
Haryana,Bhiwani,2004,29.1988,76.2256,51,26,1,56,38,10,14,209,602,0,116,75,19,241,28,19,0,68,2181
Haryana,Faridabad,2004,28.4089,77.3178,67,31,6,84,132,22,23,227,1630,0,156,30,4,346,28,45,0,157,5585
Haryana,Fatehabad,2004,28.9838,76.0106,29,12,0,18,34,4,2,76,222,0,18,80,2,172,6,17,0,38,1104
Haryana,Grp,2004,29.0888,76.1156,27,4,0,4,6,0,3,2,360,0,3,1,0,15,7,3,0,0,931
Haryana,Gurgaon,2004,28.4595,77.0266,66,40,6,72,110,38,33,283,2090,0,67,42,7,226,21,21,0,115,4077
Haryana,Hissar,2004,28.8288,75.8556,49,52,1,32,86,15,20,186,860,0,33,130,2,277,12,18,0,127,2464
Haryana,Jhajjar,2004,29.2238,76.2506,42,27,0,22,22,6,13,87,320,0,50,40,3,137,14,17,0,104,1336
Haryana,Jind,2004,29.2588,76.2856,28,16,17,14,18,4,3,60,294,0,49,38,2,111,14,2,0,31,1008
Haryana,Kaithal,2004,28.8838,75.9106,25,16,2,36,26,6,9,84,400,0,0,15,8,166,9,13,0,136,1226
Haryana,Karnal,2004,29.1488,76.1756,40,28,3,62,30,9,19,159,772,0,34,104,4,660,15,23,0,242,2352
Haryana,Kurukshetra,2004,28.8488,75.8756,26,12,4,42,22,8,13,208,822,0,0,160,5,190,15,28,0,120,2050
Haryana,Mahendragarh,2004,28.8238,75.8506,16,10,0,40,26,2,4,66,222,0,52,11,5,175,8,18,0,36,1233
Haryana,Panchkula,2004,29.0938,76.1206,7,4,1,12,12,0,2,82,414,0,1,70,0,20,4,53,0,57,1169
Haryana,Panipat,2004,28.9338,75.9606,37,22,6,76,38,18,13,131,866,0,27,19,1,142,4,14,0,152,1817
Haryana,Rewari,2004,29.0388,76.0656,17,14,0,32,48,11,10,89,446,0,35,16,4,142,8,24,0,48,1558
Haryana,Rohtak,2004,29.0188,76.0456,65,39,2,58,38,16,14,206,734,0,35,66,5,137,15,14,0,45,1867
Haryana,Sirsa,2004,28.8138,75.8406,25,29,2,34,32,3,11,159,492,0,14,40,6,319,9,17,0,102,1531
Haryana,Sonipat,2004,29.0988,76.1256,67,34,4,26,50,15,20,159,754,0,8,45,5,315,16,22,0,88,2051
Haryana,Yamunanagar,2004,29.0288,76.0556,21,15,5,32,34,6,11,105,330,0,0,34,7,161,7,10,0,133,1331
Himachal Pradesh,Bilaspur,2004,31.2398,77.3084,9,11,0,20,16,0,4,41,110,0,47,13,16,66,0,28,0,28,1103
Himachal Pradesh,Chamba,2004,31.1798,77.2484,8,5,1,28,44,0,0,134,54,0,10,9,2,55,1,22,0,11,627
Himachal Pradesh,G.R.P.,2004,31.0148,77.0834,0,0,0,0,0,0,0,0,4,0,0,0,0,0,0,0,0,0,8
Himachal Pradesh,Hamirpur,2004,30.9198,76.9884,9,8,1,10,20,0,0,37,84,0,34,9,3,239,0,24,0,23,936
Himachal Pradesh,Kangra,2004,30.9748,77.0434,18,15,3,30,30,0,1,97,162,0,111,24,26,200,2,34,0,57,2057
Himachal Pradesh,Kinnaur,2004,31.0098,77.0784,3,1,0,16,6,0,0,38,20,0,5,2,1,14,0,4,0,4,190
Himachal Pradesh,Kullu,2004,31.1698,77.2384,9,4,0,26,26,0,7,50,80,0,40,9,6,56,1,11,0,10,790
Himachal Pradesh,Lahaul-Spiti,2004,31.1348,77.2034,2,0,0,0,0,0,0,1,2,0,2,1,0,3,0,0,0,1,52
Himachal Pradesh,Mandi,2004,31.2998,77.3684,19,7,1,30,14,0,2,97,126,0,45,30,29,194,1,56,0,29,1735
Himachal Pradesh,Shimla,2004,30.9848,77.0534,10,10,2,68,32,1,5,139,308,0,114,42,10,84,1,43,0,24,1992
Himachal Pradesh,Sirmaur,2004,31.2398,77.3084,9,3,1,18,26,0,3,36,54,0,58,12,7,46,1,23,0,15,692
Himachal Pradesh,Solan,2004,30.9498,77.0184,4,7,3,40,18,0,2,49,178,0,64,12,6,362,0,27,0,28,1344
Himachal Pradesh,Una,2004,31.3348,77.4034,10,6,0,20,14,0,1,47,104,0,32,11,6,102,1,12,0,22,800
Jammu & Kashmir,Anantnag,2004,33.7032,76.5012,70,109,1,34,120,7,30,151,184,0,55,20,39,24,0,88,0,0,1473
Jammu & Kashmir,Awantipora,2004,33.9232,76.7212,18,3,0,16,24,0,1,32,74,0,10,12,0,1,0,23,0,0,384
Jammu & Kashmir,Baramulla,2004,34.0082,76.8062,86,83,2,30,174,0,6,139,394,0,116,17,32,18,1,167,0,0,1815
Jammu & Kashmir,Border,2004,33.9582,76.7562,7,12,0,8,22,0,0,14,38,0,13,8,1,15,0,10,0,2,713
Jammu & Kashmir,Budgam,2004,33.7632,76.5612,60,38,3,12,122,0,7,61,294,0,92,5,8,3,0,87,0,0,989
Jammu & Kashmir,Crime Jammu,2004,33.6682,76.4662,0,0,0,0,0,0,0,0,0,0,0,52,0,0,0,0,0,0,52
Jammu & Kashmir,Crime Srinagar,2004,33.6932,76.4912,0,0,0,0,0,0,0,0,0,0,0,99,0,0,0,0,0,0,108
Jammu & Kashmir,Doda,2004,22.3072,73.1812,83,83,0,8,40,9,3,33,56,0,19,5,28,35,0,13,0,1,751
Jammu & Kashmir,Ganderbal,2004,33.7582,76.5562,15,7,2,24,68,0,1,56,126,0,56,14,12,4,0,80,0,0,608
Jammu & Kashmir,Handwara,2004,33.9382,76.7362,25,38,0,14,68,0,3,30,64,0,52,4,4,9,0,43,0,0,434
Jammu & Kashmir,Jammu,2004,33.7132,76.5112,28,61,8,38,108,0,6,267,766,0,89,71,13,37,5,24,0,38,3626
Jammu & Kashmir,Kargil,2004,33.9032,76.7012,1,2,0,2,2,0,0,6,2,0,7,1,2,0,0,1,0,0,97
Jammu & Kashmir,Kathua,2004,33.7082,76.5062,17,30,0,20,48,0,2,65,60,0,25,4,10,8,0,11,0,6,967
Jammu & Kashmir,Kulgam,2004,34.0182,76.8162,48,4,2,22,84,0,5,45,52,0,64,4,9,3,0,23,0,0,577
Jammu & Kashmir,Kupwara,2004,33.7082,76.5062,31,84,1,40,92,0,0,44,124,0,75,6,9,9,0,61,0,0,732
Jammu & Kashmir,Leh,2004,33.5582,76.3562,2,0,0,6,8,0,0,15,8,0,5,2,0,1,0,3,0,1,153
Jammu & Kashmir,Poonch,2004,33.8532,76.6512,80,121,0,22,36,0,0,9,82,0,13,5,20,32,0,7,0,2,586
Jammu & Kashmir,Pulwama,2004,33.6182,76.4162,54,97,0,0,94,7,17,51,208,0,152,3,17,61,1,35,0,1,903
Jammu & Kashmir,Railways,2004,33.9382,76.7362,1,0,0,2,0,0,0,0,18,0,0,0,0,0,0,0,0,0,21
Jammu & Kashmir,Rajouri,2004,33.9932,76.7912,54,96,3,44,68,0,0,47,192,0,57,13,47,33,2,23,0,7,1197
Jammu & Kashmir,Ramban,2004,33.6332,76.4312,48,57,1,14,24,0,0,27,72,0,25,4,18,8,0,8,0,0,598
Jammu & Kashmir,Reasi,2004,33.5782,76.3762,34,37,3,10,22,1,0,16,24,0,0,0,9,2,0,5,0,4,293
Jammu & Kashmir,Srinagar,2004,33.9132,76.7112,45,130,2,48,230,3,48,223,860,0,153,56,33,24,0,261,0,16,2837
Jammu & Kashmir,Udhampur,2004,34.0182,76.8162,9,20,1,22,16,1,0,89,180,0,38,9,9,7,0,17,0,4,1282
Jharkhand,Bokaro,2004,23.7552,85.4249,58,108,2,96,80,45,64,132,890,0,180,24,10,432,29,32,0,16,2194
Jharkhand,Chaibasa,2004,23.6402,85.3099,134,42,38,74,38,7,14,34,196,0,34,2,9,17,0,17,0,8,730
Jharkhand,Chatra,2004,23.8152,85.4849,31,4,0,36,8,31,19,19,166,0,123,3,3,2,15,0,0,4,840
Jharkhand,Deoghar,2004,23.6502,85.3199,36,34,4,74,10,15,25,53,196,0,145,0,7,18,16,7,0,17,1283
Jharkhand,Dhanbad,2004,23.4652,85.1349,88,42,13,76,144,83,64,149,986,0,237,61,9,135,36,53,0,19,3201
Jharkhand,Dhanbad Rly.,2004,23.4652,85.1349,5,0,0,4,4,21,32,8,480,0,11,4,0,1,0,2,0,0,570
Jharkhand,Dumka,2004,23.8202,85.4899,67,149,4,100,30,8,13,54,176,0,99,10,7,57,8,31,0,37,1008
Jharkhand,Garhwa,2004,23.4552,85.1249,39,17,3,64,18,19,20,29,136,0,107,10,9,225,14,2,0,19,869
Jharkhand,Giridih,2004,23.4852,85.1549,72,27,4,78,46,51,42,91,256,0,108,27,22,73,52,48,0,36,1955
Jharkhand,Godda,2004,23.5752,85.2449,31,36,0,172,42,9,10,46,256,0,125,17,0,314,4,0,0,56,2203
Jharkhand,Gumla,2004,23.5002,85.1699,108,32,8,62,18,25,41,37,116,0,32,6,0,2,1,4,0,14,689
Jharkhand,Hazaribagh,2004,23.5352,85.2049,86,59,11,142,66,69,66,103,1074,0,198,73,14,102,31,27,0,90,2621
Jharkhand,Jamshedpur,2004,23.8202,85.4899,81,180,9,152,100,9,29,156,1078,0,114,64,19,93,12,40,0,72,2755
Jharkhand,Jamshedpur Rly.,2004,23.3802,85.0499,2,0,0,2,2,5,6,6,228,0,3,1,0,0,0,5,0,0,255
Jharkhand,Jamtara,2004,23.6302,85.2999,18,33,2,50,26,4,6,30,138,0,39,5,2,116,3,14,0,18,534
Jharkhand,Koderma,2004,23.8052,85.4749,30,25,0,12,26,39,24,13,100,0,103,15,4,187,7,8,0,37,785
Jharkhand,Latehar,2004,23.6402,85.3099,43,14,2,24,16,31,13,12,66,0,20,4,5,39,3,4,0,3,456
Jharkhand,Lohardagga,2004,23.8352,85.5049,44,9,1,28,4,3,22,16,58,0,23,4,3,8,0,4,0,12,432
Jharkhand,Pakur,2004,23.4152,85.0849,37,7,4,74,12,6,13,16,64,0,44,11,3,6,2,3,0,5,584
Jharkhand,Palamu,2004,23.5902,85.2599,69,48,3,28,32,31,40,111,198,0,167,4,27,327,24,11,0,18,1549
Jharkhand,Ranchi,2004,23.4002,85.0699,270,161,0,110,134,94,181,222,1458,0,263,51,7,2,9,73,0,62,4306
Jharkhand,Sahebganj,2004,23.5702,85.2399,45,58,2,52,44,5,17,21,196,0,65,19,4,28,5,22,0,19,730
Jharkhand,Saraikela,2004,23.5452,85.2149,51,36,2,52,32,15,7,45,230,0,31,16,0,109,3,4,0,25,824
Jharkhand,Simdega,2004,23.4902,85.1599,43,22,3,32,4,10,12,16,6,0,10,10,3,1,1,0,0,1,282
Karnataka,Bagalkot,2004,15.1423,75.5389,38,39,1,6,48,19,11,89,268,0,189,23,15,336,2,40,0,54,2038
Karnataka,Bangalore Commr.,2004,12.9716,77.5946,214,285,2,64,350,110,455,1874,16482,0,323,1534,3,3542,44,151,0,227,28526
Karnataka,Bangalore Rural,2004,13.0827,77.5877,152,88,2,58,84,17,42,539,2076,0,477,142,17,1128,31,104,0,94,8084
Karnataka,Belgaum,2004,15.8497,74.4977,106,81,2,10,52,15,30,188,582,0,255,144,19,773,6,56,0,109,4657
Karnataka,Bellary,2004,15.3773,75.7739,42,31,1,10,34,4,13,118,590,0,219,43,8,518,5,38,0,44,3850
Karnataka,Bidar,2004,15.5473,75.9439,40,94,1,16,50,10,20,155,492,0,187,37,14,1112,8,27,0,47,4045
Karnataka,Bijapur,2004,15.1273,75.5239,66,49,4,16,42,7,16,123,242,0,242,29,19,621,2,96,0,73,3109
Karnataka,Chamarajnagar,2004,15.3773,75.7739,23,16,3,14,18,2,6,99,302,0,106,22,0,520,4,42,0,19,1627
Karnataka,Chickmagalur,2004,15.3073,75.7039,29,37,3,14,26,5,14,141,474,0,161,29,9,864,5,55,0,59,2823
Karnataka,Chitradurga,2004,15.2373,75.6339,32,32,4,32,14,6,10,119,504,0,315,23,6,911,6,63,0,39,3672
Karnataka,Dakshin Kannada,2004,15.2273,75.6239,24,25,2,24,26,8,50,218,518,0,277,66,24,565,1,25,0,26,4133
Karnataka,Davanagere,2004,15.4473,75.8439,38,14,4,16,20,7,19,143,546,0,266,60,4,525,11,61,0,59,2950
Karnataka,Dharwad Commr.,2004,15.4589,75.0078,17,17,0,2,20,0,8,101,502,0,67,143,3,201,3,8,0,10,1698
Karnataka,Dharwad Rural,2004,15.4589,75.0078,26,15,2,6,6,4,0,26,160,0,102,8,1,124,2,13,0,4,918
Karnataka,Gadag,2004,15.2073,75.6039,16,17,2,2,10,4,4,54,130,0,101,19,2,178,2,21,0,16,947
Karnataka,Gulbarga,2004,17.3297,76.8343,102,133,4,45,80,16,27,203,502,0,513,60,45,1221,7,122,0,98,4684
Karnataka,Hassan,2004,15.2273,75.6239,61,57,0,32,38,4,49,241,826,0,186,38,14,1252,9,49,0,72,4298
Karnataka,Haveri,2004,15.5423,75.9389,25,11,0,18,14,1,4,66,230,0,252,17,0,284,2,28,0,25,1970
Karnataka,K.G.F.,2004,15.4423,75.8389,16,11,1,4,16,0,7,58,188,0,67,16,0,251,7,9,0,13,833
Karnataka,Kodagu,2004,15.1573,75.5539,21,22,0,16,6,1,9,140,222,0,52,15,5,473,2,18,0,11,1459
Karnataka,Kolar,2004,15.4823,75.8789,59,41,0,32,56,3,23,149,730,0,412,35,0,592,28,32,0,43,3129
Karnataka,Koppal,2004,15.4823,75.8789,25,9,1,16,8,3,4,66,108,0,85,20,2,160,6,16,0,47,1103
Karnataka,Mandya,2004,15.1123,75.5089,58,50,0,30,16,3,17,169,604,0,270,20,0,825,19,46,0,43,3380
Karnataka,Mysore Commr.,2004,12.2958,76.6394,29,24,1,8,14,1,63,136,970,0,31,43,0,319,4,6,0,49,2159
Karnataka,Mysore Rural,2004,15.1723,75.5689,44,19,2,22,22,3,12,156,466,0,191,20,0,843,14,79,0,53,2600
Karnataka,Raichur,2004,15.4623,75.8589,43,34,11,12,22,4,13,91,220,0,194,51,6,523,5,57,0,67,2333
Karnataka,Railways,2004,15.4773,75.8739,20,2,0,0,8,1,6,5,1286,0,11,2,0,25,0,3,0,0,1366
Karnataka,Shimoga,2004,15.2973,75.6939,48,40,1,22,44,7,31,148,660,0,246,45,4,939,5,60,0,107,3749
Karnataka,Tumkur,2004,15.4373,75.8339,65,56,1,30,16,8,31,285,954,0,210,25,18,954,16,61,0,33,4251
Karnataka,Udupi,2004,15.4773,75.8739,16,22,2,0,16,10,11,111,206,0,136,21,4,265,0,21,0,22,2240
Karnataka,Uttar Kannada,2004,15.2673,75.6639,24,16,0,4,8,3,19,82,146,0,94,9,6,388,3,28,0,25,2296
Kerala,Alapuzha,2004,10.8705,76.2911,18,15,2,24,22,5,31,191,346,0,312,163,16,1170,0,132,0,213,7082
Kerala,Cbcid,2004,10.8355,76.2561,22,4,3,0,0,4,1,14,38,0,3,75,6,1,0,0,0,3,226
Kerala,Ernakulam Commr.,2004,10.7805,76.2011,13,21,11,14,36,8,56,307,972,0,189,377,4,555,1,64,0,79,6756
Kerala,Ernakulam Rural,2004,10.6405,76.0611,31,24,17,42,20,4,28,232,664,0,305,131,14,152,5,136,0,110,8777
Kerala,Idukki,2004,10.9005,76.3211,34,13,5,30,20,2,20,153,390,0,220,76,9,1183,0,101,0,111,4229
Kerala,Kannur,2004,10.6755,76.0961,23,21,12,66,8,4,14,205,350,0,519,96,20,909,0,92,0,193,4621
Kerala,Kasargod,2004,10.7755,76.1961,14,19,11,58,8,3,14,187,330,0,308,69,37,1090,1,73,0,92,2669
Kerala,Kollam,2004,10.9005,76.3211,46,26,148,110,40,7,58,365,660,0,575,198,50,2138,3,287,0,337,9448
Kerala,Kottayam,2004,11.0855,76.5061,18,7,6,56,26,5,36,345,638,0,272,368,14,1595,1,159,0,139,7919
Kerala,Kozhikode Commr.,2004,11.2588,75.7804,8,20,24,26,30,11,26,307,722,0,394,221,19,539,3,65,0,147,4164
Kerala,Kozhikode Rural,2004,11.2588,75.7804,9,22,46,60,20,6,15,216,402,0,408,164,53,675,5,96,0,241,4238
Kerala,Malappuram,2004,10.7305,76.1511,23,25,31,114,20,6,29,361,682,0,584,293,23,891,0,133,0,516,6777
Kerala,Palakkad,2004,10.8855,76.3061,34,45,43,72,26,7,33,276,584,0,463,231,32,1109,1,102,0,233,5668
Kerala,Pathanamthitta,2004,10.7905,76.2111,18,16,12,36,38,3,28,166,322,0,188,144,16,1681,1,139,0,138,4409
Kerala,Railways,2004,11.0105,76.4311,3,0,0,0,2,5,4,3,240,0,14,1,0,18,0,3,0,0,290
Kerala,Thrissur,2004,10.5276,76.2144,41,52,56,82,44,24,66,387,1094,0,685,472,2,2801,2,175,0,244,10143
Kerala,Trivandrum Commr.,2004,11.0655,76.4861,15,27,8,36,42,16,94,349,974,0,290,315,12,1029,0,172,0,95,5577
Kerala,Trivandrum Rural,2004,10.9805,76.4011,36,27,32,84,56,17,70,398,734,0,475,261,35,1896,5,273,0,268,8742
Kerala,Wayanadu,2004,11.0555,76.4761,11,7,6,50,6,7,16,118,338,0,257,100,12,1178,3,58,0,63,2395
Madhya Pradesh,Anuppur,2004,23.1484,78.8319,24,4,0,56,8,1,10,106,262,0,8,0,4,177,4,74,0,35,1458
Madhya Pradesh,Ashok Nagar,2004,22.8084,78.4919,22,28,5,70,6,2,11,109,304,0,25,4,15,860,4,89,0,14,1954
Madhya Pradesh,Balaghat,2004,22.9584,78.6419,74,22,2,172,20,2,20,166,408,0,40,10,12,501,13,175,0,69,3053
Madhya Pradesh,Barwani,2004,22.9784,78.6619,29,31,3,60,2,2,4,101,418,0,28,5,10,328,4,83,0,22,2255
Madhya Pradesh,Betul,2004,23.1484,78.8319,59,43,2,220,34,5,9,149,358,0,15,31,16,461,18,125,0,76,3018
Madhya Pradesh,Bhind,2004,22.8084,78.4919,57,126,3,58,66,11,43,197,546,0,104,44,11,716,35,75,0,75,3802
Madhya Pradesh,Bhopal,2004,23.2599,77.4126,71,91,0,168,86,6,106,950,4220,0,129,114,22,751,29,251,0,152,15718
Madhya Pradesh,Bhopal Rly.,2004,23.2599,77.4126,6,5,0,2,2,0,24,10,2590,0,3,11,0,19,0,9,0,1,2672
Madhya Pradesh,Burhanpur,2004,22.9334,78.6169,22,18,3,36,4,9,3,66,266,0,15,6,4,113,3,64,0,0,1523
Madhya Pradesh,Chhatarpur,2004,23.0184,78.7019,56,44,2,124,38,5,36,244,412,0,40,16,27,482,17,160,0,55,3528
Madhya Pradesh,Chhindwara,2004,23.1184,78.8019,66,28,2,264,30,4,15,195,556,0,47,30,12,1149,8,204,0,138,4126
Madhya Pradesh,Damoh,2004,22.7384,78.4219,49,58,0,108,18,3,24,151,328,0,13,9,18,1041,23,150,0,52,2645
Madhya Pradesh,Datiya,2004,23.1234,78.8069,60,54,0,50,36,4,29,107,312,0,34,13,13,415,6,71,0,32,2089
Madhya Pradesh,Dewas,2004,22.9584,78.6419,48,93,0,164,60,17,70,315,1706,0,107,47,40,459,16,193,0,216,7197
Madhya Pradesh,Dhar,2004,15.4589,75.0078,100,78,0,218,60,6,38,249,1070,0,69,12,28,688,48,154,0,112,5045
Madhya Pradesh,Dindori,2004,22.7284,78.4119,14,13,1,68,6,0,4,46,76,0,6,9,2,100,1,61,0,11,826
Madhya Pradesh,Guna,2004,22.9584,78.6419,45,32,8,156,12,11,21,238,542,0,68,9,17,968,10,161,0,42,3421
Madhya Pradesh,Gwalior,2004,26.2183,78.1828,86,145,13,116,104,14,109,882,2700,0,140,82,19,961,31,180,0,147,8428
Madhya Pradesh,Harda,2004,23.0384,78.7219,15,17,0,62,6,0,15,83,190,0,18,11,2,393,5,30,0,14,1092
Madhya Pradesh,Hoshangabad,2004,23.1584,78.8419,50,63,76,102,40,9,29,264,742,0,33,47,15,515,8,132,0,71,3484
Madhya Pradesh,Indore,2004,22.7196,75.8577,107,136,6,194,94,14,121,838,5220,0,117,149,30,1270,35,269,0,294,15350
Madhya Pradesh,Indore Rly.,2004,22.7196,75.8577,3,0,2,2,0,0,5,3,298,0,0,2,0,11,0,5,0,0,324
Madhya Pradesh,Jabalpur,2004,23.1815,79.9864,84,178,0,204,78,12,79,596,2096,0,82,119,46,3487,42,227,0,115,9524
Madhya Pradesh,Jabalpur Rly.,2004,23.1815,79.9864,4,3,0,14,0,3,15,4,578,0,1,3,0,10,0,5,0,0,635
Madhya Pradesh,Jhabua,2004,23.1184,78.8019,139,87,2,44,86,3,12,89,366,0,27,3,42,574,1,73,0,12,2566
Madhya Pradesh,Katni,2004,23.1084,78.7919,33,18,2,60,8,4,14,172,372,0,29,24,8,959,19,130,0,67,2516
Madhya Pradesh,Khandwa,2004,22.8834,78.5669,36,38,0,114,28,7,26,281,580,0,39,23,9,41,12,188,0,49,3791
Madhya Pradesh,Khargon,2004,22.9484,78.6319,32,39,4,126,36,9,22,263,1510,0,76,27,16,1298,12,194,0,77,4367
Madhya Pradesh,Mandla,2004,22.7384,78.4219,22,11,0,88,8,1,10,85,130,0,16,14,5,357,6,110,0,30,1985
Madhya Pradesh,Mandsaur,2004,22.8484,78.5319,27,35,0,80,34,4,35,199,1006,0,34,18,17,360,8,128,0,68,2997
Madhya Pradesh,Morena,2004,22.8584,78.5419,66,144,3,110,30,16,42,208,750,0,168,31,15,1048,33,89,0,62,4976
Madhya Pradesh,Narsinghpur,2004,22.9434,78.6269,33,49,0,84,8,2,6,110,272,0,21,13,15,1020,18,130,0,48,2349
Madhya Pradesh,Neemuch,2004,22.8684,78.5519,18,23,1,46,12,4,15,201,638,0,50,17,9,403,4,62,0,60,2204
Madhya Pradesh,Panna,2004,22.7284,78.4119,41,37,1,68,20,5,13,110,168,0,7,4,13,68,15,65,0,28,1384
Madhya Pradesh,Raisen,2004,22.8984,78.5819,44,55,0,134,22,0,12,115,416,0,38,20,1,312,15,198,0,66,3358
Madhya Pradesh,Rajgarh,2004,23.0634,78.7469,30,45,2,196,38,14,41,281,916,0,119,11,85,415,4,193,0,126,5098
Madhya Pradesh,Ratlam,2004,23.0084,78.6919,42,35,2,142,38,6,11,148,784,0,40,37,20,307,5,109,0,60,3661
Madhya Pradesh,Rewa,2004,23.0034,78.6869,65,28,0,104,72,6,74,707,972,0,76,23,31,630,39,123,0,50,4478
Madhya Pradesh,Sagar,2004,23.2134,78.8969,69,89,0,282,60,0,40,348,898,0,87,20,28,2591,40,338,0,161,7143
Madhya Pradesh,Satna,2004,23.1784,78.8619,60,65,2,128,34,9,43,421,814,0,35,22,27,998,33,180,0,64,4877
Madhya Pradesh,Seoni,2004,22.8884,78.5719,21,24,3,148,20,0,8,126,222,0,22,13,10,405,17,117,0,23,2278
Madhya Pradesh,Shahdol,2004,22.7684,78.4519,36,18,0,94,20,3,19,230,454,0,12,8,11,266,8,135,0,72,2518
Madhya Pradesh,Shajapur,2004,23.0784,78.7619,40,53,1,148,30,7,63,277,1278,0,114,15,35,1166,15,180,0,96,3995
Madhya Pradesh,Sheopur,2004,22.7384,78.4219,12,14,0,42,10,3,4,53,180,0,27,4,4,309,3,51,0,22,1053
Madhya Pradesh,Shivpuri,2004,23.1434,78.8269,78,49,0,122,56,11,32,196,608,0,53,14,22,390,7,113,0,36,3824
Madhya Pradesh,Sidhi,2004,22.8634,78.5469,61,19,2,102,54,1,29,358,526,0,31,20,13,565,17,161,0,59,3719
Madhya Pradesh,Sihore,2004,22.9134,78.5969,31,30,1,124,10,6,11,129,768,0,18,15,17,405,6,90,0,46,3042
Madhya Pradesh,Tikamgarh,2004,23.0834,78.7669,59,42,0,86,22,6,22,189,428,0,27,18,22,897,24,133,0,37,2923
Madhya Pradesh,Ujjain,2004,23.1765,75.7885,62,136,0,130,72,12,58,617,3184,0,100,48,29,709,13,187,0,192,8685
Madhya Pradesh,Umariya,2004,23.0784,78.7619,23,14,32,60,4,2,10,115,190,0,14,18,5,193,6,63,0,24,1212
Madhya Pradesh,Vidisha,2004,23.0934,78.7769,48,56,2,200,22,0,14,211,544,0,57,24,21,724,11,203,0,58,3856
Maharashtra,Ahmednagar,2004,19.7715,75.7339,98,57,0,82,50,40,108,309,1938,0,175,114,35,618,0,73,0,277,4738
Maharashtra,Akola,2004,19.8715,75.8339,55,45,0,76,46,16,57,314,1914,0,108,88,30,843,6,94,0,147,4354
Maharashtra,Amravati Commr.,2004,19.9615,75.9239,19,20,4,34,42,1,45,242,1676,0,95,37,20,417,1,40,0,54,2740
Maharashtra,Amravati Rural,2004,19.8215,75.7839,60,28,7,112,40,15,21,305,1776,0,95,26,62,832,9,127,0,104,3660
Maharashtra,Aurangabad Commr.,2004,19.8762,75.3433,31,17,0,24,30,20,36,194,1206,0,114,106,3,324,5,21,0,132,2326
Maharashtra,Aurangabad Rural,2004,19.9115,75.8739,41,21,0,20,22,37,44,123,660,0,157,28,33,761,20,57,0,225,2777
Maharashtra,Beed,2004,19.6065,75.5689,57,42,1,48,38,46,59,294,1454,0,391,45,39,960,4,82,0,246,3936
Maharashtra,Bhandara,2004,19.8215,75.7839,22,11,6,72,32,1,12,206,984,0,77,15,49,458,1,66,0,52,2550
Maharashtra,Buldhana,2004,19.6415,75.6039,48,35,2,78,40,25,38,183,1490,0,131,57,71,778,18,106,0,195,3705
Maharashtra,Chandrapur,2004,19.8215,75.7839,59,19,5,62,36,14,24,326,1346,0,126,59,39,625,3,93,0,94,3539
Maharashtra,Dhule,2004,19.8865,75.8489,32,16,3,22,6,12,8,98,532,0,88,42,1,336,1,24,0,96,2042
Maharashtra,Gadchiroli,2004,19.7565,75.7189,47,49,1,62,16,5,11,126,304,0,26,18,49,270,3,44,0,46,1367
Maharashtra,Gondia,2004,19.5815,75.5439,27,11,1,60,42,5,23,179,634,0,47,18,20,352,2,85,0,54,1898
Maharashtra,Hingoli,2004,19.6515,75.6139,35,25,2,26,30,10,34,113,404,0,83,27,29,481,1,29,0,85,1689
Maharashtra,Jalgaon,2004,19.7315,75.6939,83,39,2,72,24,14,40,218,1304,0,169,211,20,771,6,83,0,323,4336
Maharashtra,Jalna,2004,19.7165,75.6789,53,30,0,20,20,16,39,199,676,0,151,52,36,632,24,49,0,226,2603
Maharashtra,Kolhapur,2004,19.6715,75.6339,54,54,4,30,40,7,28,215,1242,0,127,70,19,523,29,34,0,78,3132
Maharashtra,Latur,2004,19.8315,75.7939,61,31,4,44,38,12,31,224,732,0,188,50,30,1077,39,36,0,82,3382
Maharashtra,Mumbai,2004,18.922,72.8347,253,127,4,374,356,110,302,2978,23020,0,213,1427,10,3702,13,321,0,248,32872
Maharashtra,Mumbai Rly.,2004,19.6465,75.6089,7,4,2,2,4,4,29,5,3544,0,8,31,0,32,0,9,0,0,3670
Maharashtra,Nagpur Commr.,2004,21.1458,79.0882,112,56,2,82,98,54,178,1107,4894,0,199,194,22,915,9,41,0,156,8518
Maharashtra,Nagpur Rly.,2004,19.8415,75.8039,5,1,0,4,4,2,13,1,2048,0,10,4,0,26,0,5,0,0,2118
Maharashtra,Nagpur Rural,2004,19.6665,75.6289,71,27,7,96,54,12,49,321,2150,0,128,49,54,829,8,104,0,83,4884
Maharashtra,Nanded,2004,19.9715,75.9339,91,82,3,62,46,41,68,395,1238,0,235,79,72,1492,16,78,0,198,5687
Maharashtra,Nandurbar,2004,19.5415,75.5039,35,17,0,40,18,6,5,78,394,0,68,29,5,237,1,30,0,82,1247
Maharashtra,Nasik Commr.,2004,19.8865,75.8489,19,13,4,30,34,8,17,350,1616,0,80,148,6,228,4,26,0,126,2606
Maharashtra,Nasik Rural,2004,19.9065,75.8689,97,41,2,66,48,24,29,240,924,0,293,130,17,808,11,86,0,371,4344
Maharashtra,Navi Mumbai,2004,19.5315,75.4939,61,32,0,34,38,54,99,323,2172,0,97,174,4,444,2,33,0,51,3688
Maharashtra,Osmanabad,2004,19.6415,75.6039,46,15,1,52,24,10,22,168,662,0,134,58,8,617,1,35,0,105,2418
Maharashtra,Parbhani,2004,19.5665,75.5289,42,31,1,26,24,15,51,171,584,0,109,44,24,982,4,45,0,132,2444
Maharashtra,Pune Commr.,2004,18.5204,73.8567,100,76,3,126,140,37,130,843,7810,0,524,433,9,1153,0,67,0,174,11381
Maharashtra,Pune Rly.,2004,19.7565,75.7189,4,0,0,0,0,2,4,0,264,0,3,0,0,4,0,0,0,0,281
Maharashtra,Pune Rural,2004,19.6315,75.5939,132,31,7,62,52,42,70,360,1708,0,137,120,20,503,10,72,0,154,4830
Maharashtra,Raigad,2004,19.7865,75.7489,61,14,0,38,26,31,19,148,506,0,146,46,12,268,2,50,0,47,2127
Maharashtra,Ratnagiri,2004,19.9015,75.8639,16,8,1,46,12,2,12,154,392,0,76,34,23,189,1,40,0,44,1301
Maharashtra,Sangli,2004,19.5815,75.5439,69,26,0,60,28,20,21,240,1132,0,122,158,18,380,3,31,0,85,2588
Maharashtra,Satara,2004,19.8865,75.8489,59,28,1,44,40,17,36,242,1178,0,111,48,23,431,7,38,0,169,3288
Maharashtra,Sindhudurg,2004,19.7465,75.7089,10,4,2,10,10,0,11,74,210,0,45,12,11,133,0,18,0,6,791
Maharashtra,Solapur Commr.,2004,19.8765,75.8389,20,13,0,38,20,9,39,207,720,0,55,121,3,197,2,13,0,60,1737
Maharashtra,Solapur Rural,2004,19.7715,75.7339,96,43,9,82,36,21,34,166,870,0,140,23,14,565,10,55,0,124,2990
Maharashtra,Thane Commr.,2004,19.2183,72.9781,115,72,1,114,134,51,159,1089,4228,0,244,523,12,1657,7,87,0,190,8398
Maharashtra,Thane Rural,2004,19.5965,75.5589,144,44,5,120,84,49,83,494,1246,0,193,112,25,760,10,100,0,105,4250
Maharashtra,Wardha,2004,19.8415,75.8039,42,25,3,62,50,11,41,241,1238,0,65,43,63,840,5,104,0,70,3692
Maharashtra,Washim,2004,19.5515,75.5139,28,21,2,38,34,6,17,121,836,0,111,19,46,495,5,71,0,144,2233
Maharashtra,Yavatmal,2004,19.9265,75.8889,79,62,13,124,84,10,33,275,2048,0,86,45,63,1177,11,129,0,206,4917
Manipur,Bishnupur,2004,24.4637,93.7063,19,48,0,6,28,2,0,5,52,0,14,3,29,36,0,7,0,1,283
Manipur,Chandel,2004,24.8937,94.1363,6,13,0,2,2,0,0,5,8,0,0,0,0,1,0,0,0,0,64
Manipur,Churachandpur,2004,24.7837,94.0263,26,18,2,0,14,0,0,3,16,0,0,1,0,0,0,0,0,0,120
Manipur,Imphal(East),2004,28.6333,77.2833,24,30,0,14,46,0,1,7,54,0,28,85,21,47,0,2,0,0,467
Manipur,Imphal(West),2004,28.65,77.1,28,58,1,18,76,1,1,40,284,0,55,42,25,106,0,19,0,0,1053
Manipur,Senapati,2004,24.4637,93.7063,7,11,0,0,14,0,1,1,16,0,5,2,0,0,0,0,0,0,117
Manipur,Tamenglong,2004,24.4787,93.7213,1,1,0,0,10,0,0,0,14,0,0,1,0,0,0,0,0,0,37
Manipur,Thoubal,2004,24.4487,93.6913,38,46,0,22,64,0,0,3,28,0,10,7,10,43,0,2,0,1,346
Manipur,Ukhrul,2004,24.7087,93.9513,10,2,0,0,2,1,0,2,16,0,3,1,0,0,0,0,0,0,48
Meghalaya,Garo Hills East,2004,28.6333,77.2833,7,9,1,0,6,5,10,18,36,0,0,1,2,2,0,1,0,0,98
Meghalaya,Garo Hills South,2004,28.5333,77.2,5,2,0,2,4,4,1,0,18,0,0,0,0,2,0,0,0,0,38
Meghalaya,Garo Hills West,2004,28.65,77.1,17,13,2,24,20,14,3,16,62,0,2,3,0,36,1,10,0,0,212
Meghalaya,Jaintia Hills,2004,25.487,91.3862,32,3,2,22,12,15,5,20,122,0,0,2,8,38,0,5,0,0,305
Meghalaya,Khasi Hills East,2004,28.6333,77.2833,33,12,1,34,58,28,46,75,456,0,0,34,2,16,1,13,0,5,794
Meghalaya,Khasi Hills West,2004,28.65,77.1,14,1,0,18,4,6,6,12,50,0,0,2,0,12,0,3,0,0,125
Meghalaya,Ri-Bhoi,2004,25.712,91.6112,16,2,1,8,4,21,10,1,92,0,0,2,3,17,0,2,0,0,219
Mizoram,Aizawl,2004,23.3695,93.1426,10,7,1,12,12,3,2,70,700,0,1,5,6,15,0,30,0,0,843
Mizoram,Champhai,2004,23.1495,92.9226,6,4,0,6,4,1,1,50,100,0,0,2,3,10,0,5,0,0,187
Mizoram,Kolasib,2004,23.3695,93.1426,4,2,0,4,2,1,1,5,10,0,0,2,1,15,0,2,0,0,47
Mizoram,Lawngtlai,2004,23.2295,93.0026,3,1,0,2,2,1,1,20,60,0,0,3,3,5,0,5,0,0,101
Mizoram,Lunglei,2004,23.3295,93.1026,4,3,1,4,4,2,1,30,200,0,1,4,4,10,0,10,0,0,267
Mizoram,Mamit,2004,23.2195,92.9926,3,1,0,4,2,1,0,5,10,0,0,1,1,10,0,2,0,0,38
Mizoram,Saiha,2004,22.9895,92.7626,3,2,0,2,2,1,0,20,100,0,0,1,3,5,0,10,0,0,142
Mizoram,Serchhip,2004,23.3445,93.1176,2,1,0,6,2,0,0,50,40,0,0,2,1,10,0,2,0,0,114
Nagaland,Dimapur,2004,26.3284,94.7324,22,5,0,4,18,4,93,23,170,0,0,8,0,3,0,0,0,0,350
Nagaland,Kiphire,2004,26.1734,94.5774,0,1,0,0,0,2,1,0,20,0,0,0,0,1,0,0,0,0,25
Nagaland,Kohima,2004,26.0484,94.4524,12,5,0,20,18,3,14,16,72,0,0,8,1,8,0,2,0,0,202
Nagaland,Mokokchung,2004,26.2884,94.6924,6,3,0,2,2,0,1,8,18,0,0,2,2,11,0,0,0,0,62
Nagaland,Mon,2004,25.9134,94.3174,6,6,0,0,4,3,4,2,66,0,0,6,0,10,0,0,0,0,107
Nagaland,Peren,2004,26.1434,94.5474,3,1,1,4,0,0,0,1,6,0,0,1,0,0,0,0,0,0,16
Nagaland,Phek,2004,26.2334,94.6374,6,2,2,2,0,0,0,5,8,0,0,2,1,6,0,1,0,0,44
Nagaland,Tuensang,2004,26.1484,94.5524,10,3,0,2,0,0,2,5,18,0,5,0,0,1,0,0,0,0,58
Nagaland,Wokha,2004,26.2734,94.6774,4,4,1,0,4,0,0,2,82,0,1,1,1,5,0,0,0,0,104
Nagaland,Zunheboto,2004,26.1234,94.5274,1,3,1,2,0,2,2,8,50,0,0,0,0,7,0,0,0,0,75
Odisha,Angul,2004,21.1617,85.3085,51,40,0,54,20,12,19,92,444,0,94,36,13,24,13,81,0,63,1889
Odisha,Balasore,2004,20.7367,84.8835,29,21,0,88,70,7,32,138,394,0,46,21,23,191,41,129,0,28,2504
Odisha,Baragarh,2004,20.7917,84.9385,33,40,2,44,28,6,19,58,310,0,81,32,12,44,8,63,0,90,1399
Odisha,Berhampur,2004,20.7067,84.8535,18,47,3,32,26,4,43,56,328,0,36,31,3,9,6,54,0,53,1152
Odisha,Bhadrak,2004,21.0067,85.1535,23,39,0,62,34,5,13,56,190,0,39,22,14,10,8,63,0,70,1662
Odisha,Bolangir,2004,20.9017,85.0485,32,58,0,66,12,0,31,83,292,0,92,17,7,53,6,94,0,43,1667
Odisha,Boudh,2004,21.1017,85.2485,9,4,1,14,8,2,3,28,84,0,22,2,9,161,2,41,0,19,397
Odisha,Cuttack,2004,20.8467,84.9935,41,120,0,90,102,29,129,296,1458,0,77,84,17,189,50,64,0,126,3973
Odisha,Deogarh,2004,20.8517,84.9985,15,10,0,26,6,3,9,17,80,0,18,4,5,130,1,37,0,17,470
Odisha,Dhenkanal,2004,21.1317,85.2785,35,50,0,38,40,9,24,67,224,0,95,19,23,84,12,97,0,25,1469
Odisha,Gajapati,2004,20.8317,84.9785,17,6,1,10,14,1,1,25,52,0,21,7,4,10,0,23,0,8,402
Odisha,Ganjam,2004,21.0467,85.1935,62,77,3,30,36,13,37,116,364,0,95,22,24,180,21,155,0,30,1922
Odisha,Jagatsinghpur,2004,20.7617,84.9085,27,32,3,38,58,4,31,73,258,0,24,13,13,117,14,10,0,32,1347
Odisha,Jajpur,2004,21.1767,85.3235,27,25,0,30,42,10,42,102,336,0,72,11,13,272,21,25,0,64,1778
Odisha,Jharsuguda,2004,21.1817,85.3285,15,14,0,24,18,4,4,39,182,0,22,7,7,5,0,41,0,4,887
Odisha,Kalahandi,2004,20.9067,85.0535,21,19,2,44,22,5,26,58,162,0,59,58,6,56,2,33,0,20,870
Odisha,Kandhamal,2004,21.0667,85.2135,23,14,0,52,34,1,13,70,124,0,22,2,12,431,2,67,0,42,823
Odisha,Kendrapara,2004,21.0217,85.1685,31,24,0,38,16,7,19,56,152,0,18,7,11,42,29,9,0,10,994
Odisha,Keonjhar,2004,21.0417,85.1885,60,39,0,78,28,1,24,56,344,0,56,14,25,144,16,87,0,15,1933
Odisha,Khurda,2004,21.1267,85.2735,61,62,1,88,114,39,174,561,2260,0,69,188,20,1198,20,49,0,64,5337
Odisha,Koraput,2004,20.9817,85.1285,56,29,0,80,40,20,28,112,218,0,72,20,7,58,1,82,0,46,1587
Odisha,Malkangir,2004,21.0667,85.2135,43,34,2,38,4,2,4,22,84,0,7,3,8,61,1,28,0,12,507
Odisha,Mayurbhanj,2004,20.9467,85.0935,77,66,1,168,52,5,29,115,458,0,25,24,12,23,21,102,0,125,2234
Odisha,Nayagarh,2004,20.7817,84.9285,30,19,1,34,40,5,20,48,220,0,11,13,8,253,1,11,0,10,842
Odisha,Nowrangpur,2004,20.7267,84.8735,14,19,1,32,26,8,14,53,102,0,40,11,6,54,0,33,0,24,683
Odisha,Nuapada,2004,21.0017,85.1485,6,5,1,20,14,1,7,24,112,0,36,8,1,38,1,22,0,10,704
Odisha,Puri,2004,21.0967,85.2435,40,116,0,72,60,6,49,134,564,0,44,25,16,89,19,22,0,17,2527
Odisha,Rayagada,2004,20.8267,84.9735,25,20,1,38,8,5,5,35,138,0,47,17,5,50,0,59,0,36,951
Odisha,Rourkela,2004,21.1017,85.2485,14,30,1,20,18,2,19,118,424,0,10,29,3,21,1,56,0,39,1271
Odisha,Sambalpur,2004,21.1217,85.2685,43,49,0,44,32,9,38,151,466,0,37,19,5,173,0,57,0,25,1841
Odisha,Sonepur,2004,20.7717,84.9185,9,14,0,10,2,1,8,21,80,0,9,5,2,17,0,29,0,7,375
Odisha,Srp(Cuttack),2004,20.9017,85.0485,4,0,0,0,6,1,8,4,538,0,1,2,0,16,0,3,0,1,580
Odisha,Srp(Rourkela),2004,20.9967,85.1435,7,3,0,4,0,1,5,16,172,0,3,2,0,6,0,2,0,0,228
Odisha,Sundargarh,2004,20.7717,84.9185,68,52,1,34,22,10,25,92,320,0,33,30,9,729,2,83,0,17,1712
Punjab,Amritsar,2004,31.634,74.8723,48,50,4,50,62,4,6,102,362,0,0,206,4,189,7,9,0,54,1444
Punjab,Barnala,2004,31.3321,75.5262,12,18,11,26,16,6,5,40,98,0,0,60,0,59,0,5,0,18,474
Punjab,Batala,2004,31.1221,75.3162,27,33,1,16,16,1,0,36,100,0,0,64,0,110,2,5,0,14,565
Punjab,Bhatinda,2004,30.9171,75.1112,36,33,17,44,52,1,0,138,248,0,0,161,1,236,5,23,0,40,1319
Punjab,Faridkot,2004,30.9071,75.1012,19,18,0,26,30,0,2,48,94,0,0,75,0,155,1,9,0,19,611
Punjab,Fatehgarh Sahib,2004,31.0171,75.2112,26,6,4,8,20,5,1,31,92,0,0,61,0,85,4,10,0,14,557
Punjab,Ferozepur,2004,31.3121,75.5062,50,44,1,60,38,5,2,102,330,0,0,113,5,385,6,16,0,49,1482
Punjab,G.R.P,2004,31.3271,75.5212,9,2,1,0,0,0,1,0,60,0,16,20,0,11,1,6,0,0,361
Punjab,Gurdaspur,2004,30.9771,75.1712,19,15,10,32,16,0,2,56,118,0,0,28,2,101,3,6,0,18,724
Punjab,Hoshiarpur,2004,31.2071,75.4012,35,27,8,46,42,7,3,67,150,0,0,119,5,263,13,11,0,39,1175
Punjab,Jagraon,2004,27.1767,78.0081,29,28,7,40,56,0,4,91,200,0,0,68,2,142,3,11,0,14,942
Punjab,Jalandhar,2004,31.3271,75.5212,74,85,13,62,106,15,6,212,508,0,0,364,9,510,14,26,0,109,2753
Punjab,Kapurthala,2004,30.9371,75.1312,22,23,6,24,24,3,1,38,124,0,0,166,3,122,5,2,0,32,807
Punjab,Khanna,2004,31.1671,75.3612,20,17,7,16,28,0,3,46,130,0,0,24,0,21,4,5,0,10,357
Punjab,Ludhiana,2004,30.901,75.8573,53,55,12,96,140,18,8,145,738,0,0,333,2,232,5,33,0,104,2877
Punjab,Majitha,2004,31.3921,75.5862,34,23,8,28,32,1,5,30,116,0,0,58,2,142,4,6,0,13,652
Punjab,Mansa,2004,30.9521,75.1462,28,36,6,16,10,1,2,40,64,0,0,61,0,142,3,1,0,21,587
Punjab,Moga,2004,31.1921,75.3862,35,22,2,22,28,2,0,55,122,0,0,68,2,200,7,5,0,18,749
Punjab,Muktsar,2004,31.0321,75.2262,16,22,7,14,20,4,1,44,112,0,0,53,2,107,1,6,0,24,571
Punjab,Nawan Shahr,2004,30.9721,75.1662,23,20,1,28,32,3,11,39,216,0,0,60,3,257,3,7,0,14,766
Punjab,Patiala,2004,31.0121,75.2062,49,45,9,40,90,5,10,197,608,0,0,289,2,444,9,24,0,96,2814
Punjab,Ropar,2004,30.9021,75.0962,25,14,3,16,24,6,1,72,274,0,0,92,3,145,0,12,0,29,1152
Punjab,Sangrur,2004,31.1871,75.3812,44,50,9,42,32,7,7,103,222,0,0,141,5,191,3,13,0,42,1267
Punjab,Tarn Taran,2004,30.8971,75.0912,42,30,1,28,12,2,5,34,88,0,0,45,0,153,10,10,0,10,624
Rajasthan,Ajmer,2004,26.4499,74.6399,41,82,2,96,202,7,47,378,1634,0,60,347,18,611,8,78,0,371,6775
Rajasthan,Alwar,2004,26.9488,74.1429,60,98,0,86,172,3,31,203,2276,0,85,327,29,2036,30,98,0,276,7163
Rajasthan,Banswara,2004,27.1438,74.3379,26,22,1,40,108,1,9,86,184,0,142,49,28,1370,7,92,0,86,2984
Rajasthan,Baran,2004,27.0538,74.2479,35,95,4,100,126,1,11,114,566,0,25,119,18,274,3,164,0,163,3301
Rajasthan,Barmer,2004,27.2438,74.4379,15,22,3,28,42,0,7,122,388,0,28,138,33,678,9,95,0,69,2559
Rajasthan,Bharatpur,2004,27.0638,74.2579,92,134,1,88,256,17,26,99,1642,0,3,322,44,1186,16,52,0,295,7528
Rajasthan,Bhilwara,2004,27.1438,74.3379,37,43,4,88,314,3,55,292,1692,0,186,383,23,106,11,121,0,342,6297
Rajasthan,Bikaner,2004,26.9588,74.1529,52,98,0,82,62,2,8,152,1026,0,1,292,21,523,23,48,0,190,3937
Rajasthan,Bundi,2004,27.1988,74.3929,17,102,0,94,198,0,17,128,732,0,88,128,23,992,4,141,0,228,4154
Rajasthan,Chittorgarh,2004,26.8788,74.0729,51,46,1,134,368,4,40,298,1346,0,138,284,40,2313,7,165,0,501,6861
Rajasthan,Churu,2004,27.0738,74.2679,32,34,1,30,62,2,1,118,408,0,34,219,16,894,7,44,0,198,2713
Rajasthan,Dausa,2004,27.0938,74.2879,30,15,0,28,100,0,5,97,958,0,87,172,17,45,14,30,0,89,4053
Rajasthan,Dholpur,2004,27.0088,74.2029,32,50,0,62,88,4,22,88,556,0,65,92,14,1389,12,50,0,127,3043
Rajasthan,Dungarpur,2004,27.0238,74.2179,26,8,0,34,80,1,13,58,152,0,132,35,21,113,5,44,0,72,1910
Rajasthan,G.R.P.,2004,26.9338,74.1279,3,4,0,2,6,2,3,1,1108,0,8,6,0,4,1,13,0,1,1147
Rajasthan,Ganganagar,2004,27.0638,74.2579,58,106,2,100,138,2,12,233,960,0,20,532,16,1215,20,46,0,450,5512
Rajasthan,Hanumangarh,2004,27.1788,74.3729,49,96,3,76,70,9,15,104,672,0,11,319,11,519,12,91,0,291,3846
Rajasthan,Jaipur,2004,26.9124,75.7873,83,116,10,162,454,14,63,939,8064,0,821,1581,35,1707,39,240,0,536,20209
Rajasthan,Jaisalmer,2004,26.7738,73.9679,5,0,0,4,20,0,0,57,312,0,20,17,7,0,3,14,0,27,821
Rajasthan,Jalore,2004,27.0488,74.2429,30,20,0,10,54,0,8,75,248,0,11,82,17,57,8,45,0,75,2411
Rajasthan,Jhalawar,2004,26.8238,74.0179,46,98,4,80,176,6,38,179,876,0,90,78,49,1102,4,167,0,258,3838
Rajasthan,Jhunjhunu,2004,26.8438,74.0379,32,12,0,52,80,2,8,109,660,0,86,169,31,180,14,55,0,132,3917
Rajasthan,Jodhpur,2004,26.2389,73.0243,49,114,0,38,132,3,23,330,2400,0,77,570,52,2200,15,101,0,270,6883
Rajasthan,Karauli,2004,27.1438,74.3379,26,26,0,90,150,1,14,33,678,0,3,119,25,192,11,70,0,87,3373
Rajasthan,Kota,2004,25.2138,75.8648,47,300,4,84,274,3,50,325,2402,0,59,409,39,497,10,186,0,400,7221
Rajasthan,Nagaur,2004,27.1488,74.3429,54,35,0,50,80,2,7,208,800,0,20,209,28,275,16,160,0,154,4311
Rajasthan,Pali,2004,26.8388,74.0329,42,59,9,62,180,0,19,223,906,0,39,221,35,38,12,127,0,239,5329
Rajasthan,Rajsamand,2004,26.9338,74.1279,18,15,0,14,76,1,7,72,330,0,58,113,10,1256,3,29,0,131,2499
Rajasthan,Sawai Madhopur,2004,26.8038,73.9979,22,21,1,56,100,2,6,83,754,0,4,156,20,40,13,45,0,113,3217
Rajasthan,Sikar,2004,27.2388,74.4329,39,27,1,36,132,1,6,178,706,0,239,165,30,436,17,38,0,120,4029
Rajasthan,Sirohi,2004,27.2038,74.3979,44,28,1,28,66,6,18,113,376,0,40,91,17,657,6,44,0,86,2207
Rajasthan,Tonk,2004,26.9938,74.1879,27,28,4,28,134,1,9,108,636,0,127,152,16,1288,5,30,0,205,3803
Rajasthan,Udaipur,2004,24.5854,73.7125,59,76,3,114,268,4,75,308,1236,0,294,437,52,1754,14,102,0,199,7183
Sikkim,East,2004,28.6333,77.2833,4,3,2,2,2,0,4,42,116,0,22,15,3,37,0,15,0,0,332
Sikkim,North,2004,28.7,77.1833,3,0,0,0,0,0,0,2,0,0,2,1,1,4,0,1,0,0,24
Sikkim,South,2004,28.5333,77.2,4,4,1,4,8,0,0,15,22,0,15,4,0,15,0,12,0,1,137
Sikkim,West,2004,28.65,77.1,5,1,0,0,0,0,1,5,8,0,37,2,3,22,0,12,0,0,138
Tamil Nadu,Chengai,2004,11.0521,78.5819,79,56,0,66,72,2,26,342,1982,0,87,104,9,733,32,102,0,94,12560
Tamil Nadu,Chennai,2004,13.0827,80.2707,67,210,4,60,74,4,47,430,6526,0,33,359,0,667,23,55,0,154,12436
Tamil Nadu,Chennai Rly.,2004,13.0827,80.2707,1,4,0,0,2,0,5,2,444,0,7,9,0,16,1,0,0,1,645
Tamil Nadu,Coimbatore Rural,2004,11.0168,76.9558,64,43,0,46,50,8,31,256,2342,0,295,100,18,3012,7,65,0,67,9840
Tamil Nadu,Coimbatore Urban,2004,11.0168,76.9558,17,15,0,8,16,3,17,148,2128,0,194,66,4,144,4,16,0,29,3831
Tamil Nadu,Cuddalore,2004,10.9221,78.4519,55,102,4,36,82,2,17,93,948,0,223,22,45,2739,6,53,0,25,7109
Tamil Nadu,Dharmapuri,2004,11.3221,78.8519,39,16,0,44,46,4,10,62,326,0,173,38,23,821,2,57,0,23,2789
Tamil Nadu,Dindigul,2004,11.0971,78.6269,52,48,1,36,52,0,20,116,1008,0,35,56,29,463,7,30,0,38,5047
Tamil Nadu,Erode,2004,11.3071,78.8369,59,23,0,26,44,1,20,150,1332,0,24,149,25,2105,7,35,0,21,6045
Tamil Nadu,Kanchipuram,2004,10.9271,78.4569,48,52,0,34,24,3,9,109,752,0,76,5,0,570,5,65,0,6,6807
Tamil Nadu,Kanyakumari,2004,11.0221,78.5519,30,43,2,6,24,0,7,139,628,0,4,46,19,356,0,22,0,54,3113
Tamil Nadu,Karur,2004,11.1021,78.6319,19,18,1,8,12,1,6,35,424,0,26,11,6,140,3,12,0,13,2435
Tamil Nadu,Krishnagiri,2004,16.1809,81.1303,46,28,0,18,54,4,9,80,584,0,170,70,29,665,8,38,0,31,4890
Tamil Nadu,Madurai Rural,2004,9.9252,78.1198,57,45,0,58,58,19,35,131,1052,0,102,68,15,1329,7,70,0,26,4253
Tamil Nadu,Madurai Urban,2004,9.9252,78.1198,16,32,0,16,54,2,18,79,1058,0,71,143,7,143,5,34,0,38,3164
Tamil Nadu,Nagapattinam,2004,10.9171,78.4469,32,44,0,18,42,0,3,73,530,0,44,24,34,1308,5,28,0,9,3480
Tamil Nadu,Namakkal,2004,11.3721,78.9019,31,20,0,14,36,4,3,42,392,0,87,29,12,1334,8,35,0,39,3608
Tamil Nadu,Nilgiris,2004,10.8821,78.4119,14,26,0,28,6,0,6,86,300,0,26,14,0,273,2,45,0,4,1707
Tamil Nadu,Perambalur,2004,11.1921,78.7219,33,33,0,30,62,1,8,73,324,0,56,25,27,669,4,44,0,39,2505
Tamil Nadu,Pudukottai,2004,11.3371,78.8669,30,30,0,22,44,0,5,71,438,0,161,39,18,309,2,60,0,35,3323
Tamil Nadu,Ramnathapuram,2004,11.2321,78.7619,37,42,0,20,38,3,6,86,418,0,122,26,29,418,2,48,0,5,2865
Tamil Nadu,Salem Rural,2004,11.6643,78.146,73,178,1,112,204,14,28,92,490,0,160,113,53,2153,12,337,0,254,5908
Tamil Nadu,Salem Urban,2004,11.6643,78.146,22,14,0,22,12,3,3,49,516,0,12,42,2,134,9,5,0,18,2865
Tamil Nadu,Sivagangai,2004,11.3421,78.8719,29,30,0,26,42,0,7,91,616,0,31,31,5,320,7,16,0,40,2620
Tamil Nadu,Thanjavur,2004,11.0871,78.6169,48,67,1,24,58,21,10,149,950,0,111,21,19,732,5,75,0,21,3930
Tamil Nadu,Theni,2004,10.9271,78.4569,31,62,2,10,20,0,8,79,574,0,93,56,10,1107,1,64,0,27,3367
Tamil Nadu,Thirunelveli Rural,2004,10.9821,78.5119,63,92,0,60,42,2,13,94,920,0,4,34,26,752,5,88,0,57,4834
Tamil Nadu,Thirunelveli Urban,2004,11.2971,78.8269,19,40,0,6,12,1,7,27,322,0,12,26,8,52,2,13,0,13,1305
Tamil Nadu,Thiruvallur,2004,10.9921,78.5219,20,11,1,32,28,2,5,71,390,0,97,10,11,1202,14,46,0,29,3163
Tamil Nadu,Thiruvannamalai,2004,11.3571,78.8869,30,20,0,54,50,2,9,101,788,0,172,30,21,530,3,27,0,4,3842
Tamil Nadu,Thiruvarur,2004,11.3171,78.8469,24,25,0,14,20,0,2,50,430,0,55,12,24,988,2,68,0,10,2950
Tamil Nadu,Thoothugudi,2004,10.9971,78.5269,59,93,1,70,62,3,15,162,1032,0,6,74,35,422,2,16,0,62,4950
Tamil Nadu,Trichy Rly.,2004,11.1121,78.6419,0,1,0,0,0,1,3,0,132,0,3,3,0,9,0,2,0,0,210
Tamil Nadu,Trichy Rural,2004,11.3421,78.8719,58,29,0,32,60,3,5,62,314,0,71,35,9,967,5,9,0,0,3639
Tamil Nadu,Trichy Urban,2004,10.9771,78.5069,13,14,1,0,12,3,1,82,748,0,5,49,2,55,4,8,0,32,2615
Tamil Nadu,Vellore,2004,11.2471,78.7769,60,36,3,34,60,0,6,173,1150,0,244,66,31,2087,6,46,0,11,6760
Tamil Nadu,Villupuram,2004,11.2421,78.7719,68,78,4,110,112,9,21,111,780,0,275,30,31,620,5,87,0,59,6559
Tamil Nadu,Virudhunagar,2004,11.1371,78.6669,36,52,0,36,54,1,13,151,972,0,66,86,26,511,3,40,0,49,4637
Tripura,Dhalai,2004,24.0858,92.1332,24,4,0,30,32,5,7,20,60,0,35,3,4,34,1,5,0,19,301
Tripura,North,2004,28.7,77.1833,26,18,0,92,60,6,14,33,112,0,25,2,7,95,0,37,0,63,633
Tripura,South,2004,28.5333,77.2,42,1,0,102,56,6,12,50,126,0,30,22,10,163,8,66,0,117,971
Tripura,West,2004,28.65,77.1,97,13,0,96,50,12,13,63,222,0,58,7,3,160,11,26,0,103,1176
Uttar Pradesh,Agra,2004,27.1767,78.0081,125,153,21,64,312,11,61,196,2106,0,217,174,10,528,70,87,0,282,5040
Uttar Pradesh,Aligarh,2004,27.8974,78.088,193,218,26,116,256,18,111,114,1608,0,192,148,72,322,36,45,0,228,3884
Uttar Pradesh,Allahabad,2004,25.4358,81.8463,144,148,40,46,158,7,55,238,1158,0,174,155,26,346,57,24,0,148,3963
Uttar Pradesh,Ambedkar Nagar,2004,26.8067,80.9062,37,47,6,20,56,0,28,35,216,0,20,20,10,125,4,6,0,26,793
Uttar Pradesh,Auraiya,2004,27.0267,81.1262,47,40,13,8,90,3,10,23,112,0,22,18,11,140,20,11,0,16,814
Uttar Pradesh,Azamgarh,2004,26.8117,80.9112,110,63,24,32,94,8,90,96,282,0,109,69,3,321,27,23,0,150,2039
Uttar Pradesh,Badaun,2004,26.9517,81.0512,212,215,39,70,192,13,60,86,524,0,39,33,22,242,50,47,0,37,2492
Uttar Pradesh,Baghpat,2004,26.9667,81.0662,85,101,14,22,58,6,33,23,236,0,32,32,4,31,16,12,0,56,974
Uttar Pradesh,Bahraich,2004,26.9717,81.0712,45,44,19,32,60,24,12,76,252,0,29,40,8,112,16,12,0,24,1266
Uttar Pradesh,Ballia,2004,26.6167,80.7162,49,68,20,12,38,3,12,56,270,0,75,45,6,205,11,15,0,33,1133
Uttar Pradesh,Balrampur,2004,26.6017,80.7012,22,13,11,10,14,0,2,20,56,0,9,22,0,48,3,8,0,8,312
Uttar Pradesh,Banda,2004,26.8967,80.9962,66,32,19,42,38,3,16,61,192,0,21,29,8,93,27,37,0,17,1060
Uttar Pradesh,Barabanki,2004,26.9967,81.0962,49,77,17,50,82,3,19,86,422,0,39,33,3,219,25,27,0,48,1661
Uttar Pradesh,Bareilly,2004,28.367,79.4304,214,200,23,82,234,31,97,158,1218,0,113,187,2,587,44,76,0,201,4117
Uttar Pradesh,Basti,2004,27.0667,81.1662,34,30,11,14,42,0,12,40,272,0,35,25,3,151,17,12,0,21,975
Uttar Pradesh,Bijnor,2004,26.6417,80.7412,86,68,22,50,68,4,26,47,422,0,55,92,1,47,21,23,0,132,1547
Uttar Pradesh,Bulandshahar,2004,26.9167,81.0162,199,140,31,80,180,4,78,78,822,0,74,60,6,32,36,51,0,106,2811
Uttar Pradesh,Chandoli,2004,26.8267,80.9262,23,14,12,10,14,2,14,19,108,0,12,13,1,56,10,2,0,18,608
Uttar Pradesh,Chitrakoot Dham,2004,26.8017,80.9012,25,11,11,20,18,1,1,18,50,0,7,5,2,49,8,9,0,5,406
Uttar Pradesh,Deoria,2004,26.9517,81.0512,44,60,20,24,58,3,16,65,172,0,78,19,8,123,16,10,0,31,1217
Uttar Pradesh,Etah,2004,26.7317,80.8312,148,216,29,52,126,10,40,67,448,0,67,52,19,306,47,44,0,61,2235
Uttar Pradesh,Etawah,2004,26.7267,80.8262,71,75,14,18,126,1,27,40,228,0,29,27,3,75,13,15,0,46,1406
Uttar Pradesh,Faizabad,2004,26.9717,81.0712,50,31,12,24,38,1,15,61,262,0,28,8,5,151,14,18,0,24,1079
Uttar Pradesh,Fatehgarh,2004,26.8217,80.9212,89,85,12,20,80,5,34,31,160,0,21,35,1,60,21,13,0,35,829
Uttar Pradesh,Fatehpur,2004,26.9917,81.0912,87,34,34,20,40,1,14,33,178,0,7,27,0,172,23,19,0,17,1193
Uttar Pradesh,Firozabad,2004,26.9417,81.0412,123,127,21,20,178,12,70,73,822,0,65,42,9,362,48,33,0,89,2325
Uttar Pradesh,G.R.P.,2004,26.7567,80.8562,15,12,2,4,10,16,40,1,3932,0,8,42,1,10,0,15,0,0,4091
Uttar Pradesh,Gautambudh Nagar,2004,26.7517,80.8512,63,60,14,40,64,10,39,47,1652,0,45,89,0,23,14,24,0,39,2290
Uttar Pradesh,Ghaziabad,2004,28.6692,77.4538,190,160,36,50,236,19,65,135,3046,0,65,174,3,76,35,31,0,142,4613
Uttar Pradesh,Ghazipur,2004,27.0167,81.1162,61,54,24,8,18,5,25,57,202,0,52,7,5,185,17,19,0,49,1037
Uttar Pradesh,Gonda,2004,27.0567,81.1562,52,57,25,28,46,2,11,72,240,0,30,29,1,108,15,12,0,2,976
Uttar Pradesh,Gorakhpur,2004,26.8417,80.9412,98,84,38,48,102,8,47,191,714,0,115,84,0,266,25,26,0,79,2528
Uttar Pradesh,Hamirpur,2004,26.6617,80.7612,50,33,16,24,26,1,12,35,110,0,13,9,0,41,16,23,0,7,646
Uttar Pradesh,Hardoi,2004,26.8567,80.9562,116,72,28,74,116,1,35,71,458,0,19,43,0,327,44,68,0,64,2094
Uttar Pradesh,Hathras,2004,26.7517,80.8512,66,90,14,32,80,17,56,70,456,0,99,43,0,180,24,39,0,134,1783
Uttar Pradesh,J.P.Nagar,2004,26.6467,80.7462,76,59,12,54,48,8,44,57,222,0,44,38,1,60,6,26,0,66,1301
Uttar Pradesh,Jalaun,2004,26.7467,80.8462,88,55,11,14,98,5,21,44,250,0,23,23,5,11,28,17,0,20,1084
Uttar Pradesh,Jaunpur,2004,26.5967,80.6962,53,73,26,38,44,5,40,77,320,0,55,73,0,253,29,9,0,63,1586
Uttar Pradesh,Jhansi,2004,26.7467,80.8462,70,31,26,32,78,5,19,63,316,0,46,42,0,92,25,21,0,53,1672
Uttar Pradesh,Kannauj,2004,26.7917,80.8912,66,39,10,10,34,1,19,32,138,0,26,36,0,16,22,22,0,63,993
Uttar Pradesh,Kanpur Dehat,2004,27.0617,81.1612,46,37,19,26,98,4,12,37,282,0,48,37,8,198,25,45,0,39,1387
Uttar Pradesh,Kanpur Nagar,2004,26.4499,80.3319,149,126,36,40,218,10,62,161,1876,0,96,211,6,402,46,40,0,202,4526
Uttar Pradesh,Kaushambi,2004,26.9367,81.0362,65,31,15,28,24,4,17,30,148,0,9,18,0,113,19,9,0,43,762
Uttar Pradesh,Khiri,2004,27.0867,81.1862,113,118,24,86,152,7,34,84,700,0,58,93,3,487,58,52,0,121,2670
Uttar Pradesh,Kushi Nagar,2004,26.6667,80.7662,46,47,22,26,56,1,23,57,214,0,77,35,8,203,21,14,0,17,1204
Uttar Pradesh,Lalitpur,2004,27.0217,81.1212,16,16,12,8,8,0,2,16,108,0,19,7,1,17,6,11,0,10,448
Uttar Pradesh,Lucknow,2004,26.8467,80.9462,173,135,27,92,328,15,109,479,4558,0,150,325,7,71,48,64,0,272,7412
Uttar Pradesh,Maharajganj,2004,26.9817,81.0812,25,22,11,16,22,2,7,30,78,0,27,14,1,52,8,11,0,7,577
Uttar Pradesh,Mahoba,2004,26.7517,80.8512,36,17,10,12,18,0,4,24,58,0,6,10,6,38,5,14,0,3,440
Uttar Pradesh,Mainpuri,2004,26.7667,80.8662,127,117,14,16,98,8,47,44,352,0,64,39,0,216,35,13,0,34,1587
Uttar Pradesh,Mathura,2004,26.7617,80.8612,96,95,16,48,68,8,51,52,776,0,80,76,10,129,22,35,0,57,2227
Uttar Pradesh,Mau,2004,27.0717,81.1712,42,54,19,6,38,1,27,52,184,0,69,16,1,109,9,11,0,24,778
Uttar Pradesh,Meerut,2004,28.9845,77.7064,225,179,19,66,274,26,146,149,2384,0,131,128,3,61,19,52,0,279,4298
Uttar Pradesh,Mirzapur,2004,26.6967,80.7962,36,37,10,24,26,4,24,44,160,0,23,30,0,158,20,18,0,26,878
Uttar Pradesh,Moradabad,2004,27.0267,81.1262,194,153,26,114,196,22,89,140,1054,0,89,148,5,62,27,66,0,265,3664
Uttar Pradesh,Muzaffarnagar,2004,26.9667,81.0662,253,163,21,88,180,11,93,95,1126,0,91,88,0,10,23,34,0,73,2893
Uttar Pradesh,Pilibhit,2004,26.6317,80.7312,74,60,17,56,108,11,27,35,330,0,37,83,1,7,21,37,0,163,1637
Uttar Pradesh,Pratapgarh,2004,26.9317,81.0312,63,71,21,36,62,1,18,89,354,0,75,39,11,387,22,19,0,37,1732
Uttar Pradesh,Raibareilly,2004,28.367,79.4304,74,62,32,84,104,5,26,66,440,0,52,50,0,341,23,54,0,101,1854
Uttar Pradesh,Rampur,2004,26.9317,81.0312,74,82,20,44,78,3,23,47,450,0,38,99,2,24,14,23,0,9,1479
Uttar Pradesh,Saharanpur,2004,26.9567,81.0562,93,117,24,44,104,4,47,89,954,0,84,154,0,3,19,28,0,173,2477
Uttar Pradesh,Sant Kabirnagar,2004,27.0467,81.1462,19,21,6,12,20,1,6,20,100,0,40,11,0,70,4,1,0,15,430
Uttar Pradesh,Shahjahanpur,2004,27.0667,81.1662,137,166,34,62,178,12,48,82,432,0,34,55,9,200,41,49,0,21,2166
Uttar Pradesh,Shrawasti,2004,26.7067,80.8062,17,12,7,8,18,3,6,21,64,0,11,13,3,88,6,7,0,0,366
Uttar Pradesh,Sidharthnagar,2004,26.8717,80.9712,23,12,11,20,34,9,8,61,182,0,25,33,0,100,16,13,0,27,847
Uttar Pradesh,Sitapur,2004,26.7667,80.8662,152,131,35,144,208,2,73,140,920,0,97,81,23,292,71,73,0,79,3039
Uttar Pradesh,Sonbhadra,2004,27.0867,81.1862,34,24,13,12,30,7,6,28,104,0,18,27,5,100,11,9,0,9,559
Uttar Pradesh,St.Ravidasnagar,2004,26.7517,80.8512,21,35,12,6,10,9,21,43,126,0,29,18,6,96,13,2,0,21,579
Uttar Pradesh,Sultanpur,2004,26.6517,80.7512,59,78,41,36,72,2,32,111,440,0,18,34,0,211,17,21,0,53,1441
Uttar Pradesh,Unnao,2004,27.0117,81.1112,123,107,23,90,124,3,36,49,302,0,59,24,2,308,29,37,0,78,1917
Uttar Pradesh,Varanasi,2004,25.3176,82.9739,80,66,36,30,70,4,56,132,1140,0,52,46,1,161,30,7,0,52,2209
Uttarakhand,Almora,2004,30.2868,79.2393,10,11,0,2,10,0,6,21,54,0,9,3,2,48,7,7,0,9,221
Uttarakhand,Bageshwar,2004,30.0068,78.9593,4,1,0,10,8,0,4,11,12,0,1,2,1,7,4,0,0,2,90
Uttarakhand,Chamoli,2004,30.1168,79.0693,5,14,1,8,14,0,1,20,26,0,14,10,6,23,1,12,0,3,243
Uttarakhand,Champawat,2004,30.0868,79.0393,6,2,2,4,4,1,1,10,16,0,2,4,0,16,0,5,0,4,128
Uttarakhand,Dehradun,2004,30.0068,78.9593,42,35,2,42,74,2,24,141,852,0,78,144,4,68,6,16,0,119,1955
Uttarakhand,Haridwar,2004,29.9968,78.9493,56,66,3,66,108,14,41,106,802,0,87,97,3,273,10,28,0,118,1909
Uttarakhand,Nainital,2004,30.2268,79.1793,43,26,8,12,56,4,23,46,438,0,29,21,1,145,6,18,0,25,892
Uttarakhand,Pauri Garhwal,2004,30.0418,78.9943,19,13,2,12,20,2,7,62,94,0,28,10,5,66,7,11,0,11,439
Uttarakhand,Pithoragarh,2004,29.9918,78.9443,5,9,5,18,6,2,7,24,42,0,15,5,1,24,8,4,0,6,306
Uttarakhand,Rudra Prayag,2004,30.2318,79.1843,4,1,0,8,6,0,4,21,12,0,23,4,1,14,6,5,0,2,132
Uttarakhand,Tehri Garhwal,2004,29.8518,78.8043,11,18,0,8,28,0,0,22,66,0,14,10,0,27,4,2,0,12,331
Uttarakhand,Udhamsingh Nagar,2004,29.8868,78.8393,53,45,4,30,82,13,47,68,718,0,127,55,2,151,21,32,0,85,1771
Uttarakhand,Uttarkashi,2004,29.9568,78.9093,4,6,2,10,10,0,0,14,62,0,17,7,2,3,2,3,0,9,217
West Bengal,24 Parganas North,2004,28.7,77.1833,177,43,50,352,360,104,72,60,4392,0,208,130,0,121,55,154,0,810,8827
West Bengal,24 Parganas South,2004,28.5333,77.2,130,3,54,244,206,21,33,12,3194,0,231,114,16,36,43,101,0,966,7123
West Bengal,Asansol,2004,23.0618,87.93,28,6,8,18,20,26,7,19,224,0,62,13,1,40,7,37,0,247,1062
West Bengal,Bankura,2004,23.1418,88.01,37,0,6,98,48,25,21,10,748,0,60,14,5,170,22,40,0,123,1618
West Bengal,Birbhum,2004,22.9968,87.865,51,16,25,116,62,32,16,32,442,0,187,27,11,150,9,37,0,139,1612
West Bengal,Burdwan,2004,23.2324,87.8615,110,10,26,184,112,89,22,45,764,0,209,62,6,98,40,56,0,230,4140
West Bengal,Coochbehar,2004,23.0968,87.965,20,4,8,184,82,0,3,11,302,0,15,13,1,107,6,69,0,173,1264
West Bengal,Dakshin Dinajpur,2004,23.1118,87.98,16,4,8,66,54,40,3,2,170,0,24,2,0,27,8,36,0,97,860
West Bengal,Darjeeling,2004,22.8568,87.725,43,1,31,42,34,69,5,5,786,0,19,12,2,155,8,24,0,56,1261
West Bengal,Hooghly,2004,22.7518,87.62,82,12,23,112,76,149,39,83,1290,0,399,46,8,259,23,37,0,501,3663
West Bengal,Howrah,2004,22.5958,88.2636,31,4,13,42,38,44,13,4,412,0,98,68,12,109,15,32,0,122,1760
West Bengal,Howrah City,2004,22.5958,88.2636,30,4,8,30,34,77,22,5,804,0,33,102,5,122,5,16,0,120,1992
West Bengal,Howrah G.R.P.,2004,22.5958,88.2636,10,5,2,2,16,40,5,0,550,0,12,13,0,14,0,4,0,0,667
West Bengal,Jalpaiguri,2004,23.0118,87.88,118,31,45,166,118,24,14,21,1322,0,37,2,9,208,8,112,0,229,2866
West Bengal,Kharagpur G.R.P.,2004,22.7668,87.635,8,2,0,0,4,8,5,0,230,0,3,3,0,15,0,2,0,1,278
West Bengal,Kolkata,2004,22.5726,88.3639,37,78,16,54,238,72,117,140,7390,0,227,922,0,1228,10,174,0,252,10757
West Bengal,Malda,2004,23.2168,88.085,63,55,27,194,130,19,17,10,726,0,43,7,0,79,4,112,0,245,2467
West Bengal,Murshidabad,2004,23.1218,87.99,111,7,44,394,252,90,23,14,858,0,173,21,0,225,32,201,0,761,4283
West Bengal,Nadia,2004,22.7418,87.61,99,0,21,216,160,70,14,17,1514,0,168,6,7,502,30,128,0,393,4218
West Bengal,Paschim Midnapur,2004,22.8668,87.735,81,58,20,148,130,64,30,38,874,0,212,38,14,48,16,67,0,334,3305
West Bengal,Purab Midnapur,2004,22.7768,87.645,50,10,14,98,108,42,15,11,434,0,201,23,0,35,36,38,0,269,2351
West Bengal,Purulia,2004,23.0368,87.905,40,0,9,86,22,25,14,5,290,0,44,30,2,42,8,39,0,118,1125
West Bengal,Sealdah G.R.P.,2004,23.1718,88.04,14,2,1,10,12,9,14,0,558,0,8,4,0,0,0,6,0,0,631
West Bengal,Siliguri G.R.P.,2004,26.7271,88.3953,3,0,0,0,4,1,3,0,162,0,1,1,0,0,2,4,0,0,175
West Bengal,Uttar Dinajpur,2004,22.8868,87.755,36,35,9,94,80,15,8,3,494,0,17,13,4,77,9,40,0,148,1566
Andaman & Nicobar Islands,Andaman,2004,11.6001,92.5186,13,1,2,20,6,0,3,67,200,0,9,11,8,102,0,5,0,5,721
Andaman & Nicobar Islands,Nicobar,2004,11.9651,92.8836,2,0,0,0,0,0,0,2,6,0,0,1,1,3,0,1,0,0,27
Chandigarh,Chandigarh,2004,30.7333,76.7794,22,19,10,38,108,2,6,186,2918,0,43,135,0,65,6,20,0,73,3542
Dadra & Nagar Haveli,D And N Haveli,2004,20.0959,72.9319,11,4,0,14,24,3,2,20,106,0,17,22,2,35,0,5,0,3,409
Daman & Diu,Daman,2004,20.1933,72.6047,2,1,0,2,4,0,1,35,54,0,19,4,2,12,0,1,0,4,171
Daman & Diu,Diu,2004,20.6133,73.0247,1,0,0,0,0,0,0,0,0,0,0,1,0,5,0,0,0,0,27
Delhi,Central,2004,28.65,77.2167,16,17,6,54,114,12,18,84,2648,0,8,140,3,112,1,44,0,44,3335
Delhi,East,2004,28.6333,77.2833,52,39,13,124,344,21,52,137,4550,0,6,141,5,246,13,82,0,212,5717
Delhi,G.R.P.(Rly),2004,20.5937,78.9629,6,6,1,10,10,4,6,4,2142,0,0,17,3,13,2,2,0,0,2221
Delhi,I.G.I. Airport,2004,20.5937,78.9629,1,3,0,2,10,0,6,1,176,0,2,466,0,2,0,7,0,1,683
Delhi,New Delhi,2004,28.6139,77.209,6,15,5,16,40,4,9,79,2332,0,2,319,1,43,1,34,0,11,2866
Delhi,North,2004,28.7,77.1833,25,23,8,46,170,11,30,99,2310,0,6,115,9,125,6,21,0,55,3418
Delhi,North East,2004,28.7,77.2667,54,69,3,134,314,24,65,153,2066,0,4,105,1,240,18,46,0,144,3896
Delhi,North West,2004,28.75,77.1167,129,137,19,248,570,26,120,443,5188,0,11,182,4,335,29,129,0,267,9840
Delhi,S.T.F.,2004,20.5937,78.9629,1,15,0,2,0,5,0,0,4,0,0,37,0,0,0,1,0,0,90
Delhi,South,2004,28.5333,77.2,80,74,13,192,432,32,54,274,8000,0,10,417,2,233,21,130,0,179,9800
Delhi,South West,2004,28.5833,77.05,44,49,6,158,194,15,51,366,3548,0,13,227,5,146,11,59,0,126,5932
Delhi,West,2004,28.65,77.1,67,72,6,116,220,11,50,235,5024,0,5,156,5,285,24,46,0,215,7343
Lakshadweep,Lakshadweep,2004,10.6667,72.7417,0,0,0,0,0,0,0,2,10,0,37,0,0,6,0,0,0,1,70
Puducherry,Pondicherry,2004,11.7766,79.6433,25,18,14,8,20,0,1,86,1268,0,147,35,9,974,6,50,0,2,4620
Andhra Pradesh,Adilabad,2005,15.9979,79.825,108,48,13,106,130,9,20,191,658,0,68,173,30,1273,21,144,0,280,5033
Andhra Pradesh,Anantapur,2005,14.6819,77.6006,172,125,3,32,120,17,21,178,878,0,102,96,59,1007,12,173,0,137,4545
Andhra Pradesh,Chittoor,2005,13.2172,79.1003,105,40,0,70,144,9,24,281,2538,0,87,222,30,891,9,91,0,202,6746
Andhra Pradesh,Cuddapah,2005,14.4673,78.8242,96,0,0,42,72,9,11,152,594,0,66,114,34,783,7,116,0,95,4072
Andhra Pradesh,Cyberabad,2005,15.7929,79.62,150,88,10,88,302,26,95,1139,4574,0,44,950,37,3033,34,119,0,701,12079
Andhra Pradesh,East Godavari,2005,16.9891,82.2475,110,130,0,54,138,3,28,403,2572,0,98,265,35,2530,15,102,0,368,8262
Andhra Pradesh,Guntakal Rly.,2005,15.6979,79.525,12,0,0,0,2,1,4,0,258,0,1,5,0,5,4,1,0,0,288
Andhra Pradesh,Guntur,2005,16.3067,80.4365,165,88,1,110,174,14,35,293,2532,0,110,412,61,1480,16,166,0,366,7736
Andhra Pradesh,Hyderabad City,2005,17.385,78.4867,108,130,4,134,274,11,125,1161,10044,0,96,1880,40,4227,27,119,0,1309,18230
Andhra Pradesh,Karimnagar,2005,15.7029,79.53,164,96,1,168,262,10,37,310,1480,0,174,630,65,2936,52,328,0,839,8875
Andhra Pradesh,Khammam,2005,15.9129,79.74,110,69,3,42,132,9,25,208,1134,0,151,166,48,1065,14,150,0,313,5757
Andhra Pradesh,Krishna,2005,16.1809,81.1303,69,74,0,54,90,3,17,155,1306,0,44,202,45,2176,11,209,0,337,5335
Andhra Pradesh,Kurnool,2005,15.8281,78.0373,140,95,6,58,84,16,16,179,746,0,125,242,28,1159,9,221,0,233,5266
Andhra Pradesh,Mahaboobnagar,2005,15.6679,79.495,212,102,16,124,118,21,43,277,1150,0,112,107,57,1713,17,140,0,237,5624
Andhra Pradesh,Medak,2005,16.1279,79.955,133,45,10,72,76,15,24,213,848,0,32,108,35,1478,28,88,0,209,4024
Andhra Pradesh,Nalgonda,2005,16.0579,79.885,138,46,6,98,102,13,37,248,960,0,102,243,62,1274,30,223,0,344,6570
Andhra Pradesh,Nellore,2005,14.4426,79.9865,86,73,3,66,148,6,26,205,1518,0,66,166,39,1961,11,205,0,166,5283
Andhra Pradesh,Nizamabad,2005,15.6979,79.525,88,38,16,52,114,15,41,292,988,0,49,183,36,2025,16,88,0,410,5059
Andhra Pradesh,Prakasham,2005,15.5057,80.0499,106,82,6,54,104,10,19,181,812,0,56,188,28,1317,7,169,0,156,4343
Andhra Pradesh,Ranga Reddy,2005,15.9379,79.765,62,26,4,30,32,7,9,138,320,0,23,51,42,867,22,45,0,119,2127
Andhra Pradesh,Secunderabad Rly.,2005,15.7279,79.555,11,1,0,0,8,2,2,0,814,0,0,6,0,16,2,1,0,0,860
Andhra Pradesh,Srikakulam,2005,15.9979,79.825,36,0,2,29,34,1,11,101,422,0,18,58,28,1200,9,51,0,137,2686
Andhra Pradesh,Vijayawada,2005,15.7729,79.6,41,40,4,64,174,3,31,456,3448,0,9,443,22,1513,8,64,0,296,6244
Andhra Pradesh,Vijayawada Rly.,2005,16.0229,79.85,5,2,0,0,2,0,0,0,522,0,0,3,0,5,0,2,0,0,539
Andhra Pradesh,Visakha Rural,2005,16.0429,79.87,55,17,0,36,16,2,12,95,324,0,47,47,17,1331,7,36,0,153,2687
Andhra Pradesh,Visakhapatnam,2005,17.6868,83.2185,27,48,0,56,74,7,19,393,1974,0,31,279,8,495,2,45,0,361,4455
Andhra Pradesh,Vizianagaram,2005,18.1067,83.3956,43,9,1,24,18,6,6,87,434,0,12,58,3,400,7,41,0,186,2560
Andhra Pradesh,Warangal,2005,16.0379,79.865,117,93,2,68,164,7,29,318,1300,0,249,300,45,1615,29,226,0,332,6683
Andhra Pradesh,West Godavari,2005,16.7107,81.0952,81,119,0,138,116,2,27,300,2408,0,54,312,33,2404,17,232,0,410,7200
Arunachal Pradesh,Changlang,2005,28.178,94.6878,9,6,4,4,16,0,4,17,50,0,0,0,2,26,0,1,0,1,148
Arunachal Pradesh,Dibang Valley,2005,27.973,94.4828,4,4,0,0,10,3,1,13,74,0,0,0,1,18,0,5,0,0,128
Arunachal Pradesh,K/Kumey,2005,28.318,94.8278,4,7,0,2,4,0,0,9,16,0,0,2,0,4,0,0,0,0,53
Arunachal Pradesh,Kameng East,2005,28.6333,77.2833,4,2,0,4,8,3,3,12,36,0,0,1,0,13,0,5,0,2,104
Arunachal Pradesh,Kameng West,2005,28.65,77.1,6,0,0,0,2,1,4,10,50,0,0,2,0,21,0,2,0,0,111
Arunachal Pradesh,Lohit,2005,28.248,94.7578,14,5,0,6,14,1,5,20,44,0,0,2,1,20,0,7,0,1,158
Arunachal Pradesh,Papum Pare,2005,28.193,94.7028,10,4,0,12,20,3,16,47,360,0,11,10,2,70,0,4,0,2,565
Arunachal Pradesh,Siang East,2005,28.6333,77.2833,3,3,0,26,12,3,19,34,132,0,2,5,0,64,0,15,0,1,313
Arunachal Pradesh,Siang Upper,2005,28.393,94.9028,5,0,0,4,2,0,0,8,32,0,0,2,2,22,0,8,0,0,80
Arunachal Pradesh,Siang West,2005,28.65,77.1,4,1,1,6,10,2,6,31,102,0,4,2,1,33,0,5,0,0,230
Arunachal Pradesh,Subansiri Lower,2005,28.008,94.5178,5,0,0,0,6,0,4,19,24,0,0,0,1,15,0,4,0,0,119
Arunachal Pradesh,Subansiri Upper,2005,28.273,94.7828,4,3,0,4,6,3,10,16,56,0,5,2,3,55,0,5,0,1,180
Arunachal Pradesh,Tawang,2005,28.023,94.5328,2,0,0,2,0,0,1,8,36,0,0,0,0,6,0,1,0,1,55
Arunachal Pradesh,Tirap,2005,28.038,94.5478,3,2,0,0,4,4,3,17,34,0,1,0,0,12,0,5,0,0,114
Arunachal Pradesh,Upper Dibang Valley,2005,28.313,94.8228,4,0,0,0,2,0,1,2,16,0,0,0,0,4,0,0,0,0,29
Assam,Barpeta,2005,26.1156,92.8526,38,4,0,112,138,29,17,145,274,0,178,20,4,265,8,25,0,105,1981
Assam,Baska,2005,26.3056,93.0426,21,11,0,18,48,6,8,11,64,0,6,3,8,76,0,8,0,8,306
Assam,Bongaigaon,2005,26.1806,92.9176,19,3,0,76,62,7,6,48,160,0,32,9,1,100,3,15,0,66,825
Assam,C.I.D.,2005,26.2506,92.9876,0,0,0,0,0,0,0,0,0,0,0,7,0,0,0,0,0,0,15
Assam,Cachar,2005,26.0356,92.7726,51,44,2,102,220,21,20,193,812,0,377,72,57,240,4,165,0,334,3930
Assam,Chirang,2005,26.4106,93.1476,17,0,0,34,32,4,3,14,44,0,6,3,0,23,7,6,0,16,323
Assam,Darrang,2005,26.1256,92.8626,25,17,0,94,66,20,8,79,210,0,20,14,11,243,4,65,0,45,1156
Assam,Dhemaji,2005,26.1956,92.9326,20,16,1,104,90,3,9,22,242,0,22,18,10,207,4,31,0,67,943
Assam,Dhubri,2005,26.3056,93.0426,40,22,1,202,168,17,10,60,290,0,571,65,22,358,10,56,0,201,2285
Assam,Dibrugarh,2005,26.2906,93.0276,113,24,7,114,150,6,23,93,804,0,38,44,21,422,4,41,0,53,2095
Assam,G.R.P.,2005,26.1106,92.8476,4,1,0,4,10,4,5,4,210,0,9,3,0,17,0,4,0,0,290
Assam,Goalpara,2005,26.2456,92.9826,31,5,0,80,146,14,12,50,254,0,93,10,7,241,3,2,0,142,1162
Assam,Golaghat,2005,26.0206,92.7576,61,18,3,108,174,12,28,69,522,0,0,55,19,329,0,27,0,91,1421
Assam,Guwahati City,2005,26.3806,93.1176,39,129,71,76,294,14,96,462,2778,0,60,172,15,969,6,37,0,114,5651
Assam,Hailakandi,2005,26.0156,92.7526,18,4,5,36,70,13,6,54,132,0,134,20,14,37,1,6,0,32,888
Assam,Jorhat,2005,26.3456,93.0826,51,10,3,58,88,0,10,54,390,0,17,19,12,123,0,40,0,42,981
Assam,Kamrup,2005,26.4406,93.1776,31,18,16,146,172,20,13,96,420,0,70,27,15,40,0,26,0,0,1068
Assam,Karbi Anglong,2005,26.2156,92.9526,76,15,0,16,78,12,11,26,184,0,37,6,48,50,2,4,0,10,685
Assam,Karimganj,2005,26.1356,92.8726,30,25,0,56,62,5,5,70,312,0,209,14,19,128,9,8,0,71,1083
Assam,Kokrajhar,2005,26.2256,92.9626,46,2,0,72,88,8,14,32,166,0,87,25,4,196,2,17,0,53,928
Assam,Lakhimpur,2005,26.0006,92.7376,36,8,1,138,224,4,6,1,560,0,61,52,21,423,4,34,0,125,1615
Assam,Morigaon,2005,26.1006,92.8376,22,6,1,104,94,1,6,16,278,0,72,25,5,125,3,67,0,65,981
Assam,N.C.Hills,2005,26.2206,92.9576,11,7,0,2,20,1,11,16,100,0,5,3,1,23,0,2,0,1,220
Assam,Nagaon,2005,26.1956,92.9326,88,59,5,298,370,58,42,203,810,0,286,68,41,606,2,27,0,291,3545
Assam,Nalbari,2005,25.9856,92.7226,17,9,0,54,76,7,6,44,194,0,10,10,12,185,2,39,0,19,750
Assam,R.P.O.,2005,26.3806,93.1176,10,4,0,16,10,4,3,0,26,0,18,1,0,3,0,0,0,0,143
Assam,Sibsagar,2005,26.2106,92.9476,61,21,0,76,146,12,9,78,554,0,59,39,17,119,2,68,0,81,1635
Assam,Sonitpur,2005,26.0556,92.7926,87,7,0,154,216,26,27,177,988,0,258,54,8,222,3,2,0,145,2805
Assam,Tinsukia,2005,26.1906,92.9276,92,9,1,84,150,17,25,89,748,0,9,11,15,38,10,20,0,16,1759
Assam,Udalguri,2005,26.0806,92.8176,39,5,0,42,40,11,12,49,212,0,16,4,16,98,6,57,0,13,714
Bihar,Araria,2005,25.1911,85.4081,68,12,3,58,86,40,42,25,276,0,300,51,4,114,9,6,0,19,1743
Bihar,Arwal,2005,25.0961,85.3131,28,0,0,2,18,10,14,9,94,0,30,7,0,55,11,0,0,1,512
Bihar,Aurangabad,2005,19.8762,75.3433,60,164,4,34,66,19,27,104,486,0,193,9,8,1091,29,0,0,9,2283
Bihar,Bagaha,2005,25.1661,85.3831,40,91,12,16,170,1,4,20,198,0,141,30,9,298,3,11,0,6,1018
Bihar,Banka,2005,24.9861,85.2031,58,34,3,86,88,35,15,54,228,0,196,13,8,12,13,1,0,10,1353
Bihar,Begusarai,2005,24.8611,85.0781,128,53,3,40,130,14,56,53,506,0,160,53,9,259,25,13,0,39,2444
Bihar,Bettiah,2005,25.1611,85.3781,76,107,6,102,228,35,33,80,612,0,304,93,20,1389,19,6,0,41,3079
Bihar,Bhabhua,2005,25.2011,85.4181,58,64,5,28,82,21,21,39,302,0,82,36,33,130,16,1,0,5,1255
Bihar,Bhagalpur,2005,25.2425,86.9842,93,52,8,150,202,14,58,119,788,0,254,67,25,29,18,15,0,55,3104
Bihar,Bhojpur,2005,25.2511,85.4681,158,188,0,28,76,33,46,118,586,0,194,14,46,512,38,34,0,44,2853
Bihar,Buxar,2005,25.1611,85.3781,68,108,2,12,60,35,35,53,624,0,153,78,23,362,30,14,0,58,1644
Bihar,Darbhanga,2005,26.1542,85.8918,44,78,6,130,108,28,20,66,570,0,211,96,27,89,33,31,0,137,3140
Bihar,Gaya,2005,24.7914,85.0002,158,175,6,44,154,128,129,145,820,0,405,23,32,532,8,28,0,11,3418
Bihar,Gopalganj,2005,24.8761,85.0931,74,209,6,48,130,13,53,64,410,0,188,81,9,4,25,2,0,49,2543
Bihar,Jamalpur Rly.,2005,25.2211,85.4381,7,1,0,0,6,14,7,0,216,0,3,7,0,0,0,1,0,0,261
Bihar,Jamui,2005,25.0011,85.2181,93,52,2,66,92,42,44,49,204,0,109,29,59,205,22,20,0,48,1409
Bihar,Jehanabad,2005,25.0061,85.2231,52,52,2,32,38,35,35,60,300,0,95,14,13,81,7,14,0,17,1191
Bihar,Katihar,2005,24.8661,85.0831,78,41,1,176,122,23,34,36,292,0,124,34,16,129,26,10,0,55,1785
Bihar,Katihar Rly.,2005,25.1661,85.3831,11,0,0,4,14,4,13,4,428,0,8,20,0,0,1,7,0,0,506
Bihar,Khagaria,2005,25.3311,85.5481,48,41,0,28,70,12,39,20,28,0,140,4,10,120,12,5,0,12,1439
Bihar,Kishanganj,2005,25.3061,85.5231,17,23,2,122,168,18,10,36,244,0,95,24,7,102,3,2,0,30,1017
Bihar,Lakhisarai,2005,25.0211,85.2381,57,26,1,6,76,11,33,22,162,0,56,13,10,36,8,6,0,6,840
Bihar,Madhepura,2005,25.2561,85.4731,52,24,2,30,26,18,38,24,100,0,100,16,5,119,10,6,0,11,1137
Bihar,Madhubani,2005,25.1111,85.3281,69,108,7,84,132,47,31,99,392,0,313,19,23,867,17,35,0,26,2835
Bihar,Motihari,2005,24.8911,85.1081,111,159,15,48,268,60,67,108,874,0,366,71,30,1043,51,13,0,43,4564
Bihar,Munger,2005,25.1211,85.3381,95,29,1,36,108,19,64,38,438,0,154,32,8,70,11,10,0,16,1749
Bihar,Muzaffarpur,2005,26.1209,85.3647,131,22,11,160,450,52,95,248,1526,0,407,107,47,685,67,17,0,104,5363
Bihar,Muzaffarpur Rly.,2005,26.1209,85.3647,26,0,0,2,22,10,15,9,550,0,19,14,0,13,0,0,0,0,680
Bihar,Nalanda,2005,24.8611,85.0781,150,100,19,50,188,49,89,68,624,0,169,67,21,661,65,10,0,92,3000
Bihar,Naugachia,2005,25.0361,85.2531,43,29,1,12,72,14,40,18,130,0,109,18,0,0,9,0,0,6,999
Bihar,Nawadah,2005,24.9511,85.1681,83,87,5,46,82,23,30,54,234,0,266,40,10,149,22,13,0,32,1732
Bihar,Patna,2005,25.5941,85.1376,436,87,25,114,550,166,633,521,2712,0,484,199,46,392,85,5,0,189,11840
Bihar,Patna Rly.,2005,25.5941,85.1376,15,6,2,0,4,20,27,3,1202,0,6,21,0,0,2,6,0,0,1304
Bihar,Purnea,2005,25.7771,87.4753,113,35,6,78,120,44,95,72,436,0,152,20,9,22,6,6,0,16,2169
Bihar,Rohtas,2005,24.9529,84.015,107,218,13,36,58,23,26,111,630,0,137,14,23,85,37,12,0,7,3384
Bihar,Saharsa,2005,25.0861,85.3031,17,88,3,22,80,9,28,46,224,0,185,34,10,102,5,19,0,12,1441
Bihar,Samastipur,2005,25.1461,85.3631,121,184,30,56,194,36,61,88,582,0,302,57,59,306,40,10,0,73,3452
Bihar,Saran,2005,25.1211,85.3381,125,345,21,64,170,52,24,165,642,0,170,70,26,1198,76,4,0,58,3233
Bihar,Sheikhpura,2005,25.0111,85.2281,33,0,0,2,46,4,14,9,102,0,58,11,0,0,12,0,0,17,683
Bihar,Sheohar,2005,25.1761,85.3931,11,7,1,18,52,15,6,12,56,0,78,6,3,23,1,2,0,10,493
Bihar,Sitamarhi,2005,24.9911,85.2081,63,25,4,64,148,22,18,64,412,0,245,29,12,93,32,12,0,64,2687
Bihar,Siwan,2005,25.2711,85.4881,93,43,3,54,118,51,119,71,424,0,182,70,23,253,31,8,0,60,2190
Bihar,Supaul,2005,25.3161,85.5331,34,32,8,80,48,40,36,19,206,0,223,9,5,3,7,0,0,12,1224
Bihar,Vaishali,2005,25.0111,85.2281,69,108,10,26,266,18,50,94,754,0,105,109,32,306,72,36,0,74,3522
Chhattisgarh,Balrampur,2005,21.0337,81.6211,29,16,5,72,10,18,14,44,38,0,24,0,6,40,0,20,0,13,521
Chhattisgarh,Bilaspur,2005,21.4137,82.0011,94,54,11,154,72,6,50,530,1558,0,152,56,19,368,18,154,0,117,5477
Chhattisgarh,Bizapur,2005,21.2287,81.8161,76,122,0,10,2,61,4,10,12,0,13,3,10,22,0,3,0,0,401
Chhattisgarh,Dantewara,2005,21.4187,82.0061,73,36,0,30,12,13,3,57,116,0,12,4,4,56,0,12,0,2,698
Chhattisgarh,Dhamtari,2005,21.0837,81.6711,11,7,0,52,18,0,3,136,256,0,20,5,6,90,2,80,0,15,1309
Chhattisgarh,Durg,2005,21.1937,81.7811,90,65,0,256,56,3,71,508,1900,0,54,76,32,494,14,216,0,107,6647
Chhattisgarh,Grp Raipur,2005,21.2987,81.8861,5,5,0,4,2,0,6,11,476,0,5,1,1,17,2,6,0,2,533
Chhattisgarh,Jagdalpur,2005,21.1087,81.6961,63,44,0,148,18,12,12,177,346,0,54,31,7,170,3,50,0,24,2087
Chhattisgarh,Janjgir,2005,21.3987,81.9861,50,20,2,86,20,3,8,223,602,0,102,25,6,273,12,77,0,104,2705
Chhattisgarh,Jashpur,2005,21.2137,81.8011,63,20,4,136,38,9,34,78,144,0,16,22,5,145,3,45,0,6,959
Chhattisgarh,Kabirdham,2005,21.2287,81.8161,16,8,2,48,8,1,1,92,238,0,23,8,6,332,1,55,0,31,1119
Chhattisgarh,Kanker,2005,21.1187,81.7061,40,28,0,64,22,28,14,58,128,0,37,4,17,68,0,26,0,9,1022
Chhattisgarh,Korba,2005,21.1687,81.7561,35,12,3,54,6,2,15,136,644,0,33,20,10,419,7,48,0,29,2083
Chhattisgarh,Koriya,2005,21.2637,81.8511,34,20,1,102,10,5,15,142,256,0,27,15,4,150,3,64,0,43,1343
Chhattisgarh,Mahasamund,2005,21.3287,81.9161,19,9,2,50,14,4,10,120,438,0,13,21,9,213,3,81,0,23,1551
Chhattisgarh,Narayanpur,2005,21.4237,82.0111,13,41,0,2,0,24,7,8,12,0,1,0,6,19,0,6,0,1,163
Chhattisgarh,Raigarh,2005,21.4987,82.0861,62,29,2,70,22,9,30,175,860,0,61,22,14,159,9,64,0,32,2234
Chhattisgarh,Raipur,2005,21.2737,81.8611,92,59,2,250,92,6,42,619,2054,0,101,80,19,373,16,235,0,94,7454
Chhattisgarh,Rajnandgaon,2005,21.2087,81.7961,40,26,0,162,16,11,16,157,468,0,29,16,17,121,5,69,0,25,2419
Chhattisgarh,Sarguja,2005,21.1087,81.6961,52,22,5,148,38,11,28,210,396,0,70,18,12,96,1,77,0,31,1843
Chhattisgarh,Surajpur,2005,21.2787,81.8661,56,17,2,82,16,3,18,130,258,0,46,4,4,109,1,62,0,24,1213
Goa,North Goa,2005,28.7,77.1833,22,10,4,22,14,1,15,172,580,0,32,30,7,89,0,15,0,7,1305
Goa,South Goa,2005,28.5333,77.2,23,5,1,18,20,1,13,93,410,0,13,28,5,66,2,15,0,4,814
Gujarat,Ahmedabad Commr.,2005,23.0225,72.5714,76,49,4,70,438,26,159,825,10718,0,150,344,6,1361,1,54,0,745,17468
Gujarat,Ahmedabad Rural,2005,23.05,72.45,28,7,2,14,58,10,29,94,484,0,48,9,5,310,0,15,0,72,2925
Gujarat,Ahwa-Dang,2005,22.0737,71.0074,5,1,0,10,0,0,1,2,6,0,3,2,0,30,0,5,0,5,146
Gujarat,Amreli,2005,22.4037,71.3374,24,14,1,22,98,3,18,127,372,0,28,10,15,286,2,18,0,127,3578
Gujarat,Anand,2005,22.0237,70.9574,20,7,1,14,48,8,17,119,640,0,20,19,9,333,1,28,0,97,3077
Gujarat,Bharuch,2005,22.1287,71.0624,35,10,1,16,46,8,14,139,646,0,29,9,12,335,0,16,0,46,2688
Gujarat,Bhavnagar,2005,22.3387,71.2724,66,31,0,28,170,30,164,398,2232,0,190,155,41,93,3,79,0,216,7586
Gujarat,Dahod,2005,22.4787,71.4124,48,13,1,18,58,22,26,77,256,0,54,3,14,279,0,28,0,28,1523
Gujarat,Gandhinagar,2005,22.4987,71.4324,20,6,0,18,58,5,23,124,790,0,19,37,16,237,4,8,0,101,2646
Gujarat,Himatnagar,2005,22.4037,71.3374,26,12,2,24,64,15,20,145,444,0,60,25,16,349,0,42,0,147,4380
Gujarat,Jamnagar,2005,22.3237,71.2574,41,19,1,28,40,1,14,152,804,0,45,26,11,366,0,15,0,188,3882
Gujarat,Junagadh,2005,22.2037,71.1374,33,27,0,26,76,6,43,225,938,0,67,37,17,487,5,54,0,421,5786
Gujarat,Kheda North,2005,28.7,77.1833,30,8,1,28,60,7,18,114,672,0,42,19,8,316,0,39,0,155,3997
Gujarat,Kutch,2005,22.0337,70.9674,35,23,0,18,90,9,33,233,822,0,61,72,9,424,4,42,0,234,4421
Gujarat,Mehsana,2005,22.2087,71.1424,30,21,1,12,110,20,55,258,1198,0,71,70,10,488,1,25,0,221,4792
Gujarat,Narmada,2005,22.4387,71.3724,15,2,0,12,2,4,2,26,60,0,19,1,3,92,0,2,0,4,1049
Gujarat,Navsari,2005,22.3987,71.3324,14,3,0,12,12,4,7,52,190,0,5,12,1,83,2,3,0,31,1246
Gujarat,Palanpur,2005,22.4437,71.3774,40,24,1,22,46,11,20,192,612,0,34,39,14,980,1,26,0,79,3845
Gujarat,Panchmahal,2005,22.4837,71.4174,50,6,0,24,64,5,23,135,502,0,28,14,16,204,1,75,0,86,3259
Gujarat,Patan,2005,22.4187,71.3524,24,13,1,12,44,6,13,84,606,0,38,5,23,305,0,24,0,111,2646
Gujarat,Porbandar,2005,22.1137,71.0474,10,8,0,2,18,0,13,48,122,0,7,7,6,128,1,5,0,36,1086
Gujarat,Rajkot Commr.,2005,22.3039,70.8022,24,12,0,14,74,7,31,265,1978,0,64,47,5,333,0,7,0,153,3934
Gujarat,Rajkot Rural,2005,22.2637,71.1974,35,32,4,36,112,6,27,185,738,0,76,29,20,443,4,39,0,278,4809
Gujarat,Surat Commr.,2005,21.1702,72.8311,86,23,3,46,228,26,56,429,3594,0,118,202,8,637,12,50,0,190,5453
Gujarat,Surat Rural,2005,21.2,73.0,46,9,2,18,28,12,17,92,362,0,27,26,8,198,5,4,0,23,2246
Gujarat,Surendranagar,2005,22.3837,71.3174,30,21,0,26,76,8,23,126,610,0,77,8,7,494,0,36,0,90,3526
Gujarat,Vadodara Commr.,2005,22.3072,73.1812,26,24,1,10,78,8,20,392,2682,0,174,192,6,300,0,13,0,136,5276
Gujarat,Vadodara Rural,2005,22.2937,71.2274,70,13,0,42,74,9,16,105,332,0,40,15,12,339,0,25,0,38,3023
Gujarat,Valsad,2005,22.1587,71.0924,34,13,0,22,50,17,17,153,638,0,29,38,2,241,1,17,0,31,1694
Gujarat,W.Rly,2005,22.1487,71.0824,12,1,0,4,8,4,47,16,1880,0,5,69,0,32,0,8,0,1,2078
Haryana,Ambala,2005,29.0238,76.0506,24,16,2,38,48,3,15,179,550,0,2,66,8,254,9,19,0,130,2064
Haryana,Bhiwani,2005,29.1988,76.2256,47,18,3,36,48,9,19,190,778,0,134,52,6,262,19,20,0,87,2184
Haryana,Faridabad,2005,28.4089,77.3178,76,44,4,78,182,32,30,285,2260,0,190,43,8,349,18,42,0,188,5051
Haryana,Fatehabad,2005,28.9838,76.0106,21,14,1,18,40,1,6,108,314,0,11,116,4,185,5,17,0,66,1282
Haryana,Grp,2005,29.0888,76.1156,13,8,1,4,4,2,5,3,390,0,11,5,0,21,7,2,0,0,859
Haryana,Gurgaon,2005,28.4595,77.0266,65,38,6,34,76,18,40,413,2924,0,67,124,5,121,10,20,0,71,3969
Haryana,Hissar,2005,28.8288,75.8556,51,50,2,50,44,12,28,248,1052,0,45,148,10,333,19,31,0,139,2709
Haryana,Jhajjar,2005,29.2238,76.2506,60,32,4,26,28,9,28,96,406,0,53,37,5,115,11,16,0,86,1343
Haryana,Jind,2005,29.2588,76.2856,37,27,2,28,24,5,10,73,420,0,69,20,7,125,17,2,0,35,1231
Haryana,Kaithal,2005,28.8838,75.9106,23,18,3,38,22,4,6,120,394,0,0,21,2,211,6,9,0,115,1286
Haryana,Karnal,2005,29.1488,76.1756,46,31,8,100,62,15,27,215,1296,0,44,128,4,776,14,39,0,236,2990
Haryana,Kurukshetra,2005,28.8488,75.8756,25,15,2,48,30,18,18,220,824,0,0,39,6,180,5,24,0,99,2164
Haryana,Mahendragarh,2005,28.8238,75.8506,12,7,2,30,26,2,6,71,252,0,49,6,5,120,6,13,0,20,1084
Haryana,Mewat,2005,28.9988,76.0256,19,34,1,68,18,35,10,37,446,0,91,33,8,183,7,12,0,112,1567
Haryana,Panchkula,2005,29.0938,76.1206,9,2,0,16,30,0,3,139,454,0,4,73,0,31,2,7,0,65,1200
Haryana,Panipat,2005,28.9338,75.9606,42,19,7,112,70,17,34,176,1166,0,32,13,4,164,11,11,0,127,2138
Haryana,Rewari,2005,29.0388,76.0656,33,11,1,26,40,11,16,117,512,0,36,20,11,160,9,21,0,50,1753
Haryana,Rohtak,2005,29.0188,76.0456,48,48,1,58,32,9,31,209,850,0,37,81,9,178,9,17,0,79,2003
Haryana,Sirsa,2005,28.8138,75.8406,31,23,2,30,32,5,11,186,512,0,16,50,6,330,10,17,0,119,1667
Haryana,Sonipat,2005,29.0988,76.1256,73,42,1,56,78,14,35,178,928,0,8,74,6,287,14,21,0,124,2413
Haryana,Yamunanagar,2005,29.0288,76.0556,29,16,4,28,50,5,12,174,660,0,0,55,5,184,4,20,0,127,1707
Himachal Pradesh,Bilaspur,2005,31.2398,77.3084,13,7,3,16,18,1,1,34,118,0,28,22,20,58,0,30,0,27,1165
Himachal Pradesh,Chamba,2005,31.1798,77.2484,9,8,1,24,16,0,1,110,72,0,12,1,11,58,1,20,0,10,580
Himachal Pradesh,G.R.P.,2005,31.0148,77.0834,0,0,0,0,0,0,0,2,10,0,0,0,0,0,0,0,0,0,12
Himachal Pradesh,Hamirpur,2005,30.9198,76.9884,4,2,3,8,8,0,0,52,84,0,32,20,10,245,0,11,0,21,983
Himachal Pradesh,Kangra,2005,30.9748,77.0434,21,13,6,46,44,2,4,95,198,0,97,31,15,218,0,27,0,48,2023
Himachal Pradesh,Kinnaur,2005,31.0098,77.0784,3,1,0,8,6,1,1,36,20,0,10,0,0,14,0,6,0,6,231
Himachal Pradesh,Kullu,2005,31.1698,77.2384,10,13,1,38,48,1,8,82,154,0,49,4,2,52,0,23,0,12,870
Himachal Pradesh,Lahaul-Spiti,2005,31.1348,77.2034,0,0,0,0,2,0,0,0,4,0,0,0,0,3,0,0,0,1,51
Himachal Pradesh,Mandi,2005,31.2998,77.3684,7,12,1,16,20,0,2,65,124,0,46,16,16,156,0,70,0,20,1712
Himachal Pradesh,Shimla,2005,30.9848,77.0534,15,6,1,64,28,0,3,94,294,0,122,36,8,78,0,51,0,29,2009
Himachal Pradesh,Sirmaur,2005,31.2398,77.3084,12,5,0,22,18,0,0,33,66,0,58,11,4,40,0,20,0,21,720
Himachal Pradesh,Solan,2005,30.9498,77.0184,6,8,6,30,18,0,2,42,126,0,65,9,5,345,1,22,0,19,1236
Himachal Pradesh,Una,2005,31.3348,77.4034,10,4,0,10,10,1,0,51,122,0,39,13,6,92,0,6,0,14,755
Jammu & Kashmir,Anantnag,2005,33.7032,76.5012,37,49,5,18,166,4,22,146,244,0,47,19,29,19,0,63,0,1,1530
Jammu & Kashmir,Awantipora,2005,33.9232,76.7212,29,7,0,14,22,0,1,37,100,0,17,9,0,0,0,25,0,0,410
Jammu & Kashmir,Baramulla,2005,34.0082,76.8062,78,93,4,32,218,0,11,156,332,0,134,13,24,15,0,166,0,0,1701
Jammu & Kashmir,Border,2005,33.9582,76.7562,7,15,0,10,18,0,0,21,48,0,19,3,2,8,0,7,0,0,522
Jammu & Kashmir,Budgam,2005,33.7632,76.5612,27,29,3,12,126,1,2,82,282,0,118,9,13,5,0,75,0,0,965
Jammu & Kashmir,Crime Jammu,2005,33.6682,76.4662,2,0,0,0,0,0,0,0,0,0,0,43,0,0,0,0,0,0,46
Jammu & Kashmir,Crime Srinagar,2005,33.6932,76.4912,0,0,0,0,0,0,0,0,0,0,0,85,0,0,0,0,0,0,93
Jammu & Kashmir,Doda,2005,22.3072,73.1812,66,82,1,14,28,0,0,43,96,0,24,3,15,36,0,6,0,1,683
Jammu & Kashmir,Ganderbal,2005,33.7582,76.5562,13,3,1,10,78,0,7,35,120,0,52,7,16,1,0,42,0,0,498
Jammu & Kashmir,Handwara,2005,33.9382,76.7362,17,40,1,20,60,0,6,32,82,0,41,11,5,6,0,44,0,1,494
Jammu & Kashmir,Jammu,2005,33.7132,76.5112,22,58,9,40,84,1,1,180,764,0,69,64,9,32,4,22,0,28,3085
Jammu & Kashmir,Kargil,2005,33.9032,76.7012,0,0,0,2,4,0,0,5,8,0,2,3,1,0,0,3,0,0,93
Jammu & Kashmir,Kathua,2005,33.7082,76.5062,12,29,1,24,32,0,2,44,46,0,15,2,6,23,0,7,0,4,967
Jammu & Kashmir,Kulgam,2005,34.0182,76.8162,39,7,1,24,86,0,11,51,110,0,60,8,9,7,0,22,0,1,584
Jammu & Kashmir,Kupwara,2005,33.7082,76.5062,22,60,1,22,80,0,0,55,98,0,96,7,16,1,0,40,0,0,675
Jammu & Kashmir,Leh,2005,33.5582,76.3562,1,1,1,10,6,0,0,11,18,0,13,3,0,0,0,4,0,0,174
Jammu & Kashmir,Poonch,2005,33.8532,76.6512,35,85,1,14,32,0,0,22,120,0,50,8,10,30,0,11,0,7,641
Jammu & Kashmir,Pulwama,2005,33.6182,76.4162,42,70,1,14,74,1,14,57,218,0,191,10,10,71,0,40,0,0,922
Jammu & Kashmir,Railways,2005,33.9382,76.7362,0,1,0,0,2,0,0,0,18,0,0,0,1,0,0,0,0,0,22
Jammu & Kashmir,Rajouri,2005,33.9932,76.7912,51,63,0,42,46,0,2,46,122,0,91,13,29,39,0,15,0,14,1168
Jammu & Kashmir,Ramban,2005,33.6332,76.4312,50,42,1,12,24,2,0,25,86,0,14,9,9,8,0,4,0,4,648
Jammu & Kashmir,Reasi,2005,33.5782,76.3762,33,32,1,2,24,0,0,27,40,0,0,1,6,3,0,2,0,1,316
Jammu & Kashmir,Srinagar,2005,33.9132,76.7112,52,116,5,36,264,4,36,279,722,0,147,63,29,36,0,219,0,11,2883
Jammu & Kashmir,Udhampur,2005,34.0182,76.8162,12,23,0,30,22,0,1,43,128,0,22,10,1,15,1,13,0,3,996
Jharkhand,Bokaro,2005,23.7552,85.4249,49,13,0,72,86,34,45,186,1152,0,128,55,25,0,19,0,0,47,2411
Jharkhand,Chaibasa,2005,23.6402,85.3099,115,54,2,106,4,13,21,16,280,0,27,11,5,68,0,2,0,11,1004
Jharkhand,Chatra,2005,23.8152,85.4849,27,0,0,22,18,15,20,16,176,0,82,2,1,0,14,1,0,3,716
Jharkhand,Deoghar,2005,23.6502,85.3199,51,56,1,92,20,10,15,119,332,0,164,29,7,199,3,15,0,19,1385
Jharkhand,Dhanbad,2005,23.4652,85.1349,97,65,12,64,136,74,52,179,1444,0,296,79,8,481,48,16,0,31,3645
Jharkhand,Dhanbad Rly.,2005,23.4652,85.1349,5,0,0,4,4,22,22,4,36,0,4,3,0,0,3,0,0,0,104
Jharkhand,Dumka,2005,23.8202,85.4899,52,18,7,76,46,10,5,71,352,0,135,16,23,146,12,11,0,38,1571
Jharkhand,Garhwa,2005,23.4552,85.1249,47,5,0,34,40,8,17,46,154,0,132,20,0,8,17,0,0,15,964
Jharkhand,Giridih,2005,23.4852,85.1549,63,101,2,56,82,56,36,119,612,0,222,13,4,67,24,54,0,44,2356
Jharkhand,Godda,2005,23.5752,85.2449,44,83,6,92,58,6,11,52,234,0,142,30,30,71,8,28,0,39,1273
Jharkhand,Gumla,2005,23.5002,85.1699,140,40,1,90,34,26,27,32,122,0,31,5,7,1,2,10,0,6,787
Jharkhand,Hazaribagh,2005,23.5352,85.2049,104,34,11,114,110,105,82,155,1452,0,279,66,17,45,31,32,0,55,3189
Jharkhand,Jamshedpur,2005,23.8202,85.4899,87,103,8,74,86,22,49,152,1668,0,85,118,10,223,10,34,0,56,3143
Jharkhand,Jamshedpur Rly.,2005,23.3802,85.0499,8,0,0,0,4,7,7,5,260,0,1,4,0,5,0,3,0,3,400
Jharkhand,Jamtara,2005,23.6302,85.2999,19,28,2,0,12,13,5,25,176,0,70,6,0,124,6,17,0,17,540
Jharkhand,Koderma,2005,23.8052,85.4749,26,9,0,24,28,23,18,17,182,0,41,21,3,39,15,4,0,23,816
Jharkhand,Latehar,2005,23.6402,85.3099,34,1,1,24,12,27,13,16,118,0,14,1,0,0,1,2,0,3,459
Jharkhand,Lohardagga,2005,23.8352,85.5049,51,43,1,50,36,12,28,25,180,0,58,19,4,87,1,11,0,29,615
Jharkhand,Pakur,2005,23.4152,85.0849,35,84,4,60,18,7,5,18,108,0,90,11,7,112,4,12,0,5,719
Jharkhand,Palamu,2005,23.5902,85.2599,69,57,4,54,88,15,34,91,320,0,217,40,21,541,21,13,0,29,1718
Jharkhand,Ranchi,2005,23.4002,85.0699,239,168,19,199,210,101,190,239,2276,0,174,49,11,681,11,14,0,58,5075
Jharkhand,Sahebganj,2005,23.5702,85.2399,47,43,4,88,52,5,12,17,234,0,70,16,10,49,4,6,0,36,813
Jharkhand,Saraikela,2005,23.5452,85.2149,49,59,2,66,38,18,7,6,382,0,52,20,0,89,3,6,0,22,1013
Jharkhand,Simdega,2005,23.4902,85.1599,65,20,0,40,20,12,11,4,140,0,10,9,9,42,0,2,0,1,460
Karnataka,Bagalkot,2005,15.1423,75.5389,43,28,2,8,30,26,9,97,256,0,204,34,9,324,1,43,0,68,2083
Karnataka,Bangalore Commr.,2005,12.9716,77.5946,242,282,5,76,262,117,594,1771,19234,0,377,1633,5,3474,39,167,0,287,29042
Karnataka,Bangalore Rural,2005,13.0827,77.5877,171,94,2,32,88,26,58,378,1752,0,599,106,13,1154,46,110,0,102,8200
Karnataka,Belgaum,2005,15.8497,74.4977,116,79,1,26,82,13,36,234,726,0,311,141,23,816,10,74,0,108,5680
Karnataka,Bellary,2005,15.3773,75.7739,58,35,0,34,42,5,31,166,608,0,263,93,17,627,5,53,0,60,4432
Karnataka,Bidar,2005,15.5473,75.9439,38,44,1,10,24,2,22,136,366,0,165,34,9,1056,10,44,0,53,3589
Karnataka,Bijapur,2005,15.1273,75.5239,49,61,2,36,44,13,18,149,308,0,326,40,12,678,0,93,0,105,3015
Karnataka,Chamarajnagar,2005,15.3773,75.7739,24,29,1,14,16,3,3,81,268,0,89,10,0,503,3,43,0,23,1504
Karnataka,Chickmagalur,2005,15.3073,75.7039,35,25,0,32,18,6,12,154,386,0,135,18,8,809,7,33,0,69,2716
Karnataka,Chitradurga,2005,15.2373,75.6339,21,14,3,30,12,4,12,118,460,0,230,32,6,723,6,62,0,29,3492
Karnataka,Dakshin Kannada,2005,15.2273,75.6239,35,29,1,28,28,12,37,213,538,0,221,89,29,611,2,40,0,37,4292
Karnataka,Davanagere,2005,15.4473,75.8439,40,16,5,28,28,3,24,145,566,0,184,67,3,547,9,66,0,78,2869
Karnataka,Dharwad Commr.,2005,15.4589,75.0078,15,13,0,0,14,1,22,133,548,0,73,66,3,195,3,2,0,14,1818
Karnataka,Dharwad Rural,2005,15.4589,75.0078,22,15,4,8,16,3,3,36,130,0,80,13,0,136,5,21,0,12,992
Karnataka,Gadag,2005,15.2073,75.6039,20,23,1,2,14,11,4,56,134,0,123,14,1,152,4,16,0,14,1030
Karnataka,Gulbarga,2005,17.3297,76.8343,115,111,0,32,66,9,27,191,580,0,472,76,57,1060,12,119,0,112,4858
Karnataka,Hassan,2005,15.2273,75.6239,63,58,5,20,42,6,31,196,596,0,161,26,0,1128,8,49,0,42,4120
Karnataka,Haveri,2005,15.5423,75.9389,25,8,2,8,12,2,3,67,234,0,233,14,0,255,4,27,0,22,1888
Karnataka,K.G.F.,2005,15.4423,75.8389,8,24,4,10,16,1,4,50,200,0,52,13,0,240,7,18,0,20,841
Karnataka,Kodagu,2005,15.1573,75.5539,34,29,2,20,20,1,8,118,150,0,44,23,3,484,2,18,0,35,1478
Karnataka,Kolar,2005,15.4823,75.8789,73,49,5,40,60,4,30,125,712,0,359,43,0,592,19,41,0,41,3125
Karnataka,Koppal,2005,15.4823,75.8789,29,22,11,16,16,11,7,79,166,0,136,25,0,230,4,24,0,40,1589
Karnataka,Mandya,2005,15.1123,75.5089,43,56,1,34,24,4,13,179,522,0,197,25,0,800,13,56,0,60,3380
Karnataka,Mysore Commr.,2005,12.2958,76.6394,27,50,4,16,32,2,87,173,1146,0,43,67,0,359,6,17,0,82,2600
Karnataka,Mysore Rural,2005,15.1723,75.5689,43,34,4,28,16,5,13,154,498,0,178,20,0,760,13,66,0,57,2649
Karnataka,Raichur,2005,15.4623,75.8589,41,43,6,16,20,6,9,89,228,0,217,52,3,569,2,66,0,59,2609
Karnataka,Railways,2005,15.4773,75.8739,17,1,1,0,2,1,6,5,950,0,9,1,0,17,2,1,0,1,1009
Karnataka,Shimoga,2005,15.2973,75.6939,50,38,0,34,54,15,25,183,586,0,227,63,7,1071,7,88,0,158,4169
Karnataka,Tumkur,2005,15.4373,75.8339,64,54,5,28,48,6,28,306,838,0,226,35,8,888,8,59,0,41,4354
Karnataka,Udupi,2005,15.4773,75.8739,26,18,1,14,18,6,15,134,180,0,146,13,4,263,2,27,0,14,2237
Karnataka,Uttar Kannada,2005,15.2673,75.6639,22,24,1,6,14,3,11,70,150,0,71,23,18,362,2,42,0,40,2323
Kerala,Alapuzha,2005,10.8705,76.2911,23,21,3,44,36,6,28,226,448,0,288,181,21,1204,1,165,0,201,7622
Kerala,Cbcid,2005,10.8355,76.2561,10,3,0,2,0,3,1,10,2,0,11,18,24,1,0,0,0,5,164
Kerala,Ernakulam Commr.,2005,10.7805,76.2011,15,12,11,14,12,10,40,214,894,0,169,248,5,521,2,33,0,66,5930
Kerala,Ernakulam Rural,2005,10.6405,76.0611,25,19,8,30,28,20,30,250,698,0,332,137,13,1141,2,134,0,105,8667
Kerala,Idukki,2005,10.9005,76.3211,26,31,1,56,14,4,20,150,386,0,223,109,5,1236,2,125,0,107,4500
Kerala,Kannur,2005,10.6755,76.0961,23,18,2,50,14,5,15,196,382,0,616,111,81,986,0,121,0,215,5153
Kerala,Kasargod,2005,10.7755,76.1961,10,14,3,50,18,5,24,138,332,0,439,100,17,613,0,72,0,133,2998
Kerala,Kollam,2005,10.9005,76.3211,40,29,13,94,42,14,53,346,962,0,544,161,35,2286,2,320,0,367,9989
Kerala,Kottayam,2005,11.0855,76.5061,24,13,4,50,34,3,34,393,650,0,361,389,10,1650,1,167,0,149,7923
Kerala,Kozhikode Commr.,2005,11.2588,75.7804,11,16,4,26,24,18,30,183,646,0,238,175,21,420,2,50,0,130,3499
Kerala,Kozhikode Rural,2005,11.2588,75.7804,6,12,4,72,22,2,10,208,488,0,464,164,53,944,2,120,0,209,4533
Kerala,Malappuram,2005,10.7305,76.1511,28,33,1,100,26,21,22,258,850,0,629,273,36,883,0,130,0,449,6860
Kerala,Palakkad,2005,10.8855,76.3061,37,23,8,106,20,13,17,229,576,0,374,184,17,1030,1,66,0,279,5496
Kerala,Pathanamthitta,2005,10.7905,76.2111,22,14,3,28,18,1,14,201,288,0,171,100,20,924,1,139,0,119,4388
Kerala,Railways,2005,11.0105,76.4311,0,0,0,0,0,1,6,3,314,0,4,4,0,19,0,5,0,0,351
Kerala,Thrissur,2005,10.5276,76.2144,41,35,6,76,46,36,79,258,890,0,563,379,45,902,2,161,0,270,9639
Kerala,Trivandrum Commr.,2005,11.0655,76.4861,8,15,5,20,42,78,91,284,968,0,325,251,13,932,0,160,0,92,5495
Kerala,Trivandrum Rural,2005,10.9805,76.4011,30,29,12,72,44,27,95,423,892,0,602,214,34,1981,2,311,0,294,9108
Kerala,Wayanadu,2005,11.0555,76.4761,9,4,0,66,12,1,12,140,242,0,182,63,6,629,1,60,0,93,2164
Madhya Pradesh,Anuppur,2005,23.1484,78.8319,25,10,0,62,14,2,18,94,258,0,9,17,3,161,5,72,0,29,1458
Madhya Pradesh,Ashok Nagar,2005,22.8084,78.4919,36,43,5,94,14,5,10,102,204,0,30,5,12,702,9,113,0,30,1941
Madhya Pradesh,Balaghat,2005,22.9584,78.6419,65,36,1,116,20,3,7,140,388,0,48,16,24,479,4,155,0,34,2924
Madhya Pradesh,Barwani,2005,22.9784,78.6619,43,18,4,82,10,2,7,121,424,0,33,5,7,289,2,92,0,14,2335
Madhya Pradesh,Betul,2005,23.1484,78.8319,66,30,1,272,28,2,13,178,390,0,4,19,19,413,22,130,0,74,3005
Madhya Pradesh,Bhind,2005,22.8084,78.4919,97,121,0,58,42,20,56,192,484,0,117,20,14,816,28,73,0,41,3929
Madhya Pradesh,Bhopal,2005,23.2599,77.4126,72,71,0,158,62,6,108,740,2936,0,62,107,19,508,13,177,0,125,10850
Madhya Pradesh,Bhopal Rly.,2005,23.2599,77.4126,3,2,0,2,2,1,11,13,2350,0,6,12,2,17,3,11,0,1,2421
Madhya Pradesh,Burhanpur,2005,22.9334,78.6169,11,14,0,28,2,5,10,55,264,0,17,0,4,135,3,51,0,30,1449
Madhya Pradesh,Chhatarpur,2005,23.0184,78.7019,62,72,6,92,24,7,31,212,304,0,58,9,22,597,18,162,0,40,3651
Madhya Pradesh,Chhindwara,2005,23.1184,78.8019,74,29,3,244,38,3,14,190,524,0,52,19,15,1205,15,165,0,122,3963
Madhya Pradesh,Damoh,2005,22.7384,78.4219,40,68,0,86,24,7,18,116,278,0,12,4,4,1011,31,113,0,53,2275
Madhya Pradesh,Datiya,2005,23.1234,78.8069,37,61,0,60,40,7,30,96,268,0,29,17,7,472,7,66,0,26,2179
Madhya Pradesh,Dewas,2005,22.9584,78.6419,57,76,1,172,64,8,32,279,1440,0,107,57,37,418,20,186,0,173,6075
Madhya Pradesh,Dhar,2005,15.4589,75.0078,86,82,1,268,80,14,45,278,1200,0,100,21,37,722,41,180,0,63,5227
Madhya Pradesh,Dindori,2005,22.7284,78.4119,18,9,1,64,2,0,1,38,36,0,6,7,4,23,2,57,0,11,725
Madhya Pradesh,Guna,2005,22.9584,78.6419,40,34,3,154,10,10,34,174,538,0,88,22,13,1115,3,176,0,61,3421
Madhya Pradesh,Gwalior,2005,26.2183,78.1828,99,133,22,122,88,16,141,926,2756,0,138,104,13,1023,21,164,0,130,8765
Madhya Pradesh,Harda,2005,23.0384,78.7219,20,13,0,64,14,1,10,60,186,0,8,8,5,373,7,41,0,9,1098
Madhya Pradesh,Hoshangabad,2005,23.1584,78.8419,41,65,10,128,32,11,37,229,750,0,60,17,10,449,10,124,0,58,3546
Madhya Pradesh,Indore,2005,22.7196,75.8577,104,137,7,204,118,8,97,966,5360,0,122,132,32,1269,29,221,0,283,16026
Madhya Pradesh,Indore Rly.,2005,22.7196,75.8577,1,1,0,6,0,0,5,3,264,0,0,3,0,10,0,6,0,1,320
Madhya Pradesh,Jabalpur,2005,23.1815,79.9864,77,131,0,184,72,2,73,404,1664,0,82,110,4,4424,34,310,0,154,9463
Madhya Pradesh,Jabalpur Rly.,2005,23.1815,79.9864,3,0,2,0,0,1,18,8,732,0,1,1,1,7,2,10,0,0,772
Madhya Pradesh,Jhabua,2005,23.1184,78.8019,129,68,1,74,96,4,12,82,334,0,30,7,42,386,1,62,0,8,2505
Madhya Pradesh,Katni,2005,23.1084,78.7919,33,25,0,92,6,5,16,150,402,0,25,20,9,954,30,104,0,50,2534
Madhya Pradesh,Khandwa,2005,22.8834,78.5669,38,53,0,112,72,18,19,386,886,0,60,23,14,36,8,197,0,59,4380
Madhya Pradesh,Khargon,2005,22.9484,78.6319,40,42,1,122,18,14,18,232,1112,0,72,23,11,428,21,151,0,32,3972
Madhya Pradesh,Mandla,2005,22.7384,78.4219,44,15,0,122,16,1,8,69,126,0,6,9,4,333,4,75,0,18,1462
Madhya Pradesh,Mandsaur,2005,22.8484,78.5319,38,27,1,62,36,5,35,178,756,0,38,23,32,352,7,129,0,79,3046
Madhya Pradesh,Morena,2005,22.8584,78.5419,62,105,3,64,60,11,70,214,928,0,181,38,14,1376,27,89,0,74,5022
Madhya Pradesh,Narsinghpur,2005,22.9434,78.6269,34,50,6,130,4,2,17,76,256,0,21,8,15,1166,21,156,0,52,2613
Madhya Pradesh,Neemuch,2005,22.8684,78.5519,13,18,2,54,18,2,16,148,628,0,26,21,8,372,1,68,0,41,1860
Madhya Pradesh,Panna,2005,22.7284,78.4119,32,28,0,66,24,3,13,117,176,0,16,6,11,94,14,85,0,13,1487
Madhya Pradesh,Raisen,2005,22.8984,78.5819,46,55,0,194,28,3,20,136,410,0,70,12,11,340,8,154,0,57,3368
Madhya Pradesh,Rajgarh,2005,23.0634,78.7469,26,47,0,150,38,3,22,154,812,0,140,11,54,406,4,158,0,92,4493
Madhya Pradesh,Ratlam,2005,23.0084,78.6919,47,37,3,148,26,4,27,148,886,0,29,31,14,268,10,127,0,56,3797
Madhya Pradesh,Rewa,2005,23.0034,78.6869,53,46,1,128,52,6,42,464,794,0,74,41,30,903,42,107,0,39,3956
Madhya Pradesh,Sagar,2005,23.2134,78.8969,76,105,0,220,62,8,49,445,982,0,86,23,29,2486,34,362,0,127,7335
Madhya Pradesh,Satna,2005,23.1784,78.8619,78,53,3,150,36,6,44,396,826,0,43,28,27,970,34,195,0,66,5241
Madhya Pradesh,Seoni,2005,22.8884,78.5719,23,14,4,114,20,0,10,107,222,0,24,6,8,372,22,142,0,37,2454
Madhya Pradesh,Shahdol,2005,22.7684,78.4519,44,17,3,86,12,0,21,240,432,0,21,32,20,262,13,156,0,57,2552
Madhya Pradesh,Shajapur,2005,23.0784,78.7619,31,45,1,146,30,6,58,221,1084,0,73,11,26,1177,6,173,0,64,3570
Madhya Pradesh,Sheopur,2005,22.7384,78.4219,13,17,0,42,8,2,6,53,172,0,27,12,2,280,1,42,0,24,1167
Madhya Pradesh,Shivpuri,2005,23.1434,78.8269,73,86,0,116,44,9,30,142,620,0,52,25,25,405,2,99,0,30,3713
Madhya Pradesh,Sidhi,2005,22.8634,78.5469,50,9,7,94,44,5,12,327,502,0,29,20,13,694,23,132,0,42,3661
Madhya Pradesh,Sihore,2005,22.9134,78.5969,42,54,1,146,22,6,13,143,806,0,39,13,10,297,14,76,0,45,2957
Madhya Pradesh,Tikamgarh,2005,23.0834,78.7669,47,43,1,80,30,2,23,189,374,0,45,13,18,989,18,106,0,28,2761
Madhya Pradesh,Ujjain,2005,23.1765,75.7885,55,134,0,148,56,9,91,447,2116,0,72,69,29,792,17,172,0,173,7371
Madhya Pradesh,Umariya,2005,23.0784,78.7619,18,14,27,68,6,2,8,95,168,0,11,18,8,194,1,55,0,19,1208
Madhya Pradesh,Vidisha,2005,23.0934,78.7769,43,49,2,194,30,0,31,219,562,0,74,17,25,833,27,199,0,45,3944
Maharashtra,Ahmednagar,2005,19.7715,75.7339,92,56,1,112,66,45,84,392,2050,0,206,142,26,768,0,91,0,338,5241
Maharashtra,Akola,2005,19.8715,75.8339,46,40,2,42,48,10,56,285,2450,0,136,97,27,828,3,82,0,184,4594
Maharashtra,Amravati Commr.,2005,19.9615,75.9239,30,25,2,46,22,3,15,169,1564,0,83,63,14,396,2,31,0,57,2573
Maharashtra,Amravati Rural,2005,19.8215,75.7839,78,23,2,120,36,15,21,241,1854,0,93,39,35,760,10,122,0,132,3655
Maharashtra,Aurangabad Commr.,2005,19.8762,75.3433,22,27,0,52,24,14,55,183,1298,0,123,107,10,320,2,31,0,93,2476
Maharashtra,Aurangabad Rural,2005,19.9115,75.8739,46,17,1,18,12,19,30,124,674,0,195,37,34,738,26,44,0,263,2715
Maharashtra,Beed,2005,19.6065,75.5689,62,52,1,50,52,24,67,305,1566,0,417,52,55,1085,7,99,0,275,4324
Maharashtra,Bhandara,2005,19.8215,75.7839,27,11,3,30,34,1,12,175,950,0,52,39,43,340,3,64,0,67,2398
Maharashtra,Buldhana,2005,19.6415,75.6039,51,62,0,84,46,10,33,181,1726,0,163,182,72,716,53,110,0,187,4240
Maharashtra,Chandrapur,2005,19.8215,75.7839,61,18,0,82,34,10,29,323,1408,0,116,51,38,578,2,93,0,110,3446
Maharashtra,Dhule,2005,19.8865,75.8489,47,30,0,30,18,6,15,110,634,0,108,42,8,380,10,27,0,110,2258
Maharashtra,Gadchiroli,2005,19.7565,75.7189,60,45,3,44,10,17,24,97,280,0,36,4,48,279,1,62,0,42,1266
Maharashtra,Gondia,2005,19.5815,75.5439,29,21,0,44,36,5,16,209,752,0,41,23,23,378,1,106,0,59,2108
Maharashtra,Hingoli,2005,19.6515,75.6139,34,11,1,30,30,11,41,119,486,0,153,13,38,595,2,45,0,106,1908
Maharashtra,Jalgaon,2005,19.7315,75.6939,74,55,2,104,52,10,37,217,1466,0,200,311,12,698,4,92,0,301,4563
Maharashtra,Jalna,2005,19.7165,75.6789,37,40,2,40,26,21,58,153,782,0,176,63,42,533,21,53,0,215,2880
Maharashtra,Kolhapur,2005,19.6715,75.6339,65,62,2,52,50,8,27,258,1380,0,167,184,10,552,22,47,0,76,3423
Maharashtra,Latur,2005,19.8315,75.7939,49,40,1,48,44,17,36,220,802,0,175,55,35,962,40,61,0,107,3379
Maharashtra,Mumbai,2005,18.922,72.8347,212,136,8,402,396,104,362,3175,23806,0,261,1664,10,3731,9,385,0,336,34259
Maharashtra,Mumbai Rly.,2005,19.6465,75.6089,5,1,0,4,14,1,29,5,3148,0,16,39,0,36,0,12,0,0,3298
Maharashtra,Nagpur Commr.,2005,21.1458,79.0882,106,68,3,104,114,48,184,1236,5466,0,246,272,26,973,4,76,0,185,9605
Maharashtra,Nagpur Rly.,2005,19.8415,75.8039,9,2,1,2,6,9,16,3,1806,0,4,9,0,26,0,7,0,0,1892
Maharashtra,Nagpur Rural,2005,19.6665,75.6289,67,28,7,102,38,19,60,283,2334,0,168,47,48,677,8,113,0,86,4815
Maharashtra,Nanded,2005,19.9715,75.9339,70,112,3,82,84,40,85,325,1248,0,285,112,52,1359,17,85,0,239,5420
Maharashtra,Nandurbar,2005,19.5415,75.5039,27,22,0,38,6,5,6,56,336,0,65,43,2,234,3,21,0,73,1168
Maharashtra,Nasik Commr.,2005,19.8865,75.8489,28,17,2,42,32,10,19,387,1672,0,97,168,5,231,0,35,0,121,2776
Maharashtra,Nasik Rural,2005,19.9065,75.8689,105,31,1,100,50,19,42,317,1102,0,293,111,17,771,8,102,0,375,4513
Maharashtra,Navi Mumbai,2005,19.5315,75.4939,51,21,2,38,30,42,71,395,2242,0,110,187,8,425,9,42,0,63,3843
Maharashtra,Osmanabad,2005,19.6415,75.6039,41,19,0,44,14,15,23,207,868,0,111,58,23,649,1,42,0,118,3027
Maharashtra,Parbhani,2005,19.5665,75.5289,39,33,2,28,26,19,31,159,688,0,167,74,30,852,10,40,0,131,2383
Maharashtra,Pune Commr.,2005,18.5204,73.8567,106,85,7,158,204,45,190,1201,8644,0,474,609,16,1258,1,107,0,201,12990
Maharashtra,Pune Rly.,2005,19.7565,75.7189,1,1,0,0,0,3,5,0,318,0,3,1,0,2,0,2,0,0,334
Maharashtra,Pune Rural,2005,19.6315,75.5939,123,43,2,92,66,61,75,382,1966,0,181,141,32,595,6,57,0,172,5343
Maharashtra,Raigad,2005,19.7865,75.7489,41,22,0,50,16,30,20,164,782,0,140,50,5,324,4,47,0,63,2322
Maharashtra,Ratnagiri,2005,19.9015,75.8639,21,3,0,54,14,5,15,167,548,0,79,52,19,191,2,40,0,40,1458
Maharashtra,Sangli,2005,19.5815,75.5439,77,12,1,68,64,11,41,245,1442,0,128,169,23,423,7,55,0,105,3068
Maharashtra,Satara,2005,19.8865,75.8489,59,32,7,62,52,19,43,339,1506,0,144,96,30,455,6,61,0,180,3777
Maharashtra,Sindhudurg,2005,19.7465,75.7089,15,8,2,8,8,7,4,119,220,0,45,12,14,142,0,20,0,4,853
Maharashtra,Solapur Commr.,2005,19.8765,75.8389,24,15,0,40,20,13,38,214,688,0,89,102,4,186,1,17,0,47,1644
Maharashtra,Solapur Rural,2005,19.7715,75.7339,97,38,8,80,52,25,52,199,930,0,193,31,20,623,6,54,0,127,3363
Maharashtra,Thane Commr.,2005,19.2183,72.9781,106,52,3,120,170,65,146,1127,4084,0,288,564,17,1815,1,110,0,246,8554
Maharashtra,Thane Rural,2005,19.5965,75.5589,140,51,2,132,94,53,86,452,1296,0,226,137,23,710,5,132,0,133,4600
Maharashtra,Wardha,2005,19.8415,75.8039,45,30,4,70,62,10,31,254,1070,0,71,56,56,914,4,110,0,94,4018
Maharashtra,Washim,2005,19.5515,75.5139,24,24,1,24,30,7,17,115,864,0,102,17,25,451,10,63,0,139,2096
Maharashtra,Yavatmal,2005,19.9265,75.8889,72,73,9,118,86,17,64,328,2506,0,153,66,48,1058,10,133,0,233,5439
Manipur,Bishnupur,2005,24.4637,93.7063,30,38,0,6,14,0,0,5,38,0,6,8,4,38,0,3,0,1,340
Manipur,Chandel,2005,24.8937,94.1363,20,10,0,0,2,4,2,2,6,0,0,3,11,5,0,2,0,0,89
Manipur,Churachandpur,2005,24.7837,94.0263,49,25,1,0,8,0,0,4,22,0,1,3,1,4,0,2,0,0,175
Manipur,Imphal(East),2005,28.6333,77.2833,38,50,0,8,56,0,1,6,62,0,5,50,20,62,0,3,0,1,523
Manipur,Imphal(West),2005,28.65,77.1,49,68,1,20,82,0,4,38,276,0,12,40,58,107,0,12,0,3,1058
Manipur,Senapati,2005,24.4637,93.7063,10,12,0,0,6,0,1,1,14,0,0,3,19,3,0,0,0,0,120
Manipur,Tamenglong,2005,24.4787,93.7213,7,2,0,2,2,0,0,0,8,0,2,1,8,3,0,0,0,0,47
Manipur,Thoubal,2005,24.4487,93.6913,46,38,1,14,40,0,0,5,54,0,9,9,9,73,0,3,0,15,482
Manipur,Ukhrul,2005,24.7087,93.9513,7,9,1,0,2,0,0,1,6,0,0,5,25,0,0,0,0,0,79
Meghalaya,Garo Hills East,2005,28.6333,77.2833,10,6,1,8,14,12,7,11,66,0,9,6,7,15,0,0,0,0,171
Meghalaya,Garo Hills South,2005,28.5333,77.2,5,2,0,0,4,3,2,1,34,0,0,0,1,2,0,2,0,0,54
Meghalaya,Garo Hills West,2005,28.65,77.1,11,4,0,6,22,14,5,18,94,0,26,5,14,40,0,9,0,2,267
Meghalaya,Jaintia Hills,2005,25.487,91.3862,43,3,0,20,14,11,8,15,124,0,0,3,9,24,0,10,0,0,286
Meghalaya,Khasi Hills East,2005,28.6333,77.2833,40,12,0,50,38,12,55,89,450,0,7,24,30,22,1,10,0,1,829
Meghalaya,Khasi Hills West,2005,28.65,77.1,8,7,0,24,0,21,7,12,68,0,0,1,0,5,0,7,0,0,175
Meghalaya,Ri-Bhoi,2005,25.712,91.6112,17,1,1,18,4,9,11,2,116,0,0,0,9,27,0,6,0,0,214
Mizoram,Aizawl,2005,23.3695,93.1426,4,4,2,20,10,2,2,90,460,0,9,18,7,11,0,10,0,0,637
Mizoram,Champhai,2005,23.1495,92.9226,4,3,1,10,2,0,0,70,120,0,3,3,1,12,0,7,0,0,233
Mizoram,Kolasib,2005,23.3695,93.1426,2,1,0,4,0,0,0,30,140,0,0,2,1,4,0,0,0,0,184
Mizoram,Lawngtlai,2005,23.2295,93.0026,3,3,0,4,4,0,1,60,140,0,5,10,2,11,2,6,0,0,249
Mizoram,Lunglei,2005,23.3295,93.1026,4,4,1,12,4,1,2,80,400,0,5,10,6,14,0,8,0,0,542
Mizoram,Mamit,2005,23.2195,92.9926,4,2,1,12,4,0,0,22,30,0,1,5,0,5,0,3,0,0,104
Mizoram,Saiha,2005,22.9895,92.7626,2,3,0,4,2,0,1,60,214,0,10,8,2,10,2,9,0,0,316
Mizoram,Serchhip,2005,23.3445,93.1176,1,4,0,8,0,0,0,30,50,0,2,2,1,10,0,6,0,0,146
Nagaland,Dimapur,2005,26.3284,94.7324,23,4,1,14,10,5,55,35,234,0,0,12,0,7,0,0,0,0,399
Nagaland,Kiphire,2005,26.1734,94.5774,0,0,1,0,0,0,0,2,4,0,0,0,0,0,0,0,0,0,19
Nagaland,Kohima,2005,26.0484,94.4524,19,7,0,10,24,5,12,17,122,0,0,21,0,5,0,0,0,0,254
Nagaland,Mokokchung,2005,26.2884,94.6924,3,2,1,0,0,0,1,10,18,0,0,1,1,6,0,1,0,0,47
Nagaland,Mon,2005,25.9134,94.3174,15,3,0,2,2,0,5,3,50,0,1,1,0,7,0,1,0,0,89
Nagaland,Peren,2005,26.1434,94.5474,5,3,0,2,0,0,0,4,16,0,0,0,0,0,0,4,0,0,30
Nagaland,Phek,2005,26.2334,94.6374,2,1,1,2,4,2,4,5,18,0,0,2,1,6,0,1,0,0,52
Nagaland,Tuensang,2005,26.1484,94.5524,9,0,3,2,4,0,0,8,10,0,6,3,2,0,0,0,0,0,77
Nagaland,Wokha,2005,26.2734,94.6774,10,4,1,0,8,0,2,1,80,0,1,0,0,4,0,0,0,0,110
Nagaland,Zunheboto,2005,26.1234,94.5274,1,2,0,2,0,0,1,8,36,0,0,1,0,0,0,0,0,0,51
Odisha,Angul,2005,21.1617,85.3085,41,46,1,56,30,16,38,94,604,0,112,39,12,60,5,135,0,61,2047
Odisha,Balasore,2005,20.7367,84.8835,27,18,3,86,82,7,31,151,502,0,55,38,21,268,32,132,0,122,2584
Odisha,Baragarh,2005,20.7917,84.9385,33,54,0,42,24,5,21,80,436,0,70,45,26,19,9,112,0,256,1655
Odisha,Berhampur,2005,20.7067,84.8535,17,58,2,12,14,9,73,95,424,0,40,46,10,70,1,111,0,24,1504
Odisha,Bhadrak,2005,21.0067,85.1535,17,32,0,74,36,3,16,61,202,0,34,34,16,14,9,90,0,116,1720
Odisha,Bolangir,2005,20.9017,85.0485,39,80,3,74,80,3,35,72,342,0,66,27,13,24,11,126,0,22,1621
Odisha,Boudh,2005,21.1017,85.2485,16,4,0,14,4,0,4,18,62,0,13,2,7,136,3,35,0,6,409
Odisha,Cuttack,2005,20.8467,84.9935,34,119,0,58,142,19,135,317,1554,0,82,96,11,333,39,24,0,162,4197
Odisha,Deogarh,2005,20.8517,84.9985,15,15,1,32,16,6,20,25,74,0,20,4,5,208,1,60,0,12,581
Odisha,Dhenkanal,2005,21.1317,85.2785,36,56,0,16,24,8,20,66,268,0,97,36,10,95,20,139,0,34,1546
Odisha,Gajapati,2005,20.8317,84.9785,22,7,3,18,12,1,2,40,78,0,22,8,3,44,1,35,0,3,420
Odisha,Ganjam,2005,21.0467,85.1935,56,66,6,52,50,9,41,131,290,0,63,13,24,269,28,179,0,92,1948
Odisha,Jagatsinghpur,2005,20.7617,84.9085,26,35,5,28,22,6,27,74,228,0,24,25,7,123,11,7,0,35,1218
Odisha,Jajpur,2005,21.1767,85.3235,22,28,0,40,78,6,44,75,292,0,40,20,18,297,25,37,0,59,1786
Odisha,Jharsuguda,2005,21.1817,85.3285,12,14,0,38,12,5,17,71,310,0,45,15,17,539,1,52,0,22,1194
Odisha,Kalahandi,2005,20.9067,85.0535,24,29,3,60,22,5,29,55,164,0,94,49,9,180,5,40,0,32,1064
Odisha,Kandhamal,2005,21.0667,85.2135,28,11,0,40,40,3,10,41,140,0,22,13,6,477,8,111,0,45,947
Odisha,Kendrapara,2005,21.0217,85.1685,29,42,1,46,40,5,27,63,214,0,12,15,17,45,19,13,0,5,1159
Odisha,Keonjhar,2005,21.0417,85.1885,72,64,1,72,42,7,39,96,482,0,62,31,21,101,12,89,0,20,2268
Odisha,Khurda,2005,21.1267,85.2735,43,71,3,114,130,20,130,491,2440,0,79,247,29,1092,17,42,0,46,5432
Odisha,Koraput,2005,20.9817,85.1285,46,19,2,90,54,9,15,102,316,0,66,30,14,39,2,116,0,64,1551
Odisha,Malkangir,2005,21.0667,85.2135,41,31,4,14,14,8,3,21,80,0,30,7,4,60,3,23,0,6,495
Odisha,Mayurbhanj,2005,20.9467,85.0935,70,38,4,204,80,4,28,95,452,0,27,30,14,24,19,136,0,180,2259
Odisha,Nayagarh,2005,20.7817,84.9285,28,7,0,34,50,7,13,73,218,0,33,30,16,317,4,10,0,14,991
Odisha,Nowrangpur,2005,20.7267,84.8735,29,13,0,36,16,4,9,49,116,0,56,2,4,76,2,49,0,8,756
Odisha,Nuapada,2005,21.0017,85.1485,11,2,1,12,14,7,10,22,164,0,23,15,9,52,2,38,0,14,751
Odisha,Puri,2005,21.0967,85.2435,54,134,0,62,48,7,49,168,592,0,42,27,11,21,30,24,0,90,2477
Odisha,Rayagada,2005,20.8267,84.9735,27,20,0,34,6,9,14,32,168,0,50,12,8,4,2,44,0,37,965
Odisha,Rourkela,2005,21.1017,85.2485,23,19,1,34,24,3,18,96,504,0,13,36,3,34,8,51,0,26,1351
Odisha,Sambalpur,2005,21.1217,85.2685,44,84,0,30,50,17,44,145,588,0,55,17,11,121,3,76,0,22,2046
Odisha,Sonepur,2005,20.7717,84.9185,10,14,0,8,2,0,2,21,60,0,29,6,7,19,0,43,0,6,347
Odisha,Srp(Cuttack),2005,20.9017,85.0485,2,3,0,2,2,2,9,6,566,0,1,2,1,14,0,4,0,2,610
Odisha,Srp(Rourkela),2005,20.9967,85.1435,3,1,0,2,6,1,3,10,198,0,3,1,0,4,0,6,0,1,232
Odisha,Sundargarh,2005,20.7717,84.9185,82,45,4,64,16,13,22,73,358,0,35,22,2,740,2,49,0,27,1755
Punjab,Amritsar,2005,31.634,74.8723,47,28,4,10,40,7,4,52,242,0,0,199,0,114,2,6,0,44,1124
Punjab,Barnala,2005,31.3321,75.5262,11,12,2,22,4,1,1,31,58,0,1,86,1,73,3,11,0,12,473
Punjab,Batala,2005,31.1221,75.3162,22,30,1,48,36,5,1,42,166,0,0,127,0,136,7,7,0,34,1085
Punjab,Bhatinda,2005,30.9171,75.1112,45,52,73,60,74,2,4,193,382,0,0,150,5,214,2,23,0,45,1547
Punjab,Faridkot,2005,30.9071,75.1012,17,36,1,12,20,4,0,56,118,0,0,71,0,125,1,10,0,9,579
Punjab,Fatehgarh Sahib,2005,31.0171,75.2112,17,5,1,12,12,5,4,34,98,0,0,82,0,88,4,1,0,13,627
Punjab,Ferozpur,2005,31.2371,75.4312,43,38,7,48,28,5,0,112,306,0,0,112,4,332,8,10,0,21,1354
Punjab,G.R.P,2005,31.3271,75.5212,5,3,0,2,2,1,0,0,58,0,0,17,1,12,2,4,0,0,295
Punjab,Gurdaspur,2005,30.9771,75.1712,25,24,5,32,34,2,0,50,158,0,0,39,5,105,6,11,0,22,848
Punjab,Hoshiarpur,2005,31.2071,75.4012,34,30,10,46,38,3,5,59,184,0,0,109,5,218,8,11,0,46,1120
Punjab,Jagraon,2005,27.1767,78.0081,15,24,2,24,32,4,4,75,168,0,0,33,0,138,0,9,0,3,841
Punjab,Jalandhar,2005,31.3271,75.5212,63,83,11,74,160,16,9,226,670,0,0,454,8,460,7,27,0,78,2926
Punjab,Kapurthala,2005,30.9371,75.1312,23,26,4,36,48,5,2,63,270,0,0,119,3,180,2,21,0,29,1031
Punjab,Khanna,2005,31.1671,75.3612,7,36,3,22,24,4,8,75,198,0,0,38,1,152,2,12,0,20,956
Punjab,Ludhiana,2005,30.901,75.8573,61,55,14,84,104,16,7,200,736,0,0,327,5,216,5,26,0,85,2707
Punjab,Majitha,2005,31.3921,75.5862,35,21,2,18,36,5,4,37,142,0,0,72,5,141,7,2,0,16,697
Punjab,Mansa,2005,30.9521,75.1462,23,23,26,30,22,3,1,51,78,0,0,59,1,143,1,5,0,18,613
Punjab,Moga,2005,31.1921,75.3862,22,34,10,18,36,7,2,65,148,0,0,119,0,201,3,6,0,13,873
Punjab,Muktsar,2005,31.0321,75.2262,26,30,4,36,46,6,2,62,170,0,0,87,5,126,3,18,0,34,772
Punjab,Nawan Shahr,2005,30.9721,75.1662,13,23,2,28,24,6,15,92,232,0,0,75,2,222,2,8,0,21,850
Punjab,Patiala,2005,31.0121,75.2062,61,30,10,38,48,8,9,181,656,0,0,224,0,414,8,30,0,82,2786
Punjab,Ropar,2005,30.9021,75.0962,27,10,0,36,24,8,1,81,278,0,0,117,1,128,6,16,0,29,1204
Punjab,Sangrur,2005,31.1871,75.3812,33,34,19,22,42,6,2,66,218,0,0,149,3,197,7,14,0,43,1155
Punjab,Tarn Taran,2005,30.8971,75.0912,38,36,5,38,22,1,0,30,114,0,0,69,0,132,3,20,0,12,673
Rajasthan,Ajmer,2005,26.4499,74.6399,43,54,2,52,178,2,33,339,1718,0,46,313,18,370,11,61,0,339,5861
Rajasthan,Alwar,2005,26.9488,74.1429,78,93,5,104,172,17,42,143,2188,0,157,463,27,1973,31,110,0,297,6921
Rajasthan,Banswara,2005,27.1438,74.3379,26,15,0,58,66,0,9,77,210,0,119,53,19,1088,7,83,0,56,2426
Rajasthan,Baran,2005,27.0538,74.2479,34,80,0,90,94,2,9,91,516,0,23,122,20,389,3,121,0,212,2977
Rajasthan,Barmer,2005,27.2438,74.4379,27,28,1,38,52,0,3,88,372,0,20,107,15,647,13,86,0,72,2479
Rajasthan,Bharatpur,2005,27.0638,74.2579,91,111,1,92,176,6,23,63,1544,0,2,312,32,798,35,44,0,220,6664
Rajasthan,Bhilwara,2005,27.1438,74.3379,35,48,8,78,272,5,43,265,1658,0,130,339,27,105,14,87,0,293,5105
Rajasthan,Bikaner,2005,26.9588,74.1529,39,86,0,60,40,2,14,147,724,0,0,185,14,362,12,67,0,199,3418
Rajasthan,Bundi,2005,27.1988,74.3929,20,75,0,82,140,0,8,89,488,0,40,80,8,889,5,105,0,166,3143
Rajasthan,Chittorgarh,2005,26.8788,74.0729,52,55,3,122,266,7,30,256,1114,0,135,287,36,1858,7,118,0,335,5675
Rajasthan,Churu,2005,27.0738,74.2679,19,33,1,36,56,1,8,78,288,0,17,162,13,687,7,60,0,149,2258
Rajasthan,Dausa,2005,27.0938,74.2879,27,21,0,24,60,2,7,77,1104,0,58,139,10,52,13,12,0,83,3450
Rajasthan,Dholpur,2005,27.0088,74.2029,31,87,1,50,106,7,16,50,546,0,39,104,13,1315,17,30,0,98,2900
Rajasthan,Dungarpur,2005,27.0238,74.2179,21,11,1,18,62,1,9,36,100,0,83,35,14,109,3,39,0,50,1468
Rajasthan,G.R.P.,2005,26.9338,74.1279,4,3,0,4,4,2,9,0,934,0,4,7,0,5,0,15,0,0,976
Rajasthan,Ganganagar,2005,27.0638,74.2579,59,114,0,90,106,0,17,215,908,0,7,469,15,1067,10,58,0,373,4855
Rajasthan,Hanumangarh,2005,27.1788,74.3729,48,79,0,72,56,1,11,117,476,0,0,297,8,415,12,58,0,235,3185
Rajasthan,Jaipur,2005,26.9124,75.7873,88,95,6,164,422,10,49,821,8082,0,489,1844,47,1714,40,212,0,538,20293
Rajasthan,Jaisalmer,2005,26.7738,73.9679,7,0,1,4,18,1,3,61,230,0,14,31,2,0,5,16,0,16,742
Rajasthan,Jalore,2005,27.0488,74.2429,15,22,0,10,44,1,2,75,278,0,10,109,15,44,5,42,0,59,2108
Rajasthan,Jhalawar,2005,26.8238,74.0179,40,87,1,80,136,29,21,127,754,0,106,105,53,1000,6,160,0,199,3558
Rajasthan,Jhunjhunu,2005,26.8438,74.0379,27,13,0,62,58,2,7,119,522,0,81,166,33,139,11,45,0,98,3355
Rajasthan,Jodhpur,2005,26.2389,73.0243,47,102,1,58,150,1,52,340,2476,0,63,599,20,1805,16,98,0,221,6456
Rajasthan,Karauli,2005,27.1438,74.3379,26,20,2,44,124,3,5,40,760,0,4,138,14,98,14,40,0,116,3166
Rajasthan,Kota,2005,25.2138,75.8648,44,303,5,80,218,7,43,293,2236,0,25,429,23,470,5,154,0,361,6773
Rajasthan,Nagaur,2005,27.1488,74.3429,38,27,4,66,86,1,11,169,700,0,8,249,25,176,15,169,0,136,4078
Rajasthan,Pali,2005,26.8388,74.0329,33,35,3,72,136,2,14,206,658,0,34,199,15,30,8,145,0,211,4693
Rajasthan,Rajsamand,2005,26.9338,74.1279,18,19,0,16,94,1,7,70,358,0,36,103,12,1096,0,29,0,117,2318
Rajasthan,Sawai Madhopur,2005,26.8038,73.9979,18,33,1,46,72,1,12,92,762,0,2,106,11,18,8,28,0,114,3059
Rajasthan,Sikar,2005,27.2388,74.4329,51,46,0,42,136,0,7,176,762,0,102,165,37,417,12,22,0,137,4223
Rajasthan,Sirohi,2005,27.2038,74.3979,30,24,2,46,48,1,16,110,334,0,82,102,14,656,4,51,0,104,2132
Rajasthan,Tonk,2005,26.9938,74.1879,24,26,1,36,128,2,7,88,736,0,107,179,9,1332,1,37,0,188,3844
Rajasthan,Udaipur,2005,24.5854,73.7125,61,75,9,90,210,3,43,309,1260,0,247,343,29,1482,11,101,0,205,6418
Sikkim,East,2005,28.6333,77.2833,5,10,1,16,4,0,1,43,86,0,7,32,1,37,0,8,0,3,271
Sikkim,North,2005,28.7,77.1833,0,2,0,2,0,0,0,3,16,0,1,0,1,5,0,1,0,0,32
Sikkim,South,2005,28.5333,77.2,2,2,0,12,2,2,3,30,48,0,9,5,0,37,0,22,0,0,173
Sikkim,West,2005,28.65,77.1,1,2,1,6,0,0,0,9,12,0,2,7,1,20,0,7,0,1,76
Tamil Nadu,Chennai,2005,13.0827,80.2707,123,175,4,86,110,5,59,597,6126,0,78,530,0,1124,30,82,0,236,20127
Tamil Nadu,Chennai Rly.,2005,13.0827,80.2707,1,1,0,0,0,1,2,3,184,0,9,4,0,31,0,3,0,2,373
Tamil Nadu,Coimbatore Rural,2005,11.0168,76.9558,87,122,0,66,94,4,35,333,2710,0,117,168,18,3608,8,165,0,147,10000
Tamil Nadu,Coimbatore Urban,2005,11.0168,76.9558,19,20,1,12,8,2,31,153,1792,0,194,109,1,120,3,21,0,31,3845
Tamil Nadu,Cuddalore,2005,10.9221,78.4519,60,90,0,64,64,2,13,87,910,0,134,1,13,516,13,45,0,40,6458
Tamil Nadu,Dharmapuri,2005,11.3221,78.8519,31,32,2,14,62,3,6,52,358,0,131,41,27,664,5,42,0,41,2727
Tamil Nadu,Dindigul,2005,11.0971,78.6269,73,51,0,34,72,1,13,73,850,0,34,73,0,395,5,33,0,35,4829
Tamil Nadu,Erode,2005,11.3071,78.8369,55,28,0,44,44,2,15,114,1218,0,32,84,18,2295,5,72,0,63,6379
Tamil Nadu,Kanchipuram,2005,10.9271,78.4569,42,62,0,36,58,4,19,90,860,0,38,0,9,346,12,43,0,10,5085
Tamil Nadu,Kanyakumari,2005,11.0221,78.5519,30,41,3,26,32,2,3,110,520,0,6,124,12,311,1,15,0,40,3063
Tamil Nadu,Karur,2005,11.1021,78.6319,23,25,1,12,30,2,9,57,514,0,23,19,12,233,5,8,0,26,2865
Tamil Nadu,Krishnagiri,2005,16.1809,81.1303,42,21,1,20,60,7,14,95,698,0,184,60,25,773,10,47,0,28,5024
Tamil Nadu,Madurai Rural,2005,9.9252,78.1198,36,70,0,48,72,2,19,100,880,0,89,62,15,1290,4,57,0,44,5380
Tamil Nadu,Madurai Urban,2005,9.9252,78.1198,21,40,0,10,40,1,24,101,860,0,126,222,2,92,3,28,0,43,3384
Tamil Nadu,Nagapattinam,2005,10.9171,78.4469,43,31,1,24,40,0,8,62,440,0,41,38,18,1437,2,45,0,19,3673
Tamil Nadu,Namakkal,2005,11.3721,78.9019,29,26,0,0,70,1,6,52,388,0,72,19,11,1378,0,39,0,41,3310
Tamil Nadu,Nilgiris,2005,10.8821,78.4119,11,21,0,26,18,1,2,73,240,0,16,12,0,209,0,32,0,6,1695
Tamil Nadu,Perambalur,2005,11.1921,78.7219,34,34,0,38,38,1,12,57,380,0,63,37,9,691,3,51,0,21,2683
Tamil Nadu,Pudukottai,2005,11.3371,78.8669,29,33,0,28,68,0,10,78,536,0,199,22,18,306,4,55,0,51,3752
Tamil Nadu,Ramnathapuram,2005,11.2321,78.7619,29,28,1,10,34,1,3,49,250,0,42,56,16,416,4,28,0,29,2894
Tamil Nadu,Salem Rural,2005,11.6643,78.146,53,172,0,104,214,5,16,112,578,0,195,71,36,2590,14,218,0,154,6091
Tamil Nadu,Salem Urban,2005,11.6643,78.146,17,8,0,8,24,0,1,34,532,0,2,97,1,121,6,9,0,18,4025
Tamil Nadu,Sivagangai,2005,11.3421,78.8719,15,40,2,4,18,5,3,78,474,0,15,43,9,258,8,8,0,28,2400
Tamil Nadu,Thanjavur,2005,11.0871,78.6169,63,55,0,18,90,1,7,155,1226,0,88,18,27,648,7,102,0,26,4095
Tamil Nadu,Theni,2005,10.9271,78.4569,29,51,0,6,34,0,2,79,456,0,38,72,12,413,2,50,0,19,3227
Tamil Nadu,Thirunelveli Rural,2005,10.9821,78.5119,75,108,4,54,52,3,9,83,748,0,0,30,19,1267,5,123,0,48,5530
Tamil Nadu,Thirunelveli Urban,2005,11.2971,78.8269,14,43,0,4,20,1,4,30,316,0,0,50,3,72,1,7,0,6,1191
Tamil Nadu,Thiruvallur,2005,10.9921,78.5219,27,19,1,30,42,4,7,77,382,0,58,12,5,1447,14,58,0,24,3061
Tamil Nadu,Thiruvannamalai,2005,11.3571,78.8869,33,18,0,52,70,0,5,48,690,0,121,88,17,1330,5,17,0,53,2971
Tamil Nadu,Thiruvarur,2005,11.3171,78.8469,16,20,0,8,22,1,2,65,468,0,31,23,13,1001,1,72,0,15,3064
Tamil Nadu,Thoothugudi,2005,10.9971,78.5269,63,71,2,34,50,1,4,135,858,0,3,137,22,1376,3,10,0,59,4571
Tamil Nadu,Trichy Rly.,2005,11.1121,78.6419,1,0,0,0,0,0,1,2,154,0,2,4,0,20,0,1,0,1,200
Tamil Nadu,Trichy Rural,2005,11.3421,78.8719,50,35,0,38,106,4,21,80,496,0,35,20,13,1084,7,12,0,43,3855
Tamil Nadu,Trichy Urban,2005,10.9771,78.5069,18,10,0,2,14,2,11,75,630,0,3,74,3,702,2,17,0,23,2935
Tamil Nadu,Vellore,2005,11.2471,78.7769,49,32,2,45,74,1,12,151,1154,0,26,133,26,2229,12,54,0,28,6411
Tamil Nadu,Viluppuram,2005,11.3121,78.8419,68,83,3,98,98,1,13,102,612,0,250,21,36,468,9,50,0,59,5959
Tamil Nadu,Virudhunagar,2005,11.1371,78.6669,31,43,0,38,116,2,16,96,1214,0,56,120,29,464,2,45,0,93,5228
Tripura,Dhalai,2005,24.0858,92.1332,12,5,0,30,42,9,5,19,44,0,30,2,2,47,1,13,0,29,328
Tripura,North,2005,28.7,77.1833,27,17,1,94,38,6,19,47,128,0,30,15,11,103,3,44,0,105,727
Tripura,South,2005,28.5333,77.2,21,14,0,84,42,1,11,47,220,0,31,15,5,144,11,65,0,129,941
Tripura,West,2005,28.65,77.1,61,20,0,116,48,6,26,57,258,0,57,27,17,135,19,39,0,176,1360
Uttar Pradesh,Agra,2005,27.1767,78.0081,115,126,34,58,240,12,71,169,2174,0,197,158,12,421,38,80,0,232,4799
Uttar Pradesh,Aligarh,2005,27.8974,78.088,176,200,20,122,224,17,80,123,1770,0,226,189,62,337,43,38,0,226,4166
Uttar Pradesh,Allahabad,2005,25.4358,81.8463,144,118,48,34,134,4,48,198,974,0,120,162,25,284,40,30,0,117,3517
Uttar Pradesh,Ambedkar Nagar,2005,26.8067,80.9062,47,41,13,22,64,1,25,44,246,0,20,33,6,158,13,14,0,42,886
Uttar Pradesh,Auraiya,2005,27.0267,81.1262,55,44,5,18,72,9,26,31,144,0,31,21,12,162,22,15,0,26,962
Uttar Pradesh,Azamgarh,2005,26.8117,80.9112,84,91,21,20,68,7,68,85,370,0,109,64,5,286,27,26,0,156,2030
Uttar Pradesh,Badaun,2005,26.9517,81.0512,179,182,32,44,154,5,27,42,358,0,32,15,18,178,32,39,0,47,2003
Uttar Pradesh,Baghpat,2005,26.9667,81.0662,83,69,7,26,66,6,31,23,256,0,55,30,0,129,10,15,0,74,1002
Uttar Pradesh,Bahraich,2005,26.9717,81.0712,50,43,19,50,82,18,16,55,242,0,44,38,10,179,21,20,0,21,1164
Uttar Pradesh,Ballia,2005,26.6167,80.7162,36,52,21,4,16,3,14,51,190,0,67,28,5,142,12,7,0,11,863
Uttar Pradesh,Balrampur,2005,26.6017,80.7012,16,13,6,12,10,1,3,17,88,0,7,11,0,54,4,9,0,7,309
Uttar Pradesh,Banda,2005,26.8967,80.9962,65,34,16,32,32,1,13,39,184,0,29,51,7,87,22,32,0,12,1009
Uttar Pradesh,Barabanki,2005,26.9967,81.0962,49,66,12,60,70,7,22,79,394,0,44,11,3,220,21,29,0,59,1638
Uttar Pradesh,Bareilly,2005,28.367,79.4304,224,209,32,96,214,16,66,119,1012,0,108,206,11,449,37,89,0,210,4020
Uttar Pradesh,Basti,2005,27.0667,81.1662,25,20,11,26,26,3,10,26,214,0,19,33,0,130,7,8,0,22,822
Uttar Pradesh,Bijnor,2005,26.6417,80.7412,62,51,15,44,70,4,20,36,430,0,31,70,2,74,26,26,0,60,1434
Uttar Pradesh,Bulandshahar,2005,26.9167,81.0162,198,124,20,66,162,5,54,57,694,0,65,61,10,305,41,62,0,106,2723
Uttar Pradesh,Chandoli,2005,26.8267,80.9262,29,24,12,12,12,3,7,17,86,0,9,18,0,22,9,5,0,10,484
Uttar Pradesh,Chitrakoot Dham,2005,26.8017,80.9012,23,10,8,20,18,2,1,11,42,0,7,9,6,47,12,12,0,6,406
Uttar Pradesh,Deoria,2005,26.9517,81.0512,39,36,21,14,38,0,16,36,200,0,57,38,8,127,17,7,0,27,1060
Uttar Pradesh,Etah,2005,26.7317,80.8312,145,183,47,32,118,0,24,65,392,0,74,40,18,210,43,34,0,62,1941
Uttar Pradesh,Etawah,2005,26.7267,80.8262,67,59,7,24,142,3,25,35,192,0,13,50,11,70,29,20,0,26,1604
Uttar Pradesh,Faizabad,2005,26.9717,81.0712,55,43,13,22,70,1,21,66,270,0,35,30,6,144,15,13,0,48,1226
Uttar Pradesh,Fatehgarh,2005,26.8217,80.9212,70,68,8,20,62,1,16,21,150,0,16,16,0,52,14,7,0,26,765
Uttar Pradesh,Fatehpur,2005,26.9917,81.0912,92,41,36,14,56,2,16,27,160,0,7,22,0,157,22,11,0,21,1142
Uttar Pradesh,Firozabad,2005,26.9417,81.0412,122,117,34,34,142,5,55,58,716,0,52,35,6,312,48,16,0,57,2146
Uttar Pradesh,G.R.P.,2005,26.7567,80.8562,15,16,2,6,8,11,32,4,2204,0,13,63,0,9,1,15,0,0,2381
Uttar Pradesh,Gautambudh Nagar,2005,26.7517,80.8512,69,58,15,36,102,7,41,88,1924,0,64,173,1,19,14,28,0,45,2582
Uttar Pradesh,Ghaziabad,2005,28.6692,77.4538,183,135,35,48,206,6,38,100,2774,0,52,277,2,75,33,26,0,147,4256
Uttar Pradesh,Ghazipur,2005,27.0167,81.1162,48,45,16,4,16,1,27,43,204,0,68,35,6,156,19,7,0,35,872
Uttar Pradesh,Gonda,2005,27.0567,81.1562,31,59,32,24,36,2,16,66,278,0,34,39,3,110,26,14,0,6,999
Uttar Pradesh,Gorakhpur,2005,26.8417,80.9412,94,67,41,48,58,6,39,120,734,0,104,61,0,266,16,22,0,18,2193
Uttar Pradesh,Hamirpur,2005,26.6617,80.7612,48,26,23,18,28,0,3,29,106,0,19,9,0,49,6,17,0,10,631
Uttar Pradesh,Hardoi,2005,26.8567,80.9562,91,52,46,62,90,1,24,48,418,0,21,63,1,311,25,51,0,47,1914
Uttar Pradesh,Hathras,2005,26.7517,80.8512,65,88,11,24,58,7,41,49,552,0,92,33,2,176,20,34,0,86,1646
Uttar Pradesh,J.P.Nagar,2005,26.6467,80.7462,66,40,11,44,34,4,16,46,262,0,39,21,0,39,8,30,0,20,1132
Uttar Pradesh,Jalaun,2005,26.7467,80.8462,59,33,12,6,28,2,10,31,170,0,17,17,4,5,21,13,0,17,1552
Uttar Pradesh,Jaunpur,2005,26.5967,80.6962,41,59,37,26,48,2,32,51,300,0,37,39,0,181,26,15,0,40,1301
Uttar Pradesh,Jhansi,2005,26.7467,80.8462,50,19,27,6,22,3,15,27,252,0,16,44,6,56,13,14,0,38,870
Uttar Pradesh,Kannauj,2005,26.7917,80.8912,61,55,16,10,76,2,11,31,168,0,22,33,4,22,10,20,0,62,930
Uttar Pradesh,Kanpur Dehat,2005,27.0617,81.1612,49,34,22,16,122,3,11,40,278,0,75,30,3,246,26,32,0,53,1454
Uttar Pradesh,Kanpur Nagar,2005,26.4499,80.3319,150,91,40,36,214,13,45,137,1606,0,94,218,5,261,51,43,0,205,3718
Uttar Pradesh,Kaushambi,2005,26.9367,81.0362,70,25,18,18,22,6,19,31,86,0,35,20,0,85,13,11,0,21,723
Uttar Pradesh,Khiri,2005,27.0867,81.1862,131,141,33,90,138,8,25,64,470,0,51,56,3,388,61,55,0,63,2257
Uttar Pradesh,Kushi Nagar,2005,26.6667,80.7662,41,35,33,12,44,1,4,35,220,0,74,32,8,221,16,11,0,23,1106
Uttar Pradesh,Lalitpur,2005,27.0217,81.1212,21,3,13,2,4,1,0,10,44,0,8,6,0,13,1,4,0,4,287
Uttar Pradesh,Lucknow,2005,26.8467,80.9462,194,156,38,102,300,10,102,477,4680,0,244,432,1,64,44,71,0,281,8007
Uttar Pradesh,Maharajganj,2005,26.9817,81.0812,30,13,17,18,30,0,10,30,96,0,30,22,0,87,9,14,0,6,563
Uttar Pradesh,Mahoba,2005,26.7517,80.8512,43,13,8,8,2,0,0,12,56,0,15,10,0,43,4,3,0,2,399
Uttar Pradesh,Mainpuri,2005,26.7667,80.8662,111,121,18,10,82,7,28,38,278,0,61,29,0,193,22,8,0,17,1437
Uttar Pradesh,Mathura,2005,26.7617,80.8612,90,128,26,36,108,8,44,79,928,0,93,136,17,170,23,31,0,74,2532
Uttar Pradesh,Mau,2005,27.0717,81.1712,34,41,17,10,16,0,20,49,154,0,81,31,3,88,10,10,0,29,784
Uttar Pradesh,Meerut,2005,28.9845,77.7064,199,208,16,74,278,18,110,195,2076,0,135,160,2,61,34,66,0,303,4347
Uttar Pradesh,Mirzapur,2005,26.6967,80.7962,50,21,14,12,20,11,19,48,236,0,18,28,0,174,26,11,0,29,898
Uttar Pradesh,Moradabad,2005,27.0267,81.1262,168,169,29,104,196,15,65,106,1148,0,107,117,0,94,38,95,0,209,3499
Uttar Pradesh,Muzaffarnagar,2005,26.9667,81.0662,207,187,24,88,160,21,105,115,1212,0,131,104,0,12,20,46,0,156,3232
Uttar Pradesh,Pilibhit,2005,26.6317,80.7312,59,59,16,48,74,7,16,25,178,0,14,52,0,2,20,23,0,15,1238
Uttar Pradesh,Pratapgarh,2005,26.9317,81.0312,60,74,24,30,74,3,17,73,340,0,77,56,10,233,23,17,0,51,1439
Uttar Pradesh,Raibareilly,2005,28.367,79.4304,72,81,21,52,82,5,25,57,494,0,63,33,4,320,18,47,0,167,1771
Uttar Pradesh,Rampur,2005,26.9317,81.0312,69,57,14,34,66,6,12,42,338,0,44,88,3,24,13,22,0,4,1208
Uttar Pradesh,Saharanpur,2005,26.9567,81.0562,84,117,20,30,62,2,34,75,748,0,87,178,0,31,19,35,0,119,2393
Uttar Pradesh,Sant Kabirnagar,2005,27.0467,81.1462,16,12,2,6,32,1,10,25,100,0,25,5,1,65,6,2,0,11,408
Uttar Pradesh,Shahjahanpur,2005,27.0667,81.1662,139,120,14,52,110,8,33,46,372,0,35,53,5,149,25,40,0,22,1822
Uttar Pradesh,Shrawasti,2005,26.7067,80.8062,21,14,9,12,26,10,9,25,72,0,9,7,1,64,6,5,0,8,337
Uttar Pradesh,Sidharthnagar,2005,26.8717,80.9712,17,15,10,8,38,3,7,45,154,0,22,26,0,76,12,13,0,13,677
Uttar Pradesh,Sitapur,2005,26.7667,80.8662,142,627,43,102,178,5,57,104,942,0,70,109,36,391,70,72,0,142,3168
Uttar Pradesh,Sonbhadra,2005,27.0867,81.1862,24,17,19,16,14,1,5,29,114,0,10,32,6,60,10,6,0,11,519
Uttar Pradesh,St.Ravidasnagar,2005,26.7517,80.8512,17,21,7,2,4,5,13,41,142,0,25,20,3,75,8,3,0,31,484
Uttar Pradesh,Sultanpur,2005,26.6517,80.7512,57,88,36,32,66,3,21,71,424,0,20,20,0,185,14,14,0,38,1297
Uttar Pradesh,Unnao,2005,27.0117,81.1112,102,68,50,70,108,2,25,70,370,0,51,44,1,213,40,47,0,72,1768
Uttar Pradesh,Varanasi,2005,25.3176,82.9739,73,65,27,16,68,2,38,99,740,0,50,56,14,81,19,8,0,44,1748
Uttarakhand,Almora,2005,30.2868,79.2393,22,7,0,12,12,0,17,16,96,0,6,8,2,32,6,4,0,6,254
Uttarakhand,Bageshwar,2005,30.0068,78.9593,10,5,0,14,4,0,5,5,34,0,0,0,2,10,1,1,0,0,106
Uttarakhand,Chamoli,2005,30.1168,79.0693,9,4,2,8,10,0,1,44,34,0,14,1,1,15,6,3,0,1,248
Uttarakhand,Champawat,2005,30.0868,79.0393,7,0,0,2,6,1,6,0,34,0,7,0,1,8,3,2,0,2,108
Uttarakhand,Dehradun,2005,30.0068,78.9593,42,39,5,46,90,3,24,123,892,0,108,167,6,63,8,13,0,86,1845
Uttarakhand,Haridwar,2005,29.9968,78.9493,65,56,5,64,108,18,41,88,910,0,66,90,6,351,7,20,0,73,1863
Uttarakhand,Nainital,2005,30.2268,79.1793,31,29,5,14,32,11,19,57,322,0,45,22,0,37,13,6,0,18,871
Uttarakhand,Pauri Garhwal,2005,30.0418,78.9943,17,6,3,14,8,1,3,45,128,0,11,9,2,77,1,8,0,11,387
Uttarakhand,Pithoragarh,2005,29.9918,78.9443,8,4,2,14,8,1,7,23,56,0,10,11,1,15,4,6,0,10,254
Uttarakhand,Rudra Prayag,2005,30.2318,79.1843,11,4,2,4,8,2,3,24,22,0,7,1,3,11,3,5,0,0,137
Uttarakhand,Tehri Garhwal,2005,29.8518,78.8043,11,10,0,18,16,0,2,16,48,0,15,10,0,11,6,1,0,10,248
Uttarakhand,Udhamsingh Nagar,2005,29.8868,78.8393,40,34,4,42,94,11,31,62,618,0,130,74,0,111,5,23,0,51,1561
Uttarakhand,Uttarkashi,2005,29.9568,78.9093,6,4,2,14,10,0,0,18,66,0,14,3,0,4,0,8,0,4,214
West Bengal,24 Parganas North,2005,28.7,77.1833,168,70,38,434,422,214,39,78,3128,0,203,128,0,113,71,151,0,886,7958
West Bengal,24 Parganas South,2005,28.5333,77.2,131,8,39,272,236,259,21,237,2142,0,246,93,6,0,64,123,0,915,6724
West Bengal,Asansol,2005,23.0618,87.93,27,2,2,18,28,26,7,15,316,0,69,13,1,40,4,10,0,340,1217
West Bengal,Bankura,2005,23.1418,88.01,53,6,10,86,54,30,28,13,560,0,72,25,7,173,22,54,0,149,1542
West Bengal,Birbhum,2005,22.9968,87.865,47,19,16,156,82,49,31,15,462,0,189,14,10,77,5,42,0,160,1680
West Bengal,Burdwan,2005,23.2324,87.8615,110,10,26,226,106,92,26,29,1064,0,209,62,6,98,40,56,0,230,4502
West Bengal,Coochbehar,2005,23.0968,87.965,33,7,6,164,60,4,3,3,238,0,20,26,5,43,8,76,0,203,1277
West Bengal,Dakshin Dinajpur,2005,23.1118,87.98,27,5,15,56,66,13,9,5,200,0,24,11,1,34,20,45,0,141,943
West Bengal,Darjeeling,2005,22.8568,87.725,50,4,18,78,34,44,7,4,666,0,23,9,6,207,1,39,0,81,1448
West Bengal,Hooghly,2005,22.7518,87.62,58,6,23,84,64,139,21,64,938,0,337,51,9,239,5,31,0,539,3270
West Bengal,Howrah,2005,22.5958,88.2636,50,2,7,82,68,25,5,3,282,0,78,49,3,103,9,38,0,243,1658
West Bengal,Howrah City,2005,22.5958,88.2636,31,4,11,40,42,88,30,8,970,0,63,67,2,168,9,18,0,157,2381
West Bengal,Howrah G.R.P.,2005,22.5958,88.2636,7,6,2,0,16,98,1,0,562,0,12,22,0,8,0,4,0,0,732
West Bengal,Jalpaiguri,2005,23.0118,87.88,87,22,42,216,122,26,20,40,1424,0,53,11,3,254,15,103,0,237,2886
West Bengal,Kharagpur G.R.P.,2005,22.7668,87.635,2,0,2,2,2,4,2,0,218,0,3,1,0,3,0,3,0,0,237
West Bengal,Kolkata,2005,22.5726,88.3639,43,73,16,26,164,76,55,130,5278,0,183,935,0,1032,6,148,0,236,9391
West Bengal,Malda,2005,23.2168,88.085,61,55,21,192,88,13,18,20,670,0,64,8,0,66,3,137,0,287,2241
West Bengal,Murshidabad,2005,23.1218,87.99,115,23,46,472,242,26,18,17,1072,0,139,64,6,577,35,223,0,696,4052
West Bengal,Nadia,2005,22.7418,87.61,100,0,12,296,204,64,15,2,1544,0,233,44,4,628,48,95,0,545,4454
West Bengal,Paschim Midnapur,2005,22.8668,87.735,79,38,14,184,90,43,27,35,706,0,184,30,7,54,21,57,0,300,2716
West Bengal,Purab Midnapur,2005,22.7768,87.645,42,19,17,108,108,51,8,8,438,0,155,46,4,17,34,28,0,325,2163
West Bengal,Purulia,2005,23.0368,87.905,61,0,9,68,16,26,14,4,286,0,43,23,0,0,8,37,0,108,1034
West Bengal,Sealdah G.R.P.,2005,23.1718,88.04,20,4,2,6,18,9,4,0,376,0,3,11,0,5,1,5,0,0,456
West Bengal,Siliguri G.R.P.,2005,26.7271,88.3953,2,0,1,0,4,1,1,0,196,0,0,0,0,0,0,2,0,0,204
West Bengal,Uttar Dinajpur,2005,22.8868,87.755,49,51,13,106,78,12,16,9,512,0,30,17,12,186,17,47,0,158,1705
Andaman & Nicobar Islands,Andaman,2005,11.6001,92.5186,14,3,3,8,4,0,4,67,176,0,4,13,6,77,0,10,0,5,666
Andaman & Nicobar Islands,Nicobar,2005,11.9651,92.8836,0,0,0,0,0,0,0,1,8,0,0,0,0,2,0,1,0,0,16
Chandigarh,Chandigarh,2005,30.7333,76.7794,18,15,4,66,108,2,12,223,2746,0,43,161,1,57,3,31,0,75,3452
Dadra & Nagar Haveli,D And N Haveli,2005,20.0959,72.9319,7,5,0,10,26,3,2,25,148,0,18,10,1,33,0,5,0,5,434
Daman & Diu,Daman,2005,20.1933,72.6047,4,2,0,4,8,3,0,29,84,0,16,2,1,12,1,1,0,1,193
Daman & Diu,Diu,2005,20.6133,73.0247,1,0,0,0,0,1,0,8,16,0,3,1,0,4,0,0,0,2,50
Delhi,Central,2005,28.65,77.2167,23,28,3,40,104,10,20,57,2384,0,1,164,5,182,4,40,0,48,3529
Delhi,East,2005,28.6333,77.2833,31,38,2,118,306,29,58,187,4060,0,8,140,1,255,12,105,0,178,5453
Delhi,G.R.P.(Rly),2005,20.5937,78.9629,16,4,1,4,8,1,6,2,2106,0,1,15,2,9,1,5,0,0,2174
Delhi,Igi Airport,2005,20.5937,78.9629,1,0,0,2,8,0,2,0,160,0,0,612,0,3,0,1,0,0,816
Delhi,New Delhi,2005,28.6139,77.209,10,11,3,12,38,2,13,42,1606,0,9,236,1,40,2,26,0,9,2295
Delhi,North,2005,28.7,77.1833,24,23,1,44,156,18,34,86,1800,0,5,140,3,122,2,45,0,96,3306
Delhi,North-East,2005,28.7,77.1833,51,63,8,212,424,28,60,186,2532,0,6,124,4,258,29,79,0,140,4849
Delhi,North-West,2005,28.7,77.1833,128,121,18,380,1144,28,124,543,5210,0,13,184,6,333,23,138,0,324,11019
Delhi,South,2005,28.5333,77.2,67,63,6,174,462,38,93,287,8208,0,8,362,4,214,19,151,0,188,10529
Delhi,South-West,2005,28.5333,77.2,47,51,10,142,228,15,51,378,3102,0,9,177,11,112,12,86,0,114,5762
Delhi,Spl Cell,2005,20.5937,78.9629,0,10,0,0,0,1,0,0,2,0,0,45,0,0,0,0,0,0,89
Delhi,West,2005,28.65,77.1,57,55,12,188,302,14,49,325,4740,0,1,179,10,286,10,86,0,227,7217
Lakshadweep,Lakshadweep,2005,10.6667,72.7417,1,0,0,0,0,0,0,2,14,0,6,0,0,4,0,0,0,0,42
Puducherry,Pondicherry,2005,11.7766,79.6433,19,24,8,12,12,1,5,67,932,0,159,41,9,857,4,60,0,6,4575
Andhra Pradesh,Adilabad,2006,15.9979,79.825,99,88,14,128,192,10,17,228,780,0,102,194,34,1447,22,185,0,423,6122
Andhra Pradesh,Anantapur,2006,14.6819,77.6006,184,116,0,32,134,13,28,223,1032,0,176,86,41,1132,16,187,0,189,5090
Andhra Pradesh,Chittoor,2006,13.2172,79.1003,126,59,1,62,130,13,19,238,2074,0,95,181,22,996,18,123,0,249,6440
Andhra Pradesh,Cuddapah,2006,14.4673,78.8242,98,0,3,50,136,4,15,157,754,0,148,184,32,985,10,130,0,199,5298
Andhra Pradesh,Cyberabad,2006,15.7929,79.62,193,92,11,120,332,14,86,1321,4678,0,49,1275,43,3871,50,132,0,837,14226
Andhra Pradesh,East Godavari,2006,16.9891,82.2475,85,116,2,82,162,5,29,520,2770,0,89,319,39,3456,25,173,0,465,9056
Andhra Pradesh,Guntakal Rly.,2006,15.6979,79.525,7,0,0,0,2,4,5,0,280,0,0,1,0,7,0,2,0,3,306
Andhra Pradesh,Guntur,2006,16.3067,80.4365,155,119,4,94,198,3,19,303,2698,0,139,507,73,1974,15,281,0,427,9080
Andhra Pradesh,Hyderabad City,2006,17.385,78.4867,125,116,6,186,286,12,99,1186,8816,0,128,1777,26,4581,29,189,0,1160,17338
Andhra Pradesh,Karimnagar,2006,15.7029,79.53,147,103,8,146,302,3,22,225,1398,0,117,481,45,1775,47,371,0,698,8141
Andhra Pradesh,Khammam,2006,15.9129,79.74,134,59,2,88,182,11,19,218,1162,0,183,157,19,1202,17,171,0,327,5961
Andhra Pradesh,Krishna,2006,16.1809,81.1303,73,60,1,72,108,1,2,182,1080,0,32,126,60,2423,9,168,0,296,5267
Andhra Pradesh,Kurnool,2006,15.8281,78.0373,132,101,1,70,170,6,6,223,716,0,158,143,33,1268,9,341,0,157,5823
Andhra Pradesh,Mahaboobnagar,2006,15.6679,79.495,191,75,17,134,146,9,28,190,1476,0,125,169,53,2088,33,201,0,287,6320
Andhra Pradesh,Medak,2006,16.1279,79.955,134,69,9,114,126,5,28,289,1116,0,72,218,72,2057,33,107,0,276,5602
Andhra Pradesh,Nalgonda,2006,16.0579,79.885,132,47,4,122,172,14,31,209,1042,0,208,247,73,1853,40,246,0,395,7933
Andhra Pradesh,Nellore,2006,14.4426,79.9865,78,74,5,70,138,8,21,192,1328,0,97,152,68,2265,10,192,0,294,5805
Andhra Pradesh,Nizamabad,2006,15.6979,79.525,110,83,11,72,142,18,43,329,1186,0,139,208,28,2127,18,115,0,431,5812
Andhra Pradesh,Prakasham,2006,15.5057,80.0499,92,111,3,46,166,5,30,279,1118,0,99,266,30,1807,8,200,0,249,5776
Andhra Pradesh,Ranga Reddy,2006,15.9379,79.765,57,26,5,18,58,0,7,85,252,0,33,52,37,918,15,50,0,67,2028
Andhra Pradesh,Secunderabad Rly.,2006,15.7279,79.555,11,0,0,4,6,2,8,0,444,0,0,7,0,8,2,0,0,1,490
Andhra Pradesh,Srikakulam,2006,15.9979,79.825,46,0,6,54,42,0,2,119,428,0,71,69,26,1184,3,70,0,188,3016
Andhra Pradesh,Vijayawada City,2006,16.0329,79.86,43,50,6,41,172,3,34,392,2990,0,11,410,10,1619,8,135,0,336,5862
Andhra Pradesh,Vijayawada Rly.,2006,16.0229,79.85,2,1,0,0,0,1,2,0,518,0,2,2,0,14,0,5,0,0,542
Andhra Pradesh,Visakha Rural,2006,16.0429,79.87,65,29,1,12,22,5,6,96,362,0,49,83,27,1613,4,45,0,158,3235
Andhra Pradesh,Visakhapatnam,2006,17.6868,83.2185,37,30,1,42,98,4,27,417,2242,0,28,261,8,540,10,62,0,397,5478
Andhra Pradesh,Vizianagaram,2006,18.1067,83.3956,35,17,0,32,40,6,8,89,342,0,50,57,8,549,5,69,0,171,2955
Andhra Pradesh,Warangal,2006,16.0379,79.865,116,89,2,100,206,1,19,319,1436,0,464,290,70,1743,40,230,0,480,7879
Andhra Pradesh,West Godavari,2006,16.7107,81.0952,59,130,0,106,192,1,19,275,2502,0,52,441,35,2444,23,354,0,4,7538
Arunachal Pradesh,Changlang,2006,28.178,94.6878,3,3,1,8,8,3,4,21,58,0,0,6,1,20,0,0,0,2,153
Arunachal Pradesh,Dibang Valley,2006,27.973,94.4828,2,5,0,4,4,4,6,14,36,0,1,2,1,30,0,1,0,0,135
Arunachal Pradesh,K/Kumey,2006,28.318,94.8278,5,1,0,4,6,0,0,5,6,0,0,1,0,3,0,0,0,0,36
Arunachal Pradesh,Kameng East,2006,28.6333,77.2833,3,0,0,2,6,0,2,17,30,0,0,2,0,38,0,2,0,0,124
Arunachal Pradesh,Kameng West,2006,28.65,77.1,4,1,0,4,4,0,6,18,28,0,2,3,1,19,0,3,0,0,113
Arunachal Pradesh,Lohit,2006,28.248,94.7578,9,0,0,6,20,4,12,15,76,0,0,0,3,26,0,3,0,1,173
Arunachal Pradesh,Papum Pare,2006,28.193,94.7028,10,11,1,10,40,7,18,73,276,0,1,7,1,84,0,14,0,2,556
Arunachal Pradesh,Siang East,2006,28.6333,77.2833,2,8,0,14,12,5,12,30,108,0,0,1,1,52,0,11,0,1,245
Arunachal Pradesh,Siang Upper,2006,28.393,94.9028,1,0,0,4,4,0,0,9,36,0,0,3,4,18,0,6,0,1,85
Arunachal Pradesh,Siang West,2006,28.65,77.1,6,1,1,0,14,1,3,17,110,0,0,6,5,48,0,13,0,4,250
Arunachal Pradesh,Subansiri Lower,2006,28.008,94.5178,4,1,0,6,10,1,6,5,44,0,2,1,1,22,0,3,0,0,111
Arunachal Pradesh,Subansiri Upper,2006,28.273,94.7828,4,0,0,4,8,0,3,12,40,0,0,6,2,28,0,6,0,3,152
Arunachal Pradesh,Tawang,2006,28.023,94.5328,0,0,0,0,0,1,0,7,26,0,0,0,0,6,0,1,0,0,49
Arunachal Pradesh,Tirap,2006,28.038,94.5478,7,2,0,8,14,2,2,12,22,0,0,0,0,19,1,0,0,0,99
Arunachal Pradesh,Upper Dibang Valley,2006,28.313,94.8228,0,0,0,0,0,0,0,2,6,0,0,0,0,2,0,0,0,0,13
Assam,Barpeta,2006,26.1156,92.8526,57,3,0,116,150,23,19,128,354,0,153,43,10,104,4,18,0,116,1877
Assam,Baska,2006,26.3056,93.0426,25,5,0,28,48,3,7,10,50,0,2,2,7,92,1,26,0,12,360
Assam,Bongaigaon,2006,26.1806,92.9176,15,1,0,26,38,8,9,39,116,0,30,1,9,47,0,20,0,28,652
Assam,C.I.D.,2006,26.2506,92.9876,0,0,0,0,2,0,0,0,2,0,0,6,0,0,0,0,0,0,18
Assam,Cachar,2006,26.0356,92.7726,58,18,0,120,258,45,19,157,974,0,252,25,46,217,5,181,0,306,3817
Assam,Chirang,2006,26.4106,93.1476,39,4,4,60,52,6,2,47,144,0,77,13,11,68,0,34,0,58,612
Assam,Darrang,2006,26.1256,92.8626,25,14,0,140,106,12,12,79,342,0,48,28,10,207,2,109,0,75,1391
Assam,Dhemaji,2006,26.1956,92.9326,23,33,1,116,90,3,11,26,300,0,43,24,8,196,1,28,0,94,1025
Assam,Dhubri,2006,26.3056,93.0426,40,37,0,230,236,21,20,98,348,0,564,95,24,373,7,132,0,217,2629
Assam,Dibrugarh,2006,26.2906,93.0276,104,25,4,106,130,4,41,106,838,0,59,46,33,391,4,48,0,44,2069
Assam,G.R.P.,2006,26.1106,92.8476,6,0,0,2,2,3,10,7,362,0,19,1,0,0,0,0,0,0,412
Assam,Goalpara,2006,26.2456,92.9826,23,9,4,110,80,18,9,64,174,0,31,19,19,129,4,45,0,151,1063
Assam,Golaghat,2006,26.0206,92.7576,72,24,4,126,182,3,25,72,554,0,8,32,18,353,1,44,0,76,1500
Assam,Guwahati City,2006,26.3806,93.1176,60,43,4,66,302,10,130,461,3644,0,169,200,37,374,6,180,0,150,5496
Assam,Hailakandi,2006,26.0156,92.7526,18,1,1,46,112,6,2,52,198,0,145,19,19,32,1,9,0,49,948
Assam,Jorhat,2006,26.3456,93.0826,37,6,0,60,108,3,23,81,506,0,27,28,18,330,0,40,0,56,1463
Assam,Kamrup,2006,26.4406,93.1776,43,3,0,74,160,25,25,107,274,0,64,34,8,17,10,58,0,115,1205
Assam,Karbi Anglong,2006,26.2156,92.9526,42,14,1,28,80,5,16,21,304,0,37,6,9,43,2,9,0,11,693
Assam,Karimganj,2006,26.1356,92.8726,38,22,2,88,92,13,5,81,396,0,215,10,16,112,4,3,0,74,1153
Assam,Kokrajhar,2006,26.2256,92.9626,38,14,0,58,94,4,11,47,210,0,48,16,8,279,14,26,0,69,961
Assam,Lakhimpur,2006,26.0006,92.7376,43,4,0,158,192,1,3,70,392,0,125,67,15,328,6,38,0,110,1642
Assam,Morigaon,2006,26.1006,92.8376,27,3,1,116,112,3,10,44,224,0,81,19,11,201,10,72,0,60,1194
Assam,N.C.Hills,2006,26.2206,92.9576,18,11,0,8,28,6,2,10,54,0,11,2,2,23,0,3,0,24,221
Assam,Nagaon,2006,26.1956,92.9326,83,33,2,266,358,58,56,278,732,0,260,51,62,515,8,10,0,278,3546
Assam,Nalbari,2006,25.9856,92.7226,24,21,0,34,66,9,9,63,148,0,14,5,16,229,1,32,0,24,844
Assam,R.P.O.,2006,26.3806,93.1176,5,0,0,6,10,4,1,0,18,0,10,0,0,0,0,0,0,0,86
Assam,Sibsagar,2006,26.2106,92.9476,77,30,3,108,158,2,24,94,756,0,67,42,26,234,3,65,0,133,1978
Assam,Sonitpur,2006,26.0556,92.7926,88,16,1,112,216,8,25,148,780,0,96,43,15,178,7,7,0,155,2156
Assam,Tinsukia,2006,26.1906,92.9276,48,13,0,46,114,11,13,486,2288,0,13,19,17,144,3,20,0,47,3212
Assam,Udalguri,2006,26.0806,92.8176,31,7,0,34,74,14,5,35,158,0,16,9,14,74,1,33,0,16,563
Bihar,Araria,2006,25.1911,85.4081,63,37,5,84,208,43,51,34,334,0,400,93,14,54,19,10,0,52,2611
Bihar,Arwal,2006,25.0961,85.3131,22,53,0,0,18,2,7,14,112,0,45,9,9,160,9,20,0,5,562
Bihar,Aurangabad,2006,19.8762,75.3433,82,175,0,36,84,23,34,104,512,0,208,12,16,701,23,5,0,35,2230
Bihar,Bagaha,2006,25.1661,85.3831,45,12,4,54,88,10,8,13,312,0,73,35,10,303,5,7,0,13,1156
Bihar,Banka,2006,24.9861,85.2031,77,12,6,140,82,23,19,67,216,0,256,27,15,2,21,2,0,18,1526
Bihar,Begusarai,2006,24.8611,85.0781,111,225,5,46,138,14,62,78,630,0,245,133,20,465,36,16,0,55,2884
Bihar,Bettiah,2006,25.1611,85.3781,74,105,5,98,220,15,42,86,628,0,238,122,39,1429,23,24,0,40,3096
Bihar,Bhabhua,2006,25.2011,85.4181,53,16,2,44,70,33,17,64,396,0,133,22,28,69,19,5,0,17,1422
Bihar,Bhagalpur,2006,25.2425,86.9842,119,94,7,86,166,14,50,157,852,0,273,90,12,352,19,19,0,22,3552
Bihar,Bhojpur,2006,25.2511,85.4681,127,235,0,34,114,32,57,85,628,0,254,37,57,524,26,18,0,81,3143
Bihar,Buxar,2006,25.1611,85.3781,46,67,0,20,96,32,34,59,540,0,255,47,27,406,25,12,0,67,1663
Bihar,Darbhanga,2006,26.1542,85.8918,70,74,6,148,136,27,26,73,540,0,191,93,37,87,33,54,0,76,3235
Bihar,Gaya,2006,24.7914,85.0002,158,178,28,50,136,109,100,128,886,0,326,39,92,498,168,0,0,9,3424
Bihar,Gopalganj,2006,24.8761,85.0931,72,46,10,46,110,27,40,77,412,0,188,42,3,55,32,16,0,94,2357
Bihar,Jamalpur Rly.,2006,25.2211,85.4381,4,0,0,0,0,8,5,0,200,0,4,1,0,0,0,0,0,0,222
Bihar,Jamui,2006,25.0011,85.2181,69,82,12,58,56,29,61,42,224,0,166,18,19,179,15,7,0,19,1556
Bihar,Jehanabad,2006,25.0061,85.2231,39,14,1,20,40,16,15,22,192,0,71,12,6,22,15,5,0,5,1087
Bihar,Katihar,2006,24.8661,85.0831,59,46,3,164,114,9,10,50,300,0,114,37,14,245,35,33,0,29,1757
Bihar,Katihar Rly.,2006,25.1661,85.3831,10,0,0,6,12,10,8,7,556,0,10,16,0,0,1,1,0,0,635
Bihar,Khagaria,2006,25.3311,85.5481,53,148,1,44,94,15,31,10,260,0,224,6,5,190,15,6,0,12,1712
Bihar,Kishanganj,2006,25.3061,85.5231,20,3,1,162,168,8,9,39,158,0,110,44,0,90,9,0,0,57,1086
Bihar,Lakhisarai,2006,25.0211,85.2381,48,111,6,24,60,6,14,22,130,0,67,18,8,70,14,10,0,5,971
Bihar,Madhepura,2006,25.2561,85.4731,60,24,2,20,32,16,41,18,222,0,123,11,15,102,12,4,0,7,1172
Bihar,Madhubani,2006,25.1111,85.3281,62,89,10,116,152,73,31,122,188,0,358,12,0,0,10,14,0,14,1203
Bihar,Motihari,2006,24.8911,85.1081,119,142,13,44,200,48,56,162,872,0,368,64,25,985,51,11,0,37,4246
Bihar,Munger,2006,25.1211,85.3381,73,35,1,26,106,20,47,44,394,0,208,56,10,284,7,10,0,40,1846
Bihar,Muzaffarpur,2006,26.1209,85.3647,134,24,6,96,296,52,104,283,1860,0,413,203,33,673,65,7,0,75,5484
Bihar,Muzaffarpur Rly.,2006,26.1209,85.3647,20,3,1,6,28,18,23,13,704,0,12,22,0,21,0,1,0,3,870
Bihar,Nalanda,2006,24.8611,85.0781,143,91,7,62,152,32,57,79,696,0,184,58,14,813,63,45,0,90,2973
Bihar,Naugachia,2006,25.0361,85.2531,36,13,0,16,24,4,15,17,86,0,118,11,0,10,1,0,0,17,914
Bihar,Nawadah,2006,24.9511,85.1681,80,131,3,40,72,12,24,68,224,0,170,35,15,239,24,9,0,18,1566
Bihar,Patna,2006,25.5941,85.1376,338,88,83,108,618,100,535,665,3116,0,440,265,8,53,54,13,0,239,12736
Bihar,Patna Rly.,2006,25.5941,85.1376,16,15,3,2,14,19,30,1,1242,0,7,21,0,0,3,7,0,1,1367
Bihar,Purnea,2006,25.7771,87.4753,57,23,5,82,88,22,70,60,458,0,136,18,7,9,14,5,0,13,2403
Bihar,Rohtas,2006,24.9529,84.015,102,88,5,34,90,17,37,137,564,0,136,19,30,744,36,9,0,25,3038
Bihar,Saharsa,2006,25.0861,85.3031,44,97,2,66,82,2,35,50,212,0,240,71,15,138,12,21,0,24,1787
Bihar,Samastipur,2006,25.1461,85.3631,102,195,37,106,218,41,50,83,742,0,293,39,41,295,47,11,0,33,3333
Bihar,Saran,2006,25.1211,85.3381,134,290,18,96,208,43,80,135,636,0,228,126,32,1324,74,49,0,102,3526
Bihar,Sheikhpura,2006,25.0111,85.2281,24,8,4,10,18,7,16,12,136,0,75,22,3,8,11,4,0,18,590
Bihar,Sheohar,2006,25.1761,85.3931,16,28,1,4,38,3,3,8,72,0,78,13,4,32,3,2,0,18,488
Bihar,Sitamarhi,2006,24.9911,85.2081,45,30,4,54,122,36,33,85,482,0,190,25,23,286,13,19,0,76,2548
Bihar,Siwan,2006,25.2711,85.4881,93,72,8,36,206,39,99,89,448,0,173,61,20,243,41,12,0,75,2438
Bihar,Supaul,2006,25.3161,85.5331,31,45,2,48,62,8,24,26,180,0,175,14,4,30,8,0,0,10,1302
Bihar,Vaishali,2006,25.0111,85.2281,99,39,9,28,202,24,59,143,952,0,283,52,55,484,77,7,0,43,3735
Chhattisgarh,Balrampur,2006,21.0337,81.6211,38,23,0,90,2,11,16,41,42,0,19,6,3,170,0,40,0,9,603
Chhattisgarh,Bilaspur,2006,21.4137,82.0011,95,62,1,136,54,5,55,492,1402,0,147,52,25,1301,23,192,0,120,5301
Chhattisgarh,Bizapur,2006,21.2287,81.8161,139,181,1,12,14,45,2,3,14,0,19,7,11,17,0,3,0,1,522
Chhattisgarh,Dantewara,2006,21.4187,82.0061,88,85,0,28,32,17,1,65,110,0,28,5,18,47,1,11,0,4,784
Chhattisgarh,Dhamtari,2006,21.0837,81.6711,21,11,0,54,8,0,5,116,258,0,32,18,6,103,0,62,0,16,1463
Chhattisgarh,Durg,2006,21.1937,81.7811,71,54,6,216,66,6,63,484,1760,0,51,116,29,753,19,241,0,102,6938
Chhattisgarh,Grp Raipur,2006,21.2987,81.8861,4,1,0,2,0,1,6,9,460,0,1,0,0,19,0,3,0,3,503
Chhattisgarh,Jagdalpur,2006,21.1087,81.6961,62,38,0,142,28,10,19,191,312,0,61,12,8,220,4,55,0,18,2197
Chhattisgarh,Janjgir,2006,21.3987,81.9861,47,43,0,80,24,2,22,232,510,0,104,29,8,243,10,109,0,90,2851
Chhattisgarh,Jashpur,2006,21.2137,81.8011,47,10,1,124,16,7,32,60,132,0,20,12,12,148,1,46,0,11,974
Chhattisgarh,Kabirdham,2006,21.2287,81.8161,14,10,0,72,2,0,3,75,176,0,15,4,6,408,1,67,0,35,1171
Chhattisgarh,Kanker,2006,21.1187,81.7061,36,40,1,46,18,10,13,65,168,0,33,5,11,60,2,20,0,13,1017
Chhattisgarh,Korba,2006,21.1687,81.7561,43,17,0,80,10,12,25,145,594,0,44,29,5,480,5,86,0,27,2311
Chhattisgarh,Koriya,2006,21.2637,81.8511,35,27,0,102,14,11,12,126,206,0,14,12,15,432,0,64,0,27,1368
Chhattisgarh,Mahasamund,2006,21.3287,81.9161,21,16,0,64,6,4,12,131,396,0,21,16,7,202,2,64,0,20,1517
Chhattisgarh,Narayanpur,2006,21.4237,82.0111,23,43,0,4,10,1,1,3,10,0,0,0,6,21,0,3,0,0,156
Chhattisgarh,Raigarh,2006,21.4987,82.0861,54,21,0,76,14,17,23,213,716,0,67,17,18,348,4,92,0,22,2369
Chhattisgarh,Raipur,2006,21.2737,81.8611,106,66,2,260,108,6,48,662,2310,0,126,97,39,1374,25,228,0,98,7932
Chhattisgarh,Rajnandgaon,2006,21.2087,81.7961,50,31,1,138,20,2,19,168,462,0,24,24,13,96,5,83,0,40,2569
Chhattisgarh,Sarguja,2006,21.1087,81.6961,56,26,2,150,22,8,38,114,296,0,37,27,7,100,0,72,0,29,1566
Chhattisgarh,Surajpur,2006,21.2787,81.8661,48,20,0,114,10,9,24,112,190,0,42,19,15,180,1,57,0,32,1182
Goa,North Goa,2006,28.7,77.1833,24,8,1,16,18,3,10,151,576,0,27,28,9,98,0,8,0,8,1199
Goa,South Goa,2006,28.5333,77.2,15,9,0,26,14,4,7,101,412,0,36,27,29,72,0,10,0,6,1005
Gujarat,Ahmedabad Commr.,2006,23.0225,72.5714,99,60,7,92,364,26,172,802,10776,0,128,297,5,1371,4,72,0,956,19238
Gujarat,Ahmedabad Rural,2006,23.05,72.45,47,4,1,20,56,10,28,82,546,0,39,14,15,285,0,31,0,92,3020
Gujarat,Ahwa-Dang,2006,22.0737,71.0074,7,1,0,6,0,2,1,2,32,0,11,1,2,22,0,6,0,11,280
Gujarat,Amreli,2006,22.4037,71.3374,20,11,3,30,62,2,14,109,338,0,30,17,7,312,3,20,0,112,2432
Gujarat,Anand,2006,22.0237,70.9574,26,6,1,28,66,7,11,114,734,0,13,12,14,295,0,30,0,141,3053
Gujarat,Bharuch,2006,22.1287,71.0624,37,9,1,14,14,10,8,121,624,0,18,13,15,269,0,8,0,66,2618
Gujarat,Bhavnagar,2006,22.3387,71.2724,59,40,1,52,256,47,170,457,2694,0,155,188,30,99,7,101,0,285,8457
Gujarat,Dahod,2006,22.4787,71.4124,30,18,0,0,42,16,23,50,164,0,27,8,14,188,0,11,0,39,1725
Gujarat,Gandhinagar,2006,22.4987,71.4324,23,13,0,28,48,6,17,102,806,0,39,36,6,234,0,17,0,119,2841
Gujarat,Himatnagar,2006,22.4037,71.3374,35,4,2,22,64,7,13,115,422,0,41,26,12,235,0,25,0,151,6525
Gujarat,Jamnagar,2006,22.3237,71.2574,29,11,0,26,42,5,22,180,722,0,37,23,11,386,0,14,0,206,3903
Gujarat,Junagadh,2006,22.2037,71.1374,54,19,0,12,104,15,34,185,940,0,80,33,12,495,3,38,0,415,4683
Gujarat,Kheda North,2006,28.7,77.1833,37,9,0,34,72,12,9,148,666,0,47,45,12,315,0,22,0,204,4550
Gujarat,Kutch,2006,22.0337,70.9674,39,23,0,38,104,18,55,315,1064,0,63,48,18,405,3,37,0,343,6007
Gujarat,Mehsana,2006,22.2087,71.1424,24,22,0,12,82,14,52,274,1234,0,76,70,12,491,3,28,0,219,4649
Gujarat,Narmada,2006,22.4387,71.3724,11,8,0,4,12,2,1,25,60,0,10,3,4,100,0,6,0,10,643
Gujarat,Navsari,2006,22.3987,71.3324,16,6,0,4,16,2,5,76,212,0,17,12,2,68,0,4,0,38,1177
Gujarat,Palanpur,2006,22.4437,71.3774,42,18,0,44,74,7,21,150,838,0,54,15,11,1292,1,43,0,188,5018
Gujarat,Panchmahal,2006,22.4837,71.4174,62,13,0,12,88,5,19,115,410,0,37,24,20,300,0,24,0,101,3421
Gujarat,Patan,2006,22.4187,71.3524,14,9,1,20,26,9,6,103,788,0,54,16,6,311,0,25,0,147,2679
Gujarat,Porbandar,2006,22.1137,71.0474,9,5,0,4,14,0,6,42,148,0,5,6,3,112,1,1,0,45,954
Gujarat,Rajkot Commr.,2006,22.3039,70.8022,29,15,0,8,52,1,26,260,1436,0,46,39,3,369,1,5,0,165,3489
Gujarat,Rajkot Rural,2006,22.2637,71.1974,42,20,3,42,74,10,31,259,774,0,41,17,16,427,1,34,0,300,4167
Gujarat,Surat Commr.,2006,21.1702,72.8311,103,30,1,62,260,17,72,500,4412,0,145,258,10,759,22,46,0,249,8659
Gujarat,Surat Rural,2006,21.2,73.0,71,7,0,22,22,11,15,75,340,0,21,21,6,275,0,11,0,40,2366
Gujarat,Surendranagar,2006,22.3837,71.3174,30,15,0,34,46,6,20,118,518,0,55,8,6,381,1,34,0,81,2748
Gujarat,Vadodara Commr.,2006,22.3072,73.1812,32,34,2,12,108,8,35,482,2638,0,147,199,31,316,0,17,0,181,5672
Gujarat,Vadodara Rural,2006,22.2937,71.2274,82,19,0,20,40,7,13,81,342,0,37,14,14,354,0,10,0,39,2616
Gujarat,Valsad,2006,22.1587,71.0924,43,17,0,2,36,16,13,167,536,0,41,22,4,173,0,10,0,32,2066
Gujarat,W.Rly,2006,22.1487,71.0824,13,5,1,4,12,4,58,21,1736,0,20,44,0,46,0,6,0,2,1963
Haryana,Ambala,2006,29.0238,76.0506,39,12,2,38,44,13,18,308,876,0,3,141,8,264,9,26,0,174,2666
Haryana,Bhiwani,2006,29.1988,76.2256,45,29,0,70,68,13,21,180,812,0,159,93,17,303,19,38,0,100,2519
Haryana,Faridabad,2006,28.4089,77.3178,58,45,7,80,172,37,36,369,2482,0,138,45,11,244,14,35,0,146,4682
Haryana,Fatehabad,2006,28.9838,76.0106,23,15,4,36,40,1,7,122,342,0,22,78,6,229,6,17,0,83,1430
Haryana,Grp,2006,29.0888,76.1156,20,4,1,2,2,3,6,0,534,0,7,10,0,15,6,6,0,0,859
Haryana,Gurgaon,2006,28.4595,77.0266,93,63,4,60,140,63,69,560,4180,0,99,168,11,163,20,32,0,89,5669
Haryana,Hissar,2006,28.8288,75.8556,58,58,3,46,62,10,21,223,1034,0,51,109,7,416,17,19,0,158,3117
Haryana,Jhajjar,2006,29.2238,76.2506,51,34,0,30,20,1,19,98,370,0,45,33,5,162,16,14,0,58,1257
Haryana,Jind,2006,29.2588,76.2856,42,27,6,64,30,13,6,107,510,0,103,38,7,161,13,17,0,53,1634
Haryana,Kaithal,2006,28.8838,75.9106,24,11,1,50,28,9,18,127,560,0,0,18,5,196,9,14,0,149,1554
Haryana,Karnal,2006,29.1488,76.1756,32,29,6,102,80,17,21,238,1406,0,60,133,15,790,13,35,0,214,3143
Haryana,Kurukshetra,2006,28.8488,75.8756,24,19,4,68,48,6,15,213,1066,0,3,68,10,226,5,10,0,116,2500
Haryana,Mahendragarh,2006,28.8238,75.8506,28,12,2,34,52,7,7,95,362,0,90,16,9,147,10,32,0,41,1853
Haryana,Mewat,2006,28.9988,76.0256,16,26,3,70,28,39,6,27,382,0,91,43,7,176,8,24,0,124,1569
Haryana,Palwal,2006,29.2988,76.3256,33,24,1,52,46,9,27,73,466,0,69,52,2,143,5,21,0,47,1523
Haryana,Panchkula,2006,29.0938,76.1206,14,6,0,20,30,0,9,119,444,0,2,23,0,45,2,13,0,63,1350
Haryana,Panipat,2006,28.9338,75.9606,46,25,6,130,92,35,17,210,1334,0,70,20,0,198,19,18,0,104,2500
Haryana,Rewari,2006,29.0388,76.0656,32,26,2,42,30,13,23,164,556,0,52,40,8,159,4,23,0,51,2003
Haryana,Rohtak,2006,29.0188,76.0456,62,36,0,68,46,10,19,243,942,0,43,110,2,189,22,13,0,80,2226
Haryana,Sirsa,2006,28.8138,75.8406,37,28,2,36,22,9,13,171,526,0,23,38,6,348,4,14,0,129,1847
Haryana,Sonipat,2006,29.0988,76.1256,69,39,3,62,134,20,27,185,1092,0,12,107,14,331,26,46,0,165,2940
Haryana,Yamunanagar,2006,29.0288,76.0556,27,17,2,56,56,0,5,169,760,0,0,41,6,230,8,19,0,110,1809
Himachal Pradesh,Bilaspur,2006,31.2398,77.3084,6,9,1,22,8,1,3,42,120,0,35,7,19,46,0,27,0,23,1192
Himachal Pradesh,Chamba,2006,31.1798,77.2484,14,4,0,8,24,0,0,108,78,0,9,1,6,48,0,18,0,3,592
Himachal Pradesh,G.R.P.,2006,31.0148,77.0834,0,0,0,0,0,0,1,1,0,0,0,0,0,0,0,0,0,0,6
Himachal Pradesh,Hamirpur,2006,30.9198,76.9884,10,4,1,2,8,0,0,55,96,0,28,18,15,239,0,18,0,34,1088
Himachal Pradesh,Kangra,2006,30.9748,77.0434,19,19,3,24,50,2,1,91,226,0,116,31,21,161,0,34,0,57,2128
Himachal Pradesh,Kinnaur,2006,31.0098,77.0784,2,0,0,4,10,0,0,27,24,0,21,0,2,12,0,2,0,3,231
Himachal Pradesh,Kullu,2006,31.1698,77.2384,5,4,3,20,18,0,7,57,124,0,55,6,8,46,0,24,0,16,836
Himachal Pradesh,Lahaul-Spiti,2006,31.1348,77.2034,1,0,0,0,2,0,1,2,4,0,1,0,2,5,0,0,0,1,58
Himachal Pradesh,Mandi,2006,31.2998,77.3684,12,6,0,36,24,0,3,61,156,0,37,7,13,163,0,51,0,27,1892
Himachal Pradesh,Shimla,2006,30.9848,77.0534,16,13,0,68,56,2,11,134,352,0,88,20,15,74,0,39,0,30,1997
Himachal Pradesh,Sirmaur,2006,31.2398,77.3084,10,9,1,6,12,1,0,32,126,0,73,17,5,51,1,23,0,26,766
Himachal Pradesh,Solan,2006,30.9498,77.0184,10,3,4,18,36,1,2,80,174,0,75,14,5,318,1,28,0,21,1442
Himachal Pradesh,Una,2006,31.3348,77.4034,6,7,7,18,12,0,0,64,144,0,28,8,4,98,1,11,0,18,865
Jammu & Kashmir,Anantnag,2006,33.7032,76.5012,23,29,3,44,176,1,12,165,234,0,103,34,8,44,0,34,0,0,1511
Jammu & Kashmir,Awantipora,2006,33.9232,76.7212,19,5,0,18,24,1,8,29,30,0,12,9,0,0,0,25,0,0,334
Jammu & Kashmir,Baramulla,2006,34.0082,76.8062,63,115,3,30,222,1,10,140,250,0,120,18,14,11,0,153,0,1,1666
Jammu & Kashmir,Border District,2006,33.7832,76.5812,9,15,0,12,24,0,0,16,64,0,21,5,2,16,1,3,0,4,555
Jammu & Kashmir,Budgam,2006,33.7632,76.5612,12,31,3,10,108,0,8,82,368,0,129,11,5,1,0,121,0,1,1153
Jammu & Kashmir,Crime Jammu,2006,33.6682,76.4662,3,0,0,0,0,0,0,0,0,0,0,22,0,0,0,0,0,0,26
Jammu & Kashmir,Crime Srinagar,2006,33.6932,76.4912,0,0,0,0,0,0,0,0,0,0,0,46,0,0,0,0,0,0,55
Jammu & Kashmir,Doda,2006,22.3072,73.1812,65,94,3,20,72,1,5,46,94,0,17,7,16,29,0,16,0,8,888
Jammu & Kashmir,Ganderbal,2006,33.7582,76.5562,20,7,0,8,70,0,0,50,94,0,65,6,10,2,0,36,0,0,510
Jammu & Kashmir,Handwara,2006,33.9382,76.7362,17,29,10,16,54,0,4,20,74,0,46,13,9,8,0,73,0,2,493
Jammu & Kashmir,Jammu,2006,33.7132,76.5112,25,51,10,42,116,1,0,170,764,0,64,83,12,27,3,28,0,41,3233
Jammu & Kashmir,Kargil,2006,33.9032,76.7012,1,0,0,0,8,0,0,9,14,0,3,2,1,0,0,2,0,1,107
Jammu & Kashmir,Kathua,2006,33.7082,76.5062,6,22,1,24,54,1,3,54,112,0,31,26,7,24,3,17,0,12,1106
Jammu & Kashmir,Kulgam,2006,34.0182,76.8162,36,12,1,28,94,0,11,52,130,0,57,15,9,13,0,44,0,1,663
Jammu & Kashmir,Kupwara,2006,33.7082,76.5062,16,56,1,22,62,1,0,21,82,0,53,19,11,3,0,77,0,2,629
Jammu & Kashmir,Leh,2006,33.5582,76.3562,2,5,1,6,10,0,0,16,10,0,4,3,0,2,0,5,0,0,200
Jammu & Kashmir,Poonch,2006,33.8532,76.6512,30,65,0,42,42,0,0,26,94,0,75,4,13,45,0,13,0,12,719
Jammu & Kashmir,Pulwama,2006,33.6182,76.4162,24,61,0,18,114,1,24,73,248,0,193,20,12,75,0,37,0,1,946
Jammu & Kashmir,Railways,2006,33.9382,76.7362,0,0,0,0,0,0,0,0,20,0,0,0,1,0,0,0,0,0,21
Jammu & Kashmir,Rajouri,2006,33.9932,76.7912,20,41,0,52,74,0,1,65,120,0,35,18,36,31,3,34,0,33,1373
Jammu & Kashmir,Ramban,2006,33.6332,76.4312,18,33,3,28,10,0,0,29,84,0,3,6,8,21,0,6,0,0,711
Jammu & Kashmir,Reasi,2006,33.5782,76.3762,19,39,0,14,20,0,2,11,28,0,0,6,3,1,0,9,0,3,318
Jammu & Kashmir,Srinagar,2006,33.9132,76.7112,49,122,1,44,204,1,23,223,852,0,141,78,22,14,0,208,0,10,2629
Jammu & Kashmir,Udhampur,2006,34.0182,76.8162,10,22,0,22,20,1,1,54,108,0,25,12,4,9,0,19,0,3,942
Jharkhand,Bokaro,2006,23.7552,85.4249,38,7,0,48,98,34,38,109,998,0,144,29,3,0,16,7,0,64,2322
Jharkhand,Chaibasa,2006,23.6402,85.3099,129,35,1,106,24,16,33,33,294,0,38,24,2,54,7,7,0,17,1032
Jharkhand,Chatra,2006,23.8152,85.4849,30,0,0,26,22,18,22,22,126,0,82,9,2,0,16,3,0,7,772
Jharkhand,Deoghar,2006,23.6502,85.3199,33,6,4,66,16,9,19,109,398,0,164,13,1,101,19,4,0,27,1780
Jharkhand,Dhanbad,2006,23.4652,85.1349,86,64,16,74,130,55,61,158,1542,0,265,71,10,401,32,28,0,31,3707
Jharkhand,Dhanbad Rly.,2006,23.4652,85.1349,11,0,0,0,0,29,23,4,254,0,7,4,0,0,4,3,0,1,332
Jharkhand,Dumka,2006,23.8202,85.4899,50,18,4,110,56,9,9,62,362,0,110,20,6,179,7,46,0,30,1522
Jharkhand,Garhwa,2006,23.4552,85.1249,49,5,4,52,28,18,17,32,174,0,174,20,2,1,16,0,0,13,1168
Jharkhand,Giridih,2006,23.4852,85.1549,56,145,1,112,70,61,34,100,654,0,287,47,5,72,39,65,0,68,2689
Jharkhand,Godda,2006,23.5752,85.2449,40,79,5,66,50,7,14,50,280,0,137,15,15,61,8,16,0,47,1231
Jharkhand,Gumla,2006,23.5002,85.1699,126,58,3,110,52,19,25,16,178,0,38,11,8,0,1,12,0,12,991
Jharkhand,Hazaribagh,2006,23.5352,85.2049,97,103,12,90,154,89,88,161,1152,0,306,160,31,217,39,70,0,69,3034
Jharkhand,Jamshedpur,2006,23.8202,85.4899,90,95,6,108,86,22,36,84,1508,0,124,105,13,425,16,43,0,90,3192
Jharkhand,Jamshedpur Rly.,2006,23.3802,85.0499,5,0,0,4,0,3,10,6,370,0,1,6,0,6,0,1,0,0,411
Jharkhand,Jamtara,2006,23.6302,85.2999,16,34,4,42,30,4,3,23,190,0,78,7,9,106,4,4,0,14,676
Jharkhand,Koderma,2006,23.8052,85.4749,38,18,3,42,38,17,13,28,224,0,68,40,1,3,10,2,0,8,769
Jharkhand,Latehar,2006,23.6402,85.3099,24,10,5,24,18,31,26,16,150,0,46,4,2,44,2,1,0,4,543
Jharkhand,Lohardagga,2006,23.8352,85.5049,33,17,2,42,26,15,22,18,162,0,28,14,4,80,0,20,0,29,567
Jharkhand,Pakur,2006,23.4152,85.0849,41,120,5,56,38,2,9,13,170,0,95,22,7,94,3,13,0,34,731
Jharkhand,Palamu,2006,23.5902,85.2599,90,47,3,64,56,15,33,79,280,0,136,22,17,548,19,0,0,32,1566
Jharkhand,Ranchi,2006,23.4002,85.0699,253,60,16,158,188,79,190,221,2420,0,229,135,30,550,14,36,0,40,5302
Jharkhand,Sahebganj,2006,23.5702,85.2399,36,43,0,106,44,3,12,30,206,0,54,34,8,74,5,19,0,12,841
Jharkhand,Saraikela,2006,23.5452,85.2149,52,77,2,34,28,15,25,38,172,0,30,13,2,39,2,4,0,15,900
Jharkhand,Simdega,2006,23.4902,85.1599,69,37,1,58,18,11,17,16,82,0,9,8,0,0,2,10,0,4,438
Karnataka,Bagalkot,2006,15.1423,75.5389,35,25,1,24,40,11,20,85,256,0,147,37,7,276,3,45,0,59,2062
Karnataka,Bangalore Commr.,2006,12.9716,77.5946,218,324,7,66,198,241,647,1666,14708,0,710,1554,5,2640,50,143,0,290,26284
Karnataka,Bangalore Rural,2006,13.0827,77.5877,175,104,1,52,68,27,49,362,1840,0,582,112,37,1047,26,121,0,99,8778
Karnataka,Belgaum,2006,15.8497,74.4977,98,91,0,44,70,15,48,292,868,0,358,197,17,956,13,107,0,152,6143
Karnataka,Bellary,2006,15.3773,75.7739,56,44,1,30,46,8,31,155,536,0,224,49,5,566,13,59,0,70,4112
Karnataka,Bidar,2006,15.5473,75.9439,38,53,6,16,40,6,20,148,464,0,209,39,18,1079,10,82,0,69,3583
Karnataka,Bijapur,2006,15.1273,75.5239,63,59,0,36,52,14,22,123,306,0,319,64,17,622,4,89,0,126,3162
Karnataka,Chamarajnagar,2006,15.3773,75.7739,20,15,1,32,14,0,1,40,218,0,70,10,0,394,1,35,0,25,1300
Karnataka,Chickmagalur,2006,15.3073,75.7039,40,42,2,34,22,4,15,246,508,0,136,35,10,928,4,71,0,89,3369
Karnataka,Chitradurga,2006,15.2373,75.6339,38,21,3,32,38,2,9,127,552,0,193,26,2,709,3,52,0,28,3531
Karnataka,Dakshin Kannada,2006,15.2273,75.6239,28,44,0,34,24,7,20,208,474,0,419,56,28,441,2,47,0,34,4037
Karnataka,Davanagere,2006,15.4473,75.8439,23,13,4,34,28,10,25,173,544,0,147,46,0,554,11,60,0,79,2812
Karnataka,Dharwad Commr.,2006,15.4589,75.0078,23,18,0,6,30,14,60,136,676,0,67,105,3,198,1,13,0,34,2125
Karnataka,Dharwad Rural,2006,15.4589,75.0078,34,9,2,8,16,1,5,14,116,0,64,18,0,126,1,15,0,12,993
Karnataka,Gadag,2006,15.2073,75.6039,20,12,1,2,10,2,7,64,168,0,115,21,1,169,4,20,0,17,1138
Karnataka,Gulbarga,2006,17.3297,76.8343,99,125,2,36,90,10,35,190,556,0,494,90,58,1183,9,78,0,122,5093
Karnataka,Hassan,2006,15.2273,75.6239,61,38,1,26,22,6,25,230,562,0,126,30,13,1040,7,62,0,62,4299
Karnataka,Haveri,2006,15.5423,75.9389,27,10,2,10,26,11,8,75,200,0,173,26,0,198,1,37,0,17,1839
Karnataka,K.G.F.,2006,15.4423,75.8389,14,26,0,6,16,0,5,67,190,0,37,10,0,180,4,18,0,10,768
Karnataka,Kodagu,2006,15.1573,75.5539,27,33,1,12,12,0,2,87,114,0,38,20,1,433,0,21,0,26,1341
Karnataka,Kolar,2006,15.4823,75.8789,96,59,1,26,54,11,24,139,808,0,279,39,0,701,16,50,0,47,3411
Karnataka,Koppal,2006,15.4823,75.8789,25,9,11,12,14,7,6,78,168,0,118,22,1,195,3,28,0,23,1539
Karnataka,Mandya,2006,15.1123,75.5089,58,46,3,38,28,3,14,177,578,0,192,40,0,767,8,79,0,89,3924
Karnataka,Mysore Commr.,2006,12.2958,76.6394,33,45,0,30,16,4,107,139,1060,0,71,63,0,333,10,14,0,94,2696
Karnataka,Mysore Rural,2006,15.1723,75.5689,60,43,4,20,16,5,5,119,394,0,155,20,0,741,13,43,0,66,2868
Karnataka,Raichur,2006,15.4623,75.8589,32,46,5,26,36,2,13,136,246,0,204,85,8,556,6,76,0,85,2789
Karnataka,Railways,2006,15.4773,75.8739,22,2,0,0,4,3,9,2,802,0,5,7,0,23,2,4,0,1,879
Karnataka,Shimoga,2006,15.2973,75.6939,50,52,0,46,42,11,66,254,696,0,168,36,9,1082,5,61,0,191,4403
Karnataka,Tumkur,2006,15.4373,75.8339,62,41,4,26,30,6,29,207,806,0,157,26,16,806,10,87,0,47,4271
Karnataka,Udupi,2006,15.4773,75.8739,21,10,1,22,14,5,16,124,216,0,134,14,8,273,4,17,0,24,2218
Karnataka,Uttar Kannada,2006,15.2673,75.6639,31,25,4,14,10,3,6,104,172,0,72,13,4,272,0,49,0,42,2279
Kerala,Alapuzha,2006,10.8705,76.2911,27,33,6,30,36,11,32,207,508,0,392,227,22,1206,1,177,0,227,7700
Kerala,Cbcid,2006,10.8355,76.2561,16,1,1,2,2,1,1,1,10,0,0,17,0,4,0,0,0,2,141
Kerala,Ernakulam Commr.,2006,10.7805,76.2011,13,12,8,28,22,6,44,187,680,0,180,323,5,420,0,65,0,87,5699
Kerala,Ernakulam Rural,2006,10.6405,76.0611,28,16,5,50,28,12,50,228,646,0,293,101,13,1054,1,87,0,124,8542
Kerala,Idukki,2006,10.9005,76.3211,31,7,1,60,28,7,15,200,428,0,193,116,10,1302,2,133,0,131,4797
Kerala,Kannur,2006,10.6755,76.0961,20,29,0,74,32,6,36,216,458,0,737,132,83,1097,0,116,0,227,5461
Kerala,Kasargod,2006,10.7755,76.1961,15,12,0,54,16,12,19,188,340,0,338,73,18,562,0,81,0,149,3062
Kerala,Kollam,2006,10.9005,76.3211,34,39,14,150,70,28,75,485,1064,0,624,151,51,2504,1,351,0,445,10388
Kerala,Kottayam,2006,11.0855,76.5061,21,18,5,60,44,8,46,394,810,0,292,364,17,1815,2,196,0,186,8186
Kerala,Kozhikode Commr.,2006,11.2588,75.7804,7,9,4,38,24,9,29,258,764,0,220,125,5,498,3,51,0,134,3692
Kerala,Kozhikode Rural,2006,11.2588,75.7804,6,21,3,80,22,6,13,190,434,0,492,160,35,996,4,128,0,234,4516
Kerala,Malappuram,2006,10.7305,76.1511,19,15,3,90,20,20,23,247,950,0,498,259,37,755,1,145,0,458,6527
Kerala,Palakkad,2006,10.8855,76.3061,44,30,7,118,16,16,32,241,524,0,329,196,15,1121,4,52,0,363,5620
Kerala,Pathanamthitta,2006,10.7905,76.2111,18,8,1,48,30,3,26,205,308,0,182,120,7,962,0,145,0,129,4433
Kerala,Railways,2006,11.0105,76.4311,0,0,0,0,0,1,6,0,306,0,1,1,0,13,0,5,0,0,328
Kerala,Thrissur,2006,10.5276,76.2144,44,48,9,110,36,48,77,228,860,0,602,408,63,1002,3,220,0,302,9778
Kerala,Trivandrum Commr.,2006,11.0655,76.4861,14,28,3,56,56,30,68,200,742,0,338,243,9,873,1,133,0,107,4914
Kerala,Trivandrum Rural,2006,10.9805,76.4011,27,13,16,82,98,27,87,447,764,0,500,242,34,2208,1,388,0,281,9274
Kerala,Wayanadu,2006,11.0555,76.4761,9,8,1,72,8,3,12,123,266,0,154,58,11,713,1,70,0,122,2321
Madhya Pradesh,Anuppur,2006,23.1484,78.8319,32,11,0,76,18,4,10,102,224,0,17,16,5,305,7,81,0,35,1487
Madhya Pradesh,Ashok Nagar,2006,22.8084,78.4919,33,33,6,108,16,1,10,116,324,0,36,13,13,826,6,120,0,23,2265
Madhya Pradesh,Balaghat,2006,22.9584,78.6419,60,22,1,134,10,2,10,106,258,0,32,15,9,388,6,111,0,41,2295
Madhya Pradesh,Barwani,2006,22.9784,78.6619,39,29,7,96,4,1,16,133,492,0,35,13,10,289,4,103,0,32,2392
Madhya Pradesh,Betul,2006,23.1484,78.8319,65,24,1,284,54,1,23,180,470,0,19,25,14,478,13,134,0,71,3291
Madhya Pradesh,Bhind,2006,22.8084,78.4919,72,103,8,68,26,10,90,173,432,0,76,24,14,685,32,71,0,69,3856
Madhya Pradesh,Bhopal,2006,23.2599,77.4126,62,89,0,140,98,11,147,846,3214,0,65,127,17,527,22,193,0,103,13016
Madhya Pradesh,Bhopal Rly.,2006,23.2599,77.4126,4,2,0,2,8,0,13,12,2082,0,1,5,1,17,2,10,0,1,2147
Madhya Pradesh,Burhanpur,2006,22.9334,78.6169,13,6,0,42,8,3,5,51,240,0,15,10,7,105,3,45,0,28,1265
Madhya Pradesh,Chhatarpur,2006,23.0184,78.7019,71,72,5,118,46,2,52,275,428,0,50,22,22,564,19,170,0,70,4667
Madhya Pradesh,Chhindwara,2006,23.1184,78.8019,76,38,8,250,32,5,14,134,582,0,38,32,11,1172,13,188,0,79,3855
Madhya Pradesh,Damoh,2006,22.7384,78.4219,44,52,0,80,8,8,27,108,262,0,17,6,6,1120,40,116,0,51,2444
Madhya Pradesh,Datiya,2006,23.1234,78.8069,50,58,0,46,36,5,48,115,354,0,27,26,11,481,12,73,0,21,2338
Madhya Pradesh,Dewas,2006,22.9584,78.6419,43,72,1,170,42,7,26,275,1452,0,84,41,21,403,10,168,0,136,5420
Madhya Pradesh,Dhar,2006,15.4589,75.0078,58,65,3,206,70,16,43,249,974,0,72,20,33,692,30,183,0,47,4835
Madhya Pradesh,Dindori,2006,22.7284,78.4119,27,5,3,52,0,0,1,33,32,0,2,4,1,156,2,51,0,15,660
Madhya Pradesh,Guna,2006,22.9584,78.6419,37,45,6,138,26,6,28,165,494,0,70,22,16,938,7,162,0,48,3494
Madhya Pradesh,Gwalior,2006,26.2183,78.1828,107,152,13,154,82,22,222,675,3162,0,138,109,20,1021,32,186,0,172,10008
Madhya Pradesh,Harda,2006,23.0384,78.7219,16,26,0,50,14,2,13,83,334,0,13,3,0,420,5,37,0,16,1284
Madhya Pradesh,Hoshangabad,2006,23.1584,78.8419,47,46,3,114,24,6,32,252,772,0,22,26,7,398,12,112,0,29,3066
Madhya Pradesh,Indore,2006,22.7196,75.8577,81,126,2,180,78,19,111,920,6670,0,144,129,43,1460,22,253,0,263,16127
Madhya Pradesh,Indore Rly.,2006,22.7196,75.8577,2,1,0,6,0,0,8,0,276,0,0,0,0,4,0,4,0,1,297
Madhya Pradesh,Jabalpur,2006,23.1815,79.9864,65,132,9,206,78,11,97,483,1816,0,111,152,26,4728,31,228,0,127,10199
Madhya Pradesh,Jabalpur Rly.,2006,23.1815,79.9864,4,1,4,2,2,5,12,2,446,0,0,8,0,2,0,7,0,0,484
Madhya Pradesh,Jhabua,2006,23.1184,78.8019,117,63,3,64,40,1,7,70,340,0,28,10,30,478,4,46,0,22,2273
Madhya Pradesh,Katni,2006,23.1084,78.7919,49,33,3,64,14,2,11,132,390,0,24,46,10,1081,18,142,0,48,2871
Madhya Pradesh,Khandwa,2006,22.8834,78.5669,30,55,0,120,42,3,18,421,888,0,55,23,9,45,8,179,0,61,3999
Madhya Pradesh,Khargon,2006,22.9484,78.6319,44,25,1,94,16,1,18,235,1240,0,41,14,9,454,26,139,0,39,3918
Madhya Pradesh,Mandla,2006,22.7384,78.4219,27,19,1,124,14,0,5,73,122,0,13,12,6,300,4,81,0,24,1559
Madhya Pradesh,Mandsaur,2006,22.8484,78.5319,18,25,0,74,36,6,31,131,782,0,55,29,13,354,11,130,0,62,3165
Madhya Pradesh,Morena,2006,22.8584,78.5419,66,85,2,68,60,10,48,167,810,0,151,26,13,1767,21,77,0,59,4880
Madhya Pradesh,Narsinghpur,2006,22.9434,78.6269,32,41,3,130,8,0,13,67,202,0,12,6,19,767,14,122,0,38,1972
Madhya Pradesh,Neemuch,2006,22.8684,78.5519,17,14,0,44,16,2,6,102,536,0,21,18,5,424,4,34,0,42,1816
Madhya Pradesh,Panna,2006,22.7284,78.4119,30,31,1,82,16,7,11,95,148,0,15,8,7,101,14,68,0,20,1503
Madhya Pradesh,Raisen,2006,22.8984,78.5819,51,46,0,148,28,1,23,129,504,0,23,14,7,392,18,172,0,52,3676
Madhya Pradesh,Rajgarh,2006,23.0634,78.7469,28,29,0,166,24,1,31,162,722,0,101,8,49,305,9,146,0,101,4357
Madhya Pradesh,Ratlam,2006,23.0084,78.6919,40,55,0,124,40,6,33,148,834,0,35,37,17,301,9,125,0,78,3704
Madhya Pradesh,Rewa,2006,23.0034,78.6869,45,28,0,94,46,6,49,454,864,0,65,47,23,803,46,125,0,51,4459
Madhya Pradesh,Sagar,2006,23.2134,78.8969,76,95,0,232,62,6,49,363,1040,0,62,22,43,2570,28,284,0,131,6972
Madhya Pradesh,Satna,2006,23.1784,78.8619,74,52,0,144,36,11,30,482,826,0,40,37,27,965,39,198,0,92,5748
Madhya Pradesh,Seoni,2006,22.8884,78.5719,36,23,0,114,12,2,11,117,232,0,41,11,6,353,11,105,0,35,2468
Madhya Pradesh,Shahdol,2006,22.7684,78.4519,33,22,1,134,8,6,21,207,342,0,27,22,9,255,16,140,0,69,2492
Madhya Pradesh,Shajapur,2006,23.0784,78.7619,28,41,3,116,38,10,61,244,1170,0,51,20,33,1207,11,150,0,62,3544
Madhya Pradesh,Sheopur,2006,22.7384,78.4219,12,13,0,38,16,2,3,34,242,0,26,3,1,264,2,34,0,31,1159
Madhya Pradesh,Shivpuri,2006,23.1434,78.8269,72,65,2,166,44,9,39,241,638,0,70,22,37,755,33,170,0,50,4646
Madhya Pradesh,Sidhi,2006,22.8634,78.5469,72,25,1,132,62,3,27,296,634,0,34,55,12,622,21,129,0,47,4136
Madhya Pradesh,Sihore,2006,22.9134,78.5969,31,47,1,132,28,3,24,174,750,0,46,21,10,290,14,99,0,48,3337
Madhya Pradesh,Tikamgarh,2006,23.0834,78.7669,37,31,0,104,18,4,28,156,340,0,43,11,49,1034,22,131,0,34,3080
Madhya Pradesh,Ujjain,2006,23.1765,75.7885,65,128,0,158,78,12,86,413,2222,0,87,110,35,705,12,175,0,157,7458
Madhya Pradesh,Umariya,2006,23.0784,78.7619,26,9,33,42,0,3,4,115,196,0,10,6,10,210,4,56,0,13,1249
Madhya Pradesh,Vidisha,2006,23.0934,78.7769,45,60,3,170,34,8,25,244,662,0,48,36,19,728,15,180,0,45,3928
Maharashtra,Ahmednagar,2006,19.7715,75.7339,86,49,3,136,72,38,100,400,2682,0,277,107,46,710,0,129,0,467,6173
Maharashtra,Akola,2006,19.8715,75.8339,47,52,0,50,56,5,39,305,1990,0,134,80,36,843,1,95,0,135,4222
Maharashtra,Amravati Commr.,2006,19.9615,75.9239,27,14,0,42,34,9,26,196,1470,0,81,55,9,429,3,36,0,76,2591
Maharashtra,Amravati Rural,2006,19.8215,75.7839,67,32,2,88,44,3,24,266,1690,0,89,56,60,797,4,118,0,131,3806
Maharashtra,Aurangabad Commr.,2006,19.8762,75.3433,31,24,0,66,44,15,73,224,1332,0,144,158,15,384,3,39,0,107,2766
Maharashtra,Aurangabad Rural,2006,19.9115,75.8739,42,17,1,20,22,17,29,139,628,0,192,34,24,668,39,56,0,255,2591
Maharashtra,Beed,2006,19.6065,75.5689,63,46,1,48,68,30,94,379,1506,0,439,56,40,1005,12,98,0,310,4380
Maharashtra,Bhandara,2006,19.8215,75.7839,35,18,2,80,30,2,16,183,886,0,94,31,53,363,4,54,0,89,2583
Maharashtra,Buldhana,2006,19.6415,75.6039,53,64,2,46,20,9,32,214,1408,0,177,89,68,905,13,128,0,192,4152
Maharashtra,Chandrapur,2006,19.8215,75.7839,42,20,1,60,34,7,27,377,1548,0,122,55,49,664,6,81,0,123,3703
Maharashtra,Dhule,2006,19.8865,75.8489,38,33,4,24,16,12,19,131,714,0,102,78,13,411,6,33,0,189,2516
Maharashtra,Gadchiroli,2006,19.7565,75.7189,59,52,4,28,20,12,8,100,248,0,28,18,45,241,2,52,0,47,1278
Maharashtra,Gondia,2006,19.5815,75.5439,31,13,2,46,44,12,25,220,796,0,63,27,41,393,5,106,0,55,2296
Maharashtra,Hingoli,2006,19.6515,75.6139,41,25,2,30,24,11,38,93,468,0,112,29,28,404,8,41,0,100,1790
Maharashtra,Jalgaon,2006,19.7315,75.6939,75,53,4,104,42,27,37,229,1248,0,206,208,12,632,14,111,0,305,4443
Maharashtra,Jalna,2006,19.7165,75.6789,52,25,0,38,26,16,51,178,908,0,174,59,20,558,19,58,0,248,3011
Maharashtra,Kolhapur,2006,19.6715,75.6339,65,45,3,66,58,21,27,294,1484,0,182,188,15,521,25,71,0,132,3781
Maharashtra,Latur,2006,19.8315,75.7939,54,40,0,30,44,14,45,276,782,0,194,58,33,957,65,53,0,144,3902
Maharashtra,Mumbai Commr.,2006,18.922,72.8347,239,135,5,330,380,90,292,3111,23370,0,278,1701,15,3797,17,357,0,327,33738
Maharashtra,Mumbai Rly.,2006,19.6465,75.6089,16,0,2,10,10,1,28,1,3356,0,9,22,0,35,0,17,0,0,3488
Maharashtra,Nagpur Commr.,2006,21.1458,79.0882,85,51,4,102,116,62,169,1275,5204,0,247,326,14,1006,7,72,0,180,9991
Maharashtra,Nagpur Rly.,2006,19.8415,75.8039,7,3,0,0,4,9,24,1,1748,0,16,5,3,17,1,5,0,0,1837
Maharashtra,Nagpur Rural,2006,19.6665,75.6289,74,24,1,74,48,16,40,239,1896,0,144,67,44,639,5,120,0,67,4514
Maharashtra,Nanded,2006,19.9715,75.9339,71,73,7,66,70,18,74,344,1036,0,330,119,74,1292,16,82,0,221,4828
Maharashtra,Nandurbar,2006,19.5415,75.5039,26,14,1,42,18,8,7,62,312,0,95,44,3,233,0,22,0,96,1266
Maharashtra,Nasik Commr.,2006,19.8865,75.8489,38,14,1,28,64,7,48,438,1850,0,135,128,5,222,2,36,0,119,2977
Maharashtra,Nasik Rural,2006,19.9065,75.8689,77,40,2,124,56,23,56,226,1210,0,345,111,21,837,7,123,0,331,4767
Maharashtra,Navi Mumbai,2006,19.5315,75.4939,59,20,0,36,38,38,109,423,2452,0,121,164,9,424,7,39,0,59,3994
Maharashtra,Osmanabad,2006,19.6415,75.6039,58,27,0,74,20,29,39,257,1012,0,177,98,23,761,3,57,0,150,3227
Maharashtra,Parbhani,2006,19.5665,75.5289,69,47,0,36,36,21,48,183,584,0,120,72,18,885,10,73,0,162,2512
Maharashtra,Pune Commr.,2006,18.5204,73.8567,104,99,4,154,216,52,219,1047,8136,0,497,533,13,1236,6,104,0,236,12306
Maharashtra,Pune Rly.,2006,19.7565,75.7189,3,0,0,2,2,5,9,0,458,0,2,1,0,4,0,1,0,0,486
Maharashtra,Pune Rural,2006,19.6315,75.5939,124,62,3,76,80,71,85,378,1840,0,185,148,34,602,15,93,0,161,5573
Maharashtra,Raigad,2006,19.7865,75.7489,54,27,3,50,30,29,28,198,960,0,159,56,9,339,0,43,0,58,2589
Maharashtra,Ratnagiri,2006,19.9015,75.8639,16,7,2,50,18,6,9,194,546,0,105,48,20,205,1,32,0,52,1634
Maharashtra,Sangli,2006,19.5815,75.5439,61,34,1,48,42,10,22,226,1038,0,128,171,19,371,8,51,0,99,2668
Maharashtra,Satara,2006,19.8865,75.8489,64,40,6,67,82,24,74,373,2086,0,167,82,36,493,8,88,0,255,4643
Maharashtra,Sindhudurg,2006,19.7465,75.7089,15,6,2,18,8,1,3,80,252,0,39,44,11,128,3,13,0,13,816
Maharashtra,Solapur Commr.,2006,19.8765,75.8389,15,28,0,24,32,12,49,223,702,0,92,115,7,189,2,22,0,59,1786
Maharashtra,Solapur Rural,2006,19.7715,75.7339,77,38,1,108,64,42,47,210,1044,0,243,34,31,596,10,81,0,103,3652
Maharashtra,Thane Commr.,2006,19.2183,72.9781,106,89,3,124,180,50,162,1156,4570,0,300,481,13,1208,4,150,0,269,8439
Maharashtra,Thane Rural,2006,19.5965,75.5589,152,46,8,136,70,71,104,471,1400,0,294,143,33,730,6,137,0,147,4970
Maharashtra,Wardha,2006,19.8415,75.8039,49,28,3,62,44,13,28,227,1286,0,147,55,62,772,2,96,0,134,4130
Maharashtra,Washim,2006,19.5515,75.5139,28,19,0,24,22,3,25,80,724,0,82,23,18,502,10,64,0,134,2011
Maharashtra,Yavatmal,2006,19.9265,75.8889,61,87,10,132,74,15,66,250,2086,0,186,57,46,999,8,142,0,201,5228
Manipur,Bishnupur,2006,24.4637,93.7063,14,27,1,2,18,0,0,1,36,0,4,6,4,38,0,6,0,2,289
Manipur,Chandel,2006,24.8937,94.1363,14,12,0,4,4,1,2,1,12,0,2,2,4,4,0,1,0,0,71
Manipur,Churachandpur,2006,24.7837,94.0263,43,30,1,40,2,6,0,5,46,0,0,1,6,8,0,5,0,0,264
Manipur,Imphal East,2006,28.6333,77.2833,31,57,0,6,52,0,0,8,102,0,9,5,39,56,0,14,0,0,534
Manipur,Imphal West,2006,28.65,77.1,41,74,0,18,102,20,5,34,296,0,22,40,39,106,0,15,0,5,1058
Manipur,Senapati,2006,24.4637,93.7063,13,7,1,0,12,1,1,0,38,0,2,0,0,1,0,0,0,0,108
Manipur,Tamenglong,2006,24.4787,93.7213,9,5,0,0,0,1,0,0,12,0,2,0,5,0,0,0,0,0,40
Manipur,Thoubal,2006,24.4487,93.6913,36,52,1,10,70,0,0,6,36,0,17,27,7,79,0,1,0,3,464
Manipur,Ukhrul,2006,24.7087,93.9513,4,1,0,0,0,0,0,0,2,0,2,1,5,4,0,0,0,0,56
Meghalaya,Garo Hills East,2006,28.6333,77.2833,18,8,2,6,12,14,8,9,50,0,0,2,1,6,0,7,0,0,148
Meghalaya,Garo Hills South,2006,28.5333,77.2,3,2,0,0,8,4,4,3,36,0,0,1,0,3,0,1,0,0,64
Meghalaya,Garo Hills West,2006,28.65,77.1,15,7,0,20,26,8,1,12,82,0,7,5,7,39,0,14,0,0,242
Meghalaya,Jaintia Hills,2006,25.487,91.3862,51,3,2,38,6,7,5,13,82,0,0,1,5,38,0,4,0,0,286
Meghalaya,Khasi Hills East,2006,28.6333,77.2833,45,16,4,60,56,8,35,96,550,0,0,64,14,43,6,23,0,13,987
Meghalaya,Khasi Hills West,2006,28.65,77.1,12,5,0,12,2,12,7,7,42,0,0,4,0,0,0,0,0,0,118
Meghalaya,Ri-Bhoi,2006,25.712,91.6112,13,1,0,12,4,8,5,0,98,0,0,6,1,9,0,8,0,0,187
Mizoram,Aizawl,2006,23.3695,93.1426,7,9,5,62,4,0,3,200,814,0,0,50,12,33,0,24,0,1,1194
Mizoram,Champhai,2006,23.1495,92.9226,2,0,1,24,0,0,1,42,146,0,0,7,4,11,0,6,0,0,237
Mizoram,Kolasib,2006,23.3695,93.1426,4,1,0,16,4,6,0,32,144,0,0,6,4,9,0,6,0,0,253
Mizoram,Lawngtlai,2006,23.2295,93.0026,3,0,0,2,0,1,0,14,36,0,0,1,0,3,0,2,0,0,87
Mizoram,Lunglei,2006,23.3295,93.1026,2,1,0,18,0,0,1,78,180,0,0,6,1,4,0,7,0,0,291
Mizoram,Mamit,2006,23.2195,92.9926,5,4,1,4,2,0,3,14,38,0,0,0,0,3,0,1,0,0,73
Mizoram,Saiha,2006,22.9895,92.7626,1,0,0,10,2,0,1,17,110,0,0,5,3,7,0,3,0,0,185
Mizoram,Serchhip,2006,23.3445,93.1176,1,4,0,8,0,0,1,25,48,0,0,3,1,2,0,2,0,0,93
Nagaland,Dimapur,2006,26.3284,94.7324,25,7,0,10,30,4,65,21,300,0,0,14,10,9,0,2,0,3,495
Nagaland,Kiphire,2006,26.1734,94.5774,1,0,0,0,0,0,0,0,2,0,0,0,0,0,0,0,0,0,9
Nagaland,Kohima,2006,26.0484,94.4524,31,19,0,16,20,6,10,19,134,0,1,16,0,0,0,0,0,0,272
Nagaland,Mokokchung,2006,26.2884,94.6924,9,1,1,0,6,0,1,3,26,0,0,0,1,9,0,0,0,0,56
Nagaland,Mon,2006,25.9134,94.3174,15,3,5,4,4,4,2,6,32,0,0,2,3,10,0,0,0,0,85
Nagaland,Peren,2006,26.1434,94.5474,11,8,1,0,0,1,2,2,14,0,0,1,0,3,0,1,0,0,42
Nagaland,Phek,2006,26.2334,94.6374,9,2,1,10,0,1,2,3,22,0,0,2,0,7,0,0,0,0,58
Nagaland,Tuensang,2006,26.1484,94.5524,4,1,0,2,0,0,1,7,10,0,5,2,1,1,0,0,0,0,45
Nagaland,Wokha,2006,26.2734,94.6774,4,2,0,0,2,0,1,2,60,0,1,0,1,7,0,0,0,0,80
Nagaland,Zunheboto,2006,26.1234,94.5274,14,3,0,4,0,0,0,7,54,0,0,0,0,4,0,0,0,0,86
Odisha,Angul,2006,21.1617,85.3085,39,43,1,82,32,19,47,107,632,0,144,39,12,26,12,97,0,36,2104
Odisha,Balasore,2006,20.7367,84.8835,35,40,3,118,100,5,29,195,522,0,48,58,28,354,46,145,0,28,2987
Odisha,Baragarh,2006,20.7917,84.9385,37,28,3,34,26,13,25,66,266,0,75,21,17,35,17,69,0,17,1225
Odisha,Berhampur,2006,20.7067,84.8535,18,39,0,24,30,20,41,101,346,0,49,39,10,85,9,87,0,11,1184
Odisha,Bhadrak,2006,21.0067,85.1535,39,32,0,90,40,5,16,61,196,0,31,40,15,15,23,58,0,17,1642
Odisha,Bolangir,2006,20.9017,85.0485,32,29,4,80,74,9,26,79,298,0,61,40,8,205,7,140,0,23,1714
Odisha,Boudh,2006,21.1017,85.2485,8,4,0,8,6,0,5,23,72,0,15,3,7,175,1,49,0,9,464
Odisha,Cuttack,2006,20.8467,84.9935,44,0,0,92,112,16,90,288,1304,0,65,124,16,192,49,48,0,36,3909
Odisha,Deogarh,2006,20.8517,84.9985,9,10,0,36,14,5,18,40,108,0,21,11,11,155,2,69,0,13,643
Odisha,Dhenkanal,2006,21.1317,85.2785,34,14,0,64,26,14,49,81,298,0,98,24,19,64,12,130,0,23,1600
Odisha,Gajapati,2006,20.8317,84.9785,14,0,0,14,16,4,6,30,62,0,33,9,6,16,3,30,0,8,443
Odisha,Ganjam,2006,21.0467,85.1935,60,56,0,66,50,11,47,124,308,0,76,24,19,185,20,176,0,24,2003
Odisha,Jagatsinghpur,2006,20.7617,84.9085,25,4,3,24,42,13,30,60,268,0,21,38,11,139,17,7,0,8,1186
Odisha,Jajpur,2006,21.1767,85.3235,48,15,0,70,78,7,46,128,396,0,64,47,21,346,29,69,0,31,2163
Odisha,Jharsuguda,2006,21.1817,85.3285,16,19,0,26,10,9,18,89,356,0,44,13,7,556,3,63,0,7,1298
Odisha,Kalahandi,2006,20.9067,85.0535,30,14,0,98,30,4,29,59,176,0,89,57,8,120,12,42,0,28,1299
Odisha,Kandhamal,2006,21.0667,85.2135,19,13,0,56,32,2,12,46,124,0,25,11,9,388,2,88,0,38,890
Odisha,Kendrapara,2006,21.0217,85.1685,53,6,0,60,24,11,33,80,156,0,18,25,5,57,36,10,0,12,1173
Odisha,Keonjhar,2006,21.0417,85.1885,84,59,0,106,70,12,61,87,374,0,56,28,21,25,10,152,0,20,2075
Odisha,Khurda,2006,21.1267,85.2735,56,36,1,116,124,26,218,469,2384,0,91,400,20,1592,35,62,0,59,6007
Odisha,Koraput,2006,20.9817,85.1285,43,35,6,114,74,12,23,84,302,0,37,36,11,46,5,130,0,54,1532
Odisha,Malkangir,2006,21.0667,85.2135,49,31,2,34,16,1,3,19,68,0,14,6,3,44,3,31,0,8,482
Odisha,Mayurbhanj,2006,20.9467,85.0935,84,42,8,176,76,10,46,113,448,0,17,45,18,35,25,159,0,61,2148
Odisha,Nayagarh,2006,20.7817,84.9285,35,12,0,34,42,8,13,72,250,0,27,32,13,381,12,16,0,12,1124
Odisha,Nowrangpur,2006,20.7267,84.8735,16,5,0,48,34,0,8,32,120,0,27,9,4,53,5,53,0,17,735
Odisha,Nuapada,2006,21.0017,85.1485,13,4,3,18,12,3,10,34,140,0,25,8,5,12,6,38,0,17,683
Odisha,Puri,2006,21.0967,85.2435,29,9,0,38,66,12,67,183,628,0,51,32,19,131,30,17,0,17,2466
Odisha,Rayagada,2006,20.8267,84.9735,37,16,0,44,26,3,18,35,138,0,54,15,3,22,7,53,0,23,900
Odisha,Rourkela,2006,21.1017,85.2485,12,22,0,40,36,3,22,66,510,0,14,54,0,233,10,81,0,10,1420
Odisha,Sambalpur,2006,21.1217,85.2685,43,59,0,50,26,32,64,147,594,0,75,31,12,102,7,106,0,17,2305
Odisha,Sonepur,2006,20.7717,84.9185,15,16,0,26,12,3,9,29,90,0,20,10,6,16,2,58,0,1,455
Odisha,Srp(Cuttack),2006,20.9017,85.0485,5,0,0,2,10,3,16,8,606,0,1,8,0,27,0,7,0,1,686
Odisha,Srp(Rourkela),2006,20.9967,85.1435,5,2,1,4,6,3,4,3,212,0,6,0,0,6,0,5,0,0,266
Odisha,Sundargarh,2006,20.7717,84.9185,73,38,1,78,36,17,35,82,382,0,43,27,7,388,0,70,0,8,1777
Punjab,Amritsar,2006,31.634,74.8723,44,44,5,26,50,14,16,138,698,0,0,170,0,151,5,6,0,55,1527
Punjab,Barnala,2006,31.3321,75.5262,12,9,6,10,12,1,3,29,66,0,0,67,0,112,1,7,0,6,530
Punjab,Batala,2006,31.1221,75.3162,26,26,4,62,32,2,0,76,202,0,0,187,0,166,5,15,0,44,1242
Punjab,Bhatinda,2006,30.9171,75.1112,54,55,15,38,54,5,3,127,312,0,0,169,5,223,5,22,0,45,1441
Punjab,Faridkot,2006,30.9071,75.1012,18,30,1,18,26,0,3,73,250,0,0,76,1,173,5,25,0,19,900
Punjab,Fatehgarh Sahib,2006,31.0171,75.2112,17,11,4,20,8,6,4,33,118,0,0,72,0,132,4,5,0,27,668
Punjab,Ferozpur,2006,31.2371,75.4312,68,47,4,36,52,1,1,129,350,0,0,218,7,474,7,0,0,47,1753
Punjab,G.R.P,2006,31.3271,75.5212,12,2,2,2,0,0,1,0,102,0,0,14,1,16,3,2,0,0,302
Punjab,Gurdaspur,2006,30.9771,75.1712,30,21,11,50,32,0,2,46,144,0,0,68,2,119,14,12,0,31,1133
Punjab,Hoshiarpur,2006,31.2071,75.4012,36,47,5,50,50,6,7,81,230,0,0,176,5,257,13,14,0,57,1351
Punjab,Jagraon,2006,27.1767,78.0081,23,30,3,36,24,3,1,73,186,0,0,69,0,167,1,11,0,21,897
Punjab,Jalandhar,2006,31.3271,75.5212,80,122,19,104,250,16,24,316,1264,0,1,436,19,589,6,30,0,93,3671
Punjab,Kapurthala,2006,30.9371,75.1312,28,29,1,26,42,4,15,105,270,0,0,164,5,239,6,12,0,23,1201
Punjab,Khanna,2006,31.1671,75.3612,17,28,3,10,26,7,2,72,192,0,0,68,3,164,2,0,0,12,1010
Punjab,Ludhiana,2006,30.901,75.8573,63,79,8,82,200,23,13,197,1034,0,0,340,6,281,12,25,0,93,3087
Punjab,Majitha,2006,31.3921,75.5862,51,36,2,26,42,3,5,41,106,0,0,109,0,117,4,13,0,22,790
Punjab,Mansa,2006,30.9521,75.1462,27,29,20,34,18,3,1,31,92,0,0,66,0,150,1,9,0,9,656
Punjab,Moga,2006,31.1921,75.3862,31,42,10,22,56,4,10,100,264,0,2,221,0,254,1,24,0,25,1311
Punjab,Muktsar,2006,31.0321,75.2262,23,23,5,28,34,2,7,64,186,0,0,47,3,160,5,5,0,17,717
Punjab,Nawan Shahr,2006,30.9721,75.1662,18,31,1,16,14,5,10,48,160,0,0,81,0,191,1,5,0,19,727
Punjab,Patiala,2006,31.0121,75.2062,43,55,12,58,52,2,2,163,548,0,0,175,8,393,4,27,0,39,2403
Punjab,Ropar,2006,30.9021,75.0962,12,1,1,16,20,1,1,24,100,0,0,60,1,72,5,9,0,21,660
Punjab,Sangrur,2006,31.1871,75.3812,23,32,12,48,28,6,2,80,186,0,0,136,2,185,7,18,0,46,1125
Punjab,Sas Ngr,2006,31.2471,75.4412,30,29,9,20,30,2,0,190,622,0,0,128,0,149,6,0,0,3,2136
Punjab,Tarn Taran,2006,30.8971,75.0912,31,40,2,46,30,9,9,41,210,0,0,76,0,170,7,18,0,27,830
Rajasthan,Ajmer,2006,26.4499,74.6399,44,64,4,106,180,4,27,282,1786,0,69,460,9,327,9,114,0,405,6523
Rajasthan,Alwar,2006,26.9488,74.1429,75,83,4,162,204,11,38,160,2186,0,72,635,19,2084,36,111,0,314,7243
Rajasthan,Banswara,2006,27.1438,74.3379,29,22,1,54,76,13,14,69,182,0,85,63,17,1087,5,79,0,93,2489
Rajasthan,Baran,2006,27.0538,74.2479,33,78,1,74,88,2,8,103,486,0,21,120,14,382,5,114,0,169,2555
Rajasthan,Barmer,2006,27.2438,74.4379,20,24,5,24,52,0,3,94,394,0,10,146,18,636,7,85,0,74,2597
Rajasthan,Bharatpur,2006,27.0638,74.2579,75,60,4,70,164,9,15,55,1536,0,1,435,21,524,16,40,0,274,6134
Rajasthan,Bhilwara,2006,27.1438,74.3379,36,61,1,80,194,1,57,319,1358,0,39,317,14,124,9,81,0,221,4635
Rajasthan,Bikaner,2006,26.9588,74.1529,35,102,0,58,56,0,10,182,806,0,5,303,11,434,16,63,0,287,3733
Rajasthan,Bundi,2006,27.1988,74.3929,22,52,1,78,128,5,13,80,422,0,48,170,7,655,5,103,0,260,3010
Rajasthan,Chittorgarh,2006,26.8788,74.0729,51,47,6,130,308,9,40,269,1144,0,103,301,34,1907,9,151,0,437,6006
Rajasthan,Churu,2006,27.0738,74.2679,18,22,5,34,38,2,2,62,300,0,17,184,13,582,10,16,0,183,2282
Rajasthan,Dausa,2006,27.0938,74.2879,25,17,0,32,70,0,10,87,1084,0,74,204,5,1,14,34,0,105,3648
Rajasthan,Dholpur,2006,27.0088,74.2029,42,58,1,56,82,9,10,39,624,0,34,115,11,1264,25,33,0,116,2949
Rajasthan,Dungarpur,2006,27.0238,74.2179,23,14,1,36,50,2,6,28,112,0,94,27,11,110,2,64,0,47,1596
Rajasthan,G.R.P.,2006,26.9338,74.1279,7,5,0,0,20,3,11,1,1094,0,4,4,0,2,0,19,0,0,1151
Rajasthan,Ganganagar,2006,27.0638,74.2579,67,101,0,78,76,3,15,185,738,0,10,583,9,1018,16,64,0,457,4807
Rajasthan,Hanumangarh,2006,27.1788,74.3729,44,61,1,62,48,2,13,104,490,0,4,381,10,391,10,65,0,257,3083
Rajasthan,Jaipur East,2006,28.6333,77.2833,18,21,1,38,110,6,20,289,3256,0,173,434,7,39,6,40,0,156,5370
Rajasthan,Jaipur North,2006,28.7,77.1833,22,25,0,36,96,1,12,140,1688,0,64,381,2,341,8,42,0,151,3714
Rajasthan,Jaipur Rural,2006,26.9124,75.7873,59,38,4,68,170,7,15,181,1642,0,158,635,42,786,14,98,0,169,7987
Rajasthan,Jaipur South,2006,28.5333,77.2,19,17,1,42,114,3,14,199,2284,0,63,620,2,299,9,28,0,144,4739
Rajasthan,Jaisalmer,2006,26.7738,73.9679,4,6,0,2,14,0,4,52,250,0,16,48,6,0,5,14,0,15,851
Rajasthan,Jalore,2006,27.0488,74.2429,21,22,2,20,46,0,5,73,312,0,12,121,14,58,10,41,0,81,2106
Rajasthan,Jhalawar,2006,26.8238,74.0179,28,80,3,84,132,16,17,116,700,0,41,92,30,817,10,151,0,189,3134
Rajasthan,Jhunjhunu,2006,26.8438,74.0379,34,18,0,88,40,0,6,125,528,0,29,249,24,573,17,38,0,157,3610
Rajasthan,Jodhpur City,2006,26.2389,73.0243,15,42,0,36,74,1,26,237,1450,0,19,447,7,604,10,53,0,209,3460
Rajasthan,Jodhpur Rural,2006,26.2389,73.0243,29,35,2,38,42,1,12,98,396,0,26,130,17,1060,17,59,0,58,2505
Rajasthan,Karauli,2006,27.1438,74.3379,21,29,2,58,118,4,10,34,722,0,12,144,16,12,19,39,0,99,3291
Rajasthan,Kota City,2006,25.2138,75.8648,11,134,4,36,170,4,40,186,1786,0,10,340,9,198,12,49,0,272,4045
Rajasthan,Kota Rural,2006,25.2138,75.8648,21,90,1,38,54,3,9,81,444,0,20,88,8,191,4,91,0,132,2080
Rajasthan,Nagaur,2006,27.1488,74.3429,56,31,4,70,98,3,19,142,838,0,12,275,26,140,12,193,0,221,4432
Rajasthan,Pali,2006,26.8388,74.0329,35,46,3,60,136,1,24,216,728,0,20,248,15,50,10,131,0,220,4337
Rajasthan,Rajsamand,2006,26.9338,74.1279,12,9,2,12,72,3,17,107,374,0,35,154,16,1042,2,37,0,159,2456
Rajasthan,Sawai Madhopur,2006,26.8038,73.9979,24,24,1,40,94,0,19,104,938,0,5,190,10,44,7,44,0,136,3487
Rajasthan,Sikar,2006,27.2388,74.4329,45,34,1,58,120,1,11,150,680,0,53,332,31,496,9,31,0,165,4156
Rajasthan,Sirohi,2006,27.2038,74.3979,17,20,1,40,52,2,7,95,260,0,35,123,5,393,7,50,0,99,1834
Rajasthan,Tonk,2006,26.9938,74.1879,17,31,1,24,112,0,11,78,668,0,54,237,9,1246,5,18,0,249,3877
Rajasthan,Udaipur,2006,24.5854,73.7125,55,71,11,148,242,3,41,263,1092,0,220,455,32,1379,7,99,0,258,6199
Sikkim,East,2006,28.6333,77.2833,10,10,1,20,10,0,3,48,120,0,5,20,1,40,0,6,0,4,344
Sikkim,North,2006,28.7,77.1833,1,1,0,6,0,0,0,4,8,0,0,0,0,6,0,0,0,0,34
Sikkim,South,2006,28.5333,77.2,6,2,0,10,4,0,5,18,78,0,6,5,0,27,0,5,0,2,191
Sikkim,West,2006,28.65,77.1,4,3,1,4,2,0,1,14,20,0,1,12,0,23,0,3,0,0,134
Tamil Nadu,Chennai,2006,13.0827,80.2707,131,193,5,58,118,5,58,560,4726,0,130,535,1,1198,32,87,0,213,16168
Tamil Nadu,Chennai Rly.,2006,13.0827,80.2707,0,0,0,2,0,0,2,1,144,0,4,4,0,18,0,2,0,1,346
Tamil Nadu,Coimbatore Rural,2006,11.0168,76.9558,79,46,0,36,72,16,25,171,1904,0,91,88,0,567,8,60,0,67,7435
Tamil Nadu,Coimbatore Urban,2006,11.0168,76.9558,28,13,0,16,14,2,24,181,1784,0,14,95,1,172,5,11,0,30,3974
Tamil Nadu,Cuddalore,2006,10.9221,78.4519,52,80,0,42,66,7,7,64,708,0,139,20,20,548,8,28,0,25,6037
Tamil Nadu,Dharmapuri,2006,11.3221,78.8519,33,34,4,18,32,2,7,22,266,0,151,31,31,626,4,33,0,28,2670
Tamil Nadu,Dindigul,2006,11.0971,78.6269,40,40,0,22,80,2,14,76,756,0,28,70,9,371,4,29,0,43,4720
Tamil Nadu,Erode,2006,11.3071,78.8369,43,19,1,26,40,10,8,87,1040,0,36,46,21,425,7,35,0,30,5831
Tamil Nadu,Kanchipuram,2006,10.9271,78.4569,35,64,0,24,32,3,24,109,740,0,53,12,18,267,12,25,0,22,5475
Tamil Nadu,Kanyakumari,2006,11.0221,78.5519,23,34,1,6,36,0,5,135,640,0,0,74,18,334,4,21,0,28,3061
Tamil Nadu,Karur,2006,11.1021,78.6319,19,13,0,10,28,0,14,59,462,0,19,22,7,180,0,7,0,21,2425
Tamil Nadu,Krishnagiri,2006,16.1809,81.1303,47,41,0,28,58,3,17,75,818,0,121,24,12,521,7,24,0,23,3935
Tamil Nadu,Madurai Rural,2006,9.9252,78.1198,36,33,1,56,120,4,24,99,638,0,100,86,10,373,2,49,0,38,4448
Tamil Nadu,Madurai Urban,2006,9.9252,78.1198,23,33,0,18,38,3,7,62,878,0,10,130,6,100,4,12,0,35,2464
Tamil Nadu,Nagapattinam,2006,10.9171,78.4469,30,42,0,18,36,4,6,52,480,0,42,67,15,398,6,73,0,9,3820
Tamil Nadu,Namakkal,2006,11.3721,78.9019,28,16,1,12,36,2,7,35,398,0,42,19,7,281,0,25,0,18,3232
Tamil Nadu,Nilgiris,2006,10.8821,78.4119,17,22,0,10,4,0,4,79,240,0,15,6,1,175,1,13,0,7,1422
Tamil Nadu,Perambalur,2006,11.1921,78.7219,32,37,0,30,32,1,7,46,344,0,30,42,17,214,3,33,0,26,2568
Tamil Nadu,Pudukottai,2006,11.3371,78.8669,25,86,0,16,64,0,7,64,526,0,41,36,23,291,5,47,0,39,3784
Tamil Nadu,Ramnathapuram,2006,11.2321,78.7619,29,30,0,24,48,3,6,49,390,0,63,53,15,368,7,22,0,1,2802
Tamil Nadu,Salem Rural,2006,11.6643,78.146,50,29,0,42,90,4,17,46,320,0,110,17,30,771,7,71,0,39,4275
Tamil Nadu,Salem Urban,2006,11.6643,78.146,15,17,0,14,26,0,6,43,582,0,14,36,2,129,6,3,0,18,2560
Tamil Nadu,Sivagangai,2006,11.3421,78.8719,19,42,0,10,46,0,8,58,340,0,17,51,11,249,2,8,0,32,2499
Tamil Nadu,Thanjavur,2006,11.0871,78.6169,40,52,0,16,110,1,16,130,1110,0,65,55,28,746,6,80,0,25,4740
Tamil Nadu,Theni,2006,10.9271,78.4569,24,30,0,10,60,3,6,68,458,0,49,72,8,387,3,21,0,17,2873
Tamil Nadu,Thirunelveli Rural,2006,10.9821,78.5119,58,146,2,84,62,1,26,121,742,0,3,27,51,632,7,86,0,44,6124
Tamil Nadu,Thirunelveli Urban,2006,11.2971,78.8269,18,42,0,8,10,3,5,49,268,0,2,31,7,85,1,8,0,24,1143
Tamil Nadu,Thiruvallur,2006,10.9921,78.5219,23,31,0,20,26,2,6,74,376,0,59,7,1,462,2,30,0,21,3071
Tamil Nadu,Thiruvannamalai,2006,11.3571,78.8869,36,29,0,20,32,0,2,59,350,0,39,43,12,491,1,8,0,31,3095
Tamil Nadu,Thiruvarur,2006,11.3171,78.8469,16,32,0,14,34,2,10,46,444,0,45,25,11,376,5,66,0,13,3285
Tamil Nadu,Thoothugudi,2006,10.9971,78.5269,57,83,0,26,26,0,10,117,836,0,6,77,14,400,2,5,0,20,4157
Tamil Nadu,Trichy Rly.,2006,11.1121,78.6419,0,2,1,2,0,1,1,1,46,0,3,0,0,15,0,0,0,0,100
Tamil Nadu,Trichy Rural,2006,11.3421,78.8719,48,24,0,24,92,5,7,67,470,0,28,26,11,280,6,22,0,52,3750
Tamil Nadu,Trichy Urban,2006,10.9771,78.5069,17,19,0,6,42,4,17,54,854,0,8,71,1,73,6,4,0,27,3155
Tamil Nadu,Vellore,2006,11.2471,78.7769,80,48,4,54,94,2,20,173,924,0,20,40,13,659,7,49,0,92,6926
Tamil Nadu,Villupuram,2006,11.2421,78.7719,66,56,0,78,52,4,5,86,608,0,197,15,20,515,6,52,0,38,6445
Tamil Nadu,Virudhunagar,2006,11.1371,78.6669,46,41,0,14,56,0,15,82,692,0,44,63,8,370,1,30,0,51,4157
Tripura,Dhalai,2006,24.0858,92.1332,21,8,0,32,28,4,3,22,48,0,17,6,7,38,2,19,0,22,354
Tripura,North,2006,28.7,77.1833,34,19,1,90,52,0,24,39,192,0,23,24,13,110,3,47,0,143,853
Tripura,South,2006,28.5333,77.2,25,13,0,102,38,3,13,47,242,0,36,22,7,162,9,81,0,137,1088
Tripura,West,2006,28.65,77.1,74,12,0,154,92,12,31,74,302,0,78,32,8,154,21,60,0,169,1645
Uttar Pradesh,Agra,2006,27.1767,78.0081,123,190,43,52,350,10,76,250,3048,0,216,266,14,448,63,133,0,351,6098
Uttar Pradesh,Aligarh,2006,27.8974,78.088,177,217,37,98,244,7,66,110,1544,0,206,185,13,312,50,43,0,179,3851
Uttar Pradesh,Allahabad,2006,25.4358,81.8463,132,93,39,44,150,3,40,187,1046,0,83,155,11,279,46,40,0,156,3640
Uttar Pradesh,Ambedkar Nagar,2006,26.8067,80.9062,24,43,12,20,96,2,19,52,210,0,35,20,7,199,15,20,0,83,991
Uttar Pradesh,Auraiya,2006,27.0267,81.1262,56,46,17,20,84,3,29,29,152,0,27,23,7,132,22,13,0,22,1011
Uttar Pradesh,Azamgarh,2006,26.8117,80.9112,64,58,30,26,42,1,57,71,328,0,58,34,0,241,29,13,0,68,1515
Uttar Pradesh,Badaun,2006,26.9517,81.0512,169,155,54,58,128,1,15,41,322,0,21,20,16,178,33,38,0,34,1906
Uttar Pradesh,Baghpat,2006,26.9667,81.0662,95,61,9,24,86,6,30,43,308,0,39,44,0,122,12,11,0,60,1161
Uttar Pradesh,Bahraich,2006,26.9717,81.0712,56,38,18,42,88,14,11,51,268,0,41,34,5,178,24,25,0,35,1288
Uttar Pradesh,Ballia,2006,26.6167,80.7162,35,53,22,20,22,3,8,53,198,0,52,26,3,147,11,8,0,20,813
Uttar Pradesh,Balrampur,2006,26.6017,80.7012,14,16,8,16,30,1,6,16,92,0,9,14,0,51,9,11,0,15,386
Uttar Pradesh,Banda,2006,26.8967,80.9962,50,21,16,30,28,2,11,46,180,0,26,24,6,94,17,20,0,15,898
Uttar Pradesh,Barabanki,2006,26.9967,81.0962,79,56,10,42,104,4,24,56,348,0,40,18,4,249,25,41,0,67,1775
Uttar Pradesh,Bareilly,2006,28.367,79.4304,180,189,35,90,186,11,50,118,888,0,99,147,8,303,31,70,0,196,3941
Uttar Pradesh,Basti,2006,27.0667,81.1662,30,23,15,20,30,3,9,32,184,0,23,41,3,114,12,8,0,30,830
Uttar Pradesh,Bijnor,2006,26.6417,80.7412,86,67,17,50,102,4,22,31,394,0,44,64,2,289,18,25,0,105,1522
Uttar Pradesh,Bulandshahar,2006,26.9167,81.0162,177,118,19,54,138,1,28,49,596,0,67,132,1,319,33,63,0,102,2933
Uttar Pradesh,Chandoli,2006,26.8267,80.9262,27,22,16,6,30,3,5,18,90,0,8,43,0,94,12,5,0,41,645
Uttar Pradesh,Chitrakoot Dham,2006,26.8017,80.9012,36,8,7,26,14,1,3,25,84,0,11,4,3,40,9,9,0,8,398
Uttar Pradesh,Deoria,2006,26.9517,81.0512,32,29,22,10,38,0,14,54,190,0,58,38,7,133,23,8,0,23,1011
Uttar Pradesh,Etah,2006,26.7317,80.8312,138,140,32,56,128,4,20,44,458,0,55,77,13,156,46,26,0,55,2013
Uttar Pradesh,Etawah,2006,26.7267,80.8262,80,60,13,20,132,0,35,29,184,0,7,39,4,71,30,18,0,30,1522
Uttar Pradesh,Faizabad,2006,26.9717,81.0712,45,35,14,28,68,3,30,79,370,0,37,85,8,134,12,18,0,54,1323
Uttar Pradesh,Fatehgarh,2006,26.8217,80.9212,85,94,21,18,76,3,17,32,198,0,27,19,0,71,37,10,0,30,1005
Uttar Pradesh,Fatehpur,2006,26.9917,81.0912,87,37,32,18,44,1,11,46,158,0,11,34,1,108,27,14,0,18,1165
Uttar Pradesh,Firozabad,2006,26.9417,81.0412,127,141,35,32,184,17,90,65,718,0,89,67,8,299,35,29,0,106,2355
Uttar Pradesh,G.R.P.,2006,26.7567,80.8562,18,22,6,2,14,5,22,0,1522,0,13,39,0,7,0,18,0,0,1683
Uttar Pradesh,Gautambudh Nagar,2006,26.7517,80.8512,87,67,16,52,104,8,37,115,1892,0,61,160,0,19,13,35,0,59,2602
Uttar Pradesh,Ghaziabad,2006,28.6692,77.4538,146,143,51,58,218,5,44,114,2218,0,70,238,5,61,41,26,0,190,4207
Uttar Pradesh,Ghazipur,2006,27.0167,81.1162,44,46,16,16,28,3,18,33,206,0,46,35,5,129,22,8,0,33,790
Uttar Pradesh,Gonda,2006,27.0567,81.1562,55,63,19,44,88,5,30,77,334,0,36,76,4,162,28,27,0,7,1280
Uttar Pradesh,Gorakhpur,2006,26.8417,80.9412,89,57,36,46,88,4,36,98,636,0,97,59,2,305,16,24,0,70,2204
Uttar Pradesh,Hamirpur,2006,26.6617,80.7612,36,20,18,16,12,1,3,16,66,0,11,9,0,31,12,16,0,11,533
Uttar Pradesh,Hardoi,2006,26.8567,80.9562,87,58,38,60,84,0,17,38,300,0,10,47,6,282,35,55,0,53,1784
Uttar Pradesh,Hathras,2006,26.7517,80.8512,71,87,15,46,90,8,37,51,440,0,63,47,0,158,22,50,0,64,1520
Uttar Pradesh,J.P.Nagar,2006,26.6467,80.7462,72,53,12,42,56,4,20,34,262,0,37,42,2,21,14,22,0,46,1204
Uttar Pradesh,Jalaun,2006,26.7467,80.8462,48,37,14,8,58,3,6,32,162,0,16,19,3,4,36,31,0,46,1016
Uttar Pradesh,Jaunpur,2006,26.5967,80.6962,62,51,20,36,50,3,29,42,322,0,39,83,6,318,46,26,0,83,1767
Uttar Pradesh,Jhansi,2006,26.7467,80.8462,47,18,30,16,24,3,6,29,256,0,10,34,0,47,21,19,0,18,827
Uttar Pradesh,Kannauj,2006,26.7917,80.8912,45,60,12,12,82,1,10,17,194,0,15,27,3,24,19,31,0,41,926
Uttar Pradesh,Kanpur Dehat,2006,27.0617,81.1612,50,33,7,32,62,4,17,34,224,0,44,37,4,223,50,40,0,41,1254
Uttar Pradesh,Kanpur Nagar,2006,26.4499,80.3319,144,97,34,54,234,12,63,172,1674,0,128,250,4,368,67,64,0,273,4736
Uttar Pradesh,Kaushambi,2006,26.9367,81.0362,50,29,11,30,38,1,10,37,88,0,12,9,0,87,17,12,0,26,734
Uttar Pradesh,Khiri,2006,27.0867,81.1862,105,96,41,78,136,2,26,55,338,0,42,49,6,367,60,47,0,35,2127
Uttar Pradesh,Kushi Nagar,2006,26.6667,80.7662,20,28,21,18,40,0,6,54,214,0,65,27,8,194,24,15,0,20,1006
Uttar Pradesh,Lalitpur,2006,27.0217,81.1212,19,6,13,14,24,1,5,22,86,0,15,23,2,41,9,16,0,35,469
Uttar Pradesh,Lucknow,2006,26.8467,80.9462,167,185,40,102,410,10,241,462,4592,0,267,464,2,63,39,100,0,374,8102
Uttar Pradesh,Maharajganj,2006,26.9817,81.0812,25,8,9,42,44,3,9,26,104,0,29,37,0,87,12,17,0,13,672
Uttar Pradesh,Mahoba,2006,26.7517,80.8512,44,13,14,6,18,3,9,15,66,0,19,14,0,34,9,3,0,9,445
Uttar Pradesh,Mainpuri,2006,26.7667,80.8662,110,120,26,32,84,3,27,37,340,0,39,84,0,196,35,12,0,28,1624
Uttar Pradesh,Mathura,2006,26.7617,80.8612,104,121,19,60,114,5,49,105,1192,0,91,202,16,197,25,66,0,126,3148
Uttar Pradesh,Mau,2006,27.0717,81.1712,33,43,14,14,48,2,12,67,224,0,77,54,6,80,10,8,0,18,906
Uttar Pradesh,Meerut,2006,28.9845,77.7064,185,209,28,74,216,8,86,149,2006,0,135,204,7,144,21,74,0,246,4072
Uttar Pradesh,Mirzapur,2006,26.6967,80.7962,51,26,17,28,36,1,12,39,202,0,22,32,0,106,22,11,0,53,814
Uttar Pradesh,Moradabad,2006,27.0267,81.1262,151,138,32,88,188,9,37,103,1114,0,75,98,0,81,23,69,0,243,3659
Uttar Pradesh,Muzaffarnagar,2006,26.9667,81.0662,230,164,32,62,240,16,86,84,1256,0,144,119,0,14,39,46,0,172,3328
Uttar Pradesh,Pilibhit,2006,26.6317,80.7312,47,23,8,26,54,3,8,12,130,0,9,62,0,2,16,39,0,45,1505
Uttar Pradesh,Pratapgarh,2006,26.9317,81.0312,64,79,18,60,122,6,26,119,352,0,109,68,14,263,30,30,0,108,1826
Uttar Pradesh,Raibareilly,2006,28.367,79.4304,53,78,19,42,80,2,13,54,376,0,44,35,1,274,23,40,0,170,1592
Uttar Pradesh,Rampur,2006,26.9317,81.0312,57,65,17,22,86,2,22,37,484,0,39,73,6,9,13,32,0,4,1458
Uttar Pradesh,Saharanpur,2006,26.9567,81.0562,78,117,18,30,82,21,36,73,820,0,85,230,0,27,16,42,0,175,2852
Uttar Pradesh,Sant Kabirnagar,2006,27.0467,81.1462,19,15,10,8,36,0,11,22,92,0,18,23,0,84,7,7,0,25,515
Uttar Pradesh,Shahjahanpur,2006,27.0667,81.1662,115,101,28,42,114,5,20,33,282,0,28,48,2,67,34,21,0,8,1573
Uttar Pradesh,Shrawasti,2006,26.7067,80.8062,11,11,6,12,42,5,3,21,66,0,20,18,0,94,16,12,0,0,413
Uttar Pradesh,Sidharthnagar,2006,26.8717,80.9712,17,4,14,8,56,4,10,43,172,0,18,48,0,75,15,12,0,19,793
Uttar Pradesh,Sitapur,2006,26.7667,80.8662,124,115,48,94,156,2,33,82,774,0,60,58,30,273,58,68,0,83,2637
Uttar Pradesh,Sonbhadra,2006,27.0867,81.1862,31,21,17,16,8,0,5,25,82,0,11,24,3,53,10,14,0,9,509
Uttar Pradesh,St.Ravidasnagar,2006,26.7517,80.8512,19,21,11,4,10,1,10,24,94,0,18,13,1,75,9,6,0,19,438
Uttar Pradesh,Sultanpur,2006,26.6517,80.7512,77,104,21,50,62,3,32,81,338,0,41,44,1,130,23,21,0,55,1419
Uttar Pradesh,Unnao,2006,27.0117,81.1112,96,70,35,74,88,4,19,44,318,0,37,25,0,217,37,35,0,58,1575
Uttar Pradesh,Varanasi,2006,25.3176,82.9739,73,65,19,32,90,5,40,123,1428,0,120,102,6,158,23,10,0,90,2662
Uttarakhand,Almora,2006,30.2868,79.2393,15,10,3,22,10,0,11,13,72,0,11,37,3,23,5,3,0,6,249
Uttarakhand,Bageshwar,2006,30.0068,78.9593,11,3,0,8,8,0,7,9,28,0,0,2,1,10,4,6,0,7,99
Uttarakhand,Chamoli,2006,30.1168,79.0693,5,5,1,14,8,0,3,20,26,0,25,6,1,6,5,2,0,4,189
Uttarakhand,Champawat,2006,30.0868,79.0393,5,7,0,6,2,1,3,4,30,0,3,1,0,4,0,4,0,1,109
Uttarakhand,Dehradun,2006,30.0068,78.9593,40,34,8,46,86,4,26,123,746,0,94,156,6,280,9,28,0,97,2005
Uttarakhand,Haridwar,2006,29.9968,78.9493,54,57,4,64,128,11,54,78,1414,0,105,166,10,316,11,45,0,109,2457
Uttarakhand,Nainital,2006,30.2268,79.1793,25,19,6,18,34,1,8,38,310,0,30,26,0,68,7,7,0,6,785
Uttarakhand,Pauri Garhwal,2006,30.0418,78.9943,16,10,1,8,16,4,3,55,84,0,16,8,3,53,8,3,0,12,330
Uttarakhand,Pithoragarh,2006,29.9918,78.9443,10,6,3,16,6,0,7,15,50,0,6,7,5,24,3,13,0,8,252
Uttarakhand,Rudra Prayag,2006,30.2318,79.1843,4,3,0,6,4,0,4,16,24,0,12,4,3,11,8,3,0,3,126
Uttarakhand,Tehri Garhwal,2006,29.8518,78.8043,11,6,0,18,18,0,2,13,44,0,14,10,4,7,6,0,0,8,171
Uttarakhand,Udhamsingh Nagar,2006,29.8868,78.8393,74,53,14,46,92,12,26,71,522,0,156,86,0,47,11,34,0,90,1746
Uttarakhand,Uttarkashi,2006,29.9568,78.9093,4,2,0,22,12,0,3,15,42,0,17,5,3,5,3,5,0,7,189
West Bengal,24 Parganas North,2006,28.7,77.1833,154,82,39,348,372,412,29,37,2880,0,180,100,5,349,74,175,0,1049,7776
West Bengal,24 Parganas South,2006,28.5333,77.2,138,4,34,380,310,241,17,165,2038,0,289,110,6,390,68,157,0,1105,7396
West Bengal,Asansol,2006,23.0618,87.93,42,16,18,38,32,43,17,9,308,0,51,15,3,47,13,11,0,158,1699
West Bengal,Bankura,2006,23.1418,88.01,55,38,5,102,52,25,16,6,410,0,62,24,5,294,24,43,0,133,1282
West Bengal,Birbhum,2006,22.9968,87.865,72,10,13,114,78,40,32,21,528,0,124,25,5,146,18,34,0,175,1625
West Bengal,Burdwan,2006,23.2324,87.8615,90,13,25,128,82,91,43,38,1136,0,201,112,13,158,27,91,0,519,3897
West Bengal,Coochbehar,2006,23.0968,87.965,31,8,5,248,96,2,6,10,270,0,45,41,0,78,5,116,0,309,1697
West Bengal,Dakshin Dinajpur,2006,23.1118,87.98,26,41,16,64,98,7,4,10,190,0,36,15,4,59,11,60,0,140,1101
West Bengal,Darjeeling,2006,22.8568,87.725,52,2,10,60,86,41,5,15,896,0,14,8,0,239,1,44,0,79,1682
West Bengal,Hooghly,2006,22.7518,87.62,81,56,18,86,56,133,25,35,1022,0,254,37,11,269,8,37,0,467,3220
West Bengal,Howrah,2006,22.5958,88.2636,53,5,14,120,132,72,8,13,1278,0,160,127,2,481,26,75,0,368,3633
West Bengal,Howrah G.R.P.,2006,22.5958,88.2636,9,3,3,0,6,20,4,1,1392,0,2,21,0,2,2,5,0,0,1460
West Bengal,Jalpaiguri,2006,23.0118,87.88,86,40,44,236,112,24,18,25,994,0,32,22,1,230,6,102,0,250,2610
West Bengal,Kharagpur G.R.P.,2006,22.7668,87.635,2,1,0,0,0,5,4,0,176,0,1,0,0,1,1,3,0,0,190
West Bengal,Kolkata,2006,22.5726,88.3639,25,72,11,76,188,67,51,115,5132,0,167,963,0,1057,4,173,0,276,9381
West Bengal,Malda,2006,23.2168,88.085,63,58,30,148,96,20,26,34,798,0,53,4,0,580,5,110,0,152,2102
West Bengal,Murshidabad,2006,23.1218,87.99,95,39,46,448,236,43,22,6,1404,0,175,63,15,875,30,217,0,735,4759
West Bengal,Nadia,2006,22.7418,87.61,101,16,20,316,304,34,16,16,1692,0,164,143,9,608,43,175,0,613,4672
West Bengal,Paschim Midnapur,2006,22.8668,87.735,99,57,20,158,100,41,30,24,654,0,153,28,13,88,25,73,0,283,2700
West Bengal,Purab Midnapur,2006,22.7768,87.645,61,37,10,142,118,21,10,12,524,0,125,43,6,32,27,37,0,285,2399
West Bengal,Purulia,2006,23.0368,87.905,41,0,9,96,26,18,20,4,282,0,55,23,0,0,20,41,0,136,1094
West Bengal,Sealdah G.R.P.,2006,23.1718,88.04,12,2,1,2,10,20,8,0,348,0,2,7,0,4,2,4,0,0,415
West Bengal,Siliguri G.R.P.,2006,26.7271,88.3953,3,0,0,0,8,0,0,0,126,0,6,0,0,0,0,1,0,0,143
West Bengal,Uttar Dinajpur,2006,22.8868,87.755,34,72,10,152,112,20,15,5,586,0,34,16,13,312,5,53,0,182,1981
Andaman & Nicobar Islands,Andaman,2006,11.6001,92.5186,3,4,1,12,10,0,5,81,200,0,10,15,9,73,0,12,0,7,655
Andaman & Nicobar Islands,Nicobar,2006,11.9651,92.8836,1,0,0,0,0,0,0,1,2,0,0,0,0,5,0,2,0,0,21
Chandigarh,Chandigarh,2006,30.7333,76.7794,12,21,8,38,130,4,34,189,2468,0,44,232,5,55,10,20,0,102,3232
Dadra & Nagar Haveli,D And N Haveli,2006,20.0959,72.9319,9,0,1,12,36,5,5,41,122,0,8,10,5,35,1,5,0,5,435
Daman & Diu,Daman,2006,20.1933,72.6047,6,2,0,2,6,8,1,54,108,0,19,3,4,18,0,2,0,0,243
Daman & Diu,Diu,2006,20.6133,73.0247,0,1,0,4,0,0,0,6,18,0,5,0,1,0,0,0,0,2,45
Delhi,Central,2006,28.65,77.2167,22,32,6,34,146,10,22,63,2072,0,5,144,0,156,3,21,0,75,3706
Delhi,East,2006,28.6333,77.2833,39,42,8,122,236,31,66,168,4192,0,14,138,8,200,9,86,0,205,5573
Delhi,Grp(Rly),2006,20.5937,78.9629,5,2,0,2,22,3,3,1,1890,0,0,13,1,8,1,0,0,0,1950
Delhi,Igi Airport,2006,20.5937,78.9629,2,1,1,0,16,0,8,2,320,0,0,617,0,0,0,2,0,1,966
Delhi,New Delhi,2006,28.6139,77.209,7,8,0,12,52,3,20,42,1508,0,15,239,1,29,0,31,0,16,2288
Delhi,North,2006,28.7,77.1833,28,21,5,44,82,12,29,78,1402,0,4,124,3,135,8,27,0,128,3016
Delhi,North-East,2006,28.7,77.1833,61,66,9,186,394,29,82,173,2492,0,11,93,2,286,28,92,0,176,5389
Delhi,North-West,2006,28.7,77.1833,128,151,12,338,874,47,105,456,5380,0,12,186,4,358,28,137,0,412,11146
Delhi,South,2006,28.5333,77.2,66,69,13,174,430,57,117,350,7640,0,12,379,5,206,19,141,0,215,10854
Delhi,South-West,2006,28.5333,77.2,52,45,11,158,322,4,48,345,3478,0,9,199,7,134,24,84,0,240,6584
Delhi,Stf,2006,20.5937,78.9629,0,10,0,0,0,0,2,0,2,0,0,8,0,0,0,0,0,0,39
Delhi,West,2006,28.65,77.1,66,63,10,176,310,18,39,272,4620,0,5,173,2,306,17,97,0,260,7368
Lakshadweep,Lakshadweep,2006,10.6667,72.7417,0,2,0,0,0,0,0,2,34,0,12,0,4,5,0,0,0,1,80
Puducherry,Karaikal,2006,11.8266,79.6933,2,2,1,2,10,0,1,18,188,0,41,7,10,186,1,7,0,0,772
Puducherry,Pondicherry,2006,11.7766,79.6433,28,22,2,16,26,2,2,66,932,0,153,29,12,741,2,49,0,19,3915
Andhra Pradesh,Adilabad,2007,15.9979,79.825,112,61,12,92,166,4,9,211,962,0,95,179,17,1244,21,156,0,335,5685
Andhra Pradesh,Anantapur,2007,14.6819,77.6006,149,85,3,62,174,10,20,203,1206,0,85,125,8,1073,14,176,0,0,5182
Andhra Pradesh,Chittoor,2007,13.2172,79.1003,129,72,2,62,204,27,25,217,2268,0,74,248,48,1101,25,118,0,395,7095
Andhra Pradesh,Cuddapah,2007,14.4673,78.8242,96,47,3,64,152,4,8,163,840,0,85,221,29,982,8,139,0,242,5500
Andhra Pradesh,Cyberabad,2007,15.7929,79.62,186,84,8,90,294,25,90,1165,5856,0,88,1192,74,3641,41,118,0,881,14236
Andhra Pradesh,East Godavari,2007,16.9891,82.2475,99,114,2,60,168,1,19,428,2722,0,26,320,52,2538,19,159,0,561,8580
Andhra Pradesh,Guntakal Rly.,2007,15.6979,79.525,3,0,0,0,4,2,2,0,238,0,0,1,0,8,0,0,0,3,258
Andhra Pradesh,Guntur,2007,16.3067,80.4365,157,190,1,86,186,4,19,251,2256,0,60,376,77,1567,28,292,0,569,8659
Andhra Pradesh,Hyderabad City,2007,17.385,78.4867,121,147,9,116,296,6,96,993,9084,0,214,1669,37,4352,41,216,0,1365,17391
Andhra Pradesh,Karimnagar,2007,15.7029,79.53,123,95,5,146,304,3,16,301,1606,0,158,432,55,2971,61,315,0,687,8535
Andhra Pradesh,Khammam,2007,15.9129,79.74,125,58,5,162,208,4,27,242,1124,0,159,162,28,1137,28,176,0,422,6215
Andhra Pradesh,Krishna,2007,16.1809,81.1303,64,52,1,54,114,0,10,164,1042,0,20,147,53,2370,13,161,0,348,5178
Andhra Pradesh,Kurnool,2007,15.8281,78.0373,124,119,2,72,170,12,11,247,812,0,88,226,41,1234,7,327,0,364,6159
Andhra Pradesh,Mahaboobnagar,2007,15.6679,79.495,173,63,31,174,172,10,34,261,1518,0,87,198,77,2151,27,132,0,218,6389
Andhra Pradesh,Medak,2007,16.1279,79.955,128,95,13,102,130,2,25,268,1204,0,62,253,66,1869,49,115,0,346,6070
Andhra Pradesh,Nalgonda,2007,16.0579,79.885,135,55,4,138,174,8,45,240,936,0,117,232,82,1816,36,233,0,429,7960
Andhra Pradesh,Nellore,2007,14.4426,79.9865,68,81,3,88,134,2,11,239,1436,0,63,168,59,2299,14,203,0,331,5991
Andhra Pradesh,Nizamabad,2007,15.6979,79.525,151,77,9,46,120,23,17,287,980,0,84,161,40,1695,25,88,0,455,5178
Andhra Pradesh,Prakasham,2007,15.5057,80.0499,78,63,1,80,148,4,20,207,1022,0,27,199,122,1303,7,171,0,261,5655
Andhra Pradesh,Ranga Reddy,2007,15.9379,79.765,72,21,6,42,54,3,2,110,300,0,19,67,26,872,25,40,0,93,2170
Andhra Pradesh,Secunderabad Rly.,2007,15.7279,79.555,12,0,0,0,0,0,6,0,678,0,0,8,0,13,0,2,0,0,717
Andhra Pradesh,Srikakulam,2007,15.9979,79.825,31,5,0,60,38,2,8,142,412,0,35,93,40,1607,12,99,0,345,3898
Andhra Pradesh,Vijayawada City,2007,16.0329,79.86,33,44,3,34,128,0,31,225,2754,0,2,339,18,1671,10,131,0,531,5587
Andhra Pradesh,Vijayawada Rly.,2007,16.0229,79.85,3,1,0,0,0,1,4,0,586,0,2,4,0,5,0,4,0,1,606
Andhra Pradesh,Visakha Rural,2007,16.0429,79.87,70,36,6,24,22,2,7,90,222,0,57,73,20,1682,7,57,0,167,3278
Andhra Pradesh,Visakhapatnam,2007,17.6868,83.2185,21,23,1,48,78,10,24,370,2430,0,24,285,9,513,14,100,0,535,5480
Andhra Pradesh,Vizianagaram,2007,18.1067,83.3956,34,30,0,20,46,3,5,97,506,0,17,66,11,495,3,90,0,270,3256
Andhra Pradesh,Warangal,2007,16.0379,79.865,106,61,5,114,276,1,15,277,1394,0,217,294,63,1690,56,279,0,608,7333
Andhra Pradesh,West Godavari,2007,16.7107,81.0952,62,106,0,104,234,3,8,279,2388,0,33,365,24,2223,22,309,0,573,7434
Arunachal Pradesh,Changlang,2007,28.178,94.6878,5,4,0,14,4,2,6,16,70,0,0,2,1,33,0,5,0,4,171
Arunachal Pradesh,Dibang Valley,2007,27.973,94.4828,7,1,0,4,8,1,2,7,62,0,1,0,0,16,0,5,0,1,109
Arunachal Pradesh,K/Kumey,2007,28.318,94.8278,2,7,0,2,8,0,1,11,38,0,0,2,0,3,0,0,0,1,74
Arunachal Pradesh,Kameng East,2007,28.6333,77.2833,6,0,0,2,8,0,2,14,58,0,1,1,0,24,0,10,0,0,116
Arunachal Pradesh,Kameng West,2007,28.65,77.1,2,0,0,2,2,1,6,4,52,0,1,5,0,19,0,2,0,0,104
Arunachal Pradesh,Lohit,2007,28.248,94.7578,17,1,0,10,24,0,5,19,84,0,1,2,3,28,0,4,0,0,206
Arunachal Pradesh,Papum Pare,2007,28.193,94.7028,4,7,0,16,40,1,23,56,276,0,7,7,11,84,0,15,0,8,576
Arunachal Pradesh,Siang East,2007,28.6333,77.2833,5,2,0,16,8,3,15,28,126,0,2,5,1,35,0,12,0,1,246
Arunachal Pradesh,Siang Upper,2007,28.393,94.9028,2,1,0,10,0,0,1,8,46,0,0,1,0,16,0,2,0,0,85
Arunachal Pradesh,Siang West,2007,28.65,77.1,6,1,0,6,12,2,8,30,70,0,1,4,2,35,0,5,0,3,218
Arunachal Pradesh,Subansiri Lower,2007,28.008,94.5178,0,2,1,6,8,3,3,12,48,0,2,1,2,26,0,3,0,0,123
Arunachal Pradesh,Subansiri Upper,2007,28.273,94.7828,1,2,1,6,8,1,0,10,44,0,0,3,2,32,0,5,0,2,141
Arunachal Pradesh,Tawang,2007,28.023,94.5328,3,0,0,2,0,0,1,9,20,0,0,0,0,4,0,2,0,0,46
Arunachal Pradesh,Tirap,2007,28.038,94.5478,7,1,0,0,6,2,1,16,32,0,0,0,0,20,0,2,0,0,101
Arunachal Pradesh,Upper Dibang Valley,2007,28.313,94.8228,1,0,0,0,0,0,1,0,0,0,0,0,0,0,0,0,0,0,5
Assam,Barpeta,2007,26.1156,92.8526,40,7,3,166,174,21,19,151,422,0,213,23,12,112,10,16,0,180,2039
Assam,Baska,2007,26.3056,93.0426,29,11,0,14,38,1,5,20,52,0,10,6,8,77,2,7,0,7,334
Assam,Bongaigaon,2007,26.1806,92.9176,15,2,2,80,90,12,5,72,214,0,53,25,8,71,5,13,0,124,1110
Assam,C.I.D.,2007,26.2506,92.9876,0,0,0,0,0,0,0,0,0,0,0,3,0,0,0,0,0,0,26
Assam,Cachar,2007,26.0356,92.7726,61,20,0,116,234,30,13,173,1010,0,250,44,40,326,4,30,0,364,3677
Assam,Chirang,2007,26.4106,93.1476,12,0,0,20,40,18,9,11,64,0,45,7,12,21,0,13,0,55,515
Assam,Darrang,2007,26.1256,92.8626,23,8,1,122,90,6,15,69,270,0,72,38,15,210,3,111,0,81,1322
Assam,Dhemaji,2007,26.1956,92.9326,20,19,7,140,84,5,6,28,300,0,24,23,10,232,0,40,0,121,1154
Assam,Dhubri,2007,26.3056,93.0426,44,42,1,296,276,9,17,102,396,0,664,103,32,311,12,128,0,392,3257
Assam,Dibrugarh,2007,26.2906,93.0276,112,17,2,110,186,9,23,87,872,0,23,6,15,364,0,29,0,30,1906
Assam,G.R.P.,2007,26.1106,92.8476,2,0,0,6,6,1,6,0,146,0,2,2,2,5,0,0,0,12,272
Assam,Goalpara,2007,26.2456,92.9826,31,5,0,102,102,8,13,65,348,0,30,36,17,115,4,45,0,105,1131
Assam,Golaghat,2007,26.0206,92.7576,80,23,6,128,156,2,29,95,562,0,0,33,18,280,0,50,0,99,1468
Assam,Guwahati City,2007,26.3806,93.1176,68,11,19,142,568,14,81,458,3882,0,73,109,12,205,6,24,0,106,5623
Assam,Hailakandi,2007,26.0156,92.7526,27,2,0,52,84,8,1,48,142,0,126,19,20,29,3,15,0,60,871
Assam,Jorhat,2007,26.3456,93.0826,46,14,6,90,140,2,16,92,598,0,90,24,13,175,3,21,0,55,1634
Assam,Kamrup,2007,26.4406,93.1776,47,24,40,148,126,25,26,96,786,0,85,87,12,331,0,7,0,144,2264
Assam,Karbi Anglong,2007,26.2156,92.9526,73,39,1,32,86,10,10,12,322,0,44,6,6,47,3,10,0,18,775
Assam,Karimganj,2007,26.1356,92.8726,29,19,1,98,80,11,13,71,364,0,185,18,22,121,13,5,0,82,1167
Assam,Kokrajhar,2007,26.2256,92.9626,41,8,0,84,94,4,13,58,352,0,58,13,0,282,1,35,0,82,1046
Assam,Lakhimpur,2007,26.0006,92.7376,41,18,5,124,168,6,8,102,332,0,87,28,16,387,0,47,0,147,1758
Assam,Morigaon,2007,26.1006,92.8376,21,10,6,130,114,6,3,73,246,0,53,47,3,379,3,63,0,110,1310
Assam,N.C.Hills,2007,26.2206,92.9576,34,19,0,10,24,2,10,11,88,0,14,4,2,18,2,4,0,2,292
Assam,Nagaon,2007,26.1956,92.9326,92,49,5,228,416,52,58,236,788,0,229,74,48,578,11,5,0,225,3540
Assam,Nalbari,2007,25.9856,92.7226,21,15,0,24,64,5,11,61,180,0,10,8,9,145,3,18,0,32,697
Assam,R.P.O.,2007,26.3806,93.1176,5,0,0,2,0,5,0,0,14,0,1,0,0,0,0,0,0,0,60
Assam,Sibsagar,2007,26.2106,92.9476,78,43,1,106,108,8,28,119,590,0,39,34,6,145,0,24,0,104,2175
Assam,Sonitpur,2007,26.0556,92.7926,102,16,2,140,160,9,23,128,920,0,97,40,10,148,8,20,0,155,2726
Assam,Tinsukia,2007,26.1906,92.9276,143,6,0,114,182,8,21,102,1066,0,13,22,7,21,0,9,0,92,2219
Assam,Udalguri,2007,26.0806,92.8176,37,4,1,50,52,14,14,63,182,0,11,13,5,40,4,0,0,16,608
Bihar,Araria,2007,25.1911,85.4081,48,185,5,94,54,41,51,67,456,0,95,51,58,251,11,51,0,86,2904
Bihar,Arwal,2007,25.0961,85.3131,19,12,2,16,8,5,4,18,106,0,30,10,6,0,12,0,0,5,542
Bihar,Aurangabad,2007,19.8762,75.3433,68,12,2,60,70,30,27,82,578,0,216,77,33,1002,36,25,0,30,2485
Bihar,Bagaha,2007,25.1661,85.3831,37,8,2,76,116,4,9,20,340,0,98,40,6,202,6,10,0,10,1989
Bihar,Banka,2007,24.9861,85.2031,56,12,6,148,68,26,28,84,222,0,264,49,13,0,24,4,0,37,1908
Bihar,Begusarai,2007,24.8611,85.0781,100,145,2,50,170,8,73,55,658,0,272,56,21,501,43,15,0,34,3197
Bihar,Bettiah,2007,25.1611,85.3781,61,8,5,46,34,12,15,40,416,0,202,18,9,1116,21,12,0,30,2686
Bihar,Bhabhua,2007,25.2011,85.4181,50,28,11,24,50,7,19,61,384,0,191,28,18,372,24,5,0,30,1748
Bihar,Bhagalpur,2007,25.2425,86.9842,92,85,11,50,152,19,31,114,850,0,210,75,13,604,21,33,0,16,3020
Bihar,Bhojpur,2007,25.2511,85.4681,112,133,5,82,114,13,47,112,666,0,222,100,45,1381,42,60,0,83,3113
Bihar,Buxar,2007,25.1611,85.3781,36,75,6,26,64,11,29,51,332,0,154,43,38,193,23,37,0,34,1467
Bihar,Darbhanga,2007,26.1542,85.8918,72,109,5,94,182,11,19,63,636,0,55,149,40,97,39,41,0,59,3388
Bihar,Gaya,2007,24.7914,85.0002,157,170,11,56,118,56,90,118,878,0,316,62,61,1431,74,15,0,15,3513
Bihar,Gopalganj,2007,24.8761,85.0931,48,79,6,18,42,11,32,59,406,0,193,49,12,60,22,15,0,46,2430
Bihar,Jamalpur Rly.,2007,25.2211,85.4381,6,3,0,2,4,12,10,0,118,0,4,1,0,0,0,2,0,0,192
Bihar,Jamui,2007,25.0011,85.2181,51,30,1,92,62,22,26,44,208,0,166,42,16,340,8,12,0,20,1593
Bihar,Jehanabad,2007,25.0061,85.2231,40,16,3,14,54,12,16,26,170,0,87,18,8,65,19,7,0,24,1319
Bihar,Katihar,2007,24.8661,85.0831,71,50,1,298,270,10,26,55,330,0,200,119,13,418,14,25,0,27,2618
Bihar,Katihar Rly.,2007,25.1661,85.3831,6,0,0,4,14,11,10,10,476,0,13,14,0,0,0,0,0,0,558
Bihar,Khagaria,2007,25.3311,85.5481,48,70,0,42,88,9,26,16,172,0,241,16,16,211,14,15,0,12,1724
Bihar,Kishanganj,2007,25.3061,85.5231,23,12,0,106,130,11,11,38,216,0,80,19,11,115,8,25,0,18,1040
Bihar,Lakhisarai,2007,25.0211,85.2381,32,21,0,62,72,5,22,31,208,0,83,32,12,188,10,14,0,14,1230
Bihar,Madhepura,2007,25.2561,85.4731,65,18,1,64,72,12,34,29,240,0,139,21,12,22,7,3,0,18,1456
Bihar,Madhubani,2007,25.1111,85.3281,76,176,11,94,142,19,16,71,456,0,318,40,24,913,27,36,0,29,3625
Bihar,Motihari,2007,24.8911,85.1081,111,88,9,50,208,27,41,128,888,0,348,29,34,1728,61,20,0,37,4333
Bihar,Munger,2007,25.1211,85.3381,76,63,0,50,104,5,37,40,474,0,246,33,6,10,10,0,0,52,2037
Bihar,Muzaffarpur,2007,26.1209,85.3647,143,26,19,154,338,37,74,197,1750,0,402,119,36,12,93,12,0,87,5748
Bihar,Muzaffarpur Rly.,2007,26.1209,85.3647,12,0,0,4,8,4,15,10,662,0,2,13,0,9,1,0,0,0,739
Bihar,Nalanda,2007,24.8611,85.0781,102,62,15,28,210,21,41,72,812,0,160,105,17,972,57,33,0,104,3759
Bihar,Naugachia,2007,25.0361,85.2531,30,10,0,14,28,2,11,23,116,0,119,35,5,13,9,6,0,18,988
Bihar,Nawadah,2007,24.9511,85.1681,75,103,2,76,58,8,18,51,226,0,199,61,11,322,15,6,0,22,1803
Bihar,Patna,2007,25.5941,85.1376,317,115,12,148,626,57,380,644,3212,0,497,216,2,65,80,19,0,296,14064
Bihar,Patna Rly.,2007,25.5941,85.1376,15,10,3,4,16,14,10,0,1072,0,6,27,0,0,2,12,0,2,1174
Bihar,Purnea,2007,25.7771,87.4753,101,79,11,438,286,32,54,101,440,0,175,68,22,146,17,61,0,63,2582
Bihar,Rohtas,2007,24.9529,84.015,89,207,0,46,58,11,36,106,574,0,124,12,25,175,58,21,0,34,2825
Bihar,Saharsa,2007,25.0861,85.3031,50,123,4,34,70,10,57,39,256,0,218,61,8,148,14,31,0,22,2019
Bihar,Samastipur,2007,25.1461,85.3631,78,205,33,108,196,31,42,86,640,0,312,37,47,311,55,11,0,42,3154
Bihar,Saran,2007,25.1211,85.3381,112,345,13,114,82,42,93,110,820,0,331,165,53,1268,47,4,0,39,3556
Bihar,Sheikhpura,2007,25.0111,85.2281,25,13,1,8,22,6,9,11,138,0,70,16,6,176,3,5,0,4,765
Bihar,Sheohar,2007,25.1761,85.3931,25,24,6,26,16,1,2,8,70,0,97,12,2,47,1,13,0,8,434
Bihar,Sitamarhi,2007,24.9911,85.2081,55,14,3,24,104,30,36,90,470,0,180,50,23,272,30,13,0,30,2665
Bihar,Siwan,2007,25.2711,85.4881,80,61,15,34,150,26,70,75,404,0,121,85,34,782,32,9,0,45,2412
Bihar,Supaul,2007,25.3161,85.5331,44,73,3,86,68,12,39,47,336,0,239,34,13,139,14,69,0,17,1612
Bihar,Vaishali,2007,25.0111,85.2281,120,35,12,46,262,11,51,157,708,0,267,51,36,211,68,46,0,36,3700
Chhattisgarh,Balrampur,2007,21.0337,81.6211,34,14,3,92,4,3,6,33,50,0,25,4,5,204,1,45,0,22,658
Chhattisgarh,Bilaspur,2007,21.4137,82.0011,93,43,5,122,44,4,62,527,1568,0,158,34,19,1421,26,179,0,129,5581
Chhattisgarh,Bizapur,2007,21.2287,81.8161,113,148,0,8,18,29,1,9,18,0,11,3,14,11,0,4,0,2,475
Chhattisgarh,Dantewara,2007,21.4187,82.0061,87,99,0,16,12,13,1,52,132,0,9,3,8,46,0,8,0,4,762
Chhattisgarh,Dhamtari,2007,21.0837,81.6711,14,10,0,52,16,1,6,138,314,0,23,24,9,86,1,63,0,15,1628
Chhattisgarh,Durg,2007,21.1937,81.7811,76,47,2,238,70,9,51,456,1616,0,55,74,20,450,14,200,0,101,6084
Chhattisgarh,Grp Raipur,2007,21.2987,81.8861,1,1,0,2,2,0,3,5,372,0,3,0,1,13,1,4,0,0,403
Chhattisgarh,Jagdalpur,2007,21.1087,81.6961,70,31,1,120,28,3,13,85,244,0,60,24,0,192,2,45,0,24,1924
Chhattisgarh,Janjgir,2007,21.3987,81.9861,56,35,0,108,14,2,28,251,512,0,69,26,22,203,13,97,0,89,2740
Chhattisgarh,Jashpur,2007,21.2137,81.8011,57,16,0,122,44,15,32,82,164,0,27,24,10,112,1,43,0,11,1053
Chhattisgarh,Kabirdham,2007,21.2287,81.8161,17,8,3,58,6,0,3,81,194,0,19,16,5,406,3,57,0,32,1205
Chhattisgarh,Kanker,2007,21.1187,81.7061,38,27,0,44,12,9,16,81,170,0,29,12,16,35,1,24,0,16,1143
Chhattisgarh,Korba,2007,21.1687,81.7561,47,11,1,62,10,6,15,152,580,0,31,19,11,461,1,69,0,43,2228
Chhattisgarh,Koriya,2007,21.2637,81.8511,42,30,1,132,16,2,16,191,344,0,23,11,8,458,0,77,0,29,1589
Chhattisgarh,Mahasamund,2007,21.3287,81.9161,16,9,0,50,8,3,10,122,424,0,17,11,6,213,2,56,0,16,1460
Chhattisgarh,Narayanpur,2007,21.4237,82.0111,25,31,0,6,6,4,2,9,8,0,0,2,9,9,0,2,0,2,138
Chhattisgarh,Raigarh,2007,21.4987,82.0861,62,30,0,110,14,1,23,222,658,0,80,21,20,499,7,86,0,33,2764
Chhattisgarh,Raipur,2007,21.2737,81.8611,110,77,3,240,106,9,61,714,2344,0,139,105,36,1535,15,253,0,131,8344
Chhattisgarh,Rajnandgaon,2007,21.2087,81.7961,44,25,0,108,32,3,18,219,494,0,28,24,16,79,8,78,0,59,2900
Chhattisgarh,Sarguja,2007,21.1087,81.6961,54,31,6,144,18,6,33,96,340,0,30,14,10,90,1,78,0,30,1568
Chhattisgarh,Surajpur,2007,21.2787,81.8661,41,24,1,130,8,6,27,107,216,0,45,16,8,278,3,81,0,36,1310
Goa,North Goa,2007,28.7,77.1833,15,13,6,10,6,0,9,180,550,0,47,22,16,89,2,8,0,3,1290
Goa,South Goa,2007,28.5333,77.2,18,10,1,30,18,7,13,112,438,0,23,33,8,61,0,12,0,11,1189
Gujarat,Ahmedabad Commr.,2007,23.0225,72.5714,100,44,2,74,426,16,417,677,8604,0,133,204,0,1421,4,104,0,1221,17310
Gujarat,Ahmedabad Rural,2007,23.05,72.45,30,16,1,12,96,7,38,133,868,0,61,9,17,316,0,22,0,172,4006
Gujarat,Ahwa-Dang,2007,22.0737,71.0074,8,2,0,10,0,0,2,6,22,0,5,1,1,17,0,5,0,7,292
Gujarat,Amreli,2007,22.4037,71.3374,30,13,0,14,98,3,11,98,344,0,62,6,6,295,0,20,0,162,2308
Gujarat,Anand,2007,22.0237,70.9574,26,7,3,20,118,10,21,161,1178,0,33,12,15,386,0,22,0,170,3919
Gujarat,Bharuch,2007,22.1287,71.0624,38,10,0,16,30,6,11,112,554,0,29,7,8,219,0,18,0,68,2538
Gujarat,Bhavnagar,2007,22.3387,71.2724,43,37,0,36,208,12,76,338,1758,0,156,61,30,116,1,94,0,280,6047
Gujarat,Dahod,2007,22.4787,71.4124,40,14,1,16,70,27,56,53,352,0,66,4,18,298,0,25,0,56,1722
Gujarat,Gandhinagar,2007,22.4987,71.4324,19,12,0,24,48,5,21,129,868,0,39,46,3,220,1,17,0,170,2970
Gujarat,Himatnagar,2007,22.4037,71.3374,46,12,1,10,70,6,9,132,468,0,46,20,7,259,0,33,0,197,6041
Gujarat,Jamnagar,2007,22.3237,71.2574,41,34,2,22,44,5,23,182,808,0,64,23,27,367,0,15,0,245,6978
Gujarat,Junagadh,2007,22.2037,71.1374,46,15,0,26,112,5,43,175,1090,0,64,24,21,522,1,42,0,419,4864
Gujarat,Kheda North,2007,28.7,77.1833,43,7,1,20,70,6,8,138,786,0,49,33,17,387,0,31,0,154,5069
Gujarat,Kutch,2007,22.0337,70.9674,49,22,1,20,72,13,34,316,1156,0,60,44,8,400,2,20,0,255,5228
Gujarat,Mehsana,2007,22.2087,71.1424,31,24,1,12,100,10,27,245,1398,0,93,39,13,601,2,23,0,276,4924
Gujarat,Narmada,2007,22.4387,71.3724,15,2,0,12,8,0,1,11,62,0,5,3,7,115,0,8,0,13,822
Gujarat,Navsari,2007,22.3987,71.3324,26,5,0,4,28,9,6,45,200,0,10,4,1,45,0,3,0,23,994
Gujarat,Palanpur,2007,22.4437,71.3774,45,30,0,38,110,4,31,186,912,0,81,23,22,1187,2,65,0,256,4793
Gujarat,Panchmahal,2007,22.4837,71.4174,55,15,0,32,88,22,20,98,432,0,29,25,15,258,0,33,0,124,3673
Gujarat,Patan,2007,22.4187,71.3524,18,14,1,12,86,4,16,107,868,0,59,23,14,412,0,33,0,178,2974
Gujarat,Porbandar,2007,22.1137,71.0474,6,2,3,2,16,0,4,32,128,0,11,13,4,88,0,4,0,59,924
Gujarat,Rajkot Commr.,2007,22.3039,70.8022,37,16,0,8,92,2,32,203,1692,0,57,45,19,344,3,17,0,240,3912
Gujarat,Rajkot Rural,2007,22.2637,71.1974,32,21,1,50,116,14,32,164,752,0,65,10,7,423,4,26,0,234,3994
Gujarat,Surat Commr.,2007,21.1702,72.8311,108,31,3,48,234,16,42,447,4846,0,111,182,6,848,21,44,0,332,10986
Gujarat,Surat Rural,2007,21.2,73.0,57,13,0,8,36,13,11,68,364,0,36,14,10,158,1,5,0,37,1607
Gujarat,Surendranagar,2007,22.3837,71.3174,22,16,0,34,58,9,19,89,540,0,65,13,7,430,0,48,0,119,3220
Gujarat,Vadodara Commr.,2007,22.3072,73.1812,24,22,0,16,94,9,25,359,2806,0,119,152,6,306,0,11,0,268,5109
Gujarat,Vadodara Rural,2007,22.2937,71.2274,76,21,0,20,78,6,13,46,384,0,34,12,15,318,0,21,0,63,2858
Gujarat,Valsad,2007,22.1587,71.0924,39,11,0,16,10,8,11,99,466,0,21,23,5,158,0,6,0,25,1854
Gujarat,W.Rly,2007,22.1487,71.0824,16,6,0,0,8,8,35,21,1622,0,5,41,1,75,0,7,0,4,1838
Haryana,Ambala,2007,29.0238,76.0506,39,12,6,46,30,10,11,253,732,0,0,96,4,226,16,11,0,154,2378
Haryana,Bhiwani,2007,29.1988,76.2256,62,22,2,34,64,9,26,231,782,0,125,93,14,315,17,23,0,128,2573
Haryana,Faridabad,2007,28.4089,77.3178,65,36,2,74,308,58,32,329,2536,0,153,25,10,224,19,23,0,167,4520
Haryana,Fatehabad,2007,28.9838,76.0106,25,17,4,14,50,3,7,107,512,0,22,80,4,188,2,16,0,122,1550
Haryana,Grp,2007,29.0888,76.1156,19,2,0,4,14,3,18,1,854,0,6,14,0,17,5,6,0,0,1139
Haryana,Gurgaon,2007,28.4595,77.0266,93,58,4,80,222,79,123,724,4460,0,97,183,6,152,17,36,0,122,6355
Haryana,Hissar,2007,28.8288,75.8556,55,48,4,42,94,11,11,200,988,0,30,78,3,387,7,19,0,157,2986
Haryana,Jhajjar,2007,29.2238,76.2506,55,45,2,28,60,7,15,104,520,0,53,40,7,163,19,10,0,87,1560
Haryana,Jind,2007,29.2588,76.2856,34,38,8,38,48,5,16,147,528,0,91,61,3,151,12,14,0,95,1654
Haryana,Kaithal,2007,28.8838,75.9106,32,15,2,28,32,9,9,144,480,0,0,39,4,196,14,26,0,178,1588
Haryana,Karnal,2007,29.1488,76.1756,53,22,10,94,52,13,26,291,1404,0,60,98,8,794,13,28,0,169,3095
Haryana,Kurukshetra,2007,28.8488,75.8756,27,19,0,42,36,9,12,255,1264,0,0,43,7,237,11,11,0,99,2492
Haryana,Mahendragarh,2007,28.8238,75.8506,28,14,0,20,50,4,7,112,374,0,79,12,5,172,14,17,0,47,1686
Haryana,Mewat,2007,28.9988,76.0256,35,43,3,88,56,44,17,24,416,0,162,60,9,147,13,18,0,153,1677
Haryana,Palwal,2007,29.2988,76.3256,26,23,3,30,44,27,24,89,508,0,88,54,0,148,9,21,0,54,1670
Haryana,Panchkula,2007,29.0938,76.1206,18,3,3,22,50,1,9,103,432,0,2,47,0,44,0,9,0,70,1264
Haryana,Panipat,2007,28.9338,75.9606,35,20,5,68,66,56,23,225,1328,0,37,15,5,210,11,13,0,63,2368
Haryana,Rewari,2007,29.0388,76.0656,18,17,3,44,70,11,35,159,668,0,61,35,10,219,12,30,0,76,2318
Haryana,Rohtak,2007,29.0188,76.0456,56,49,2,36,60,14,20,209,944,0,56,62,6,187,31,18,0,92,2306
Haryana,Sirsa,2007,28.8138,75.8406,29,22,2,46,42,3,14,154,714,0,38,46,14,326,5,21,0,154,1972
Haryana,Sonipat,2007,29.0988,76.1256,75,44,5,48,84,20,26,210,908,0,10,10,18,314,16,30,0,149,2664
Haryana,Yamunanagar,2007,29.0288,76.0556,32,23,2,50,70,9,21,160,742,0,3,41,5,214,6,17,0,76,1782
Himachal Pradesh,Bilaspur,2007,31.2398,77.3084,1,4,1,12,22,0,6,50,162,0,34,18,12,57,0,33,0,28,1104
Himachal Pradesh,Chamba,2007,31.1798,77.2484,9,3,0,30,22,0,0,131,108,0,21,8,10,72,0,20,0,6,780
Himachal Pradesh,G.R.P.,2007,31.0148,77.0834,0,0,0,0,0,0,0,0,6,0,1,0,0,0,0,0,0,0,7
Himachal Pradesh,Hamirpur,2007,30.9198,76.9884,7,1,1,10,32,0,1,71,134,0,32,9,15,245,1,29,0,35,1122
Himachal Pradesh,Kangra,2007,30.9748,77.0434,22,11,1,40,50,0,1,94,250,0,136,31,13,197,3,38,0,72,2211
Himachal Pradesh,Kinnaur,2007,31.0098,77.0784,7,0,0,18,2,0,0,31,24,0,13,5,1,11,0,1,0,4,215
Himachal Pradesh,Kullu,2007,31.1698,77.2384,11,2,1,44,24,1,2,61,148,0,64,20,5,51,0,22,0,18,1020
Himachal Pradesh,Lahaul-Spiti,2007,31.1348,77.2034,1,0,0,2,2,0,0,2,6,0,3,0,0,3,0,1,0,0,81
Himachal Pradesh,Mandi,2007,31.2998,77.3684,14,7,1,60,50,0,3,85,234,0,68,21,32,112,0,70,0,60,2203
Himachal Pradesh,Shimla,2007,30.9848,77.0534,15,15,1,54,56,0,9,126,492,0,111,47,37,64,1,46,0,44,2126
Himachal Pradesh,Sirmaur,2007,31.2398,77.3084,16,4,0,14,24,0,0,48,138,0,61,12,4,41,0,26,0,26,789
Himachal Pradesh,Solan,2007,30.9498,77.0184,10,9,2,16,34,2,0,112,286,0,70,24,10,364,3,26,0,30,1620
Himachal Pradesh,Una,2007,31.3348,77.4034,14,1,1,18,24,2,1,66,196,0,35,17,2,101,0,10,0,19,947
Jammu & Kashmir,Anantnag,2007,33.7032,76.5012,9,27,5,32,130,0,5,147,240,0,92,39,17,54,0,57,0,0,1310
Jammu & Kashmir,Awantipora,2007,33.9232,76.7212,13,2,0,10,26,0,4,24,70,0,22,3,1,0,0,29,0,0,377
Jammu & Kashmir,Baramulla,2007,34.0082,76.8062,47,79,3,62,204,4,3,148,362,0,83,16,23,19,0,93,0,2,1544
Jammu & Kashmir,Border District,2007,33.7832,76.5812,9,17,0,12,20,0,0,23,124,0,32,12,0,8,2,11,0,3,637
Jammu & Kashmir,Budgam,2007,33.7632,76.5612,5,18,1,34,144,0,9,92,352,0,111,21,8,3,0,118,0,0,1336
Jammu & Kashmir,Crime Jammu,2007,33.6682,76.4662,0,0,0,0,0,0,0,0,0,0,0,43,0,0,0,0,0,0,44
Jammu & Kashmir,Crime Srinagar,2007,33.6932,76.4912,0,0,0,0,0,0,0,0,0,0,0,67,0,0,0,0,0,0,79
Jammu & Kashmir,Doda,2007,22.3072,73.1812,35,68,0,56,60,4,5,40,134,0,13,9,16,28,0,26,0,13,947
Jammu & Kashmir,Ganderbal,2007,33.7582,76.5562,11,6,0,10,90,0,4,41,116,0,92,12,11,5,0,73,0,5,622
Jammu & Kashmir,Handwara,2007,33.9382,76.7362,12,30,1,30,44,1,3,22,116,0,33,3,2,3,0,62,0,2,440
Jammu & Kashmir,Jammu,2007,33.7132,76.5112,22,71,6,50,104,2,2,205,740,0,82,87,14,34,3,23,0,45,3342
Jammu & Kashmir,Kargil,2007,33.9032,76.7012,0,2,0,0,2,0,0,4,8,0,3,1,1,0,0,2,0,0,88
Jammu & Kashmir,Kathua,2007,33.7082,76.5062,11,28,1,30,36,2,1,60,158,0,51,20,10,25,1,15,0,7,1238
Jammu & Kashmir,Kulgam,2007,34.0182,76.8162,10,18,2,18,92,1,14,54,170,0,68,13,2,20,0,53,0,0,673
Jammu & Kashmir,Kupwara,2007,33.7082,76.5062,23,59,1,8,76,0,4,36,132,0,88,9,9,4,0,77,0,5,682
Jammu & Kashmir,Leh,2007,33.5582,76.3562,4,3,0,4,6,0,1,19,28,0,4,3,0,3,0,4,0,0,286
Jammu & Kashmir,Poonch,2007,33.8532,76.6512,13,35,1,26,34,0,0,34,86,0,106,10,0,37,0,28,0,15,761
Jammu & Kashmir,Pulwama,2007,33.6182,76.4162,22,54,1,22,102,0,19,76,184,0,136,18,16,57,0,36,0,2,842
Jammu & Kashmir,Railways,2007,33.9382,76.7362,1,1,1,0,0,0,0,0,28,0,0,0,0,0,0,0,0,0,30
Jammu & Kashmir,Rajouri,2007,33.9932,76.7912,23,27,0,50,102,0,5,77,138,0,31,23,27,24,3,30,0,45,1560
Jammu & Kashmir,Ramban,2007,33.6332,76.4312,18,27,0,30,20,0,0,28,120,0,14,8,5,14,0,6,0,0,734
Jammu & Kashmir,Reasi,2007,33.5782,76.3762,8,14,0,14,22,0,0,9,52,0,1,5,5,1,0,10,0,1,310
Jammu & Kashmir,Srinagar,2007,33.9132,76.7112,15,64,0,54,184,2,29,272,702,0,127,59,18,21,0,219,0,31,2620
Jammu & Kashmir,Udhampur,2007,34.0182,76.8162,7,19,0,24,18,2,3,49,112,0,20,8,1,14,0,14,0,0,944
Jharkhand,Bokaro,2007,23.7552,85.4249,60,21,0,114,86,20,45,108,1244,0,125,35,0,0,21,7,0,62,2751
Jharkhand,Chaibasa,2007,23.6402,85.3099,127,32,2,86,38,12,21,21,270,0,41,26,1,61,6,10,0,21,1025
Jharkhand,Chatra,2007,23.8152,85.4849,29,69,1,50,24,34,33,29,174,0,113,2,2,0,15,3,0,8,960
Jharkhand,Deoghar,2007,23.6502,85.3199,48,29,3,48,52,11,22,133,552,0,140,4,1,81,21,2,0,0,1813
Jharkhand,Dhanbad,2007,23.4652,85.1349,80,56,7,82,174,43,58,180,1702,0,299,74,6,279,29,32,0,38,3712
Jharkhand,Dhanbad Rly.,2007,23.4652,85.1349,7,0,0,2,0,20,9,0,254,0,7,2,0,0,2,1,0,0,301
Jharkhand,Dumka,2007,23.8202,85.4899,65,27,0,104,58,6,11,64,382,0,98,29,9,208,23,35,0,49,1569
Jharkhand,Garhwa,2007,23.4552,85.1249,53,45,3,34,40,14,16,21,150,0,141,25,9,169,8,0,0,30,1016
Jharkhand,Giridih,2007,23.4852,85.1549,59,114,0,92,70,56,31,103,578,0,310,49,7,72,20,61,0,71,2710
Jharkhand,Godda,2007,23.5752,85.2449,55,85,3,60,78,8,9,64,304,0,129,18,9,61,7,3,0,42,1295
Jharkhand,Gumla,2007,23.5002,85.1699,137,59,3,120,68,24,45,8,182,0,27,11,12,0,1,11,0,9,979
Jharkhand,Hazaribagh,2007,23.5352,85.2049,78,72,6,82,56,63,54,136,1270,0,157,207,24,149,45,40,0,86,2777
Jharkhand,Jamshedpur,2007,23.8202,85.4899,92,67,7,130,78,19,62,149,1888,0,118,78,12,826,20,30,0,56,3519
Jharkhand,Jamshedpur Rly.,2007,23.3802,85.0499,4,0,0,2,8,2,4,3,318,0,5,2,0,5,0,1,0,0,353
Jharkhand,Jamtara,2007,23.6302,85.2999,14,9,5,44,42,4,2,34,190,0,74,14,5,0,6,11,0,24,719
Jharkhand,Khunti,2007,23.3752,85.0449,91,9,4,30,30,14,26,2,88,0,9,2,4,24,1,1,0,3,389
Jharkhand,Koderma,2007,23.8052,85.4749,22,33,3,30,36,15,16,20,240,0,102,27,1,1,11,2,0,9,785
Jharkhand,Latehar,2007,23.6402,85.3099,53,3,1,20,28,30,17,9,150,0,38,5,3,85,4,2,0,4,569
Jharkhand,Lohardagga,2007,23.8352,85.5049,31,19,4,64,42,12,23,21,176,0,29,16,4,118,1,12,0,24,620
Jharkhand,Pakur,2007,23.4152,85.0849,24,100,9,90,44,5,3,16,200,0,66,16,6,151,4,13,0,31,756
Jharkhand,Palamu,2007,23.5902,85.2599,67,31,1,58,72,23,40,96,290,0,122,20,13,642,17,6,0,31,1597
Jharkhand,Ramgarh,2007,23.4852,85.1549,41,13,0,56,74,22,36,27,700,0,132,56,2,46,11,11,0,46,1346
Jharkhand,Ranchi,2007,23.4002,85.0699,203,78,24,106,176,74,146,171,2354,0,204,64,23,642,17,27,0,100,4849
Jharkhand,Sahebganj,2007,23.5702,85.2399,54,51,2,128,64,4,7,61,106,0,38,8,1,60,9,18,0,25,896
Jharkhand,Saraikela,2007,23.5452,85.2149,51,30,2,36,46,14,18,4,302,0,31,19,0,41,4,2,0,26,907
Jharkhand,Simdega,2007,23.4902,85.1599,72,24,2,42,40,15,17,15,118,0,10,5,6,62,0,1,0,6,432
Karnataka,Bagalkot,2007,15.1423,75.5389,38,24,3,8,54,11,11,60,250,0,123,44,15,245,2,51,0,70,2044
Karnataka,Bangalore Commr.,2007,12.9716,77.5946,246,264,7,123,238,244,545,1485,14754,0,425,2052,2,2381,54,187,0,290,27049
Karnataka,Bangalore Rural,2007,13.0827,77.5877,176,43,0,58,86,18,55,330,1668,0,504,86,10,1012,32,99,0,103,8577
Karnataka,Belgaum,2007,15.8497,74.4977,110,84,3,44,84,8,51,224,918,0,372,253,39,944,10,129,0,232,6778
Karnataka,Bellary,2007,15.3773,75.7739,62,51,0,28,34,5,25,139,452,0,222,70,11,530,7,71,0,62,3636
Karnataka,Bidar,2007,15.5473,75.9439,42,46,11,22,52,7,25,160,394,0,172,22,19,946,4,103,0,81,3639
Karnataka,Bijapur,2007,15.1273,75.5239,49,28,1,34,60,12,31,129,310,0,298,72,23,690,2,80,0,145,3218
Karnataka,Chamarajnagar,2007,15.3773,75.7739,19,11,1,6,14,1,2,58,168,0,77,15,0,432,2,26,0,18,1373
Karnataka,Chickmagalur,2007,15.3073,75.7039,32,29,2,22,22,8,22,126,338,0,121,20,7,702,4,55,0,108,2814
Karnataka,Chitradurga,2007,15.2373,75.6339,32,20,0,20,42,1,23,114,366,0,238,27,8,821,9,65,0,51,3929
Karnataka,Dakshin Kannada,2007,15.2273,75.6239,26,37,1,22,22,5,19,266,430,0,195,93,20,502,2,36,0,46,3888
Karnataka,Davanagere,2007,15.4473,75.8439,19,22,1,20,32,4,20,134,410,0,220,41,0,472,5,49,0,102,2775
Karnataka,Dharwad Commr.,2007,15.4589,75.0078,16,20,0,10,32,5,60,147,546,0,104,133,0,184,3,10,0,30,2053
Karnataka,Dharwad Rural,2007,15.4589,75.0078,30,13,0,14,12,4,4,19,90,0,64,21,0,114,0,8,0,10,996
Karnataka,Gadag,2007,15.2073,75.6039,17,17,0,8,10,2,8,50,136,0,111,27,3,131,3,31,0,23,1022
Karnataka,Gulbarga,2007,17.3297,76.8343,91,90,1,70,108,12,64,185,524,0,498,77,46,1205,19,91,0,127,4952
Karnataka,Hassan,2007,15.2273,75.6239,54,35,1,26,30,2,30,191,556,0,130,99,0,1032,11,77,0,83,4531
Karnataka,Haveri,2007,15.5423,75.9389,17,21,3,16,42,4,5,93,190,0,197,33,0,249,5,35,0,27,2043
Karnataka,K.G.F.,2007,15.4423,75.8389,12,23,0,14,14,2,11,48,180,0,39,15,0,208,7,29,0,21,864
Karnataka,Kodagu,2007,15.1573,75.5539,25,28,2,8,22,2,8,103,258,0,48,19,4,453,4,20,0,43,1613
Karnataka,Kolar,2007,15.4823,75.8789,66,62,1,38,70,7,19,133,778,0,291,37,0,720,17,44,0,50,3746
Karnataka,Koppal,2007,15.4823,75.8789,19,10,7,12,10,1,10,85,148,0,121,18,2,199,1,32,0,48,1640
Karnataka,Mandya,2007,15.1123,75.5089,48,43,0,34,30,3,9,142,508,0,180,27,0,799,15,66,0,95,4236
Karnataka,Mysore Commr.,2007,12.2958,76.6394,26,38,0,26,38,7,103,173,1146,0,84,78,0,258,4,25,0,123,2937
Karnataka,Mysore Rural,2007,15.1723,75.5689,60,45,0,40,22,7,10,90,380,0,182,24,0,855,11,77,0,108,3195
Karnataka,Raichur,2007,15.4623,75.8589,44,31,2,38,46,5,8,110,284,0,214,74,16,569,3,61,0,97,2873
Karnataka,Railways,2007,15.4773,75.8739,17,4,0,0,4,5,21,0,734,0,4,2,0,10,0,0,0,0,801
Karnataka,Shimoga,2007,15.2973,75.6939,40,43,2,46,52,13,41,241,564,0,160,42,5,885,3,81,0,158,4249
Karnataka,Tumkur,2007,15.4373,75.8339,74,41,2,34,50,12,39,227,834,0,184,37,16,784,10,105,0,77,4718
Karnataka,Udupi,2007,15.4773,75.8739,12,12,1,22,14,2,15,117,238,0,142,22,8,289,1,22,0,19,2389
Karnataka,Uttar Kannada,2007,15.2673,75.6639,19,16,3,8,14,1,19,70,150,0,63,20,8,342,1,63,0,60,2341
Kerala,Alapuzha,2007,10.8705,76.2911,19,37,2,50,32,6,41,203,702,0,453,276,19,1158,3,208,0,264,8161
Kerala,Cbcid,2007,10.8355,76.2561,7,2,0,4,0,0,0,2,2,0,2,12,0,2,1,0,0,3,86
Kerala,Ernakulam Commr.,2007,10.7805,76.2011,14,17,13,46,20,4,43,189,700,0,177,284,5,460,0,75,0,88,6602
Kerala,Ernakulam Rural,2007,10.6405,76.0611,26,26,14,44,16,33,58,254,670,0,323,186,7,1232,1,126,0,151,9357
Kerala,Idukki,2007,10.9005,76.3211,24,22,1,56,18,6,27,168,426,0,202,110,25,1323,0,155,0,186,4921
Kerala,Kannur,2007,10.6755,76.0961,14,47,0,68,32,13,98,275,468,0,867,141,48,1243,1,123,0,247,5982
Kerala,Kasargod,2007,10.7755,76.1961,12,13,2,38,4,3,27,156,384,0,519,791,34,648,0,93,0,195,4146
Kerala,Kollam,2007,10.9005,76.3211,43,27,12,92,44,29,36,298,914,0,546,178,44,2183,4,282,0,447,9239
Kerala,Kottayam,2007,11.0855,76.5061,17,17,3,50,40,10,57,314,768,0,423,374,18,1771,1,224,0,185,7859
Kerala,Kozhikode Commr.,2007,11.2588,75.7804,9,13,0,30,22,17,80,231,612,0,342,108,5,509,0,70,0,141,3883
Kerala,Kozhikode Rural,2007,11.2588,75.7804,10,12,3,50,28,6,30,201,514,0,522,185,30,1034,3,128,0,257,4709
Kerala,Malappuram,2007,10.7305,76.1511,22,29,7,82,26,29,32,500,912,0,516,235,19,903,0,139,0,503,7186
Kerala,Palakkad,2007,10.8855,76.3061,41,19,8,78,18,20,39,215,580,0,385,203,23,1128,6,82,0,356,5461
Kerala,Pathanamthitta,2007,10.7905,76.2111,21,12,4,38,38,6,31,179,358,0,301,130,22,1093,0,153,0,162,4879
Kerala,Railways,2007,11.0105,76.4311,0,0,0,0,2,0,6,1,316,0,3,1,0,14,0,6,0,0,343
Kerala,Thrissur,2007,10.5276,76.2144,38,50,9,96,54,37,74,221,712,0,596,400,45,1008,0,202,0,332,10168
Kerala,Trivandrum Commr.,2007,11.0655,76.4861,13,21,3,40,46,40,96,244,1136,0,458,316,10,883,1,141,0,130,5437
Kerala,Trivandrum Rural,2007,10.9805,76.4011,26,24,9,108,52,17,79,322,792,0,522,211,35,1708,4,351,0,242,7885
Kerala,Wayanadu,2007,11.0555,76.4761,11,14,2,54,18,2,15,127,252,0,201,74,9,675,2,66,0,110,2355
Madhya Pradesh,Anuppur,2007,23.1484,78.8319,22,4,1,98,12,2,12,94,260,0,9,21,15,466,3,87,0,26,1665
Madhya Pradesh,Ashok Nagar,2007,22.8084,78.4919,34,29,5,162,22,4,22,110,456,0,39,15,22,906,13,173,0,43,2746
Madhya Pradesh,Balaghat,2007,22.9584,78.6419,51,16,3,106,14,1,18,100,280,0,21,12,7,310,7,89,0,39,2290
Madhya Pradesh,Barwani,2007,22.9784,78.6619,39,38,1,110,20,2,23,88,598,0,59,2,8,320,4,132,0,32,2501
Madhya Pradesh,Betul,2007,23.1484,78.8319,51,48,0,312,36,2,20,154,400,0,8,19,20,387,13,174,0,72,3084
Madhya Pradesh,Bhind,2007,22.8084,78.4919,68,104,7,54,30,7,86,147,424,0,43,12,11,723,38,55,0,28,2958
Madhya Pradesh,Bhopal,2007,23.2599,77.4126,74,76,1,164,96,4,196,978,4568,0,79,133,19,1797,24,212,0,137,14065
Madhya Pradesh,Bhopal Rly.,2007,23.2599,77.4126,7,2,1,2,0,4,9,8,1924,0,4,2,1,3,2,14,0,1,1966
Madhya Pradesh,Burhanpur,2007,22.9334,78.6169,16,11,0,24,2,3,8,48,280,0,15,5,3,122,2,54,0,15,1367
Madhya Pradesh,Chhatarpur,2007,23.0184,78.7019,53,80,0,130,64,4,38,369,664,0,47,23,17,592,31,216,0,85,5103
Madhya Pradesh,Chhindwara,2007,23.1184,78.8019,59,28,10,232,28,2,13,172,578,0,49,25,11,1082,16,185,0,118,3880
Madhya Pradesh,Damoh,2007,22.7384,78.4219,43,47,0,60,28,3,12,141,296,0,15,12,9,1211,20,148,0,50,2755
Madhya Pradesh,Datiya,2007,23.1234,78.8069,49,49,0,50,42,3,42,123,332,0,30,14,14,421,9,68,0,32,2488
Madhya Pradesh,Dewas,2007,22.9584,78.6419,39,63,4,168,54,8,24,251,1354,0,90,41,20,460,22,165,0,131,5648
Madhya Pradesh,Dhar,2007,15.4589,75.0078,78,58,5,164,44,8,19,140,930,0,75,131,30,679,35,157,0,56,4620
Madhya Pradesh,Dindori,2007,22.7284,78.4119,15,3,3,46,0,1,1,35,28,0,7,3,1,122,3,27,0,4,575
Madhya Pradesh,Guna,2007,22.9584,78.6419,39,28,7,160,6,12,22,212,526,0,57,32,16,772,4,166,0,45,3501
Madhya Pradesh,Gwalior,2007,26.2183,78.1828,70,139,19,148,136,15,198,1049,3246,0,186,95,22,1242,33,170,0,130,9838
Madhya Pradesh,Harda,2007,23.0384,78.7219,17,23,0,76,24,0,20,64,316,0,15,5,7,446,5,41,0,34,1418
Madhya Pradesh,Hoshangabad,2007,23.1584,78.8419,41,48,0,104,46,1,33,157,788,0,25,16,0,481,11,110,0,59,3174
Madhya Pradesh,Indore,2007,22.7196,75.8577,111,151,4,204,98,9,175,936,6726,0,198,113,61,1613,21,276,0,319,16874
Madhya Pradesh,Indore Rly.,2007,22.7196,75.8577,3,0,1,8,0,0,5,0,292,0,0,4,0,11,0,7,0,0,323
Madhya Pradesh,Jabalpur,2007,23.1815,79.9864,81,156,0,154,80,6,104,554,2070,0,145,141,24,3194,42,290,0,144,10945
Madhya Pradesh,Jabalpur Rly.,2007,23.1815,79.9864,2,1,3,2,0,2,7,2,454,0,3,0,0,3,0,5,0,0,476
Madhya Pradesh,Jhabua,2007,23.1184,78.8019,109,51,3,70,28,2,14,76,280,0,28,7,27,550,3,66,0,16,2295
Madhya Pradesh,Katni,2007,23.1084,78.7919,37,22,2,88,30,2,14,106,372,0,18,33,7,1207,22,129,0,58,2917
Madhya Pradesh,Khandwa,2007,22.8834,78.5669,19,45,2,128,28,1,15,279,816,0,62,15,9,41,4,152,0,60,3170
Madhya Pradesh,Khargon,2007,22.9484,78.6319,45,49,0,126,24,1,13,173,1002,0,73,128,18,554,27,154,0,52,4200
Madhya Pradesh,Mandla,2007,22.7384,78.4219,27,8,0,94,12,2,5,100,144,0,8,10,5,310,3,87,0,15,1653
Madhya Pradesh,Mandsaur,2007,22.8484,78.5319,30,37,0,80,42,2,38,142,574,0,59,19,30,316,6,132,0,62,3259
Madhya Pradesh,Morena,2007,22.8584,78.5419,47,92,3,78,76,21,67,220,818,0,139,36,13,1836,26,104,0,78,5100
Madhya Pradesh,Narsinghpur,2007,22.9434,78.6269,31,34,0,98,10,0,11,62,310,0,20,6,16,960,22,134,0,39,2336
Madhya Pradesh,Neemuch,2007,22.8684,78.5519,18,9,0,40,22,2,10,147,620,0,41,21,10,689,3,70,0,40,2394
Madhya Pradesh,Panna,2007,22.7284,78.4119,34,38,0,52,24,6,20,133,154,0,7,5,24,372,7,77,0,19,1795
Madhya Pradesh,Raisen,2007,22.8984,78.5819,45,70,0,150,24,5,20,120,482,0,37,15,6,380,15,148,0,42,3699
Madhya Pradesh,Rajgarh,2007,23.0634,78.7469,25,58,0,200,44,28,45,153,804,0,91,16,87,381,12,227,0,144,5367
Madhya Pradesh,Ratlam,2007,23.0084,78.6919,35,40,1,170,28,8,34,138,710,0,36,32,21,433,5,165,0,85,3781
Madhya Pradesh,Rewa,2007,23.0034,78.6869,40,30,0,132,50,4,56,409,922,0,61,45,26,802,26,119,0,72,4689
Madhya Pradesh,Sagar,2007,23.2134,78.8969,80,101,0,230,64,1,50,453,1114,0,80,24,56,3029,30,345,0,125,8194
Madhya Pradesh,Satna,2007,23.1784,78.8619,90,46,2,168,54,13,61,422,994,0,65,22,23,941,38,191,0,101,5252
Madhya Pradesh,Seoni,2007,22.8884,78.5719,40,28,3,102,14,1,4,96,296,0,37,30,7,380,8,96,0,19,2576
Madhya Pradesh,Shahdol,2007,22.7684,78.4519,29,18,1,100,16,3,29,196,332,0,15,18,10,242,10,128,0,78,2558
Madhya Pradesh,Shajapur,2007,23.0784,78.7619,35,46,4,134,30,9,68,198,920,0,62,26,20,1216,7,163,0,65,3780
Madhya Pradesh,Sheopur,2007,22.7384,78.4219,19,23,0,26,12,0,11,40,162,0,35,15,6,225,3,38,0,27,1192
Madhya Pradesh,Shivpuri,2007,23.1434,78.8269,64,70,5,182,58,8,52,217,624,0,71,38,33,818,23,152,0,36,4178
Madhya Pradesh,Sidhi,2007,22.8634,78.5469,61,25,3,164,88,5,31,335,614,0,59,41,13,637,24,184,0,80,4604
Madhya Pradesh,Sihore,2007,22.9134,78.5969,35,45,0,112,34,3,14,168,634,0,54,16,14,456,9,94,0,38,3160
Madhya Pradesh,Tikamgarh,2007,23.0834,78.7669,56,35,1,126,36,5,35,175,414,0,69,20,32,1014,14,148,0,39,3512
Madhya Pradesh,Ujjain,2007,23.1765,75.7885,70,131,4,158,66,14,123,387,1940,0,102,72,24,717,14,168,0,199,7752
Madhya Pradesh,Umariya,2007,23.0784,78.7619,13,12,39,74,4,0,6,92,162,0,28,11,9,163,3,68,0,20,1186
Madhya Pradesh,Vidisha,2007,23.0934,78.7769,48,58,7,200,44,3,22,261,788,0,72,64,25,611,20,212,0,85,4286
Maharashtra,Ahmednagar,2007,19.7715,75.7339,99,73,2,110,74,54,107,458,2688,0,397,135,54,772,3,132,0,475,6753
Maharashtra,Akola,2007,19.8715,75.8339,38,43,1,44,34,15,55,257,1796,0,117,56,28,821,3,86,0,165,4067
Maharashtra,Amravati Commr.,2007,19.9615,75.9239,30,22,0,14,36,7,45,237,1382,0,99,52,11,399,3,35,0,74,2643
Maharashtra,Amravati Rural,2007,19.8215,75.7839,51,36,2,116,52,9,26,214,1522,0,113,54,47,820,11,118,0,123,3692
Maharashtra,Aurangabad Commr.,2007,19.8762,75.3433,37,27,0,36,58,19,67,276,1524,0,157,121,10,397,11,57,0,171,3155
Maharashtra,Aurangabad Rural,2007,19.9115,75.8739,57,19,2,28,30,15,45,165,752,0,237,37,46,743,39,71,0,256,3032
Maharashtra,Beed,2007,19.6065,75.5689,69,50,0,46,96,41,88,303,1290,0,484,43,82,997,18,91,0,353,4466
Maharashtra,Bhandara,2007,19.8215,75.7839,30,10,3,38,14,3,18,177,1094,0,94,23,37,362,2,55,0,68,2554
Maharashtra,Buldhana,2007,19.6415,75.6039,56,41,3,78,44,21,28,220,1266,0,210,39,57,730,12,124,0,256,3780
Maharashtra,Chandrapur,2007,19.8215,75.7839,59,23,4,70,50,8,34,383,1630,0,129,70,70,663,5,115,0,169,4148
Maharashtra,Dhule,2007,19.8865,75.8489,49,23,1,30,10,16,24,124,794,0,170,84,8,421,10,37,0,223,2681
Maharashtra,Gadchiroli,2007,19.7565,75.7189,53,47,5,22,16,6,7,98,324,0,39,9,27,200,3,31,0,44,1282
Maharashtra,Gondia,2007,19.5815,75.5439,34,14,1,64,26,10,22,188,628,0,58,31,30,330,3,71,0,51,1937
Maharashtra,Hingoli,2007,19.6515,75.6139,29,16,0,18,16,8,24,81,334,0,121,30,18,449,3,45,0,98,1597
Maharashtra,Jalgaon,2007,19.7315,75.6939,94,38,1,104,54,23,49,211,1334,0,264,255,16,671,20,75,0,420,4599
Maharashtra,Jalna,2007,19.7165,75.6789,52,22,1,34,34,13,36,152,722,0,184,85,26,491,31,43,0,266,2584
Maharashtra,Kolhapur,2007,19.6715,75.6339,65,47,1,60,32,12,35,242,1532,0,231,231,11,583,16,51,0,125,3989
Maharashtra,Latur,2007,19.8315,75.7939,73,37,0,34,52,11,53,249,904,0,191,64,44,971,66,73,0,107,3837
Maharashtra,Mumbai Commr.,2007,18.922,72.8347,230,116,2,348,358,73,265,2886,23340,0,260,1735,13,3781,17,365,0,380,33405
Maharashtra,Mumbai Rly.,2007,19.6465,75.6089,4,5,1,2,2,3,39,3,3442,0,6,22,0,41,0,5,0,0,3569
Maharashtra,Nagpur Commr.,2007,21.1458,79.0882,73,60,5,100,132,86,357,1141,4708,0,242,309,20,996,7,96,0,251,9791
Maharashtra,Nagpur Rly.,2007,19.8415,75.8039,4,1,0,0,4,5,22,0,1756,0,5,1,0,29,0,8,0,0,1827
Maharashtra,Nagpur Rural,2007,19.6665,75.6289,71,24,1,78,48,16,47,232,1686,0,117,66,43,651,7,92,0,60,4436
Maharashtra,Nanded,2007,19.9715,75.9339,83,82,6,66,80,24,54,317,1028,0,307,121,54,1137,19,83,0,213,4654
Maharashtra,Nandurbar,2007,19.5415,75.5039,32,19,1,28,6,11,13,55,426,0,90,39,7,294,3,24,0,94,1579
Maharashtra,Nasik Commr.,2007,19.8865,75.8489,33,26,1,14,42,6,50,460,2036,0,153,127,12,224,1,34,0,127,3183
Maharashtra,Nasik Rural,2007,19.9065,75.8689,80,56,3,88,58,37,35,226,1118,0,406,86,13,839,8,91,0,326,4899
Maharashtra,Navi Mumbai,2007,19.5315,75.4939,45,22,1,34,32,63,118,452,3408,0,187,169,12,460,5,32,0,53,5002
Maharashtra,Osmanabad,2007,19.6415,75.6039,44,24,2,58,46,29,43,209,894,0,178,125,46,611,2,84,0,172,3206
Maharashtra,Parbhani,2007,19.5665,75.5289,47,39,3,44,28,27,53,181,580,0,114,57,30,1151,8,54,0,183,2743
Maharashtra,Pune Commr.,2007,18.5204,73.8567,126,126,8,132,244,89,232,1369,9306,0,457,517,18,1274,6,79,0,250,13890
Maharashtra,Pune Rly.,2007,19.7565,75.7189,6,0,0,0,2,5,7,0,632,0,5,2,0,11,0,0,0,0,670
Maharashtra,Pune Rural,2007,19.6315,75.5939,130,51,12,118,82,73,73,377,2156,0,272,186,29,655,17,101,0,203,6244
Maharashtra,Raigad,2007,19.7865,75.7489,37,28,1,58,26,28,25,192,852,0,170,67,8,273,4,39,0,72,2391
Maharashtra,Ratnagiri,2007,19.9015,75.8639,19,4,5,34,18,11,10,152,548,0,97,39,35,206,2,33,0,48,1600
Maharashtra,Sangli,2007,19.5815,75.5439,74,24,0,56,36,13,23,182,1036,0,148,132,30,395,11,72,0,116,2651
Maharashtra,Satara,2007,19.8865,75.8489,75,26,5,86,76,24,73,381,1932,0,179,110,24,480,9,59,0,256,4335
Maharashtra,Sindhudurg,2007,19.7465,75.7089,17,3,1,18,8,1,6,101,264,0,48,20,11,117,4,13,0,8,782
Maharashtra,Solapur Commr.,2007,19.8765,75.8389,22,24,0,24,32,11,34,120,638,0,69,88,7,174,0,15,0,81,1564
Maharashtra,Solapur Rural,2007,19.7715,75.7339,77,53,5,92,70,37,65,255,1310,0,270,49,38,668,4,63,0,128,4220
Maharashtra,Thane Commr.,2007,19.2183,72.9781,120,74,4,156,220,66,146,1136,4958,0,323,477,24,1352,20,148,0,355,9052
Maharashtra,Thane Rural,2007,19.5965,75.5589,128,39,6,134,92,69,92,513,1706,0,300,126,22,759,7,108,0,139,5267
Maharashtra,Wardha,2007,19.8415,75.8039,49,32,3,62,52,7,37,248,1308,0,88,48,72,756,0,107,0,92,4026
Maharashtra,Washim,2007,19.5515,75.5139,22,19,3,28,38,7,22,121,790,0,88,35,32,489,8,62,0,131,2155
Maharashtra,Yavatmal,2007,19.9265,75.8889,70,50,7,98,64,9,66,263,1988,0,119,63,45,979,8,129,0,174,4949
Manipur,Bishnupur,2007,24.4637,93.7063,31,31,1,8,18,9,0,5,76,0,11,9,3,53,0,21,0,0,367
Manipur,Chandel,2007,24.8937,94.1363,16,17,0,0,4,3,0,2,14,0,2,3,3,13,0,0,0,0,88
Manipur,Churachandpur,2007,24.7837,94.0263,28,5,0,2,12,0,0,11,92,0,2,4,0,1,0,0,0,0,157
Manipur,Imphal East,2007,28.6333,77.2833,41,89,0,2,56,81,1,7,140,0,13,6,15,68,0,4,0,1,608
Manipur,Imphal West,2007,28.65,77.1,61,130,0,14,128,43,3,30,456,0,18,40,16,138,0,28,0,11,1238
Manipur,Senapati,2007,24.4637,93.7063,17,15,0,2,16,10,5,0,24,0,6,2,14,5,0,0,0,0,145
Manipur,Tamenglong,2007,24.4787,93.7213,3,4,0,0,4,0,0,0,10,0,2,0,1,1,0,0,0,0,38
Manipur,Thoubal,2007,24.4487,93.6913,39,74,1,12,54,1,1,12,80,0,16,25,8,97,0,17,0,3,544
Manipur,Ukhrul,2007,24.7087,93.9513,4,12,0,0,8,2,1,3,16,0,0,4,3,1,0,0,0,0,74
Meghalaya,Garo Hills East,2007,28.6333,77.2833,9,10,1,8,12,8,0,20,64,0,22,0,6,9,0,3,0,0,168
Meghalaya,Garo Hills South,2007,28.5333,77.2,2,5,0,2,4,2,4,5,24,0,2,1,0,5,0,0,0,0,56
Meghalaya,Garo Hills West,2007,28.65,77.1,13,6,3,8,32,11,6,26,114,0,2,13,1,28,0,12,0,4,267
Meghalaya,Jaintia Hills,2007,25.487,91.3862,43,2,0,52,6,10,7,21,112,0,0,6,5,22,0,6,0,0,314
Meghalaya,Khasi Hills East,2007,28.6333,77.2833,21,19,3,64,44,9,30,108,540,0,3,136,21,56,2,11,0,13,1051
Meghalaya,Khasi Hills West,2007,28.65,77.1,16,4,1,16,4,13,3,14,40,0,2,5,0,0,0,2,0,0,127
Meghalaya,Ri-Bhoi,2007,25.712,91.6112,10,3,0,14,2,3,6,9,106,0,2,3,3,4,0,11,0,2,180
Mizoram,Aizawl,2007,23.3695,93.1426,18,11,3,70,6,0,3,216,928,0,1,42,22,38,0,38,0,2,1355
Mizoram,Champhai,2007,23.1495,92.9226,5,2,0,24,0,0,0,32,130,0,0,8,3,10,0,3,0,0,214
Mizoram,Kolasib,2007,23.3695,93.1426,9,1,0,24,2,0,1,47,166,0,0,3,7,12,0,6,0,0,272
Mizoram,Lawngtlai,2007,23.2295,93.0026,5,2,0,6,0,0,0,20,54,0,0,3,0,10,0,5,0,0,124
Mizoram,Lunglei,2007,23.3295,93.1026,2,1,0,18,0,0,1,78,180,0,0,6,1,4,0,7,0,0,291
Mizoram,Mamit,2007,23.2195,92.9926,1,2,1,2,0,0,0,28,48,0,0,1,3,0,0,3,0,0,85
Mizoram,Saiha,2007,22.9895,92.7626,2,0,0,6,0,0,0,19,58,0,0,0,0,8,0,3,0,0,103
Mizoram,Serchhip,2007,23.3445,93.1176,1,2,0,16,0,0,0,17,52,0,0,3,2,3,0,1,0,0,96
Nagaland,Dimapur,2007,26.3284,94.7324,30,8,0,10,14,2,49,64,418,0,1,15,2,9,0,5,0,0,622
Nagaland,Kiphire,2007,26.1734,94.5774,3,1,0,0,0,0,0,1,4,0,0,1,0,0,0,0,0,0,19
Nagaland,Kohima,2007,26.0484,94.4524,24,14,2,8,8,4,18,17,126,0,0,10,0,6,0,1,0,0,248
Nagaland,Longleng,2007,26.0434,94.4474,1,2,1,0,2,0,0,0,0,0,0,1,0,0,0,0,0,0,13
Nagaland,Mokokchung,2007,26.2884,94.6924,17,3,0,2,6,1,2,10,26,0,3,1,0,5,0,0,0,0,84
Nagaland,Mon,2007,25.9134,94.3174,9,1,2,0,0,0,2,7,20,0,0,4,0,7,0,1,0,0,57
Nagaland,Peren,2007,26.1434,94.5474,3,0,0,0,2,0,1,5,16,0,0,0,1,2,0,0,0,0,30
Nagaland,Phek,2007,26.2334,94.6374,5,5,2,0,0,0,2,5,16,0,2,0,0,6,0,1,0,0,50
Nagaland,Tuensang,2007,26.1484,94.5524,7,4,0,0,2,0,0,4,18,0,6,1,1,2,0,0,0,0,51
Nagaland,Wokha,2007,26.2734,94.6774,8,7,0,6,0,0,1,1,46,0,2,1,1,9,0,0,0,0,82
Nagaland,Zunheboto,2007,26.1234,94.5274,4,5,1,0,0,0,0,4,30,0,1,0,0,6,0,0,0,0,54
Odisha,Angul,2007,21.1617,85.3085,54,71,1,76,74,14,61,111,740,0,141,22,31,86,16,199,0,43,2428
Odisha,Balasore,2007,20.7367,84.8835,36,33,1,110,102,17,40,172,580,0,47,31,23,368,35,113,0,32,2797
Odisha,Baragarh,2007,20.7917,84.9385,41,47,2,36,28,5,33,71,340,0,103,10,20,37,10,63,0,9,1422
Odisha,Berhampur,2007,20.7067,84.8535,16,36,0,8,16,8,27,91,266,0,37,47,10,70,9,98,0,17,1056
Odisha,Bhadrak,2007,21.0067,85.1535,30,20,0,84,42,8,23,59,136,0,37,42,15,25,36,76,0,11,1734
Odisha,Bolangir,2007,20.9017,85.0485,38,61,0,106,52,7,37,71,286,0,102,48,14,88,16,144,0,18,1870
Odisha,Boudh,2007,21.1017,85.2485,10,4,0,18,10,2,4,21,54,0,40,0,8,170,1,59,0,8,485
Odisha,Cuttack,2007,20.8467,84.9935,42,40,0,82,136,19,136,261,1506,0,104,79,23,82,48,47,0,36,3919
Odisha,Deogarh,2007,20.8517,84.9985,26,23,0,26,16,3,16,32,88,0,17,16,4,189,2,79,0,10,655
Odisha,Dhenkanal,2007,21.1317,85.2785,59,53,0,70,52,9,54,61,386,0,109,44,30,82,25,197,0,20,1900
Odisha,Gajapati,2007,20.8317,84.9785,12,6,0,16,20,0,1,28,54,0,24,11,4,23,2,30,0,6,452
Odisha,Ganjam,2007,21.0467,85.1935,66,127,3,68,54,7,40,150,298,0,171,27,30,372,20,232,0,18,2244
Odisha,Jagatsinghpur,2007,20.7617,84.9085,23,4,0,36,26,20,34,69,240,0,39,34,10,127,19,8,0,12,1317
Odisha,Jajpur,2007,21.1767,85.3235,35,17,0,50,64,15,44,103,418,0,112,38,11,562,33,101,0,25,2152
Odisha,Jharsuguda,2007,21.1817,85.3285,21,27,0,22,32,19,28,109,502,0,57,13,5,511,1,67,0,15,1426
Odisha,Kalahandi,2007,20.9067,85.0535,30,15,0,60,46,6,24,59,186,0,67,77,6,180,12,68,0,19,1302
Odisha,Kandhamal,2007,21.0667,85.2135,25,19,0,64,28,0,24,42,80,0,82,9,23,359,4,114,0,32,952
Odisha,Kendrapara,2007,21.0217,85.1685,40,13,0,60,62,14,40,95,186,0,34,15,13,47,41,11,0,27,1465
Odisha,Keonjhar,2007,21.0417,85.1885,81,85,0,82,70,6,54,82,462,0,88,38,24,35,21,211,0,25,1891
Odisha,Khurda,2007,21.1267,85.2735,56,59,4,106,158,25,175,475,2620,0,93,346,23,1585,20,52,0,53,6052
Odisha,Koraput,2007,20.9817,85.1285,42,34,1,82,64,2,21,85,282,0,39,34,8,60,4,126,0,54,1512
Odisha,Malkangir,2007,21.0667,85.2135,30,19,0,24,18,1,7,11,60,0,29,3,3,49,2,20,0,12,380
Odisha,Mayurbhanj,2007,20.9467,85.0935,98,54,0,148,64,11,47,96,580,0,30,48,12,352,16,176,0,68,2434
Odisha,Nayagarh,2007,20.7817,84.9285,31,26,0,42,70,0,16,81,200,0,35,27,8,524,14,13,0,21,1273
Odisha,Nowrangpur,2007,20.7267,84.8735,28,21,2,56,44,3,6,30,84,0,42,7,4,88,1,62,0,17,851
Odisha,Nuapada,2007,21.0017,85.1485,17,13,0,10,28,1,4,30,118,0,20,21,7,65,8,43,0,17,749
Odisha,Puri,2007,21.0967,85.2435,21,32,0,86,34,11,90,174,696,0,79,39,11,169,34,19,0,25,2809
Odisha,Rayagada,2007,20.8267,84.9735,31,22,7,46,28,1,7,45,118,0,39,29,1,2,2,71,0,23,788
Odisha,Rourkela,2007,21.1017,85.2485,23,15,1,30,18,8,31,68,442,0,22,46,2,219,2,60,0,9,1418
Odisha,Sambalpur,2007,21.1217,85.2685,46,30,0,54,30,20,82,169,518,0,80,29,16,337,5,70,0,29,2127
Odisha,Sonepur,2007,20.7717,84.9185,9,19,0,32,24,0,8,24,90,0,27,9,3,142,0,64,0,4,466
Odisha,Srp(Cuttack),2007,20.9017,85.0485,2,0,0,0,4,2,11,5,414,0,0,4,0,29,0,1,0,1,471
Odisha,Srp(Rourkela),2007,20.9967,85.1435,6,0,0,2,4,4,10,9,206,0,3,3,0,1,0,4,0,0,281
Odisha,Sundargarh,2007,20.7717,84.9185,85,60,0,86,84,21,38,84,424,0,34,17,9,443,2,77,0,12,1922
Punjab,Amritsar,2007,31.634,74.8723,43,46,11,42,96,11,21,137,890,0,0,267,2,251,5,20,0,78,2142
Punjab,Amritsar Rural,2007,31.634,74.8723,31,24,2,20,62,1,3,28,140,0,0,83,7,142,1,9,0,17,744
Punjab,Barnala,2007,31.3321,75.5262,12,17,7,14,12,1,1,29,130,0,1,58,1,109,5,8,0,12,637
Punjab,Batala,2007,31.1221,75.3162,25,36,2,30,38,2,0,64,288,0,0,170,0,204,2,18,0,54,1049
Punjab,Bhatinda,2007,30.9171,75.1112,41,54,11,54,68,3,7,201,618,0,0,138,11,285,6,25,0,33,1893
Punjab,Faridkot,2007,30.9071,75.1012,23,29,1,26,34,1,2,108,274,0,0,114,4,197,2,19,0,28,1067
Punjab,Fatehgarh Sahib,2007,31.0171,75.2112,10,15,5,30,94,2,3,124,488,0,0,137,0,191,5,17,0,0,1292
Punjab,Ferozpur,2007,31.2371,75.4312,48,48,7,66,66,2,0,135,398,0,0,145,6,506,5,21,0,44,1868
Punjab,G.R.P,2007,31.3271,75.5212,14,0,2,4,2,3,0,3,68,0,0,6,0,22,2,2,0,0,306
Punjab,Gurdaspur,2007,30.9771,75.1712,19,17,11,60,52,3,2,66,240,0,0,84,1,123,9,15,0,28,1100
Punjab,Hoshiarpur,2007,31.2071,75.4012,43,39,5,54,50,1,2,106,420,0,0,168,8,352,6,18,0,71,1690
Punjab,Jagraon,2007,27.1767,78.0081,10,24,5,30,20,7,0,44,200,0,0,56,0,151,1,8,0,24,874
Punjab,Jalandhar,2007,31.3271,75.5212,63,118,32,108,226,16,11,332,1260,0,0,537,14,615,12,48,0,120,3855
Punjab,Kapurthala,2007,30.9371,75.1312,29,33,4,44,44,7,15,91,420,0,0,199,7,225,7,25,0,42,1480
Punjab,Khanna,2007,31.1671,75.3612,24,21,4,34,36,3,7,61,216,0,0,112,0,160,8,0,0,33,1083
Punjab,Ludhiana,2007,30.901,75.8573,63,76,8,116,240,23,19,273,1328,0,0,310,6,276,9,25,0,107,3409
Punjab,Mansa,2007,30.9521,75.1462,28,31,6,40,16,1,1,47,118,0,0,48,4,189,6,5,0,22,777
Punjab,Moga,2007,31.1921,75.3862,37,34,8,14,44,2,4,70,250,0,0,155,6,260,4,20,0,30,1124
Punjab,Muktsar,2007,31.0321,75.2262,27,32,4,22,44,0,2,64,208,0,0,36,1,169,4,11,0,13,787
Punjab,Nawan Shahr,2007,30.9721,75.1662,21,20,2,26,20,2,15,61,198,0,0,72,0,202,4,15,0,15,824
Punjab,Patiala,2007,31.0121,75.2062,51,55,8,44,50,11,3,158,640,0,0,164,6,370,17,22,0,109,2428
Punjab,Ropar,2007,30.9021,75.0962,10,11,3,14,18,1,5,78,216,0,0,81,4,99,2,11,0,24,898
Punjab,Sangrur,2007,31.1871,75.3812,36,58,9,62,52,7,8,132,420,0,0,115,8,234,5,31,0,51,1678
Punjab,Sas Ngr,2007,31.2471,75.4412,11,21,13,32,66,7,2,139,624,0,0,179,0,125,0,0,0,0,1602
Punjab,Tarn Taran,2007,30.8971,75.0912,41,34,0,52,70,12,5,65,294,0,0,147,0,206,6,34,0,16,1186
Rajasthan,Ajmer,2007,26.4499,74.6399,53,71,1,62,178,3,24,270,1734,0,55,617,13,281,19,105,0,515,6708
Rajasthan,Alwar,2007,26.9488,74.1429,89,62,4,146,218,7,38,178,2482,0,35,746,32,2022,43,141,0,391,8199
Rajasthan,Banswara,2007,27.1438,74.3379,39,13,1,78,92,3,9,64,212,0,95,71,23,811,4,55,0,100,2199
Rajasthan,Baran,2007,27.0538,74.2479,37,98,0,86,56,4,13,92,542,0,8,129,17,381,8,112,0,194,2489
Rajasthan,Barmer,2007,27.2438,74.4379,26,27,1,38,58,0,1,105,356,0,7,200,19,559,9,78,0,103,2664
Rajasthan,Bharatpur,2007,27.0638,74.2579,69,48,5,124,224,43,22,69,1544,0,22,552,50,479,30,41,0,360,6931
Rajasthan,Bhilwara,2007,27.1438,74.3379,34,46,4,96,132,1,47,227,1192,0,24,379,14,113,10,80,0,329,4629
Rajasthan,Bikaner,2007,26.9588,74.1529,39,85,0,64,72,0,8,124,640,0,2,448,5,610,18,76,0,307,4105
Rajasthan,Bundi,2007,27.1988,74.3929,28,55,0,56,114,1,14,98,432,0,24,191,8,608,2,87,0,204,2868
Rajasthan,Chittorgarh,2007,26.8788,74.0729,48,48,3,184,294,6,38,230,1256,0,132,301,46,1758,6,155,0,530,6242
Rajasthan,Churu,2007,27.0738,74.2679,20,29,2,54,54,0,6,106,320,0,8,228,8,579,11,38,0,244,2587
Rajasthan,Dausa,2007,27.0938,74.2879,34,18,1,32,134,0,9,108,1450,0,28,267,27,0,12,39,0,112,4195
Rajasthan,Dholpur,2007,27.0088,74.2029,44,68,0,40,114,12,12,43,806,0,29,115,14,1422,13,22,0,164,3371
Rajasthan,Dungarpur,2007,27.0238,74.2179,23,17,0,20,84,3,10,47,116,0,70,62,16,181,2,58,0,66,1991
Rajasthan,G.R.P.,2007,26.9338,74.1279,4,5,0,0,12,4,2,0,966,0,14,7,1,7,1,12,0,0,1022
Rajasthan,Ganganagar,2007,27.0638,74.2579,61,73,1,132,112,1,18,191,776,0,0,686,6,959,11,64,0,625,5172
Rajasthan,Hanumangarh,2007,27.1788,74.3729,32,137,1,78,48,2,6,91,398,0,0,376,7,265,14,53,0,179,2922
Rajasthan,Jaipur East,2007,28.6333,77.2833,14,31,0,50,130,6,102,358,4590,0,121,462,5,42,7,38,0,159,6527
Rajasthan,Jaipur North,2007,28.7,77.1833,17,27,0,46,152,2,24,159,1660,0,52,430,4,347,11,37,0,168,3789
Rajasthan,Jaipur Rural,2007,26.9124,75.7873,66,25,7,78,170,3,24,246,2194,0,105,848,44,638,25,127,0,204,8929
Rajasthan,Jaipur South,2007,28.5333,77.2,21,18,2,28,130,3,27,304,2586,0,114,721,5,393,7,26,0,157,5179
Rajasthan,Jaisalmer,2007,26.7738,73.9679,5,3,0,8,26,1,2,39,278,0,24,71,5,0,7,9,0,23,972
Rajasthan,Jalore,2007,27.0488,74.2429,21,22,0,14,60,2,3,79,304,0,18,110,29,72,9,62,0,107,2329
Rajasthan,Jhalawar,2007,26.8238,74.0179,43,105,2,108,98,24,20,78,780,0,67,113,26,458,10,113,0,222,2782
Rajasthan,Jhunjhunu,2007,26.8438,74.0379,44,16,1,62,68,0,2,135,620,0,33,310,33,740,18,39,0,204,3956
Rajasthan,Jodhpur City,2007,26.2389,73.0243,16,57,2,32,110,0,16,207,1436,0,20,487,11,614,11,32,0,227,3472
Rajasthan,Jodhpur Rural,2007,26.2389,73.0243,23,30,0,48,38,2,13,102,464,0,17,126,22,1048,15,49,0,70,2699
Rajasthan,Karauli,2007,27.1438,74.3379,37,51,2,56,138,6,26,27,848,0,13,136,36,19,18,35,0,110,3564
Rajasthan,Kota City,2007,25.2138,75.8648,22,154,2,50,168,3,62,137,1794,0,10,384,10,145,10,41,0,261,3661
Rajasthan,Kota Rural,2007,25.2138,75.8648,25,37,2,60,66,2,23,87,418,0,15,109,12,250,5,73,0,173,1768
Rajasthan,Nagaur,2007,27.1488,74.3429,42,46,1,76,98,1,20,200,744,0,6,347,11,127,12,119,0,252,4001
Rajasthan,Pali,2007,26.8388,74.0329,30,36,5,78,142,0,13,220,666,0,26,315,12,33,5,108,0,268,4733
Rajasthan,Rajsamand,2007,26.9338,74.1279,13,16,0,10,86,1,9,91,346,0,41,143,7,662,6,28,0,189,2325
Rajasthan,Sawai Madhopur,2007,26.8038,73.9979,19,21,3,42,96,1,12,81,904,0,16,224,16,9,13,33,0,131,3485
Rajasthan,Sikar,2007,27.2388,74.4329,36,35,2,68,118,2,8,152,706,0,24,373,22,443,19,32,0,183,4047
Rajasthan,Sirohi,2007,27.2038,74.3979,22,21,1,46,74,0,9,68,328,0,27,127,6,438,5,51,0,130,1888
Rajasthan,Tonk,2007,26.9938,74.1879,23,36,1,38,120,0,9,84,542,0,51,212,9,910,3,20,0,212,3497
Rajasthan,Udaipur,2007,24.5854,73.7125,84,85,7,188,270,3,77,267,1260,0,273,496,44,1297,10,189,0,297,7023
Sikkim,East,2007,28.6333,77.2833,2,10,2,16,10,0,4,52,124,0,9,28,1,29,0,3,0,3,328
Sikkim,North,2007,28.7,77.1833,0,0,1,0,0,0,1,3,10,0,0,0,0,5,0,0,0,1,32
Sikkim,South,2007,28.5333,77.2,1,2,0,24,2,0,0,18,58,0,5,6,0,33,0,3,0,2,180
Sikkim,West,2007,28.65,77.1,6,2,0,8,6,0,1,10,44,0,1,0,0,28,0,7,0,1,127
Tamil Nadu,Chennai,2007,13.0827,80.2707,145,247,4,92,166,8,74,654,4234,0,115,433,11,1224,43,108,0,323,16508
Tamil Nadu,Chennai Rly.,2007,13.0827,80.2707,4,5,0,0,6,1,4,4,226,0,17,1,0,28,1,2,0,0,358
Tamil Nadu,Coimbatore Rural,2007,11.0168,76.9558,87,62,1,32,168,7,27,286,2088,0,190,169,17,776,11,121,0,163,14360
Tamil Nadu,Coimbatore Urban,2007,11.0168,76.9558,22,15,0,20,28,1,8,131,1364,0,5,92,4,162,4,12,0,50,3924
Tamil Nadu,Cuddalore,2007,10.9221,78.4519,61,114,0,56,114,4,28,117,980,0,152,32,41,603,3,28,0,50,6909
Tamil Nadu,Dharmapuri,2007,11.3221,78.8519,38,46,4,12,88,6,2,38,248,0,128,39,21,961,4,77,0,45,3488
Tamil Nadu,Dindigul,2007,11.0971,78.6269,40,79,0,24,100,1,10,71,594,0,57,71,15,379,3,28,0,66,4439
Tamil Nadu,Erode,2007,11.3071,78.8369,54,31,0,40,132,5,10,133,1206,0,64,90,30,613,5,64,0,99,7380
Tamil Nadu,Kanchipuram,2007,10.9271,78.4569,57,97,0,50,36,4,16,157,736,0,80,32,23,390,13,27,0,10,7236
Tamil Nadu,Kanyakumari,2007,11.0221,78.5519,27,51,1,22,44,3,6,116,584,0,0,100,18,500,7,11,0,70,4206
Tamil Nadu,Karur,2007,11.1021,78.6319,18,17,0,6,28,2,14,37,336,0,29,16,2,171,0,16,0,17,2642
Tamil Nadu,Krishnagiri,2007,16.1809,81.1303,72,44,0,22,76,15,21,40,582,0,163,57,17,617,3,43,0,16,4562
Tamil Nadu,Madurai Rural,2007,9.9252,78.1198,55,52,0,18,72,10,10,77,504,0,133,116,14,521,11,54,0,97,4734
Tamil Nadu,Madurai Urban,2007,9.9252,78.1198,27,25,0,8,46,3,5,68,668,0,7,163,3,119,10,11,0,76,2325
Tamil Nadu,Nagapattinam,2007,10.9171,78.4469,39,65,0,28,56,2,4,56,410,0,40,54,28,469,4,53,0,22,4404
Tamil Nadu,Namakkal,2007,11.3721,78.9019,26,19,0,24,62,4,7,46,460,0,55,33,11,394,3,33,0,27,3849
Tamil Nadu,Nilgiris,2007,10.8821,78.4119,13,8,0,12,10,2,2,62,208,0,15,12,0,182,1,13,0,8,1365
Tamil Nadu,Perambalur,2007,11.1921,78.7219,32,35,1,52,44,1,5,53,344,0,47,20,17,301,3,65,0,31,2896
Tamil Nadu,Pudukottai,2007,11.3371,78.8669,34,29,3,28,50,0,9,59,514,0,41,26,13,273,6,55,0,36,3450
Tamil Nadu,Ramnathapuram,2007,11.2321,78.7619,37,55,0,16,50,0,6,61,374,0,49,59,13,387,3,29,0,7,3027
Tamil Nadu,Salem Rural,2007,11.6643,78.146,67,54,2,50,142,10,21,55,404,0,191,25,40,1255,6,125,0,69,5208
Tamil Nadu,Salem Urban,2007,11.6643,78.146,16,30,0,20,56,0,5,41,372,0,28,50,3,237,2,14,0,42,1520
Tamil Nadu,Sivagangai,2007,11.3421,78.8719,43,50,0,6,80,0,9,71,454,0,39,70,18,315,3,4,0,63,2897
Tamil Nadu,Thanjavur,2007,11.0871,78.6169,68,66,0,10,100,12,18,133,1176,0,71,35,35,766,9,96,0,46,6504
Tamil Nadu,Theni,2007,10.9271,78.4569,29,62,1,8,44,1,9,105,482,0,77,74,26,481,3,42,0,44,3712
Tamil Nadu,Thirunelveli Rural,2007,10.9821,78.5119,80,262,1,70,112,1,46,170,832,0,2,87,75,871,5,96,0,105,7610
Tamil Nadu,Thirunelveli Urban,2007,11.2971,78.8269,16,47,1,12,20,2,10,34,392,0,6,37,6,87,1,8,0,7,1398
Tamil Nadu,Thiruvallur,2007,10.9921,78.5219,23,35,0,14,28,2,2,41,322,0,37,21,18,382,3,88,0,16,3056
Tamil Nadu,Thiruvannamalai,2007,11.3571,78.8869,45,26,1,28,50,1,2,67,390,0,73,49,23,562,4,25,0,15,4663
Tamil Nadu,Thiruvarur,2007,11.3171,78.8469,39,44,1,18,60,5,13,121,350,0,81,33,10,534,10,23,0,25,4300
Tamil Nadu,Thoothugudi,2007,10.9971,78.5269,62,100,0,38,66,0,11,156,822,0,4,116,16,437,2,5,0,61,4663
Tamil Nadu,Trichy Rly.,2007,11.1121,78.6419,0,0,0,0,0,0,0,0,62,0,2,1,0,10,0,1,0,0,92
Tamil Nadu,Trichy Rural,2007,11.3421,78.8719,49,19,0,24,46,0,10,57,368,0,16,20,8,194,4,19,0,31,3566
Tamil Nadu,Trichy Urban,2007,10.9771,78.5069,21,22,0,4,34,1,18,68,1032,0,4,80,1,79,2,7,0,33,3218
Tamil Nadu,Vellore,2007,11.2471,78.7769,66,36,2,50,110,0,11,165,836,0,4,52,13,647,8,26,0,75,7343
Tamil Nadu,Villupuram,2007,11.2421,78.7719,70,76,5,116,128,6,24,89,738,0,282,49,35,664,5,72,0,83,6919
Tamil Nadu,Virudhunagar,2007,11.1371,78.6669,51,53,0,16,88,1,18,78,742,0,71,96,28,376,3,39,0,48,4023
Tripura,Dhalai,2007,24.0858,92.1332,18,3,1,26,54,1,8,20,58,0,18,6,2,44,4,19,0,28,358
Tripura,North,2007,28.7,77.1833,21,6,0,52,42,1,6,35,144,0,21,14,7,113,0,27,0,100,706
Tripura,South,2007,28.5333,77.2,34,35,0,82,42,0,27,53,250,0,33,37,5,138,10,106,0,172,1267
Tripura,West,2007,28.65,77.1,65,14,1,154,88,14,23,85,370,0,70,28,9,251,22,92,0,245,1942
Uttar Pradesh,Agra,2007,27.1767,78.0081,123,141,55,60,418,11,57,213,2966,0,218,324,4,409,78,82,0,380,6135
Uttar Pradesh,Aligarh,2007,27.8974,78.088,166,154,33,100,294,19,67,105,1360,0,164,197,20,324,70,74,0,237,3751
Uttar Pradesh,Allahabad,2007,25.4358,81.8463,143,85,43,52,200,4,47,217,1212,0,106,209,6,357,63,40,0,207,4417
Uttar Pradesh,Ambedkar Nagar,2007,26.8067,80.9062,26,20,12,30,66,1,19,39,252,0,26,53,0,169,8,10,0,139,1027
Uttar Pradesh,Auraiya,2007,27.0267,81.1262,37,34,7,18,68,5,22,29,162,0,47,30,8,142,34,17,0,29,1069
Uttar Pradesh,Azamgarh,2007,26.8117,80.9112,54,23,31,22,68,5,22,53,238,0,29,46,0,201,29,15,0,55,1308
Uttar Pradesh,Badaun,2007,26.9517,81.0512,88,110,58,22,106,4,17,26,316,0,15,41,14,176,31,29,0,25,1831
Uttar Pradesh,Baghpat,2007,26.9667,81.0662,81,57,8,34,70,3,26,26,314,0,40,46,2,131,22,10,0,60,1114
Uttar Pradesh,Bahraich,2007,26.9717,81.0712,43,30,29,68,106,18,26,54,260,0,31,70,6,151,28,20,0,37,1313
Uttar Pradesh,Ballia,2007,26.6167,80.7162,32,31,14,20,52,3,6,49,210,0,38,44,1,99,13,10,0,11,816
Uttar Pradesh,Balrampur,2007,26.6017,80.7012,20,13,8,20,34,4,2,25,116,0,13,25,1,41,10,12,0,38,505
Uttar Pradesh,Banda,2007,26.8967,80.9962,49,22,12,30,36,0,10,50,158,0,28,42,11,81,16,49,0,14,978
Uttar Pradesh,Barabanki,2007,26.9967,81.0962,62,44,13,50,140,13,24,75,322,0,39,35,0,205,35,28,0,106,1931
Uttar Pradesh,Bareilly,2007,28.367,79.4304,138,171,37,124,252,5,62,104,1028,0,97,232,0,194,54,97,0,235,4834
Uttar Pradesh,Basti,2007,27.0667,81.1662,24,20,19,20,44,0,11,29,194,0,34,97,0,142,13,8,0,51,1130
Uttar Pradesh,Bijnor,2007,26.6417,80.7412,99,51,25,54,136,7,35,36,356,0,70,152,0,340,26,33,0,188,2070
Uttar Pradesh,Bulandshahar,2007,26.9167,81.0162,146,160,24,88,240,1,33,63,800,0,105,209,2,417,36,75,0,227,4005
Uttar Pradesh,Chandoli,2007,26.8267,80.9262,17,20,6,12,24,2,5,43,102,0,7,89,1,137,22,8,0,63,955
Uttar Pradesh,Chitrakoot Dham,2007,26.8017,80.9012,23,14,10,46,16,3,1,27,78,0,5,14,0,9,7,14,0,13,440
Uttar Pradesh,Deoria,2007,26.9517,81.0512,31,17,26,4,42,1,5,40,166,0,40,43,0,111,25,8,0,25,1001
Uttar Pradesh,Etah,2007,26.7317,80.8312,141,194,28,78,214,1,27,81,594,0,116,118,17,228,56,48,0,77,2723
Uttar Pradesh,Etawah,2007,26.7267,80.8262,66,69,7,28,168,2,32,52,440,0,16,73,5,153,28,31,0,115,2208
Uttar Pradesh,Faizabad,2007,26.9717,81.0712,52,29,18,46,92,4,12,67,436,0,33,74,0,171,17,23,0,54,1463
Uttar Pradesh,Fatehgarh,2007,26.8217,80.9212,64,90,11,42,142,4,27,38,206,0,32,47,1,65,24,32,0,79,1388
Uttar Pradesh,Fatehpur,2007,26.9917,81.0912,66,30,22,44,90,6,18,44,160,0,13,74,1,157,33,29,0,61,1419
Uttar Pradesh,Firozabad,2007,26.9417,81.0412,123,143,15,56,218,33,74,85,636,0,152,80,7,233,56,58,0,155,2652
Uttar Pradesh,G.R.P.,2007,26.7567,80.8562,20,20,4,4,16,12,27,0,2558,0,23,31,0,16,2,12,0,0,2727
Uttar Pradesh,Gautambudh Nagar,2007,26.7517,80.8512,75,71,16,34,166,4,47,138,2698,0,83,230,0,17,14,41,0,73,3563
Uttar Pradesh,Ghaziabad,2007,28.6692,77.4538,150,135,46,66,316,6,45,117,2062,0,69,333,7,60,37,30,0,204,4320
Uttar Pradesh,Ghazipur,2007,27.0167,81.1162,40,39,18,20,28,7,23,45,212,0,120,55,6,151,22,11,0,68,1102
Uttar Pradesh,Gonda,2007,27.0567,81.1562,46,46,22,26,94,7,23,73,312,0,37,79,3,7,35,18,0,10,1233
Uttar Pradesh,Gorakhpur,2007,26.8417,80.9412,75,58,37,38,116,0,15,90,696,0,78,88,1,255,23,22,0,83,2076
Uttar Pradesh,Hamirpur,2007,26.6617,80.7612,22,7,21,16,24,0,1,9,26,0,3,23,0,25,9,16,0,5,435
Uttar Pradesh,Hardoi,2007,26.8567,80.9562,86,54,22,66,94,1,17,35,326,0,22,70,3,262,42,45,0,57,1806
Uttar Pradesh,Hathras,2007,26.7517,80.8512,56,54,18,32,142,33,57,51,394,0,88,89,0,145,17,48,0,179,1879
Uttar Pradesh,J.P.Nagar,2007,26.6467,80.7462,66,50,13,56,68,2,16,39,334,0,95,91,0,25,12,34,0,85,1244
Uttar Pradesh,Jalaun,2007,26.7467,80.8462,48,17,9,16,54,5,13,24,164,0,14,45,5,3,32,42,0,43,1164
Uttar Pradesh,Jaunpur,2007,26.5967,80.6962,44,62,26,48,94,6,41,62,338,0,84,151,3,360,47,28,0,71,2198
Uttar Pradesh,Jhansi,2007,26.7467,80.8462,66,30,22,20,50,1,23,41,356,0,14,78,7,44,28,38,0,20,1183
Uttar Pradesh,Kannauj,2007,26.7917,80.8912,54,40,20,12,64,1,16,17,156,0,17,44,4,26,13,32,0,108,1084
Uttar Pradesh,Kanpur Dehat,2007,27.0617,81.1612,41,43,18,26,124,4,15,36,228,0,103,89,2,267,37,51,0,114,1820
Uttar Pradesh,Kanpur Nagar,2007,26.4499,80.3319,148,132,46,92,582,47,114,264,2408,0,273,582,18,548,59,102,0,673,8008
Uttar Pradesh,Kaushambi,2007,26.9367,81.0362,51,23,23,60,96,3,26,62,138,0,35,33,2,103,35,27,0,72,1156
Uttar Pradesh,Khiri,2007,27.0867,81.1862,93,66,48,94,150,8,21,67,552,0,42,104,4,293,57,48,0,67,2308
Uttar Pradesh,Kushi Nagar,2007,26.6667,80.7662,20,20,29,18,58,0,7,34,144,0,51,69,3,145,18,17,0,40,1127
Uttar Pradesh,Lalitpur,2007,27.0217,81.1212,22,4,13,20,26,4,2,23,88,0,29,13,0,165,14,16,0,28,583
Uttar Pradesh,Lucknow,2007,26.8467,80.9462,159,118,55,164,520,38,221,613,5284,0,299,779,3,58,57,98,0,513,10017
Uttar Pradesh,Maharajganj,2007,26.9817,81.0812,25,11,14,46,50,2,11,27,104,0,33,81,0,79,18,18,0,74,1111
Uttar Pradesh,Mahoba,2007,26.7517,80.8512,30,13,20,20,22,0,8,18,110,0,12,17,4,23,12,21,0,13,496
Uttar Pradesh,Mainpuri,2007,26.7667,80.8662,108,137,24,22,144,58,65,54,502,0,72,101,1,186,48,32,0,54,2232
Uttar Pradesh,Mathura,2007,26.7617,80.8612,83,115,14,72,148,10,44,87,1220,0,141,370,11,181,26,62,0,250,3965
Uttar Pradesh,Mau,2007,27.0717,81.1712,32,38,12,16,74,0,14,62,186,0,78,72,11,85,14,21,0,35,911
Uttar Pradesh,Meerut,2007,28.9845,77.7064,195,189,21,78,300,8,86,167,1708,0,148,330,6,153,38,63,0,405,4410
Uttar Pradesh,Mirzapur,2007,26.6967,80.7962,40,17,16,20,16,0,9,38,196,0,7,52,0,92,28,13,0,43,795
Uttar Pradesh,Moradabad,2007,27.0267,81.1262,130,138,59,116,258,4,44,112,1194,0,95,206,2,80,34,83,0,212,4304
Uttar Pradesh,Muzaffarnagar,2007,26.9667,81.0662,213,170,26,74,308,14,75,89,1064,0,142,191,0,12,34,56,0,277,3720
Uttar Pradesh,Pilibhit,2007,26.6317,80.7312,38,20,17,46,94,0,4,18,166,0,10,120,1,1,18,38,0,38,1651
Uttar Pradesh,Pratapgarh,2007,26.9317,81.0312,58,44,21,32,106,3,19,84,360,0,91,59,17,200,27,32,0,107,1684
Uttar Pradesh,Raibareilly,2007,28.367,79.4304,57,46,26,62,94,5,14,63,350,0,55,97,0,212,31,53,0,142,1826
Uttar Pradesh,Rampur,2007,26.9317,81.0312,57,71,19,80,122,6,47,37,548,0,52,169,4,9,18,50,0,10,2138
Uttar Pradesh,Saharanpur,2007,26.9567,81.0562,81,105,24,28,82,20,22,64,778,0,80,227,0,32,16,36,0,194,2960
Uttar Pradesh,Sant Kabirnagar,2007,27.0467,81.1462,21,10,8,18,40,0,12,15,72,0,16,28,2,81,7,13,0,34,503
Uttar Pradesh,Shahjahanpur,2007,27.0667,81.1662,126,125,35,104,204,19,48,84,488,0,59,129,11,189,56,84,0,13,2691
Uttar Pradesh,Shrawasti,2007,26.7067,80.8062,19,11,9,20,36,3,5,29,110,0,11,16,0,59,4,12,0,24,393
Uttar Pradesh,Sidharthnagar,2007,26.8717,80.9712,12,4,11,10,50,0,7,38,156,0,13,61,0,49,9,13,0,45,771
Uttar Pradesh,Sitapur,2007,26.7667,80.8662,112,81,39,134,204,8,43,87,932,0,57,92,15,273,61,69,0,119,2881
Uttar Pradesh,Sonbhadra,2007,27.0867,81.1862,35,16,14,32,24,1,8,27,132,0,13,50,3,129,11,21,0,23,744
Uttar Pradesh,St.Ravidasnagar,2007,26.7517,80.8512,13,19,8,2,26,1,14,21,140,0,12,24,0,59,14,9,0,29,478
Uttar Pradesh,Sultanpur,2007,26.6517,80.7512,59,61,24,68,100,1,37,103,396,0,41,59,0,268,21,30,0,57,1594
Uttar Pradesh,Unnao,2007,27.0117,81.1112,94,61,37,60,136,6,32,41,330,0,45,51,0,155,52,37,0,61,1560
Uttar Pradesh,Varanasi,2007,25.3176,82.9739,66,61,21,40,100,2,44,182,1834,0,119,257,2,269,35,20,0,197,3784
Uttarakhand,Almora,2007,30.2868,79.2393,19,9,2,12,0,2,10,35,84,0,11,6,4,25,5,4,0,11,299
Uttarakhand,Bageshwar,2007,30.0068,78.9593,10,1,0,6,0,0,2,8,16,0,5,5,0,3,2,6,0,4,109
Uttarakhand,Chamoli,2007,30.1168,79.0693,15,9,0,20,14,0,1,28,52,0,19,8,3,21,2,5,0,5,221
Uttarakhand,Champawat,2007,30.0868,79.0393,5,0,2,4,4,0,3,7,26,0,3,2,2,13,0,1,0,2,84
Uttarakhand,Dehradun,2007,30.0068,78.9593,37,50,6,58,120,9,25,148,792,0,98,237,2,250,3,45,0,126,2205
Uttarakhand,Haridwar,2007,29.9968,78.9493,55,59,13,56,144,22,70,102,944,0,99,259,9,352,16,31,0,170,2534
Uttarakhand,Nainital,2007,30.2268,79.1793,26,19,6,12,50,7,13,38,352,0,28,34,0,39,12,4,0,17,883
Uttarakhand,Pauri Garhwal,2007,30.0418,78.9943,19,7,1,14,22,0,3,27,98,0,12,10,4,75,7,4,0,24,419
Uttarakhand,Pithoragarh,2007,29.9918,78.9443,9,2,4,18,18,1,8,33,66,0,11,7,4,40,3,11,0,11,341
Uttarakhand,Rudra Prayag,2007,30.2318,79.1843,6,6,2,2,10,0,3,17,40,0,8,6,0,9,5,6,0,6,134
Uttarakhand,Tehri Garhwal,2007,29.8518,78.8043,11,7,5,4,8,0,9,14,74,0,18,17,1,12,3,2,0,7,248
Uttarakhand,Udhamsingh Nagar,2007,29.8868,78.8393,54,56,8,24,98,11,23,74,584,0,133,99,0,42,9,21,0,67,1903
Uttarakhand,Uttarkashi,2007,29.9568,78.9093,2,3,1,4,18,0,3,17,58,0,14,7,8,5,3,6,0,13,219
West Bengal,24 Parganas North,2007,28.7,77.1833,194,6,46,462,472,251,18,14,2366,0,545,210,10,281,53,187,0,1696,9201
West Bengal,24 Parganas South,2007,28.5333,77.2,158,123,48,410,482,337,39,20,2880,0,325,123,7,218,67,205,0,1398,8856
West Bengal,Asansol,2007,23.0618,87.93,26,2,8,30,36,66,9,1,290,0,18,57,1,109,11,20,0,242,1491
West Bengal,Bankura,2007,23.1418,88.01,49,32,6,88,28,26,20,7,314,0,87,21,7,166,24,43,0,147,1329
West Bengal,Birbhum,2007,22.9968,87.865,66,15,21,106,62,41,14,13,526,0,199,34,14,203,9,44,0,195,1868
West Bengal,Burdwan,2007,23.2324,87.8615,122,14,30,138,108,37,28,18,1034,0,212,103,4,179,31,135,0,489,4384
West Bengal,Coochbehar,2007,23.0968,87.965,34,10,7,278,136,3,8,15,320,0,50,25,1,105,6,122,0,320,2051
West Bengal,Dakshin Dinajpur,2007,23.1118,87.98,34,78,7,92,94,6,4,5,184,0,30,10,3,89,10,93,0,199,1284
West Bengal,Darjeeling,2007,22.8568,87.725,31,2,19,96,72,37,7,10,946,0,28,16,4,638,2,37,0,84,1887
West Bengal,Hooghly,2007,22.7518,87.62,90,97,32,114,92,85,24,39,1262,0,281,21,11,305,16,48,0,549,3632
West Bengal,Howrah,2007,22.5958,88.2636,69,16,10,90,166,65,17,8,1270,0,180,152,7,463,33,87,0,422,4073
West Bengal,Howrah G.R.P.,2007,22.5958,88.2636,9,4,1,2,6,8,5,0,802,0,3,4,1,7,0,4,0,0,851
West Bengal,Jalpaiguri,2007,23.0118,87.88,122,56,40,470,404,15,35,55,3076,0,69,46,5,490,14,211,0,632,6654
West Bengal,Kharagpur G.R.P.,2007,22.7668,87.635,3,0,0,0,4,3,0,0,254,0,2,0,0,0,0,2,0,0,266
West Bengal,Kolkata,2007,22.5726,88.3639,36,71,12,88,228,65,74,114,5848,0,220,1126,0,1241,8,189,0,296,10901
West Bengal,Malda,2007,23.2168,88.085,88,63,23,206,146,23,15,12,546,0,35,24,0,306,11,103,0,266,2175
West Bengal,Murshidabad,2007,23.1218,87.99,132,61,30,738,280,62,17,10,1310,0,212,91,11,720,32,250,0,945,5243
West Bengal,Nadia,2007,22.7418,87.61,99,69,9,366,350,62,14,7,1726,0,193,214,9,988,42,249,0,861,5623
West Bengal,Paschim Midnapur,2007,22.8668,87.735,105,39,14,120,122,54,31,19,656,0,204,53,9,131,31,83,0,407,2933
West Bengal,Purab Midnapur,2007,22.7768,87.645,76,41,12,82,150,8,10,19,484,0,741,29,3,12,24,36,0,373,3099
West Bengal,Purulia,2007,23.0368,87.905,46,0,6,76,28,14,12,3,368,0,58,24,1,1,14,70,0,196,1385
West Bengal,Sealdah G.R.P.,2007,23.1718,88.04,6,7,0,6,8,11,5,0,328,0,8,7,0,19,1,4,0,0,405
West Bengal,Siliguri G.R.P.,2007,26.7271,88.3953,4,1,0,2,2,2,0,0,114,0,2,0,0,0,0,1,0,0,127
West Bengal,Uttar Dinajpur,2007,22.8868,87.755,53,70,13,152,124,15,21,10,590,0,25,16,13,238,12,58,0,183,2019
Andaman & Nicobar Islands,A And N Islands,2007,11.7251,92.6436,15,19,1,6,24,5,9,90,224,0,17,23,11,99,1,21,0,18,807
Chandigarh,Chandigarh,2007,30.7333,76.7794,19,26,8,44,104,2,37,191,3480,0,79,170,9,78,1,32,0,112,4239
Dadra & Nagar Haveli,D And N Haveli,2007,20.0959,72.9319,10,2,0,14,18,1,3,28,174,0,39,10,10,25,0,0,0,3,425
Daman & Diu,Daman,2007,20.1933,72.6047,12,6,0,2,0,4,1,41,74,0,26,6,2,14,1,0,0,1,210
Daman & Diu,Diu,2007,20.6133,73.0247,0,1,0,0,2,0,1,5,12,0,5,0,1,6,0,0,0,2,50
Delhi,Central,2007,28.65,77.2167,27,29,6,44,140,8,28,63,2138,0,4,149,1,136,6,38,0,91,3248
Delhi,East,2007,28.6333,77.2833,34,61,8,146,290,34,102,196,4478,0,17,201,3,218,16,112,0,202,6016
Delhi,Grp(Rly),2007,20.5937,78.9629,3,0,0,8,24,8,2,1,1590,0,0,13,0,10,0,4,0,0,1659
Delhi,Igi Airport,2007,20.5937,78.9629,1,0,0,0,6,0,6,1,288,0,1,411,0,0,0,8,0,1,714
Delhi,New Delhi,2007,28.6139,77.209,4,7,1,14,24,1,23,53,1396,0,7,284,3,28,0,23,0,14,2195
Delhi,North,2007,28.7,77.1833,22,41,9,66,128,16,33,84,1494,0,7,182,3,133,6,43,0,89,3352
Delhi,North-East,2007,28.7,77.1833,66,74,9,178,482,13,55,206,2574,0,2,91,0,247,17,120,0,249,5121
Delhi,North-West,2007,28.7,77.1833,57,52,11,102,416,26,63,272,3682,0,6,199,1,141,7,64,0,151,5189
Delhi,Outer,2007,20.5937,78.9629,102,96,17,242,720,17,85,231,2432,0,12,98,4,226,29,100,0,208,5690
Delhi,South,2007,28.5333,77.2,68,84,11,166,512,112,75,412,6358,0,19,348,5,193,22,169,0,275,10414
Delhi,South-West,2007,28.5333,77.2,51,43,8,102,296,15,47,304,3604,0,9,154,8,147,19,85,0,222,6821
Delhi,Stf,2007,20.5937,78.9629,0,6,0,0,0,2,0,0,0,0,0,7,1,0,0,0,0,0,40
Delhi,West,2007,28.65,77.1,60,37,14,128,338,11,38,232,4040,0,3,199,2,257,16,102,0,285,6391
Lakshadweep,Lakshadweep,2007,10.6667,72.7417,0,2,0,2,0,0,0,2,40,0,1,0,0,0,0,2,0,2,56
Puducherry,Karaikal,2007,11.8266,79.6933,4,9,0,6,10,0,0,15,174,0,29,6,7,179,0,33,0,1,766
Puducherry,Pondicherry,2007,11.7766,79.6433,30,33,2,12,30,3,8,71,1400,0,116,39,11,725,2,56,0,16,4288
Andhra Pradesh,Adilabad,2008,15.9979,79.825,73,82,14,100,82,3,20,248,854,0,100,135,45,1289,5,174,0,355,5300
Andhra Pradesh,Anantapur,2008,14.6819,77.6006,154,80,4,74,180,10,20,222,992,0,51,108,0,1050,12,133,0,0,5734
Andhra Pradesh,Chittoor,2008,13.2172,79.1003,123,65,7,60,168,6,20,260,2642,0,64,295,33,1017,26,104,0,288,7307
Andhra Pradesh,Cuddapah,2008,14.4673,78.8242,114,94,5,54,152,2,12,149,1074,0,143,248,11,1149,11,212,0,267,6605
Andhra Pradesh,Cyberabad,2008,15.7929,79.62,197,66,3,160,282,7,81,1319,6162,0,74,1183,42,3321,59,130,0,884,14173
Andhra Pradesh,East Godavari,2008,16.9891,82.2475,82,112,1,96,182,0,19,425,2378,0,48,328,47,3172,23,194,0,563,8435
Andhra Pradesh,Guntakal Rly.,2008,15.6979,79.525,7,0,0,0,0,0,1,0,244,0,0,4,0,7,0,3,0,2,263
Andhra Pradesh,Guntur,2008,16.3067,80.4365,159,196,3,96,166,8,25,336,2466,0,64,393,74,1615,26,306,0,496,8911
Andhra Pradesh,Hyderabad City,2008,17.385,78.4867,122,126,5,124,280,10,115,1143,10400,0,143,1875,44,4244,41,231,0,1184,18626
Andhra Pradesh,Karimnagar,2008,15.7029,79.53,134,114,12,168,318,2,15,294,1394,0,153,525,56,2937,48,310,0,596,8337
Andhra Pradesh,Khammam,2008,15.9129,79.74,123,47,5,140,206,8,9,251,1120,0,97,150,28,1089,26,213,0,329,5834
Andhra Pradesh,Krishna,2008,16.1809,81.1303,53,63,4,76,138,0,11,166,1174,0,13,114,38,2434,12,254,0,379,5528
Andhra Pradesh,Kurnool,2008,15.8281,78.0373,116,143,5,94,178,14,28,252,1060,0,158,282,9,2972,17,419,0,227,7835
Andhra Pradesh,Mahaboobnagar,2008,15.6679,79.495,188,66,30,144,208,9,36,256,1846,0,65,173,56,2306,35,162,0,231,6661
Andhra Pradesh,Medak,2008,16.1279,79.955,140,57,10,100,124,7,20,297,1282,0,57,241,37,2190,35,114,0,332,5989
Andhra Pradesh,Nalgonda,2008,16.0579,79.885,121,76,3,180,182,7,31,279,1102,0,135,218,77,1762,32,243,0,353,8026
Andhra Pradesh,Nellore,2008,14.4426,79.9865,70,73,6,78,166,5,23,266,1470,0,43,121,52,2408,6,184,0,333,6118
Andhra Pradesh,Nizamabad,2008,15.6979,79.525,153,61,17,62,102,7,31,338,1372,0,67,241,47,1969,16,70,0,305,5709
Andhra Pradesh,Prakasham,2008,15.5057,80.0499,75,59,4,60,132,5,12,173,826,0,28,216,124,1222,5,192,0,229,5453
Andhra Pradesh,Ranga Reddy,2008,15.9379,79.765,91,35,8,74,46,2,8,142,368,0,19,65,30,855,19,39,0,120,2419
Andhra Pradesh,Secunderabad Rly.,2008,15.7279,79.555,10,0,0,4,0,0,2,0,742,0,0,4,0,17,0,1,0,0,779
Andhra Pradesh,Srikakulam,2008,15.9979,79.825,25,0,2,64,36,2,4,147,438,0,8,59,26,1632,6,92,0,314,3908
Andhra Pradesh,Vijayawada City,2008,16.0329,79.86,34,58,1,60,98,1,24,189,2352,0,8,326,23,1482,9,104,0,395,5127
Andhra Pradesh,Vijayawada Rly.,2008,16.0229,79.85,1,1,0,0,2,0,3,1,612,0,1,3,0,12,0,1,0,0,636
Andhra Pradesh,Visakha Rural,2008,16.0429,79.87,65,40,4,24,24,0,3,103,306,0,159,61,20,1509,10,79,0,168,3107
Andhra Pradesh,Visakhapatnam,2008,17.6868,83.2185,32,36,1,58,68,3,28,263,2090,0,14,267,10,412,13,87,0,488,5015
Andhra Pradesh,Vizianagaram,2008,18.1067,83.3956,29,21,3,12,32,0,1,147,412,0,12,99,21,478,3,88,0,253,3142
Andhra Pradesh,Warangal,2008,16.0379,79.865,121,73,5,118,164,1,3,263,910,0,173,304,44,1562,36,223,0,519,6758
Andhra Pradesh,West Godavari,2008,16.7107,81.0952,78,98,3,234,224,2,18,403,2636,0,33,355,27,2055,25,368,0,696,8213
Arunachal Pradesh,Changlang,2008,28.178,94.6878,6,4,0,4,8,0,7,19,98,0,0,1,3,39,0,5,0,0,199
Arunachal Pradesh,Dibang Valley,2008,27.973,94.4828,1,2,0,6,12,1,1,10,72,0,0,2,2,28,0,9,0,2,137
Arunachal Pradesh,K/Kumey,2008,28.318,94.8278,3,4,0,4,6,0,1,5,8,0,2,1,0,21,0,2,0,1,97
Arunachal Pradesh,Kameng East,2008,28.6333,77.2833,4,0,0,10,12,2,4,15,26,0,1,0,0,49,0,0,0,0,144
Arunachal Pradesh,Kameng West,2008,28.65,77.1,1,0,0,0,6,3,0,8,40,0,2,1,0,18,0,4,0,0,97
Arunachal Pradesh,Lohit,2008,28.248,94.7578,11,1,0,6,2,0,6,13,86,0,1,0,0,19,0,1,0,0,159
Arunachal Pradesh,Papum Pare,2008,28.193,94.7028,11,6,1,14,36,5,33,62,222,0,2,10,3,81,0,12,0,3,541
Arunachal Pradesh,Siang East,2008,28.6333,77.2833,9,2,1,10,16,2,7,29,80,0,0,4,0,27,0,6,0,1,186
Arunachal Pradesh,Siang Upper,2008,28.393,94.9028,1,3,0,0,2,0,2,7,24,0,0,1,0,10,0,1,0,0,55
Arunachal Pradesh,Siang West,2008,28.65,77.1,6,5,0,26,20,0,1,24,102,0,1,2,2,65,0,6,0,5,276
Arunachal Pradesh,Subansiri Lower,2008,28.008,94.5178,4,1,0,0,8,0,6,12,32,0,1,2,0,39,0,10,0,0,135
Arunachal Pradesh,Subansiri Upper,2008,28.273,94.7828,4,6,0,4,4,0,4,5,26,0,7,4,0,55,0,6,0,1,162
Arunachal Pradesh,Tawang,2008,28.023,94.5328,2,0,0,0,0,0,1,3,20,0,0,0,0,11,0,5,0,0,42
Arunachal Pradesh,Tirap,2008,28.038,94.5478,7,3,0,0,26,1,6,30,48,0,1,0,0,14,0,5,0,0,141
Arunachal Pradesh,Upper Dibang Valley,2008,28.313,94.8228,2,0,0,0,0,0,0,3,6,0,0,0,0,3,0,0,0,0,14
Assam,Barpeta,2008,26.1156,92.8526,54,20,0,194,256,14,16,127,418,0,277,11,3,253,14,34,0,240,2539
Assam,Baska,2008,26.3056,93.0426,67,19,0,46,70,3,7,10,70,0,3,4,3,77,4,16,0,13,465
Assam,Bongaigaon,2008,26.1806,92.9176,15,10,0,102,120,8,7,104,276,0,83,36,4,94,5,13,0,106,1219
Assam,C.I.D.,2008,26.2506,92.9876,0,0,0,0,0,0,0,0,2,0,0,10,0,0,0,0,0,0,24
Assam,Cachar,2008,26.0356,92.7726,56,6,0,144,256,44,23,262,1280,0,245,64,49,71,13,19,0,216,4869
Assam,Chirang,2008,26.4106,93.1476,24,0,0,50,66,2,4,27,114,0,5,7,3,42,0,15,0,38,467
Assam,Darrang,2008,26.1256,92.8626,38,5,0,114,118,6,16,91,272,0,61,31,27,347,2,162,0,119,1493
Assam,Dhemaji,2008,26.1956,92.9326,21,30,5,176,132,2,23,30,304,0,22,35,14,345,0,40,0,165,1326
Assam,Dhubri,2008,26.3056,93.0426,44,20,3,232,278,17,15,125,480,0,304,79,20,598,4,88,0,393,3242
Assam,Dibrugarh,2008,26.2906,93.0276,99,21,0,92,178,4,31,85,1174,0,21,34,0,440,4,60,0,100,2343
Assam,G.R.P.,2008,26.1106,92.8476,6,0,0,10,16,4,6,7,310,0,1,2,0,7,0,2,0,0,369
Assam,Goalpara,2008,26.2456,92.9826,36,5,0,132,152,14,9,74,262,0,147,30,19,115,4,32,0,117,1319
Assam,Golaghat,2008,26.0206,92.7576,65,15,1,84,122,15,25,89,494,0,54,32,29,258,0,46,0,86,1476
Assam,Guwahati City,2008,26.3806,93.1176,50,18,16,118,334,62,77,564,2258,0,74,147,15,345,5,169,0,216,7163
Assam,Hailakandi,2008,26.0156,92.7526,27,0,0,78,122,18,5,72,244,0,343,22,14,28,3,8,0,62,1171
Assam,Jorhat,2008,26.3456,93.0826,51,24,17,88,108,5,15,106,538,0,16,41,10,297,0,59,0,76,1517
Assam,Kamrup,2008,26.4406,93.1776,46,23,19,72,226,36,55,265,1408,0,34,47,35,195,3,75,0,101,2442
Assam,Karbi Anglong,2008,26.2156,92.9526,55,16,0,32,50,11,9,32,282,0,35,12,8,31,1,7,0,16,684
Assam,Karimganj,2008,26.1356,92.8726,27,13,0,38,98,6,8,54,210,0,228,15,8,120,5,10,0,99,1046
Assam,Kokrajhar,2008,26.2256,92.9626,53,32,0,110,102,5,8,39,346,0,38,25,12,82,4,16,0,58,902
Assam,Lakhimpur,2008,26.0006,92.7376,41,6,3,104,182,4,9,90,354,0,17,28,16,551,1,24,0,160,1905
Assam,Morigaon,2008,26.1006,92.8376,20,9,3,150,136,9,12,61,338,0,64,50,6,510,4,57,0,114,1429
Assam,N.C.Hills,2008,26.2206,92.9576,42,14,0,8,28,0,2,15,86,0,2,2,2,7,0,1,0,3,233
Assam,Nagaon,2008,26.1956,92.9326,83,41,2,224,430,44,74,233,708,0,271,49,51,458,9,200,0,371,4294
Assam,Nalbari,2008,25.9856,92.7226,31,29,1,60,110,7,33,81,288,0,10,16,9,321,6,42,0,54,1183
Assam,R.P.O.,2008,26.3806,93.1176,3,0,0,10,6,5,0,1,26,0,3,0,2,5,0,1,0,0,88
Assam,Sibsagar,2008,26.2106,92.9476,108,7,0,92,222,3,22,156,1000,0,44,73,24,234,4,27,0,139,2276
Assam,Sonitpur,2008,26.0556,92.7926,94,31,1,112,272,7,20,167,902,0,87,45,2,83,6,34,0,294,2779
Assam,Tinsukia,2008,26.1906,92.9276,114,0,0,120,174,17,21,115,1364,0,16,31,12,159,2,8,0,84,2333
Assam,Udalguri,2008,26.0806,92.8176,56,3,0,84,114,14,16,65,216,0,95,18,46,34,0,7,0,38,868
Bihar,Araria,2008,25.1911,85.4081,50,37,10,74,80,49,51,57,468,0,214,42,61,371,3,35,0,92,2907
Bihar,Arwal,2008,25.0961,85.3131,28,0,0,4,24,1,4,11,114,0,26,21,0,0,13,0,0,8,694
Bihar,Aurangabad,2008,19.8762,75.3433,92,27,8,60,112,29,24,115,614,0,445,165,25,1487,32,13,0,65,3381
Bihar,Bagaha,2008,25.1661,85.3831,26,8,2,30,98,6,17,66,434,0,133,44,7,477,11,14,0,36,2439
Bihar,Banka,2008,24.9861,85.2031,70,56,6,98,92,15,24,85,286,0,168,26,24,484,23,16,0,24,1848
Bihar,Begusarai,2008,24.8611,85.0781,101,170,9,50,220,19,67,69,550,0,225,78,19,397,41,3,0,56,3256
Bihar,Bettiah,2008,25.1611,85.3781,64,33,8,56,102,8,18,57,486,0,261,35,26,55,33,0,0,96,3312
Bihar,Bhabhua,2008,25.2011,85.4181,40,38,0,16,74,6,14,68,386,0,148,45,6,141,19,10,0,26,1763
Bihar,Bhagalpur,2008,25.2425,86.9842,90,81,13,70,266,10,34,130,1398,0,259,105,21,621,27,35,0,120,4313
Bihar,Bhojpur,2008,25.2511,85.4681,138,167,2,36,144,16,49,94,628,0,191,164,48,1635,57,31,0,122,3866
Bihar,Buxar,2008,25.1611,85.3781,52,61,6,22,52,10,24,52,568,0,143,24,23,116,29,20,0,19,1496
Bihar,Darbhanga,2008,26.1542,85.8918,76,154,6,134,246,19,15,68,640,0,50,150,34,159,48,53,0,45,3800
Bihar,Gaya,2008,24.7914,85.0002,136,60,12,104,180,35,63,124,988,0,544,151,26,456,43,8,0,40,4179
Bihar,Gopalganj,2008,24.8761,85.0931,74,93,6,46,160,16,41,50,288,0,201,65,17,68,36,27,0,110,2605
Bihar,Jamalpur Rly.,2008,25.2211,85.4381,10,0,0,2,8,9,3,0,246,0,7,1,0,0,1,0,0,0,286
Bihar,Jamui,2008,25.0011,85.2181,56,127,3,34,76,22,21,38,276,0,163,47,21,756,32,25,0,41,1788
Bihar,Jehanabad,2008,25.0061,85.2231,35,10,5,12,76,15,18,25,264,0,127,10,0,20,23,0,0,17,1524
Bihar,Katihar,2008,24.8661,85.0831,63,13,2,240,206,21,23,61,304,0,146,85,17,765,15,12,0,28,2858
Bihar,Katihar Rly.,2008,25.1661,85.3831,6,11,2,4,18,5,9,8,464,0,21,8,0,33,0,5,0,1,587
Bihar,Khagaria,2008,25.3311,85.5481,55,63,0,32,96,7,17,16,198,0,201,17,11,219,9,2,0,13,1826
Bihar,Kishanganj,2008,25.3061,85.5231,32,42,0,60,66,8,17,46,338,0,125,4,4,426,8,0,0,23,1316
Bihar,Lakhisarai,2008,25.0211,85.2381,41,67,0,70,68,7,23,36,266,0,72,33,4,237,11,23,0,12,1187
Bihar,Madhepura,2008,25.2561,85.4731,34,7,6,32,90,7,33,42,280,0,159,11,7,57,16,10,0,12,1700
Bihar,Madhubani,2008,25.1111,85.3281,62,72,6,48,102,28,26,85,690,0,285,30,16,214,24,182,0,51,5454
Bihar,Motihari,2008,24.8911,85.1081,120,306,79,68,242,27,50,113,948,0,323,9,21,1876,45,14,0,12,4600
Bihar,Munger,2008,25.1211,85.3381,85,92,0,40,122,7,43,36,624,0,189,22,3,85,14,2,0,40,1899
Bihar,Muzaffarpur,2008,26.1209,85.3647,138,11,18,56,272,43,50,209,1750,0,316,126,33,5,75,15,0,90,5678
Bihar,Muzaffarpur Rly.,2008,26.1209,85.3647,16,0,0,4,8,4,12,16,600,0,9,13,0,0,0,0,0,1,682
Bihar,Nalanda,2008,24.8611,85.0781,120,53,17,46,200,10,23,82,794,0,190,76,25,1085,70,36,0,77,4215
Bihar,Naugachia,2008,25.0361,85.2531,33,15,2,16,58,2,4,3,130,0,106,62,5,101,5,35,0,65,1523
Bihar,Nawadah,2008,24.9511,85.1681,76,8,0,56,96,11,24,28,302,0,128,35,3,401,24,10,0,36,1747
Bihar,Patna,2008,25.5941,85.1376,341,189,28,114,682,63,312,647,2910,0,428,318,6,93,99,31,0,189,14491
Bihar,Patna Rly.,2008,25.5941,85.1376,24,13,3,0,22,9,12,3,1202,0,18,19,0,0,2,7,0,1,1322
Bihar,Purnea,2008,25.7771,87.4753,81,20,39,370,278,35,30,163,484,0,187,151,38,478,3,73,0,81,2802
Bihar,Rohtas,2008,24.9529,84.015,112,19,0,42,126,22,49,120,878,0,154,97,29,165,36,15,0,42,3943
Bihar,Saharsa,2008,25.0861,85.3031,30,139,4,44,82,13,70,38,262,0,267,59,15,304,17,75,0,21,2155
Bihar,Samastipur,2008,25.1461,85.3631,81,292,31,64,148,19,28,75,762,0,253,34,41,315,60,15,0,52,3416
Bihar,Saran,2008,25.1211,85.3381,119,137,14,68,196,31,60,101,910,0,266,95,39,1014,58,10,0,41,3550
Bihar,Sheikhpura,2008,25.0111,85.2281,22,27,5,18,50,2,7,7,170,0,101,33,6,46,7,1,0,10,1020
Bihar,Sheohar,2008,25.1761,85.3931,9,17,0,14,38,5,9,12,88,0,70,16,1,171,7,4,0,13,546
Bihar,Sitamarhi,2008,24.9911,85.2081,72,37,6,24,140,26,36,76,622,0,59,20,27,316,24,18,0,12,3235
Bihar,Siwan,2008,25.2711,85.4881,74,65,10,48,134,25,72,79,462,0,125,90,32,763,31,9,0,54,2452
Bihar,Supaul,2008,25.3161,85.5331,49,88,2,106,108,8,31,74,362,0,315,85,11,121,15,71,0,68,1978
Bihar,Vaishali,2008,25.0111,85.2281,106,29,16,72,436,16,35,129,978,0,281,20,20,111,64,34,0,30,3669
Chhattisgarh,Balrampur,2008,21.0337,81.6211,49,12,1,82,14,6,20,46,66,0,32,4,6,222,3,43,0,24,774
Chhattisgarh,Bilaspur,2008,21.4137,82.0011,112,48,0,142,66,8,55,610,1738,0,211,74,31,1741,19,171,0,136,6337
Chhattisgarh,Bizapur,2008,21.2287,81.8161,95,82,1,10,16,11,6,8,8,0,18,1,12,9,0,5,0,1,368
Chhattisgarh,Dantewara,2008,21.4187,82.0061,69,84,0,20,16,28,1,44,94,0,28,8,20,43,1,17,0,3,723
Chhattisgarh,Dhamtari,2008,21.0837,81.6711,23,16,0,52,8,5,11,152,302,0,34,20,8,74,3,47,0,19,1552
Chhattisgarh,Durg,2008,21.1937,81.7811,83,39,4,218,36,6,61,593,1644,0,54,69,25,385,11,218,0,118,6595
Chhattisgarh,Grp Raipur,2008,21.2987,81.8861,5,1,0,4,0,0,4,7,390,0,1,2,0,14,0,4,0,0,428
Chhattisgarh,Jagdalpur,2008,21.1087,81.6961,73,46,1,136,26,11,13,112,256,0,55,18,9,214,2,49,0,23,2309
Chhattisgarh,Janjgir,2008,21.3987,81.9861,36,31,1,94,16,3,34,270,638,0,100,23,17,180,14,135,0,123,3011
Chhattisgarh,Jashpur,2008,21.2137,81.8011,65,16,0,142,92,8,24,87,252,0,27,16,6,98,0,56,0,19,1270
Chhattisgarh,Kabirdham,2008,21.2287,81.8161,11,18,0,58,10,3,13,120,282,0,50,21,11,642,5,79,0,23,1720
Chhattisgarh,Kanker,2008,21.1187,81.7061,54,53,1,30,20,14,13,76,154,0,26,6,19,31,4,26,0,13,1062
Chhattisgarh,Korba,2008,21.1687,81.7561,38,12,0,62,24,5,36,147,586,0,39,26,5,624,5,68,0,42,2515
Chhattisgarh,Koriya,2008,21.2637,81.8511,48,22,0,108,10,4,13,209,318,0,28,14,15,557,2,93,0,34,1798
Chhattisgarh,Mahasamund,2008,21.3287,81.9161,19,13,1,48,16,1,5,120,310,0,20,19,9,200,6,57,0,27,1493
Chhattisgarh,Narayanpur,2008,21.4237,82.0111,18,49,0,2,2,7,0,3,16,0,1,0,7,14,0,0,0,0,151
Chhattisgarh,Raigarh,2008,21.4987,82.0861,89,24,0,60,20,2,28,237,896,0,109,25,18,643,7,74,0,45,2945
Chhattisgarh,Raipur,2008,21.2737,81.8611,112,91,1,256,92,10,85,823,3050,0,183,138,51,2328,11,247,0,124,9981
Chhattisgarh,Rajnandgaon,2008,21.2087,81.7961,47,33,4,120,24,3,23,251,576,0,42,36,14,99,7,72,0,57,3252
Chhattisgarh,Sarguja,2008,21.1087,81.6961,65,27,1,156,18,2,30,87,324,0,44,30,13,77,3,89,0,27,1805
Chhattisgarh,Surajpur,2008,21.2787,81.8661,58,19,2,156,20,4,25,110,258,0,42,12,6,370,3,71,0,39,1480
Goa,North Goa,2008,28.7,77.1833,26,14,8,30,38,2,8,150,720,0,43,57,6,94,0,15,0,5,1489
Goa,South Goa,2008,28.5333,77.2,23,11,3,30,34,1,15,152,482,0,59,48,21,91,2,17,0,7,1253
Gujarat,Ahmedabad Commr.,2008,23.0225,72.5714,85,60,0,88,344,16,538,778,10970,0,168,200,1,1335,1,78,0,1185,18544
Gujarat,Ahmedabad Rural,2008,23.05,72.45,36,20,0,6,72,15,37,114,708,0,61,9,9,236,1,16,0,67,3404
Gujarat,Ahwa-Dang,2008,22.0737,71.0074,7,2,0,6,4,0,0,2,26,0,2,2,0,27,0,2,0,11,231
Gujarat,Amreli,2008,22.4037,71.3374,22,6,1,16,120,1,6,127,436,0,34,8,10,305,0,31,0,128,2391
Gujarat,Anand,2008,22.0237,70.9574,40,10,2,22,102,12,16,121,1016,0,39,10,14,342,0,25,0,170,3794
Gujarat,Bharuch,2008,22.1287,71.0624,36,15,1,26,68,13,22,157,742,0,51,14,41,218,0,13,0,114,3075
Gujarat,Bhavnagar,2008,22.3387,71.2724,35,33,3,18,180,11,52,224,1714,0,134,73,13,132,0,69,0,197,5858
Gujarat,Dahod,2008,22.4787,71.4124,44,21,3,26,86,34,55,98,334,0,61,4,31,347,0,33,0,63,1808
Gujarat,Gandhinagar,2008,22.4987,71.4324,32,12,0,16,88,6,34,150,1212,0,42,40,6,271,3,18,0,200,4808
Gujarat,Himatnagar,2008,22.4037,71.3374,38,13,1,32,74,11,19,83,412,0,64,33,17,209,0,22,0,217,4887
Gujarat,Jamnagar,2008,22.3237,71.2574,34,12,3,34,60,14,22,150,820,0,79,27,15,422,0,14,0,239,5332
Gujarat,Junagadh,2008,22.2037,71.1374,33,20,0,10,96,13,49,221,1438,0,79,46,25,463,3,66,0,456,5288
Gujarat,Kheda North,2008,28.7,77.1833,36,11,0,16,82,5,13,114,786,0,39,35,23,383,0,40,0,219,5265
Gujarat,Kutch,2008,22.0337,70.9674,40,8,1,32,88,5,34,297,1312,0,73,52,14,418,1,26,0,334,4941
Gujarat,Mehsana,2008,22.2087,71.1424,29,18,1,18,108,10,33,211,1304,0,84,34,9,838,0,33,0,289,4604
Gujarat,Narmada,2008,22.4387,71.3724,11,3,5,14,14,0,1,18,76,0,7,3,4,118,0,8,0,12,810
Gujarat,Navsari,2008,22.3987,71.3324,25,3,1,4,18,0,5,26,168,0,10,5,3,35,0,1,0,5,995
Gujarat,Palanpur,2008,22.4437,71.3774,42,16,1,74,86,9,31,206,826,0,67,35,23,1109,1,34,0,201,4107
Gujarat,Panchmahal,2008,22.4837,71.4174,40,13,1,16,110,3,13,99,416,0,29,25,27,303,0,29,0,148,3323
Gujarat,Patan,2008,22.4187,71.3524,14,15,0,38,58,4,18,102,742,0,54,20,5,350,0,29,0,157,2948
Gujarat,Porbandar,2008,22.1137,71.0474,7,6,0,6,24,0,6,38,178,0,10,11,6,82,0,5,0,48,1014
Gujarat,Rajkot Commr.,2008,22.3039,70.8022,37,33,1,24,108,9,68,320,2788,0,140,85,12,417,1,30,0,312,5525
Gujarat,Rajkot Rural,2008,22.2637,71.1974,45,16,2,48,94,13,26,156,850,0,62,12,12,334,4,45,0,293,3870
Gujarat,Surat Commr.,2008,21.1702,72.8311,97,42,3,56,262,28,146,544,6098,0,165,178,10,856,11,54,0,472,10741
Gujarat,Surat Rural,2008,21.2,73.0,43,4,1,6,22,7,9,39,244,0,10,19,4,78,0,7,0,30,1589
Gujarat,Surendranagar,2008,22.3837,71.3174,35,15,0,42,88,3,12,80,390,0,44,17,6,382,0,50,0,133,2957
Gujarat,Tapi,2008,22.2837,71.2174,21,5,0,6,6,3,3,19,84,0,8,0,0,50,0,2,0,6,602
Gujarat,Vadodara Commr.,2008,22.3072,73.1812,20,32,3,14,68,11,23,366,2830,0,123,119,5,283,0,16,0,268,5386
Gujarat,Vadodara Rural,2008,22.2937,71.2274,79,17,1,22,78,6,10,53,382,0,31,6,16,345,0,21,0,87,2755
Gujarat,Valsad,2008,22.1587,71.0924,33,5,0,8,30,4,8,119,458,0,36,43,2,138,0,6,0,32,1800
Gujarat,W.Rly,2008,22.1487,71.0824,10,1,0,4,8,4,13,21,1670,0,3,2,0,71,1,5,0,1,1807
Haryana,Ambala,2008,29.0238,76.0506,31,31,0,70,110,5,15,266,838,0,1,88,7,239,11,27,0,172,2560
Haryana,Bhiwani,2008,29.1988,76.2256,56,27,11,66,94,13,25,241,1120,0,158,90,19,305,14,24,0,111,2739
Haryana,Faridabad,2008,28.4089,77.3178,59,24,5,92,218,55,32,276,1890,0,145,32,7,191,21,23,0,173,4516
Haryana,Fatehabad,2008,28.9838,76.0106,20,13,4,24,50,6,5,126,596,0,23,65,5,184,4,16,0,143,1621
Haryana,Grp,2008,29.0888,76.1156,27,3,2,2,14,2,22,1,994,0,11,7,0,13,6,7,0,0,1260
Haryana,Gurgaon,2008,28.4595,77.0266,80,59,5,70,178,92,111,698,5686,0,117,200,9,156,19,27,0,123,7456
Haryana,Hissar,2008,28.8288,75.8556,52,46,5,46,86,9,23,214,1120,0,52,94,8,382,19,25,0,214,3166
Haryana,Jhajjar,2008,29.2238,76.2506,62,30,4,44,52,13,18,138,536,0,58,44,2,117,20,13,0,115,1715
Haryana,Jind,2008,29.2588,76.2856,39,24,14,76,58,2,18,158,592,0,103,43,4,154,18,21,0,73,1767
Haryana,Kaithal,2008,28.8838,75.9106,22,24,2,28,32,12,6,107,388,0,0,22,3,225,13,14,0,150,1522
Haryana,Karnal,2008,29.1488,76.1756,39,46,7,100,70,16,23,265,1362,0,28,74,8,350,17,31,0,124,3231
Haryana,Kurukshetra,2008,28.8488,75.8756,20,19,2,82,60,6,23,244,1164,0,0,22,4,207,12,11,0,72,2413
Haryana,Mahendragarh,2008,28.8238,75.8506,31,6,2,42,52,1,4,102,392,0,52,10,4,156,16,17,0,73,1724
Haryana,Mewat,2008,28.9988,76.0256,19,21,0,58,42,27,11,23,424,0,96,42,2,91,7,6,0,114,1262
Haryana,Palwal,2008,29.2988,76.3256,34,37,3,58,64,23,22,70,708,0,115,25,2,198,15,25,0,89,1990
Haryana,Panchkula,2008,29.0938,76.1206,17,7,1,30,52,7,14,157,854,0,3,58,0,53,5,6,0,72,1569
Haryana,Panipat,2008,28.9338,75.9606,46,16,12,60,104,22,27,195,1690,0,63,20,2,225,13,16,0,62,2702
Haryana,Rewari,2008,29.0388,76.0656,27,24,4,46,54,5,29,170,858,0,47,18,9,203,13,31,0,72,2361
Haryana,Rohtak,2008,29.0188,76.0456,67,53,3,78,64,10,30,227,1192,0,75,60,6,197,17,25,0,106,2642
Haryana,Sirsa,2008,28.8138,75.8406,48,35,0,62,50,3,8,146,668,0,26,32,13,351,9,14,0,127,1958
Haryana,Sonipat,2008,29.0988,76.1256,84,48,4,72,118,39,69,229,1318,0,11,86,13,291,24,31,0,149,3383
Haryana,Yamunanagar,2008,29.0288,76.0556,41,23,2,56,86,9,20,196,1028,0,0,18,12,216,9,25,0,101,2073
Himachal Pradesh,Bilaspur,2008,31.2398,77.3084,5,2,1,20,14,0,2,46,128,0,38,17,6,36,2,28,0,35,1046
Himachal Pradesh,Chamba,2008,31.1798,77.2484,10,3,1,20,32,0,1,112,104,0,21,3,4,62,0,26,0,10,761
Himachal Pradesh,G.R.P.,2008,31.0148,77.0834,0,0,0,0,0,0,0,0,6,0,0,0,0,0,0,0,0,0,8
Himachal Pradesh,Hamirpur,2008,30.9198,76.9884,6,0,0,16,24,0,0,63,150,0,23,16,16,207,0,15,0,39,959
Himachal Pradesh,Kangra,2008,30.9748,77.0434,19,20,1,38,40,0,4,123,498,0,118,65,20,234,0,37,0,68,2290
Himachal Pradesh,Kinnaur,2008,31.0098,77.0784,1,0,0,8,4,0,1,27,18,0,11,0,0,9,0,3,0,3,170
Himachal Pradesh,Kullu,2008,31.1698,77.2384,15,3,0,32,38,0,2,62,160,0,54,13,8,40,0,31,0,28,1096
Himachal Pradesh,Lahaul-Spiti,2008,31.1348,77.2034,1,0,0,2,0,0,0,4,2,0,1,1,0,0,0,0,0,1,70
Himachal Pradesh,Mandi,2008,31.2998,77.3684,19,7,0,64,28,0,3,95,196,0,68,31,28,130,1,75,0,42,2144
Himachal Pradesh,Shimla,2008,30.9848,77.0534,15,10,0,44,40,1,3,139,450,0,108,41,27,54,0,31,0,33,1941
Himachal Pradesh,Sirmaur,2008,31.2398,77.3084,7,2,0,20,28,1,0,52,170,0,64,30,8,36,0,19,0,30,885
Himachal Pradesh,Solan,2008,30.9498,77.0184,16,3,2,28,30,3,4,95,252,0,70,13,6,357,0,13,0,17,1504
Himachal Pradesh,Una,2008,31.3348,77.4034,15,9,0,22,24,1,0,67,170,0,51,18,4,93,0,17,0,37,1102
Jammu & Kashmir,Anantnag,2008,33.7032,76.5012,10,6,0,26,148,1,7,115,298,0,148,35,16,1,0,63,0,0,1224
Jammu & Kashmir,Awantipora,2008,33.9232,76.7212,2,3,0,8,26,0,1,20,78,0,30,2,1,0,0,40,0,1,367
Jammu & Kashmir,Bandipora,2008,33.7482,76.5462,3,3,0,2,90,0,3,38,114,0,57,7,6,0,0,74,0,0,467
Jammu & Kashmir,Baramulla,2008,34.0082,76.8062,18,35,5,26,126,0,4,130,288,0,141,6,14,9,0,80,0,1,1247
Jammu & Kashmir,Budgam,2008,33.7632,76.5612,3,27,4,16,132,0,4,84,372,0,230,31,9,3,0,88,0,0,1404
Jammu & Kashmir,Crime Jammu,2008,33.6682,76.4662,2,0,0,0,0,0,0,0,2,0,0,22,0,0,0,0,0,0,26
Jammu & Kashmir,Crime Srinagar,2008,33.6932,76.4912,2,0,0,0,0,0,0,0,2,0,0,44,0,0,0,0,0,0,52
Jammu & Kashmir,Doda,2008,22.3072,73.1812,20,41,0,40,48,0,0,28,78,0,27,8,6,16,0,14,0,8,591
Jammu & Kashmir,Ganderbal,2008,33.7582,76.5562,5,2,0,4,46,0,2,30,82,0,35,4,2,4,0,36,0,2,358
Jammu & Kashmir,Handwara,2008,33.9382,76.7362,6,22,0,12,34,0,0,13,58,0,16,8,6,1,0,51,0,1,310
Jammu & Kashmir,Jammu,2008,33.7132,76.5112,31,87,7,52,102,1,3,248,1144,0,210,66,42,43,7,31,0,54,3851
Jammu & Kashmir,Kargil,2008,33.9032,76.7012,0,0,2,2,2,0,0,4,8,0,8,3,1,0,0,5,0,0,107
Jammu & Kashmir,Kathua,2008,33.7082,76.5062,14,18,1,30,38,0,0,43,142,0,87,12,12,10,7,17,0,7,1057
Jammu & Kashmir,Kishtwar,2008,33.9332,76.7312,10,22,0,8,24,0,0,11,70,0,0,4,11,6,0,10,0,5,294
Jammu & Kashmir,Kulgam,2008,34.0182,76.8162,6,9,0,10,90,0,7,44,128,0,68,10,5,18,0,63,0,1,572
Jammu & Kashmir,Kupwara,2008,33.7082,76.5062,12,41,2,10,44,0,1,16,58,0,54,5,6,4,0,31,0,2,393
Jammu & Kashmir,Leh,2008,33.5582,76.3562,2,1,0,12,6,0,1,20,32,0,1,8,0,0,0,7,0,0,253
Jammu & Kashmir,Poonch,2008,33.8532,76.6512,13,27,1,32,50,0,3,49,72,0,112,7,0,48,0,35,0,13,787
Jammu & Kashmir,Pulwama,2008,33.6182,76.4162,7,14,2,4,60,0,11,23,124,0,77,6,10,36,0,13,0,0,421
Jammu & Kashmir,Railways,2008,33.9382,76.7362,0,1,0,0,2,0,0,0,22,0,0,0,0,0,0,0,0,0,25
Jammu & Kashmir,Rajouri,2008,33.9932,76.7912,8,26,5,42,56,0,3,55,102,0,44,17,29,31,6,34,0,39,1286
Jammu & Kashmir,Ramban,2008,33.6332,76.4312,11,12,0,18,28,1,0,27,74,0,33,10,5,9,0,4,0,0,678
Jammu & Kashmir,Reasi,2008,33.5782,76.3762,16,34,1,10,20,0,1,18,74,0,5,4,7,4,0,11,0,2,472
Jammu & Kashmir,Samba,2008,33.7432,76.5412,6,26,0,4,18,0,1,22,90,0,38,8,5,2,1,7,0,3,670
Jammu & Kashmir,Shopian,2008,33.5732,76.3712,7,23,0,12,32,0,5,9,124,0,31,5,8,5,0,49,0,1,313
Jammu & Kashmir,Srinagar,2008,33.9132,76.7112,13,80,1,32,158,0,9,256,658,0,295,57,26,16,0,162,0,18,2549
Jammu & Kashmir,Udhampur,2008,34.0182,76.8162,10,10,0,26,28,0,1,44,102,0,35,3,3,7,0,10,0,4,843
Jharkhand,Bokaro,2008,23.7552,85.4249,76,8,0,80,82,21,27,71,1316,0,142,84,0,0,15,0,0,65,2665
Jharkhand,Chaibasa,2008,23.6402,85.3099,127,46,35,84,14,9,16,19,262,0,31,22,2,49,7,16,0,33,837
Jharkhand,Chatra,2008,23.8152,85.4849,42,46,0,22,34,14,27,18,194,0,121,10,5,0,14,1,0,2,1030
Jharkhand,Deoghar,2008,23.6502,85.3199,46,4,1,66,22,21,22,112,304,0,148,7,3,279,6,5,0,29,1475
Jharkhand,Dhanbad,2008,23.4652,85.1349,72,41,12,94,176,40,59,182,1576,0,204,62,8,196,36,35,0,57,3579
Jharkhand,Dhanbad Rly.,2008,23.4652,85.1349,13,0,0,0,2,17,12,7,220,0,5,1,0,0,2,4,0,2,277
Jharkhand,Dumka,2008,23.8202,85.4899,77,17,0,120,52,6,17,80,402,0,109,23,4,261,17,7,0,66,1758
Jharkhand,Garhwa,2008,23.4552,85.1249,48,78,2,42,54,19,30,29,170,0,139,29,19,302,9,15,0,20,1279
Jharkhand,Giridih,2008,23.4852,85.1549,63,30,0,96,104,41,45,88,706,0,378,30,9,205,33,22,0,25,2819
Jharkhand,Godda,2008,23.5752,85.2449,61,44,0,52,82,5,16,55,320,0,124,0,29,235,7,16,0,50,1863
Jharkhand,Gumla,2008,23.5002,85.1699,158,79,4,76,74,20,62,22,194,0,18,17,0,76,0,11,0,8,960
Jharkhand,Hazaribagh,2008,23.5352,85.2049,80,52,2,114,130,43,55,116,930,0,323,144,19,109,36,31,0,97,3021
Jharkhand,Jamshedpur,2008,23.8202,85.4899,102,88,10,82,72,22,59,123,1780,0,44,116,11,86,14,18,0,74,3212
Jharkhand,Jamshedpur Rly.,2008,23.3802,85.0499,6,2,0,0,0,4,6,3,244,0,1,2,1,11,0,1,0,1,280
Jharkhand,Jamtara,2008,23.6302,85.2999,25,1,3,40,18,1,4,42,128,0,71,16,1,0,5,9,0,16,654
Jharkhand,Khunti,2008,23.3752,85.0449,63,11,5,16,26,8,16,4,80,0,15,1,3,19,1,1,0,1,313
Jharkhand,Koderma,2008,23.8052,85.4749,23,31,0,32,32,2,9,18,240,0,103,57,3,0,11,6,0,23,825
Jharkhand,Latehar,2008,23.6402,85.3099,31,16,2,22,28,24,19,16,146,0,18,6,2,29,6,10,0,6,540
Jharkhand,Lohardagga,2008,23.8352,85.5049,22,3,2,32,36,15,19,22,176,0,49,16,8,4,2,2,0,7,563
Jharkhand,Pakur,2008,23.4152,85.0849,31,90,6,106,36,2,7,19,176,0,56,17,4,134,1,9,0,103,796
Jharkhand,Palamu,2008,23.5902,85.2599,102,174,6,60,114,20,41,80,376,0,143,37,0,0,18,1,0,32,2117
Jharkhand,Ramgarh,2008,23.4852,85.1549,44,14,1,22,40,19,29,33,576,0,90,35,5,131,5,6,0,13,1067
Jharkhand,Ranchi,2008,23.4002,85.0699,209,72,10,124,234,66,112,155,3248,0,138,133,14,495,12,23,0,88,5000
Jharkhand,Sahebganj,2008,23.5702,85.2399,42,47,4,122,70,5,9,24,268,0,37,12,6,98,4,14,0,19,844
Jharkhand,Saraikela,2008,23.5452,85.2149,59,56,3,26,28,13,24,20,398,0,51,17,5,107,5,8,0,13,857
Jharkhand,Simdega,2008,23.4902,85.1599,75,11,4,52,24,9,19,17,108,0,18,6,3,0,0,0,0,1,378
Karnataka,Bagalkot,2008,15.1423,75.5389,43,26,0,4,44,2,8,68,256,0,175,45,3,222,6,62,0,56,2048
Karnataka,Bangalore Commr.,2008,12.9716,77.5946,253,297,8,108,318,291,702,1787,19362,0,348,2025,10,2497,52,179,0,307,29664
Karnataka,Bangalore Rural,2008,13.0827,77.5877,102,54,0,28,44,29,49,185,1054,0,209,81,0,471,11,56,0,56,4423
Karnataka,Belgaum,2008,15.8497,74.4977,124,94,1,60,118,10,53,311,1198,0,460,223,27,1049,9,180,0,233,7150
Karnataka,Bellary,2008,15.3773,75.7739,46,47,1,22,38,5,24,123,568,0,189,48,7,497,10,41,0,49,3264
Karnataka,Bidar,2008,15.5473,75.9439,28,36,1,14,46,3,24,147,406,0,135,37,15,899,11,105,0,55,3363
Karnataka,Bijapur,2008,15.1273,75.5239,83,73,0,38,46,11,19,146,302,0,313,55,20,592,1,83,0,135,3125
Karnataka,Cbpura,2008,15.1573,75.5539,39,44,1,14,34,2,13,98,418,0,172,60,0,309,9,37,0,22,1891
Karnataka,Chamarajnagar,2008,15.3773,75.7739,36,20,1,8,14,4,10,76,256,0,85,22,0,423,4,29,0,35,1518
Karnataka,Chickmagalur,2008,15.3073,75.7039,39,31,3,34,46,5,26,151,402,0,151,24,8,775,8,60,0,123,3101
Karnataka,Chitradurga,2008,15.2373,75.6339,42,15,1,36,40,8,29,118,562,0,266,33,9,794,6,82,0,49,4191
Karnataka,Dakshin Kannada,2008,15.2273,75.6239,29,45,2,20,20,5,38,187,512,0,266,91,19,508,5,53,0,51,3974
Karnataka,Davanagere,2008,15.4473,75.8439,26,18,1,20,70,5,16,138,536,0,213,53,0,468,9,60,0,102,3009
Karnataka,Dharwad Commr.,2008,15.4589,75.0078,21,26,0,6,30,9,78,153,844,0,90,135,8,168,1,16,0,44,2299
Karnataka,Dharwad Rural,2008,15.4589,75.0078,22,25,0,2,12,3,7,23,98,0,72,10,1,127,3,16,0,23,1087
Karnataka,Gadag,2008,15.2073,75.6039,23,22,1,20,20,2,6,58,174,0,108,17,5,181,5,49,0,34,1175
Karnataka,Gulbarga,2008,17.3297,76.8343,104,104,3,50,94,12,74,236,594,0,429,71,59,1279,7,75,0,169,5622
Karnataka,Hassan,2008,15.2273,75.6239,72,59,1,34,56,9,35,245,736,0,152,53,0,1002,8,76,0,79,4949
Karnataka,Haveri,2008,15.5423,75.9389,31,23,2,10,24,6,9,72,236,0,218,53,0,276,0,48,0,33,2322
Karnataka,K.G.F.,2008,15.4423,75.8389,13,10,1,10,10,2,10,59,128,0,50,20,0,230,3,14,0,33,849
Karnataka,Kodagu,2008,15.1573,75.5539,22,33,2,40,12,2,9,110,210,0,40,20,3,529,2,27,0,41,1730
Karnataka,Kolar,2008,15.4823,75.8789,37,22,23,28,30,8,14,73,426,0,172,16,0,310,14,22,0,21,2014
Karnataka,Koppal,2008,15.4823,75.8789,22,4,6,12,24,2,11,74,214,0,121,44,2,174,4,26,0,39,1723
Karnataka,Mandya,2008,15.1123,75.5089,50,41,1,36,28,10,18,212,724,0,270,28,0,872,11,59,0,72,4747
Karnataka,Mysore Commr.,2008,12.2958,76.6394,26,30,2,46,60,7,92,194,1260,0,88,92,0,297,4,28,0,151,3086
Karnataka,Mysore Rural,2008,15.1723,75.5689,54,51,1,26,28,8,14,220,456,0,177,28,0,753,15,68,0,97,3173
Karnataka,Raichur,2008,15.4623,75.8589,53,34,2,38,42,5,20,72,274,0,207,65,8,553,7,86,0,106,2994
Karnataka,Railways,2008,15.4773,75.8739,13,6,0,0,4,5,28,0,602,0,13,2,0,15,0,1,0,0,688
Karnataka,Ramanagar,2008,15.4023,75.7989,92,60,7,34,38,14,41,199,818,0,227,34,11,562,14,62,0,37,4084
Karnataka,Shimoga,2008,15.2973,75.6939,45,45,3,28,54,5,65,263,652,0,211,59,12,1009,3,101,0,207,4790
Karnataka,Tumkur,2008,15.4373,75.8339,69,55,1,24,36,19,41,244,906,0,245,70,25,694,16,90,0,80,4813
Karnataka,Udupi,2008,15.4773,75.8739,21,10,2,22,14,5,19,127,266,0,84,25,5,267,0,17,0,15,2335
Karnataka,Uttar Kannada,2008,15.2673,75.6639,18,15,3,20,22,5,13,89,190,0,57,30,8,357,1,46,0,84,2580
Kerala,Alapuzha,2008,10.8705,76.2911,8,37,8,32,40,11,59,234,696,0,470,242,14,1308,2,224,0,247,8373
Kerala,Ernakulam Commr.,2008,10.7805,76.2011,9,11,3,24,24,1,31,114,626,0,141,225,3,355,1,59,0,88,7961
Kerala,Ernakulam Rural,2008,10.6405,76.0611,36,31,19,70,26,22,74,232,902,0,428,144,25,1176,3,134,0,175,9159
Kerala,Idukki,2008,10.9005,76.3211,15,28,1,56,30,6,16,186,536,0,202,113,7,1428,0,131,0,193,4923
Kerala,Kannur,2008,10.6755,76.0961,26,38,5,66,26,8,73,275,420,0,872,164,56,1168,1,111,0,276,5901
Kerala,Kasargod,2008,10.7755,76.1961,19,23,2,56,30,7,21,160,356,0,502,164,28,889,1,92,0,202,3585
Kerala,Kollam,2008,10.9005,76.3211,26,21,8,122,46,44,49,258,948,0,474,189,22,1896,2,273,0,442,8717
Kerala,Kottayam,2008,11.0855,76.5061,26,16,5,62,32,2,75,275,808,0,359,353,8,1576,0,221,0,193,8008
Kerala,Kozhikode Commr.,2008,11.2588,75.7804,6,16,1,30,24,26,100,214,590,0,410,169,10,578,3,72,0,165,4166
Kerala,Kozhikode Rural,2008,11.2588,75.7804,15,17,2,78,14,10,24,231,508,0,784,139,60,1257,2,151,0,288,5429
Kerala,Malappuram,2008,10.7305,76.1511,29,27,9,102,26,33,47,467,960,0,618,245,19,878,2,149,0,525,7419
Kerala,Palakkad,2008,10.8855,76.3061,34,19,0,84,30,16,39,188,546,0,526,198,29,1176,4,133,0,296,5557
Kerala,Pathanamthitta,2008,10.7905,76.2111,17,18,4,64,20,2,24,155,418,0,358,120,23,1100,0,168,0,173,5343
Kerala,Railways,2008,11.0105,76.4311,1,0,0,2,0,7,1,1,296,0,1,3,0,24,0,7,0,0,336
Kerala,Thrissur,2008,10.5276,76.2144,38,64,12,92,34,41,61,202,906,0,708,526,41,1029,2,214,0,332,10003
Kerala,Trivandrum Commr.,2008,11.0655,76.4861,10,22,2,40,36,88,57,233,988,0,426,330,12,716,1,128,0,115,5016
Kerala,Trivandrum Rural,2008,10.9805,76.4011,35,38,9,86,50,29,52,332,890,0,538,235,27,1914,7,404,0,314,8348
Kerala,Wayanadu,2008,11.0555,76.4761,12,8,5,70,18,5,13,125,242,0,240,100,5,710,0,74,0,114,2503
Madhya Pradesh,Alirajpur,2008,23.1684,78.8519,59,40,2,82,28,1,3,42,172,0,21,4,12,298,1,37,0,7,1225
Madhya Pradesh,Anuppur,2008,23.1484,78.8319,32,11,2,84,8,2,14,78,166,0,13,14,8,298,4,53,0,23,1244
Madhya Pradesh,Ashok Nagar,2008,22.8084,78.4919,18,20,9,94,6,2,8,112,284,0,31,17,6,799,16,107,0,35,2041
Madhya Pradesh,Balaghat,2008,22.9584,78.6419,56,21,4,122,16,4,18,100,398,0,46,5,10,423,8,131,0,38,2559
Madhya Pradesh,Barwani,2008,22.9784,78.6619,32,21,1,78,12,1,11,76,436,0,25,10,10,332,1,81,0,6,1907
Madhya Pradesh,Betul,2008,23.1484,78.8319,57,33,2,242,52,0,29,171,480,0,14,20,24,384,17,198,0,50,3241
Madhya Pradesh,Bhind,2008,22.8084,78.4919,54,74,6,54,26,7,93,155,446,0,67,31,13,625,30,60,0,38,3171
Madhya Pradesh,Bhopal,2008,23.2599,77.4126,60,86,15,226,84,8,227,987,5144,0,133,125,35,1642,28,207,0,157,14718
Madhya Pradesh,Bhopal Rly.,2008,23.2599,77.4126,2,4,1,4,6,1,7,8,1876,0,8,3,0,1,1,7,0,3,1920
Madhya Pradesh,Burhanpur,2008,22.9334,78.6169,19,15,0,28,4,36,6,44,238,0,59,9,11,86,3,55,0,30,1384
Madhya Pradesh,Chhatarpur,2008,23.0184,78.7019,52,62,4,114,52,4,59,407,702,0,35,42,31,549,22,194,0,58,4928
Madhya Pradesh,Chhindwara,2008,23.1184,78.8019,76,23,5,240,26,0,10,157,586,0,50,31,22,1344,17,185,0,121,4589
Madhya Pradesh,Damoh,2008,22.7384,78.4219,58,47,0,92,26,4,25,136,298,0,13,16,19,1325,15,126,0,47,2904
Madhya Pradesh,Datiya,2008,23.1234,78.8069,44,51,0,50,34,3,53,110,314,0,29,10,9,454,17,63,0,32,2388
Madhya Pradesh,Dewas,2008,22.9584,78.6419,45,73,1,146,36,6,29,192,1276,0,76,63,41,507,10,191,0,150,5593
Madhya Pradesh,Dhar,2008,15.4589,75.0078,80,94,6,200,58,23,28,203,1026,0,110,22,27,634,37,185,0,69,5389
Madhya Pradesh,Dindori,2008,22.7284,78.4119,19,3,5,40,2,1,4,23,54,0,5,5,4,175,2,33,0,4,750
Madhya Pradesh,Guna,2008,22.9584,78.6419,53,29,13,144,28,12,16,123,522,0,70,25,8,767,9,134,0,25,3116
Madhya Pradesh,Gwalior,2008,26.2183,78.1828,98,120,23,84,124,19,161,928,3794,0,121,97,31,1287,24,126,0,139,9104
Madhya Pradesh,Harda,2008,23.0384,78.7219,20,24,0,36,18,0,13,106,234,0,16,0,0,449,6,42,0,0,1205
Madhya Pradesh,Hoshangabad,2008,23.1584,78.8419,52,41,0,128,38,3,32,180,854,0,21,10,14,498,16,130,0,44,3562
Madhya Pradesh,Indore,2008,22.7196,75.8577,125,197,2,244,122,15,354,1227,9320,0,223,102,55,1588,35,343,0,369,19587
Madhya Pradesh,Indore Rly.,2008,22.7196,75.8577,3,2,0,6,0,0,8,1,378,0,2,3,0,10,1,5,0,0,413
Madhya Pradesh,Jabalpur,2008,23.1815,79.9864,69,111,6,254,104,6,148,458,2130,0,123,96,16,2223,42,288,0,146,10857
Madhya Pradesh,Jabalpur Rly.,2008,23.1815,79.9864,4,2,3,2,2,3,5,5,436,0,2,5,0,6,0,7,0,0,472
Madhya Pradesh,Jhabua,2008,23.1184,78.8019,19,20,4,62,36,5,16,47,226,0,22,7,15,314,4,32,0,9,1507
Madhya Pradesh,Katni,2008,23.1084,78.7919,33,26,4,96,14,0,14,117,434,0,30,32,7,1219,18,97,0,57,2964
Madhya Pradesh,Khandwa,2008,22.8834,78.5669,36,35,0,104,24,4,18,234,634,0,53,9,8,43,5,154,0,37,3244
Madhya Pradesh,Khargon,2008,22.9484,78.6319,49,45,2,130,16,3,23,164,1192,0,97,17,16,279,23,154,0,42,4144
Madhya Pradesh,Mandla,2008,22.7384,78.4219,34,16,0,94,6,1,4,78,118,0,4,10,2,347,4,87,0,25,1922
Madhya Pradesh,Mandsaur,2008,22.8484,78.5319,45,32,0,80,38,9,36,120,664,0,54,13,21,259,15,128,0,56,3360
Madhya Pradesh,Morena,2008,22.8584,78.5419,59,75,2,52,70,10,74,182,980,0,115,23,5,1914,32,73,0,73,5062
Madhya Pradesh,Narsinghpur,2008,22.9434,78.6269,48,41,5,122,10,0,26,104,394,0,22,21,18,993,14,100,0,44,2465
Madhya Pradesh,Neemuch,2008,22.8684,78.5519,24,14,2,38,24,4,9,134,548,0,73,25,7,645,0,45,0,28,2082
Madhya Pradesh,Panna,2008,22.7284,78.4119,34,17,0,56,14,0,14,148,172,0,3,6,9,303,17,77,0,26,1704
Madhya Pradesh,Raisen,2008,22.8984,78.5819,42,42,0,134,48,1,17,93,446,0,34,2,6,373,19,150,0,35,3355
Madhya Pradesh,Rajgarh,2008,23.0634,78.7469,38,63,1,166,56,5,19,115,646,0,98,18,50,336,10,166,0,136,4675
Madhya Pradesh,Ratlam,2008,23.0084,78.6919,43,44,0,126,32,3,29,112,580,0,42,26,24,365,11,105,0,57,3488
Madhya Pradesh,Rewa,2008,23.0034,78.6869,52,42,0,164,54,1,56,509,1212,0,65,54,24,873,26,124,0,67,5179
Madhya Pradesh,Sagar,2008,23.2134,78.8969,83,90,0,238,62,8,61,421,1102,0,101,26,47,3032,37,349,0,154,8169
Madhya Pradesh,Satna,2008,23.1784,78.8619,62,50,2,204,40,11,64,418,1154,0,40,22,23,982,32,207,0,137,5798
Madhya Pradesh,Seoni,2008,22.8884,78.5719,41,23,1,122,32,0,7,110,218,0,32,18,5,295,7,103,0,21,2551
Madhya Pradesh,Shahdol,2008,22.7684,78.4519,31,12,4,94,26,2,36,219,400,0,17,21,11,237,16,139,0,57,2959
Madhya Pradesh,Shajapur,2008,23.0784,78.7619,27,44,4,114,32,9,44,167,928,0,59,25,34,1289,12,161,0,77,3811
Madhya Pradesh,Sheopur,2008,22.7384,78.4219,9,19,0,26,20,0,17,32,118,0,38,21,6,498,0,32,0,19,1239
Madhya Pradesh,Shivpuri,2008,23.1434,78.8269,74,47,2,128,62,10,46,205,514,0,58,16,37,1093,16,128,0,53,4104
Madhya Pradesh,Sidhi,2008,22.8634,78.5469,30,12,0,74,34,1,20,172,340,0,51,13,5,380,18,83,0,30,2367
Madhya Pradesh,Sihore,2008,22.9134,78.5969,28,47,1,114,40,11,18,136,664,0,41,26,21,389,8,89,0,57,3403
Madhya Pradesh,Singrauli,2008,23.1784,78.8619,26,17,2,80,26,3,5,131,342,0,25,10,5,344,22,87,0,27,2102
Madhya Pradesh,Tikamgarh,2008,23.0834,78.7669,46,28,3,70,26,4,30,145,320,0,55,13,28,750,25,107,0,36,3035
Madhya Pradesh,Ujjain,2008,23.1765,75.7885,60,122,3,156,64,14,147,415,2308,0,158,76,34,1142,23,215,0,158,8764
Madhya Pradesh,Umariya,2008,23.0784,78.7619,22,10,50,50,12,0,4,72,190,0,14,10,9,163,5,60,0,13,1259
Madhya Pradesh,Vidisha,2008,23.0934,78.7769,40,45,2,186,28,4,19,243,758,0,54,43,15,783,24,205,0,63,4353
Maharashtra,Ahmednagar,2008,19.7715,75.7339,134,107,1,98,102,60,117,558,2944,0,553,226,49,727,0,125,0,537,7070
Maharashtra,Akola,2008,19.8715,75.8339,54,72,2,52,70,11,54,249,2004,0,157,102,38,723,7,111,0,153,4132
Maharashtra,Amravati Commr.,2008,19.9615,75.9239,18,30,1,44,20,5,35,228,1266,0,89,50,4,358,4,41,0,85,2439
Maharashtra,Amravati Rural,2008,19.8215,75.7839,75,27,3,94,36,11,33,238,2006,0,119,35,58,829,3,137,0,146,4150
Maharashtra,Aurangabad Commr.,2008,19.8762,75.3433,39,38,0,42,76,13,71,245,1950,0,241,128,11,473,4,51,0,138,3452
Maharashtra,Aurangabad Rural,2008,19.9115,75.8739,56,36,2,42,22,28,50,215,974,0,285,53,36,764,39,65,0,226,3347
Maharashtra,Beed,2008,19.6065,75.5689,61,34,4,52,78,53,85,336,1234,0,485,75,52,1010,11,92,0,332,4500
Maharashtra,Bhandara,2008,19.8215,75.7839,28,14,3,52,28,8,19,218,1234,0,107,102,29,384,0,69,0,73,2845
Maharashtra,Buldhana,2008,19.6415,75.6039,54,47,1,72,56,24,44,266,1702,0,262,60,68,798,9,153,0,250,4494
Maharashtra,Chandrapur,2008,19.8215,75.7839,51,47,6,74,68,10,37,257,1840,0,145,55,64,666,14,112,0,221,4456
Maharashtra,Dhule,2008,19.8865,75.8489,54,38,1,20,16,67,19,215,768,0,226,75,14,391,3,32,0,196,2783
Maharashtra,Gadchiroli,2008,19.7565,75.7189,56,33,1,44,26,5,11,88,246,0,23,12,56,211,2,30,0,46,1195
Maharashtra,Gondia,2008,19.5815,75.5439,35,14,0,76,28,3,18,177,710,0,61,45,35,350,3,84,0,58,2023
Maharashtra,Hingoli,2008,19.6515,75.6139,43,29,3,34,20,14,34,82,332,0,143,33,21,407,7,54,0,99,1751
Maharashtra,Jalgaon,2008,19.7315,75.6939,83,57,0,84,58,20,47,214,1554,0,304,228,27,677,18,107,0,456,4901
Maharashtra,Jalna,2008,19.7165,75.6789,58,33,0,32,26,21,56,169,692,0,196,114,26,531,27,53,0,309,2832
Maharashtra,Kolhapur,2008,19.6715,75.6339,59,26,2,68,60,35,47,289,1886,0,302,232,21,585,17,76,0,153,4398
Maharashtra,Latur,2008,19.8315,75.7939,74,28,0,44,58,17,46,235,1006,0,261,75,47,839,77,74,0,187,3681
Maharashtra,Mumbai Commr.,2008,18.922,72.8347,210,132,0,436,378,62,328,2846,25944,0,377,2025,22,4155,11,436,0,502,36915
Maharashtra,Mumbai Rly.,2008,19.6465,75.6089,8,1,0,8,16,6,36,0,3876,0,24,29,0,46,1,12,0,0,4050
Maharashtra,Nagpur Commr.,2008,21.1458,79.0882,100,57,4,106,86,55,321,941,4124,0,258,336,16,773,7,91,0,237,8661
Maharashtra,Nagpur Rly.,2008,19.8415,75.8039,5,7,0,2,6,11,17,1,2020,0,19,8,0,27,0,8,0,0,2123
Maharashtra,Nagpur Rural,2008,19.6665,75.6289,77,45,5,74,48,12,37,236,1782,0,138,66,43,691,7,89,0,95,4567
Maharashtra,Nanded,2008,19.9715,75.9339,88,57,5,46,58,34,64,345,954,0,311,117,41,1133,8,77,0,252,4778
Maharashtra,Nandurbar,2008,19.5415,75.5039,30,14,1,22,20,4,21,49,448,0,111,35,5,259,1,21,0,93,1501
Maharashtra,Nasik Commr.,2008,19.8865,75.8489,43,31,0,28,68,24,78,523,2706,0,186,166,10,276,5,42,0,141,4139
Maharashtra,Nasik Rural,2008,19.9065,75.8689,90,55,1,72,66,37,36,175,1118,0,374,113,11,761,5,61,0,287,4480
Maharashtra,Navi Mumbai,2008,19.5315,75.4939,61,39,0,24,52,40,118,430,3444,0,194,199,5,443,1,31,0,72,5049
Maharashtra,Osmanabad,2008,19.6415,75.6039,53,25,1,44,44,37,28,174,790,0,171,136,33,546,2,80,0,183,3072
Maharashtra,Parbhani,2008,19.5665,75.5289,49,37,4,24,34,24,71,228,710,0,201,56,31,969,15,56,0,204,2767
Maharashtra,Pune Commr.,2008,18.5204,73.8567,137,141,5,184,220,76,379,1395,11018,0,530,600,21,1328,7,113,0,273,16029
Maharashtra,Pune Rly.,2008,19.7565,75.7189,2,2,0,2,2,4,10,1,756,0,7,5,0,5,1,3,0,0,796
Maharashtra,Pune Rural,2008,19.6315,75.5939,146,77,26,132,92,49,89,588,2800,0,357,191,23,874,13,104,0,189,7183
Maharashtra,Raigad,2008,19.7865,75.7489,43,31,3,34,12,17,14,112,640,0,143,59,2,253,5,33,0,41,2061
Maharashtra,Ratnagiri,2008,19.9015,75.8639,18,15,1,52,30,5,10,118,472,0,91,61,27,196,0,33,0,55,1561
Maharashtra,Sangli,2008,19.5815,75.5439,46,27,6,84,42,10,25,217,1230,0,176,166,28,385,12,67,0,140,2909
Maharashtra,Satara,2008,19.8865,75.8489,60,27,6,60,42,29,73,404,2198,0,252,134,32,482,3,66,0,164,4634
Maharashtra,Sindhudurg,2008,19.7465,75.7089,6,7,1,16,4,0,4,85,240,0,36,23,15,121,0,34,0,14,795
Maharashtra,Solapur Commr.,2008,19.8765,75.8389,17,15,1,48,24,6,32,119,928,0,57,97,2,192,0,17,0,66,1684
Maharashtra,Solapur Rural,2008,19.7715,75.7339,88,59,0,126,96,34,82,290,1364,0,303,90,53,686,9,101,0,241,4720
Maharashtra,Thane Commr.,2008,19.2183,72.9781,99,76,2,148,206,39,132,1210,5028,0,381,592,20,1393,12,149,0,384,9479
Maharashtra,Thane Rural,2008,19.5965,75.5589,147,39,1,142,100,41,70,602,2202,0,310,159,37,841,7,128,0,134,5792
Maharashtra,Wardha,2008,19.8415,75.8039,36,27,3,52,52,7,42,258,1682,0,158,62,74,808,5,128,0,116,4369
Maharashtra,Washim,2008,19.5515,75.5139,30,29,0,40,44,9,36,119,938,0,117,33,25,421,2,59,0,110,2222
Maharashtra,Yavatmal,2008,19.9265,75.8889,74,55,5,86,68,8,55,259,1960,0,147,38,56,955,6,114,0,171,4899
Manipur,Bishnupur,2008,24.4637,93.7063,16,43,0,6,28,23,0,9,70,0,6,13,2,37,0,16,0,4,327
Manipur,Chandel,2008,24.8937,94.1363,13,10,0,0,4,2,0,2,6,0,0,1,4,20,0,0,0,0,74
Manipur,Churachandpur,2008,24.7837,94.0263,18,5,1,4,10,2,0,9,28,0,0,6,2,2,0,0,0,0,131
Manipur,Cid,2008,24.7437,93.9863,0,0,0,0,0,0,0,0,0,0,0,1,0,0,0,0,0,0,2
Manipur,Imphal East,2008,28.6333,77.2833,30,103,1,18,86,78,1,15,156,0,4,39,4,59,0,14,0,5,725
Manipur,Imphal West,2008,28.65,77.1,42,192,2,24,120,55,0,27,438,0,18,38,15,86,1,22,0,7,1191
Manipur,Senapati,2008,24.4637,93.7063,14,6,0,4,12,12,3,4,46,0,6,0,1,10,0,0,0,0,139
Manipur,Tamenglong,2008,24.4787,93.7213,3,3,0,0,4,2,0,0,8,0,1,0,0,2,0,0,0,0,27
Manipur,Thoubal,2008,24.4487,93.6913,46,126,0,18,88,36,3,8,124,0,11,46,10,81,0,5,0,12,648
Manipur,Ukhrul,2008,24.7087,93.9513,5,10,0,2,0,3,0,2,16,0,2,17,3,4,0,0,0,0,85
Meghalaya,Garo Hills East,2008,28.6333,77.2833,10,5,3,2,20,8,3,10,54,0,2,1,0,10,0,1,0,0,130
Meghalaya,Garo Hills South,2008,28.5333,77.2,4,1,0,4,4,5,1,1,24,0,0,1,0,0,0,0,0,0,45
Meghalaya,Garo Hills West,2008,28.65,77.1,16,20,1,20,18,11,14,29,284,0,5,13,13,75,0,21,0,13,533
Meghalaya,Jaintia Hills,2008,25.487,91.3862,38,5,0,36,14,5,11,23,172,0,0,10,5,40,0,7,0,0,359
Meghalaya,Khasi Hills East,2008,28.6333,77.2833,30,16,2,68,38,9,29,96,614,0,0,72,8,57,2,14,0,19,1037
Meghalaya,Khasi Hills West,2008,28.65,77.1,13,7,0,32,10,21,3,8,48,0,1,1,0,10,0,2,0,0,154
Meghalaya,Ri-Bhoi,2008,25.712,91.6112,15,1,0,14,8,4,4,1,142,0,0,6,2,12,0,9,0,0,229
Mizoram,Aizawl,2008,23.3695,93.1426,12,7,4,78,2,0,3,157,786,0,1,36,4,42,0,36,0,4,1128
Mizoram,Champhai,2008,23.1495,92.9226,4,1,0,14,2,0,0,27,144,0,0,4,1,10,0,5,0,0,207
Mizoram,Kolasib,2008,23.3695,93.1426,2,1,1,18,8,3,1,34,168,0,0,3,1,10,0,11,0,1,249
Mizoram,Lawngtlai,2008,23.2295,93.0026,3,1,0,16,0,0,0,18,64,0,0,6,1,11,0,2,0,0,147
Mizoram,Lunglei,2008,23.3295,93.1026,8,0,0,16,4,0,2,53,200,0,0,6,8,17,0,13,0,0,314
Mizoram,Mamit,2008,23.2195,92.9926,1,0,1,4,2,1,0,17,34,0,0,1,2,5,0,3,0,0,67
Mizoram,Saiha,2008,22.9895,92.7626,2,0,0,0,0,0,0,13,36,0,0,1,1,13,0,1,0,0,78
Mizoram,Serchhip,2008,23.3445,93.1176,3,0,0,8,0,0,0,19,62,0,0,0,0,10,0,7,0,0,102
Nagaland,Dimapur,2008,26.3284,94.7324,64,13,1,12,62,2,66,66,364,0,0,15,6,8,0,11,0,2,678
Nagaland,Kiphire,2008,26.1734,94.5774,4,0,0,0,0,0,0,0,12,0,0,0,0,0,0,0,0,0,21
Nagaland,Kohima,2008,26.0484,94.4524,27,7,1,12,10,2,11,22,86,0,0,7,0,9,0,1,0,2,193
Nagaland,Longleng,2008,26.0434,94.4474,0,2,0,0,0,0,1,2,0,0,0,1,0,0,0,0,0,0,9
Nagaland,Mokokchung,2008,26.2884,94.6924,15,3,8,2,6,0,2,12,32,0,2,2,1,4,0,0,0,0,82
Nagaland,Mon,2008,25.9134,94.3174,12,5,2,2,0,0,2,4,46,0,0,2,0,2,0,1,0,0,84
Nagaland,Peren,2008,26.1434,94.5474,4,2,0,2,0,0,1,3,8,0,0,0,0,1,0,0,0,0,21
Nagaland,Phek,2008,26.2334,94.6374,9,8,1,4,2,1,0,2,16,0,0,1,0,4,0,1,0,0,55
Nagaland,Tuensang,2008,26.1484,94.5524,3,0,0,2,0,0,2,5,4,0,0,0,1,0,0,0,0,0,36
Nagaland,Wokha,2008,26.2734,94.6774,5,5,0,0,8,1,1,0,84,0,2,2,6,10,0,1,0,0,124
Nagaland,Zunheboto,2008,26.1234,94.5274,0,2,0,2,0,0,1,11,38,0,0,1,0,8,0,0,0,0,63
Odisha,Angul,2008,21.1617,85.3085,53,64,0,94,98,21,62,129,760,0,149,24,27,21,16,186,0,61,2543
Odisha,Balasore,2008,20.7367,84.8835,31,44,1,100,94,16,37,201,642,0,34,53,29,1258,27,76,0,217,2803
Odisha,Baragarh,2008,20.7917,84.9385,35,77,0,58,16,5,29,78,300,0,100,39,17,68,9,64,0,14,1513
Odisha,Berhampur,2008,20.7067,84.8535,12,51,0,46,44,10,29,77,256,0,45,33,20,190,4,90,0,9,1059
Odisha,Bhadrak,2008,21.0067,85.1535,34,20,13,116,92,8,23,68,214,0,36,46,18,34,16,73,0,106,2078
Odisha,Bolangir,2008,20.9017,85.0485,30,41,0,68,48,7,33,98,322,0,98,50,16,149,12,132,0,18,1834
Odisha,Boudh,2008,21.1017,85.2485,10,8,0,10,4,1,2,16,46,0,41,1,19,180,3,61,0,9,463
Odisha,Cuttack,2008,20.8467,84.9935,26,38,0,70,70,7,44,117,398,0,37,43,22,66,31,16,0,124,2301
Odisha,Dcp Bbsr,2008,21.0767,85.2235,51,58,2,72,90,24,106,334,2432,0,68,243,12,768,23,61,0,38,4258
Odisha,Dcp Ctc,2008,20.8917,85.0385,14,21,51,36,42,23,66,138,1162,0,27,51,4,55,15,18,0,55,1912
Odisha,Deogarh,2008,20.8517,84.9985,16,47,0,26,16,4,10,21,74,0,26,8,9,193,5,96,0,36,686
Odisha,Dhenkanal,2008,21.1317,85.2785,50,54,1,52,48,11,47,80,310,0,91,41,21,66,19,187,0,31,1832
Odisha,Gajapati,2008,20.8317,84.9785,14,15,0,16,8,5,3,22,30,0,78,6,43,82,2,52,0,3,481
Odisha,Ganjam,2008,21.0467,85.1935,68,142,2,96,90,23,61,163,282,0,133,27,34,432,13,259,0,12,2126
Odisha,Jagatsinghpur,2008,20.7617,84.9085,24,9,0,50,58,5,29,78,308,0,33,44,9,123,20,22,0,51,1384
Odisha,Jajpur,2008,21.1767,85.3235,74,66,0,72,128,11,47,91,486,0,55,39,8,835,40,98,0,109,2220
Odisha,Jharsuguda,2008,21.1817,85.3285,27,29,7,24,24,15,44,102,576,0,59,16,15,346,6,67,0,35,1531
Odisha,Kalahandi,2008,20.9067,85.0535,24,15,0,76,58,6,29,55,142,0,95,39,13,185,3,82,0,27,1360
Odisha,Kandhamal,2008,21.0667,85.2135,27,30,0,92,30,4,16,60,90,0,759,82,374,25,3,70,0,39,1630
Odisha,Kendrapara,2008,21.0217,85.1685,53,8,0,60,62,17,41,74,206,0,39,21,11,4,32,8,0,93,1399
Odisha,Keonjhar,2008,21.0417,85.1885,91,152,0,132,116,14,87,78,560,0,92,33,18,27,22,203,0,34,2300
Odisha,Khurda,2008,21.1267,85.2735,19,11,0,50,66,11,35,86,264,0,26,11,6,0,0,14,0,0,1380
Odisha,Koraput,2008,20.9817,85.1285,51,52,3,94,56,14,35,71,270,0,98,24,8,9,3,113,0,45,1469
Odisha,Malkangir,2008,21.0667,85.2135,46,34,1,24,16,4,5,12,92,0,20,5,7,50,0,33,0,10,384
Odisha,Mayurbhanj,2008,20.9467,85.0935,83,65,0,180,102,10,32,97,504,0,24,44,14,462,27,200,0,58,2448
Odisha,Nayagarh,2008,20.7817,84.9285,33,8,0,68,50,13,27,57,200,0,35,20,13,432,10,7,0,85,1114
Odisha,Nowrangpur,2008,20.7267,84.8735,26,29,0,52,42,5,10,37,166,0,53,6,6,45,0,79,0,32,840
Odisha,Nuapada,2008,21.0017,85.1485,11,8,0,28,34,2,7,42,140,0,30,8,7,20,2,59,0,37,720
Odisha,Puri,2008,21.0967,85.2435,25,33,0,74,62,11,125,173,796,0,83,53,15,51,13,24,0,87,2930
Odisha,Rayagada,2008,20.8267,84.9735,24,10,3,38,28,8,11,39,144,0,58,19,22,0,6,54,0,23,715
Odisha,Rourkela,2008,21.1017,85.2485,54,39,0,76,46,13,65,117,632,0,38,57,3,338,5,98,0,66,2247
Odisha,Sambalpur,2008,21.1217,85.2685,49,55,0,66,26,26,72,172,654,0,95,37,14,210,6,82,0,39,2377
Odisha,Sonepur,2008,20.7717,84.9185,7,28,0,30,6,1,5,31,142,0,23,6,3,14,1,24,0,8,455
Odisha,Srp(Cuttack),2008,20.9017,85.0485,2,3,0,2,8,2,14,8,640,0,0,4,0,32,0,6,0,0,715
Odisha,Srp(Rourkela),2008,20.9967,85.1435,8,2,0,2,4,0,9,13,272,0,3,1,0,2,0,3,0,1,316
Odisha,Sundargarh,2008,20.7717,84.9185,48,49,0,76,34,15,48,65,326,0,40,10,12,241,7,65,0,6,1357
Punjab,Amritsar,2008,31.634,74.8723,46,71,9,30,108,26,21,142,932,0,0,321,5,245,6,25,0,66,2327
Punjab,Amritsar Rural,2008,31.634,74.8723,29,39,2,20,46,5,2,40,136,0,0,94,6,107,6,5,0,27,693
Punjab,Barnala,2008,31.3321,75.5262,24,33,2,24,14,2,4,43,120,0,0,49,1,149,1,11,0,10,705
Punjab,Batala,2008,31.1221,75.3162,13,12,5,40,38,3,2,67,184,0,0,113,0,203,6,9,0,46,803
Punjab,Bhatinda,2008,30.9171,75.1112,44,63,6,40,88,7,15,253,862,0,1,134,14,275,4,29,0,39,2206
Punjab,Faridkot,2008,30.9071,75.1012,17,20,2,30,26,1,3,65,280,0,0,73,3,183,1,9,0,16,895
Punjab,Fatehgarh Sahib,2008,31.0171,75.2112,17,11,3,26,32,2,2,62,322,0,0,91,0,151,0,5,0,31,998
Punjab,Ferozpur,2008,31.2371,75.4312,56,68,3,60,60,4,6,127,640,0,0,169,8,461,8,29,0,39,1992
Punjab,G.R.P,2008,31.3271,75.5212,11,2,2,2,0,1,1,0,90,0,0,15,0,32,4,2,0,0,401
Punjab,Gurdaspur,2008,30.9771,75.1712,20,21,37,48,50,0,0,45,284,0,0,49,0,107,9,15,0,28,938
Punjab,Hoshiarpur,2008,31.2071,75.4012,33,49,4,70,44,3,7,90,362,0,0,124,6,356,13,21,0,73,1529
Punjab,Jalandhar,2008,31.3271,75.5212,72,105,7,102,220,14,15,306,1490,0,0,401,10,594,10,52,0,133,3886
Punjab,Kapurthala,2008,30.9371,75.1312,23,70,5,48,46,20,17,125,578,0,0,160,1,214,4,19,0,27,1469
Punjab,Khanna,2008,31.1671,75.3612,21,16,4,24,38,7,6,80,354,0,0,94,0,135,7,5,0,28,1089
Punjab,Ludhiana,2008,30.901,75.8573,73,69,10,92,230,26,17,217,1154,0,0,278,2,292,10,36,0,92,3148
Punjab,Ludhiana Rural,2008,30.901,75.8573,16,20,4,28,42,4,2,53,240,0,0,46,0,131,4,4,0,19,789
Punjab,Mansa,2008,30.9521,75.1462,31,42,6,26,22,3,3,62,156,0,0,41,1,225,3,6,0,12,824
Punjab,Moga,2008,31.1921,75.3862,27,29,9,38,48,3,7,75,272,0,0,106,4,313,3,19,0,22,1106
Punjab,Muktsar,2008,31.0321,75.2262,25,42,1,24,24,0,2,75,230,0,0,41,3,172,3,6,0,19,784
Punjab,Patiala,2008,31.0121,75.2062,42,49,5,70,88,9,1,210,746,0,0,180,3,391,13,17,0,116,2597
Punjab,Ropar,2008,30.9021,75.0962,9,14,1,20,22,0,7,78,218,0,0,85,6,91,2,18,0,27,886
Punjab,Sangrur,2008,31.1871,75.3812,42,53,6,68,46,15,13,136,462,0,0,105,2,247,4,15,0,62,1836
Punjab,Sas Ngr,2008,31.2471,75.4412,26,10,4,40,56,4,3,176,706,0,0,190,0,135,3,0,0,0,1684
Punjab,Sbs Nagar,2008,31.1121,75.3062,20,12,4,28,14,0,9,49,148,0,0,109,0,210,2,9,0,28,796
Punjab,Tarn Taran,2008,30.8971,75.0912,32,36,5,36,34,3,2,45,160,0,0,124,0,178,2,22,0,24,933
Rajasthan,Ajmer,2008,26.4499,74.6399,47,36,0,90,204,2,31,256,1402,0,32,650,11,267,17,108,0,516,6339
Rajasthan,Alwar,2008,26.9488,74.1429,101,59,8,176,284,13,38,233,2544,0,22,649,32,2583,38,134,0,429,8335
Rajasthan,Banswara,2008,27.1438,74.3379,33,18,2,84,100,1,10,53,216,0,111,68,31,780,8,66,0,85,2310
Rajasthan,Baran,2008,27.0538,74.2479,37,109,2,104,90,7,13,102,570,0,9,157,14,471,10,169,0,181,3032
Rajasthan,Barmer,2008,27.2438,74.4379,18,23,0,40,48,0,6,99,362,0,6,208,23,505,14,82,0,116,2849
Rajasthan,Bharatpur,2008,27.0638,74.2579,63,53,0,148,200,19,34,58,1764,0,5,528,20,673,24,39,0,371,7203
Rajasthan,Bhilwara,2008,27.1438,74.3379,37,35,0,84,136,1,45,212,1422,0,32,398,18,46,13,77,0,370,4808
Rajasthan,Bikaner,2008,26.9588,74.1529,38,70,0,96,58,2,16,113,734,0,0,390,16,561,12,74,0,306,4054
Rajasthan,Bundi,2008,27.1988,74.3929,17,67,4,66,140,0,8,80,486,0,24,144,14,763,3,98,0,224,3101
Rajasthan,Chittorgarh,2008,26.8788,74.0729,36,20,0,80,208,7,21,162,1004,0,71,239,43,1209,6,73,0,402,4533
Rajasthan,Churu,2008,27.0738,74.2679,16,39,0,74,86,1,4,93,410,0,2,269,10,536,16,16,0,212,2759
Rajasthan,Dausa,2008,27.0938,74.2879,33,32,2,42,122,3,18,112,1640,0,50,266,14,192,9,34,0,100,4603
Rajasthan,Dholpur,2008,27.0088,74.2029,51,77,3,42,128,6,20,51,850,0,12,123,9,1457,19,9,0,127,3616
Rajasthan,Dungarpur,2008,27.0238,74.2179,23,15,0,52,100,1,15,45,158,0,100,48,23,164,11,66,0,94,2033
Rajasthan,G.R.P.,2008,26.9338,74.1279,4,4,0,4,8,2,6,1,736,0,3,9,1,3,1,17,0,0,781
Rajasthan,Ganganagar,2008,27.0638,74.2579,39,71,2,140,132,2,7,181,694,0,21,564,10,1027,16,59,0,276,4632
Rajasthan,Hanumangarh,2008,27.1788,74.3729,55,82,1,66,70,2,6,88,402,0,0,401,11,415,17,68,0,232,3354
Rajasthan,Jaipur East,2008,28.6333,77.2833,15,27,2,40,128,4,110,290,5064,0,126,571,10,8,6,54,0,140,6455
Rajasthan,Jaipur North,2008,28.7,77.1833,14,37,1,50,138,3,26,121,1490,0,56,475,6,417,5,26,0,149,3517
Rajasthan,Jaipur Rural,2008,26.9124,75.7873,66,32,1,70,220,11,19,236,2274,0,71,791,32,654,11,108,0,205,9051
Rajasthan,Jaipur South,2008,28.5333,77.2,17,25,0,30,104,9,46,276,3078,0,61,966,7,372,9,26,0,162,5435
Rajasthan,Jaisalmer,2008,26.7738,73.9679,6,1,0,8,22,0,4,47,228,0,17,73,7,192,10,19,0,24,993
Rajasthan,Jalore,2008,27.0488,74.2429,24,19,1,26,54,0,9,63,298,0,18,136,28,66,8,50,0,106,2472
Rajasthan,Jhalawar,2008,26.8238,74.0179,58,99,0,88,132,9,15,117,790,0,78,132,26,683,6,144,0,262,3368
Rajasthan,Jhunjhunu,2008,26.8438,74.0379,34,20,0,80,88,2,3,109,808,0,36,350,18,856,22,32,0,240,3859
Rajasthan,Jodhpur City,2008,26.2389,73.0243,13,56,3,38,86,2,32,141,1518,0,22,460,5,561,10,25,0,212,3216
Rajasthan,Jodhpur Rural,2008,26.2389,73.0243,14,34,0,64,62,4,12,95,502,0,8,146,16,1113,17,47,0,81,3029
Rajasthan,Karauli,2008,27.1438,74.3379,39,34,0,66,128,6,19,23,1132,0,11,156,12,23,11,27,0,99,3771
Rajasthan,Kota City,2008,25.2138,75.8648,36,132,6,48,132,7,75,166,1892,0,2,363,9,97,10,40,0,307,3908
Rajasthan,Kota Rural,2008,25.2138,75.8648,33,41,4,68,60,1,17,66,380,0,5,112,10,284,4,76,0,201,1919
Rajasthan,Nagaur,2008,27.1488,74.3429,36,42,1,66,128,0,14,158,734,0,1,304,16,195,18,142,0,257,3775
Rajasthan,Pali,2008,26.8388,74.0329,33,24,1,86,192,0,9,169,670,0,12,305,8,41,13,116,0,323,4704
Rajasthan,Pratapgarh,2008,27.1088,74.3029,20,24,1,98,108,0,5,35,260,0,35,69,12,502,2,51,0,138,1847
Rajasthan,Rajsamand,2008,26.9338,74.1279,17,7,0,24,96,2,12,76,332,0,26,100,9,577,0,35,0,195,2159
Rajasthan,Sawai Madhopur,2008,26.8038,73.9979,25,31,0,32,100,3,17,86,932,0,6,212,2,5,6,29,0,144,3435
Rajasthan,Sikar,2008,27.2388,74.4329,43,28,2,80,96,3,11,152,834,0,27,406,24,321,15,18,0,217,4202
Rajasthan,Sirohi,2008,27.2038,74.3979,26,21,3,34,80,1,13,79,280,0,39,142,13,367,5,66,0,110,1834
Rajasthan,Tonk,2008,26.9938,74.1879,15,28,1,44,100,0,8,104,628,0,86,186,9,880,6,41,0,206,3203
Rajasthan,Udaipur,2008,24.5854,73.7125,65,77,3,182,348,5,55,188,1304,0,147,531,36,1251,11,159,0,294,6716
Sikkim,East,2008,28.6333,77.2833,5,5,1,10,4,1,1,40,138,0,1,39,12,36,0,5,0,3,351
Sikkim,North,2008,28.7,77.1833,1,2,0,2,0,0,0,2,14,0,1,2,0,7,0,1,0,0,41
Sikkim,South,2008,28.5333,77.2,1,0,2,18,2,0,6,29,52,0,8,1,6,30,0,10,0,0,195
Sikkim,West,2008,28.65,77.1,2,0,0,10,2,0,0,10,50,0,7,4,5,27,0,3,0,2,143
Tamil Nadu,Chennai,2008,13.0827,80.2707,100,130,0,70,86,5,41,322,3090,0,55,293,0,726,25,46,0,165,11829
Tamil Nadu,Chennai Rly.,2008,13.0827,80.2707,0,5,0,0,2,0,17,1,500,0,9,1,0,24,0,5,0,0,559
Tamil Nadu,Chennaisuburban,2008,13.0827,80.2707,74,76,0,42,58,0,16,228,1126,0,48,66,1,437,28,42,0,41,3457
Tamil Nadu,Coimbatore Rural,2008,11.0168,76.9558,88,77,0,28,126,16,48,278,2556,0,210,111,30,952,8,107,0,115,10998
Tamil Nadu,Coimbatore Urban,2008,11.0168,76.9558,20,28,0,18,34,1,11,78,1242,0,24,93,4,240,6,29,0,62,4180
Tamil Nadu,Cuddalore,2008,10.9221,78.4519,63,71,0,32,112,3,16,89,912,0,176,16,17,653,1,29,0,50,6509
Tamil Nadu,Dharmapuri,2008,11.3221,78.8519,49,57,8,24,98,3,42,57,406,0,215,26,29,1582,2,136,0,43,4696
Tamil Nadu,Dindigul,2008,11.0971,78.6269,56,71,0,26,106,0,10,85,802,0,88,103,18,415,3,47,0,99,4627
Tamil Nadu,Erode,2008,11.3071,78.8369,60,43,0,42,114,7,27,172,1328,0,44,51,20,652,1,78,0,30,8006
Tamil Nadu,Kanchipuram,2008,10.9271,78.4569,75,76,0,48,36,2,7,109,740,0,76,21,17,427,7,20,0,8,6916
Tamil Nadu,Kanyakumari,2008,11.0221,78.5519,29,58,1,16,84,6,18,160,794,0,1,158,37,670,6,27,0,71,4735
Tamil Nadu,Karur,2008,11.1021,78.6319,21,16,0,8,26,2,11,23,658,0,23,15,3,152,4,10,0,13,2464
Tamil Nadu,Krishnagiri,2008,16.1809,81.1303,54,65,0,40,88,43,36,87,600,0,185,37,23,807,2,40,0,21,5080
Tamil Nadu,Madurai Rural,2008,9.9252,78.1198,55,79,0,36,64,2,14,77,564,0,187,88,23,544,9,72,0,75,4791
Tamil Nadu,Madurai Urban,2008,9.9252,78.1198,39,38,0,8,48,1,8,65,1064,0,19,117,5,91,5,11,0,42,2470
Tamil Nadu,Nagapattinam,2008,10.9171,78.4469,47,64,1,20,56,2,2,49,464,0,41,18,15,367,4,59,0,8,4133
Tamil Nadu,Namakkal,2008,11.3721,78.9019,46,34,0,38,98,9,29,75,604,0,88,79,11,568,5,49,0,25,4625
Tamil Nadu,Nilgiris,2008,10.8821,78.4119,6,10,0,8,8,0,6,86,206,0,25,9,0,223,1,20,0,9,1371
Tamil Nadu,Perambalur,2008,11.1921,78.7219,29,50,0,52,62,1,2,41,654,0,49,41,9,267,7,70,0,6,3138
Tamil Nadu,Pudukottai,2008,11.3371,78.8669,37,42,2,8,68,0,3,53,358,0,38,35,13,253,8,45,0,39,3032
Tamil Nadu,Ramnathapuram,2008,11.2321,78.7619,45,95,0,12,56,4,20,82,446,0,62,43,13,401,2,34,0,12,2907
Tamil Nadu,Salem Rural,2008,11.6643,78.146,69,103,2,70,224,7,19,101,694,0,346,35,41,2341,3,217,0,94,7381
Tamil Nadu,Salem Urban,2008,11.6643,78.146,29,40,0,44,64,1,18,45,526,0,40,71,1,378,7,16,0,33,2313
Tamil Nadu,Sivagangai,2008,11.3421,78.8719,34,47,2,2,86,2,18,103,528,0,41,91,17,295,4,7,0,56,2888
Tamil Nadu,Thanjavur,2008,11.0871,78.6169,66,93,0,14,58,23,20,158,1064,0,68,27,30,809,7,108,0,20,7420
Tamil Nadu,Theni,2008,10.9271,78.4569,28,55,1,14,70,0,21,75,526,0,60,88,17,484,4,30,0,35,4992
Tamil Nadu,Thirunelveli Rural,2008,10.9821,78.5119,89,248,1,84,136,0,26,213,920,0,4,93,59,1062,3,115,0,97,7822
Tamil Nadu,Thirunelveli Urban,2008,11.2971,78.8269,20,45,0,16,32,1,15,41,478,0,4,27,1,112,2,7,0,7,1574
Tamil Nadu,Thiruvallur,2008,10.9921,78.5219,35,41,2,34,44,4,30,80,464,0,75,33,9,486,9,18,0,30,4116
Tamil Nadu,Thiruvannamalai,2008,11.3571,78.8869,32,65,0,40,68,3,6,95,578,0,117,53,32,675,3,20,0,16,4625
Tamil Nadu,Thiruvarur,2008,11.3171,78.8469,26,36,0,12,28,4,9,53,246,0,34,27,18,1012,1,51,0,3,2770
Tamil Nadu,Thoothugudi,2008,10.9971,78.5269,72,127,0,22,96,0,33,198,1110,0,2,115,10,498,4,3,0,64,5508
Tamil Nadu,Trichy Rly.,2008,11.1121,78.6419,1,1,0,0,0,0,1,0,76,0,0,2,0,4,0,0,0,0,98
Tamil Nadu,Trichy Rural,2008,11.3421,78.8719,55,27,0,22,56,0,6,53,522,0,25,16,8,177,5,16,0,28,3598
Tamil Nadu,Trichy Urban,2008,10.9771,78.5069,13,30,2,4,20,2,6,59,888,0,10,54,2,68,5,7,0,25,3273
Tamil Nadu,Vellore,2008,11.2471,78.7769,74,33,4,42,106,2,8,139,844,0,14,58,26,621,7,25,0,49,7050
Tamil Nadu,Villupuram,2008,11.2421,78.7719,82,78,2,116,128,7,20,98,622,0,249,38,30,608,6,70,0,88,6631
Tamil Nadu,Virudhunagar,2008,11.1371,78.6669,41,73,0,34,104,3,22,121,838,0,59,100,21,448,3,19,0,69,4271
Tripura,Dhalai,2008,24.0858,92.1332,20,3,0,64,36,3,14,24,78,0,18,3,6,73,2,22,0,34,417
Tripura,North,2008,28.7,77.1833,28,16,0,92,54,2,7,41,174,0,19,18,6,235,2,62,0,169,993
Tripura,South,2008,28.5333,77.2,35,20,1,90,68,2,41,50,300,0,45,28,22,254,6,135,0,161,1506
Tripura,West,2008,28.65,77.1,72,14,1,162,134,9,33,103,446,0,115,43,13,362,6,127,0,371,2420
Uttar Pradesh,Agra,2008,27.1767,78.0081,109,133,40,84,458,19,61,208,3652,0,233,339,12,431,77,123,0,479,6925
Uttar Pradesh,Aligarh,2008,27.8974,78.088,139,143,30,124,324,16,73,137,1402,0,176,241,18,311,58,37,0,213,4069
Uttar Pradesh,Allahabad,2008,25.4358,81.8463,143,89,33,98,288,6,62,245,1526,0,177,226,3,413,68,91,0,259,5161
Uttar Pradesh,Ambedkar Nagar,2008,26.8067,80.9062,33,19,12,36,102,1,13,27,262,0,23,70,1,184,13,20,0,133,1040
Uttar Pradesh,Auraiya,2008,27.0267,81.1262,26,20,11,22,58,4,10,6,188,0,17,17,7,81,12,7,0,36,822
Uttar Pradesh,Azamgarh,2008,26.8117,80.9112,74,37,21,48,120,3,30,62,358,0,57,74,0,258,35,17,0,86,1760
Uttar Pradesh,Badaun,2008,26.9517,81.0512,68,109,40,22,106,3,14,24,252,0,15,71,4,205,32,27,0,25,2112
Uttar Pradesh,Baghpat,2008,26.9667,81.0662,66,70,9,38,102,5,51,42,338,0,69,74,0,135,15,16,0,61,1539
Uttar Pradesh,Bahraich,2008,26.9717,81.0712,46,39,18,48,128,9,17,61,260,0,32,22,10,138,27,24,0,37,1217
Uttar Pradesh,Ballia,2008,26.6167,80.7162,32,39,19,24,66,1,15,62,298,0,53,61,1,131,20,15,0,43,936
Uttar Pradesh,Balrampur,2008,26.6017,80.7012,15,11,6,24,42,1,3,13,96,0,10,14,0,23,5,12,0,13,351
Uttar Pradesh,Banda,2008,26.8967,80.9962,37,21,24,70,80,1,20,84,252,0,64,100,13,95,36,70,0,67,1830
Uttar Pradesh,Barabanki,2008,26.9967,81.0962,54,70,15,46,166,0,22,80,418,0,14,14,2,273,47,34,0,110,2986
Uttar Pradesh,Bareilly,2008,28.367,79.4304,130,162,45,92,310,15,48,147,1244,0,120,234,0,238,47,110,0,202,5222
Uttar Pradesh,Basti,2008,27.0667,81.1662,26,22,13,14,36,2,7,29,164,0,26,109,0,117,15,5,0,24,999
Uttar Pradesh,Bijnor,2008,26.6417,80.7412,93,68,19,60,184,5,32,36,456,0,54,198,0,423,19,52,0,249,2295
Uttar Pradesh,Bulandshahar,2008,26.9167,81.0162,104,98,19,56,154,1,11,39,454,0,52,181,0,462,29,51,0,151,3568
Uttar Pradesh,Chandoli,2008,26.8267,80.9262,24,27,5,8,22,0,8,53,232,0,8,70,0,165,19,10,0,91,1129
Uttar Pradesh,Chitrakoot Dham,2008,26.8017,80.9012,28,14,9,44,40,5,10,35,104,0,6,36,7,69,17,21,0,17,528
Uttar Pradesh,Deoria,2008,26.9517,81.0512,33,16,16,30,40,0,4,36,162,0,41,20,2,77,36,6,0,27,797
Uttar Pradesh,Etah,2008,26.7317,80.8312,64,82,20,40,160,3,23,53,498,0,46,94,9,166,34,41,0,71,1984
Uttar Pradesh,Etawah,2008,26.7267,80.8262,70,72,12,38,178,12,27,72,682,0,15,103,0,240,28,43,0,108,2408
Uttar Pradesh,Faizabad,2008,26.9717,81.0712,43,14,12,46,116,4,15,65,416,0,36,119,0,175,18,26,0,86,1733
Uttar Pradesh,Fatehgarh,2008,26.8217,80.9212,65,60,19,46,122,4,13,44,290,0,22,39,0,270,26,35,0,84,1433
Uttar Pradesh,Fatehpur,2008,26.9917,81.0912,74,35,39,32,106,12,22,76,266,0,8,106,0,177,41,32,0,67,1819
Uttar Pradesh,Firozabad,2008,26.9417,81.0412,121,139,20,54,228,14,41,67,884,0,113,140,6,201,41,43,0,77,3009
Uttar Pradesh,G.R.P.,2008,26.7567,80.8562,14,16,8,4,22,25,40,4,3042,0,27,42,0,7,0,18,0,0,3243
Uttar Pradesh,Gautambudh Nagar,2008,26.7517,80.8512,65,63,16,44,140,0,42,84,3406,0,70,256,0,15,25,19,0,68,4185
Uttar Pradesh,Ghaziabad,2008,28.6692,77.4538,143,138,44,60,398,10,63,115,2282,0,64,267,6,49,39,30,0,202,4888
Uttar Pradesh,Ghazipur,2008,27.0167,81.1162,41,36,28,12,50,12,57,39,240,0,121,58,4,105,33,17,0,64,1059
Uttar Pradesh,Gonda,2008,27.0567,81.1562,49,53,20,54,108,8,19,59,284,0,44,116,2,243,43,39,0,12,1395
Uttar Pradesh,Gorakhpur,2008,26.8417,80.9412,76,38,39,92,300,3,49,152,960,0,114,190,2,362,43,30,0,216,2892
Uttar Pradesh,Hamirpur,2008,26.6617,80.7612,23,8,21,18,42,0,0,13,46,0,9,22,0,17,13,13,0,10,450
Uttar Pradesh,Hardoi,2008,26.8567,80.9562,71,53,18,84,128,3,18,38,352,0,30,54,3,280,50,67,0,68,2114
Uttar Pradesh,Hathras,2008,26.7517,80.8512,58,40,24,34,124,8,43,33,384,0,37,79,0,138,27,43,0,92,1447
Uttar Pradesh,J.P.Nagar,2008,26.6467,80.7462,42,30,10,40,76,2,10,26,272,0,28,124,0,22,16,26,0,40,1144
Uttar Pradesh,Jalaun,2008,26.7467,80.8462,43,12,14,12,68,7,16,25,148,0,7,46,5,0,37,34,0,47,1106
Uttar Pradesh,Jaunpur,2008,26.5967,80.6962,40,51,28,38,94,6,31,70,374,0,77,166,3,457,44,38,0,161,2230
Uttar Pradesh,Jhansi,2008,26.7467,80.8462,33,21,23,14,50,0,10,41,268,0,10,61,1,34,26,24,0,11,1011
Uttar Pradesh,Kannauj,2008,26.7917,80.8912,37,37,21,22,84,3,19,19,140,0,22,46,4,22,31,27,0,91,1160
Uttar Pradesh,Kanpur Dehat,2008,27.0617,81.1612,50,35,15,52,134,2,11,36,286,0,96,85,1,322,31,64,0,185,2084
Uttar Pradesh,Kanpur Nagar,2008,26.4499,80.3319,168,114,39,144,592,28,144,279,2586,0,220,645,7,505,86,136,0,632,8885
Uttar Pradesh,Kanshiram Nagar,2008,26.8467,80.9462,60,54,8,38,80,2,7,31,152,0,25,19,6,19,30,31,0,31,905
Uttar Pradesh,Kaushambi,2008,26.9367,81.0362,56,31,12,52,92,2,32,86,214,0,49,75,0,147,26,59,0,117,1674
Uttar Pradesh,Khiri,2008,27.0867,81.1862,79,77,35,116,190,3,22,63,618,0,54,119,5,353,48,74,0,88,2768
Uttar Pradesh,Kushi Nagar,2008,26.6667,80.7662,22,10,13,12,30,0,2,7,76,0,20,58,2,118,14,8,0,24,976
Uttar Pradesh,Lalitpur,2008,27.0217,81.1212,22,4,10,32,24,0,3,24,112,0,20,32,1,7,10,11,0,40,495
Uttar Pradesh,Lucknow,2008,26.8467,80.9462,130,160,32,164,778,18,147,804,6200,0,441,1140,3,57,62,226,0,778,13707
Uttar Pradesh,Maharajganj,2008,26.9817,81.0812,24,4,9,34,52,0,11,16,80,0,23,48,0,60,14,12,0,37,807
Uttar Pradesh,Mahoba,2008,26.7517,80.8512,23,11,6,24,52,3,15,43,102,0,18,22,8,34,17,24,0,30,652
Uttar Pradesh,Mainpuri,2008,26.7667,80.8662,100,98,16,18,176,22,35,60,472,0,57,144,1,202,38,20,0,40,2207
Uttar Pradesh,Mathura,2008,26.7617,80.8612,95,123,25,48,152,1,45,63,1318,0,102,252,0,159,31,64,0,222,3911
Uttar Pradesh,Mau,2008,27.0717,81.1712,27,38,12,38,100,0,14,43,268,0,89,90,0,134,12,29,0,74,1110
Uttar Pradesh,Meerut,2008,28.9845,77.7064,166,160,25,100,356,3,111,125,1930,0,145,302,0,22,37,73,0,326,5025
Uttar Pradesh,Mirzapur,2008,26.6967,80.7962,51,15,16,38,46,5,19,50,346,0,12,90,0,124,24,16,0,133,1294
Uttar Pradesh,Moradabad,2008,27.0267,81.1262,126,118,42,150,358,9,60,166,1566,0,77,239,0,82,38,117,0,139,5093
Uttar Pradesh,Muzaffarnagar,2008,26.9667,81.0662,168,175,50,80,270,14,76,91,1226,0,131,206,0,9,28,39,0,258,3892
Uttar Pradesh,Pilibhit,2008,26.6317,80.7312,47,60,14,82,216,0,8,47,334,0,36,145,0,13,35,90,0,359,2470
Uttar Pradesh,Pratapgarh,2008,26.9317,81.0312,48,64,27,66,184,6,34,111,440,0,137,106,16,262,32,52,0,155,2483
Uttar Pradesh,Raibareilly,2008,28.367,79.4304,63,47,15,76,120,7,12,47,368,0,54,133,2,220,33,43,0,90,2228
Uttar Pradesh,Rampur,2008,26.9317,81.0312,56,94,17,92,214,4,42,81,668,0,53,163,7,10,21,46,0,4,2252
Uttar Pradesh,Saharanpur,2008,26.9567,81.0562,56,73,20,16,62,11,24,46,762,0,71,194,0,25,23,23,0,153,2737
Uttar Pradesh,Sant Kabirnagar,2008,27.0467,81.1462,12,17,6,18,80,0,10,31,126,0,11,47,2,131,7,5,0,12,823
Uttar Pradesh,Shahjahanpur,2008,27.0667,81.1662,114,143,31,136,242,3,28,50,454,0,33,118,2,181,68,80,0,10,2640
Uttar Pradesh,Shrawasti,2008,26.7067,80.8062,20,13,9,12,32,0,5,26,88,0,8,22,0,54,6,13,0,4,390
Uttar Pradesh,Sidharthnagar,2008,26.8717,80.9712,19,11,19,24,64,3,4,33,210,0,21,15,0,63,16,30,0,30,765
Uttar Pradesh,Sitapur,2008,26.7667,80.8662,82,69,39,106,276,3,37,91,780,0,40,86,9,254,77,47,0,110,3275
Uttar Pradesh,Sonbhadra,2008,27.0867,81.1862,39,10,17,52,60,0,7,48,200,0,12,56,1,105,20,38,0,30,969
Uttar Pradesh,St.Ravidasnagar,2008,26.7517,80.8512,19,20,7,4,22,1,6,32,118,0,11,9,0,89,11,2,0,16,433
Uttar Pradesh,Sultanpur,2008,26.6517,80.7512,54,82,15,50,108,1,13,62,478,0,44,59,26,332,12,26,0,43,1902
Uttar Pradesh,Unnao,2008,27.0117,81.1112,58,61,34,72,156,2,19,48,354,0,28,66,2,134,52,50,0,61,1583
Uttar Pradesh,Varanasi,2008,25.3176,82.9739,58,37,18,24,118,3,25,157,1608,0,96,243,2,247,36,14,0,183,3739
Uttarakhand,Almora,2008,30.2868,79.2393,12,7,1,4,14,1,5,18,60,0,11,11,2,23,8,5,0,9,252
Uttarakhand,Bageshwar,2008,30.0068,78.9593,6,0,1,4,6,0,0,7,18,0,2,2,1,4,2,3,0,2,65
Uttarakhand,Chamoli,2008,30.1168,79.0693,1,2,1,4,12,0,1,11,34,0,3,2,1,10,1,3,0,3,94
Uttarakhand,Champawat,2008,30.0868,79.0393,2,2,1,4,8,0,1,4,26,0,1,1,0,4,3,0,0,5,79
Uttarakhand,Dehradun,2008,30.0068,78.9593,42,51,5,40,130,2,37,131,1118,0,170,150,2,263,9,24,0,85,2458
Uttarakhand,Haridwar,2008,29.9968,78.9493,74,62,13,48,122,7,53,82,982,0,141,147,4,506,18,29,0,138,2522
Uttarakhand,Nainital,2008,30.2268,79.1793,24,24,5,18,44,2,11,33,320,0,20,41,0,13,10,5,0,21,892
Uttarakhand,Pauri Garhwal,2008,30.0418,78.9943,4,5,2,0,8,0,4,12,50,0,6,21,2,20,5,3,0,6,178
Uttarakhand,Pithoragarh,2008,29.9918,78.9443,3,6,3,0,0,0,4,13,24,0,1,2,1,12,3,6,0,11,160
Uttarakhand,Rudra Prayag,2008,30.2318,79.1843,0,0,0,0,0,0,0,3,22,0,3,0,0,5,0,0,0,0,37
Uttarakhand,Tehri Garhwal,2008,29.8518,78.8043,7,4,3,6,6,0,5,19,54,0,14,8,2,16,2,4,0,8,241
Uttarakhand,Udhamsingh Nagar,2008,29.8868,78.8393,45,50,5,44,134,6,23,78,500,0,124,75,0,59,11,34,0,51,1749
Uttarakhand,Uttarkashi,2008,29.9568,78.9093,3,4,0,2,10,0,0,12,36,0,13,3,0,2,1,4,0,1,129
West Bengal,24 Parganas North,2008,28.7,77.1833,192,168,47,384,634,344,43,19,2904,0,579,239,13,234,67,209,0,1946,11247
West Bengal,24 Parganas South,2008,28.5333,77.2,239,35,43,616,560,252,35,11,3546,0,1115,217,6,292,53,192,0,2551,13920
West Bengal,Asansol,2008,23.0618,87.93,40,13,10,40,36,30,3,4,444,0,27,45,7,94,9,20,0,166,1676
West Bengal,Bankura,2008,23.1418,88.01,54,37,6,92,42,28,22,9,366,0,126,28,9,252,20,45,0,170,1460
West Bengal,Birbhum,2008,22.9968,87.865,96,24,31,116,92,25,30,3,722,0,372,50,11,253,26,67,0,289,2526
West Bengal,Burdwan,2008,23.2324,87.8615,91,69,26,122,174,70,29,6,1038,0,333,152,5,136,24,107,0,507,4128
West Bengal,Coochbehar,2008,23.0968,87.965,57,51,4,282,216,4,4,15,386,0,139,28,2,137,17,148,0,367,2499
West Bengal,Dakshin Dinajpur,2008,23.1118,87.98,33,109,15,94,100,5,9,2,264,0,19,12,6,72,8,78,0,206,1551
West Bengal,Darjeeling,2008,22.8568,87.725,48,1,16,94,92,28,14,5,1086,0,73,27,11,717,5,60,0,135,2246
West Bengal,Hooghly,2008,22.7518,87.62,92,84,32,108,100,49,52,26,1304,0,376,20,10,177,17,19,0,567,3844
West Bengal,Howrah,2008,22.5958,88.2636,82,11,29,92,210,45,25,11,1748,0,236,242,2,58,20,63,0,595,5487
West Bengal,Howrah G.R.P.,2008,22.5958,88.2636,5,42,0,0,6,10,1,0,1042,0,3,8,0,1,0,5,0,0,1118
West Bengal,Jalpaiguri,2008,23.0118,87.88,126,134,44,668,598,11,76,135,5758,0,129,93,0,1493,18,376,0,1062,12992
West Bengal,Kharagpur G.R.P.,2008,22.7668,87.635,7,0,1,0,0,8,1,0,204,0,3,0,0,0,0,1,0,0,223
West Bengal,Kolkata,2008,22.5726,88.3639,51,77,23,70,232,59,86,138,6730,0,211,1273,0,1470,12,211,0,405,13005
West Bengal,Malda,2008,23.2168,88.085,78,129,24,260,184,19,16,8,620,0,36,50,0,75,12,83,0,401,2798
West Bengal,Murshidabad,2008,23.1218,87.99,134,237,34,616,388,83,30,11,1044,0,282,111,18,1459,34,184,0,1441,6302
West Bengal,Nadia,2008,22.7418,87.61,102,345,28,356,432,52,34,13,2474,0,319,180,24,1366,46,296,0,1186,7247
West Bengal,Paschim Midnapur,2008,22.8668,87.735,98,40,41,112,114,49,28,16,572,0,230,36,6,194,20,58,0,582,2933
West Bengal,Purab Midnapur,2008,22.7768,87.645,63,26,10,120,236,24,18,16,778,0,600,74,0,0,28,45,0,613,3887
West Bengal,Purulia,2008,23.0368,87.905,44,0,7,122,46,12,27,3,526,0,120,28,3,0,4,63,0,193,1744
West Bengal,Sealdah G.R.P.,2008,23.1718,88.04,10,2,1,4,12,6,7,0,294,0,14,4,0,17,0,1,0,0,370
West Bengal,Siliguri G.R.P.,2008,26.7271,88.3953,2,0,2,2,12,0,2,1,192,0,3,1,0,0,0,2,0,1,215
West Bengal,Uttar Dinajpur,2008,22.8868,87.755,67,98,14,156,148,26,21,10,626,0,80,20,17,536,11,63,0,280,2730
Andaman & Nicobar Islands,Andaman,2008,11.6001,92.5186,8,10,2,24,32,0,14,72,250,0,16,19,15,105,2,24,0,25,859
Andaman & Nicobar Islands,Nicobar,2008,11.9651,92.8836,0,1,0,0,2,0,0,6,6,0,0,0,0,2,0,0,0,1,23
Chandigarh,Chandigarh,2008,30.7333,76.7794,17,28,6,40,100,5,23,257,3982,0,85,213,2,73,3,19,0,49,4825
Dadra & Nagar Haveli,D And N Haveli,2008,20.0959,72.9319,9,2,0,12,34,1,0,49,108,0,24,24,6,26,0,4,0,4,401
Daman & Diu,Daman,2008,20.1933,72.6047,2,1,0,0,4,2,3,36,82,0,29,2,2,11,0,2,0,0,192
Daman & Diu,Diu,2008,20.6133,73.0247,0,1,0,0,4,0,1,9,16,0,6,0,1,1,0,0,0,5,56
Delhi,Caw,2008,20.5937,78.9629,0,0,0,0,0,0,0,0,0,0,0,0,0,1,0,1,0,104,107
Delhi,Central,2008,28.65,77.2167,34,33,4,60,168,6,33,92,2784,0,2,144,0,208,6,38,0,81,3564
Delhi,Crime Branch,2008,20.5937,78.9629,1,1,0,0,0,0,0,0,2,0,0,14,0,0,0,0,0,0,30
Delhi,East,2008,28.6333,77.2833,49,51,1,146,382,18,74,180,4942,0,13,137,5,217,21,93,0,184,6214
Delhi,Eow,2008,20.5937,78.9629,0,0,0,0,0,0,0,0,0,0,0,137,0,0,0,0,0,0,170
Delhi,Grp(Rly),2008,20.5937,78.9629,6,0,0,0,12,3,2,1,1642,0,0,11,1,15,1,1,0,1,1693
Delhi,Igi Airport,2008,20.5937,78.9629,1,1,0,0,2,0,3,0,160,0,1,11,0,1,0,2,0,0,530
Delhi,New Delhi,2008,28.6139,77.209,9,3,1,6,38,0,14,46,1392,0,11,146,2,41,1,18,0,9,1859
Delhi,North,2008,28.7,77.1833,25,18,7,40,160,5,56,75,1864,0,4,138,2,109,4,35,0,79,3113
Delhi,North-East,2008,28.7,77.1833,92,50,12,64,420,5,47,182,3036,0,7,71,6,302,17,77,0,172,4514
Delhi,North-West,2008,28.7,77.1833,54,48,2,118,274,14,85,250,3520,0,2,76,5,173,12,48,0,82,4619
Delhi,Outer,2008,20.5937,78.9629,77,53,14,118,710,14,43,249,3742,0,3,111,2,212,21,48,0,162,5334
Delhi,South,2008,28.5333,77.2,37,18,5,74,140,24,42,262,3916,0,8,159,3,103,8,52,0,76,4821
Delhi,South-East,2008,28.5333,77.2,66,37,6,122,364,39,66,222,4324,0,9,148,5,181,15,82,0,156,5904
Delhi,South-West,2008,28.5333,77.2,57,36,6,76,174,22,37,136,2226,0,7,62,4,131,9,39,0,109,3945
Delhi,Stf,2008,20.5937,78.9629,0,10,0,0,0,1,0,0,0,0,0,10,0,0,0,0,0,0,39
Delhi,West,2008,28.65,77.1,46,30,8,108,290,7,39,231,4184,0,4,118,6,242,14,77,0,172,5305
Lakshadweep,Lakshadweep,2008,10.6667,72.7417,1,0,0,4,2,0,0,3,16,0,12,0,2,12,0,0,0,1,95
Puducherry,Karaikal,2008,11.8266,79.6933,5,6,0,2,4,0,0,14,142,0,36,5,1,176,0,25,0,2,727
Puducherry,Puducherry,2008,11.7716,79.6383,30,29,3,14,30,13,10,76,1234,0,129,48,8,697,2,40,0,10,4262
Andhra Pradesh,Adilabad,2009,15.9979,79.825,85,39,11,134,146,6,20,200,702,0,101,161,35,1254,13,192,0,428,5312
Andhra Pradesh,Anantapur,2009,14.6819,77.6006,140,78,4,44,136,9,24,176,1094,0,98,104,22,1049,14,157,0,143,5181
Andhra Pradesh,Chittoor,2009,13.2172,79.1003,85,68,2,66,148,4,17,251,2416,0,104,276,45,1040,19,120,0,333,7268
Andhra Pradesh,Cuddapah,2009,14.4673,78.8242,93,44,0,54,114,2,9,103,920,0,162,206,44,1061,17,165,0,124,5510
Andhra Pradesh,Cyberabad,2009,15.7929,79.62,186,84,15,164,336,12,72,1348,6716,0,83,1174,71,3136,46,173,0,991,14841
Andhra Pradesh,East Godavari,2009,16.9891,82.2475,93,96,5,94,160,1,29,456,2240,0,62,301,35,3047,23,196,0,440,8660
Andhra Pradesh,Guntakal Rly.,2009,15.6979,79.525,7,0,0,0,0,0,0,0,338,0,0,1,0,5,0,3,0,0,351
Andhra Pradesh,Guntur,2009,16.3067,80.4365,150,140,0,80,158,6,44,343,2372,0,71,384,72,2023,26,340,0,720,9806
Andhra Pradesh,Hyderabad City,2009,17.385,78.4867,153,110,5,94,216,5,59,969,10182,0,199,2007,7,3516,36,295,0,1363,17840
Andhra Pradesh,Karimnagar,2009,15.7029,79.53,91,98,15,96,256,22,15,250,1056,0,185,396,75,2751,40,292,0,635,7902
Andhra Pradesh,Khammam,2009,15.9129,79.74,118,69,3,196,216,9,23,253,1024,0,138,164,11,1111,18,205,0,519,6228
Andhra Pradesh,Krishna,2009,16.1809,81.1303,72,104,3,86,98,3,11,168,1038,0,43,135,36,2578,14,297,0,402,5893
Andhra Pradesh,Kurnool,2009,15.8281,78.0373,103,170,2,62,166,9,19,282,990,0,167,265,46,1713,17,398,0,239,8002
Andhra Pradesh,Mahaboobnagar,2009,15.6679,79.495,158,68,18,148,206,1,16,256,2018,0,120,171,73,2269,24,215,0,299,6972
Andhra Pradesh,Medak,2009,16.1279,79.955,120,61,8,92,122,4,25,260,1196,0,69,268,54,2010,27,118,0,368,5887
Andhra Pradesh,Nalgonda,2009,16.0579,79.885,124,63,7,154,218,9,32,272,988,0,107,282,97,1808,41,254,0,364,8617
Andhra Pradesh,Nellore,2009,14.4426,79.9865,66,82,3,64,100,14,7,189,1198,0,41,193,38,2304,3,287,0,305,5867
Andhra Pradesh,Nizamabad,2009,15.6979,79.525,106,55,3,54,92,4,16,241,834,0,37,201,49,1595,19,79,0,518,4890
Andhra Pradesh,Prakasham,2009,15.5057,80.0499,78,91,6,54,132,1,3,180,846,0,47,194,26,1303,14,197,0,248,6125
Andhra Pradesh,Ranga Reddy,2009,15.9379,79.765,63,27,4,52,58,2,5,99,256,0,18,57,20,777,20,44,0,108,2042
Andhra Pradesh,Secunderabad Rly.,2009,15.7279,79.555,9,1,0,0,0,0,0,0,926,0,0,3,0,8,0,3,0,0,947
Andhra Pradesh,Srikakulam,2009,15.9979,79.825,31,2,1,42,40,1,5,125,324,0,8,63,18,755,6,67,0,211,3354
Andhra Pradesh,Vijayawada City,2009,16.0329,79.86,34,54,1,46,126,0,22,176,2274,0,8,306,16,1547,17,177,0,433,5180
Andhra Pradesh,Vijayawada Rly.,2009,16.0229,79.85,3,4,0,0,0,0,3,1,1020,0,0,4,0,23,0,0,0,0,1058
Andhra Pradesh,Visakha Rural,2009,16.0429,79.87,47,36,2,28,36,0,4,94,316,0,40,79,20,1172,8,57,0,167,2738
Andhra Pradesh,Visakhapatnam,2009,17.6868,83.2185,28,25,4,78,96,1,21,311,2080,0,12,270,13,473,13,95,0,481,5416
Andhra Pradesh,Vizianagaram,2009,18.1067,83.3956,30,24,2,26,30,1,4,128,484,0,8,118,15,523,8,103,0,297,3451
Andhra Pradesh,Warangal,2009,16.0379,79.865,103,42,5,140,280,3,14,277,1032,0,289,365,40,1421,49,234,0,432,7479
Andhra Pradesh,West Godavari,2009,16.7107,81.0952,73,124,5,228,230,0,25,364,2504,0,44,380,61,2216,14,384,0,729,8586
Arunachal Pradesh,Anjaw,2009,28.338,94.8478,0,0,0,0,0,0,0,2,0,0,0,0,0,6,0,0,0,0,20
Arunachal Pradesh,Changlang,2009,28.178,94.6878,3,2,0,16,14,5,7,28,76,0,1,3,3,38,0,3,0,4,207
Arunachal Pradesh,Dibang Valley,2009,27.973,94.4828,1,1,1,6,12,0,3,10,44,0,0,1,1,31,0,2,0,1,115
Arunachal Pradesh,K/Kumey,2009,28.318,94.8278,6,4,0,10,0,1,0,8,12,0,1,2,4,9,0,0,0,0,72
Arunachal Pradesh,Kameng East,2009,28.6333,77.2833,5,0,0,6,10,4,5,11,34,0,5,2,0,44,0,1,0,0,163
Arunachal Pradesh,Kameng West,2009,28.65,77.1,3,5,2,2,0,2,3,7,20,0,2,0,2,43,0,5,0,1,137
Arunachal Pradesh,Lohit,2009,28.248,94.7578,9,1,0,16,12,2,4,13,70,0,5,1,1,29,0,5,0,0,170
Arunachal Pradesh,Papum Pare,2009,28.193,94.7028,7,4,0,22,26,3,10,33,178,0,3,0,7,81,0,10,0,1,456
Arunachal Pradesh,Siang East,2009,28.6333,77.2833,3,2,1,18,20,0,0,24,116,0,9,3,1,50,0,6,0,1,246
Arunachal Pradesh,Siang Upper,2009,28.393,94.9028,0,0,0,4,2,0,0,11,18,0,0,3,1,16,0,1,0,0,55
Arunachal Pradesh,Siang West,2009,28.65,77.1,11,3,0,10,10,1,7,9,58,0,19,7,6,56,0,6,0,4,243
Arunachal Pradesh,Subansiri Lower,2009,28.008,94.5178,1,3,1,4,8,0,2,16,26,0,3,2,1,37,0,8,0,0,127
Arunachal Pradesh,Subansiri Upper,2009,28.273,94.7828,4,3,0,2,2,0,5,3,32,0,0,1,0,39,0,5,0,1,136
Arunachal Pradesh,Tawang,2009,28.023,94.5328,1,0,0,0,0,0,0,5,28,0,0,2,0,4,0,0,0,0,44
Arunachal Pradesh,Tirap,2009,28.038,94.5478,5,3,0,2,8,2,9,12,50,0,1,2,1,40,0,6,0,0,166
Arunachal Pradesh,Upper Dibang Valley,2009,28.313,94.8228,0,2,0,0,0,0,0,9,0,0,3,0,0,3,0,0,0,0,29
Assam,Barpeta,2009,26.1156,92.8526,46,20,0,246,226,13,26,168,372,0,166,31,21,176,29,130,0,206,2496
Assam,Baska,2009,26.3056,93.0426,29,14,1,36,76,0,5,18,60,0,5,8,5,57,3,8,0,25,413
Assam,Bongaigaon,2009,26.1806,92.9176,13,9,0,108,116,11,12,95,278,0,75,34,10,86,4,5,0,118,1253
Assam,C.I.D.,2009,26.2506,92.9876,1,0,0,0,0,0,0,0,2,0,0,12,0,0,0,0,0,0,22
Assam,Cachar,2009,26.0356,92.7726,56,10,0,140,304,29,25,270,1044,0,191,79,41,84,23,29,0,479,4601
Assam,Chirang,2009,26.4106,93.1476,34,1,0,70,116,3,3,35,116,0,5,2,10,26,1,1,0,51,582
Assam,Darrang,2009,26.1256,92.8626,29,8,0,160,198,11,13,119,444,0,27,50,20,357,7,139,0,236,2321
Assam,Dhemaji,2009,26.1956,92.9326,20,27,0,124,142,4,11,27,260,0,7,19,12,218,1,42,0,110,1016
Assam,Dhubri,2009,26.3056,93.0426,53,16,2,300,370,10,26,118,516,0,347,109,38,496,20,154,0,375,3291
Assam,Dibrugarh,2009,26.2906,93.0276,77,4,0,92,220,2,26,103,988,0,7,22,0,467,3,44,0,92,2155
Assam,G.R.P.,2009,26.1106,92.8476,8,0,0,0,4,10,9,2,292,0,8,4,0,0,0,0,0,0,337
Assam,Goalpara,2009,26.2456,92.9826,51,4,0,180,178,8,5,82,332,0,120,52,5,376,2,2,0,252,1776
Assam,Golaghat,2009,26.0206,92.7576,55,22,1,70,202,3,25,72,478,0,1,34,15,347,0,46,0,108,1586
Assam,Guwahati City,2009,26.3806,93.1176,86,34,4,108,586,32,165,631,3456,0,49,227,45,721,9,162,0,321,7280
Assam,Hailakandi,2009,26.0156,92.7526,12,1,0,90,118,4,5,71,154,0,144,25,17,17,8,12,0,81,1202
Assam,Jorhat,2009,26.3456,93.0826,26,4,2,72,108,2,29,93,498,0,22,24,10,256,1,53,0,116,1362
Assam,Kamrup,2009,26.4406,93.1776,43,20,1,114,242,13,18,107,482,0,54,34,17,218,3,35,0,108,2335
Assam,Karbi Anglong,2009,26.2156,92.9526,40,13,0,34,42,7,11,30,218,0,28,8,0,58,0,9,0,23,624
Assam,Karimganj,2009,26.1356,92.8726,34,10,0,52,78,8,7,70,146,0,44,4,22,82,12,9,0,106,1140
Assam,Kokrajhar,2009,26.2256,92.9626,69,25,0,88,142,10,6,35,296,0,71,20,31,176,1,26,0,70,1191
Assam,Lakhimpur,2009,26.0006,92.7376,31,20,8,108,246,0,13,79,418,0,23,4,10,365,3,42,0,187,1861
Assam,Morigaon,2009,26.1006,92.8376,26,10,2,176,154,5,12,51,168,0,82,33,0,475,3,60,0,98,1322
Assam,N.C.Hills,2009,26.2206,92.9576,73,12,10,6,32,0,1,4,40,0,1,1,13,13,0,4,0,3,254
Assam,Nagaon,2009,26.1956,92.9326,75,67,2,324,466,40,76,259,878,0,209,99,69,655,12,134,0,655,5203
Assam,Nalbari,2009,25.9856,92.7226,23,22,0,62,116,10,23,75,316,0,8,27,10,304,6,76,0,73,1348
Assam,R.P.O.,2009,26.3806,93.1176,4,0,0,14,2,5,2,2,12,0,8,0,0,0,0,0,0,0,90
Assam,Sibsagar,2009,26.2106,92.9476,68,24,1,142,240,5,37,155,852,0,33,47,15,179,4,52,0,149,2163
Assam,Sonitpur,2009,26.0556,92.7926,109,20,1,178,348,6,27,177,694,0,35,73,18,145,11,38,0,246,2907
Assam,Tinsukia,2009,26.1906,92.9276,85,0,0,116,212,18,39,136,1264,0,30,13,16,154,2,8,0,62,2374
Assam,Udalguri,2009,26.0806,92.8176,47,0,0,52,152,3,23,65,214,0,8,3,6,39,2,22,0,48,839
Bihar,Araria,2009,25.1911,85.4081,50,21,5,56,112,32,50,44,504,0,196,24,15,85,21,4,0,18,2129
Bihar,Arwal,2009,25.0961,85.3131,23,15,3,4,32,2,5,10,110,0,44,13,12,39,10,9,0,6,655
Bihar,Aurangabad,2009,19.8762,75.3433,67,6,8,38,108,23,27,122,692,0,364,55,33,917,37,16,0,46,3113
Bihar,Bagaha,2009,25.1661,85.3831,38,41,3,16,92,10,12,37,268,0,60,29,14,580,14,44,0,13,1500
Bihar,Banka,2009,24.9861,85.2031,78,53,13,62,108,22,37,88,278,0,114,32,16,431,19,4,0,24,1820
Bihar,Begusarai,2009,24.8611,85.0781,109,237,1,24,158,19,61,62,606,0,273,77,16,323,46,10,0,47,3387
Bihar,Bettiah,2009,25.1611,85.3781,65,16,2,44,164,13,23,71,554,0,198,38,10,1036,37,3,0,38,3202
Bihar,Bhabhua,2009,25.2011,85.4181,56,27,0,8,76,6,28,62,400,0,127,29,0,70,19,0,0,16,1780
Bihar,Bhagalpur,2009,25.2425,86.9842,73,8,6,56,114,3,27,130,1030,0,222,44,9,569,15,2,0,47,3240
Bihar,Bhojpur,2009,25.2511,85.4681,94,34,0,22,100,18,41,99,888,0,184,78,4,25,54,0,0,275,3736
Bihar,Buxar,2009,25.1611,85.3781,53,37,0,28,128,15,25,52,450,0,172,35,37,476,26,17,0,50,1860
Bihar,Darbhanga,2009,26.1542,85.8918,49,121,6,54,166,22,28,101,602,0,481,163,26,114,33,10,0,247,4261
Bihar,Gaya,2009,24.7914,85.0002,155,33,17,40,216,54,85,163,1334,0,374,126,38,10,46,12,0,106,4626
Bihar,Gopalganj,2009,24.8761,85.0931,81,127,15,74,224,14,21,66,452,0,221,77,16,86,42,39,0,127,2641
Bihar,Jamalpur Rly.,2009,25.2211,85.4381,6,2,0,2,6,10,11,1,248,0,4,3,0,0,0,2,0,0,293
Bihar,Jamui,2009,25.0011,85.2181,65,156,2,30,70,16,30,53,296,0,181,71,5,821,17,7,0,56,2257
Bihar,Jehanabad,2009,25.0061,85.2231,48,10,2,16,80,10,12,40,256,0,127,25,6,117,43,11,0,42,1592
Bihar,Katihar,2009,24.8661,85.0831,89,19,1,240,260,15,27,48,366,0,213,61,28,405,17,5,0,55,2537
Bihar,Katihar Rly.,2009,25.1661,85.3831,9,0,0,2,4,4,6,5,378,0,3,8,0,20,0,2,0,0,439
Bihar,Khagaria,2009,25.3311,85.5481,46,114,8,16,98,3,22,20,282,0,153,33,13,620,23,37,0,7,1671
Bihar,Kishanganj,2009,25.3061,85.5231,32,0,1,66,82,10,5,30,364,0,135,27,2,183,6,0,0,32,1247
Bihar,Lakhisarai,2009,25.0211,85.2381,45,73,3,30,78,5,25,29,206,0,114,39,10,410,13,25,0,25,1294
Bihar,Madhepura,2009,25.2561,85.4731,45,10,5,22,100,1,41,31,408,0,152,14,8,113,19,4,0,11,1770
Bihar,Madhubani,2009,25.1111,85.3281,66,7,0,38,162,12,24,89,780,0,307,32,18,1055,31,20,0,71,4175
Bihar,Motihari,2009,24.8911,85.1081,127,253,3,62,312,24,50,155,1004,0,486,177,34,1112,49,6,0,41,5234
Bihar,Munger,2009,25.1211,85.3381,79,133,1,24,136,16,53,64,532,0,168,56,26,180,12,0,0,54,2002
Bihar,Muzaffarpur,2009,26.1209,85.3647,150,19,17,110,302,34,66,196,1596,0,356,133,29,63,77,13,0,109,5579
Bihar,Muzaffarpur Rly.,2009,26.1209,85.3647,19,21,0,6,10,13,10,10,654,0,5,12,0,65,1,5,0,0,825
Bihar,Nalanda,2009,24.8611,85.0781,114,301,8,66,198,23,50,120,836,0,194,53,18,665,74,88,0,33,4707
Bihar,Naugachia,2009,25.0361,85.2531,32,63,3,12,72,2,7,26,130,0,143,36,12,153,9,56,0,13,1573
Bihar,Nawadah,2009,24.9511,85.1681,60,27,2,28,128,5,16,41,290,0,129,60,5,268,21,6,0,60,2164
Bihar,Patna,2009,25.5941,85.1376,314,104,12,92,702,56,227,714,5588,0,476,448,5,130,95,21,0,341,14446
Bihar,Patna Rly.,2009,25.5941,85.1376,21,6,7,0,34,16,14,0,1340,0,17,23,0,0,3,17,0,0,1471
Bihar,Purnea,2009,25.7771,87.4753,86,119,13,98,138,21,27,68,392,0,150,104,41,242,20,35,0,76,2820
Bihar,Rohtas,2009,24.9529,84.015,110,63,0,36,166,37,61,125,1138,0,219,37,1,165,41,38,0,57,4071
Bihar,Saharsa,2009,25.0861,85.3031,49,123,8,56,110,13,77,61,322,0,287,55,6,246,11,36,0,15,2087
Bihar,Samastipur,2009,25.1461,85.3631,109,211,17,52,260,10,45,82,818,0,235,26,47,267,68,21,0,64,4077
Bihar,Saran,2009,25.1211,85.3381,112,175,9,22,182,20,76,119,1194,0,298,103,38,1369,57,20,0,132,3826
Bihar,Sheikhpura,2009,25.0111,85.2281,16,0,0,12,20,3,8,12,192,0,85,25,0,29,8,0,0,14,964
Bihar,Sheohar,2009,25.1761,85.3931,20,17,0,8,50,3,2,17,110,0,44,17,2,220,7,6,0,12,555
Bihar,Sitamarhi,2009,24.9911,85.2081,67,22,4,16,208,28,51,107,778,0,109,22,29,318,27,20,0,14,3763
Bihar,Siwan,2009,25.2711,85.4881,82,50,6,28,178,22,26,39,544,0,164,38,18,490,42,6,0,25,2242
Bihar,Supaul,2009,25.3161,85.5331,36,138,24,52,84,14,30,36,220,0,175,36,15,129,12,21,0,30,1675
Bihar,Vaishali,2009,25.0111,85.2281,107,56,8,90,416,19,50,121,1012,0,395,82,23,130,73,28,0,83,4311
Chhattisgarh,Balrampur,2009,21.0337,81.6211,41,18,1,86,20,9,11,49,100,0,23,6,6,179,2,40,0,0,761
Chhattisgarh,Bilaspur,2009,21.4137,82.0011,96,52,1,118,90,7,68,576,1698,0,187,56,42,1741,30,175,0,131,6438
Chhattisgarh,Bizapur,2009,21.2287,81.8161,61,102,1,20,8,10,1,4,12,0,5,7,19,7,0,1,0,3,306
Chhattisgarh,Dantewara,2009,21.4187,82.0061,60,76,0,28,20,30,6,36,116,0,20,8,20,50,0,14,0,5,737
Chhattisgarh,Dhamtari,2009,21.0837,81.6711,15,16,0,48,14,5,10,134,254,0,29,19,4,66,1,64,0,15,1442
Chhattisgarh,Durg,2009,21.1937,81.7811,87,45,0,218,38,11,63,564,1452,0,81,105,35,298,8,223,0,124,7341
Chhattisgarh,Grp Raipur,2009,21.2987,81.8861,8,1,0,0,2,0,5,6,542,0,2,1,0,11,0,1,0,1,578
Chhattisgarh,Jagdalpur,2009,21.1087,81.6961,71,45,1,120,38,9,19,144,348,0,31,13,10,599,0,36,0,17,2211
Chhattisgarh,Janjgir,2009,21.3987,81.9861,58,23,0,50,26,2,21,206,536,0,107,56,18,966,12,97,0,96,2964
Chhattisgarh,Jashpur,2009,21.2137,81.8011,53,23,1,128,52,5,30,104,220,0,10,13,17,100,3,57,0,25,1258
Chhattisgarh,Kabirdham,2009,21.2287,81.8161,20,14,5,40,4,1,7,77,196,0,42,14,8,662,1,55,0,29,1567
Chhattisgarh,Kanker,2009,21.1187,81.7061,46,26,0,44,22,11,10,62,74,0,28,13,9,22,2,28,0,16,993
Chhattisgarh,Korba,2009,21.1687,81.7561,58,12,1,70,12,8,38,181,460,0,49,47,11,688,9,82,0,52,2428
Chhattisgarh,Koriya,2009,21.2637,81.8511,29,15,0,140,16,1,9,166,252,0,17,19,11,482,4,83,0,58,1574
Chhattisgarh,Mahasamund,2009,21.3287,81.9161,15,13,0,56,12,0,7,138,346,0,24,28,10,153,8,60,0,17,1660
Chhattisgarh,Narayanpur,2009,21.4237,82.0111,17,51,0,2,0,4,2,4,6,0,1,0,7,28,1,4,0,0,171
Chhattisgarh,Raigarh,2009,21.4987,82.0861,82,24,0,86,36,6,56,224,804,0,63,54,18,582,9,73,0,36,2890
Chhattisgarh,Raipur,2009,21.2737,81.8611,101,94,1,290,84,10,119,889,3156,0,156,150,51,2425,26,260,0,120,9915
Chhattisgarh,Rajnandgaon,2009,21.2087,81.7961,55,31,6,94,26,6,29,191,524,0,32,20,22,93,8,78,0,59,3071
Chhattisgarh,Sarguja,2009,21.1087,81.6961,58,28,1,162,30,2,26,111,276,0,29,35,12,48,1,86,0,45,1835
Chhattisgarh,Surajpur,2009,21.2787,81.8661,52,23,0,152,22,13,17,109,212,0,21,18,5,343,3,81,0,44,1450
Goa,North Goa,2009,28.7,77.1833,33,9,8,62,34,2,20,162,882,0,25,69,16,107,1,17,0,12,1673
Goa,South Goa,2009,28.5333,77.2,20,15,3,32,32,2,10,132,834,0,25,63,8,84,2,20,0,9,1332
Gujarat,Ahmedabad Commr.,2009,23.0225,72.5714,83,50,7,126,362,18,844,751,12566,0,178,205,6,1165,5,74,0,1169,20726
Gujarat,Ahmedabad Rural,2009,23.05,72.45,19,19,1,18,100,14,37,125,764,0,46,15,8,238,1,17,0,131,3241
Gujarat,Ahwa-Dang,2009,22.0737,71.0074,5,1,0,6,0,0,0,5,4,0,1,0,3,10,0,2,0,4,153
Gujarat,Amreli,2009,22.4037,71.3374,27,8,2,16,104,5,9,122,434,0,65,5,5,303,1,21,0,131,2226
Gujarat,Anand,2009,22.0237,70.9574,36,4,1,26,86,8,8,105,824,0,26,11,7,275,0,29,0,231,3455
Gujarat,Bharuch,2009,22.1287,71.0624,26,19,0,36,56,11,18,123,858,0,53,19,18,282,0,22,0,113,3183
Gujarat,Bhavnagar,2009,22.3387,71.2724,41,24,2,18,142,6,27,235,1368,0,95,53,15,130,0,41,0,157,4611
Gujarat,Dahod,2009,22.4787,71.4124,33,36,2,20,80,30,34,73,376,0,44,11,13,290,0,22,0,50,1459
Gujarat,Gandhinagar,2009,22.4987,71.4324,28,8,0,14,60,5,28,168,1144,0,30,45,6,192,0,10,0,174,4890
Gujarat,Himatnagar,2009,22.4037,71.3374,34,15,1,30,72,12,10,86,400,0,53,24,9,151,0,23,0,208,3365
Gujarat,Jamnagar,2009,22.3237,71.2574,32,19,0,34,48,5,11,142,726,0,72,19,2,412,1,18,0,241,4694
Gujarat,Junagadh,2009,22.2037,71.1374,48,28,0,28,138,6,45,222,1364,0,90,36,21,515,1,48,0,473,5521
Gujarat,Kheda North,2009,28.7,77.1833,23,12,0,30,68,11,14,101,580,0,44,27,12,276,0,27,0,102,4168
Gujarat,Kutch,2009,22.0337,70.9674,35,20,0,20,78,2,15,162,846,0,59,30,3,363,0,27,0,242,3969
Gujarat,Mehsana,2009,22.2087,71.1424,29,21,0,20,110,10,20,137,1216,0,55,20,6,287,0,23,0,154,4672
Gujarat,Narmada,2009,22.4387,71.3724,13,3,1,12,6,2,1,16,64,0,9,2,1,83,0,6,0,10,755
Gujarat,Navsari,2009,22.3987,71.3324,18,5,0,8,2,2,7,32,154,0,6,10,4,35,0,0,0,31,870
Gujarat,Palanpur,2009,22.4437,71.3774,38,16,0,52,178,12,40,214,924,0,69,41,18,1116,0,55,0,217,4325
Gujarat,Panchmahal,2009,22.4837,71.4174,35,16,0,30,104,15,17,117,556,0,39,18,26,324,0,27,0,147,3460
Gujarat,Patan,2009,22.4187,71.3524,21,11,1,38,42,9,18,79,662,0,38,15,8,308,0,43,0,136,2564
Gujarat,Porbandar,2009,22.1137,71.0474,11,7,0,6,36,0,4,44,152,0,11,6,2,97,0,2,0,53,973
Gujarat,Rajkot Commr.,2009,22.3039,70.8022,35,26,1,16,94,9,41,233,2308,0,68,40,10,407,1,19,0,271,4475
Gujarat,Rajkot Rural,2009,22.2637,71.1974,41,28,4,56,114,7,19,166,738,0,45,15,14,224,5,32,0,279,4269
Gujarat,Surat Commr.,2009,21.1702,72.8311,101,15,2,56,238,23,80,439,4440,0,83,171,5,623,9,34,0,351,7564
Gujarat,Surat Rural,2009,21.2,73.0,39,5,0,20,24,6,8,30,222,0,12,15,3,135,0,4,0,21,1446
Gujarat,Surendranagar,2009,22.3837,71.3174,40,10,1,36,116,4,13,87,420,0,48,13,2,401,0,39,0,120,2951
Gujarat,Tapi,2009,22.2837,71.2174,15,0,0,14,8,0,5,15,112,0,5,6,1,86,0,0,0,7,663
Gujarat,Vadodara Commr.,2009,22.3072,73.1812,24,25,0,12,66,5,21,276,2852,0,134,92,2,253,0,17,0,178,5060
Gujarat,Vadodara Rural,2009,22.2937,71.2274,52,14,4,46,138,9,11,61,534,0,42,8,8,304,0,35,0,75,2836
Gujarat,Valsad,2009,22.1587,71.0924,22,2,0,20,24,6,7,115,532,0,12,41,2,128,0,5,0,27,1777
Gujarat,W.Rly,2009,22.1487,71.0824,16,1,0,2,2,5,8,7,1198,0,7,1,0,43,0,5,0,3,1290
Haryana,Ambala,2009,29.0238,76.0506,35,18,1,56,40,7,21,244,842,0,3,106,7,190,14,18,0,155,2345
Haryana,Bhiwani,2009,29.1988,76.2256,48,40,6,74,148,5,23,176,920,0,172,91,16,250,17,37,0,88,2732
Haryana,Faridabad,2009,28.4089,77.3178,60,47,8,70,172,47,23,258,2272,0,129,44,4,175,17,26,0,179,4409
Haryana,Fatehabad,2009,28.9838,76.0106,33,14,3,18,94,3,7,107,544,0,17,35,4,159,12,10,0,80,1627
Haryana,Grp,2009,29.0888,76.1156,25,7,1,6,6,7,18,0,934,0,10,11,0,15,10,2,0,1,1264
Haryana,Gurgaon,2009,28.4595,77.0266,84,38,3,58,118,61,127,556,4938,0,89,250,14,160,24,21,0,128,6493
Haryana,Hissar,2009,28.8288,75.8556,56,60,4,66,84,50,43,216,1180,0,43,107,9,372,15,27,0,208,3346
Haryana,Jhajjar,2009,29.2238,76.2506,66,36,8,40,54,8,30,145,712,0,58,33,9,124,13,20,0,78,1797
Haryana,Jind,2009,29.2588,76.2856,47,39,1,70,92,10,29,281,862,0,119,61,6,140,11,33,0,97,2373
Haryana,Kaithal,2009,28.8838,75.9106,21,19,3,48,38,14,22,124,570,0,0,15,2,184,13,20,0,187,1744
Haryana,Karnal,2009,29.1488,76.1756,27,46,2,96,102,22,22,263,1322,0,48,133,14,328,17,32,0,225,3351
Haryana,Kurukshetra,2009,28.8488,75.8756,29,20,1,86,114,18,34,214,1180,0,0,25,7,167,5,20,0,101,2485
Haryana,Mahendragarh,2009,28.8238,75.8506,28,7,3,20,42,9,12,113,340,0,77,9,5,167,10,13,0,58,1713
Haryana,Mewat,2009,28.9988,76.0256,18,23,2,32,48,35,16,32,528,0,92,62,0,99,5,11,0,181,1604
Haryana,Palwal,2009,29.2988,76.3256,39,38,6,66,70,35,21,56,1116,0,134,32,8,189,12,23,0,88,2337
Haryana,Panchkula,2009,29.0938,76.1206,14,6,1,36,34,19,23,181,758,0,2,70,0,45,1,12,0,72,1554
Haryana,Panipat,2009,28.9338,75.9606,64,30,9,90,102,15,32,189,1516,0,34,14,8,168,19,26,0,117,2812
Haryana,Rewari,2009,29.0388,76.0656,34,23,3,38,72,9,27,131,760,0,36,21,7,166,14,19,0,55,2125
Haryana,Rohtak,2009,29.0188,76.0456,65,61,6,72,86,39,46,209,1370,0,68,95,4,164,18,30,0,113,2838
Haryana,Sirsa,2009,28.8138,75.8406,36,18,2,48,86,2,14,134,638,0,29,29,5,277,6,10,0,97,1722
Haryana,Sonipat,2009,29.0988,76.1256,83,70,3,64,114,27,69,257,1548,0,5,109,17,239,17,21,0,129,3429
Haryana,Yamunanagar,2009,29.0288,76.0556,36,30,2,52,116,8,20,191,984,0,1,54,7,199,11,20,0,180,2282
Himachal Pradesh,Baddipolicedist,2009,31.1398,77.2084,10,1,0,4,6,0,3,26,56,0,28,3,1,133,0,5,0,9,423
Himachal Pradesh,Bilaspur,2009,31.2398,77.3084,8,6,2,28,12,1,1,37,94,0,41,20,7,45,1,28,0,21,1063
Himachal Pradesh,Chamba,2009,31.1798,77.2484,8,3,3,40,32,0,1,95,46,0,28,4,6,46,0,29,0,14,711
Himachal Pradesh,Cid,2009,31.1848,77.2534,0,0,0,0,0,0,0,0,0,0,0,1,0,0,0,0,0,0,2
Himachal Pradesh,G.R.P.,2009,31.0148,77.0834,2,0,0,0,0,0,0,0,4,0,2,1,0,0,0,0,0,0,9
Himachal Pradesh,Hamirpur,2009,30.9198,76.9884,6,4,1,18,32,0,1,35,84,0,30,27,13,199,0,22,0,30,936
Himachal Pradesh,Kangra,2009,30.9748,77.0434,29,17,2,46,48,1,0,152,272,0,92,63,27,224,0,49,0,49,2486
Himachal Pradesh,Kinnaur,2009,31.0098,77.0784,2,1,0,12,4,0,0,14,10,0,8,2,1,14,0,3,0,2,203
Himachal Pradesh,Kullu,2009,31.1698,77.2384,7,6,1,48,24,0,3,49,116,0,29,20,5,39,0,23,0,16,961
Himachal Pradesh,Lahaul-Spiti,2009,31.1348,77.2034,1,0,0,2,0,0,0,0,8,0,1,0,1,1,0,0,0,2,64
Himachal Pradesh,Mandi,2009,31.2998,77.3684,9,7,1,44,28,1,2,75,122,0,82,34,16,145,0,59,0,29,1937
Himachal Pradesh,Shimla,2009,30.9848,77.0534,18,12,2,56,56,0,0,112,400,0,99,32,28,55,0,32,0,39,1763
Himachal Pradesh,Sirmaur,2009,31.2398,77.3084,7,5,0,30,20,0,5,73,120,0,68,25,4,58,0,34,0,28,909
Himachal Pradesh,Solan,2009,30.9498,77.0184,7,4,0,16,18,1,1,67,166,0,45,10,6,182,0,13,0,15,854
Himachal Pradesh,Una,2009,31.3348,77.4034,11,7,1,22,20,0,4,49,148,0,38,22,9,89,0,21,0,30,994
Jammu & Kashmir,Anantnag,2009,33.7032,76.5012,6,19,0,16,162,0,7,132,364,0,136,34,13,8,0,84,0,4,1393
Jammu & Kashmir,Awantipora,2009,33.9232,76.7212,5,3,0,10,22,0,4,17,100,0,21,8,0,0,0,17,0,0,472
Jammu & Kashmir,Bandipora,2009,33.7482,76.5462,5,3,1,8,108,0,3,38,108,0,49,9,8,0,0,66,0,0,465
Jammu & Kashmir,Baramulla,2009,34.0082,76.8062,20,54,0,28,172,0,7,169,444,0,138,31,38,8,0,127,0,0,1580
Jammu & Kashmir,Budgam,2009,33.7632,76.5612,3,28,2,20,152,0,11,85,530,0,182,23,9,2,0,105,0,1,1369
Jammu & Kashmir,Crime Jammu,2009,33.6682,76.4662,1,0,0,0,0,0,0,0,2,0,0,15,0,0,0,0,0,0,18
Jammu & Kashmir,Crime Srinagar,2009,33.6932,76.4912,0,0,0,0,0,0,0,0,0,0,0,26,0,0,0,0,0,0,32
Jammu & Kashmir,Doda,2009,22.3072,73.1812,18,43,1,36,78,0,1,49,62,0,15,6,6,16,0,21,0,19,721
Jammu & Kashmir,Ganderbal,2009,33.7582,76.5562,4,1,0,14,52,0,1,28,114,0,52,12,3,4,0,45,0,3,446
Jammu & Kashmir,Handwara,2009,33.9382,76.7362,6,22,0,10,34,0,0,25,66,0,14,16,9,2,0,46,0,0,381
Jammu & Kashmir,Jammu,2009,33.7132,76.5112,18,77,3,58,138,1,5,280,1206,0,82,102,25,36,10,29,0,62,3746
Jammu & Kashmir,Kargil,2009,33.9032,76.7012,0,0,0,2,2,0,0,7,12,0,3,2,1,0,0,1,0,0,104
Jammu & Kashmir,Kathua,2009,33.7082,76.5062,10,19,0,18,50,0,0,47,102,0,39,8,10,13,1,16,0,4,1001
Jammu & Kashmir,Kishtwar,2009,33.9332,76.7312,10,26,1,6,46,0,0,23,48,0,1,3,3,1,0,3,0,5,276
Jammu & Kashmir,Kulgam,2009,34.0182,76.8162,10,8,0,18,104,0,5,52,146,0,79,25,14,54,0,73,0,0,720
Jammu & Kashmir,Kupwara,2009,33.7082,76.5062,10,37,0,12,48,0,1,57,62,0,50,4,5,4,0,20,0,3,417
Jammu & Kashmir,Leh,2009,33.5582,76.3562,4,1,0,4,2,0,1,14,20,0,2,3,0,3,0,3,0,0,168
Jammu & Kashmir,Poonch,2009,33.8532,76.6512,17,33,1,24,42,0,0,25,84,0,107,10,0,60,0,29,0,17,758
Jammu & Kashmir,Pulwama,2009,33.6182,76.4162,4,6,2,10,64,0,2,26,168,0,81,7,6,32,0,18,0,0,433
Jammu & Kashmir,Railways,2009,33.9382,76.7362,1,1,0,0,0,0,0,0,28,0,0,1,0,0,0,0,0,0,31
Jammu & Kashmir,Railways Kmr,2009,33.9332,76.7312,0,0,0,0,0,0,0,1,0,0,0,0,0,0,0,2,0,0,10
Jammu & Kashmir,Rajouri,2009,33.9932,76.7912,11,19,7,44,70,0,0,52,94,0,26,23,16,44,1,25,0,44,1210
Jammu & Kashmir,Ramban,2009,33.6332,76.4312,5,12,0,24,30,0,0,18,40,0,22,6,5,4,0,8,0,0,669
Jammu & Kashmir,Reasi,2009,33.5782,76.3762,15,25,0,18,28,0,0,18,102,0,3,5,11,5,0,10,0,0,517
Jammu & Kashmir,Samba,2009,33.7432,76.5412,9,6,0,12,16,0,0,34,92,0,14,7,6,6,0,4,0,5,683
Jammu & Kashmir,Shopian,2009,33.5732,76.3712,12,18,0,10,82,0,6,40,166,0,73,11,8,3,0,48,0,0,490
Jammu & Kashmir,Srinagar,2009,33.9132,76.7112,23,70,2,42,226,0,14,291,1010,0,266,72,21,22,0,165,0,27,2960
Jammu & Kashmir,Udhampur,2009,34.0182,76.8162,10,16,3,30,18,0,1,38,92,0,17,6,0,4,0,7,0,2,910
Jharkhand,Bokaro,2009,23.7552,85.4249,58,17,2,36,74,16,33,86,1140,0,93,71,7,0,16,2,0,77,2476
Jharkhand,Chaibasa,2009,23.6402,85.3099,118,42,2,68,26,9,25,17,276,0,22,19,2,58,6,23,0,37,812
Jharkhand,Chatra,2009,23.8152,85.4849,38,40,4,32,42,13,9,34,140,0,84,9,2,65,11,0,0,7,858
Jharkhand,Deoghar,2009,23.6502,85.3199,51,57,1,90,58,31,27,115,540,0,115,52,15,218,18,4,0,36,1588
Jharkhand,Dhanbad,2009,23.4652,85.1349,69,33,11,72,162,80,49,251,2112,0,204,62,5,164,45,24,0,59,3787
Jharkhand,Dhanbad Rly.,2009,23.4652,85.1349,7,0,0,0,6,9,16,4,316,0,6,3,0,0,0,3,0,1,367
Jharkhand,Dumka,2009,23.8202,85.4899,68,8,11,122,68,17,15,47,376,0,87,29,5,317,5,2,0,56,1519
Jharkhand,Garhwa,2009,23.4552,85.1249,48,31,1,54,74,6,32,34,176,0,199,47,10,267,12,11,0,35,1321
Jharkhand,Giridih,2009,23.4852,85.1549,86,32,1,56,72,43,22,61,592,0,261,23,13,143,45,37,0,3,2564
Jharkhand,Godda,2009,23.5752,85.2449,66,41,0,48,72,7,19,48,304,0,118,10,8,169,7,20,0,30,1236
Jharkhand,Gumla,2009,23.5002,85.1699,168,37,10,78,72,13,36,14,212,0,52,25,17,108,1,7,0,12,926
Jharkhand,Hazaribagh,2009,23.5352,85.2049,61,93,4,66,106,27,34,66,840,0,190,41,15,143,32,9,0,9,2409
Jharkhand,Jamshedpur,2009,23.8202,85.4899,106,216,18,92,128,26,72,138,2654,0,85,112,17,758,8,33,0,78,4404
Jharkhand,Jamshedpur Rly.,2009,23.3802,85.0499,6,1,0,2,6,5,10,25,304,0,0,8,0,17,0,1,0,2,384
Jharkhand,Jamtara,2009,23.6302,85.2999,13,35,0,42,24,6,7,15,124,0,32,28,2,0,10,14,0,14,449
Jharkhand,Khunti,2009,23.3752,85.0449,72,6,1,8,30,4,13,4,84,0,30,3,0,26,0,2,0,6,340
Jharkhand,Koderma,2009,23.8052,85.4749,28,4,2,12,28,11,10,21,260,0,100,53,3,5,13,8,0,37,987
Jharkhand,Latehar,2009,23.6402,85.3099,43,19,4,26,44,19,22,12,116,0,34,11,7,56,6,4,0,2,658
Jharkhand,Lohardagga,2009,23.8352,85.5049,32,8,5,40,20,8,25,15,126,0,13,16,5,1,1,5,0,14,472
Jharkhand,Pakur,2009,23.4152,85.0849,33,45,5,92,36,2,1,10,124,0,80,16,2,139,3,12,0,33,693
Jharkhand,Palamu,2009,23.5902,85.2599,79,149,1,74,122,25,55,69,338,0,208,49,30,240,18,18,0,34,1888
Jharkhand,Ramgarh,2009,23.4852,85.1549,26,6,2,32,38,17,26,31,494,0,49,25,4,26,12,5,0,20,1016
Jharkhand,Ranchi,2009,23.4002,85.0699,202,211,16,126,226,48,178,192,3164,0,166,144,23,796,19,12,0,68,5476
Jharkhand,Sahebganj,2009,23.5702,85.2399,48,77,0,90,70,4,12,34,186,0,48,28,9,266,4,16,0,33,935
Jharkhand,Saraikela,2009,23.5452,85.2149,47,50,1,46,30,11,22,42,396,0,25,17,0,108,3,1,0,7,865
Jharkhand,Simdega,2009,23.4902,85.1599,63,16,2,34,20,8,10,7,38,0,11,9,2,42,0,3,0,0,312
Karnataka,Bagalkot,2009,15.1423,75.5389,41,35,2,16,36,0,9,94,268,0,144,58,6,252,7,59,0,58,2130
Karnataka,Bangalore Commr.,2009,12.9716,77.5946,256,338,1,130,540,319,743,1592,23460,0,337,3007,8,2653,50,251,0,367,33383
Karnataka,Bangalore Rural,2009,13.0827,77.5877,87,80,0,28,46,26,76,272,1458,0,166,182,0,563,14,48,0,79,4384
Karnataka,Belgaum,2009,15.8497,74.4977,106,92,2,78,120,24,76,342,1068,0,488,242,20,1079,10,220,0,311,7315
Karnataka,Bellary,2009,15.3773,75.7739,44,46,0,22,50,8,22,149,656,0,165,65,9,403,7,66,0,75,3209
Karnataka,Bidar,2009,15.5473,75.9439,22,41,2,24,28,4,22,133,314,0,110,36,14,912,3,38,0,81,3594
Karnataka,Bijapur,2009,15.1273,75.5239,64,64,2,38,56,3,18,147,314,0,288,74,14,594,0,73,0,139,3290
Karnataka,Cbpura,2009,15.1573,75.5539,47,40,7,22,48,6,12,159,332,0,158,58,0,266,11,43,0,38,1948
Karnataka,Chamarajnagar,2009,15.3773,75.7739,23,19,0,16,16,2,6,74,300,0,95,25,0,433,6,55,0,44,1661
Karnataka,Chickmagalur,2009,15.3073,75.7039,32,36,2,26,32,5,14,160,346,0,137,50,6,761,1,64,0,104,2915
Karnataka,Chitradurga,2009,15.2373,75.6339,43,27,3,52,48,5,24,107,476,0,247,40,5,870,10,102,0,83,4122
Karnataka,Dakshin Kannada,2009,15.2273,75.6239,61,64,0,28,30,3,37,278,608,0,232,129,21,402,1,61,0,69,4187
Karnataka,Davanagere,2009,15.4473,75.8439,27,24,3,32,34,7,28,195,596,0,278,76,0,451,12,90,0,112,3259
Karnataka,Dharwad Commr.,2009,15.4589,75.0078,17,25,0,12,28,5,54,147,734,0,107,142,3,158,5,12,0,52,2040
Karnataka,Dharwad Rural,2009,15.4589,75.0078,20,23,1,8,24,1,8,32,108,0,112,11,2,158,3,29,0,31,1278
Karnataka,Gadag,2009,15.2073,75.6039,21,12,0,8,18,3,5,55,130,0,97,26,6,197,0,44,0,34,1150
Karnataka,Gulbarga,2009,17.3297,76.8343,145,104,1,64,98,25,77,258,610,0,548,88,57,1383,8,68,0,170,5984
Karnataka,Hassan,2009,15.2273,75.6239,59,48,2,44,44,28,54,237,728,0,161,85,0,1189,15,75,0,103,5142
Karnataka,Haveri,2009,15.5423,75.9389,21,27,2,10,28,8,16,89,274,0,212,27,0,255,3,50,0,47,2139
Karnataka,K.G.F.,2009,15.4423,75.8389,12,10,1,18,28,0,5,67,140,0,62,23,0,228,4,10,0,18,853
Karnataka,Kodagu,2009,15.1573,75.5539,31,23,3,28,26,3,8,119,188,0,41,18,3,556,5,24,0,46,1826
Karnataka,Kolar,2009,15.4823,75.8789,30,28,0,20,30,10,15,141,326,0,166,16,0,236,11,17,0,18,1859
Karnataka,Koppal,2009,15.4823,75.8789,22,20,10,28,26,5,8,93,196,0,109,40,2,186,5,32,0,57,1916
Karnataka,Mandya,2009,15.1123,75.5089,74,72,3,32,54,15,45,333,924,0,292,50,34,1085,8,85,0,125,5491
Karnataka,Mysore Commr.,2009,12.2958,76.6394,34,42,1,28,42,18,124,151,1438,0,150,128,0,270,6,22,0,188,3183
Karnataka,Mysore Rural,2009,15.1723,75.5689,54,33,0,42,28,6,28,219,568,0,184,31,0,860,18,89,0,114,3486
Karnataka,Raichur,2009,15.4623,75.8589,49,27,5,42,36,4,6,88,212,0,227,72,4,502,9,85,0,141,2907
Karnataka,Railways,2009,15.4773,75.8739,12,5,0,2,0,5,47,2,918,0,9,3,0,15,1,2,0,0,1018
Karnataka,Ramanagar,2009,15.4023,75.7989,66,62,3,24,42,17,41,235,1038,0,240,40,20,648,11,70,0,62,4237
Karnataka,Shimoga,2009,15.2973,75.6939,53,54,6,30,76,14,70,237,882,0,342,82,19,1193,5,137,0,255,5599
Karnataka,Tumkur,2009,15.4373,75.8339,83,54,9,38,46,23,59,212,1170,0,176,104,19,746,13,85,0,79,4945
Karnataka,Udupi,2009,15.4773,75.8739,28,12,1,10,6,6,44,139,226,0,104,18,6,291,0,26,0,22,2406
Karnataka,Uttar Kannada,2009,15.2673,75.6639,18,20,7,18,20,11,24,73,146,0,85,33,15,310,2,54,0,63,2603
Kerala,Alapuzha,2009,10.8705,76.2911,20,33,8,52,28,7,36,220,608,0,410,231,13,1185,1,174,0,217,7654
Kerala,Ernakulam Commr.,2009,10.7805,76.2011,12,12,1,40,22,11,28,67,644,0,92,277,6,313,1,49,0,95,8758
Kerala,Ernakulam Rural,2009,10.6405,76.0611,34,17,5,52,22,22,54,333,1018,0,307,136,10,1093,0,130,0,161,12350
Kerala,Idukki,2009,10.9005,76.3211,19,16,1,46,6,3,14,182,462,0,209,120,14,1286,1,130,0,199,5150
Kerala,Kannur,2009,10.6755,76.0961,14,35,3,74,20,16,99,184,382,0,1016,99,113,1186,0,131,0,280,6839
Kerala,Kasargod,2009,10.7755,76.1961,20,31,8,94,16,4,30,137,288,0,636,172,52,815,0,77,0,190,3567
Kerala,Kollam,2009,10.9005,76.3211,34,29,15,102,42,47,33,264,844,0,693,159,22,1911,2,299,0,432,9372
Kerala,Kottayam,2009,11.0855,76.5061,19,18,2,56,28,11,49,346,754,0,371,298,18,1663,0,162,0,192,7848
Kerala,Kozhikode Commr.,2009,11.2588,75.7804,5,10,1,36,16,30,114,158,650,0,330,156,20,513,2,66,0,167,4005
Kerala,Kozhikode Rural,2009,11.2588,75.7804,19,25,5,66,56,3,20,166,350,0,744,122,70,1142,1,137,0,267,5483
Kerala,Malappuram,2009,10.7305,76.1511,24,31,6,70,34,22,52,275,716,0,521,213,21,737,0,141,0,545,6994
Kerala,Palakkad,2009,10.8855,76.3061,36,21,10,98,26,19,34,215,468,0,458,241,23,1051,3,105,0,315,8024
Kerala,Pathanamthitta,2009,10.7905,76.2111,15,18,0,48,22,7,27,162,426,0,336,102,12,991,0,156,0,120,5419
Kerala,Railways,2009,11.0105,76.4311,1,1,0,0,0,27,3,1,364,0,3,3,0,20,0,11,0,0,423
Kerala,Thrissur,2009,10.5276,76.2144,23,38,24,64,38,33,75,211,818,0,699,392,37,993,3,153,0,345,10131
Kerala,Trivandrum Commr.,2009,11.0655,76.4861,12,32,1,80,36,80,77,215,1242,0,518,370,34,777,1,175,0,106,5906
Kerala,Trivandrum Rural,2009,10.9805,76.4011,27,34,9,114,86,32,79,339,890,0,581,218,30,1871,3,382,0,279,8308
Kerala,Wayanadu,2009,11.0555,76.4761,9,7,1,44,14,4,6,79,204,0,162,85,8,727,2,62,0,97,2292
Madhya Pradesh,Alirajpur,2009,23.1684,78.8519,70,40,0,62,20,2,12,33,120,0,29,8,12,282,1,22,0,1,1277
Madhya Pradesh,Anuppur,2009,23.1484,78.8319,26,9,0,70,14,4,19,98,146,0,20,17,10,167,8,65,0,50,1327
Madhya Pradesh,Ashok Nagar,2009,22.8084,78.4919,32,19,5,76,12,1,7,91,242,0,16,16,8,746,6,79,0,45,2054
Madhya Pradesh,Balaghat,2009,22.9584,78.6419,56,23,4,124,16,2,15,115,284,0,21,11,6,360,7,96,0,37,2388
Madhya Pradesh,Barwani,2009,22.9784,78.6619,33,12,3,62,10,2,16,55,342,0,13,5,3,263,3,53,0,11,1749
Madhya Pradesh,Betul,2009,23.1484,78.8319,65,32,2,259,60,2,28,132,482,0,21,22,20,335,18,155,0,71,3174
Madhya Pradesh,Bhind,2009,22.8084,78.4919,76,79,5,46,64,16,80,142,438,0,63,26,13,1102,38,57,0,67,3674
Madhya Pradesh,Bhopal,2009,23.2599,77.4126,65,93,2,304,154,9,188,1079,5634,0,143,356,10,2343,46,244,0,231,15440
Madhya Pradesh,Bhopal Rly.,2009,23.2599,77.4126,4,4,0,6,6,2,32,9,2042,0,3,5,1,4,2,12,0,0,2118
Madhya Pradesh,Burhanpur,2009,22.9334,78.6169,14,13,0,28,6,1,4,45,224,0,6,8,3,101,12,47,0,21,1175
Madhya Pradesh,Chhatarpur,2009,23.0184,78.7019,67,76,2,128,40,7,77,369,510,0,67,48,28,635,17,178,0,85,5047
Madhya Pradesh,Chhindwara,2009,23.1184,78.8019,73,22,2,276,64,0,21,225,644,0,70,48,26,1340,18,252,0,160,5172
Madhya Pradesh,Damoh,2009,22.7384,78.4219,47,59,0,78,36,2,45,195,346,0,19,30,16,1182,23,147,0,70,3130
Madhya Pradesh,Datiya,2009,23.1234,78.8069,36,51,0,40,48,8,38,106,370,0,33,12,6,462,13,69,0,32,2615
Madhya Pradesh,Dewas,2009,22.9584,78.6419,40,45,1,118,22,10,25,141,1056,0,44,30,25,456,7,154,0,142,4790
Madhya Pradesh,Dhar,2009,15.4589,75.0078,80,73,3,198,68,13,41,243,912,0,94,19,33,530,41,167,0,87,5816
Madhya Pradesh,Dindori,2009,22.7284,78.4119,23,1,2,70,4,0,1,31,38,0,5,8,2,132,4,48,0,38,907
Madhya Pradesh,Guna,2009,22.9584,78.6419,43,20,3,108,18,10,20,115,438,0,54,18,13,897,11,124,0,38,3133
Madhya Pradesh,Gwalior,2009,26.2183,78.1828,104,128,23,146,170,21,244,923,3698,0,157,135,13,1266,23,183,0,209,10029
Madhya Pradesh,Harda,2009,23.0384,78.7219,12,11,0,38,14,0,6,92,256,0,8,6,1,496,3,36,0,5,1379
Madhya Pradesh,Hoshangabad,2009,23.1584,78.8419,46,47,0,118,46,9,41,214,694,0,29,18,12,485,10,114,0,101,3562
Madhya Pradesh,Indore,2009,22.7196,75.8577,132,208,3,164,72,25,320,1009,7854,0,109,159,40,2505,44,419,0,484,18306
Madhya Pradesh,Indore Rly.,2009,22.7196,75.8577,2,2,1,0,2,0,3,1,432,0,0,1,0,4,0,1,0,0,447
Madhya Pradesh,Jabalpur,2009,23.1815,79.9864,92,92,0,258,88,3,96,455,2126,0,90,137,11,785,26,221,0,186,9990
Madhya Pradesh,Jabalpur Rly.,2009,23.1815,79.9864,1,1,0,2,2,1,8,5,812,0,2,0,0,4,0,6,0,1,838
Madhya Pradesh,Jhabua,2009,23.1184,78.8019,20,17,0,60,36,4,23,69,222,0,14,1,8,437,5,42,0,9,1589
Madhya Pradesh,Katni,2009,23.1084,78.7919,37,19,3,96,26,2,19,121,396,0,11,31,9,1147,21,117,0,87,3038
Madhya Pradesh,Khandwa,2009,22.8834,78.5669,34,33,2,140,26,11,23,231,548,0,40,11,8,48,6,149,0,37,3158
Madhya Pradesh,Khargon,2009,22.9484,78.6319,45,51,3,90,10,1,25,159,1062,0,38,12,19,305,27,142,0,29,4079
Madhya Pradesh,Mandla,2009,22.7384,78.4219,23,14,0,86,18,0,7,80,114,0,7,12,3,247,4,58,0,19,1654
Madhya Pradesh,Mandsaur,2009,22.8484,78.5319,34,33,0,92,60,2,33,161,634,0,51,33,19,230,4,124,0,93,3445
Madhya Pradesh,Morena,2009,22.8584,78.5419,63,80,1,62,80,25,54,130,758,0,116,32,4,1808,37,83,0,66,4880
Madhya Pradesh,Narsinghpur,2009,22.9434,78.6269,39,36,4,104,10,0,11,98,370,0,34,22,11,1127,26,101,0,42,2689
Madhya Pradesh,Neemuch,2009,22.8684,78.5519,13,12,5,68,32,5,17,128,590,0,52,17,6,611,1,52,0,34,2040
Madhya Pradesh,Panna,2009,22.7284,78.4119,39,13,1,62,12,4,26,137,212,0,9,17,13,276,22,76,0,32,1682
Madhya Pradesh,Raisen,2009,22.8984,78.5819,55,44,4,186,20,1,26,113,546,0,35,14,13,1549,19,165,0,66,3901
Madhya Pradesh,Rajgarh,2009,23.0634,78.7469,32,47,1,136,66,3,34,154,678,0,75,16,61,350,9,153,0,76,4429
Madhya Pradesh,Ratlam,2009,23.0084,78.6919,45,31,0,134,38,4,45,131,612,0,49,36,17,233,6,111,0,73,3637
Madhya Pradesh,Rewa,2009,23.0034,78.6869,64,43,0,146,60,2,46,353,1054,0,47,47,22,734,44,119,0,80,5158
Madhya Pradesh,Sagar,2009,23.2134,78.8969,76,115,7,254,88,5,55,395,1052,0,102,26,27,2763,46,361,0,168,8592
Madhya Pradesh,Satna,2009,23.1784,78.8619,60,48,3,290,46,6,72,383,938,0,43,35,18,1112,40,194,0,119,5704
Madhya Pradesh,Seoni,2009,22.8884,78.5719,38,26,3,122,24,3,21,106,278,0,56,43,10,269,15,85,0,26,2698
Madhya Pradesh,Shahdol,2009,22.7684,78.4519,28,12,0,84,22,1,23,211,418,0,18,29,9,210,11,113,0,73,2843
Madhya Pradesh,Shajapur,2009,23.0784,78.7619,34,40,1,158,36,3,33,139,938,0,31,10,33,1211,8,138,0,71,3675
Madhya Pradesh,Sheopur,2009,22.7384,78.4219,17,17,0,28,14,1,16,43,120,0,42,11,2,302,5,18,0,26,1277
Madhya Pradesh,Shivpuri,2009,23.1434,78.8269,62,40,4,110,64,10,57,143,530,0,57,24,26,1148,16,124,0,43,4094
Madhya Pradesh,Sidhi,2009,22.8634,78.5469,23,7,1,48,28,1,11,135,250,0,7,14,4,327,20,80,0,36,2184
Madhya Pradesh,Sihore,2009,22.9134,78.5969,34,54,1,126,50,6,18,170,586,0,27,31,18,380,9,88,0,47,3337
Madhya Pradesh,Singrauli,2009,23.1784,78.8619,37,14,4,90,32,12,11,114,312,0,48,7,7,268,16,92,0,72,2039
Madhya Pradesh,Tikamgarh,2009,23.0834,78.7669,51,34,3,134,26,4,29,139,280,0,50,33,9,919,18,136,0,52,3330
Madhya Pradesh,Ujjain,2009,23.1765,75.7885,76,121,4,92,54,5,106,399,2050,0,168,70,31,1398,20,167,0,210,8706
Madhya Pradesh,Umariya,2009,23.0784,78.7619,20,4,0,58,8,0,9,62,150,0,11,12,4,90,3,54,0,38,1200
Madhya Pradesh,Vidisha,2009,23.0934,78.7769,48,47,1,160,30,2,33,234,682,0,55,41,18,751,19,216,0,87,4378
Maharashtra,Ahmednagar,2009,19.7715,75.7339,81,75,3,110,84,61,146,479,2798,0,497,206,34,690,0,106,0,557,6530
Maharashtra,Akola,2009,19.8715,75.8339,43,68,7,42,66,12,77,308,1886,0,159,93,32,765,10,97,0,131,4227
Maharashtra,Amravati Commr.,2009,19.9615,75.9239,16,26,0,34,46,11,41,227,1394,0,89,60,12,328,0,28,0,99,2629
Maharashtra,Amravati Rural,2009,19.8215,75.7839,75,37,4,98,58,8,24,254,1734,0,91,54,82,916,1,121,0,149,4209
Maharashtra,Aurangabad Commr.,2009,19.8762,75.3433,37,46,2,44,56,18,97,319,2246,0,159,124,8,478,5,61,0,159,3727
Maharashtra,Aurangabad Rural,2009,19.9115,75.8739,44,37,5,28,10,23,20,158,930,0,204,43,32,675,28,49,0,248,2934
Maharashtra,Beed,2009,19.6065,75.5689,80,53,1,52,72,54,93,284,1050,0,499,113,38,940,16,79,0,389,4338
Maharashtra,Bhandara,2009,19.8215,75.7839,26,8,0,34,24,4,13,189,1054,0,40,50,20,295,4,31,0,68,2259
Maharashtra,Buldhana,2009,19.6415,75.6039,53,59,0,54,58,23,37,261,1654,0,199,69,56,780,27,128,0,221,4260
Maharashtra,Chandrapur,2009,19.8215,75.7839,49,33,3,88,38,7,22,266,1460,0,110,64,57,715,9,132,0,158,4483
Maharashtra,Dhule,2009,19.8865,75.8489,45,36,1,24,26,17,22,174,702,0,172,92,14,414,7,34,0,281,2662
Maharashtra,Gadchiroli,2009,19.7565,75.7189,66,45,4,24,28,19,5,81,330,0,20,9,75,201,1,23,0,27,1188
Maharashtra,Gondia,2009,19.5815,75.5439,43,23,1,66,40,7,9,143,668,0,32,44,30,322,3,67,0,48,1911
Maharashtra,Hingoli,2009,19.6515,75.6139,50,34,1,20,32,10,41,100,374,0,120,47,16,349,3,27,0,106,1667
Maharashtra,Jalgaon,2009,19.7315,75.6939,75,52,1,60,50,39,46,245,1434,0,289,221,15,720,10,109,0,423,4737
Maharashtra,Jalna,2009,19.7165,75.6789,55,38,1,44,40,24,62,183,830,0,192,92,17,534,25,54,0,346,2939
Maharashtra,Kolhapur,2009,19.6715,75.6339,46,36,1,70,44,17,49,295,1490,0,215,283,22,437,18,61,0,130,3917
Maharashtra,Latur,2009,19.8315,75.7939,70,36,1,66,56,17,33,212,854,0,195,84,24,715,15,49,0,159,3407
Maharashtra,Mumbai Commr.,2009,18.922,72.8347,217,160,6,364,298,73,316,2769,24018,0,305,2132,14,3892,15,400,0,434,34558
Maharashtra,Mumbai Rly.,2009,19.6465,75.6089,7,3,0,8,6,5,39,3,4152,0,6,36,0,45,0,12,0,0,4310
Maharashtra,Nagpur Commr.,2009,21.1458,79.0882,95,72,2,90,146,35,317,724,3466,0,209,302,16,791,7,60,0,232,7785
Maharashtra,Nagpur Rly.,2009,19.8415,75.8039,4,3,0,2,2,16,20,2,1884,0,6,6,0,21,0,7,0,0,1966
Maharashtra,Nagpur Rural,2009,19.6665,75.6289,74,36,1,66,46,15,42,256,1658,0,106,31,28,618,6,71,0,84,3983
Maharashtra,Nanded,2009,19.9715,75.9339,102,71,6,68,80,34,90,338,900,0,271,126,69,1151,30,62,0,346,4991
Maharashtra,Nandurbar,2009,19.5415,75.5039,43,13,1,46,26,2,10,84,362,0,101,37,10,250,1,33,0,75,1356
Maharashtra,Nasik Commr.,2009,19.8865,75.8489,41,28,2,48,48,24,79,621,3410,0,137,173,22,247,5,49,0,131,4878
Maharashtra,Nasik Rural,2009,19.9065,75.8689,73,48,1,92,50,33,39,195,1142,0,346,115,14,793,9,64,0,290,4840
Maharashtra,Navi Mumbai,2009,19.5315,75.4939,45,41,4,38,40,34,128,460,3548,0,139,313,3,411,6,36,0,84,5200
Maharashtra,Osmanabad,2009,19.6415,75.6039,33,23,0,40,38,28,37,153,570,0,162,81,19,516,3,64,0,153,2692
Maharashtra,Parbhani,2009,19.5665,75.5289,52,31,0,60,48,16,29,236,756,0,132,57,26,953,7,49,0,219,2708
Maharashtra,Pune Commr.,2009,18.5204,73.8567,119,120,9,134,210,88,513,1305,10362,0,468,613,19,1215,7,100,0,235,15166
Maharashtra,Pune Rly.,2009,19.7565,75.7189,3,3,0,2,4,9,23,1,886,0,4,5,0,5,0,0,0,0,945
Maharashtra,Pune Rural,2009,19.6315,75.5939,125,61,6,144,114,64,116,746,3608,0,387,178,16,808,9,133,0,218,7537
Maharashtra,Raigad,2009,19.7865,75.7489,31,31,0,42,8,5,13,156,636,0,107,77,4,211,4,26,0,30,2053
Maharashtra,Ratnagiri,2009,19.9015,75.8639,24,4,0,28,24,3,14,103,424,0,99,53,19,179,0,36,0,51,1477
Maharashtra,Sangli,2009,19.5815,75.5439,67,32,0,74,44,10,25,219,1026,0,175,194,37,417,12,45,0,66,2777
Maharashtra,Satara,2009,19.8865,75.8489,47,38,7,52,44,39,115,405,2046,0,216,163,18,398,4,57,0,131,4350
Maharashtra,Sindhudurg,2009,19.7465,75.7089,11,5,1,16,8,1,8,97,264,0,52,53,9,109,1,12,0,11,872
Maharashtra,Solapur Commr.,2009,19.8765,75.8389,18,19,0,44,14,4,30,145,694,0,47,97,3,133,0,10,0,68,1465
Maharashtra,Solapur Rural,2009,19.7715,75.7339,80,68,5,100,86,43,79,332,1168,0,309,175,24,693,5,96,0,210,4634
Maharashtra,Thane Commr.,2009,19.2183,72.9781,122,74,2,132,174,41,170,1138,5540,0,320,860,8,1217,12,148,0,387,9796
Maharashtra,Thane Rural,2009,19.5965,75.5589,138,47,4,106,68,41,98,587,2188,0,351,197,18,744,1,97,0,106,5420
Maharashtra,Wardha,2009,19.8415,75.8039,29,28,4,82,36,10,38,251,1600,0,112,49,58,766,1,84,0,100,4041
Maharashtra,Washim,2009,19.5515,75.5139,22,22,0,50,26,15,37,91,836,0,78,47,30,483,5,61,0,109,2121
Maharashtra,Yavatmal,2009,19.9265,75.8889,77,57,1,80,56,8,52,246,1828,0,103,58,37,986,9,128,0,212,4650
Manipur,Bishnupur,2009,24.4637,93.7063,16,35,0,4,14,16,0,5,40,0,3,9,12,30,0,10,0,0,268
Manipur,Chandel,2009,24.8937,94.1363,6,31,0,0,0,13,0,3,6,0,2,1,2,2,0,0,0,0,80
Manipur,Churachandpur,2009,24.7837,94.0263,15,10,0,6,8,3,0,2,20,0,0,5,2,0,0,1,0,0,88
Manipur,Cid,2009,24.7437,93.9863,0,0,0,0,0,0,0,0,0,0,0,0,0,0,0,0,0,0,1
Manipur,Imphal East,2009,28.6333,77.2833,29,106,1,14,112,59,1,8,140,0,15,17,21,46,0,12,0,4,615
Manipur,Imphal West,2009,28.65,77.1,32,156,0,16,104,48,2,37,478,0,17,29,16,72,0,9,0,9,1071
Manipur,Senapati,2009,24.4637,93.7063,7,27,0,2,12,12,0,3,32,0,2,5,1,7,0,1,0,0,139
Manipur,Tamenglong,2009,24.4787,93.7213,5,5,0,0,0,3,0,0,4,0,2,1,1,4,0,0,0,0,35
Manipur,Thoubal,2009,24.4487,93.6913,15,89,1,18,64,28,0,9,56,0,7,27,19,61,0,6,0,12,486
Manipur,Ukhrul,2009,24.7087,93.9513,6,19,0,2,4,7,0,1,12,0,0,2,7,2,0,0,0,0,69
Meghalaya,Garo Hills East,2009,28.6333,77.2833,9,6,1,6,6,19,9,9,60,0,3,4,3,20,0,6,0,0,167
Meghalaya,Garo Hills South,2009,28.5333,77.2,4,1,0,0,6,5,0,1,28,0,0,1,0,2,0,2,0,1,49
Meghalaya,Garo Hills West,2009,28.65,77.1,13,10,7,16,32,13,12,22,276,0,12,23,11,62,0,22,0,13,591
Meghalaya,Jaintia Hills,2009,25.487,91.3862,40,5,1,48,16,2,3,20,122,0,0,13,11,53,0,8,0,0,383
Meghalaya,Khasi Hills East,2009,28.6333,77.2833,28,10,1,68,34,10,34,72,460,0,0,61,14,38,0,26,0,9,829
Meghalaya,Khasi Hills West,2009,28.65,77.1,18,6,0,40,4,10,5,22,54,0,2,2,9,10,0,4,0,0,214
Meghalaya,Ri-Bhoi,2009,25.712,91.6112,16,1,2,46,14,6,4,1,90,0,1,9,6,22,0,4,0,1,240
Mizoram,Aizawl,2009,23.3695,93.1426,14,8,5,54,14,0,2,214,816,0,0,37,4,45,0,29,0,4,1208
Mizoram,Champhai,2009,23.1495,92.9226,6,2,0,30,0,0,0,35,148,0,0,3,0,10,0,4,0,0,234
Mizoram,Kolasib,2009,23.3695,93.1426,3,1,0,14,0,0,0,25,150,0,1,8,4,11,0,9,0,0,217
Mizoram,Lawngtlai,2009,23.2295,93.0026,3,2,1,10,0,0,0,24,74,0,0,5,0,7,0,0,0,0,154
Mizoram,Lunglei,2009,23.3295,93.1026,1,0,0,24,2,0,1,38,168,0,0,5,2,12,0,8,0,0,253
Mizoram,Mamit,2009,23.2195,92.9926,1,0,0,17,2,2,1,21,58,0,0,1,11,14,0,4,0,0,128
Mizoram,Saiha,2009,22.9895,92.7626,2,0,2,6,0,0,0,13,56,0,0,0,1,12,0,0,0,0,90
Mizoram,Serchhip,2009,23.3445,93.1176,1,1,0,10,0,0,0,11,52,0,0,2,2,9,0,7,0,0,88
Nagaland,Dimapur,2009,26.3284,94.7324,15,8,3,14,66,5,70,50,370,0,2,14,1,5,0,7,0,0,620
Nagaland,Kiphire,2009,26.1734,94.5774,0,0,0,0,4,0,0,0,8,0,0,0,0,0,0,0,0,0,12
Nagaland,Kohima,2009,26.0484,94.4524,8,3,2,12,24,0,11,12,126,0,0,7,0,5,0,0,0,0,208
Nagaland,Longleng,2009,26.0434,94.4474,1,0,0,0,0,0,0,0,6,0,1,0,0,2,0,0,0,0,19
Nagaland,Mokokchung,2009,26.2884,94.6924,3,5,1,0,2,0,2,0,50,0,1,8,0,1,0,0,0,0,72
Nagaland,Mon,2009,25.9134,94.3174,4,2,1,0,0,2,2,4,32,0,0,0,0,2,0,0,0,0,51
Nagaland,Peren,2009,26.1434,94.5474,6,4,0,4,2,0,0,6,16,0,0,1,0,6,0,1,0,0,45
Nagaland,Phek,2009,26.2334,94.6374,2,8,0,0,0,1,0,5,14,0,0,1,0,6,0,1,0,0,42
Nagaland,Tuensang,2009,26.1484,94.5524,0,1,0,2,2,0,3,1,2,0,0,0,0,0,0,1,0,0,28
Nagaland,Wokha,2009,26.2734,94.6774,6,3,0,6,0,0,3,0,42,0,0,0,3,9,0,1,0,0,72
Nagaland,Zunheboto,2009,26.1234,94.5274,1,1,0,6,4,0,1,4,28,0,0,2,0,2,0,0,0,0,49
Odisha,Angul,2009,21.1617,85.3085,42,86,0,118,72,20,62,152,758,0,110,43,23,25,10,224,0,82,2881
Odisha,Balasore,2009,20.7367,84.8835,26,50,2,92,124,15,53,183,644,0,53,103,19,1423,46,124,0,244,3405
Odisha,Baragarh,2009,20.7917,84.9385,29,69,3,50,20,6,51,80,330,0,81,22,15,59,7,86,0,36,1402
Odisha,Berhampur,2009,20.7067,84.8535,18,46,0,36,40,14,52,79,276,0,35,44,9,235,3,130,0,12,1072
Odisha,Bhadrak,2009,21.0067,85.1535,44,25,0,92,84,1,13,71,268,0,35,63,18,31,23,108,0,134,2139
Odisha,Bolangir,2009,20.9017,85.0485,44,53,0,92,66,7,37,76,290,0,109,34,0,16,5,147,0,97,2093
Odisha,Boudh,2009,21.1017,85.2485,16,9,0,14,2,1,5,18,50,0,17,4,7,149,4,27,0,6,332
Odisha,Cuttack,2009,20.8467,84.9935,25,9,0,50,96,14,54,98,362,0,53,26,13,89,30,24,0,133,2377
Odisha,Dcp Bbsr,2009,21.0767,85.2235,30,40,1,64,54,18,96,267,1992,0,54,104,12,785,17,50,0,46,4065
Odisha,Dcp Ctc,2009,20.8917,85.0385,21,20,5,28,44,23,59,124,1194,0,37,50,2,45,8,31,0,78,2192
Odisha,Deogarh,2009,20.8517,84.9985,12,9,0,24,16,6,9,25,58,0,10,5,3,201,2,55,0,12,548
Odisha,Dhenkanal,2009,21.1317,85.2785,49,30,0,46,48,11,50,72,410,0,90,23,17,55,15,159,0,30,1689
Odisha,Gajapati,2009,20.8317,84.9785,19,16,0,18,16,2,5,18,78,0,60,9,36,8,1,49,0,14,464
Odisha,Ganjam,2009,21.0467,85.1935,73,134,0,68,56,10,73,148,282,0,84,19,29,238,27,249,0,21,1785
Odisha,Jagatsinghpur,2009,20.7617,84.9085,29,12,0,62,52,11,35,78,302,0,21,36,11,127,19,11,0,70,1478
Odisha,Jajpur,2009,21.1767,85.3235,59,27,0,64,108,13,42,103,542,0,40,30,19,1014,30,86,0,110,2252
Odisha,Jharsuguda,2009,21.1817,85.3285,25,26,1,14,12,6,54,91,456,0,56,21,14,242,5,41,0,25,1285
Odisha,Kalahandi,2009,20.9067,85.0535,28,16,1,60,48,3,32,49,156,0,50,49,10,197,7,75,0,53,1323
Odisha,Kandhamal,2009,21.0667,85.2135,24,20,0,48,34,4,8,62,126,0,61,73,5,170,6,66,0,34,828
Odisha,Kendrapara,2009,21.0217,85.1685,27,3,0,56,72,12,33,79,200,0,20,15,11,51,11,5,0,17,1318
Odisha,Keonjhar,2009,21.0417,85.1885,109,101,18,106,98,40,110,84,602,0,74,38,24,67,20,195,0,45,2544
Odisha,Khurda,2009,21.1267,85.2735,34,16,11,54,76,15,40,81,260,0,16,33,6,7,11,13,0,133,1506
Odisha,Koraput,2009,20.9817,85.1285,36,39,0,82,62,23,31,56,196,0,77,20,11,26,2,82,0,95,1271
Odisha,Malkangir,2009,21.0667,85.2135,36,17,0,30,24,18,7,13,50,0,39,6,12,8,0,21,0,17,324
Odisha,Mayurbhanj,2009,20.9467,85.0935,96,66,0,160,128,24,40,114,394,0,11,20,15,85,26,214,0,152,2262
Odisha,Nayagarh,2009,20.7817,84.9285,29,12,0,58,56,9,33,47,230,0,38,36,2,415,11,12,0,87,1092
Odisha,Nowrangpur,2009,20.7267,84.8735,27,28,1,70,44,2,10,46,118,0,36,13,3,15,1,60,0,30,853
Odisha,Nuapada,2009,21.0017,85.1485,17,5,1,34,24,3,18,22,94,0,12,16,5,152,1,53,0,14,700
Odisha,Puri,2009,21.0967,85.2435,40,72,0,58,96,12,124,185,698,0,106,61,22,63,20,22,0,71,2756
Odisha,Rayagada,2009,20.8267,84.9735,22,16,2,72,32,6,22,27,150,0,39,17,6,18,3,55,0,35,751
Odisha,Rourkela,2009,21.1017,85.2485,65,46,1,76,46,36,69,126,546,0,43,34,7,66,5,83,0,58,1806
Odisha,Sambalpur,2009,21.1217,85.2685,43,48,0,70,32,30,87,147,596,0,85,37,12,283,0,38,0,28,2259
Odisha,Sonepur,2009,20.7717,84.9185,17,15,0,34,34,3,10,22,76,0,36,10,3,79,3,46,0,15,504
Odisha,Srp(Cuttack),2009,20.9017,85.0485,1,2,0,4,6,2,10,11,802,0,3,6,0,56,1,7,0,0,903
Odisha,Srp(Rourkela),2009,20.9967,85.1435,8,1,0,2,8,5,14,18,418,0,3,5,0,3,0,8,0,2,485
Odisha,Sundargarh,2009,20.7717,84.9185,30,47,1,40,30,18,40,65,268,0,24,12,12,313,4,41,0,11,1196
Punjab,Amritsar,2009,31.634,74.8723,54,64,3,30,92,17,12,108,860,0,0,261,3,230,7,15,0,85,2157
Punjab,Amritsar Rural,2009,31.634,74.8723,31,27,0,28,36,2,4,44,148,0,0,94,3,124,4,6,0,26,738
Punjab,Barnala,2009,31.3321,75.5262,23,24,3,26,14,1,1,54,172,0,0,38,1,114,1,6,0,7,637
Punjab,Batala,2009,31.1221,75.3162,25,20,6,42,24,4,2,79,298,0,0,81,3,193,4,11,0,40,861
Punjab,Bhatinda,2009,30.9171,75.1112,52,74,9,64,72,8,9,198,804,0,0,263,9,288,5,16,0,43,2187
Punjab,Faridkot,2009,30.9071,75.1012,24,25,3,34,14,0,2,56,196,0,0,65,3,195,3,9,0,21,782
Punjab,Fatehgarh Sahib,2009,31.0171,75.2112,18,13,3,14,22,5,2,51,306,0,0,127,0,161,3,8,0,21,979
Punjab,Ferozpur,2009,31.2371,75.4312,67,55,5,86,78,7,5,120,564,0,0,130,12,429,6,13,0,32,1905
Punjab,G.R.P,2009,31.3271,75.5212,9,4,1,2,0,0,2,0,118,0,0,13,0,17,2,0,0,0,468
Punjab,Gurdaspur,2009,30.9771,75.1712,31,32,30,28,64,1,0,56,250,0,0,45,3,126,2,12,0,40,1077
Punjab,Hoshiarpur,2009,31.2071,75.4012,39,59,7,74,62,7,8,133,374,0,2,117,12,391,9,12,0,57,1706
Punjab,Jalandhar,2009,31.3271,75.5212,58,133,9,70,192,10,33,326,1476,0,0,326,21,570,13,61,0,140,3799
Punjab,Kapurthala,2009,30.9371,75.1312,25,47,6,42,40,5,5,90,378,0,6,93,1,250,3,5,0,23,1168
Punjab,Khanna,2009,31.1671,75.3612,24,22,3,20,26,6,8,53,186,0,0,67,0,134,3,7,0,35,982
Punjab,Ludhiana,2009,30.901,75.8573,68,101,13,78,190,13,16,189,1270,0,0,296,6,272,10,31,0,92,3122
Punjab,Ludhiana Rural,2009,30.901,75.8573,24,21,1,26,52,7,4,55,290,0,0,47,0,160,4,3,0,37,991
Punjab,Mansa,2009,30.9521,75.1462,37,27,4,26,28,4,1,36,122,0,0,68,3,204,8,13,0,11,799
Punjab,Moga,2009,31.1921,75.3862,30,38,5,36,38,1,5,101,304,0,0,85,0,281,2,19,0,24,1201
Punjab,Muktsar,2009,31.0321,75.2262,29,32,1,40,22,1,2,77,300,0,0,53,0,151,2,2,0,14,817
Punjab,Patiala,2009,31.0121,75.2062,45,61,5,56,112,5,9,177,788,0,0,300,12,347,12,20,0,152,2940
Punjab,Ropar,2009,30.9021,75.0962,22,16,2,26,32,3,3,72,248,0,0,67,3,90,3,9,0,20,884
Punjab,Sangrur,2009,31.1871,75.3812,34,46,3,50,52,4,8,135,510,0,0,124,2,236,9,6,0,60,1769
Punjab,Sas Ngr,2009,31.2471,75.4412,25,26,2,46,74,12,3,176,986,0,0,132,0,144,6,15,0,32,1852
Punjab,Sbs Nagar,2009,31.1121,75.3062,23,14,1,24,12,5,23,66,176,0,0,98,4,224,2,4,0,43,861
Punjab,Tarn Taran,2009,30.8971,75.0912,36,33,4,54,36,6,4,55,124,0,0,108,0,167,3,16,0,6,863
Rajasthan,Ajmer,2009,26.4499,74.6399,42,44,12,94,186,2,25,209,1388,0,23,662,7,188,17,64,0,546,6275
Rajasthan,Alwar,2009,26.9488,74.1429,103,77,0,202,368,7,50,256,3222,0,20,886,18,2628,35,139,0,516,10092
Rajasthan,Banswara,2009,27.1438,74.3379,33,12,0,80,106,0,11,47,228,0,59,100,22,674,3,43,0,143,2286
Rajasthan,Baran,2009,27.0538,74.2479,36,86,1,110,170,4,8,94,522,0,12,240,13,378,9,130,0,289,3376
Rajasthan,Barmer,2009,27.2438,74.4379,21,29,0,62,58,0,6,89,448,0,8,288,28,519,14,96,0,150,3110
Rajasthan,Bharatpur,2009,27.0638,74.2579,71,78,2,164,376,6,14,79,2264,0,4,633,21,457,35,39,0,437,8394
Rajasthan,Bhilwara,2009,27.1438,74.3379,36,42,6,104,218,4,37,264,1522,0,58,456,14,92,7,97,0,518,5485
Rajasthan,Bikaner,2009,26.9588,74.1529,41,77,1,74,76,0,4,114,602,0,0,353,21,429,11,83,0,353,3883
Rajasthan,Bundi,2009,27.1988,74.3929,24,86,7,74,230,3,16,115,498,0,29,208,15,916,5,138,0,270,3665
Rajasthan,Chittorgarh,2009,26.8788,74.0729,43,26,4,88,192,3,23,157,958,0,49,309,24,1229,7,82,0,463,4754
Rajasthan,Churu,2009,27.0738,74.2679,32,26,1,66,90,0,3,103,392,0,1,424,15,512,11,19,0,296,3165
Rajasthan,Dausa,2009,27.0938,74.2879,29,30,0,26,184,0,26,93,1738,0,14,261,13,159,14,19,0,144,5092
Rajasthan,Dholpur,2009,27.0088,74.2029,48,87,1,60,134,7,23,62,1038,0,8,193,8,1599,32,19,0,180,4174
Rajasthan,Dungarpur,2009,27.0238,74.2179,29,15,1,58,86,1,9,47,144,0,54,38,17,132,11,47,0,97,1895
Rajasthan,G.R.P.,2009,26.9338,74.1279,9,5,0,2,4,3,2,0,1086,0,2,4,0,0,2,9,0,0,1117
Rajasthan,Ganganagar,2009,27.0638,74.2579,67,66,3,178,126,0,17,181,584,0,0,816,4,955,13,61,0,646,5557
Rajasthan,Hanumangarh,2009,27.1788,74.3729,48,72,1,108,98,0,6,77,408,0,0,578,5,446,16,60,0,266,3721
Rajasthan,Jaipur East,2009,28.6333,77.2833,21,30,3,58,132,8,106,449,5224,0,88,732,5,4,6,53,0,179,6857
Rajasthan,Jaipur North,2009,28.7,77.1833,17,35,0,46,152,1,44,122,1732,0,29,629,0,455,9,31,0,202,3905
Rajasthan,Jaipur Rural,2009,26.9124,75.7873,76,25,0,98,198,10,34,316,2392,0,58,850,26,629,14,94,0,256,9052
Rajasthan,Jaipur South,2009,28.5333,77.2,14,27,1,34,146,2,86,340,3670,0,52,1166,8,288,5,18,0,192,6121
Rajasthan,Jaisalmer,2009,26.7738,73.9679,8,3,1,10,26,0,5,68,220,0,4,54,8,169,5,18,0,23,1037
Rajasthan,Jalore,2009,27.0488,74.2429,21,14,1,38,68,1,8,90,390,0,20,174,18,39,9,39,0,142,2684
Rajasthan,Jhalawar,2009,26.8238,74.0179,47,50,7,110,116,6,23,110,998,0,59,189,34,995,7,215,0,379,4345
Rajasthan,Jhunjhunu,2009,26.8438,74.0379,40,21,0,82,120,3,16,118,796,0,44,441,18,1337,13,39,0,280,4237
Rajasthan,Jodhpur City,2009,26.2389,73.0243,17,56,2,30,136,3,33,202,1576,0,6,590,8,474,9,40,0,242,3705
Rajasthan,Jodhpur Rural,2009,26.2389,73.0243,23,32,0,54,80,3,12,117,440,0,3,199,19,933,19,43,0,97,2906
Rajasthan,Karauli,2009,27.1438,74.3379,33,38,0,92,168,1,16,22,1044,0,6,214,20,7,14,25,0,138,4112
Rajasthan,Kota City,2009,25.2138,75.8648,26,126,4,46,174,15,59,133,1948,0,2,431,5,106,7,51,0,376,4245
Rajasthan,Kota Rural,2009,25.2138,75.8648,24,57,2,58,78,3,21,64,352,0,22,147,10,204,4,99,0,230,2354
Rajasthan,Nagaur,2009,27.1488,74.3429,42,44,4,106,178,0,14,135,726,0,0,396,13,85,6,117,0,302,4231
Rajasthan,Pali,2009,26.8388,74.0329,48,37,3,96,202,0,11,168,626,0,2,410,10,47,8,77,0,403,5255
Rajasthan,Pratapgarh,2009,27.1088,74.3029,27,24,0,108,126,0,2,53,192,0,47,70,10,418,2,50,0,180,1718
Rajasthan,Rajsamand,2009,26.9338,74.1279,15,10,1,22,94,1,11,87,350,0,59,145,13,663,3,46,0,205,2457
Rajasthan,Sawai Madhopur,2009,26.8038,73.9979,14,29,0,34,166,0,4,83,1090,0,6,168,11,1,10,18,0,171,3406
Rajasthan,Sikar,2009,27.2388,74.4329,55,28,3,72,168,5,11,123,984,0,37,552,20,380,21,18,0,323,5138
Rajasthan,Sirohi,2009,27.2038,74.3979,27,29,2,36,56,1,9,112,286,0,27,155,15,465,4,64,0,132,2033
Rajasthan,Tonk,2009,26.9938,74.1879,16,29,0,40,94,1,9,122,666,0,54,255,7,1027,4,26,0,252,3543
Rajasthan,Udaipur,2009,24.5854,73.7125,72,71,6,218,360,6,72,273,1544,0,179,621,33,1613,15,159,0,353,7467
Sikkim,East,2009,28.6333,77.2833,7,4,2,10,4,0,2,52,48,0,18,9,3,35,0,4,0,4,289
Sikkim,North,2009,28.7,77.1833,2,0,0,0,0,0,0,2,2,0,5,0,2,11,0,0,0,0,38
Sikkim,South,2009,28.5333,77.2,5,3,1,16,4,0,2,34,58,0,13,3,2,30,0,5,0,1,234
Sikkim,West,2009,28.65,77.1,5,0,0,10,4,0,0,5,16,0,3,0,2,15,0,1,0,1,108
Tamil Nadu,Ariyalur,2009,11.2521,78.7819,40,22,0,42,38,3,8,30,184,0,39,10,3,193,3,39,0,7,2055
Tamil Nadu,Chennai,2009,13.0827,80.2707,96,175,0,78,84,7,84,398,3432,0,70,350,2,735,19,42,0,154,10905
Tamil Nadu,Chennai Rly.,2009,13.0827,80.2707,1,2,0,0,0,0,29,3,384,0,11,5,0,20,2,5,0,0,490
Tamil Nadu,Chennaisuburban,2009,13.0827,80.2707,72,118,0,92,56,8,72,301,1678,0,80,222,5,640,20,51,0,59,7277
Tamil Nadu,Coimbatore Rural,2009,11.0168,76.9558,48,39,0,14,62,8,52,163,1016,0,134,60,13,428,4,41,0,56,4667
Tamil Nadu,Coimbatore Urban,2009,11.0168,76.9558,24,26,0,18,46,2,26,197,2330,0,17,103,3,324,4,21,0,48,4318
Tamil Nadu,Cuddalore,2009,10.9221,78.4519,46,92,0,40,68,0,13,98,930,0,106,7,5,605,13,32,0,39,6622
Tamil Nadu,Dharmapuri,2009,11.3221,78.8519,39,30,8,14,72,0,7,34,340,0,119,39,34,971,6,56,0,34,3875
Tamil Nadu,Dindigul,2009,11.0971,78.6269,69,77,0,20,122,3,38,71,720,0,82,83,24,454,1,34,0,87,4869
Tamil Nadu,Erode,2009,11.3071,78.8369,52,30,0,32,88,7,26,135,934,0,29,70,15,516,1,31,0,12,5670
Tamil Nadu,Kanchipuram,2009,10.9271,78.4569,72,54,0,56,22,1,7,104,678,0,107,28,3,442,10,12,0,22,5615
Tamil Nadu,Kanyakumari,2009,11.0221,78.5519,40,75,0,22,62,2,113,184,804,0,0,134,29,720,9,23,0,65,4868
Tamil Nadu,Karur,2009,11.1021,78.6319,26,15,1,14,26,1,7,24,464,0,16,9,2,151,2,13,0,14,2358
Tamil Nadu,Krishnagiri,2009,16.1809,81.1303,67,27,1,30,72,13,17,75,474,0,115,35,15,481,1,31,0,24,4514
Tamil Nadu,Madurai Rural,2009,9.9252,78.1198,68,82,1,36,98,2,77,119,682,0,179,134,16,606,9,75,0,82,5152
Tamil Nadu,Madurai Urban,2009,9.9252,78.1198,38,40,0,6,50,7,34,85,1060,0,22,143,16,124,4,7,0,67,3000
Tamil Nadu,Nagapattinam,2009,10.9171,78.4469,55,54,1,14,78,3,25,65,526,0,28,15,17,365,5,31,0,25,3976
Tamil Nadu,Namakkal,2009,11.3721,78.9019,32,32,1,28,88,8,16,65,650,0,56,48,16,604,1,39,0,16,4410
Tamil Nadu,Nilgiris,2009,10.8821,78.4119,15,8,0,6,14,0,5,37,148,0,16,12,0,179,0,11,0,4,1096
Tamil Nadu,Perambalur,2009,11.1921,78.7219,12,15,0,22,26,0,3,16,168,0,20,22,6,90,4,14,0,2,1520
Tamil Nadu,Pudukottai,2009,11.3371,78.8669,40,38,0,10,54,0,5,56,310,0,38,17,17,253,4,21,0,18,3048
Tamil Nadu,Ramnathapuram,2009,11.2321,78.7619,31,97,2,20,112,2,20,92,432,0,53,60,25,436,1,22,0,23,3401
Tamil Nadu,Salem Rural,2009,11.6643,78.146,48,68,1,64,182,2,20,73,430,0,194,33,29,1458,3,90,0,50,5781
Tamil Nadu,Salem Urban,2009,11.6643,78.146,21,26,0,40,78,0,28,48,646,0,39,50,2,281,3,13,0,40,2404
Tamil Nadu,Sivagangai,2009,11.3421,78.8719,34,32,0,10,60,5,8,62,464,0,21,50,11,193,1,11,0,30,2534
Tamil Nadu,Thanjavur,2009,11.0871,78.6169,69,80,1,10,72,17,64,223,1688,0,72,42,28,797,8,60,0,17,7408
Tamil Nadu,Theni,2009,10.9271,78.4569,34,69,0,18,98,0,29,98,430,0,72,118,22,589,7,50,0,66,5214
Tamil Nadu,Thirunelveli Rural,2009,10.9821,78.5119,95,207,2,88,132,4,94,227,1040,0,2,63,72,1017,5,91,0,65,7740
Tamil Nadu,Thirunelveli Urban,2009,11.2971,78.8269,12,67,1,10,52,0,14,49,612,0,6,37,6,128,1,7,0,6,1811
Tamil Nadu,Thiruvallur,2009,10.9921,78.5219,34,48,1,24,40,1,8,68,300,0,64,47,1,299,6,15,0,26,4067
Tamil Nadu,Thiruvannamalai,2009,11.3571,78.8869,45,83,0,24,42,0,5,76,380,0,146,56,26,539,3,18,0,29,4067
Tamil Nadu,Thiruvarur,2009,11.3171,78.8469,25,43,0,2,32,0,9,62,264,0,38,20,19,358,0,21,0,8,3180
Tamil Nadu,Thoothugudi,2009,10.9971,78.5269,57,163,0,40,70,2,31,189,1050,0,5,96,25,546,3,3,0,35,5436
Tamil Nadu,Tiruppur,2009,11.2171,78.7469,58,29,0,24,122,8,68,239,1810,0,76,79,7,515,3,46,0,46,5208
Tamil Nadu,Trichy Rly.,2009,11.1121,78.6419,0,0,0,0,0,0,9,0,172,0,4,1,0,17,0,2,0,0,203
Tamil Nadu,Trichy Rural,2009,11.3421,78.8719,41,45,0,20,34,3,3,37,372,0,25,20,14,178,6,24,0,27,3911
Tamil Nadu,Trichy Urban,2009,10.9771,78.5069,16,23,1,12,40,2,7,54,1012,0,16,57,2,86,0,11,0,24,3593
Tamil Nadu,Vellore,2009,11.2471,78.7769,81,44,2,36,92,3,14,111,896,0,11,25,13,560,10,21,0,31,6862
Tamil Nadu,Villupuram,2009,11.2421,78.7719,70,98,2,124,160,6,22,109,796,0,223,45,22,692,8,78,0,33,7171
Tamil Nadu,Virudhunagar,2009,11.1371,78.6669,53,52,0,32,100,1,27,144,718,0,46,112,15,557,4,30,0,69,4428
Tripura,Dhalai,2009,24.0858,92.1332,20,4,0,36,18,0,2,21,78,0,11,4,5,92,1,16,0,47,420
Tripura,North,2009,28.7,77.1833,33,16,1,96,64,2,13,44,180,0,24,13,6,211,6,78,0,174,1016
Tripura,South,2009,28.5333,77.2,19,20,0,96,54,0,29,64,200,0,63,40,15,250,8,153,0,192,1489
Tripura,West,2009,28.65,77.1,61,19,1,152,106,5,33,102,372,0,80,53,36,494,14,137,0,402,2561
Uttar Pradesh,Agra,2009,27.1767,78.0081,127,156,47,80,486,15,82,181,3540,0,224,320,4,447,83,97,0,381,6704
Uttar Pradesh,Aligarh,2009,27.8974,78.088,143,222,28,116,488,25,129,234,2232,0,288,309,20,307,54,109,0,294,5733
Uttar Pradesh,Allahabad,2009,25.4358,81.8463,110,105,28,76,296,6,51,242,1546,0,146,265,4,406,70,59,0,289,5175
Uttar Pradesh,Ambedkar Nagar,2009,26.8067,80.9062,36,28,15,38,112,0,14,22,226,0,24,99,0,129,15,9,0,102,1056
Uttar Pradesh,Auraiya,2009,27.0267,81.1262,41,31,12,22,88,1,14,22,190,0,15,14,0,82,26,20,0,30,1008
Uttar Pradesh,Azamgarh,2009,26.8117,80.9112,65,33,37,34,142,0,24,70,352,0,66,70,2,274,31,26,0,83,1752
Uttar Pradesh,Badaun,2009,26.9517,81.0512,110,140,28,58,192,7,32,44,356,0,36,80,4,290,43,28,0,55,2548
Uttar Pradesh,Baghpat,2009,26.9667,81.0662,76,56,14,30,106,3,36,27,344,0,60,53,0,103,16,6,0,72,1438
Uttar Pradesh,Bahraich,2009,26.9717,81.0712,38,28,28,76,178,25,38,76,300,0,60,179,12,202,32,33,0,72,1879
Uttar Pradesh,Ballia,2009,26.6167,80.7162,23,36,18,18,56,0,7,70,242,0,40,63,2,138,31,19,0,53,928
Uttar Pradesh,Balrampur,2009,26.6017,80.7012,15,13,6,16,46,0,4,15,100,0,8,25,2,35,10,11,0,34,415
Uttar Pradesh,Banda,2009,26.8967,80.9962,23,22,16,46,82,0,8,52,248,0,21,63,14,63,24,42,0,44,1434
Uttar Pradesh,Barabanki,2009,26.9967,81.0962,48,49,16,38,214,1,26,108,462,0,11,54,3,247,39,34,0,104,2862
Uttar Pradesh,Bareilly,2009,28.367,79.4304,136,175,23,154,336,9,57,129,1254,0,113,197,2,191,47,125,0,303,4728
Uttar Pradesh,Basti,2009,27.0667,81.1662,24,6,5,24,44,0,9,36,152,0,24,30,2,107,15,3,0,12,907
Uttar Pradesh,Bijnor,2009,26.6417,80.7412,79,40,11,60,174,1,21,43,428,0,42,203,11,502,22,46,0,225,2647
Uttar Pradesh,Bulandshahar,2009,26.9167,81.0162,118,130,29,76,204,2,51,66,628,0,51,122,2,18,53,36,0,184,2595
Uttar Pradesh,Chandoli,2009,26.8267,80.9262,25,18,9,6,46,0,10,32,180,0,1,43,0,129,13,4,0,88,814
Uttar Pradesh,Chitrakoot Dham,2009,26.8017,80.9012,21,6,4,40,28,4,7,31,76,0,3,19,0,11,9,22,0,12,460
Uttar Pradesh,Deoria,2009,26.9517,81.0512,19,20,17,18,88,1,6,47,174,0,48,37,4,117,30,15,0,32,1067
Uttar Pradesh,Etah,2009,26.7317,80.8312,64,96,18,36,108,1,27,41,564,0,55,147,13,240,42,37,0,92,2078
Uttar Pradesh,Etawah,2009,26.7267,80.8262,45,53,11,10,150,3,24,46,524,0,6,90,4,172,35,42,0,112,2472
Uttar Pradesh,Faizabad,2009,26.9717,81.0712,30,18,12,44,148,1,17,68,452,0,35,103,10,206,18,27,0,38,1787
Uttar Pradesh,Fatehgarh,2009,26.8217,80.9212,62,59,26,34,138,0,8,48,272,0,27,35,3,104,23,30,0,61,1267
Uttar Pradesh,Fatehpur,2009,26.9917,81.0912,70,28,23,56,106,11,23,43,222,0,13,60,0,188,38,39,0,51,1621
Uttar Pradesh,Firozabad,2009,26.9417,81.0412,117,106,14,52,284,14,49,47,834,0,88,116,10,241,47,59,0,130,3051
Uttar Pradesh,G.R.P.,2009,26.7567,80.8562,18,13,4,2,6,6,33,0,2534,0,13,19,0,6,1,10,0,0,2650
Uttar Pradesh,Gautambudh Nagar,2009,26.7517,80.8512,78,95,19,48,166,7,91,138,4596,0,83,214,2,29,22,40,0,103,5547
Uttar Pradesh,Ghaziabad,2009,28.6692,77.4538,254,277,31,106,982,64,195,394,8754,0,349,535,7,53,66,88,0,556,11970
Uttar Pradesh,Ghazipur,2009,27.0167,81.1162,37,35,22,6,42,9,49,35,230,0,100,53,4,102,29,12,0,63,960
Uttar Pradesh,Gonda,2009,27.0567,81.1562,59,37,30,58,176,21,25,62,302,0,46,175,2,329,42,28,0,3,1746
Uttar Pradesh,Gorakhpur,2009,26.8417,80.9412,79,56,37,86,214,4,39,137,1724,0,157,265,3,338,50,44,0,255,3906
Uttar Pradesh,Hamirpur,2009,26.6617,80.7612,30,6,17,32,36,2,1,14,80,0,5,35,5,14,20,21,0,22,472
Uttar Pradesh,Hardoi,2009,26.8567,80.9562,76,55,36,58,182,4,18,52,462,0,34,85,5,282,45,61,0,73,2699
Uttar Pradesh,Hathras,2009,26.7517,80.8512,53,48,11,44,146,24,50,32,348,0,38,61,1,142,23,33,0,146,1663
Uttar Pradesh,J.P.Nagar,2009,26.6467,80.7462,47,44,9,52,86,2,21,34,292,0,35,87,0,37,16,21,0,69,1147
Uttar Pradesh,Jalaun,2009,26.7467,80.8462,37,13,12,22,66,4,6,21,172,0,14,51,2,3,34,41,0,43,1116
Uttar Pradesh,Jaunpur,2009,26.5967,80.6962,46,59,34,36,180,1,29,55,344,0,67,174,2,373,47,30,0,136,2130
Uttar Pradesh,Jhansi,2009,26.7467,80.8462,40,14,22,28,86,1,13,46,402,0,17,63,0,29,27,33,0,9,1144
Uttar Pradesh,Kannauj,2009,26.7917,80.8912,41,26,12,16,112,2,9,13,156,0,20,44,2,20,25,28,0,85,1178
Uttar Pradesh,Kanpur Dehat,2009,27.0617,81.1612,33,34,20,34,176,0,12,22,234,0,90,59,3,264,22,34,0,113,1790
Uttar Pradesh,Kanpur Nagar,2009,26.4499,80.3319,143,84,45,80,564,16,114,229,2188,0,187,403,3,446,73,109,0,551,6812
Uttar Pradesh,Kanshiram Nagar,2009,26.8467,80.9462,44,41,17,30,84,2,6,17,158,0,24,30,11,128,29,22,0,26,954
Uttar Pradesh,Kaushambi,2009,26.9367,81.0362,50,17,17,30,82,0,21,55,168,0,34,32,0,108,27,49,0,86,1320
Uttar Pradesh,Khiri,2009,27.0867,81.1862,67,52,36,74,176,1,19,42,522,0,21,89,2,291,40,59,0,68,2359
Uttar Pradesh,Kushi Nagar,2009,26.6667,80.7662,24,10,18,18,40,0,2,11,82,0,21,67,2,116,22,7,0,21,1044
Uttar Pradesh,Lalitpur,2009,27.0217,81.1212,21,6,11,26,24,2,4,13,108,0,30,40,1,8,8,19,0,25,613
Uttar Pradesh,Lucknow,2009,26.8467,80.9462,114,86,26,112,646,16,101,658,5066,0,244,915,2,48,53,178,0,664,12424
Uttar Pradesh,Maharajganj,2009,26.9817,81.0812,28,6,9,34,56,1,12,19,92,0,12,83,3,59,17,12,0,38,832
Uttar Pradesh,Mahoba,2009,26.7517,80.8512,16,6,8,22,48,0,11,34,96,0,16,32,0,27,17,26,0,15,558
Uttar Pradesh,Mainpuri,2009,26.7667,80.8662,75,75,13,32,166,5,25,42,450,0,36,37,1,172,36,38,0,30,1776
Uttar Pradesh,Mathura,2009,26.7617,80.8612,87,93,19,40,152,4,36,59,1174,0,99,309,3,110,25,42,0,197,3994
Uttar Pradesh,Mau,2009,27.0717,81.1712,29,46,17,30,100,0,15,34,278,0,58,48,2,115,10,22,0,60,1024
Uttar Pradesh,Meerut,2009,28.9845,77.7064,175,165,25,92,386,6,90,130,2436,0,136,274,0,23,41,47,0,361,5375
Uttar Pradesh,Mirzapur,2009,26.6967,80.7962,32,6,14,22,28,4,9,34,240,0,8,76,0,105,19,9,0,178,1196
Uttar Pradesh,Moradabad,2009,27.0267,81.1262,133,111,28,138,394,6,52,116,1324,0,56,186,0,53,32,63,0,264,4008
Uttar Pradesh,Muzaffarnagar,2009,26.9667,81.0662,195,186,49,116,324,18,92,74,1102,0,146,195,4,19,27,64,0,340,4117
Uttar Pradesh,Pilibhit,2009,26.6317,80.7312,30,24,7,30,122,1,8,21,182,0,6,67,0,3,27,37,0,186,1834
Uttar Pradesh,Pratapgarh,2009,26.9317,81.0312,42,59,20,44,168,1,17,89,330,0,91,72,12,232,27,35,0,99,1963
Uttar Pradesh,Raibareilly,2009,28.367,79.4304,62,41,22,60,134,1,12,48,330,0,42,92,2,263,29,46,0,114,2174
Uttar Pradesh,Rampur,2009,26.9317,81.0312,82,93,14,102,210,24,76,100,748,0,86,190,1,7,24,48,0,3,2434
Uttar Pradesh,Saharanpur,2009,26.9567,81.0562,77,48,33,28,82,15,24,38,724,0,42,156,0,23,35,29,0,139,2421
Uttar Pradesh,Sant Kabirnagar,2009,27.0467,81.1462,11,7,7,26,58,0,15,18,166,0,10,45,0,163,9,9,0,2,964
Uttar Pradesh,Shahjahanpur,2009,27.0667,81.1662,107,123,35,86,214,5,26,49,446,0,37,107,0,158,54,53,0,11,2431
Uttar Pradesh,Shrawasti,2009,26.7067,80.8062,12,6,4,16,46,0,9,21,106,0,30,34,0,146,9,27,0,28,616
Uttar Pradesh,Sidharthnagar,2009,26.8717,80.9712,14,8,7,18,60,0,14,25,206,0,17,19,0,53,14,23,0,20,700
Uttar Pradesh,Sitapur,2009,26.7667,80.8662,100,65,34,122,312,3,35,102,630,0,37,90,2,213,75,74,0,84,3172
Uttar Pradesh,Sonbhadra,2009,27.0867,81.1862,37,10,25,50,60,0,8,25,170,0,11,73,6,83,11,16,0,36,962
Uttar Pradesh,St.Ravidasnagar,2009,26.7517,80.8512,9,15,2,6,18,0,4,17,142,0,9,20,0,57,10,9,0,24,441
Uttar Pradesh,Sultanpur,2009,26.6517,80.7512,38,71,27,32,142,1,21,86,496,0,49,65,25,370,28,35,0,60,2283
Uttar Pradesh,Unnao,2009,27.0117,81.1112,55,52,28,96,192,10,26,50,378,0,39,64,0,179,40,61,0,100,1782
Uttar Pradesh,Varanasi,2009,25.3176,82.9739,32,43,11,20,82,1,16,109,1386,0,56,219,6,186,29,12,0,107,3148
Uttarakhand,Almora,2009,30.2868,79.2393,9,3,3,8,10,1,12,20,74,0,15,11,1,38,4,4,0,11,246
Uttarakhand,Bageshwar,2009,30.0068,78.9593,3,0,1,6,2,0,1,6,4,0,1,4,1,2,2,1,0,2,69
Uttarakhand,Chamoli,2009,30.1168,79.0693,3,1,1,2,0,0,0,12,42,0,9,8,0,16,0,2,0,2,112
Uttarakhand,Champawat,2009,30.0868,79.0393,4,5,2,2,4,0,1,2,24,0,5,2,2,16,2,5,0,0,82
Uttarakhand,Dehradun,2009,30.0068,78.9593,24,41,11,60,152,19,51,113,952,0,146,212,3,271,11,30,0,133,2425
Uttarakhand,Haridwar,2009,29.9968,78.9493,67,58,11,52,136,9,50,54,782,0,122,172,7,512,22,30,0,107,2268
Uttarakhand,Nainital,2009,30.2268,79.1793,24,20,3,28,74,7,17,37,360,0,42,31,0,11,23,14,0,19,928
Uttarakhand,Pauri Garhwal,2009,30.0418,78.9943,8,3,2,8,26,2,9,11,72,0,2,17,0,37,6,3,0,9,225
Uttarakhand,Pithoragarh,2009,29.9918,78.9443,2,3,2,0,2,0,2,12,26,0,11,1,3,19,1,3,0,4,150
Uttarakhand,Rudra Prayag,2009,30.2318,79.1843,0,0,0,4,4,0,0,4,10,0,4,3,0,4,3,0,0,4,59
Uttarakhand,Tehri Garhwal,2009,29.8518,78.8043,0,2,2,2,6,0,0,11,32,0,1,7,0,3,1,3,0,2,114
Uttarakhand,Udhamsingh Nagar,2009,29.8868,78.8393,50,49,12,42,120,4,36,73,806,0,106,73,0,264,19,21,0,65,2023
Uttarakhand,Uttarkashi,2009,29.9568,78.9093,1,0,1,8,14,0,0,8,18,0,2,3,0,5,0,3,0,3,101
West Bengal,24 Parganas North,2009,28.7,77.1833,229,238,241,332,736,120,88,22,3918,0,778,257,25,285,54,203,0,2225,13046
West Bengal,24 Parganas South,2009,28.5333,77.2,212,3,35,560,256,193,52,11,3964,0,1233,119,10,264,63,120,0,2542,13624
West Bengal,Asansol,2009,23.0618,87.93,32,7,10,26,54,43,12,6,566,0,61,45,5,65,17,14,0,211,1361
West Bengal,Bankura,2009,23.1418,88.01,69,28,10,66,72,22,33,6,430,0,161,17,10,166,28,46,0,172,1586
West Bengal,Birbhum,2009,22.9968,87.865,92,22,20,104,104,35,29,12,890,0,346,70,20,363,18,60,0,298,2702
West Bengal,Burdwan,2009,23.2324,87.8615,129,52,66,110,270,48,37,15,1488,0,541,179,19,55,30,25,0,710,5556
West Bengal,Coochbehar,2009,23.0968,87.965,52,140,7,278,302,10,9,4,658,0,126,53,4,120,13,76,0,508,3465
West Bengal,Dakshin Dinajpur,2009,23.1118,87.98,28,97,9,98,112,6,5,9,252,0,14,20,7,513,7,76,0,211,1602
West Bengal,Darjeeling,2009,22.8568,87.725,50,2,11,108,100,25,8,8,1270,0,68,22,7,813,2,55,0,141,2629
West Bengal,Hooghly,2009,22.7518,87.62,98,37,71,96,188,67,35,16,1142,0,573,160,82,186,25,24,0,629,4064
West Bengal,Howrah,2009,22.5958,88.2636,93,13,27,78,260,55,23,17,1756,0,267,203,0,53,21,76,0,743,5500
West Bengal,Howrah G.R.P.,2009,22.5958,88.2636,13,15,3,2,4,4,6,0,632,0,0,10,0,0,1,2,0,1,686
West Bengal,Jalpaiguri,2009,23.0118,87.88,112,100,31,386,412,11,69,52,2620,0,106,63,22,454,11,136,0,646,6445
West Bengal,Kharagpur G.R.P.,2009,22.7668,87.635,6,1,0,0,0,1,2,0,234,0,1,4,0,1,0,0,0,3,250
West Bengal,Kolkata,2009,22.5726,88.3639,41,71,42,84,258,38,40,90,6156,0,253,1433,0,1866,10,201,0,411,13615
West Bengal,Malda,2009,23.2168,88.085,74,152,42,394,356,26,21,5,678,0,70,64,0,525,10,131,0,567,3927
West Bengal,Murshidabad,2009,23.1218,87.99,184,607,53,1136,816,76,73,11,1714,0,745,220,49,2994,51,348,0,3035,12308
West Bengal,Nadia,2009,22.7418,87.61,135,372,81,350,594,58,69,21,2576,0,197,176,18,1709,44,118,0,1508,8706
West Bengal,Paschim Midnapur,2009,22.8668,87.735,198,68,123,114,158,27,29,6,758,0,441,43,34,142,31,83,0,567,3717
West Bengal,Purab Midnapur,2009,22.7768,87.645,81,6,28,82,180,18,18,9,892,0,491,50,21,0,40,33,0,475,3649
West Bengal,Purulia,2009,23.0368,87.905,71,0,5,106,54,18,43,1,380,0,108,36,0,0,9,30,0,170,1506
West Bengal,Sealdah G.R.P.,2009,23.1718,88.04,15,2,1,2,12,12,15,0,442,0,21,13,0,25,3,7,0,5,559
West Bengal,Siliguri G.R.P.,2009,26.7271,88.3953,2,0,1,0,2,2,2,0,146,0,0,1,0,0,0,3,0,0,155
West Bengal,Uttar Dinajpur,2009,22.8868,87.755,52,86,14,160,200,23,33,8,704,0,99,40,11,597,18,75,0,334,2923
Andaman & Nicobar Islands,Andaman,2009,11.6001,92.5186,15,4,3,36,32,0,11,83,268,0,11,19,12,87,1,29,0,21,921
Andaman & Nicobar Islands,Nicobar,2009,11.9651,92.8836,0,0,1,0,0,0,0,3,0,0,0,1,0,2,0,1,0,0,20
Chandigarh,Chandigarh,2009,30.7333,76.7794,22,18,8,58,80,7,27,241,3462,0,66,193,4,63,2,26,0,51,4241
Dadra & Nagar Haveli,D And N Haveli,2009,20.0959,72.9319,10,5,1,8,24,9,2,43,126,0,53,20,5,23,0,2,0,3,442
Daman & Diu,Daman,2009,20.1933,72.6047,5,4,1,2,0,0,4,30,62,0,19,3,3,11,0,4,0,1,208
Daman & Diu,Diu,2009,20.6133,73.0247,0,0,0,0,0,0,0,3,20,0,10,1,0,3,0,0,0,2,68
Delhi,Caw,2009,20.5937,78.9629,0,0,0,0,0,0,0,0,0,0,0,0,0,1,0,1,0,192,194
Delhi,Central,2009,28.65,77.2167,28,25,8,56,186,1,33,107,2750,0,4,120,1,174,6,34,0,62,3485
Delhi,Crime Branch,2009,20.5937,78.9629,1,8,0,4,0,0,1,0,8,0,0,39,0,0,0,0,0,0,91
Delhi,East,2009,28.6333,77.2833,56,50,5,104,598,11,52,196,6030,0,9,146,8,231,10,81,0,121,7491
Delhi,Eow,2009,20.5937,78.9629,0,0,0,0,0,0,0,0,0,0,0,184,0,0,0,1,0,0,190
Delhi,Grp(Rly),2009,20.5937,78.9629,9,5,0,8,22,2,10,1,1450,0,0,7,0,10,1,0,0,1,1524
Delhi,Igi Airport,2009,20.5937,78.9629,1,0,1,0,4,1,1,0,132,0,0,437,0,0,0,2,0,0,576
Delhi,New Delhi,2009,28.6139,77.209,5,3,2,12,92,2,14,45,1162,0,3,127,1,31,1,17,0,7,1497
Delhi,North,2009,28.7,77.1833,44,19,6,38,280,1,24,77,2214,0,4,108,2,132,8,35,0,49,2943
Delhi,North-East,2009,28.7,77.1833,74,56,5,94,750,5,53,117,4172,0,7,100,3,274,15,67,0,138,5705
Delhi,North-West,2009,28.7,77.1833,56,48,4,108,436,18,118,233,4318,0,6,101,4,150,13,39,0,120,5596
Delhi,Outer,2009,20.5937,78.9629,74,44,10,82,664,4,21,217,3948,0,6,99,8,227,21,61,0,173,5394
Delhi,South,2009,28.5333,77.2,42,16,4,84,266,28,36,241,5012,0,7,168,1,110,10,45,0,61,6011
Delhi,South-East,2009,28.5333,77.2,48,29,5,118,636,17,62,174,5282,0,3,141,1,249,18,78,0,63,6760
Delhi,South-West,2009,28.5333,77.2,65,27,15,104,482,5,44,133,2682,0,5,81,0,118,17,53,0,79,3746
Delhi,Stf,2009,20.5937,78.9629,0,4,0,0,0,0,0,0,0,0,0,7,0,0,0,0,0,0,25
Delhi,West,2009,28.65,77.1,49,35,19,126,656,10,46,192,4302,0,3,135,5,231,21,38,0,217,5790
Lakshadweep,Lakshadweep,2009,10.6667,72.7417,0,1,0,2,0,3,0,1,20,0,44,0,2,14,0,0,0,0,134
Puducherry,Karaikal,2009,11.8266,79.6933,6,2,0,0,2,0,0,21,102,0,25,5,1,207,0,16,0,0,724
Puducherry,Puducherry,2009,11.7716,79.6383,31,23,5,2,34,12,9,50,1320,0,116,42,10,694,0,37,0,10,3867
Andhra Pradesh,Adilabad,2010,15.9979,79.825,98,90,9,96,110,5,15,196,604,0,65,162,26,1044,18,133,0,429,4955
Andhra Pradesh,Anantapur,2010,14.6819,77.6006,137,101,7,40,162,18,21,291,1460,0,65,226,35,2066,20,132,0,250,5854
Andhra Pradesh,Chittoor,2010,13.2172,79.1003,100,50,1,88,170,8,12,149,968,0,58,152,19,827,32,136,0,388,5218
Andhra Pradesh,Cuddapah,2010,14.4673,78.8242,99,40,5,78,126,2,9,144,976,0,99,152,37,1385,15,137,0,321,5694
Andhra Pradesh,Cyberabad,2010,15.7929,79.62,187,84,10,190,300,15,63,1361,8030,0,60,1256,61,3529,43,157,0,1191,16348
Andhra Pradesh,East Godavari,2010,16.9891,82.2475,71,91,23,132,102,3,11,318,1672,0,29,271,24,2060,20,193,0,246,6349
Andhra Pradesh,Guntakal Rly.,2010,15.6979,79.525,8,1,0,0,8,0,2,0,442,0,0,3,1,4,0,2,0,0,469
Andhra Pradesh,Guntur,2010,16.3067,80.4365,107,107,1,76,110,9,15,222,1296,0,48,208,54,1408,20,282,0,456,6512
Andhra Pradesh,Guntur Urban,2010,16.3067,80.4365,43,26,1,24,54,2,19,123,1486,0,9,236,9,321,13,48,0,245,3208
Andhra Pradesh,Hyderabad City,2010,17.385,78.4867,134,143,8,90,242,7,54,906,9832,0,513,2021,15,3425,44,171,0,1420,17549
Andhra Pradesh,Karimnagar,2010,15.7029,79.53,139,86,8,130,316,2,16,282,1346,0,158,489,56,2791,39,237,0,636,8320
Andhra Pradesh,Khammam,2010,15.9129,79.74,93,70,4,124,142,2,11,210,1022,0,130,233,38,1994,17,147,0,354,5571
Andhra Pradesh,Krishna,2010,16.1809,81.1303,80,79,1,108,150,3,9,195,1126,0,36,171,28,2323,22,300,0,412,5819
Andhra Pradesh,Kurnool,2010,15.8281,78.0373,156,145,6,98,170,5,20,211,982,0,84,301,41,1500,19,347,0,501,7258
Andhra Pradesh,Mahaboobnagar,2010,15.6679,79.495,177,58,14,178,174,1,24,253,2448,0,46,185,37,1903,34,174,0,233,6704
Andhra Pradesh,Medak,2010,16.1279,79.955,96,59,11,98,166,7,21,325,1088,0,46,231,58,1654,29,103,0,316,5269
Andhra Pradesh,Nalgonda,2010,16.0579,79.885,118,68,5,136,162,4,36,303,1190,0,99,245,57,1420,32,195,0,218,7736
Andhra Pradesh,Nellore,2010,14.4426,79.9865,72,86,2,56,154,6,11,237,1560,0,34,244,43,1951,6,176,0,382,5779
Andhra Pradesh,Nizamabad,2010,15.6979,79.525,98,45,8,124,130,4,23,329,1408,0,56,206,36,1805,21,114,0,626,5815
Andhra Pradesh,Prakasham,2010,15.5057,80.0499,98,99,2,58,168,8,14,188,910,0,23,188,32,1118,13,253,0,216,5442
Andhra Pradesh,Rajahmundry,2010,16.0529,79.88,21,20,1,20,60,3,10,129,764,0,5,82,4,620,4,47,0,96,2022
Andhra Pradesh,Ranga Reddy,2010,15.9379,79.765,33,26,5,38,42,0,4,66,240,0,20,59,17,638,19,39,0,75,1676
Andhra Pradesh,Secunderabad Rly.,2010,15.7279,79.555,2,0,0,2,2,0,8,0,714,0,0,3,1,8,0,2,0,0,740
Andhra Pradesh,Srikakulam,2010,15.9979,79.825,31,43,0,70,62,2,7,139,612,0,53,99,21,833,5,93,0,233,4910
Andhra Pradesh,Tirupathi Urban,2010,16.0029,79.83,31,35,0,20,52,2,4,119,1272,0,25,150,4,696,5,38,0,85,2607
Andhra Pradesh,Vijayawada City,2010,16.0329,79.86,33,49,1,50,174,3,20,228,2648,0,8,398,20,1565,17,172,0,626,5833
Andhra Pradesh,Vijayawada Rly.,2010,16.0229,79.85,3,1,0,2,0,1,10,0,720,0,1,4,0,12,3,6,0,4,754
Andhra Pradesh,Visakha Rural,2010,16.0429,79.87,79,26,2,84,54,1,1,110,500,0,70,112,27,1263,8,92,0,222,3312
Andhra Pradesh,Visakhapatnam,2010,17.6868,83.2185,24,25,4,106,68,8,40,335,2468,0,2,294,28,2443,11,59,0,393,7112
Andhra Pradesh,Vizianagaram,2010,18.1067,83.3956,26,40,2,64,38,1,6,122,538,0,0,117,15,526,14,101,0,312,3862
Andhra Pradesh,Warangal,2010,16.0379,79.865,49,19,5,56,98,3,6,141,264,0,146,131,10,803,7,98,0,50,2717
Andhra Pradesh,Warangal Urban,2010,16.1579,79.985,21,16,1,34,56,0,6,122,490,0,44,165,42,566,12,50,0,412,2516
Andhra Pradesh,West Godavari,2010,16.7107,81.0952,74,125,8,254,284,1,22,446,2436,0,199,370,29,2276,26,400,0,732,8273
Arunachal Pradesh,Anjaw,2010,28.338,94.8478,1,0,0,2,0,0,0,3,14,0,1,1,0,5,0,0,0,2,29
Arunachal Pradesh,Changlang,2010,28.178,94.6878,5,1,0,8,14,1,3,28,86,0,3,4,3,47,0,10,0,1,249
Arunachal Pradesh,Dibang Valley,2010,27.973,94.4828,3,1,0,6,6,1,2,10,64,0,4,0,3,19,0,2,0,0,119
Arunachal Pradesh,K/Kumey,2010,28.318,94.8278,8,1,0,0,2,1,0,9,16,0,0,2,1,4,0,0,0,0,54
Arunachal Pradesh,Kameng East,2010,28.6333,77.2833,5,1,0,2,10,3,10,12,42,0,1,7,0,36,0,2,0,0,141
Arunachal Pradesh,Kameng West,2010,28.65,77.1,6,4,1,0,8,1,4,9,18,0,0,3,0,23,0,5,0,0,131
Arunachal Pradesh,Lohit,2010,28.248,94.7578,7,4,0,18,10,0,2,18,64,0,2,3,7,34,0,7,0,0,176
Arunachal Pradesh,Papum Pare,2010,28.193,94.7028,7,5,0,8,30,2,14,20,234,0,0,43,1,60,0,13,0,1,444
Arunachal Pradesh,Rural,2010,23.05,72.45,3,2,0,6,4,2,1,9,14,0,2,4,3,24,0,5,0,0,95
Arunachal Pradesh,Siang East,2010,28.6333,77.2833,5,3,1,16,14,2,6,25,146,0,6,4,1,29,0,8,0,0,257
Arunachal Pradesh,Siang Upper,2010,28.393,94.9028,3,0,0,2,2,0,1,9,20,0,0,2,1,10,0,2,0,0,53
Arunachal Pradesh,Siang West,2010,28.65,77.1,9,1,0,12,12,0,4,9,68,0,0,4,5,59,0,16,0,5,237
Arunachal Pradesh,Subansiri Lower,2010,28.008,94.5178,3,3,0,0,6,1,4,10,36,0,10,3,2,19,0,4,0,0,113
Arunachal Pradesh,Subansiri Upper,2010,28.273,94.7828,5,3,0,10,8,1,7,15,28,0,1,8,0,41,0,7,0,3,164
Arunachal Pradesh,Tawang,2010,28.023,94.5328,1,0,0,2,0,0,0,5,12,0,0,2,0,6,0,1,0,0,40
Arunachal Pradesh,Tirap,2010,28.038,94.5478,4,4,1,2,8,0,11,16,28,0,0,1,1,20,0,2,0,0,140
Arunachal Pradesh,Upper Dibang Valley,2010,28.313,94.8228,0,1,0,0,0,0,0,4,0,0,1,0,0,3,0,0,0,0,14
Assam,Barpeta,2010,26.1156,92.8526,52,15,0,218,354,10,22,284,366,0,196,54,11,143,12,65,0,197,3030
Assam,Baska,2010,26.3056,93.0426,58,15,0,46,96,2,6,36,116,0,8,14,2,58,5,14,0,24,615
Assam,Bongaigaon,2010,26.1806,92.9176,27,15,5,102,148,6,14,119,216,0,62,22,6,146,14,46,0,222,1407
Assam,C.I.D.,2010,26.2506,92.9876,0,0,0,0,2,0,2,0,2,0,0,21,0,0,0,0,0,0,51
Assam,Cachar,2010,26.0356,92.7726,54,6,0,146,346,18,21,213,1106,0,221,95,27,118,15,10,0,504,4505
Assam,Chirang,2010,26.4106,93.1476,21,2,0,56,90,8,7,27,110,0,14,12,13,39,2,3,0,55,612
Assam,Darrang,2010,26.1256,92.8626,27,7,2,194,278,7,10,108,332,0,20,57,3,384,4,225,0,378,2598
Assam,Dhemaji,2010,26.1956,92.9326,20,14,0,150,156,4,13,32,246,0,10,6,10,144,5,40,0,122,1091
Assam,Dhubri,2010,26.3056,93.0426,45,18,3,360,482,16,37,153,554,0,398,151,43,545,16,250,0,719,4289
Assam,Dibrugarh,2010,26.2906,93.0276,85,0,5,108,272,4,15,110,964,0,26,28,1,37,6,51,0,152,2406
Assam,G.R.P.,2010,26.1106,92.8476,3,0,0,0,14,9,4,3,308,0,4,1,3,16,0,0,0,1,365
Assam,Goalpara,2010,26.2456,92.9826,31,0,0,238,242,11,4,102,310,0,221,47,4,62,4,10,0,263,2290
Assam,Golaghat,2010,26.0206,92.7576,52,21,0,80,172,11,25,84,376,0,6,43,14,227,9,33,0,148,1503
Assam,Guwahati City,2010,26.3806,93.1176,52,38,4,140,772,19,172,716,4072,0,78,240,37,644,12,119,0,218,9219
Assam,Hailakandi,2010,26.0156,92.7526,22,3,0,144,148,7,6,86,240,0,124,22,23,32,3,16,0,129,1458
Assam,Jorhat,2010,26.3456,93.0826,50,6,1,102,136,4,17,130,568,0,19,51,12,318,0,60,0,163,1763
Assam,Kamrup,2010,26.4406,93.1776,38,21,0,102,240,9,19,103,508,0,89,38,12,289,5,69,0,159,2341
Assam,Karbi Anglong,2010,26.2156,92.9526,33,15,2,38,90,3,8,28,226,0,19,5,14,98,0,7,0,29,650
Assam,Karimganj,2010,26.1356,92.8726,38,6,0,72,108,19,7,76,240,0,40,10,15,86,10,7,0,141,1382
Assam,Kokrajhar,2010,26.2256,92.9626,43,28,0,60,156,6,10,33,348,0,127,22,16,30,1,3,0,86,1016
Assam,Lakhimpur,2010,26.0006,92.7376,45,17,3,78,256,3,12,103,282,0,14,57,10,387,0,60,0,229,1876
Assam,Morigaon,2010,26.1006,92.8376,15,10,6,148,186,4,3,78,180,0,90,42,6,254,3,63,0,110,1320
Assam,N.C.Hills,2010,26.2206,92.9576,17,8,5,6,38,1,2,11,86,0,4,6,11,24,2,0,0,2,214
Assam,Nagaon,2010,26.1956,92.9326,83,67,5,293,604,36,114,271,774,0,269,97,52,608,15,18,0,769,5699
Assam,Nalbari,2010,25.9856,92.7226,24,17,0,48,112,15,20,77,314,0,13,53,15,316,0,75,0,51,1374
Assam,R.P.O.,2010,26.3806,93.1176,6,0,0,14,4,2,0,0,26,0,13,3,0,0,0,0,0,0,117
Assam,Sibsagar,2010,26.2106,92.9476,60,24,4,150,284,1,17,117,900,0,27,64,24,200,2,85,0,101,2285
Assam,Sonitpur,2010,26.0556,92.7926,81,10,0,160,382,7,22,175,676,0,34,81,21,210,13,30,0,294,3129
Assam,Tinsukia,2010,26.1906,92.9276,96,17,1,110,224,9,43,132,1124,0,15,25,16,183,16,25,0,100,2295
Assam,Udalguri,2010,26.0806,92.8176,45,31,0,74,108,9,10,51,150,0,22,4,16,146,1,16,0,44,865
Bihar,Araria,2010,25.1911,85.4081,53,42,15,84,168,25,58,42,492,0,209,47,11,92,26,2,0,26,2421
Bihar,Arwal,2010,25.0961,85.3131,23,42,3,6,26,6,4,24,168,0,26,5,5,45,15,4,0,5,770
Bihar,Aurangabad,2010,19.8762,75.3433,97,10,2,24,116,18,23,104,676,0,283,77,15,480,24,3,0,97,3015
Bihar,Bagaha,2010,25.1661,85.3831,41,61,4,20,132,3,5,39,230,0,101,24,10,240,10,29,0,21,1543
Bihar,Banka,2010,24.9861,85.2031,71,44,6,26,106,10,20,77,264,0,118,6,33,386,24,3,0,23,1816
Bihar,Begusarai,2010,24.8611,85.0781,126,156,2,40,184,9,51,65,668,0,322,62,18,601,42,10,0,41,4025
Bihar,Bettiah,2010,25.1611,85.3781,63,3,4,36,222,5,19,77,716,0,304,92,11,622,33,6,0,51,3755
Bihar,Bhabhua,2010,25.2011,85.4181,65,54,0,12,78,11,29,51,424,0,155,28,8,215,27,0,0,16,1883
Bihar,Bhagalpur,2010,25.2425,86.9842,73,135,4,44,172,3,27,127,1066,0,197,91,34,476,20,12,0,42,3220
Bihar,Bhojpur,2010,25.2511,85.4681,111,36,0,30,144,25,62,85,916,0,234,97,14,215,50,3,0,181,3969
Bihar,Buxar,2010,25.1611,85.3781,57,98,1,24,110,23,44,75,600,0,204,35,2,465,17,15,0,40,2180
Bihar,Darbhanga,2010,26.1542,85.8918,59,167,23,36,194,15,19,75,798,0,319,286,24,120,23,68,0,151,4308
Bihar,Gaya,2010,24.7914,85.0002,139,35,12,44,218,52,103,138,1402,0,319,117,21,1,42,3,0,97,4706
Bihar,Gopalganj,2010,24.8761,85.0931,76,53,3,36,218,7,22,68,410,0,189,118,13,855,48,0,0,125,2779
Bihar,Jamalpur Rly.,2010,25.2211,85.4381,3,1,1,0,14,13,7,1,296,0,6,4,0,0,0,3,0,0,345
Bihar,Jamui,2010,25.0011,85.2181,81,143,19,40,114,20,42,46,300,0,139,32,21,634,17,33,0,48,1880
Bihar,Jehanabad,2010,25.0061,85.2231,43,13,3,16,84,16,13,63,492,0,149,54,10,152,33,10,0,30,1832
Bihar,Katihar,2010,24.8661,85.0831,90,47,2,110,238,6,20,63,400,0,207,71,10,343,20,6,0,55,2488
Bihar,Katihar Rly.,2010,25.1661,85.3831,14,1,0,2,16,4,5,9,446,0,9,4,1,45,0,4,0,2,556
Bihar,Khagaria,2010,25.3311,85.5481,63,104,7,10,72,9,15,20,246,0,164,22,11,578,22,14,0,20,1860
Bihar,Kishanganj,2010,25.3061,85.5231,36,41,7,48,100,4,10,53,262,0,108,26,16,161,4,0,0,41,1234
Bihar,Lakhisarai,2010,25.0211,85.2381,43,45,0,20,80,16,20,51,222,0,125,26,8,466,14,4,0,30,1316
Bihar,Madhepura,2010,25.2561,85.4731,54,81,1,22,122,5,48,23,292,0,194,18,4,85,13,9,0,25,1877
Bihar,Madhubani,2010,25.1111,85.3281,73,10,0,60,282,20,31,65,916,0,340,26,0,1053,31,6,0,90,4319
Bihar,Motihari,2010,24.8911,85.1081,169,417,66,50,346,23,76,119,1054,0,450,93,36,1181,32,0,0,46,5546
Bihar,Munger,2010,25.1211,85.3381,82,98,1,22,160,27,39,54,434,0,165,52,14,212,14,3,0,43,2052
Bihar,Muzaffarpur,2010,26.1209,85.3647,148,11,12,104,458,48,63,192,1924,0,419,122,31,38,64,7,0,56,6541
Bihar,Muzaffarpur Rly.,2010,26.1209,85.3647,15,19,0,2,14,8,6,9,608,0,6,9,0,60,0,0,0,0,756
Bihar,Nalanda,2010,24.8611,85.0781,117,75,19,52,186,6,36,98,636,0,178,87,14,533,62,30,0,60,4411
Bihar,Naugachia,2010,25.0361,85.2531,39,31,5,16,72,3,11,13,104,0,126,36,4,175,12,23,0,47,1216
Bihar,Nawadah,2010,24.9511,85.1681,73,17,2,22,130,7,18,50,336,0,112,37,11,458,23,3,0,37,2286
Bihar,Patna,2010,25.5941,85.1376,304,20,5,100,566,42,184,594,5254,0,516,591,2,34,95,12,0,316,14036
Bihar,Patna Rly.,2010,25.5941,85.1376,10,8,2,2,20,8,16,4,1452,0,24,25,0,0,6,17,0,2,1569
Bihar,Purnea,2010,25.7771,87.4753,80,130,11,80,212,13,23,68,344,0,145,119,35,220,16,22,0,60,2959
Bihar,Rohtas,2010,24.9529,84.015,132,82,45,54,230,44,73,134,1178,0,228,19,3,328,45,49,0,31,4488
Bihar,Saharsa,2010,25.0861,85.3031,39,102,0,14,102,6,35,45,216,0,251,59,14,197,9,39,0,22,1795
Bihar,Samastipur,2010,25.1461,85.3631,119,215,12,72,378,11,54,107,738,0,317,52,36,260,62,7,0,42,4063
Bihar,Saran,2010,25.1211,85.3381,112,90,16,46,272,21,56,112,976,0,344,96,40,1461,78,24,0,103,4050
Bihar,Sheikhpura,2010,25.0111,85.2281,22,2,0,4,44,3,12,18,164,0,69,33,10,183,5,0,0,10,923
Bihar,Sheohar,2010,25.1761,85.3931,21,3,0,6,34,15,7,19,120,0,41,12,4,60,2,2,0,8,546
Bihar,Sitamarhi,2010,24.9911,85.2081,68,30,3,18,120,32,29,105,930,0,189,10,22,50,28,18,0,25,3776
Bihar,Siwan,2010,25.2711,85.4881,78,69,0,38,266,22,37,66,610,0,251,88,41,1250,63,10,0,41,3106
Bihar,Supaul,2010,25.3161,85.5331,52,29,12,38,134,8,15,38,272,0,206,51,21,88,12,6,0,8,1721
Bihar,Vaishali,2010,25.0111,85.2281,128,45,14,60,394,18,51,151,1036,0,351,66,22,210,74,15,0,57,4372
Chhattisgarh,Balrampur,2010,21.0337,81.6211,30,20,1,122,24,4,14,37,56,0,29,6,5,58,1,71,0,0,886
Chhattisgarh,Bilaspur,2010,21.4137,82.0011,106,49,1,138,76,6,61,525,1598,0,224,75,53,1923,20,167,0,130,6599
Chhattisgarh,Bizapur,2010,21.2287,81.8161,73,102,1,6,20,21,3,6,22,0,14,1,7,18,0,0,0,6,395
Chhattisgarh,Dantewara,2010,21.4187,82.0061,63,83,0,18,16,12,9,32,74,0,34,3,24,36,2,8,0,5,692
Chhattisgarh,Dhamtari,2010,21.0837,81.6711,18,5,0,80,20,5,7,103,300,0,25,25,3,71,2,55,0,18,1382
Chhattisgarh,Durg,2010,21.1937,81.7811,85,58,3,212,78,6,83,634,1908,0,101,195,31,345,14,269,0,118,9563
Chhattisgarh,Grp Raipur,2010,21.2987,81.8861,1,3,0,2,4,0,7,4,658,0,1,1,0,6,0,3,0,1,687
Chhattisgarh,Jagdalpur,2010,21.1087,81.6961,66,48,0,96,34,11,20,101,276,0,30,14,6,599,4,33,0,23,2157
Chhattisgarh,Janjgir,2010,21.3987,81.9861,47,21,3,78,18,3,30,197,576,0,117,40,28,901,14,90,0,100,2896
Chhattisgarh,Jashpur,2010,21.2137,81.8011,62,15,1,138,48,7,21,73,142,0,26,9,6,85,0,53,0,26,1240
Chhattisgarh,Kabirdham,2010,21.2287,81.8161,22,8,3,38,16,0,5,75,134,0,33,12,5,513,2,85,0,18,1378
Chhattisgarh,Kanker,2010,21.1187,81.7061,42,51,0,36,22,16,12,46,106,0,28,14,8,19,2,27,0,8,976
Chhattisgarh,Korba,2010,21.1687,81.7561,41,12,2,64,14,5,30,160,434,0,55,30,3,788,10,80,0,40,2600
Chhattisgarh,Koriya,2010,21.2637,81.8511,32,13,1,116,42,5,9,172,248,0,25,21,6,621,3,98,0,48,1817
Chhattisgarh,Mahasamund,2010,21.3287,81.9161,34,15,0,52,14,2,14,116,330,0,12,26,9,175,7,65,0,13,1624
Chhattisgarh,Narayanpur,2010,21.4237,82.0111,18,41,0,6,18,8,1,7,16,0,0,1,3,18,0,5,0,2,187
Chhattisgarh,Raigarh,2010,21.4987,82.0861,67,37,4,104,38,13,52,264,656,0,93,71,23,684,10,89,0,45,3130
Chhattisgarh,Raipur,2010,21.2737,81.8611,102,86,4,272,98,8,108,750,3108,0,164,188,59,2720,7,268,0,125,10360
Chhattisgarh,Rajnandgaon,2010,21.2087,81.7961,47,39,1,86,36,1,16,177,388,0,28,32,16,104,9,72,0,41,2849
Chhattisgarh,Sarguja,2010,21.1087,81.6961,51,38,3,206,50,2,38,144,412,0,30,27,13,69,3,99,0,40,2218
Chhattisgarh,Surajpur,2010,21.2787,81.8661,58,12,2,154,32,2,12,88,168,0,23,22,11,435,5,69,0,54,1602
Goa,North Goa,2010,28.7,77.1833,25,12,2,24,20,0,28,209,1196,0,40,80,13,117,1,24,0,9,1926
Goa,South Goa,2010,28.5333,77.2,10,15,1,48,30,2,11,159,872,0,24,37,10,60,0,12,0,8,1367
Gujarat,Ahmedabad Commr.,2010,23.0225,72.5714,82,66,4,98,414,28,805,799,9318,0,171,212,4,1365,12,73,0,1230,21442
Gujarat,Ahmedabad Rural,2010,23.05,72.45,31,17,3,16,88,7,23,102,606,0,63,10,7,264,0,14,0,113,3373
Gujarat,Ahwa-Dang,2010,22.0737,71.0074,11,1,0,2,0,0,0,2,12,0,0,0,1,11,0,0,0,2,154
Gujarat,Amreli,2010,22.4037,71.3374,19,5,3,20,130,1,18,108,376,0,46,10,6,216,0,25,0,162,2167
Gujarat,Anand,2010,22.0237,70.9574,24,8,3,30,90,7,13,101,880,0,42,21,16,328,0,27,0,190,3464
Gujarat,Bharuch,2010,22.1287,71.0624,37,15,0,18,54,8,13,119,636,0,45,13,19,297,0,18,0,2,2872
Gujarat,Bhavnagar,2010,22.3387,71.2724,50,29,2,16,124,3,22,176,1026,0,92,45,15,507,0,32,0,177,4133
Gujarat,Cid Crime,2010,22.2237,71.1574,3,0,0,2,0,0,0,0,2,0,0,14,0,0,0,0,0,0,27
Gujarat,Dahod,2010,22.4787,71.4124,39,16,8,6,108,17,44,58,364,0,54,7,12,292,0,15,0,7,1832
Gujarat,Gandhinagar,2010,22.4987,71.4324,16,9,1,26,58,7,12,118,1048,0,38,42,5,203,1,11,0,152,5755
Gujarat,Himatnagar,2010,22.4037,71.3374,28,17,2,36,104,5,10,104,424,0,39,28,4,168,0,26,0,240,3713
Gujarat,Jamnagar,2010,22.3237,71.2574,44,26,0,28,64,3,23,159,718,0,88,34,7,343,0,27,0,232,3972
Gujarat,Junagadh,2010,22.2037,71.1374,48,19,0,38,136,3,36,185,1106,0,93,44,21,482,0,37,0,443,4690
Gujarat,Kheda North,2010,28.7,77.1833,35,10,0,32,126,9,13,70,516,0,58,28,8,277,0,28,0,200,5277
Gujarat,Kutch,2010,22.0337,70.9674,37,17,0,16,72,12,16,130,808,0,63,26,10,360,0,18,0,227,4258
Gujarat,Mehsana,2010,22.2087,71.1424,22,15,3,16,132,10,25,150,1282,0,67,23,6,1089,0,27,0,241,4602
Gujarat,Narmada,2010,22.4387,71.3724,17,2,1,14,8,0,3,8,68,0,12,8,2,112,0,8,0,5,841
Gujarat,Navsari,2010,22.3987,71.3324,22,2,0,12,38,1,6,43,184,0,25,6,1,64,0,5,0,34,1078
Gujarat,Palanpur,2010,22.4437,71.3774,40,23,1,76,220,11,58,208,1126,0,73,35,22,551,1,59,0,293,4728
Gujarat,Panchmahal,2010,22.4837,71.4174,47,10,2,26,116,2,16,93,368,0,48,14,17,290,0,31,0,188,3720
Gujarat,Patan,2010,22.4187,71.3524,11,9,0,22,76,5,16,77,540,0,28,17,4,312,0,32,0,101,2438
Gujarat,Porbandar,2010,22.1137,71.0474,9,7,0,4,24,0,2,26,98,0,9,16,3,83,1,4,0,69,875
Gujarat,Rajkot Commr.,2010,22.3039,70.8022,38,22,1,24,78,9,34,243,2078,0,64,26,17,393,0,14,0,294,4024
Gujarat,Rajkot Rural,2010,22.2637,71.1974,41,23,1,48,138,7,12,90,574,0,47,10,10,207,1,22,0,253,3741
Gujarat,Surat Commr.,2010,21.1702,72.8311,87,19,1,46,164,19,80,273,3424,0,87,126,7,556,3,24,0,268,7426
Gujarat,Surat Rural,2010,21.2,73.0,41,8,0,12,50,2,8,50,374,0,20,20,6,76,0,4,0,28,1698
Gujarat,Surendranagar,2010,22.3837,71.3174,24,12,2,58,58,4,15,76,406,0,56,11,6,410,0,36,0,113,2871
Gujarat,Tapi,2010,22.2837,71.2174,19,2,1,6,2,0,3,16,118,0,3,1,1,151,0,7,0,17,667
Gujarat,Vadodara Commr.,2010,22.3072,73.1812,23,25,1,14,72,9,19,319,3058,0,89,115,4,276,0,18,0,216,5352
Gujarat,Vadodara Rural,2010,22.2937,71.2274,66,16,4,32,110,8,14,71,424,0,37,10,18,266,0,18,0,85,2663
Gujarat,Valsad,2010,22.1587,71.0924,29,10,0,22,28,4,12,87,568,0,49,21,1,111,0,4,0,15,1821
Gujarat,W.Rly,2010,22.1487,71.0824,8,2,0,0,12,3,13,10,1058,0,17,9,0,71,0,4,0,3,1203
Haryana,Ambala,2010,29.0238,76.0506,35,30,1,60,66,14,18,288,1304,0,3,133,10,198,9,20,0,220,2848
Haryana,Bhiwani,2010,29.1988,76.2256,61,38,1,60,104,9,43,264,1078,0,171,89,17,214,22,45,0,64,2871
Haryana,Faridabad,2010,28.4089,77.3178,70,49,5,102,204,79,20,277,3344,0,178,154,5,191,23,27,0,224,4920
Haryana,Fatehabad,2010,28.9838,76.0106,27,33,2,42,66,10,9,119,482,0,14,37,5,119,5,13,0,79,1385
Haryana,Grp,2010,29.0888,76.1156,22,4,0,2,6,2,18,1,946,0,23,7,0,9,5,8,0,0,1199
Haryana,Gurgaon,2010,28.4595,77.0266,84,59,3,90,116,33,119,492,6248,0,96,254,2,146,22,30,0,86,7739
Haryana,Hissar,2010,28.8288,75.8556,91,74,1,50,168,13,51,320,1658,0,78,179,43,316,13,24,0,261,3821
Haryana,Jhajjar,2010,29.2238,76.2506,51,50,5,72,84,13,37,185,1054,0,69,47,10,110,12,27,0,117,2137
Haryana,Jind,2010,29.2588,76.2856,53,40,4,58,70,3,43,248,1120,0,116,49,14,148,17,27,0,88,2435
Haryana,Kaithal,2010,28.8838,75.9106,30,24,2,56,54,11,19,160,608,0,0,19,9,204,11,15,0,112,1668
Haryana,Karnal,2010,29.1488,76.1756,49,50,2,104,66,18,24,269,1672,0,53,135,7,285,21,29,0,231,3447
Haryana,Kurukshetra,2010,28.8488,75.8756,34,21,2,72,68,5,22,237,1454,0,0,31,14,175,13,9,0,79,2536
Haryana,Mahendragarh,2010,28.8238,75.8506,31,19,3,56,80,9,27,121,678,0,112,23,16,133,7,25,0,86,1835
Haryana,Mewat,2010,28.9988,76.0256,26,36,3,56,72,33,17,63,814,0,130,59,1,80,5,12,0,150,1909
Haryana,Palwal,2010,29.2988,76.3256,34,44,6,82,82,22,26,66,1234,0,150,36,7,158,14,30,0,89,2306
Haryana,Panchkula,2010,29.0938,76.1206,20,6,1,20,32,6,7,147,646,0,2,84,2,28,1,10,0,98,1328
Haryana,Panipat,2010,28.9338,75.9606,32,31,10,110,130,19,41,176,1698,0,88,50,5,152,13,22,0,175,2809
Haryana,Rewari,2010,29.0388,76.0656,29,29,0,50,66,27,63,171,1086,0,40,8,6,167,14,16,0,71,2351
Haryana,Rohtak,2010,29.0188,76.0456,72,53,6,102,64,34,34,276,1710,0,59,76,8,173,17,26,0,87,3077
Haryana,Sirsa,2010,28.8138,75.8406,45,33,1,78,94,5,14,190,774,0,28,28,19,329,8,9,0,125,2007
Haryana,Sonipat,2010,29.0988,76.1256,81,66,3,54,150,19,62,215,1968,0,3,104,14,222,26,32,0,123,3475
Haryana,Yamunanagar,2010,29.0288,76.0556,28,47,2,64,84,11,20,160,956,0,1,60,7,176,6,20,0,155,2020
Himachal Pradesh,Baddipolicedist,2010,31.1398,77.2084,9,6,0,10,18,0,1,19,100,0,17,6,1,124,0,6,0,4,368
Himachal Pradesh,Bilaspur,2010,31.2398,77.3084,9,10,2,30,16,0,1,28,138,0,32,14,8,46,0,37,0,32,1138
Himachal Pradesh,Chamba,2010,31.1798,77.2484,5,4,1,26,44,0,0,77,96,0,26,5,6,72,1,29,0,5,663
Himachal Pradesh,Cid,2010,31.1848,77.2534,0,0,0,0,0,0,0,0,0,0,0,0,0,0,0,0,0,0,5
Himachal Pradesh,G.R.P.,2010,31.0148,77.0834,1,0,0,0,0,0,0,0,6,0,0,1,0,1,0,0,0,0,17
Himachal Pradesh,Hamirpur,2010,30.9198,76.9884,11,4,3,22,38,0,0,46,74,0,34,29,12,222,0,27,0,17,1015
Himachal Pradesh,Kangra,2010,30.9748,77.0434,27,12,2,44,76,1,1,143,278,0,101,81,26,240,0,60,0,53,2416
Himachal Pradesh,Kinnaur,2010,31.0098,77.0784,4,0,0,4,4,0,0,19,6,0,33,3,1,8,0,2,0,4,197
Himachal Pradesh,Kullu,2010,31.1698,77.2384,11,5,0,34,18,0,0,39,84,0,39,15,2,44,0,23,0,9,808
Himachal Pradesh,Lahaul-Spiti,2010,31.1348,77.2034,0,1,0,0,0,0,0,0,10,0,1,0,0,1,0,1,0,3,67
Himachal Pradesh,Mandi,2010,31.2998,77.3684,11,11,0,38,38,0,2,88,158,0,88,52,22,164,0,71,0,45,1788
Himachal Pradesh,Shimla,2010,30.9848,77.0534,20,6,1,42,46,0,1,121,326,0,92,31,30,47,0,27,0,29,1790
Himachal Pradesh,Sirmaur,2010,31.2398,77.3084,10,5,1,30,28,1,1,39,118,0,67,34,7,48,0,36,0,17,844
Himachal Pradesh,Solan,2010,30.9498,77.0184,5,6,1,22,26,0,0,82,148,0,42,9,4,250,0,12,0,20,893
Himachal Pradesh,Una,2010,31.3348,77.4034,9,4,1,18,36,0,4,42,134,0,43,38,8,107,1,19,0,37,1040
Jammu & Kashmir,Anantnag,2010,33.7032,76.5012,7,15,0,14,150,0,4,99,280,0,223,19,18,1,0,112,0,3,1299
Jammu & Kashmir,Awantipora,2010,33.9232,76.7212,2,2,0,4,34,0,5,19,68,0,79,5,2,0,0,19,0,0,480
Jammu & Kashmir,Bandipora,2010,33.7482,76.5462,14,13,0,8,90,0,3,33,106,0,106,5,5,0,0,66,0,0,560
Jammu & Kashmir,Baramulla,2010,34.0082,76.8062,10,10,2,14,114,0,1,81,142,0,176,12,27,0,0,68,0,1,975
Jammu & Kashmir,Budgam,2010,33.7632,76.5612,2,25,4,14,134,0,10,91,556,0,201,18,17,1,0,93,0,0,1352
Jammu & Kashmir,Crime Jammu,2010,33.6682,76.4662,0,0,0,0,0,0,0,0,0,0,0,19,0,0,0,0,0,0,20
Jammu & Kashmir,Crime Kashmir,2010,33.7682,76.5662,0,0,0,0,0,0,0,0,0,0,0,29,0,0,0,0,0,0,32
Jammu & Kashmir,Doda,2010,22.3072,73.1812,5,32,0,42,118,0,1,49,92,0,14,11,14,15,0,27,0,21,870
Jammu & Kashmir,Ganderbal,2010,33.7582,76.5562,4,3,0,2,30,0,0,15,64,0,66,8,3,2,0,44,0,1,365
Jammu & Kashmir,Handwara,2010,33.9382,76.7362,10,36,0,2,72,1,0,19,94,0,25,10,2,1,0,47,0,1,420
Jammu & Kashmir,Jammu,2010,33.7132,76.5112,23,86,5,72,162,0,1,216,988,0,69,105,16,34,6,36,0,70,3976
Jammu & Kashmir,Kargil,2010,33.9032,76.7012,1,0,0,0,2,0,0,11,22,0,8,1,2,0,0,0,0,0,136
Jammu & Kashmir,Kathua,2010,33.7082,76.5062,11,20,2,34,38,0,1,49,136,0,40,17,13,17,2,26,0,5,1061
Jammu & Kashmir,Kishtwar,2010,33.9332,76.7312,9,24,0,6,52,1,0,20,40,0,0,7,0,1,0,5,0,5,338
Jammu & Kashmir,Kulgam,2010,34.0182,76.8162,6,15,0,8,90,0,10,58,122,0,115,6,11,41,0,60,0,1,712
Jammu & Kashmir,Kupwara,2010,33.7082,76.5062,7,25,1,6,66,0,0,53,106,0,107,10,4,4,0,21,0,1,527
Jammu & Kashmir,Leh,2010,33.5582,76.3562,1,1,0,4,8,0,0,10,10,0,8,3,0,3,0,3,0,0,158
Jammu & Kashmir,Poonch,2010,33.8532,76.6512,12,37,1,40,78,0,0,23,62,0,132,8,0,54,0,30,0,16,950
Jammu & Kashmir,Pulwama,2010,33.6182,76.4162,4,10,2,16,66,1,4,37,160,0,172,7,8,55,0,11,0,0,617
Jammu & Kashmir,Railways,2010,33.9382,76.7362,0,0,0,0,2,0,0,1,24,0,16,0,0,0,0,0,0,0,43
Jammu & Kashmir,Rajouri,2010,33.9932,76.7912,15,36,6,72,94,2,0,44,104,0,33,15,22,30,0,26,0,44,1460
Jammu & Kashmir,Ramban,2010,33.6332,76.4312,3,9,0,12,34,0,0,24,74,0,17,10,1,2,0,11,0,0,636
Jammu & Kashmir,Reasi,2010,33.5782,76.3762,5,15,1,16,24,0,1,29,82,0,1,9,4,2,0,13,0,0,545
Jammu & Kashmir,Samba,2010,33.7432,76.5412,9,13,1,10,8,0,0,30,84,0,27,7,2,2,1,7,0,6,660
Jammu & Kashmir,Shopian,2010,33.5732,76.3712,4,22,0,18,94,0,3,38,232,0,72,11,13,0,0,96,0,1,621
Jammu & Kashmir,Sopore,2010,33.5882,76.3862,30,67,0,18,76,0,3,63,290,0,122,1,18,1,0,59,0,3,734
Jammu & Kashmir,Srinagar,2010,33.9132,76.7112,15,186,0,26,136,1,12,247,994,0,313,63,20,8,0,130,0,17,2630
Jammu & Kashmir,Udhampur,2010,34.0182,76.8162,7,9,0,30,20,0,2,47,72,0,27,6,2,4,0,28,0,15,1032
Jharkhand,Bokaro,2010,23.7552,85.4249,70,7,0,56,128,13,30,74,1308,0,128,82,0,0,26,2,0,70,2808
Jharkhand,Chaibasa,2010,23.6402,85.3099,119,47,0,96,48,12,33,14,284,0,13,28,2,7,1,7,0,7,916
Jharkhand,Chatra,2010,23.8152,85.4849,31,36,1,22,52,9,22,20,152,0,82,15,6,60,18,3,0,9,923
Jharkhand,Deoghar,2010,23.6502,85.3199,58,17,3,66,56,21,20,126,586,0,158,22,6,331,19,7,0,21,1702
Jharkhand,Dhanbad,2010,23.4652,85.1349,58,31,10,64,190,55,47,205,1794,0,209,59,6,132,31,30,0,34,3835
Jharkhand,Dhanbad Rly.,2010,23.4652,85.1349,5,0,0,2,8,8,7,2,370,0,8,6,0,0,1,11,0,0,416
Jharkhand,Dumka,2010,23.8202,85.4899,57,16,4,104,76,4,8,58,506,0,62,11,7,358,6,8,0,46,1504
Jharkhand,Garhwa,2010,23.4552,85.1249,61,91,0,42,54,8,40,44,138,0,163,36,18,256,10,11,0,38,1303
Jharkhand,Giridih,2010,23.4852,85.1549,59,55,0,74,116,33,30,73,586,0,316,42,12,135,39,9,0,63,2580
Jharkhand,Godda,2010,23.5752,85.2449,57,104,3,52,84,7,16,45,292,0,131,28,11,299,7,25,0,11,1464
Jharkhand,Gumla,2010,23.5002,85.1699,153,66,11,114,88,8,31,11,152,0,30,22,12,80,2,8,0,7,945
Jharkhand,Hazaribagh,2010,23.5352,85.2049,69,50,5,60,106,19,41,68,428,0,232,58,9,476,27,18,0,42,2238
Jharkhand,Jamshedpur,2010,23.8202,85.4899,113,36,15,76,178,15,36,171,1894,0,160,102,18,749,15,9,0,55,3574
Jharkhand,Jamshedpur Rly.,2010,23.3802,85.0499,8,0,1,0,8,1,8,1,330,0,0,3,0,15,0,1,0,0,374
Jharkhand,Jamtara,2010,23.6302,85.2999,25,54,1,18,18,8,10,17,118,0,49,9,3,0,2,9,0,0,525
Jharkhand,Khunti,2010,23.3752,85.0449,71,7,2,4,14,6,13,6,86,0,4,8,0,7,0,2,0,4,306
Jharkhand,Koderma,2010,23.8052,85.4749,29,44,1,30,46,7,8,21,170,0,60,52,3,144,8,6,0,21,927
Jharkhand,Latehar,2010,23.6402,85.3099,43,32,0,32,50,11,12,17,140,0,27,15,9,35,3,0,0,8,455
Jharkhand,Lohardagga,2010,23.8352,85.5049,35,0,1,78,48,6,13,19,92,0,19,30,4,63,0,0,0,25,513
Jharkhand,Pakur,2010,23.4152,85.0849,32,4,6,90,34,3,8,15,158,0,77,8,6,34,1,11,0,31,731
Jharkhand,Palamu,2010,23.5902,85.2599,89,151,0,54,126,25,49,68,346,0,193,62,29,290,23,21,0,22,2101
Jharkhand,Ramgarh,2010,23.4852,85.1549,40,10,3,26,46,9,15,27,210,0,54,43,5,138,5,10,0,39,932
Jharkhand,Ranchi,2010,23.4002,85.0699,183,55,8,184,256,35,160,174,3366,0,198,168,10,490,22,14,0,53,5862
Jharkhand,Sahebganj,2010,23.5702,85.2399,71,51,3,102,66,5,11,24,204,0,57,25,1,127,4,12,0,25,907
Jharkhand,Saraikela,2010,23.5452,85.2149,65,49,4,64,32,15,24,45,396,0,13,51,2,0,6,8,0,17,886
Jharkhand,Simdega,2010,23.4902,85.1599,88,15,0,36,28,11,17,12,74,0,4,3,6,45,0,3,0,2,368
Karnataka,Bagalkot,2010,15.1423,75.5389,51,28,0,18,22,0,24,92,298,0,164,46,4,244,5,67,0,59,2189
Karnataka,Bangalore Commr.,2010,12.9716,77.5946,266,445,5,130,1026,312,641,1335,21136,0,349,3073,7,3153,52,308,0,398,32188
Karnataka,Bangalore Rural,2010,13.0827,77.5877,100,50,1,32,60,17,81,261,1372,0,240,83,0,510,8,48,0,55,4612
Karnataka,Belgaum,2010,15.8497,74.4977,124,106,2,84,124,16,61,239,1134,0,572,243,12,1053,10,222,0,273,7463
Karnataka,Bellary,2010,15.3773,75.7739,58,40,0,24,40,9,28,150,540,0,228,77,16,440,13,80,0,99,3414
Karnataka,Bidar,2010,15.5473,75.9439,41,39,1,16,52,5,17,114,298,0,165,48,15,882,6,26,0,88,3599
Karnataka,Bijapur,2010,15.1273,75.5239,59,49,1,26,86,6,23,126,270,0,294,100,3,551,5,58,0,160,3259
Karnataka,Cbpura,2010,15.1573,75.5539,39,41,11,18,60,4,29,109,514,0,248,56,0,355,5,34,0,41,2333
Karnataka,Chamarajnagar,2010,15.3773,75.7739,31,18,0,24,12,1,7,72,268,0,124,19,0,488,3,53,0,52,1937
Karnataka,Chickmagalur,2010,15.3073,75.7039,26,32,2,38,56,8,26,122,358,0,152,46,6,846,11,63,0,90,3165
Karnataka,Chitradurga,2010,15.2373,75.6339,40,34,3,52,78,4,40,101,550,0,388,63,17,951,7,158,0,99,4752
Karnataka,Dakshin Kannada,2010,15.2273,75.6239,43,47,1,32,32,8,40,218,782,0,194,151,15,412,1,67,0,62,4196
Karnataka,Davanagere,2010,15.4473,75.8439,29,25,6,32,40,5,27,127,540,0,270,59,0,393,9,91,0,120,3059
Karnataka,Dharwad Commr.,2010,15.4589,75.0078,17,16,0,2,40,5,62,128,696,0,86,154,9,159,0,16,0,45,2221
Karnataka,Dharwad Rural,2010,15.4589,75.0078,28,33,1,16,28,0,11,40,112,0,128,13,3,207,0,44,0,23,1487
Karnataka,Gadag,2010,15.2073,75.6039,27,11,0,12,16,2,6,46,124,0,96,19,1,140,1,35,0,53,1107
Karnataka,Gulbarga,2010,17.3297,76.8343,89,103,3,68,150,43,87,216,698,0,456,81,31,927,6,56,0,152,4799
Karnataka,Hassan,2010,15.2273,75.6239,61,83,4,46,68,14,81,267,748,0,322,123,0,1432,14,134,0,180,6204
Karnataka,Haveri,2010,15.5423,75.9389,28,23,4,12,46,3,10,64,252,0,220,46,0,303,2,65,0,65,2245
Karnataka,K.G.F.,2010,15.4423,75.8389,16,12,0,14,32,1,10,57,176,0,55,17,0,283,8,20,0,26,991
Karnataka,Kodagu,2010,15.1573,75.5539,37,30,0,40,30,3,20,116,226,0,44,31,3,769,1,57,0,61,2199
Karnataka,Kolar,2010,15.4823,75.8789,40,54,2,24,36,4,18,73,424,0,196,20,0,261,4,29,0,12,1912
Karnataka,Koppal,2010,15.4823,75.8789,28,27,14,20,42,6,9,92,234,0,153,37,0,193,2,29,0,46,1951
Karnataka,Mandya,2010,15.1123,75.5089,83,62,1,60,94,11,56,303,1128,0,384,111,44,1407,10,117,0,185,6626
Karnataka,Mysore Commr.,2010,12.2958,76.6394,30,51,0,14,48,12,199,203,1710,0,95,276,0,238,4,22,0,59,3407
Karnataka,Mysore Rural,2010,15.1723,75.5689,80,72,0,86,74,9,34,294,676,0,303,47,0,1029,13,93,0,161,4464
Karnataka,Raichur,2010,15.4623,75.8589,49,47,3,62,76,1,12,80,298,0,291,107,3,597,3,105,0,195,3349
Karnataka,Railways,2010,15.4773,75.8739,14,0,0,2,4,3,29,2,872,0,5,6,0,18,1,0,0,0,955
Karnataka,Ramanagar,2010,15.4023,75.7989,89,72,0,28,76,14,70,244,1024,0,275,57,28,531,22,53,0,76,4440
Karnataka,Shimoga,2010,15.2973,75.6939,34,58,2,34,62,16,44,231,806,0,495,144,21,1268,4,113,0,277,5839
Karnataka,Tumkur,2010,15.4373,75.8339,88,57,4,50,58,18,87,255,1304,0,278,85,34,773,14,107,0,78,5101
Karnataka,Udupi,2010,15.4773,75.8739,15,17,1,24,14,7,40,139,284,0,134,54,2,315,1,31,0,38,2699
Karnataka,Uttar Kannada,2010,15.2673,75.6639,22,17,22,22,26,2,17,84,200,0,104,27,7,366,0,78,0,66,2993
Karnataka,Yadgiri,2010,15.1123,75.5089,23,51,0,10,40,3,3,59,134,0,202,24,5,341,3,65,0,47,1542
Kerala,Alapuzha,2010,10.8705,76.2911,27,27,10,80,42,6,43,171,574,0,443,228,18,1234,0,176,0,259,7842
Kerala,Ernakulam Commr.,2010,10.7805,76.2011,4,11,3,40,16,17,34,79,466,0,244,313,2,282,2,67,0,146,25735
Kerala,Ernakulam Rural,2010,10.6405,76.0611,25,17,11,84,28,5,56,130,602,0,323,168,13,886,1,146,0,203,12225
Kerala,Idukki,2010,10.9005,76.3211,15,37,2,66,14,1,11,111,290,0,307,173,11,1319,0,177,0,208,8620
Kerala,Kannur,2010,10.6755,76.0961,26,19,6,46,22,14,61,148,312,0,935,117,58,1237,0,131,0,300,5850
Kerala,Kasargod,2010,10.7755,76.1961,8,9,1,46,18,2,22,106,216,0,428,118,34,807,1,93,0,194,3238
Kerala,Kollam,2010,10.9005,76.3211,40,30,8,110,72,32,37,271,800,0,894,207,23,2142,4,364,0,581,11879
Kerala,Kottayam,2010,11.0855,76.5061,17,23,8,92,22,7,32,165,492,0,423,306,10,1708,0,236,0,257,8151
Kerala,Kozhikode Commr.,2010,11.2588,75.7804,7,3,0,32,22,24,73,175,726,0,265,130,16,500,1,70,0,164,3938
Kerala,Kozhikode Rural,2010,11.2588,75.7804,16,31,1,70,34,15,16,141,238,0,838,147,64,1096,1,146,0,321,7358
Kerala,Malappuram,2010,10.7305,76.1511,14,34,5,98,42,20,41,217,612,0,705,286,14,855,0,156,0,658,9196
Kerala,Palakkad,2010,10.8855,76.3061,42,24,4,98,22,4,13,177,372,0,523,205,24,1138,4,96,0,352,10449
Kerala,Pathanamthitta,2010,10.7905,76.2111,19,13,0,58,22,9,24,101,360,0,328,105,10,905,2,132,0,124,4971
Kerala,Railways,2010,11.0105,76.4311,1,0,0,0,2,15,9,2,446,0,6,1,0,41,0,12,0,0,523
Kerala,Thrissur,2010,10.5276,76.2144,30,37,13,98,32,33,43,145,592,0,791,298,34,931,1,205,0,400,11420
Kerala,Trivandrum Commr.,2010,11.0655,76.4861,15,16,3,54,44,45,76,221,848,0,477,409,9,829,3,194,0,135,5652
Kerala,Trivandrum Rural,2010,10.9805,76.4011,42,26,11,136,62,43,42,246,684,0,610,280,27,1923,1,476,0,367,8696
Kerala,Wayanadu,2010,11.0555,76.4761,15,4,0,60,6,3,3,76,130,0,184,90,7,699,1,59,0,128,2760
Madhya Pradesh,Alirajpur,2010,23.1684,78.8519,54,56,0,54,14,1,8,33,138,0,16,2,11,285,1,23,0,10,1330
Madhya Pradesh,Anuppur,2010,23.1484,78.8319,36,7,0,70,12,1,14,76,184,0,26,19,2,255,12,74,0,54,1365
Madhya Pradesh,Ashok Nagar,2010,22.8084,78.4919,29,29,4,90,18,2,15,99,220,0,25,23,2,942,8,103,0,59,2649
Madhya Pradesh,Balaghat,2010,22.9584,78.6419,39,17,3,104,14,2,18,99,176,0,51,26,15,384,4,97,0,40,2637
Madhya Pradesh,Barwani,2010,22.9784,78.6619,51,21,3,64,8,2,7,55,322,0,19,15,7,258,6,56,0,6,1913
Madhya Pradesh,Betul,2010,23.1484,78.8319,58,27,0,288,50,0,16,108,378,0,3,14,11,346,24,152,0,42,3177
Madhya Pradesh,Bhind,2010,22.8084,78.4919,78,78,4,60,22,9,54,94,356,0,58,20,6,1172,40,60,0,42,3211
Madhya Pradesh,Bhopal,2010,23.2599,77.4126,71,73,5,212,132,10,207,883,4976,0,104,186,14,1495,31,28,0,205,13711
Madhya Pradesh,Bhopal Rly.,2010,23.2599,77.4126,1,2,0,4,2,3,8,4,1766,0,6,3,0,3,4,10,0,0,1802
Madhya Pradesh,Burhanpur,2010,22.9334,78.6169,16,5,0,44,4,0,6,40,212,0,27,13,3,67,11,57,0,18,1263
Madhya Pradesh,Chhatarpur,2010,23.0184,78.7019,69,71,4,110,52,5,64,310,486,0,83,37,19,705,24,184,0,55,4692
Madhya Pradesh,Chhindwara,2010,23.1184,78.8019,86,27,3,204,34,3,22,191,558,0,81,51,10,1331,8,235,0,105,5190
Madhya Pradesh,Damoh,2010,22.7384,78.4219,49,65,0,82,44,3,30,153,312,0,23,28,11,1382,25,203,0,84,3399
Madhya Pradesh,Datiya,2010,23.1234,78.8069,61,59,0,54,22,5,52,92,252,0,36,16,12,377,8,75,0,27,2530
Madhya Pradesh,Dewas,2010,22.9584,78.6419,47,67,0,178,56,4,35,176,1356,0,68,40,31,434,10,192,0,131,5692
Madhya Pradesh,Dhar,2010,15.4589,75.0078,71,66,2,178,84,8,34,191,946,0,93,20,33,543,54,176,0,82,5737
Madhya Pradesh,Dindori,2010,22.7284,78.4119,20,2,3,62,4,0,4,27,60,0,8,17,2,143,4,89,0,17,994
Madhya Pradesh,Guna,2010,22.9584,78.6419,37,34,0,112,24,8,33,136,434,0,84,23,15,1051,13,150,0,47,3459
Madhya Pradesh,Gwalior,2010,26.2183,78.1828,99,176,26,142,204,17,190,1105,4088,0,173,156,23,1195,52,180,0,248,11337
Madhya Pradesh,Harda,2010,23.0384,78.7219,25,17,0,80,18,0,3,84,226,0,17,13,4,596,3,54,0,17,1362
Madhya Pradesh,Hoshangabad,2010,23.1584,78.8419,52,39,3,146,76,4,46,216,736,0,49,50,16,524,20,140,0,111,4284
Madhya Pradesh,Indore,2010,22.7196,75.8577,108,149,4,208,112,20,238,836,7686,0,108,174,41,3468,38,338,0,352,18473
Madhya Pradesh,Indore Rly.,2010,22.7196,75.8577,1,1,1,0,2,0,5,3,328,0,1,1,0,2,0,2,0,0,344
Madhya Pradesh,Jabalpur,2010,23.1815,79.9864,81,95,0,260,68,12,73,349,1532,0,83,89,8,1432,56,189,0,185,9973
Madhya Pradesh,Jabalpur Rly.,2010,23.1815,79.9864,0,2,0,10,2,1,4,4,790,0,2,0,0,6,0,1,0,0,821
Madhya Pradesh,Jhabua,2010,23.1184,78.8019,26,26,0,70,28,4,25,74,248,0,22,2,20,823,1,45,0,5,1939
Madhya Pradesh,Katni,2010,23.1084,78.7919,37,34,4,138,32,0,14,148,340,0,26,39,11,1023,13,144,0,77,3220
Madhya Pradesh,Khandwa,2010,22.8834,78.5669,38,33,1,92,30,2,11,186,426,0,38,14,15,60,9,154,0,39,3111
Madhya Pradesh,Khargon,2010,22.9484,78.6319,49,40,5,142,28,1,11,133,778,0,31,21,7,272,31,162,0,35,4121
Madhya Pradesh,Mandla,2010,22.7384,78.4219,33,13,5,112,14,0,3,70,78,0,17,21,8,317,5,68,0,17,1824
Madhya Pradesh,Mandsaur,2010,22.8484,78.5319,25,31,0,116,48,3,32,113,550,0,32,30,11,129,4,108,0,59,3203
Madhya Pradesh,Morena,2010,22.8584,78.5419,57,94,2,80,40,21,27,140,688,0,128,31,7,1879,32,80,0,75,4912
Madhya Pradesh,Narsinghpur,2010,22.9434,78.6269,45,36,6,130,12,2,18,117,280,0,60,16,14,1328,21,135,0,63,3135
Madhya Pradesh,Neemuch,2010,22.8684,78.5519,20,18,0,24,28,0,22,153,412,0,47,22,11,326,3,48,0,47,2046
Madhya Pradesh,Panna,2010,22.7284,78.4119,25,21,3,94,22,4,27,142,230,0,3,34,6,316,16,87,0,47,2077
Madhya Pradesh,Raisen,2010,22.8984,78.5819,54,44,0,172,68,3,15,97,520,0,56,4,5,1839,16,210,0,65,4461
Madhya Pradesh,Rajgarh,2010,23.0634,78.7469,36,28,2,146,68,2,37,146,554,0,68,19,51,398,14,179,0,30,4430
Madhya Pradesh,Ratlam,2010,23.0084,78.6919,53,49,1,176,48,3,30,121,690,0,64,51,26,1182,16,145,0,94,4245
Madhya Pradesh,Rewa,2010,23.0034,78.6869,51,44,0,162,90,5,50,347,904,0,56,38,27,763,37,140,0,124,5562
Madhya Pradesh,Sagar,2010,23.2134,78.8969,90,123,1,240,134,6,54,382,1066,0,108,43,28,2721,35,385,0,133,8518
Madhya Pradesh,Satna,2010,23.1784,78.8619,73,49,4,178,54,6,45,321,840,0,42,27,17,984,26,199,0,119,5373
Madhya Pradesh,Seoni,2010,22.8884,78.5719,39,20,4,142,42,1,14,135,294,0,37,51,5,311,18,92,0,38,2906
Madhya Pradesh,Shahdol,2010,22.7684,78.4519,34,17,0,122,32,1,21,173,322,0,20,24,12,235,12,123,0,63,2937
Madhya Pradesh,Shajapur,2010,23.0784,78.7619,38,34,1,112,38,7,27,153,780,0,46,11,18,983,11,117,0,33,3225
Madhya Pradesh,Sheopur,2010,22.7384,78.4219,17,13,0,22,20,2,7,40,98,0,56,9,2,319,3,35,0,23,1214
Madhya Pradesh,Shivpuri,2010,23.1434,78.8269,56,30,8,146,56,16,39,114,430,0,69,23,20,1180,7,131,0,32,4357
Madhya Pradesh,Sidhi,2010,22.8634,78.5469,32,20,0,88,58,0,18,170,266,0,19,15,20,337,26,104,0,36,2603
Madhya Pradesh,Sihore,2010,22.9134,78.5969,45,48,1,140,64,3,16,129,564,0,40,38,23,380,10,135,0,89,3986
Madhya Pradesh,Singrauli,2010,23.1784,78.8619,32,20,4,92,48,0,12,120,296,0,25,12,6,323,15,119,0,85,2156
Madhya Pradesh,Tikamgarh,2010,23.0834,78.7669,34,25,2,156,38,6,25,131,344,0,45,27,12,937,15,143,0,59,3718
Madhya Pradesh,Ujjain,2010,23.1765,75.7885,77,120,1,154,108,1,92,409,1934,0,129,61,33,574,20,179,0,193,8708
Madhya Pradesh,Umariya,2010,23.0784,78.7619,14,4,0,46,4,0,8,47,80,0,13,11,9,81,3,72,0,25,1238
Madhya Pradesh,Vidisha,2010,23.0934,78.7769,54,58,3,162,44,1,33,222,624,0,65,49,28,777,17,239,0,114,4757
Maharashtra,Ahmednagar,2010,19.7715,75.7339,122,75,1,114,116,66,155,579,3034,0,570,254,46,718,10,115,0,604,7215
Maharashtra,Akola,2010,19.8715,75.8339,46,66,3,50,50,13,83,283,2106,0,172,113,45,815,12,100,0,149,4472
Maharashtra,Amravati Commr.,2010,19.9615,75.9239,11,30,4,40,62,11,54,232,1976,0,55,63,16,456,3,52,0,96,3079
Maharashtra,Amravati Rural,2010,19.8215,75.7839,64,37,1,80,62,12,25,248,1700,0,118,55,68,1046,2,179,0,135,4574
Maharashtra,Aurangabad Commr.,2010,19.8762,75.3433,38,86,1,46,80,25,122,347,2024,0,138,207,15,467,10,52,0,157,3953
Maharashtra,Aurangabad Rural,2010,19.9115,75.8739,49,33,4,32,32,21,30,225,1064,0,240,81,30,607,21,56,0,303,3223
Maharashtra,Beed,2010,19.6065,75.5689,86,74,6,56,88,42,71,298,1046,0,297,95,39,879,11,87,0,360,4049
Maharashtra,Bhandara,2010,19.8215,75.7839,24,7,4,48,30,1,17,208,896,0,49,28,18,309,3,42,0,61,2242
Maharashtra,Buldhana,2010,19.6415,75.6039,59,48,4,58,42,11,36,174,1284,0,255,77,70,751,34,131,0,185,3972
Maharashtra,Chandrapur,2010,19.8215,75.7839,56,29,3,86,42,5,24,264,1322,0,104,76,45,639,7,117,0,147,4006
Maharashtra,Dhule,2010,19.8865,75.8489,48,54,1,36,24,26,42,197,796,0,198,77,16,400,6,28,0,234,2974
Maharashtra,Gadchiroli,2010,19.7565,75.7189,58,30,1,32,22,7,11,93,248,0,21,14,46,202,0,28,0,20,1082
Maharashtra,Gondia,2010,19.5815,75.5439,29,15,4,56,36,3,20,191,646,0,48,35,22,361,3,80,0,41,1982
Maharashtra,Hingoli,2010,19.6515,75.6139,38,36,0,28,12,10,40,93,360,0,142,60,30,417,1,33,0,115,1865
Maharashtra,Jalgaon,2010,19.7315,75.6939,94,71,4,98,82,41,62,281,1758,0,320,198,40,838,11,143,0,425,5408
Maharashtra,Jalna,2010,19.7165,75.6789,51,43,3,22,26,19,71,213,838,0,219,103,20,582,40,81,0,315,2960
Maharashtra,Kolhapur,2010,19.6715,75.6339,52,30,1,54,44,15,45,229,1400,0,218,267,16,462,18,71,0,96,3727
Maharashtra,Latur,2010,19.8315,75.7939,65,41,0,56,62,24,57,226,888,0,242,87,33,703,3,85,0,229,3513
Maharashtra,Mumbai Commr.,2010,18.922,72.8347,228,170,7,388,388,77,410,3059,26390,0,391,2211,22,4487,21,475,0,312,38221
Maharashtra,Mumbai Rly.,2010,19.6465,75.6089,6,7,2,4,8,4,55,2,4074,0,8,42,0,46,0,15,0,0,4256
Maharashtra,Nagpur Commr.,2010,21.1458,79.0882,88,69,5,116,114,26,259,599,3464,0,183,264,20,842,8,87,0,175,7728
Maharashtra,Nagpur Rly.,2010,19.8415,75.8039,10,3,0,2,6,9,43,2,1884,0,10,3,1,25,0,8,0,0,1998
Maharashtra,Nagpur Rural,2010,19.6665,75.6289,86,29,3,78,60,15,57,236,1468,0,94,41,50,596,8,78,0,56,3922
Maharashtra,Nanded,2010,19.9715,75.9339,82,67,3,72,104,27,99,416,1032,0,309,178,50,1181,68,85,0,315,5312
Maharashtra,Nandurbar,2010,19.5415,75.5039,43,14,3,40,28,12,7,82,322,0,123,41,9,283,2,32,0,88,1542
Maharashtra,Nasik Commr.,2010,19.8865,75.8489,37,32,1,60,54,37,117,528,3764,0,146,187,17,268,2,46,0,124,5247
Maharashtra,Nasik Rural,2010,19.9065,75.8689,91,49,3,106,56,50,45,226,1394,0,368,126,14,729,6,79,0,344,5011
Maharashtra,Navi Mumbai,2010,19.5315,75.4939,57,27,3,54,46,22,136,700,4080,0,135,452,6,462,3,36,0,89,6177
Maharashtra,Osmanabad,2010,19.6415,75.6039,44,31,1,56,58,22,33,167,696,0,167,176,25,535,2,74,0,161,2831
Maharashtra,Parbhani,2010,19.5665,75.5289,41,49,4,40,72,15,60,318,832,0,183,84,34,1068,5,54,0,209,3043
Maharashtra,Pune Commr.,2010,18.5204,73.8567,129,94,6,182,258,61,452,1250,9348,0,393,663,17,1169,4,78,0,214,14016
Maharashtra,Pune Rly.,2010,19.7565,75.7189,0,1,0,0,4,9,7,0,750,0,2,3,0,6,0,1,0,0,782
Maharashtra,Pune Rural,2010,19.6315,75.5939,141,81,15,144,96,72,145,642,3230,0,437,255,29,836,15,136,0,200,7741
Maharashtra,Raigad,2010,19.7865,75.7489,44,22,5,30,22,17,17,127,568,0,86,113,11,222,0,39,0,49,2006
Maharashtra,Ratnagiri,2010,19.9015,75.8639,23,10,1,56,18,5,16,148,454,0,123,74,13,171,0,37,0,33,1604
Maharashtra,Sangli,2010,19.5815,75.5439,61,33,5,98,52,9,35,239,968,0,155,196,29,449,18,67,0,84,2922
Maharashtra,Satara,2010,19.8865,75.8489,43,59,2,54,84,31,76,412,1738,0,247,177,21,472,0,82,0,170,4349
Maharashtra,Sindhudurg,2010,19.7465,75.7089,14,7,1,18,10,0,6,95,276,0,39,47,14,118,0,10,0,11,815
Maharashtra,Solapur Commr.,2010,19.8765,75.8389,20,16,4,24,28,12,47,143,754,0,65,78,4,155,2,22,0,78,1623
Maharashtra,Solapur Rural,2010,19.7715,75.7339,75,40,6,126,74,47,79,370,1316,0,330,164,44,741,5,97,0,205,4751
Maharashtra,Thane Commr.,2010,19.2183,72.9781,107,72,3,186,186,52,172,1080,6346,0,285,794,22,1322,9,152,0,365,10624
Maharashtra,Thane Rural,2010,19.5965,75.5589,135,46,12,94,88,58,231,757,2484,0,373,299,29,817,6,95,0,120,6213
Maharashtra,Wardha,2010,19.8415,75.8039,41,29,5,88,52,9,46,237,1562,0,115,43,62,744,2,119,0,93,3882
Maharashtra,Washim,2010,19.5515,75.5139,40,21,2,24,34,8,28,121,754,0,100,33,31,385,5,56,0,102,2070
Maharashtra,Yavatmal,2010,19.9265,75.8889,68,43,5,66,104,5,78,280,1796,0,139,50,40,915,7,121,0,165,4777
Manipur,Bishnupur,2010,24.4637,93.7063,14,28,0,12,40,12,1,9,56,0,6,9,10,39,0,7,0,4,320
Manipur,Chandel,2010,24.8937,94.1363,3,5,0,0,2,15,0,1,2,0,1,0,10,4,0,0,0,0,59
Manipur,Churachandpur,2010,24.7837,94.0263,12,3,0,2,8,8,0,3,24,0,5,2,2,3,0,0,0,0,90
Manipur,Cid,2010,24.7437,93.9863,0,0,0,0,0,0,0,0,0,0,0,2,0,0,0,0,0,0,2
Manipur,Imphal East,2010,28.6333,77.2833,19,51,0,12,86,67,0,8,128,0,8,6,10,46,0,4,0,3,476
Manipur,Imphal West,2010,28.65,77.1,18,114,0,20,142,42,0,28,464,0,25,30,7,71,0,12,0,3,1067
Manipur,Senapati,2010,24.4637,93.7063,5,8,0,2,44,23,0,4,56,0,6,2,17,2,0,0,0,0,177
Manipur,Tamenglong,2010,24.4787,93.7213,0,1,0,0,2,6,0,0,12,0,3,0,9,2,0,0,0,0,47
Manipur,Thoubal,2010,24.4487,93.6913,18,43,1,18,74,13,0,13,86,0,10,8,4,57,0,8,0,8,414
Manipur,Ukhrul,2010,24.7087,93.9513,3,5,0,2,0,10,1,0,6,0,1,0,17,3,0,0,0,0,63
Meghalaya,Garo Hills East,2010,28.6333,77.2833,11,8,0,10,10,14,6,14,66,0,0,1,8,4,0,3,0,0,152
Meghalaya,Garo Hills South,2010,28.5333,77.2,8,3,0,8,10,2,1,4,16,0,0,1,2,3,0,0,0,1,59
Meghalaya,Garo Hills West,2010,28.65,77.1,20,11,2,30,48,5,6,25,372,0,6,25,4,34,0,18,0,5,586
Meghalaya,Jaintia Hills,2010,25.487,91.3862,48,5,0,66,16,4,8,14,142,0,0,17,4,46,0,1,0,0,383
Meghalaya,Khasi Hills East,2010,28.6333,77.2833,24,17,2,82,32,4,32,94,544,0,0,41,16,28,0,10,0,17,914
Meghalaya,Khasi Hills West,2010,28.65,77.1,11,13,4,56,12,8,7,15,82,0,0,4,8,13,0,10,0,0,243
Meghalaya,Ri-Bhoi,2010,25.712,91.6112,12,3,0,46,14,6,7,0,106,0,1,9,10,26,0,6,0,1,264
Mizoram,Aizawl,2010,23.3695,93.1426,23,10,4,68,6,1,7,227,906,0,0,47,3,46,0,42,0,2,1344
Mizoram,Champhai,2010,23.1495,92.9226,5,4,1,40,0,0,0,45,178,0,0,3,1,10,0,5,0,0,286
Mizoram,Kolasib,2010,23.3695,93.1426,5,2,0,16,4,0,0,32,130,0,0,4,3,13,0,3,0,0,209
Mizoram,Lawngtlai,2010,23.2295,93.0026,7,1,0,12,2,0,3,23,90,0,0,13,0,3,0,2,0,0,156
Mizoram,Lunglei,2010,23.3295,93.1026,3,4,2,18,0,0,4,60,212,0,0,4,2,11,0,10,0,0,318
Mizoram,Mamit,2010,23.2195,92.9926,3,4,0,12,2,2,2,23,34,0,0,2,4,17,0,6,0,0,107
Mizoram,Saiha,2010,22.9895,92.7626,2,1,0,6,4,0,0,10,52,0,0,4,0,11,0,1,0,0,90
Mizoram,Serchhip,2010,23.3445,93.1176,0,1,0,12,0,0,0,5,44,0,0,2,2,5,0,6,0,1,77
Nagaland,Dimapur,2010,26.3284,94.7324,20,6,3,8,82,2,15,29,424,0,1,14,0,11,0,8,0,1,612
Nagaland,Kiphire,2010,26.1734,94.5774,2,2,0,0,0,0,5,0,10,0,0,1,0,0,0,0,0,0,26
Nagaland,Kohima,2010,26.0484,94.4524,7,6,6,6,12,0,10,9,156,0,0,11,0,4,0,1,0,0,221
Nagaland,Longleng,2010,26.0434,94.4474,0,2,0,0,0,0,0,0,2,0,0,0,0,0,0,0,0,0,12
Nagaland,Mokokchung,2010,26.2884,94.6924,2,4,1,4,2,0,10,3,38,0,0,5,0,7,0,1,0,0,82
Nagaland,Mon,2010,25.9134,94.3174,0,0,0,0,0,0,3,0,20,0,0,0,0,0,0,0,0,0,23
Nagaland,Peren,2010,26.1434,94.5474,1,1,0,0,0,0,1,1,18,0,0,1,0,4,0,0,0,0,27
Nagaland,Phek,2010,26.2334,94.6374,4,1,1,2,2,0,3,4,20,0,0,1,1,6,0,1,0,0,45
Nagaland,Tuensang,2010,26.1484,94.5524,1,2,1,2,0,0,1,1,24,0,0,2,0,0,0,2,0,0,36
Nagaland,Wokha,2010,26.2734,94.6774,4,6,0,4,2,1,5,1,36,0,1,2,0,2,0,0,0,0,64
Nagaland,Zunheboto,2010,26.1234,94.5274,4,5,1,6,0,0,10,14,46,0,0,2,0,2,0,0,0,0,89
Odisha,Angul,2010,21.1617,85.3085,61,59,0,78,84,22,73,143,614,0,104,65,13,28,13,253,0,68,2901
Odisha,Balasore,2010,20.7367,84.8835,53,40,0,96,150,17,46,166,642,0,40,96,28,1363,40,188,0,211,3330
Odisha,Baragarh,2010,20.7917,84.9385,36,89,2,72,54,12,51,74,380,0,123,21,13,57,9,69,0,171,1627
Odisha,Berhampur,2010,20.7067,84.8535,20,83,0,22,32,24,59,73,356,0,45,40,11,244,4,125,0,12,1251
Odisha,Bhadrak,2010,21.0067,85.1535,32,37,0,66,104,1,20,48,268,0,33,38,19,29,18,99,0,151,2005
Odisha,Bolangir,2010,20.9017,85.0485,34,119,0,96,38,8,36,110,304,0,95,42,17,12,4,188,0,112,2021
Odisha,Boudh,2010,21.1017,85.2485,11,14,0,14,14,2,7,17,38,0,19,3,8,60,2,35,0,21,360
Odisha,Cuttack,2010,20.8467,84.9935,30,14,0,52,52,12,47,100,360,0,30,27,16,233,22,26,0,107,2340
Odisha,Dcp Bbsr,2010,21.0767,85.2235,44,56,2,86,82,21,55,271,2292,0,56,90,10,712,18,45,0,41,4096
Odisha,Dcp Ctc,2010,20.8917,85.0385,19,12,6,34,62,15,64,116,1034,0,26,44,5,26,4,18,0,84,2226
Odisha,Deogarh,2010,20.8517,84.9985,18,12,0,22,8,9,6,10,46,0,7,12,2,182,0,57,0,17,533
Odisha,Dhenkanal,2010,21.1317,85.2785,39,67,0,38,72,13,54,96,454,0,117,35,20,28,7,252,0,25,1786
Odisha,Gajapati,2010,20.8317,84.9785,12,12,0,12,34,1,2,10,46,0,52,13,21,28,0,37,0,16,388
Odisha,Ganjam,2010,21.0467,85.1935,87,198,0,96,94,39,66,109,302,0,96,38,29,197,25,296,0,0,1882
Odisha,Jagatsinghpur,2010,20.7617,84.9085,31,12,0,48,78,8,46,72,384,0,26,37,14,115,15,10,0,76,1617
Odisha,Jajpur,2010,21.1767,85.3235,45,32,0,60,76,15,48,117,574,0,42,39,14,934,30,64,0,80,2166
Odisha,Jharsuguda,2010,21.1817,85.3285,22,32,0,20,8,7,54,119,544,0,54,13,10,251,4,47,0,27,1325
Odisha,Kalahandi,2010,20.9067,85.0535,33,21,0,120,70,6,39,56,164,0,67,76,11,351,16,118,0,91,1564
Odisha,Kandhamal,2010,21.0667,85.2135,29,13,0,54,60,3,17,37,106,0,13,34,9,201,3,84,0,26,742
Odisha,Kendrapara,2010,21.0217,85.1685,50,38,3,76,72,18,46,99,270,0,29,20,18,53,39,8,0,22,1392
Odisha,Keonjhar,2010,21.0417,85.1885,85,62,13,90,74,37,86,81,666,0,72,31,21,158,18,107,0,85,2366
Odisha,Khurda,2010,21.1267,85.2735,16,18,0,82,78,13,49,64,274,0,19,23,7,0,8,19,0,109,1521
Odisha,Koraput,2010,20.9817,85.1285,26,44,4,82,46,17,29,60,140,0,83,15,13,15,0,122,0,42,1302
Odisha,Malkangir,2010,21.0667,85.2135,36,35,0,28,20,8,5,16,60,0,59,4,19,4,0,22,0,13,358
Odisha,Mayurbhanj,2010,20.9467,85.0935,88,62,0,152,146,12,25,123,504,0,26,36,18,92,27,189,0,146,2223
Odisha,Nayagarh,2010,20.7817,84.9285,39,8,0,40,48,2,35,60,434,0,46,26,5,388,16,12,0,14,1243
Odisha,Nowrangpur,2010,20.7267,84.8735,28,12,0,96,66,3,11,54,136,0,42,16,1,174,2,93,0,39,975
Odisha,Nuapada,2010,21.0017,85.1485,12,9,0,26,22,2,11,31,128,0,23,14,10,30,0,44,0,9,711
Odisha,Puri,2010,21.0967,85.2435,52,85,0,44,94,29,143,157,604,0,94,61,15,53,26,16,0,86,2738
Odisha,Rayagada,2010,20.8267,84.9735,33,15,0,56,66,7,23,36,152,0,39,18,4,43,7,79,0,27,829
Odisha,Rourkela,2010,21.1017,85.2485,72,37,0,52,38,36,49,82,486,0,46,27,8,218,3,71,0,64,1616
Odisha,Sambalpur,2010,21.1217,85.2685,45,40,0,54,34,23,96,150,646,0,84,31,6,275,2,34,0,52,2271
Odisha,Sonepur,2010,20.7717,84.9185,8,21,0,34,10,5,14,28,104,0,32,12,8,176,3,43,0,12,578
Odisha,Srp(Cuttack),2010,20.9017,85.0485,3,1,0,0,4,2,10,6,796,0,1,3,0,36,0,8,0,0,862
Odisha,Srp(Rourkela),2010,20.9967,85.1435,5,3,0,4,4,2,17,13,556,0,1,0,0,0,1,8,0,1,605
Odisha,Sundargarh,2010,20.7717,84.9185,54,24,1,48,38,12,52,51,280,0,38,8,7,415,2,19,0,10,1178
Punjab,Amritsar Rural,2010,31.634,74.8723,43,37,5,32,58,7,6,87,172,0,0,142,6,208,2,13,0,53,1194
Punjab,Barnala,2010,31.3321,75.5262,19,35,4,24,18,1,3,41,172,0,0,46,3,96,1,7,0,15,739
Punjab,Batala,2010,31.1221,75.3162,20,23,2,52,52,2,3,73,258,0,0,70,6,158,4,16,0,31,909
Punjab,Bhatinda,2010,30.9171,75.1112,58,65,3,58,80,7,6,205,688,0,0,195,7,242,3,36,0,31,1872
Punjab,Cp Amritsar,2010,31.634,74.8723,53,71,7,48,102,21,9,83,514,0,0,275,4,152,10,10,0,87,1833
Punjab,Cp Jalandhar,2010,31.0171,75.2112,29,51,8,44,114,15,19,176,990,0,0,271,6,205,5,27,0,82,2126
Punjab,Cp Ludhiana,2010,30.901,75.8573,90,92,14,110,304,13,31,229,1776,0,0,417,6,248,9,29,0,119,3922
Punjab,Faridkot,2010,30.9071,75.1012,21,26,1,20,14,5,0,79,224,0,0,62,2,210,3,2,0,32,847
Punjab,Fatehgarh Sahib,2010,31.0171,75.2112,16,7,2,22,32,4,7,52,232,0,0,102,0,174,1,6,0,19,939
Punjab,Ferozpur,2010,31.2371,75.4312,59,54,3,78,70,5,6,123,428,0,0,213,7,366,10,9,0,52,1842
Punjab,G.R.P,2010,31.3271,75.5212,9,2,3,0,4,1,0,0,94,0,0,3,0,7,1,0,0,0,390
Punjab,Gurdaspur,2010,30.9771,75.1712,22,30,13,60,82,3,2,63,196,0,0,67,1,130,11,19,0,42,1217
Punjab,Hoshiarpur,2010,31.2071,75.4012,51,53,2,52,76,8,18,154,380,0,0,157,8,309,5,17,0,74,1688
Punjab,Jalandhar Rural,2010,31.1871,75.3812,46,73,6,78,66,20,39,165,488,0,0,121,13,323,4,24,0,62,1809
Punjab,Kapurthala,2010,30.9371,75.1312,27,54,3,24,50,13,21,72,300,0,0,114,7,244,2,14,0,31,1159
Punjab,Khanna,2010,31.1671,75.3612,21,14,3,14,30,7,10,57,236,0,0,134,0,139,4,5,0,43,1035
Punjab,Ludhiana Rural,2010,30.901,75.8573,20,26,6,22,22,5,2,43,198,0,0,115,0,76,0,4,0,36,836
Punjab,Mansa,2010,30.9521,75.1462,35,40,1,44,26,3,2,64,128,0,0,92,1,129,7,2,0,23,794
Punjab,Moga,2010,31.1921,75.3862,34,47,5,36,44,9,4,125,424,0,0,105,5,235,3,10,0,22,1227
Punjab,Muktsar,2010,31.0321,75.2262,27,26,3,24,30,6,2,90,314,0,0,59,2,163,3,5,0,23,894
Punjab,Patiala,2010,31.0121,75.2062,52,42,6,52,74,26,8,162,792,0,0,252,4,320,9,35,0,139,3001
Punjab,Ropar,2010,30.9021,75.0962,27,17,2,28,36,0,2,73,304,0,0,88,3,110,2,14,0,20,1099
Punjab,Sangrur,2010,31.1871,75.3812,45,47,8,62,38,12,2,164,504,0,0,130,8,201,8,18,0,51,1953
Punjab,Sas Ngr,2010,31.2471,75.4412,19,22,3,34,70,3,7,148,692,0,0,144,0,142,3,18,0,42,1747
Punjab,Sbs Nagar,2010,31.1121,75.3062,22,17,4,34,32,5,26,68,202,0,0,54,2,139,6,5,0,18,718
Punjab,Tarn Taran,2010,30.8971,75.0912,42,23,3,40,54,7,6,65,186,0,0,99,0,147,5,4,0,16,858
Rajasthan,Ajmer,2010,26.4499,74.6399,46,43,15,94,210,2,14,159,1312,0,27,874,9,123,12,81,0,615,6112
Rajasthan,Alwar,2010,26.9488,74.1429,62,51,6,210,328,26,38,236,4256,0,14,912,23,2598,42,122,0,588,9886
Rajasthan,Banswara,2010,27.1438,74.3379,34,15,0,122,114,2,7,44,240,0,58,95,22,593,8,47,0,151,2241
Rajasthan,Baran,2010,27.0538,74.2479,31,51,8,96,144,2,6,74,434,0,5,225,6,335,9,129,0,267,3048
Rajasthan,Barmer,2010,27.2438,74.4379,26,27,1,68,66,0,4,91,618,0,2,266,14,435,18,71,0,194,3148
Rajasthan,Bharatpur,2010,27.0638,74.2579,83,86,1,166,406,1,34,60,2898,0,2,626,14,232,33,38,0,437,8425
Rajasthan,Bhilwara,2010,27.1438,74.3379,32,29,2,96,286,1,34,222,1562,0,54,548,25,69,3,74,0,593,5268
Rajasthan,Bikaner,2010,26.9588,74.1529,39,65,7,82,86,0,5,124,688,0,0,426,13,389,18,58,0,354,3683
Rajasthan,Bundi,2010,27.1988,74.3929,23,50,6,62,186,0,15,91,480,0,10,197,5,764,3,113,0,285,3286
Rajasthan,Chittorgarh,2010,26.8788,74.0729,29,43,2,84,222,10,40,179,1030,0,42,320,19,980,6,76,0,516,4755
Rajasthan,Churu,2010,27.0738,74.2679,39,35,0,98,78,1,4,88,446,0,0,427,8,473,22,10,0,301,3153
Rajasthan,Dausa,2010,27.0938,74.2879,41,31,3,48,194,4,14,80,1788,0,28,268,13,134,18,18,0,162,5136
Rajasthan,Dholpur,2010,27.0088,74.2029,51,69,0,44,154,5,30,50,1180,0,4,157,10,1637,28,18,0,186,4311
Rajasthan,Dungarpur,2010,27.0238,74.2179,18,16,0,52,104,1,17,39,176,0,75,58,22,134,5,56,0,100,1875
Rajasthan,G.R.P. Ajmer,2010,26.4499,74.6399,6,3,0,0,2,1,5,2,772,0,2,3,0,0,3,1,0,0,796
Rajasthan,G.R.P. Jodhpur,2010,26.2389,73.0243,2,1,0,4,0,0,2,0,182,0,3,0,0,1,0,1,0,0,195
Rajasthan,Ganganagar,2010,27.0638,74.2579,60,59,2,144,204,1,10,149,722,0,1,842,7,734,18,74,0,659,5241
Rajasthan,Hanumangarh,2010,27.1788,74.3729,53,66,1,112,100,0,10,65,376,0,0,621,10,312,15,98,0,427,3763
Rajasthan,Jaipur East,2010,28.6333,77.2833,25,19,6,56,158,5,113,354,4926,0,86,873,1,21,10,42,0,231,6673
Rajasthan,Jaipur North,2010,28.7,77.1833,22,25,0,50,134,4,33,116,1628,0,23,793,2,317,13,40,0,234,3921
Rajasthan,Jaipur Rural,2010,26.9124,75.7873,61,34,4,54,218,7,23,263,1940,0,50,805,13,496,13,63,0,253,8107
Rajasthan,Jaipur South,2010,28.5333,77.2,18,24,1,36,122,5,107,304,3096,0,29,1480,2,259,7,33,0,255,6123
Rajasthan,Jaisalmer,2010,26.7738,73.9679,7,2,0,6,22,0,3,77,270,0,15,77,6,162,5,25,0,29,1124
Rajasthan,Jalore,2010,27.0488,74.2429,21,10,0,26,76,0,4,74,370,0,13,136,5,14,14,36,0,122,2506
Rajasthan,Jhalawar,2010,26.8238,74.0179,44,67,5,124,124,8,25,91,884,0,28,158,42,942,6,187,0,303,3981
Rajasthan,Jhunjhunu,2010,26.8438,74.0379,49,38,2,98,126,0,10,102,640,0,19,437,9,891,15,45,0,251,3661
Rajasthan,Jodhpur City,2010,26.2389,73.0243,27,54,3,54,106,0,9,119,1454,0,1,519,3,472,13,31,0,247,3608
Rajasthan,Jodhpur Rural,2010,26.2389,73.0243,33,23,0,34,98,1,7,126,532,0,4,208,11,954,11,29,0,132,2987
Rajasthan,Karauli,2010,27.1438,74.3379,35,49,2,84,182,2,28,34,1410,0,8,237,14,2,12,24,0,157,4461
Rajasthan,Kota City,2010,25.2138,75.8648,35,114,4,66,160,22,49,104,1610,0,2,493,4,146,2,50,0,369,4078
Rajasthan,Kota Rural,2010,25.2138,75.8648,18,26,1,72,82,1,6,46,328,0,2,172,6,185,2,67,0,199,2200
Rajasthan,Nagaur,2010,27.1488,74.3429,54,31,1,120,138,0,12,158,906,0,0,451,14,53,22,86,0,348,4211
Rajasthan,Pali,2010,26.8388,74.0329,41,34,3,106,204,0,14,153,726,0,3,393,8,45,9,75,0,442,5161
Rajasthan,Pratapgarh,2010,27.1088,74.3029,35,27,0,112,134,1,13,50,174,0,47,88,19,533,7,69,0,173,1969
Rajasthan,Rajsamand,2010,26.9338,74.1279,14,13,2,28,62,1,15,78,356,0,19,216,8,578,4,41,0,233,2380
Rajasthan,Sawai Madhopur,2010,26.8038,73.9979,23,27,3,32,172,1,13,90,912,0,7,209,8,0,0,26,0,179,3510
Rajasthan,Sikar,2010,27.2388,74.4329,58,35,0,104,228,0,12,173,956,0,29,660,24,250,12,11,0,313,5029
Rajasthan,Sirohi,2010,27.2038,74.3979,28,37,7,40,68,0,5,82,272,0,22,180,7,403,6,63,0,175,1910
Rajasthan,Tonk,2010,26.9938,74.1879,21,21,1,36,100,1,2,64,510,0,37,299,0,737,4,19,0,338,3158
Rajasthan,Udaipur,2010,24.5854,73.7125,77,107,5,222,372,5,80,303,1588,0,215,835,52,1844,14,192,0,327,8102
Sikkim,East,2010,28.6333,77.2833,6,3,1,10,8,0,5,40,66,0,1,11,2,24,0,1,0,0,228
Sikkim,North,2010,28.7,77.1833,2,0,0,0,0,0,0,1,6,0,1,1,0,5,0,0,0,0,48
Sikkim,South,2010,28.5333,77.2,7,3,1,18,2,0,2,25,28,0,1,5,4,36,0,5,0,2,158
Sikkim,West,2010,28.65,77.1,2,0,0,8,2,1,0,6,6,0,1,3,1,8,1,5,0,1,118
Tamil Nadu,Ariyalur,2010,11.2521,78.7819,27,38,0,40,52,0,9,46,152,0,19,6,1,213,1,64,0,10,1977
Tamil Nadu,Chennai,2010,13.0827,80.2707,103,158,2,94,94,4,74,383,3080,0,60,524,1,773,16,45,0,125,10869
Tamil Nadu,Chennai Rly.,2010,13.0827,80.2707,0,7,0,0,0,1,58,0,464,0,14,10,0,45,2,2,0,0,647
Tamil Nadu,Chennaisuburban,2010,13.0827,80.2707,86,137,1,58,60,2,102,374,1500,0,85,236,10,797,18,61,0,57,8670
Tamil Nadu,Coimbatore Rural,2010,11.0168,76.9558,41,50,0,26,124,11,78,188,850,0,83,51,13,440,1,39,0,40,4806
Tamil Nadu,Coimbatore Urban,2010,11.0168,76.9558,22,27,0,30,44,1,25,142,2168,0,23,148,8,357,1,35,0,45,4180
Tamil Nadu,Cuddalore,2010,10.9221,78.4519,58,115,0,54,78,1,16,68,482,0,149,42,21,593,8,8,0,38,6179
Tamil Nadu,Dharmapuri,2010,11.3221,78.8519,59,27,4,30,94,2,25,65,322,0,107,24,32,975,6,42,0,49,3761
Tamil Nadu,Dindigul,2010,11.0971,78.6269,57,91,0,18,86,4,29,80,820,0,81,128,23,520,1,43,0,107,5299
Tamil Nadu,Erode,2010,11.3071,78.8369,57,32,1,30,128,4,73,136,922,0,39,77,5,581,2,43,0,26,6702
Tamil Nadu,Kanchipuram,2010,10.9271,78.4569,57,53,0,34,18,2,21,74,570,0,102,67,6,411,1,23,0,13,5757
Tamil Nadu,Kanyakumari,2010,11.0221,78.5519,42,100,1,24,114,3,90,216,636,0,0,124,25,756,2,10,0,93,4752
Tamil Nadu,Karur,2010,11.1021,78.6319,19,51,0,20,108,1,34,54,482,0,23,19,3,272,4,28,0,10,2974
Tamil Nadu,Krishnagiri,2010,16.1809,81.1303,58,24,0,40,128,2,14,116,442,0,120,71,20,639,5,27,0,42,4580
Tamil Nadu,Madurai Rural,2010,9.9252,78.1198,59,78,1,34,116,2,95,160,696,0,168,123,17,586,14,62,0,77,5348
Tamil Nadu,Madurai Urban,2010,9.9252,78.1198,34,50,0,6,30,0,77,65,1000,0,17,124,0,130,11,12,0,69,2672
Tamil Nadu,Nagapattinam,2010,10.9171,78.4469,50,55,0,18,76,0,18,64,346,0,39,23,30,439,1,57,0,3,4027
Tamil Nadu,Namakkal,2010,11.3721,78.9019,50,21,0,20,96,7,14,70,510,0,70,80,20,637,2,52,0,12,4690
Tamil Nadu,Nilgiris,2010,10.8821,78.4119,11,16,0,14,16,0,9,81,122,0,18,18,6,202,0,10,0,2,1320
Tamil Nadu,Perambalur,2010,11.1921,78.7219,13,30,1,10,20,2,25,29,186,0,7,48,1,88,0,16,0,3,1536
Tamil Nadu,Pudukottai,2010,11.3371,78.8669,45,101,2,14,108,3,55,93,500,0,45,48,24,390,5,42,0,14,4808
Tamil Nadu,Ramnathapuram,2010,11.2321,78.7619,33,49,2,32,122,1,26,83,362,0,96,57,20,514,1,14,0,17,3462
Tamil Nadu,Salem Rural,2010,11.6643,78.146,81,62,6,106,280,9,42,110,442,0,281,42,48,2665,4,165,0,62,8634
Tamil Nadu,Salem Urban,2010,11.6643,78.146,27,18,0,42,88,1,70,35,642,0,32,41,5,554,3,25,0,46,3218
Tamil Nadu,Sivagangai,2010,11.3421,78.8719,38,27,1,2,64,4,21,89,396,0,21,50,15,160,4,16,0,35,2611
Tamil Nadu,Thanjavur,2010,11.0871,78.6169,82,124,1,14,84,6,141,298,1740,0,104,43,18,744,3,75,0,9,6946
Tamil Nadu,Theni,2010,10.9271,78.4569,42,122,0,36,186,0,53,134,642,0,69,239,27,712,5,61,0,125,5384
Tamil Nadu,Thirunelveli Rural,2010,10.9821,78.5119,83,215,3,96,130,2,77,195,890,0,4,129,52,1012,3,88,0,52,7777
Tamil Nadu,Thirunelveli Urban,2010,11.2971,78.8269,12,78,0,32,22,1,26,69,538,0,0,40,5,194,0,5,0,4,1630
Tamil Nadu,Thiruvallur,2010,10.9921,78.5219,43,51,1,36,34,2,6,74,286,0,68,53,2,360,6,10,0,19,3487
Tamil Nadu,Thiruvannamalai,2010,11.3571,78.8869,43,89,0,30,110,3,7,68,526,0,195,53,20,599,0,8,0,30,4562
Tamil Nadu,Thiruvarur,2010,11.3171,78.8469,29,30,2,24,44,1,20,96,378,0,53,23,27,518,0,20,0,13,3976
Tamil Nadu,Thoothugudi,2010,10.9971,78.5269,84,168,1,64,64,1,63,202,672,0,0,79,35,574,3,4,0,57,4954
Tamil Nadu,Tiruppur,2010,11.2171,78.7469,60,42,0,20,104,7,126,195,1600,0,39,55,6,432,6,24,0,46,5238
Tamil Nadu,Trichy Rly.,2010,11.1121,78.6419,0,1,0,0,0,0,16,0,148,0,0,0,0,17,1,0,0,0,195
Tamil Nadu,Trichy Rural,2010,11.3421,78.8719,58,55,0,16,48,1,45,84,370,0,46,42,17,209,5,26,0,36,4525
Tamil Nadu,Trichy Urban,2010,10.9771,78.5069,15,31,0,8,54,2,12,56,866,0,12,100,0,144,6,10,0,33,3741
Tamil Nadu,Vellore,2010,11.2471,78.7769,82,56,2,60,136,1,33,208,1312,0,5,42,12,758,8,28,0,65,8249
Tamil Nadu,Villupuram,2010,11.2421,78.7719,63,84,0,100,164,0,19,95,574,0,302,75,34,753,4,80,0,26,6690
Tamil Nadu,Virudhunagar,2010,11.1371,78.6669,52,78,0,40,116,3,73,120,532,0,68,105,27,546,2,25,0,60,4845
Tripura,Dhalai,2010,24.0858,92.1332,19,4,1,66,28,2,5,40,78,0,14,10,7,112,3,26,0,65,541
Tripura,G.R.P.,2010,23.8508,91.8982,0,0,0,0,0,0,0,1,6,0,0,0,0,1,0,1,0,0,8
Tripura,North,2010,28.7,77.1833,23,9,1,102,50,6,11,34,156,0,13,21,15,241,2,70,0,186,970
Tripura,South,2010,28.5333,77.2,25,25,0,72,54,2,20,45,236,0,69,31,11,332,10,165,0,255,1688
Tripura,West,2010,28.65,77.1,83,25,6,236,96,8,29,101,438,0,67,60,18,450,10,114,0,431,2600
Uttar Pradesh,Agra,2010,27.1767,78.0081,117,127,51,52,504,6,56,166,3680,0,235,358,6,458,80,91,0,355,6919
Uttar Pradesh,Aligarh,2010,27.8974,78.088,130,167,37,126,548,26,87,248,2136,0,280,385,22,295,69,164,0,318,5636
Uttar Pradesh,Allahabad,2010,25.4358,81.8463,133,92,30,66,272,6,55,252,1798,0,155,225,4,352,84,55,0,177,4955
Uttar Pradesh,Ambedkar Nagar,2010,26.8067,80.9062,37,25,13,40,114,1,14,28,260,0,18,92,0,160,18,14,0,98,1168
Uttar Pradesh,Auraiya,2010,27.0267,81.1262,28,23,6,22,100,1,10,12,190,0,16,25,2,73,17,19,0,36,1000
Uttar Pradesh,Azamgarh,2010,26.8117,80.9112,68,41,27,46,156,3,47,57,402,0,62,73,2,233,23,17,0,70,1764
Uttar Pradesh,Badaun,2010,26.9517,81.0512,84,100,41,44,162,1,31,29,310,0,18,85,0,246,48,49,0,41,2203
Uttar Pradesh,Baghpat,2010,26.9667,81.0662,52,50,10,28,92,1,32,37,306,0,57,50,3,144,14,13,0,87,1220
Uttar Pradesh,Bahraich,2010,26.9717,81.0712,58,46,24,50,264,12,25,98,384,0,66,171,11,150,42,40,0,83,2181
Uttar Pradesh,Ballia,2010,26.6167,80.7162,21,32,21,8,64,1,10,36,186,0,22,59,2,123,30,14,0,24,824
Uttar Pradesh,Balrampur,2010,26.6017,80.7012,21,11,4,22,58,1,3,12,64,0,8,63,1,45,5,7,0,16,438
Uttar Pradesh,Banda,2010,26.8967,80.9962,37,20,19,44,84,0,5,55,208,0,14,28,16,50,20,39,0,37,1138
Uttar Pradesh,Barabanki,2010,26.9967,81.0962,47,31,12,44,180,2,14,70,366,0,6,57,1,263,20,34,0,97,2238
Uttar Pradesh,Bareilly,2010,28.367,79.4304,115,142,22,88,364,0,44,100,1070,0,118,219,0,153,55,97,0,214,4277
Uttar Pradesh,Basti,2010,27.0667,81.1662,24,11,8,16,60,0,15,17,108,0,18,17,0,71,14,7,0,17,806
Uttar Pradesh,Bijnor,2010,26.6417,80.7412,87,53,19,80,234,5,50,54,618,0,46,239,8,488,27,56,0,254,2860
Uttar Pradesh,Bulandshahar,2010,26.9167,81.0162,119,139,25,48,296,9,65,56,798,0,83,157,1,14,40,60,0,327,3056
Uttar Pradesh,Chandoli,2010,26.8267,80.9262,25,17,9,6,40,0,8,21,104,0,1,65,0,113,15,6,0,67,834
Uttar Pradesh,Chitrakoot Dham,2010,26.8017,80.9012,20,3,7,30,34,0,5,25,122,0,3,20,2,15,15,23,0,16,457
Uttar Pradesh,Csm Nagar,2010,26.8817,80.9812,30,28,15,60,158,0,11,43,172,0,48,34,0,182,13,17,0,9,1302
Uttar Pradesh,Deoria,2010,26.9517,81.0512,34,8,10,8,46,0,6,36,110,0,28,20,0,105,21,4,0,9,810
Uttar Pradesh,Etah,2010,26.7317,80.8312,63,86,15,22,126,1,22,27,444,0,80,99,3,281,30,45,0,72,2012
Uttar Pradesh,Etawah,2010,26.7267,80.8262,44,28,9,8,104,0,17,36,366,0,2,80,9,131,29,19,0,81,1918
Uttar Pradesh,Faizabad,2010,26.9717,81.0712,38,16,13,32,142,0,10,61,454,0,35,88,11,203,18,27,0,16,1770
Uttar Pradesh,Fatehgarh,2010,26.8217,80.9212,47,45,20,22,112,0,8,27,208,0,16,36,0,65,24,26,0,30,903
Uttar Pradesh,Fatehpur,2010,26.9917,81.0912,75,44,23,66,142,13,32,32,230,0,26,135,1,247,42,53,0,83,1943
Uttar Pradesh,Firozabad,2010,26.9417,81.0412,109,68,27,36,198,9,28,39,586,0,60,98,0,247,54,33,0,83,2541
Uttar Pradesh,G.R.P.,2010,26.7567,80.8562,24,25,6,2,30,21,99,3,4824,0,33,53,0,9,3,20,0,0,5123
Uttar Pradesh,Gautambudh Nagar,2010,26.7517,80.8512,100,105,19,78,214,19,237,166,5688,0,113,362,1,25,19,41,0,132,7108
Uttar Pradesh,Ghaziabad,2010,28.6692,77.4538,216,220,35,88,732,34,174,303,7986,0,195,521,6,45,69,77,0,536,10520
Uttar Pradesh,Ghazipur,2010,27.0167,81.1162,45,33,27,10,38,8,36,27,176,0,48,53,0,92,32,12,0,41,806
Uttar Pradesh,Gonda,2010,27.0567,81.1562,51,31,29,18,154,9,21,73,334,0,46,280,0,326,47,30,0,6,2054
Uttar Pradesh,Gorakhpur,2010,26.8417,80.9412,105,82,22,90,458,4,83,250,2252,0,239,335,1,342,61,69,0,266,5246
Uttar Pradesh,Hamirpur,2010,26.6617,80.7612,22,12,19,12,30,0,3,16,134,0,4,25,1,19,15,25,0,22,518
Uttar Pradesh,Hardoi,2010,26.8567,80.9562,68,30,21,40,148,0,6,29,278,0,16,66,2,271,24,50,0,55,2292
Uttar Pradesh,Hathras,2010,26.7517,80.8512,62,55,9,48,158,28,47,43,360,0,59,71,2,105,30,45,0,107,1591
Uttar Pradesh,J.P.Nagar,2010,26.6467,80.7462,57,42,14,48,114,12,38,43,264,0,43,73,0,36,21,25,0,69,1361
Uttar Pradesh,Jalaun,2010,26.7467,80.8462,35,13,18,10,62,0,7,12,158,0,3,44,2,5,23,28,0,32,899
Uttar Pradesh,Jaunpur,2010,26.5967,80.6962,40,55,16,24,130,3,22,50,246,0,58,87,1,325,39,32,0,57,1779
Uttar Pradesh,Jhansi,2010,26.7467,80.8462,46,29,21,18,76,2,8,41,254,0,26,54,0,19,32,43,0,7,1113
Uttar Pradesh,Kannauj,2010,26.7917,80.8912,39,24,19,14,92,3,5,14,104,0,10,25,0,17,22,23,0,39,947
Uttar Pradesh,Kanpur Nagar,2010,26.4499,80.3319,150,109,41,84,632,11,81,267,2362,0,176,461,0,407,92,118,0,447,6892
Uttar Pradesh,Kanshiram Nagar,2010,26.8467,80.9462,39,49,10,20,92,0,6,27,156,0,23,29,9,90,26,23,0,28,837
Uttar Pradesh,Kaushambi,2010,26.9367,81.0362,38,16,14,24,80,2,11,45,122,0,26,34,0,69,22,33,0,59,1188
Uttar Pradesh,Khiri,2010,27.0867,81.1862,74,71,30,52,178,3,24,21,454,0,29,58,2,311,37,37,0,33,2296
Uttar Pradesh,Kushi Nagar,2010,26.6667,80.7662,39,12,16,21,54,0,3,17,108,0,34,75,1,126,25,13,0,12,1192
Uttar Pradesh,Lalitpur,2010,27.0217,81.1212,11,3,11,14,24,1,11,17,86,0,14,21,3,10,8,17,0,17,616
Uttar Pradesh,Lucknow,2010,26.8467,80.9462,114,89,32,150,656,21,105,491,5664,0,213,849,1,46,66,155,0,745,12454
Uttar Pradesh,Maharajganj,2010,26.9817,81.0812,26,4,14,32,90,1,9,18,60,0,15,80,0,56,14,11,0,50,1004
Uttar Pradesh,Mahoba,2010,26.7517,80.8512,24,13,11,18,44,4,4,30,100,0,19,11,0,8,14,28,0,18,586
Uttar Pradesh,Mainpuri,2010,26.7667,80.8662,68,79,18,30,158,1,13,37,258,0,50,48,0,203,28,37,0,16,1644
Uttar Pradesh,Mathura,2010,26.7617,80.8612,75,98,23,48,174,5,35,55,1300,0,102,250,7,149,29,49,0,219,4307
Uttar Pradesh,Mau,2010,27.0717,81.1712,26,53,14,20,96,0,15,58,216,0,72,41,0,106,17,30,0,49,1075
Uttar Pradesh,Meerut,2010,28.9845,77.7064,164,207,18,128,390,13,252,217,3818,0,211,356,0,23,43,91,0,344,6792
Uttar Pradesh,Mirzapur,2010,26.6967,80.7962,17,3,15,4,8,1,4,20,158,0,2,82,0,98,25,4,0,137,1210
Uttar Pradesh,Moradabad,2010,27.0267,81.1262,176,149,26,132,408,16,97,133,1698,0,52,202,0,58,41,76,0,268,4382
Uttar Pradesh,Muzaffarnagar,2010,26.9667,81.0662,168,220,38,68,466,18,91,83,1176,0,186,346,0,16,40,52,0,341,4850
Uttar Pradesh,Pilibhit,2010,26.6317,80.7312,34,15,9,32,114,2,6,9,198,0,5,135,0,2,30,25,0,113,1989
Uttar Pradesh,Pratapgarh,2010,26.9317,81.0312,39,47,14,46,138,3,11,53,288,0,82,61,7,227,34,25,0,74,1670
Uttar Pradesh,Raibareilly,2010,28.367,79.4304,29,42,18,54,104,2,9,40,274,0,24,58,0,198,20,39,0,63,1456
Uttar Pradesh,Ramabai Nagar,2010,26.8267,80.9262,30,33,16,24,166,2,11,24,204,0,36,63,1,161,22,38,0,88,1717
Uttar Pradesh,Rampur,2010,26.9317,81.0312,68,77,19,130,228,13,96,68,694,0,69,203,8,4,23,44,0,121,2326
Uttar Pradesh,Saharanpur,2010,26.9567,81.0562,58,55,32,22,80,8,23,37,804,0,70,213,0,22,26,20,0,140,2786
Uttar Pradesh,Sant Kabirnagar,2010,27.0467,81.1462,20,20,10,48,90,1,19,31,158,0,43,50,0,153,6,17,0,25,958
Uttar Pradesh,Shahjahanpur,2010,27.0667,81.1662,93,99,21,90,204,3,20,40,418,0,29,140,7,127,50,44,0,12,2359
Uttar Pradesh,Shrawasti,2010,26.7067,80.8062,18,8,6,28,50,0,8,17,82,0,18,45,0,155,16,19,0,3,600
Uttar Pradesh,Sidharthnagar,2010,26.8717,80.9712,15,6,13,16,80,0,8,28,122,0,11,26,0,29,15,17,0,33,617
Uttar Pradesh,Sitapur,2010,26.7667,80.8662,77,40,25,22,228,5,36,70,548,0,23,86,1,146,45,54,0,111,2830
Uttar Pradesh,Sonbhadra,2010,27.0867,81.1862,15,6,23,42,46,0,8,25,132,0,7,109,0,94,20,13,0,16,978
Uttar Pradesh,St.Ravidasnagar,2010,26.7517,80.8512,13,9,10,2,18,0,2,10,68,0,3,10,1,33,11,3,0,8,298
Uttar Pradesh,Sultanpur,2010,26.6517,80.7512,32,45,16,28,118,0,18,67,332,0,31,63,0,219,16,41,0,62,1554
Uttar Pradesh,Unnao,2010,27.0117,81.1112,46,54,28,64,162,4,22,52,254,0,37,81,0,197,26,57,0,74,1636
Uttar Pradesh,Varanasi,2010,25.3176,82.9739,32,64,18,18,176,4,23,64,1256,0,60,240,1,250,26,14,0,166,3060
Uttarakhand,Almora,2010,30.2868,79.2393,3,3,1,6,10,0,1,16,30,0,7,2,0,9,4,3,0,4,162
Uttarakhand,Bageshwar,2010,30.0068,78.9593,2,0,1,4,4,0,0,4,20,0,1,1,0,7,2,3,0,1,46
Uttarakhand,Chamoli,2010,30.1168,79.0693,1,0,2,2,4,1,0,7,34,0,7,8,1,23,0,3,0,1,109
Uttarakhand,Champawat,2010,30.0868,79.0393,4,0,1,2,6,0,0,4,22,0,2,2,1,26,1,1,0,0,96
Uttarakhand,Dehradun,2010,30.0068,78.9593,33,48,16,74,142,4,50,97,1010,0,130,204,8,230,12,26,0,117,2370
Uttarakhand,Haridwar,2010,29.9968,78.9493,44,62,7,56,172,3,51,56,948,0,157,187,4,558,15,31,0,103,2654
Uttarakhand,Nainital,2010,30.2268,79.1793,18,25,11,26,58,0,7,21,326,0,29,56,0,20,5,15,0,15,894
Uttarakhand,Pauri Garhwal,2010,30.0418,78.9943,2,6,4,8,10,2,6,15,74,0,9,10,0,29,4,5,0,7,197
Uttarakhand,Pithoragarh,2010,29.9918,78.9443,4,1,3,6,10,0,0,13,30,0,8,4,3,9,1,5,0,6,136
Uttarakhand,Rudra Prayag,2010,30.2318,79.1843,5,3,1,10,6,0,2,9,16,0,11,3,0,18,6,3,0,1,107
Uttarakhand,Tehri Garhwal,2010,29.8518,78.8043,2,3,1,2,4,0,1,7,48,0,1,11,0,3,2,6,0,1,116
Uttarakhand,Udhamsingh Nagar,2010,29.8868,78.8393,55,66,12,44,140,4,43,57,1710,0,91,75,0,42,23,23,0,75,2327
Uttarakhand,Uttarkashi,2010,29.9568,78.9093,3,2,0,2,6,0,1,4,8,0,5,4,0,0,0,1,0,3,65
West Bengal,24 Parganas North,2010,28.7,77.1833,244,224,179,346,876,123,83,28,4624,0,815,312,25,179,71,174,0,2378,15151
West Bengal,24 Parganas South,2010,28.5333,77.2,263,2,25,516,430,81,39,9,5464,0,1238,116,15,223,48,113,0,2879,15299
West Bengal,Asansol,2010,23.0618,87.93,34,8,14,36,42,68,5,5,646,0,49,47,3,69,19,13,0,310,1841
West Bengal,Bankura,2010,23.1418,88.01,105,58,6,72,94,39,38,8,456,0,262,42,16,158,18,59,0,279,2251
West Bengal,Birbhum,2010,22.9968,87.865,94,22,20,88,104,36,28,11,776,0,281,42,23,420,25,48,0,301,2547
West Bengal,Burdwan,2010,23.2324,87.8615,134,19,33,144,224,73,54,13,1386,0,396,112,17,70,28,93,0,693,4996
West Bengal,Coochbehar,2010,23.0968,87.965,66,141,1,286,372,4,5,7,508,0,113,62,9,155,12,62,0,535,3721
West Bengal,Dakshin Dinajpur,2010,23.1118,87.98,40,88,17,112,192,4,13,9,326,0,29,33,11,184,19,77,0,264,2071
West Bengal,Darjeeling,2010,22.8568,87.725,62,3,17,72,154,27,15,12,1186,0,86,33,7,672,2,57,0,158,2848
West Bengal,Hooghly,2010,22.7518,87.62,124,47,24,104,174,58,40,3,1520,0,728,115,52,159,12,47,0,694,4748
West Bengal,Howrah,2010,22.5958,88.2636,111,7,15,118,370,81,68,64,2798,0,297,331,0,67,31,121,0,1078,8519
West Bengal,Howrah G.R.P.,2010,22.5958,88.2636,10,7,1,0,10,8,4,0,1122,0,2,17,0,0,0,8,0,0,1180
West Bengal,Jalpaiguri,2010,23.0118,87.88,117,97,34,360,518,20,65,61,2580,0,74,75,14,1230,12,269,0,649,7433
West Bengal,Kharagpur G.R.P.,2010,22.7668,87.635,1,0,0,0,6,5,3,0,234,0,0,0,0,0,0,0,0,0,249
West Bengal,Kolkata,2010,22.5726,88.3639,49,55,43,64,250,26,18,66,6236,0,282,1271,0,2007,12,226,0,400,15510
West Bengal,Malda,2010,23.2168,88.085,86,139,24,334,378,22,24,3,666,0,80,68,0,448,6,139,0,621,4286
West Bengal,Murshidabad,2010,23.1218,87.99,185,620,36,1052,1022,88,44,7,1966,0,553,170,54,3799,45,609,0,2927,13094
West Bengal,Nadia,2010,22.7418,87.61,121,335,21,334,690,55,86,13,2382,0,189,176,26,1792,65,102,0,1586,9274
West Bengal,Paschim Midnapur,2010,22.8668,87.735,268,113,49,134,202,60,55,30,1066,0,445,58,36,142,18,70,0,669,4640
West Bengal,Purab Midnapur,2010,22.7768,87.645,87,8,53,102,254,22,25,23,816,0,581,93,13,0,27,16,0,702,4396
West Bengal,Purulia,2010,23.0368,87.905,115,0,7,84,74,28,37,12,526,0,104,44,0,0,13,60,0,194,1795
West Bengal,Sealdah G.R.P.,2010,23.1718,88.04,12,11,1,4,12,22,14,0,562,0,17,9,0,33,2,5,0,2,696
West Bengal,Siliguri G.R.P.,2010,26.7271,88.3953,7,1,0,0,6,0,1,0,204,0,0,0,0,0,0,3,0,0,219
West Bengal,Uttar Dinajpur,2010,22.8868,87.755,63,106,10,260,236,25,34,4,728,0,188,34,10,957,22,94,0,477,3759
Andaman & Nicobar Islands,Andaman,2010,11.6001,92.5186,8,7,4,46,20,1,7,77,232,0,11,56,11,77,0,31,0,9,956
Andaman & Nicobar Islands,Nicobar,2010,11.9651,92.8836,1,0,0,2,0,0,0,3,10,0,0,0,1,3,0,0,0,0,24
Chandigarh,Chandigarh,2010,30.7333,76.7794,21,30,9,62,76,11,67,236,2962,0,65,163,9,65,5,29,0,41,3767
Dadra & Nagar Haveli,D And N Haveli,2010,20.0959,72.9319,6,0,1,6,36,2,3,25,126,0,44,18,2,11,0,11,0,3,378
Daman & Diu,Daman,2010,20.1933,72.6047,5,2,1,2,4,6,0,23,82,0,8,3,0,9,0,2,0,1,164
Daman & Diu,Diu,2010,20.6133,73.0247,0,0,0,0,0,0,0,4,12,0,3,2,0,3,0,0,0,2,39
Delhi,Caw,2010,20.5937,78.9629,0,0,0,0,0,0,0,0,0,0,0,0,0,0,0,0,0,187,187
Delhi,Central,2010,28.65,77.2167,25,11,3,40,252,0,35,65,2700,0,5,352,1,152,2,25,0,62,3638
Delhi,Crime Branch,2010,20.5937,78.9629,0,5,0,0,2,0,0,0,16,0,0,27,0,0,0,0,0,0,61
Delhi,East,2010,28.6333,77.2833,57,54,8,94,714,7,81,204,6886,0,14,174,7,196,12,83,0,163,8488
Delhi,Eow,2010,20.5937,78.9629,0,0,0,0,0,0,0,0,0,0,0,84,0,0,0,0,0,0,150
Delhi,Grp(Rly),2010,20.5937,78.9629,12,5,0,4,46,2,9,0,1294,0,1,8,1,11,0,3,0,0,1393
Delhi,Igi Airport,2010,20.5937,78.9629,0,0,0,0,26,0,0,1,170,0,0,12,0,0,0,7,0,0,703
Delhi,New Delhi,2010,28.6139,77.209,6,4,2,32,58,1,19,33,1158,0,3,97,1,30,0,20,0,2,1452
Delhi,North,2010,28.7,77.1833,30,16,7,14,322,0,24,75,2332,0,1,109,7,142,8,23,0,63,3072
Delhi,North-East,2010,28.7,77.1833,68,27,7,102,916,6,57,81,5088,0,6,90,5,276,24,68,0,216,6722
Delhi,North-West,2010,28.7,77.1833,60,49,4,100,520,13,178,225,4822,0,2,112,5,177,11,62,0,163,6263
Delhi,Outer,2010,20.5937,78.9629,98,42,7,98,914,8,39,234,4258,0,3,141,5,245,21,64,0,124,6085
Delhi,South,2010,28.5333,77.2,35,21,5,118,480,16,47,203,4908,0,0,200,4,104,9,66,0,79,6136
Delhi,South-East,2010,28.5333,77.2,48,25,11,160,738,8,32,142,4690,0,10,179,3,238,13,92,0,60,6273
Delhi,South-West,2010,28.5333,77.2,63,20,3,108,726,1,30,83,2678,0,7,92,2,144,24,28,0,94,3954
Delhi,Stf,2010,20.5937,78.9629,0,3,0,0,2,0,0,0,0,0,0,7,0,0,0,0,0,0,18
Delhi,West,2010,28.65,77.1,63,29,14,144,700,1,48,156,5176,0,1,161,11,210,19,60,0,191,6700
Lakshadweep,Lakshadweep,2010,10.6667,72.7417,0,0,0,0,0,0,0,5,10,0,3,0,2,1,0,0,0,0,42
Puducherry,Karaikal,2010,11.8266,79.6933,4,3,0,2,4,0,0,21,94,0,31,13,1,208,0,15,0,1,762
Puducherry,Puducherry,2010,11.7716,79.6383,29,16,16,4,30,12,5,51,974,0,100,64,9,598,1,31,0,6,3173
Andhra Pradesh,Adilabad,2011,15.9979,79.825,109,94,8,168,154,5,8,230,692,0,85,175,33,1897,20,112,0,429,5121
Andhra Pradesh,Anantapur,2011,14.6819,77.6006,171,108,5,32,166,13,15,247,1290,0,85,155,38,1977,36,156,0,198,5430
Andhra Pradesh,Chittoor,2011,13.2172,79.1003,91,55,5,34,168,5,17,159,1224,0,84,163,57,1848,25,124,0,421,5224
Andhra Pradesh,Cuddapah,2011,14.4673,78.8242,120,67,6,82,146,3,4,143,1172,0,105,163,29,2050,15,144,0,122,5340
Andhra Pradesh,Cyberabad,2011,15.7929,79.62,213,128,17,178,292,9,93,1210,8020,0,52,1293,49,4028,51,158,0,1411,17645
Andhra Pradesh,East Godavari,2011,16.9891,82.2475,83,110,3,144,120,2,23,308,2000,0,31,280,34,2228,17,176,0,575,7111
Andhra Pradesh,Guntakal Rly.,2011,15.6979,79.525,9,0,0,0,0,1,4,0,454,0,1,2,0,6,0,0,0,1,477
Andhra Pradesh,Guntur,2011,16.3067,80.4365,88,73,2,80,116,4,8,255,1382,0,36,278,40,2934,8,223,0,494,7026
Andhra Pradesh,Guntur Urban,2011,16.3067,80.4365,51,30,1,66,62,2,14,138,1700,0,3,273,9,1005,6,86,0,395,3933
Andhra Pradesh,Hyderabad City,2011,17.385,78.4867,117,136,6,118,190,8,40,693,8832,0,220,1864,50,3334,37,157,0,1355,15657
Andhra Pradesh,Karimnagar,2011,15.7029,79.53,150,124,6,116,344,8,20,339,1584,0,179,588,73,2801,40,253,0,702,8973
Andhra Pradesh,Khammam,2011,15.9129,79.74,108,98,6,168,162,5,12,262,1080,0,157,199,19,1945,20,243,0,519,5961
Andhra Pradesh,Krishna,2011,16.1809,81.1303,70,78,1,160,178,2,13,264,1184,0,32,203,50,2606,15,348,0,733,6857
Andhra Pradesh,Kurnool,2011,15.8281,78.0373,153,177,4,78,152,9,19,240,1110,0,116,382,45,1611,20,340,0,424,7441
Andhra Pradesh,Mahaboobnagar,2011,15.6679,79.495,188,85,28,176,148,3,15,236,2336,0,67,194,76,1955,28,162,0,259,6675
Andhra Pradesh,Medak,2011,16.1279,79.955,141,57,14,76,80,6,19,331,1128,0,72,250,62,1725,26,121,0,384,5669
Andhra Pradesh,Nalgonda,2011,16.0579,79.885,101,95,5,96,168,2,19,294,1224,0,130,264,62,1374,36,229,0,255,7640
Andhra Pradesh,Nellore,2011,14.4426,79.9865,61,82,3,56,170,3,18,208,1886,0,36,229,51,2237,7,166,0,187,6294
Andhra Pradesh,Nizamabad,2011,15.6979,79.525,135,55,9,126,168,9,30,408,1532,0,88,248,20,1900,27,98,0,569,6391
Andhra Pradesh,Prakasham,2011,15.5057,80.0499,88,111,5,48,200,7,15,202,1020,0,53,276,34,1397,11,243,0,266,5980
Andhra Pradesh,Rajahmundry,2011,16.0529,79.88,21,56,0,30,72,1,10,105,752,0,7,69,3,750,3,44,0,189,2141
Andhra Pradesh,Ranga Reddy,2011,15.9379,79.765,75,19,5,48,48,1,6,88,264,0,38,60,11,592,15,50,0,89,1792
Andhra Pradesh,Secunderabad Rly.,2011,15.7279,79.555,9,2,0,0,2,0,7,0,894,0,7,7,1,17,1,5,0,2,946
Andhra Pradesh,Srikakulam,2011,15.9979,79.825,40,65,3,58,56,3,7,124,508,0,100,73,24,1654,8,91,0,333,4161
Andhra Pradesh,Tirupathi Urban,2011,16.0029,79.83,44,30,1,20,42,2,23,180,1678,0,37,245,11,709,5,40,0,112,3021
Andhra Pradesh,Vijayawada City,2011,16.0329,79.86,35,66,5,74,140,2,35,232,3062,0,2,430,24,1842,17,248,0,1066,7225
Andhra Pradesh,Vijayawada Rly.,2011,16.0229,79.85,2,0,0,2,6,1,3,0,800,0,0,6,0,17,1,3,0,1,837
Andhra Pradesh,Visakha Rural,2011,16.0429,79.87,66,28,0,76,72,0,11,166,566,0,47,131,22,1291,8,120,0,203,3468
Andhra Pradesh,Visakhapatnam,2011,17.6868,83.2185,39,34,5,114,100,13,28,283,2568,0,3,244,11,1308,12,31,0,386,4886
Andhra Pradesh,Vizianagaram,2011,18.1067,83.3956,38,32,3,100,52,0,11,128,688,0,8,102,8,1551,5,79,0,384,4818
Andhra Pradesh,Warangal,2011,16.0379,79.865,72,32,8,96,136,1,12,234,676,0,208,179,27,975,26,157,0,89,4516
Andhra Pradesh,Warangal Urban,2011,16.1579,79.985,46,10,5,70,110,1,21,160,830,0,86,272,5,499,26,78,0,63,3797
Andhra Pradesh,West Godavari,2011,16.7107,81.0952,74,92,2,194,288,2,20,433,2398,0,35,451,43,2389,27,364,0,760,8311
Arunachal Pradesh,Anjaw,2011,28.338,94.8478,2,1,0,0,0,0,0,3,6,0,0,0,0,5,0,0,0,0,21
Arunachal Pradesh,Changlang,2011,28.178,94.6878,9,4,0,6,24,0,4,18,66,0,1,5,0,42,0,3,0,2,201
Arunachal Pradesh,Dibang Valley,2011,27.973,94.4828,3,1,0,6,6,4,5,3,28,0,4,4,2,12,0,1,0,0,90
Arunachal Pradesh,K/Kumey,2011,28.318,94.8278,3,0,0,8,0,0,1,4,4,0,0,1,0,2,0,0,0,0,33
Arunachal Pradesh,Kameng East,2011,28.6333,77.2833,2,1,0,6,4,1,4,9,16,0,1,3,0,32,0,3,0,0,102
Arunachal Pradesh,Kameng West,2011,28.65,77.1,3,4,1,0,4,0,1,6,40,0,3,1,0,29,0,4,0,0,118
Arunachal Pradesh,Lohit,2011,28.248,94.7578,12,3,0,10,20,1,5,9,76,0,0,2,2,16,0,2,0,0,158
Arunachal Pradesh,Papum Pare,2011,28.193,94.7028,7,6,0,8,46,4,12,26,238,0,30,31,19,68,0,7,0,9,553
Arunachal Pradesh,Rural,2011,23.05,72.45,0,3,0,4,10,2,2,6,26,0,1,5,2,22,0,4,0,3,99
Arunachal Pradesh,Siang East,2011,28.6333,77.2833,4,0,1,16,8,0,6,30,158,0,2,3,2,33,0,7,0,2,262
Arunachal Pradesh,Siang Upper,2011,28.393,94.9028,2,0,0,2,6,0,3,7,16,0,0,2,0,11,0,3,0,0,55
Arunachal Pradesh,Siang West,2011,28.65,77.1,2,3,0,4,16,0,8,11,64,0,4,9,3,36,0,8,0,2,210
Arunachal Pradesh,Subansiri Lower,2011,28.008,94.5178,4,1,0,4,6,0,5,5,30,0,0,0,2,10,0,0,0,0,78
Arunachal Pradesh,Subansiri Upper,2011,28.273,94.7828,1,1,0,4,16,0,3,13,10,0,2,5,1,45,0,5,0,0,136
Arunachal Pradesh,Tawang,2011,28.023,94.5328,0,0,0,0,2,0,0,7,8,0,0,1,0,7,0,1,0,0,49
Arunachal Pradesh,Tirap,2011,28.038,94.5478,11,1,0,6,18,1,5,23,42,0,0,2,1,9,0,3,0,0,143
Arunachal Pradesh,Upper Dibang Valley,2011,28.313,94.8228,0,0,0,0,0,0,0,3,0,0,1,0,0,0,0,0,0,0,5
Assam,Barpeta,2011,26.1156,92.8526,45,26,0,184,336,18,21,149,472,0,197,33,2,36,5,25,0,336,2962
Assam,Baska,2011,26.3056,93.0426,44,3,0,58,136,4,12,27,168,0,4,27,13,76,3,4,0,25,776
Assam,Bongaigaon,2011,26.1806,92.9176,22,8,0,144,148,6,9,105,276,0,106,33,2,25,5,2,0,126,1504
Assam,C.I.D.,2011,26.2506,92.9876,0,0,0,0,2,0,0,0,8,0,0,19,0,0,0,0,0,0,57
Assam,Cachar,2011,26.0356,92.7726,64,7,0,148,356,25,20,123,1118,0,245,66,35,397,4,7,0,498,4286
Assam,Chirang,2011,26.4106,93.1476,27,0,0,60,86,6,21,45,146,0,9,16,4,17,4,8,0,51,676
Assam,Darrang,2011,26.1256,92.8626,34,3,0,190,400,4,5,161,346,0,28,91,7,179,2,109,0,164,2622
Assam,Dhemaji,2011,26.1956,92.9326,23,14,0,124,126,7,11,45,180,0,22,15,10,144,5,40,0,122,1092
Assam,Dhubri,2011,26.3056,93.0426,61,19,7,314,614,20,36,139,446,0,444,82,103,525,12,210,0,693,4244
Assam,Dibrugarh,2011,26.2906,93.0276,89,0,10,108,270,1,23,98,874,0,22,102,0,104,0,7,0,135,2529
Assam,G.R.P.,2011,26.1106,92.8476,7,0,0,2,16,11,3,2,332,0,8,1,0,6,0,0,0,0,388
Assam,Goalpara,2011,26.2456,92.9826,39,5,0,198,200,10,13,67,378,0,142,49,7,244,3,2,0,142,2203
Assam,Golaghat,2011,26.0206,92.7576,56,56,0,108,318,6,29,81,448,0,4,44,17,356,1,66,0,194,2012
Assam,Guwahati City,2011,26.3806,93.1176,58,59,2,112,732,25,252,696,4472,0,111,259,3,469,10,112,0,213,10545
Assam,Hailakandi,2011,26.0156,92.7526,20,2,0,122,156,4,6,66,248,0,153,23,29,29,4,27,0,126,1355
Assam,Jorhat,2011,26.3456,93.0826,48,9,5,98,170,5,30,137,694,0,19,76,6,450,2,49,0,172,2147
Assam,Kamrup,2011,26.4406,93.1776,44,4,1,126,312,19,36,122,750,0,42,41,12,179,6,61,0,147,2868
Assam,Karbi Anglong,2011,26.2156,92.9526,48,27,4,26,94,5,8,34,280,0,28,21,8,64,0,22,0,20,759
Assam,Karimganj,2011,26.1356,92.8726,45,25,1,92,158,18,9,90,324,0,81,32,35,261,4,15,0,194,2031
Assam,Kokrajhar,2011,26.2256,92.9626,51,27,0,104,210,8,17,48,310,0,64,39,32,166,1,31,0,120,1238
Assam,Lakhimpur,2011,26.0006,92.7376,38,16,0,104,286,6,15,76,322,0,39,7,16,352,0,57,0,119,2010
Assam,Morigaon,2011,26.1006,92.8376,27,8,4,108,192,3,5,65,124,0,103,41,3,112,3,12,0,112,1204
Assam,N.C.Hills,2011,26.2206,92.9576,16,2,6,6,38,0,2,12,92,0,0,4,9,33,1,0,0,4,220
Assam,Nagaon,2011,26.1956,92.9326,91,70,4,330,748,52,139,344,896,0,279,75,84,716,20,82,0,772,5998
Assam,Nalbari,2011,25.9856,92.7226,20,10,1,56,190,22,19,100,420,0,18,54,9,370,4,95,0,140,1832
Assam,R.P.O.,2011,26.3806,93.1176,6,0,0,10,6,1,0,1,16,0,10,0,0,2,0,1,0,10,78
Assam,Sibsagar,2011,26.2106,92.9476,61,30,0,98,264,1,31,137,758,0,39,80,15,334,8,78,0,99,2254
Assam,Sonitpur,2011,26.0556,92.7926,84,14,2,192,524,11,19,181,772,0,58,87,19,267,12,34,0,346,3631
Assam,Tinsukia,2011,26.1906,92.9276,98,49,1,122,306,6,34,114,800,0,45,60,13,254,1,27,0,121,2285
Assam,Udalguri,2011,26.0806,92.8176,37,11,0,56,134,5,12,62,148,0,8,18,13,139,1,10,0,45,954
Bihar,Araria,2011,25.1911,85.4081,69,44,14,138,230,21,45,62,524,0,266,14,14,98,26,14,0,24,2914
Bihar,Arwal,2011,25.0961,85.3131,23,69,8,10,34,2,6,22,170,0,49,21,8,72,24,8,0,8,799
Bihar,Aurangabad,2011,19.8762,75.3433,88,105,1,36,124,31,38,120,598,0,334,168,13,366,30,32,0,152,3409
Bihar,Bagaha,2011,25.1661,85.3831,38,45,6,31,124,2,13,43,270,0,137,100,11,184,13,8,0,15,1623
Bihar,Banka,2011,24.9861,85.2031,51,55,7,52,132,10,14,58,270,0,124,20,19,369,31,8,0,26,1765
Bihar,Begusarai,2011,24.8611,85.0781,100,40,2,34,238,12,40,67,690,0,257,87,20,595,39,12,0,39,3420
Bihar,Bettiah,2011,25.1611,85.3781,74,12,2,42,236,1,14,117,890,0,245,77,16,226,32,7,0,67,3903
Bihar,Bhabhua,2011,25.2011,85.4181,57,62,2,18,114,8,29,61,438,0,157,34,30,255,33,32,0,17,2025
Bihar,Bhagalpur,2011,25.2425,86.9842,85,51,10,46,212,11,36,127,792,0,216,68,41,527,12,10,0,17,3024
Bihar,Bhojpur,2011,25.2511,85.4681,96,41,4,32,128,23,35,76,702,0,140,91,13,328,40,2,0,72,3564
Bihar,Buxar,2011,25.1611,85.3781,65,34,1,26,152,17,40,108,508,0,214,75,6,657,37,6,0,59,2236
Bihar,Darbhanga,2011,26.1542,85.8918,71,92,43,68,256,19,17,82,894,0,489,143,27,1155,38,202,0,284,5387
Bihar,Gaya,2011,24.7914,85.0002,155,22,9,46,310,53,70,161,1514,0,262,137,17,1200,56,7,0,47,5207
Bihar,Gopalganj,2011,24.8761,85.0931,77,169,0,34,278,6,10,65,450,0,276,166,26,576,35,30,0,56,3334
Bihar,Jamalpur Rly.,2011,25.2211,85.4381,6,0,2,0,6,5,2,2,380,0,6,1,0,0,0,2,0,1,408
Bihar,Jamui,2011,25.0011,85.2181,66,140,18,46,142,19,28,51,368,0,174,50,32,589,13,34,0,40,1902
Bihar,Jehanabad,2011,25.0061,85.2231,51,10,7,20,62,1,19,60,362,0,135,30,4,79,20,8,0,22,1658
Bihar,Katihar,2011,24.8661,85.0831,83,82,3,206,252,18,29,53,584,0,238,95,7,1157,29,10,0,25,3653
Bihar,Katihar Rly.,2011,25.1661,85.3831,17,1,0,4,16,0,7,9,382,0,7,4,0,39,0,4,0,2,486
Bihar,Khagaria,2011,25.3311,85.5481,55,45,0,28,106,15,16,15,210,0,204,20,15,429,15,0,0,26,1899
Bihar,Kishanganj,2011,25.3061,85.5231,34,5,0,60,126,11,10,43,358,0,122,5,0,194,13,20,0,50,1225
Bihar,Lakhisarai,2011,25.0211,85.2381,40,8,1,10,102,6,19,30,252,0,100,47,9,180,14,12,0,44,1243
Bihar,Madhepura,2011,25.2561,85.4731,44,12,1,16,156,7,30,24,326,0,231,62,7,299,11,0,0,21,1810
Bihar,Madhubani,2011,25.1111,85.3281,81,8,0,88,364,18,35,109,784,0,388,37,0,940,35,0,0,138,4660
Bihar,Motihari,2011,24.8911,85.1081,136,741,38,74,418,13,58,174,1160,0,641,135,33,1055,69,8,0,57,7489
Bihar,Munger,2011,25.1211,85.3381,68,49,5,14,144,14,44,51,440,0,159,78,7,731,10,2,0,49,1981
Bihar,Muzaffarpur,2011,26.1209,85.3647,154,24,14,112,510,36,86,204,2268,0,445,226,36,247,76,4,0,91,6827
Bihar,Muzaffarpur Rly.,2011,26.1209,85.3647,11,2,1,0,12,8,6,6,534,0,10,10,0,7,1,11,0,0,606
Bihar,Nalanda,2011,24.8611,85.0781,84,61,24,30,162,3,27,93,494,0,163,140,10,1116,55,29,0,96,4527
Bihar,Naugachia,2011,25.0361,85.2531,44,20,36,14,76,7,9,18,98,0,118,60,7,223,8,6,0,44,1478
Bihar,Nawadah,2011,24.9511,85.1681,74,29,5,24,126,24,21,45,360,0,197,79,5,176,21,35,0,57,2523
Bihar,Patna,2011,25.5941,85.1376,248,25,4,82,728,62,161,545,5758,0,534,686,3,1036,112,1,0,317,13712
Bihar,Patna Rly.,2011,25.5941,85.1376,16,10,2,2,12,12,17,6,1540,0,20,13,0,0,2,11,0,0,1648
Bihar,Purnea,2011,25.7771,87.4753,86,48,7,124,262,11,22,57,372,0,178,230,51,275,13,24,0,140,3332
Bihar,Rohtas,2011,24.9529,84.015,126,95,4,40,212,30,45,184,1214,0,249,85,59,1521,32,46,0,57,4203
Bihar,Saharsa,2011,25.0861,85.3031,34,109,5,16,126,7,36,57,250,0,288,73,15,216,17,35,0,27,2020
Bihar,Samastipur,2011,25.1461,85.3631,107,221,11,80,332,17,54,89,676,0,336,91,37,308,46,9,0,66,4216
Bihar,Saran,2011,25.1211,85.3381,123,408,27,20,292,10,43,115,1048,0,428,76,28,646,74,46,0,131,5200
Bihar,Sheikhpura,2011,25.0111,85.2281,33,8,0,6,44,3,5,20,190,0,47,44,5,188,8,0,0,35,1031
Bihar,Sheohar,2011,25.1761,85.3931,13,23,1,8,50,25,8,15,90,0,55,9,5,324,5,3,0,15,625
Bihar,Sitamarhi,2011,24.9911,85.2081,71,33,4,16,116,20,39,116,916,0,229,20,20,44,29,14,0,33,3624
Bihar,Siwan,2011,25.2711,85.4881,85,180,0,32,392,14,16,87,618,0,295,55,15,175,139,4,0,53,3408
Bihar,Supaul,2011,25.3161,85.5331,49,12,4,46,156,6,13,34,466,0,253,38,10,313,24,8,0,28,2043
Bihar,Vaishali,2011,25.0111,85.2281,110,77,15,36,466,23,69,148,1376,0,352,76,24,276,76,26,0,59,4661
Chhattisgarh,Balrampur,2011,21.0337,81.6211,39,27,2,110,4,6,6,30,38,0,29,9,5,100,3,52,0,23,908
Chhattisgarh,Bilaspur,2011,21.4137,82.0011,112,43,2,140,48,2,57,401,1174,0,153,84,26,1874,17,146,0,72,5446
Chhattisgarh,Bizapur,2011,21.2287,81.8161,60,91,1,8,8,5,2,11,30,0,0,8,9,5,0,5,0,3,325
Chhattisgarh,Dantewara,2011,21.4187,82.0061,54,69,0,16,18,12,2,26,84,0,31,12,13,29,0,10,0,9,674
Chhattisgarh,Dhamtari,2011,21.0837,81.6711,13,7,0,54,36,0,7,109,162,0,12,34,4,61,4,44,0,16,1190
Chhattisgarh,Durg,2011,21.1937,81.7811,93,91,8,230,230,6,83,614,1890,0,75,174,36,226,13,291,0,131,11218
Chhattisgarh,Gariyaband,2011,21.2587,81.8461,28,14,0,42,8,3,2,34,76,0,6,6,9,267,5,30,0,8,687
Chhattisgarh,Grp Raipur,2011,21.2987,81.8861,4,0,0,4,0,0,2,5,386,0,2,2,1,12,1,1,0,1,418
Chhattisgarh,Jagdalpur,2011,21.1087,81.6961,66,22,1,136,18,3,11,111,204,0,28,18,12,732,0,29,0,19,2262
Chhattisgarh,Janjgir,2011,21.3987,81.9861,43,26,1,66,26,2,44,202,628,0,120,40,24,1194,15,114,0,104,3335
Chhattisgarh,Jashpur,2011,21.2137,81.8011,78,14,0,156,98,2,14,59,160,0,19,32,4,88,1,69,0,36,1312
Chhattisgarh,Kabirdham,2011,21.2287,81.8161,16,18,2,46,32,0,5,81,166,0,37,39,3,523,2,43,0,14,1417
Chhattisgarh,Kanker,2011,21.1187,81.7061,51,26,1,58,16,8,8,28,72,0,30,7,15,30,4,14,0,10,929
Chhattisgarh,Korba,2011,21.1687,81.7561,34,13,0,78,10,3,36,148,458,0,64,22,16,706,5,86,0,48,2448
Chhattisgarh,Koriya,2011,21.2637,81.8511,45,20,0,144,32,1,10,138,208,0,21,31,2,536,3,95,0,55,1690
Chhattisgarh,Mahasamund,2011,21.3287,81.9161,22,14,0,60,74,1,14,136,366,0,40,51,9,114,2,65,0,31,2140
Chhattisgarh,Narayanpur,2011,21.4237,82.0111,29,34,0,10,4,8,1,5,10,0,0,1,5,25,0,2,0,0,179
Chhattisgarh,Raigarh,2011,21.4987,82.0861,87,51,5,124,30,1,33,242,746,0,66,64,13,688,11,84,0,32,3024
Chhattisgarh,Raipur,2011,21.2737,81.8611,95,84,2,266,110,7,74,776,2882,0,137,239,50,3161,11,232,0,100,10652
Chhattisgarh,Rajnandgaon,2011,21.2087,81.7961,43,34,1,76,44,2,23,169,332,0,20,26,16,91,4,70,0,23,3133
Chhattisgarh,Sarguja,2011,21.1087,81.6961,54,33,1,130,64,3,24,143,372,0,28,38,9,84,0,114,0,36,2312
Chhattisgarh,Surajpur,2011,21.2787,81.8661,44,16,1,152,34,0,12,80,186,0,16,43,8,559,3,58,0,63,1660
Goa,North Goa,2011,28.7,77.1833,33,10,0,26,28,1,15,172,1352,0,45,88,18,131,1,20,0,10,2056
Goa,South Goa,2011,28.5333,77.2,15,12,6,32,28,1,11,146,878,0,29,54,6,84,0,9,0,8,1393
Gujarat,Ahmedabad Commr.,2011,23.0225,72.5714,95,69,2,120,460,31,720,831,7748,0,156,288,6,1427,19,83,0,1390,20203
Gujarat,Ahmedabad Rural,2011,23.05,72.45,36,16,3,20,148,16,37,130,638,0,90,24,7,338,1,22,0,131,3688
Gujarat,Ahwa-Dang,2011,22.0737,71.0074,6,3,0,2,0,0,0,8,26,0,0,1,1,16,1,1,0,8,227
Gujarat,Amreli,2011,22.4037,71.3374,26,3,2,20,158,1,12,101,268,0,44,16,6,231,0,28,0,143,2126
Gujarat,Anand,2011,22.0237,70.9574,19,4,3,20,90,5,8,116,716,0,37,21,11,299,0,20,0,196,3154
Gujarat,Bharuch,2011,22.1287,71.0624,34,10,0,26,56,9,14,124,682,0,51,13,4,235,0,9,0,4,2931
Gujarat,Bhavnagar,2011,22.3387,71.2724,55,26,2,16,176,3,25,149,898,0,81,45,15,486,0,35,0,181,4257
Gujarat,Cid Crime,2011,22.2237,71.1574,1,0,0,0,0,0,0,0,2,0,0,4,0,0,0,0,0,0,12
Gujarat,Dahod,2011,22.4787,71.4124,41,11,3,12,106,18,29,107,428,0,49,11,21,711,0,11,0,14,1910
Gujarat,Gandhinagar,2011,22.4987,71.4324,27,9,1,28,42,6,20,121,894,0,38,45,4,197,0,16,0,132,5716
Gujarat,Himatnagar,2011,22.4037,71.3374,35,5,2,20,96,7,8,101,488,0,46,36,9,151,0,29,0,229,4667
Gujarat,Jamnagar,2011,22.3237,71.2574,40,25,1,42,130,15,20,196,920,0,124,47,5,479,0,34,0,356,5126
Gujarat,Junagadh,2011,22.2037,71.1374,31,13,0,22,138,4,13,157,760,0,95,35,16,445,1,26,0,423,4196
Gujarat,Kheda North,2011,28.7,77.1833,45,8,1,24,106,7,13,82,422,0,30,37,6,280,0,14,0,132,4868
Gujarat,Kutch (East(G)),2011,28.6333,77.2833,35,11,0,16,48,4,22,96,512,0,34,24,4,233,2,13,0,137,2626
Gujarat,Kutch (West-Bhuj),2011,28.65,77.1,24,12,1,30,30,2,6,106,424,0,46,13,6,165,0,14,0,108,1919
Gujarat,Mehsana,2011,22.2087,71.1424,28,15,1,18,142,8,30,185,1162,0,67,47,15,446,2,20,0,242,4368
Gujarat,Narmada,2011,22.4387,71.3724,14,2,2,14,8,1,0,9,28,0,7,3,0,82,0,3,0,5,625
Gujarat,Navsari,2011,22.3987,71.3324,21,9,1,4,20,3,8,62,284,0,19,13,2,63,0,6,0,31,1370
Gujarat,Palanpur,2011,22.4437,71.3774,52,22,0,76,184,7,62,217,800,0,66,47,25,505,1,64,0,349,5273
Gujarat,Panchmahal,2011,22.4837,71.4174,49,17,1,20,120,18,15,107,368,0,38,21,18,279,0,33,0,249,3540
Gujarat,Patan,2011,22.4187,71.3524,16,15,0,32,94,9,22,89,564,0,44,18,20,373,0,43,0,156,3147
Gujarat,Porbandar,2011,22.1137,71.0474,10,9,1,12,24,1,3,30,152,0,13,10,2,82,0,1,0,84,872
Gujarat,Rajkot Commr.,2011,22.3039,70.8022,44,22,0,20,80,3,36,187,1846,0,67,42,12,360,0,17,0,246,3939
Gujarat,Rajkot Rural,2011,22.2637,71.1974,41,23,4,46,150,6,20,142,514,0,60,21,11,273,2,21,0,279,4582
Gujarat,Surat Commr.,2011,21.1702,72.8311,100,38,2,72,224,16,78,356,3660,0,64,191,4,455,0,34,0,276,8446
Gujarat,Surat Rural,2011,21.2,73.0,36,8,1,12,32,14,16,79,602,0,31,53,6,149,0,9,0,55,3408
Gujarat,Surendranagar,2011,22.3837,71.3174,32,15,1,38,88,5,13,104,432,0,58,12,7,441,0,28,0,129,3037
Gujarat,Tapi,2011,22.2837,71.2174,13,2,4,4,4,1,1,16,164,0,10,7,2,177,0,3,0,9,716
Gujarat,Vadodara Commr.,2011,22.3072,73.1812,21,27,2,18,100,14,83,295,3012,0,78,170,5,315,1,15,0,240,5727
Gujarat,Vadodara Rural,2011,22.2937,71.2274,52,17,2,56,130,6,15,69,408,0,41,23,3,251,0,19,0,95,3133
Gujarat,Valsad,2011,22.1587,71.0924,35,11,0,18,38,2,7,127,732,0,25,22,10,140,0,6,0,23,2532
Gujarat,W.Rly Ahmedabad,2011,22.0987,71.0324,7,0,0,0,4,0,5,8,424,0,6,9,0,24,0,6,0,0,487
Gujarat,W.Rly Vadodara,2011,22.4337,71.3674,5,1,0,0,2,3,7,2,1108,0,0,30,0,51,0,2,0,0,1209
Haryana,Ambala,2011,29.0238,76.0506,42,33,4,74,68,26,29,410,1310,0,0,114,4,177,5,28,0,191,2969
Haryana,Bhiwani,2011,29.1988,76.2256,74,42,2,82,86,17,25,274,1350,0,172,112,18,233,18,26,0,97,3015
Haryana,Faridabad,2011,28.4089,77.3178,60,59,5,108,210,50,37,356,3834,0,173,42,9,213,10,31,0,218,5357
Haryana,Fatehabad,2011,28.9838,76.0106,25,24,0,30,50,10,5,125,532,0,30,54,2,115,7,6,0,86,1334
Haryana,Grp,2011,29.0888,76.1156,26,8,0,0,4,11,18,4,1040,0,27,8,0,12,4,2,0,0,1265
Haryana,Gurgaon,2011,28.4595,77.0266,89,57,4,80,98,45,79,535,6690,0,112,221,7,100,25,27,0,107,8113
Haryana,Hissar,2011,28.8288,75.8556,73,77,2,72,166,8,45,388,2334,0,102,250,17,266,14,37,0,248,4371
Haryana,Jhajjar,2011,29.2238,76.2506,59,43,3,64,62,12,31,157,936,0,81,62,9,92,12,20,0,117,2062
Haryana,Jind,2011,29.2588,76.2856,50,34,4,74,64,0,34,252,1208,0,105,43,9,122,15,15,0,91,2271
Haryana,Kaithal,2011,28.8838,75.9106,36,23,4,40,46,10,14,218,700,0,0,37,7,192,8,18,0,119,1855
Haryana,Karnal,2011,29.1488,76.1756,46,48,5,124,44,25,25,218,1626,0,52,131,5,238,18,25,0,166,3202
Haryana,Kurukshetra,2011,28.8488,75.8756,29,21,2,58,68,8,18,216,1068,0,0,59,3,176,7,22,0,68,2151
Haryana,Mahendragarh,2011,28.8238,75.8506,33,22,1,52,92,17,20,184,992,0,73,10,13,147,11,22,0,85,2011
Haryana,Mewat,2011,28.9988,76.0256,22,36,3,56,64,9,16,38,716,0,80,40,4,80,7,9,0,119,1970
Haryana,Palwal,2011,29.2988,76.3256,43,55,2,108,108,6,22,77,1254,0,158,15,3,134,13,32,0,75,2396
Haryana,Panchkula,2011,29.0938,76.1206,18,13,0,34,34,4,14,161,826,0,0,45,0,32,2,9,0,77,1472
Haryana,Panipat,2011,28.9338,75.9606,49,26,8,94,180,20,39,179,1892,0,126,132,4,145,11,29,0,163,3192
Haryana,Rewari,2011,29.0388,76.0656,41,28,0,34,52,14,38,217,1190,0,45,19,10,137,7,19,0,94,2404
Haryana,Rohtak,2011,29.0188,76.0456,77,50,1,114,94,25,53,340,1718,0,100,127,17,176,9,38,0,124,3294
Haryana,Sirsa,2011,28.8138,75.8406,42,31,3,42,120,7,14,233,1244,0,29,42,12,256,16,26,0,170,2371
Haryana,Sonipat,2011,29.0988,76.1256,78,65,6,54,108,10,43,190,1416,0,1,115,4,197,23,19,0,156,2954
Haryana,Yamunanagar,2011,29.0288,76.0556,50,56,1,72,100,9,19,239,974,0,0,83,9,183,13,14,0,169,2185
Himachal Pradesh,Baddipolicedist,2011,31.1398,77.2084,6,5,0,16,34,0,0,56,132,0,26,16,1,155,0,7,0,9,579
Himachal Pradesh,Bilaspur,2011,31.2398,77.3084,8,2,0,16,6,0,0,43,112,0,43,34,14,56,0,18,0,17,1077
Himachal Pradesh,Chamba,2011,31.1798,77.2484,15,2,1,12,38,0,1,93,58,0,27,11,7,88,2,29,0,10,678
Himachal Pradesh,Cid,2011,31.1848,77.2534,0,0,0,0,0,0,0,0,0,0,0,0,0,0,0,0,0,0,2
Himachal Pradesh,G.R.P.,2011,31.0148,77.0834,0,0,0,0,0,0,0,1,14,0,0,0,0,1,0,0,0,0,24
Himachal Pradesh,Hamirpur,2011,30.9198,76.9884,3,5,0,10,16,0,0,29,70,0,21,16,5,182,0,17,0,5,793
Himachal Pradesh,Kangra,2011,30.9748,77.0434,21,7,2,64,136,0,4,219,342,0,85,80,20,186,1,60,0,42,2709
Himachal Pradesh,Kinnaur,2011,31.0098,77.0784,2,1,0,12,2,0,0,18,28,0,10,1,0,9,1,4,0,1,162
Himachal Pradesh,Kullu,2011,31.1698,77.2384,13,2,0,40,26,0,0,68,134,0,23,26,3,39,0,38,0,21,934
Himachal Pradesh,Lahaul-Spiti,2011,31.1348,77.2034,0,0,0,2,0,0,0,1,2,0,0,0,1,1,0,0,0,0,102
Himachal Pradesh,Mandi,2011,31.2998,77.3684,13,5,0,52,34,0,0,100,184,0,81,46,18,95,0,55,0,40,1640
Himachal Pradesh,Shimla,2011,30.9848,77.0534,20,10,2,44,48,0,2,171,500,0,83,49,24,47,0,45,0,16,2866
Himachal Pradesh,Sirmaur,2011,31.2398,77.3084,9,4,0,24,34,0,1,61,142,0,64,15,1,41,0,33,0,23,866
Himachal Pradesh,Solan,2011,30.9498,77.0184,14,3,0,22,26,1,1,89,230,0,35,24,7,262,0,8,0,16,959
Himachal Pradesh,Una,2011,31.3348,77.4034,6,4,1,22,24,0,1,46,136,0,32,41,9,89,0,17,0,39,921
Jammu & Kashmir,Anantnag,2011,33.7032,76.5012,7,7,0,36,224,1,9,109,286,0,139,47,13,4,0,134,0,6,1484
Jammu & Kashmir,Awantipora,2011,33.9232,76.7212,6,6,0,8,52,0,4,25,74,0,22,8,1,0,0,13,0,3,509
Jammu & Kashmir,Bandipora,2011,33.7482,76.5462,3,8,2,2,118,0,2,39,152,0,83,4,7,0,0,61,0,3,577
Jammu & Kashmir,Baramulla,2011,34.0082,76.8062,6,14,0,24,154,1,3,87,182,0,68,18,11,2,0,94,0,1,1116
Jammu & Kashmir,Budgam,2011,33.7632,76.5612,5,10,3,16,202,0,4,99,424,0,166,24,12,5,0,94,0,2,1307
Jammu & Kashmir,Crime Jammu,2011,33.6682,76.4662,0,0,0,0,0,0,0,0,0,0,0,16,0,0,0,0,0,0,16
Jammu & Kashmir,Crime Srinagar,2011,33.6932,76.4912,0,0,0,0,0,0,0,0,0,0,0,23,0,0,0,0,0,0,23
Jammu & Kashmir,Doda,2011,22.3072,73.1812,8,14,0,32,94,0,0,42,88,0,27,14,10,8,0,25,0,20,706
Jammu & Kashmir,Ganderbal,2011,33.7582,76.5562,4,4,2,18,64,4,0,32,86,0,68,12,5,2,0,57,0,1,523
Jammu & Kashmir,Handwara,2011,33.9382,76.7362,4,18,0,12,66,0,2,23,114,0,54,7,9,0,0,76,0,1,535
Jammu & Kashmir,Jammu,2011,33.7132,76.5112,18,83,2,70,136,0,2,256,1240,0,56,110,17,18,3,38,0,51,4118
Jammu & Kashmir,Kargil,2011,33.9032,76.7012,3,0,0,2,2,0,0,2,10,0,9,4,2,1,0,2,0,2,114
Jammu & Kashmir,Kathua,2011,33.7082,76.5062,10,20,2,34,76,0,1,60,156,0,37,14,4,10,5,32,0,19,1170
Jammu & Kashmir,Kishtwar,2011,33.9332,76.7312,3,15,1,8,50,0,1,19,38,0,0,10,7,0,0,12,0,16,420
Jammu & Kashmir,Kulgam,2011,34.0182,76.8162,3,13,1,20,92,2,6,42,140,0,52,17,7,51,0,68,0,1,686
Jammu & Kashmir,Kupwara,2011,33.7082,76.5062,9,23,3,22,92,0,1,50,152,0,148,18,14,7,0,45,0,4,767
Jammu & Kashmir,Leh,2011,33.5582,76.3562,0,1,0,6,2,0,0,11,8,0,4,4,0,1,0,7,0,0,189
Jammu & Kashmir,Poonch,2011,33.8532,76.6512,4,20,4,36,64,0,0,32,66,0,103,22,14,54,0,31,0,29,822
Jammu & Kashmir,Pulwama,2011,33.6182,76.4162,7,9,1,10,78,1,2,25,114,0,67,6,7,44,0,11,0,0,443
Jammu & Kashmir,Railways Jammu,2011,33.7132,76.5112,0,1,0,0,0,0,0,0,8,0,0,3,1,0,0,0,0,0,15
Jammu & Kashmir,Railways Kashmir,2011,33.8132,76.6112,0,0,0,0,0,0,0,0,20,0,2,2,0,0,0,0,0,0,27
Jammu & Kashmir,Rajouri,2011,33.9932,76.7912,9,39,5,64,86,1,0,47,126,0,33,35,14,14,1,30,0,49,1832
Jammu & Kashmir,Ramban,2011,33.6332,76.4312,6,5,0,26,32,0,0,17,80,0,4,8,3,1,0,12,0,0,761
Jammu & Kashmir,Reasi,2011,33.5782,76.3762,6,15,0,22,34,0,1,19,68,0,7,15,1,4,0,11,0,1,581
Jammu & Kashmir,Samba,2011,33.7432,76.5412,9,17,0,6,22,0,0,29,76,0,18,12,2,3,2,6,0,5,743
Jammu & Kashmir,Shopian,2011,33.5732,76.3712,3,33,0,16,58,2,9,41,298,0,36,7,11,4,0,77,0,0,629
Jammu & Kashmir,Sopore,2011,33.5882,76.3862,14,42,1,8,84,0,6,81,218,0,16,11,6,2,0,58,0,5,572
Jammu & Kashmir,Srinagar,2011,33.9132,76.7112,12,64,0,28,236,2,33,280,980,0,147,126,23,9,0,171,0,54,2756
Jammu & Kashmir,Udhampur,2011,34.0182,76.8162,10,13,2,28,36,0,2,49,106,0,39,15,4,2,0,29,0,13,1063
Jharkhand,Bokaro,2011,23.7552,85.4249,62,19,0,92,114,14,39,105,1468,0,114,60,0,0,13,4,0,102,2973
Jharkhand,Chaibasa,2011,23.6402,85.3099,136,22,0,64,28,13,19,24,238,0,16,6,2,28,6,5,0,11,844
Jharkhand,Chatra,2011,23.8152,85.4849,50,15,0,24,44,16,30,22,190,0,85,20,6,12,15,1,0,9,925
Jharkhand,Deoghar,2011,23.6502,85.3199,48,66,3,68,48,11,27,88,556,0,127,45,4,424,18,16,0,24,1512
Jharkhand,Dhanbad,2011,23.4652,85.1349,79,18,12,64,198,42,60,160,1704,0,214,67,5,229,39,34,0,39,3708
Jharkhand,Dhanbad Rly.,2011,23.4652,85.1349,4,0,0,0,6,4,6,1,414,0,3,4,0,0,3,8,0,1,442
Jharkhand,Dumka,2011,23.8202,85.4899,59,29,5,68,56,6,13,56,584,0,81,28,13,217,7,19,0,40,1562
Jharkhand,Garhwa,2011,23.4552,85.1249,70,61,4,102,66,7,28,50,124,0,210,82,13,527,19,22,0,89,1865
Jharkhand,Giridih,2011,23.4852,85.1549,60,8,1,94,126,30,23,108,780,0,263,64,5,118,30,40,0,35,2418
Jharkhand,Godda,2011,23.5752,85.2449,61,0,3,58,76,11,9,44,174,0,26,17,6,23,0,21,0,10,1263
Jharkhand,Gumla,2011,23.5002,85.1699,201,52,7,92,104,10,44,23,200,0,40,38,16,55,1,10,0,17,1036
Jharkhand,Hazaribagh,2011,23.5352,85.2049,72,41,6,44,116,25,28,59,630,0,138,71,3,392,26,25,0,22,2282
Jharkhand,Jamshedpur,2011,23.8202,85.4899,85,29,12,78,146,11,36,153,1664,0,114,55,21,695,17,32,0,76,3106
Jharkhand,Jamshedpur Rly.,2011,23.3802,85.0499,8,0,0,2,16,0,11,2,302,0,0,1,0,13,0,5,0,0,355
Jharkhand,Jamtara,2011,23.6302,85.2999,15,19,0,30,22,2,7,22,180,0,51,24,5,144,10,10,0,19,708
Jharkhand,Khunti,2011,23.3752,85.0449,126,21,0,26,26,8,21,9,82,0,13,7,2,19,0,4,0,1,403
Jharkhand,Koderma,2011,23.8052,85.4749,25,40,1,14,48,5,12,26,280,0,88,69,0,150,16,7,0,34,1090
Jharkhand,Latehar,2011,23.6402,85.3099,38,29,0,54,54,7,9,13,138,0,64,10,6,35,2,4,0,11,513
Jharkhand,Lohardagga,2011,23.8352,85.5049,33,9,1,60,52,9,12,17,236,0,25,33,6,87,3,2,0,13,622
Jharkhand,Pakur,2011,23.4152,85.0849,30,1,5,78,38,6,2,8,226,0,74,6,5,293,0,6,0,22,767
Jharkhand,Palamu,2011,23.5902,85.2599,93,72,0,56,126,31,47,78,492,0,180,49,5,244,28,6,0,12,2033
Jharkhand,Ramgarh,2011,23.4852,85.1549,32,23,0,48,62,26,26,22,498,0,34,24,2,138,7,8,0,3,979
Jharkhand,Ranchi,2011,23.4002,85.0699,151,38,6,100,132,33,54,69,902,0,91,42,3,338,8,9,0,14,2222
Jharkhand,Sahebganj,2011,23.5702,85.2399,73,39,11,142,108,8,15,20,202,0,54,50,7,91,5,4,0,32,1128
Jharkhand,Saraikela,2011,23.5452,85.2149,64,43,6,60,32,9,26,46,396,0,27,24,0,85,8,9,0,13,900
Jharkhand,Simdega,2011,23.4902,85.1599,72,24,0,50,38,5,10,10,96,0,1,11,3,46,1,6,0,10,396
Karnataka,Bagalkot,2011,15.1423,75.5389,37,39,2,30,30,5,16,102,282,0,188,62,6,244,0,38,0,58,2255
Karnataka,Bangalore Commr.,2011,12.9716,77.5946,232,460,3,194,1146,385,783,1313,21086,0,390,3155,4,2927,53,250,0,458,32075
Karnataka,Bangalore Rural,2011,13.0827,77.5877,105,39,1,58,60,19,81,277,1266,0,252,109,0,517,10,74,0,83,4915
Karnataka,Belgaum,2011,15.8497,74.4977,136,121,2,90,106,9,83,284,998,0,552,298,23,1050,11,221,0,297,7393
Karnataka,Bellary,2011,15.3773,75.7739,58,57,1,12,42,7,31,164,728,0,193,91,5,391,15,65,0,103,3205
Karnataka,Bidar,2011,15.5473,75.9439,51,33,1,28,26,4,9,121,274,0,150,51,11,896,7,27,0,77,3471
Karnataka,Bijapur,2011,15.1273,75.5239,66,58,0,14,86,7,24,120,280,0,294,97,0,627,8,66,0,116,3040
Karnataka,Cbpura,2011,15.1573,75.5539,52,41,11,32,46,7,31,114,770,0,229,81,0,485,7,55,0,92,2611
Karnataka,Chamarajnagar,2011,15.3773,75.7739,40,28,0,22,14,4,8,64,282,0,148,15,0,506,9,71,0,62,1960
Karnataka,Chickmagalur,2011,15.3073,75.7039,27,34,4,20,34,8,18,121,378,0,137,42,0,673,1,53,0,68,2726
Karnataka,Chitradurga,2011,15.2373,75.6339,38,21,3,54,60,6,39,168,590,0,287,62,9,871,5,93,0,96,4278
Karnataka,Dakshin Kannada,2011,15.2273,75.6239,23,20,0,12,12,4,10,102,216,0,87,42,13,268,1,46,0,38,1741
Karnataka,Davanagere,2011,15.4473,75.8439,35,18,7,22,34,5,31,141,380,0,218,55,0,394,6,65,0,93,2768
Karnataka,Dharwad Commr.,2011,15.4589,75.0078,26,23,0,14,46,4,52,131,564,0,87,141,10,144,3,22,0,56,1856
Karnataka,Dharwad Rural,2011,15.4589,75.0078,26,24,0,0,14,2,6,37,146,0,120,31,0,173,2,21,0,22,1297
Karnataka,Gadag,2011,15.2073,75.6039,25,17,0,10,20,0,7,52,142,0,97,18,3,147,0,48,0,32,1100
Karnataka,Gulbarga,2011,17.3297,76.8343,93,114,2,72,170,11,83,252,766,0,431,115,35,814,2,111,0,153,4537
Karnataka,Hassan,2011,15.2273,75.6239,56,87,4,54,54,13,99,290,816,0,194,113,0,1469,32,106,0,264,6071
Karnataka,Haveri,2011,15.5423,75.9389,23,27,1,26,44,4,10,71,212,0,256,50,0,302,0,76,0,74,2356
Karnataka,K.G.F.,2011,15.4423,75.8389,14,19,1,8,24,1,14,51,174,0,63,33,0,264,1,14,0,28,971
Karnataka,Kodagu,2011,15.1573,75.5539,33,25,0,32,22,3,9,108,238,0,41,33,0,612,5,25,0,57,1901
Karnataka,Kolar,2011,15.4823,75.8789,37,45,0,34,36,6,19,78,424,0,190,24,0,279,3,21,0,23,2053
Karnataka,Koppal,2011,15.4823,75.8789,25,15,15,26,42,5,8,74,274,0,116,36,0,173,0,23,0,70,1858
Karnataka,Mandya,2011,15.1123,75.5089,71,57,1,62,68,9,73,307,1154,0,383,107,34,1361,12,98,0,230,6120
Karnataka,Mangalore City,2011,15.4473,75.8439,22,20,0,32,16,2,30,111,476,0,101,133,0,211,0,27,0,43,2615
Karnataka,Mysore Commr.,2011,12.2958,76.6394,27,38,1,22,50,11,198,183,1544,0,76,166,0,240,5,23,0,32,3081
Karnataka,Mysore Rural,2011,15.1723,75.5689,68,49,0,38,94,11,38,219,698,0,329,77,0,1030,7,174,0,158,4383
Karnataka,Raichur,2011,15.4623,75.8589,53,32,1,58,74,2,21,91,296,0,320,116,0,567,10,149,0,174,3491
Karnataka,Railways,2011,15.4773,75.8739,15,2,1,0,2,5,31,3,1040,0,1,3,0,9,0,0,0,0,1111
Karnataka,Ramanagar,2011,15.4023,75.7989,75,54,0,38,104,19,78,238,860,0,271,91,53,595,23,101,0,71,4337
Karnataka,Shimoga,2011,15.2973,75.6939,54,76,2,46,50,14,58,198,642,0,314,113,4,1130,6,123,0,278,5516
Karnataka,Tumkur,2011,15.4373,75.8339,101,94,7,62,80,16,89,248,1022,0,369,161,4,913,17,135,0,124,5593
Karnataka,Udupi,2011,15.4773,75.8739,22,9,0,10,18,1,27,162,350,0,99,69,1,291,1,45,0,42,2578
Karnataka,Uttar Kannada,2011,15.2673,75.6639,29,20,14,22,14,2,2,86,158,0,96,24,10,369,3,73,0,75,2976
Karnataka,Yadgiri,2011,15.1123,75.5089,25,21,0,18,52,2,7,55,142,0,186,36,6,353,2,69,0,65,1592
Kerala,Alapuzha,2011,10.8705,76.2911,25,17,2,112,30,3,35,156,536,0,473,321,12,2103,1,245,0,310,9927
Kerala,Ernakulam Commr.,2011,10.7805,76.2011,26,25,11,124,22,8,31,138,574,0,502,192,8,954,1,149,0,225,13192
Kerala,Ernakulam Rural,2011,10.6405,76.0611,15,14,0,60,24,40,38,77,614,0,343,630,5,376,0,105,0,136,34638
Kerala,Idukki,2011,10.9005,76.3211,20,31,1,108,20,3,23,160,322,0,296,109,8,1307,0,169,0,237,6196
Kerala,Kannur,2011,10.6755,76.0961,20,45,3,110,28,10,94,221,514,0,1065,189,61,1408,0,161,0,373,7989
Kerala,Kasargod,2011,10.7755,76.1961,19,21,3,250,30,5,35,129,250,0,607,179,53,985,0,136,0,196,3942
Kerala,Kollam Commr.,2011,10.7705,76.1911,14,41,3,102,42,25,16,105,454,0,602,86,18,1146,1,192,0,319,6357
Kerala,Kollam Rural,2011,10.6555,76.0761,29,25,2,92,26,8,24,164,340,0,460,126,16,1500,0,255,0,298,6536
Kerala,Kottayam,2011,11.0855,76.5061,22,50,5,102,48,3,30,161,562,0,485,198,28,1406,2,258,0,285,8448
Kerala,Kozhikode Commr.,2011,11.2588,75.7804,5,15,0,28,22,30,48,136,482,0,446,191,10,685,0,124,0,171,3996
Kerala,Kozhikode Rural,2011,11.2588,75.7804,12,31,1,92,42,3,27,134,314,0,997,164,96,1124,1,179,0,322,7409
Kerala,Malappuram,2011,10.7305,76.1511,13,17,8,166,48,11,59,249,760,0,822,392,10,898,0,232,0,661,13026
Kerala,Palakkad,2011,10.8855,76.3061,41,43,12,170,26,24,36,208,472,0,684,201,24,1372,2,156,0,404,7721
Kerala,Pathanamthitta,2011,10.7905,76.2111,20,19,4,66,34,13,20,135,364,0,418,146,7,1060,0,157,0,158,5532
Kerala,Railways,2011,11.0105,76.4311,1,1,1,0,0,5,2,4,500,0,6,0,0,35,0,25,0,0,554
Kerala,Thrissur Commr.,2011,10.5276,76.2144,8,17,7,56,24,17,28,75,288,0,362,678,10,340,0,100,0,131,4891
Kerala,Thrissur Rural,2011,10.5276,76.2144,24,41,15,138,24,13,34,180,502,0,597,479,27,942,1,263,0,449,11486
Kerala,Trivandrum Commr.,2011,11.0655,76.4861,8,29,3,78,50,59,79,175,814,0,526,405,14,982,0,241,0,156,6591
Kerala,Trivandrum Rural,2011,10.9805,76.4011,32,36,16,280,42,33,69,326,580,0,858,273,36,2293,4,547,0,422,9642
Kerala,Wayanadu,2011,11.0555,76.4761,11,3,8,130,16,3,13,68,166,0,205,196,7,831,2,62,0,124,4256
Madhya Pradesh,Alirajpur,2011,23.1684,78.8519,76,39,0,48,38,1,5,25,118,0,10,4,11,278,0,23,0,8,1262
Madhya Pradesh,Anuppur,2011,23.1484,78.8319,39,23,1,120,14,3,16,80,172,0,23,16,3,174,10,57,0,42,1435
Madhya Pradesh,Ashok Nagar,2011,22.8084,78.4919,26,21,2,72,14,2,18,77,226,0,27,7,6,976,8,105,0,33,2613
Madhya Pradesh,Balaghat,2011,22.9584,78.6419,51,21,4,110,14,0,12,89,180,0,27,23,13,337,3,104,0,37,2447
Madhya Pradesh,Barwani,2011,22.9784,78.6619,51,19,0,78,16,0,8,72,286,0,25,8,8,233,2,58,0,11,1914
Madhya Pradesh,Betul,2011,23.1484,78.8319,54,29,1,240,38,2,18,94,388,0,7,30,10,295,20,188,0,53,3278
Madhya Pradesh,Bhind,2011,22.8084,78.4919,73,92,4,102,44,5,78,121,452,0,55,30,17,1229,28,71,0,45,3695
Madhya Pradesh,Bhopal,2011,23.2599,77.4126,91,112,8,292,80,8,161,1031,5302,0,108,111,19,812,19,144,0,198,15123
Madhya Pradesh,Bhopal Rly.,2011,23.2599,77.4126,6,3,1,0,0,1,27,1,2308,0,5,2,0,0,0,8,0,0,2353
Madhya Pradesh,Burhanpur,2011,22.9334,78.6169,18,5,0,58,4,1,10,30,172,0,7,18,2,58,5,41,0,13,1135
Madhya Pradesh,Chhatarpur,2011,23.0184,78.7019,58,78,5,154,88,4,74,306,554,0,96,52,16,598,33,185,0,75,5133
Madhya Pradesh,Chhindwara,2011,23.1184,78.8019,71,26,2,222,48,3,12,208,544,0,70,42,19,1352,14,189,0,89,5180
Madhya Pradesh,Damoh,2011,22.7384,78.4219,45,56,0,104,42,1,22,155,284,0,21,20,20,1567,27,193,0,139,3649
Madhya Pradesh,Datiya,2011,23.1234,78.8069,53,43,0,50,38,2,39,92,310,0,29,26,11,285,10,65,0,37,2614
Madhya Pradesh,Dewas,2011,22.9584,78.6419,43,69,0,204,52,5,26,219,1328,0,48,34,33,380,19,162,0,110,5434
Madhya Pradesh,Dhar,2011,15.4589,75.0078,81,63,3,206,86,8,25,167,1020,0,37,27,27,595,62,189,0,74,5547
Madhya Pradesh,Dindori,2011,22.7284,78.4119,22,4,5,92,12,0,2,26,60,0,9,12,0,86,1,67,0,21,1038
Madhya Pradesh,Guna,2011,22.9584,78.6419,45,43,2,150,52,8,22,152,610,0,67,25,15,698,9,122,0,30,3708
Madhya Pradesh,Gwalior,2011,26.2183,78.1828,107,148,30,150,180,24,202,919,4240,0,131,154,28,1138,34,170,0,168,11015
Madhya Pradesh,Harda,2011,23.0384,78.7219,25,16,0,106,30,1,7,55,198,0,16,11,3,251,5,59,0,14,1306
Madhya Pradesh,Hoshangabad,2011,23.1584,78.8419,59,50,5,118,56,5,66,211,522,0,26,40,25,306,16,149,0,120,4078
Madhya Pradesh,Indore,2011,22.7196,75.8577,135,137,4,258,132,14,219,993,7268,0,116,231,41,2629,41,339,0,398,18569
Madhya Pradesh,Indore Rly.,2011,22.7196,75.8577,4,1,3,4,2,0,6,2,520,0,1,0,0,3,1,4,0,0,543
Madhya Pradesh,Jabalpur,2011,23.1815,79.9864,93,129,4,214,78,11,68,460,1526,0,89,129,20,3171,39,269,0,212,10293
Madhya Pradesh,Jabalpur Rly.,2011,23.1815,79.9864,4,2,0,6,4,4,26,5,890,0,4,0,0,5,1,3,0,0,950
Madhya Pradesh,Jhabua,2011,23.1184,78.8019,24,8,0,84,70,5,27,84,160,0,21,11,21,230,4,62,0,10,2028
Madhya Pradesh,Katni,2011,23.1084,78.7919,41,26,4,124,16,3,7,157,278,0,19,33,8,920,16,140,0,51,3228
Madhya Pradesh,Khandwa,2011,22.8834,78.5669,38,28,0,118,26,1,20,176,462,0,17,15,15,92,5,141,0,24,2914
Madhya Pradesh,Khargon,2011,22.9484,78.6319,37,26,6,78,26,5,23,124,762,0,30,23,10,54,38,118,0,38,3874
Madhya Pradesh,Mandla,2011,22.7384,78.4219,36,14,2,126,18,0,8,66,126,0,4,27,7,308,4,101,0,27,2210
Madhya Pradesh,Mandsaur,2011,22.8484,78.5319,37,52,0,98,52,5,38,163,628,0,20,46,11,203,4,100,0,58,3542
Madhya Pradesh,Morena,2011,22.8584,78.5419,56,100,3,80,56,29,48,178,838,0,103,43,17,1905,32,85,0,85,5160
Madhya Pradesh,Narsinghpur,2011,22.9434,78.6269,45,34,0,130,36,2,15,134,272,0,33,27,17,1252,20,108,0,69,2949
Madhya Pradesh,Neemuch,2011,22.8684,78.5519,20,13,0,50,34,1,27,139,416,0,33,23,11,210,4,49,0,51,2091
Madhya Pradesh,Panna,2011,22.7284,78.4119,33,18,2,96,20,2,19,132,152,0,9,16,6,267,14,87,0,48,2277
Madhya Pradesh,Raisen,2011,22.8984,78.5819,47,70,3,236,72,3,19,137,530,0,41,19,17,321,15,179,0,67,4172
Madhya Pradesh,Rajgarh,2011,23.0634,78.7469,43,34,0,180,52,2,25,165,676,0,87,11,55,402,6,175,0,51,4609
Madhya Pradesh,Ratlam,2011,23.0084,78.6919,35,49,1,194,96,7,42,141,666,0,56,31,19,485,9,131,0,135,3829
Madhya Pradesh,Rewa,2011,23.0034,78.6869,46,41,6,182,52,6,57,401,816,0,0,64,15,1003,32,122,0,112,5007
Madhya Pradesh,Sagar,2011,23.2134,78.8969,94,96,1,262,212,4,55,381,982,0,87,71,26,2526,37,416,0,156,8978
Madhya Pradesh,Satna,2011,23.1784,78.8619,66,35,4,166,40,3,44,300,968,0,29,26,22,979,20,177,0,109,5445
Madhya Pradesh,Seoni,2011,22.8884,78.5719,31,23,5,122,24,2,9,99,294,0,25,28,6,302,9,111,0,27,2712
Madhya Pradesh,Shahdol,2011,22.7684,78.4519,45,21,0,160,44,2,17,154,398,0,20,24,6,246,21,143,0,108,3204
Madhya Pradesh,Shajapur,2011,23.0784,78.7619,49,36,0,100,26,2,26,135,780,0,28,17,15,1435,8,135,0,7,3123
Madhya Pradesh,Sheopur,2011,22.7384,78.4219,14,11,0,36,22,2,8,31,110,0,27,13,3,736,2,28,0,9,1276
Madhya Pradesh,Shivpuri,2011,23.1434,78.8269,55,53,3,186,54,17,45,149,508,0,52,35,16,1133,13,168,0,65,4911
Madhya Pradesh,Sidhi,2011,22.8634,78.5469,29,9,0,64,64,0,9,137,262,0,8,21,10,321,16,93,0,45,2536
Madhya Pradesh,Sihore,2011,22.9134,78.5969,44,58,1,164,52,4,29,175,692,0,46,35,27,418,11,119,0,76,4315
Madhya Pradesh,Singrauli,2011,23.1784,78.8619,43,13,7,86,50,3,9,82,198,0,30,11,7,347,13,89,0,59,2123
Madhya Pradesh,Tikamgarh,2011,23.0834,78.7669,37,27,7,152,46,7,45,131,284,0,52,16,8,948,18,153,0,36,3240
Madhya Pradesh,Ujjain,2011,23.1765,75.7885,68,149,0,162,86,3,72,350,2288,0,92,71,37,397,14,196,0,176,8411
Madhya Pradesh,Umariya,2011,23.0784,78.7619,21,11,0,44,8,0,9,73,122,0,8,19,5,110,3,78,0,27,1404
Madhya Pradesh,Vidisha,2011,23.0934,78.7769,47,56,0,174,60,2,31,246,682,0,49,32,20,705,16,197,0,79,4651
Maharashtra,Ahmednagar,2011,19.7715,75.7339,107,108,3,156,164,84,161,626,3244,0,679,273,43,779,32,160,0,677,7648
Maharashtra,Akola,2011,19.8715,75.8339,46,43,3,60,80,12,61,249,1642,0,115,125,36,759,13,93,0,140,4025
Maharashtra,Amravati Commr.,2011,19.9615,75.9239,15,42,2,44,40,13,65,237,2008,0,68,70,8,364,2,49,0,94,2974
Maharashtra,Amravati Rural,2011,19.8215,75.7839,58,38,2,138,58,11,35,222,1558,0,92,40,81,923,3,142,0,104,4228
Maharashtra,Aurangabad Commr.,2011,19.8762,75.3433,41,118,1,32,70,28,152,380,1704,0,154,194,26,470,7,65,0,122,3781
Maharashtra,Aurangabad Rural,2011,19.9115,75.8739,60,48,2,36,32,16,34,184,1024,0,277,58,37,695,36,78,0,212,3214
Maharashtra,Beed,2011,19.6065,75.5689,61,72,8,64,116,55,88,325,992,0,333,158,45,953,11,99,0,378,4230
Maharashtra,Bhandara,2011,19.8215,75.7839,33,15,4,46,24,5,19,171,888,0,25,40,20,306,1,30,0,50,2077
Maharashtra,Buldhana,2011,19.6415,75.6039,60,41,1,52,56,12,35,168,1220,0,233,120,45,768,14,124,0,194,3902
Maharashtra,Chandrapur,2011,19.8215,75.7839,50,39,6,112,60,10,43,230,1336,0,82,67,36,629,4,108,0,109,3828
Maharashtra,Dhule,2011,19.8865,75.8489,49,31,1,32,54,42,57,194,868,0,212,79,15,379,4,52,0,203,2749
Maharashtra,Gadchiroli,2011,19.7565,75.7189,82,27,1,40,10,2,10,55,204,0,21,11,40,196,0,24,0,23,957
Maharashtra,Gondia,2011,19.5815,75.5439,37,22,2,62,48,5,19,159,740,0,35,49,21,363,1,67,0,36,1947
Maharashtra,Hingoli,2011,19.6515,75.6139,39,33,0,36,24,6,15,87,320,0,131,55,32,411,0,42,0,82,1743
Maharashtra,Jalgaon,2011,19.7315,75.6939,81,72,4,96,114,25,80,274,1964,0,356,308,31,788,8,146,0,364,5518
Maharashtra,Jalna,2011,19.7165,75.6789,47,40,2,30,40,26,52,226,970,0,203,95,18,604,23,73,0,289,3017
Maharashtra,Kolhapur,2011,19.6715,75.6339,65,41,2,84,76,26,51,367,1752,0,237,240,17,480,19,59,0,121,4114
Maharashtra,Latur,2011,19.8315,75.7939,68,48,3,34,74,19,50,251,808,0,280,128,26,684,4,57,0,156,3418
Maharashtra,Mumbai Commr.,2011,18.922,72.8347,203,180,4,442,442,74,467,2745,25966,0,379,1946,46,4302,14,553,0,393,37192
Maharashtra,Mumbai Rly.,2011,19.6465,75.6089,12,2,1,6,18,2,63,3,4268,0,6,50,0,56,0,8,0,0,4486
Maharashtra,Nagpur Commr.,2011,21.1458,79.0882,114,74,13,90,80,23,198,734,4574,0,148,294,22,876,4,68,0,174,8063
Maharashtra,Nagpur Rly.,2011,19.8415,75.8039,3,3,0,2,0,6,29,4,2118,0,11,5,0,14,0,9,0,1,2195
Maharashtra,Nagpur Rural,2011,19.6665,75.6289,65,31,5,88,50,11,36,206,1746,0,86,55,45,591,11,65,0,62,3891
Maharashtra,Nanded,2011,19.9715,75.9339,90,76,3,64,104,19,59,389,996,0,315,209,67,1088,29,93,0,325,5162
Maharashtra,Nandurbar,2011,19.5415,75.5039,43,16,1,40,36,13,10,71,360,0,90,39,3,278,0,40,0,87,1486
Maharashtra,Nasik Commr.,2011,19.8865,75.8489,37,32,4,50,32,34,154,516,4190,0,111,197,21,258,5,37,0,115,5632
Maharashtra,Nasik Rural,2011,19.9065,75.8689,86,59,1,86,66,36,52,226,1310,0,359,171,9,758,5,91,0,298,4989
Maharashtra,Navi Mumbai,2011,19.5315,75.4939,70,22,4,76,64,20,316,688,3870,0,129,410,6,504,1,57,0,110,6175
Maharashtra,Osmanabad,2011,19.6415,75.6039,42,35,0,60,56,24,24,220,692,0,230,142,18,626,2,88,0,186,3083
Maharashtra,Parbhani,2011,19.5665,75.5289,58,64,1,52,72,21,61,283,766,0,169,90,39,979,5,80,0,215,2967
Maharashtra,Pune Commr.,2011,18.5204,73.8567,110,118,5,158,208,53,546,1192,9420,0,478,769,27,991,8,118,0,251,14070
Maharashtra,Pune Rly.,2011,19.7565,75.7189,3,0,0,0,6,7,7,1,782,0,1,3,0,8,0,4,0,0,818
Maharashtra,Pune Rural,2011,19.6315,75.5939,148,97,9,174,128,74,150,719,3556,0,409,298,46,789,16,122,0,172,7902
Maharashtra,Raigad,2011,19.7865,75.7489,39,16,0,14,14,7,20,130,644,0,115,124,11,205,2,42,0,42,1997
Maharashtra,Ratnagiri,2011,19.9015,75.8639,15,12,2,60,24,4,16,139,456,0,78,62,25,169,1,35,0,49,1463
Maharashtra,Sangli,2011,19.5815,75.5439,53,29,4,80,44,10,22,178,1088,0,163,218,27,385,5,51,0,98,2743
Maharashtra,Satara,2011,19.8865,75.8489,55,40,3,68,82,36,120,382,1860,0,226,191,28,417,2,80,0,179,4312
Maharashtra,Sindhudurg,2011,19.7465,75.7089,12,7,2,22,20,1,19,72,184,0,42,70,15,107,0,8,0,5,792
Maharashtra,Solapur Commr.,2011,19.8765,75.8389,24,29,2,44,58,30,74,205,1040,0,110,115,9,172,0,31,0,68,1965
Maharashtra,Solapur Rural,2011,19.7715,75.7339,107,47,4,106,86,35,79,285,1458,0,401,136,40,725,6,94,0,175,4716
Maharashtra,Thane Commr.,2011,19.2183,72.9781,127,65,4,158,184,45,277,1127,5912,0,279,855,23,2011,8,161,0,342,11063
Maharashtra,Thane Rural,2011,19.5965,75.5589,147,61,19,126,110,53,295,759,2336,0,345,364,26,788,10,105,0,57,6005
Maharashtra,Wardha,2011,19.8415,75.8039,37,33,2,68,52,14,34,247,1362,0,86,53,56,693,3,88,0,62,3492
Maharashtra,Washim,2011,19.5515,75.5139,35,32,3,26,54,11,20,114,864,0,127,44,29,423,12,80,0,118,2279
Maharashtra,Yavatmal,2011,19.9265,75.8889,84,47,1,88,108,4,74,273,1838,0,130,78,40,1005,8,118,0,198,5008
Manipur,Bishnupur,2011,24.4637,93.7063,5,24,1,4,36,11,0,7,80,0,7,12,10,36,0,11,0,3,311
Manipur,Chandel,2011,24.8937,94.1363,2,8,0,2,0,12,0,1,10,0,1,0,2,5,0,0,0,0,63
Manipur,Churachandpur,2011,24.7837,94.0263,7,1,0,0,14,11,0,5,24,0,0,1,1,9,0,0,0,1,73
Manipur,Cid,2011,24.7437,93.9863,0,0,0,0,0,0,0,0,0,0,0,1,0,0,0,0,0,0,2
Manipur,Imphal East,2011,28.6333,77.2833,17,37,0,22,72,48,1,11,152,0,12,22,10,71,0,7,0,8,509
Manipur,Imphal West,2011,28.65,77.1,24,118,2,34,122,39,2,14,992,0,22,53,13,83,1,11,0,8,1516
Manipur,Senapati,2011,24.4637,93.7063,3,11,0,0,10,11,1,7,32,0,9,5,30,3,0,0,0,0,161
Manipur,Tamenglong,2011,24.4787,93.7213,4,0,0,0,0,5,2,0,2,0,1,2,12,5,0,1,0,0,53
Manipur,Thoubal,2011,24.4487,93.6913,9,38,1,42,78,11,1,6,130,0,17,29,14,76,0,8,0,19,585
Manipur,Ukhrul,2011,24.7087,93.9513,7,8,0,2,6,7,0,1,16,0,1,1,7,4,0,0,0,0,66
Meghalaya,Garo Hills East,2011,28.6333,77.2833,11,19,0,6,24,13,4,12,116,0,0,5,0,0,0,0,0,0,237
Meghalaya,Garo Hills South,2011,28.5333,77.2,11,5,0,4,12,1,2,4,76,0,0,1,0,12,0,2,0,1,128
Meghalaya,Garo Hills West,2011,28.65,77.1,22,7,0,16,50,8,11,36,300,0,8,28,6,70,1,22,0,8,562
Meghalaya,Jaintia Hills,2011,25.487,91.3862,52,4,0,86,24,5,7,12,164,0,0,25,5,47,0,6,0,0,431
Meghalaya,Khasi Hills East,2011,28.6333,77.2833,36,5,2,84,40,6,28,68,514,0,0,96,14,30,0,32,0,11,943
Meghalaya,Khasi Hills West,2011,28.65,77.1,17,6,1,30,16,6,4,13,106,0,0,6,2,18,0,8,0,0,267
Meghalaya,Ri-Bhoi,2011,25.712,91.6112,21,5,0,34,8,10,7,0,116,0,0,5,7,20,0,4,0,1,235
Mizoram,Aizawl,2011,23.3695,93.1426,10,10,6,70,2,0,4,190,790,0,0,46,12,44,0,43,0,9,1178
Mizoram,Champhai,2011,23.1495,92.9226,4,4,0,20,0,0,0,49,160,0,0,6,0,12,0,10,0,0,255
Mizoram,Kolasib,2011,23.3695,93.1426,5,2,0,14,4,0,0,18,114,0,0,1,3,10,0,3,0,0,171
Mizoram,Lawngtlai,2011,23.2295,93.0026,1,1,0,4,2,0,0,7,58,0,0,2,0,4,0,0,0,0,79
Mizoram,Lunglei,2011,23.3295,93.1026,2,3,1,26,4,0,1,36,186,0,0,8,1,5,0,3,0,0,272
Mizoram,Mamit,2011,23.2195,92.9926,2,2,1,8,0,1,1,10,62,0,0,1,1,11,0,4,0,0,99
Mizoram,Saiha,2011,22.9895,92.7626,1,2,0,4,0,0,0,15,50,0,0,2,0,8,0,5,0,0,82
Mizoram,Serchhip,2011,23.3445,93.1176,1,0,0,8,0,0,0,11,48,0,0,0,2,3,0,4,0,0,74
Nagaland,Dimapur,2011,26.3284,94.7324,15,10,0,18,48,4,46,26,340,0,0,16,1,14,0,7,0,1,538
Nagaland,Kiphire,2011,26.1734,94.5774,0,0,0,0,0,0,0,0,0,0,0,0,0,0,0,0,0,0,13
Nagaland,Kohima,2011,26.0484,94.4524,7,6,8,0,0,0,5,28,140,0,0,7,0,10,0,0,0,0,208
Nagaland,Longleng,2011,26.0434,94.4474,0,2,1,2,2,0,0,0,22,0,0,1,0,0,0,0,0,0,29
Nagaland,Mokokchung,2011,26.2884,94.6924,3,0,1,4,4,0,3,0,42,0,0,2,0,3,0,0,0,0,61
Nagaland,Mon,2011,25.9134,94.3174,6,3,0,4,0,1,0,3,16,0,1,0,0,6,0,0,0,0,42
Nagaland,Peren,2011,26.1434,94.5474,4,1,0,0,0,0,0,1,10,0,0,0,0,3,0,0,0,0,22
Nagaland,Phek,2011,26.2334,94.6374,4,8,0,6,0,0,1,2,20,0,0,1,1,3,0,2,0,0,48
Nagaland,Tuensang,2011,26.1484,94.5524,1,2,1,4,8,0,2,1,34,0,0,3,0,1,0,0,0,0,56
Nagaland,Wokha,2011,26.2734,94.6774,2,7,0,2,4,1,2,0,48,0,0,1,0,5,0,0,0,0,72
Nagaland,Zunheboto,2011,26.1234,94.5274,4,4,0,6,2,1,0,12,48,0,0,0,0,10,0,0,0,0,87
Odisha,Angul,2011,21.1617,85.3085,71,47,0,126,88,22,80,162,940,0,142,57,12,32,25,299,0,58,3383
Odisha,Balasore,2011,20.7367,84.8835,62,66,1,150,222,27,53,227,794,0,45,76,20,1552,45,217,0,279,3741
Odisha,Baragarh,2011,20.7917,84.9385,34,99,0,42,32,11,41,91,432,0,82,21,23,62,16,91,0,99,1737
Odisha,Berhampur,2011,20.7067,84.8535,29,96,3,26,40,22,66,94,504,0,26,82,21,279,9,154,0,86,1698
Odisha,Bhadrak,2011,21.0067,85.1535,38,32,0,52,110,5,20,81,310,0,29,78,27,32,24,93,0,138,2377
Odisha,Bolangir,2011,20.9017,85.0485,31,112,0,104,48,12,47,106,350,0,81,68,19,0,6,166,0,44,1958
Odisha,Boudh,2011,21.1017,85.2485,12,12,0,28,38,0,11,22,104,0,14,11,6,153,0,56,0,15,514
Odisha,Cuttack,2011,20.8467,84.9935,49,28,0,68,92,9,61,106,410,0,33,43,19,0,24,26,0,133,2481
Odisha,Dcp Bbsr,2011,21.0767,85.2235,34,63,0,70,80,18,76,213,2382,0,41,122,10,708,13,43,0,32,4057
Odisha,Dcp Ctc,2011,20.8917,85.0385,27,21,13,38,62,12,54,103,1024,0,27,42,3,0,0,17,0,88,2261
Odisha,Deogarh,2011,20.8517,84.9985,14,23,0,30,18,5,9,17,42,0,6,14,4,124,2,68,0,6,477
Odisha,Dhenkanal,2011,21.1317,85.2785,58,59,0,34,64,8,77,84,624,0,67,35,13,32,22,185,0,24,1738
Odisha,Gajapati,2011,20.8317,84.9785,10,10,0,22,12,1,3,20,48,0,29,9,8,62,0,56,0,20,362
Odisha,Ganjam,2011,21.0467,85.1935,85,202,0,100,102,33,88,118,372,0,93,45,36,305,32,358,0,0,2198
Odisha,Jagatsinghpur,2011,20.7617,84.9085,35,24,0,62,94,20,49,88,404,0,45,24,16,127,18,12,0,75,1590
Odisha,Jajpur,2011,21.1767,85.3235,64,17,0,62,98,19,64,121,684,0,33,46,15,942,30,94,0,97,2492
Odisha,Jharsuguda,2011,21.1817,85.3285,29,28,0,54,28,14,49,95,536,0,44,58,10,368,7,45,0,17,1313
Odisha,Kalahandi,2011,20.9067,85.0535,38,34,1,92,46,11,29,74,156,0,74,70,5,382,9,97,0,95,1593
Odisha,Kandhamal,2011,21.0667,85.2135,36,10,0,64,50,6,19,48,142,0,20,30,4,290,9,70,0,41,891
Odisha,Kendrapara,2011,21.0217,85.1685,38,33,0,82,88,18,50,103,264,0,31,16,15,217,36,14,0,147,1763
Odisha,Keonjhar,2011,21.0417,85.1885,102,89,14,150,96,28,89,87,590,0,50,24,17,406,22,134,0,110,2161
Odisha,Khurda,2011,21.1267,85.2735,20,21,10,58,60,12,66,59,338,0,36,29,16,4,10,14,0,139,1620
Odisha,Koraput,2011,20.9817,85.1285,46,42,2,106,80,17,34,96,246,0,64,33,15,16,0,126,0,48,1471
Odisha,Malkangir,2011,21.0667,85.2135,37,30,0,16,20,20,7,20,128,0,56,20,4,0,6,46,0,19,498
Odisha,Mayurbhanj,2011,20.9467,85.0935,103,73,0,152,178,4,24,91,522,0,17,50,18,105,34,227,0,143,2565
Odisha,Nayagarh,2011,20.7817,84.9285,37,40,0,50,60,16,31,49,290,0,29,20,14,405,16,4,0,89,1191
Odisha,Nowrangpur,2011,20.7267,84.8735,34,30,0,88,88,3,11,35,142,0,32,23,6,72,2,80,0,43,1035
Odisha,Nuapada,2011,21.0017,85.1485,17,2,0,8,24,5,11,32,122,0,16,17,4,35,2,51,0,20,776
Odisha,Puri,2011,21.0967,85.2435,49,65,0,42,74,24,106,151,720,0,75,67,10,47,27,16,0,98,2944
Odisha,Rayagada,2011,20.8267,84.9735,38,45,5,64,72,15,16,65,216,0,36,14,6,60,7,106,0,38,1005
Odisha,Rourkela,2011,21.1017,85.2485,68,43,0,52,44,44,40,98,760,0,39,55,3,153,1,63,0,31,1705
Odisha,Sambalpur,2011,21.1217,85.2685,37,54,0,60,26,24,118,167,818,0,79,36,4,396,2,48,0,29,2647
Odisha,Sonepur,2011,20.7717,84.9185,20,21,0,20,8,1,15,34,126,0,28,32,5,116,3,48,0,9,660
Odisha,Srp(Cuttack),2011,20.9017,85.0485,4,3,1,0,6,4,15,10,984,0,2,7,0,16,0,8,0,0,1051
Odisha,Srp(Rourkela),2011,20.9967,85.1435,8,5,0,2,0,5,8,20,580,0,0,6,0,0,1,9,0,3,634
Odisha,Sundargarh,2011,20.7717,84.9185,63,42,1,50,30,6,46,44,344,0,35,11,15,396,5,66,0,7,1239
Punjab,Amritsar,2011,31.634,74.8723,52,41,1,32,42,7,6,60,198,0,0,144,8,209,1,16,0,58,1171
Punjab,Barnala,2011,31.3321,75.5262,11,24,1,10,14,2,0,57,184,0,0,44,2,103,3,6,0,10,824
Punjab,Batala,2011,31.1221,75.3162,28,28,3,26,32,3,2,49,186,0,0,103,10,185,4,8,0,35,858
Punjab,Bhatinda,2011,30.9171,75.1112,48,54,1,74,62,2,8,168,538,0,0,133,2,244,5,11,0,49,1609
Punjab,Cp Amritsar,2011,31.634,74.8723,32,75,0,40,86,16,12,117,780,0,0,261,4,154,4,7,0,101,1807
Punjab,Cp Jalandhar,2011,31.0171,75.2112,29,39,8,30,90,6,23,146,974,0,0,231,10,169,4,19,0,74,1962
Punjab,Cp Ludhiana,2011,30.901,75.8573,76,83,12,96,188,12,14,203,986,0,0,388,7,240,14,25,0,109,3154
Punjab,Faridkot,2011,30.9071,75.1012,17,18,2,16,14,7,1,42,148,0,0,49,2,158,1,10,0,20,760
Punjab,Fatehgarh Sahib,2011,31.0171,75.2112,13,12,2,8,18,7,5,40,204,0,0,62,0,143,4,4,0,21,792
Punjab,Fazilka,2011,30.9721,75.1662,22,21,3,42,50,1,0,60,200,0,0,83,0,195,3,5,0,29,840
Punjab,Ferozpur,2011,31.2371,75.4312,31,45,4,40,64,7,3,91,282,0,0,137,7,233,6,9,0,53,1213
Punjab,G.R.P,2011,31.3271,75.5212,6,3,2,0,2,0,0,1,104,0,0,2,0,9,0,0,0,0,351
Punjab,Gurdaspur,2011,30.9771,75.1712,22,29,6,24,52,1,3,53,100,0,0,85,0,89,6,17,0,38,780
Punjab,Hoshiarpur,2011,31.2071,75.4012,51,43,5,56,62,14,44,118,422,0,0,153,5,290,11,13,0,72,1621
Punjab,Jalandhar,2011,31.3271,75.5212,41,51,4,62,64,14,31,151,386,0,0,146,6,299,6,22,0,57,1602
Punjab,Kapurthala,2011,30.9371,75.1312,33,39,3,32,40,8,29,96,292,0,0,146,0,227,2,10,0,39,1182
Punjab,Khanna,2011,31.1671,75.3612,17,28,4,14,24,6,2,55,238,0,0,81,0,109,1,6,0,10,872
Punjab,Ludhiana,2011,30.901,75.8573,16,30,2,16,30,6,4,45,186,0,0,99,4,91,4,4,0,22,867
Punjab,Mansa,2011,30.9521,75.1462,28,26,1,28,18,4,1,42,98,0,0,60,1,113,4,5,0,13,583
Punjab,Moga,2011,31.1921,75.3862,32,60,3,24,52,6,9,140,464,0,0,149,5,203,5,3,0,26,1338
Punjab,Muktsar,2011,31.0321,75.2262,24,21,8,34,32,3,3,61,172,0,0,62,2,161,7,8,0,16,739
Punjab,Pathankot,2011,31.1971,75.3912,12,9,4,20,30,0,1,30,90,0,0,29,1,54,5,2,0,21,541
Punjab,Patiala,2011,31.0121,75.2062,47,43,12,50,62,16,4,162,562,0,0,266,2,278,13,22,0,95,2653
Punjab,Ropar,2011,30.9021,75.0962,20,16,4,28,50,3,4,61,302,0,0,57,0,115,5,9,0,18,1083
Punjab,Sangrur,2011,31.1871,75.3812,38,52,9,60,50,9,6,147,410,0,0,120,3,240,14,10,0,36,1870
Punjab,Sas Ngr,2011,31.2471,75.4412,31,38,4,48,78,4,4,137,704,0,0,312,0,161,4,13,0,76,2068
Punjab,Sbs Nagar,2011,31.1121,75.3062,18,21,3,16,18,3,17,80,190,0,0,39,2,125,4,6,0,14,729
Punjab,Tarn Taran,2011,30.8971,75.0912,47,48,1,32,38,4,0,76,168,0,0,130,0,160,3,12,0,24,1014
Rajasthan,Ajmer,2011,26.4499,74.6399,50,41,9,140,246,3,17,187,1232,0,11,1014,14,195,15,105,0,709,6627
Rajasthan,Alwar,2011,26.9488,74.1429,104,51,4,198,322,2,30,189,3636,0,9,981,15,2604,53,136,0,556,10643
Rajasthan,Banswara,2011,27.1438,74.3379,34,14,0,110,204,3,7,57,242,0,61,138,22,616,6,59,0,190,2567
Rajasthan,Baran,2011,27.0538,74.2479,24,38,4,120,182,0,7,68,572,0,5,286,9,426,10,158,0,351,3488
Rajasthan,Barmer,2011,27.2438,74.4379,29,27,0,42,68,0,1,82,472,0,3,304,18,456,27,36,0,201,3392
Rajasthan,Bharatpur,2011,27.0638,74.2579,95,83,2,138,386,3,39,69,2936,0,1,750,28,157,29,85,0,478,9120
Rajasthan,Bhilwara,2011,27.1438,74.3379,34,30,5,104,170,1,29,164,1308,0,16,453,15,88,16,90,0,558,4697
Rajasthan,Bikaner,2011,26.9588,74.1529,39,47,15,110,62,1,4,124,588,0,0,525,9,225,17,54,0,446,3831
Rajasthan,Bundi,2011,27.1988,74.3929,22,44,5,80,220,0,5,69,454,0,5,274,13,694,6,114,0,298,3305
Rajasthan,Chittorgarh,2011,26.8788,74.0729,27,37,2,100,232,1,22,135,872,0,41,350,16,726,4,48,0,588,4246
Rajasthan,Churu,2011,27.0738,74.2679,40,46,0,74,66,0,3,110,390,0,2,385,6,416,10,11,0,342,3068
Rajasthan,Dausa,2011,27.0938,74.2879,24,18,6,26,196,11,19,71,1816,0,22,316,12,110,12,17,0,184,5145
Rajasthan,Dholpur,2011,27.0088,74.2029,56,66,1,64,152,14,16,31,840,0,1,187,8,1211,19,12,0,197,3743
Rajasthan,Dungarpur,2011,27.0238,74.2179,24,11,1,78,178,0,11,40,114,0,14,70,21,134,5,57,0,134,2030
Rajasthan,G.R.P.Ajmer,2011,26.4499,74.6399,6,6,0,4,12,1,5,0,1000,0,1,3,0,4,0,9,0,0,1042
Rajasthan,G.R.P.Jodhpur,2011,26.2389,73.0243,4,1,0,0,4,0,1,0,170,0,2,0,0,0,0,7,0,0,182
Rajasthan,Ganganagar,2011,27.0638,74.2579,56,76,1,198,152,0,10,176,730,0,1,945,4,857,19,73,0,653,5433
Rajasthan,Hanumangarh,2011,27.1788,74.3729,53,48,1,164,92,0,6,61,366,0,0,715,2,300,12,66,0,405,3994
Rajasthan,Jaipur East,2011,28.6333,77.2833,23,36,0,62,156,10,64,356,4382,0,75,602,9,100,15,59,0,272,6375
Rajasthan,Jaipur North,2011,28.7,77.1833,17,18,2,40,86,5,32,82,1302,0,31,765,5,290,8,23,0,241,3396
Rajasthan,Jaipur Rural,2011,26.9124,75.7873,49,28,3,74,176,3,30,144,1124,0,14,519,7,388,15,37,0,213,5205
Rajasthan,Jaipur South,2011,28.5333,77.2,16,9,4,36,106,2,35,188,2142,0,20,597,4,118,6,18,0,215,4135
Rajasthan,Jaipur West,2011,28.65,77.1,27,19,0,46,176,3,48,263,1964,0,11,792,6,241,10,25,0,208,4991
Rajasthan,Jaisalmer,2011,26.7738,73.9679,11,8,0,8,14,0,3,43,252,0,14,86,9,227,5,17,0,20,1081
Rajasthan,Jalore,2011,27.0488,74.2429,35,14,0,44,100,0,3,65,340,0,9,191,15,11,14,24,0,154,2465
Rajasthan,Jhalawar,2011,26.8238,74.0179,33,64,1,134,140,7,21,59,732,0,47,179,31,779,14,201,0,385,3596
Rajasthan,Jhunjhunu,2011,26.8438,74.0379,41,35,2,102,158,1,10,110,618,0,11,512,11,427,21,68,0,284,4078
Rajasthan,Jodhpur City,2011,26.2389,73.0243,29,54,6,66,116,1,17,173,1890,0,4,684,12,641,13,57,0,338,4270
Rajasthan,Jodhpur Rural,2011,26.2389,73.0243,21,9,0,52,76,0,6,51,292,0,0,240,14,771,17,28,0,133,2545
Rajasthan,Karauli,2011,27.1438,74.3379,32,44,0,76,216,2,21,33,1238,0,8,178,13,16,18,18,0,174,4402
Rajasthan,Kota City,2011,25.2138,75.8648,35,100,6,48,182,9,15,120,1726,0,2,499,2,144,5,58,0,413,4176
Rajasthan,Kota Rural,2011,25.2138,75.8648,26,57,4,88,118,0,6,38,294,0,0,134,9,225,5,98,0,235,2311
Rajasthan,Nagaur,2011,27.1488,74.3429,44,62,1,140,136,1,12,148,750,0,0,466,11,105,14,66,0,398,4258
Rajasthan,Pali,2011,26.8388,74.0329,31,80,8,128,212,2,32,214,528,0,0,463,4,36,11,84,0,451,5347
Rajasthan,Pratapgarh,2011,27.1088,74.3029,39,31,0,206,158,1,5,53,256,0,21,142,18,413,7,65,0,212,2253
Rajasthan,Rajsamand,2011,26.9338,74.1279,21,20,2,28,104,1,13,59,290,0,22,261,3,505,2,61,0,234,2282
Rajasthan,Sawai Madhopur,2011,26.8038,73.9979,31,30,1,48,178,2,11,48,1076,0,0,266,9,0,4,43,0,201,3725
Rajasthan,Sikar,2011,27.2388,74.4329,49,32,0,100,182,1,9,180,1066,0,22,803,14,275,26,11,0,232,5417
Rajasthan,Sirohi,2011,27.2038,74.3979,19,28,0,54,120,2,6,61,208,0,22,241,9,429,5,76,0,156,1952
Rajasthan,Tonk,2011,26.9938,74.1879,28,14,3,50,158,1,8,93,522,0,49,275,5,879,5,23,0,315,3274
Rajasthan,Udaipur,2011,24.5854,73.7125,83,90,1,220,396,6,88,296,1468,0,174,906,41,1738,14,150,0,444,7939
Sikkim,East,2011,28.6333,77.2833,8,3,3,14,10,0,2,28,80,0,8,20,4,24,0,6,0,2,249
Sikkim,North,2011,28.7,77.1833,1,0,0,0,0,0,0,3,18,0,2,1,0,6,0,1,0,0,46
Sikkim,South,2011,28.5333,77.2,2,3,4,8,8,0,3,24,40,0,10,6,0,24,0,11,0,1,195
Sikkim,West,2011,28.65,77.1,3,1,1,10,2,0,0,5,6,0,5,4,0,21,0,6,0,1,106
Tamil Nadu,Ariyalur,2011,11.2521,78.7819,28,23,0,32,38,0,9,38,188,0,42,16,10,210,1,47,0,15,1953
Tamil Nadu,Chennai,2011,13.0827,80.2707,168,332,1,152,112,3,219,766,5732,0,160,767,7,1466,20,73,0,229,21346
Tamil Nadu,Chennai Rly.,2011,13.0827,80.2707,6,5,0,0,2,1,26,1,432,0,4,5,0,41,1,6,0,0,523
Tamil Nadu,Coimbatore Rural,2011,11.0168,76.9558,39,31,0,10,96,4,112,166,804,0,78,51,0,464,1,43,0,50,4590
Tamil Nadu,Coimbatore Urban,2011,11.0168,76.9558,26,41,0,18,54,0,48,105,1648,0,30,171,23,398,2,32,0,83,4030
Tamil Nadu,Cuddalore,2011,10.9221,78.4519,68,201,0,60,204,2,40,114,690,0,229,43,65,1010,16,12,0,57,9215
Tamil Nadu,Dharmapuri,2011,11.3221,78.8519,55,28,7,28,140,6,34,68,314,0,95,31,21,891,0,44,0,53,3574
Tamil Nadu,Dindigul,2011,11.0971,78.6269,65,81,0,36,100,1,52,97,512,0,93,103,17,533,3,45,0,117,5426
Tamil Nadu,Erode,2011,11.3071,78.8369,47,30,1,20,84,2,63,101,818,0,22,89,8,485,1,35,0,19,6198
Tamil Nadu,Kanchipuram,2011,10.9271,78.4569,87,85,0,38,44,1,22,97,550,0,135,61,12,497,1,25,0,25,6269
Tamil Nadu,Kanyakumari,2011,11.0221,78.5519,44,70,0,20,100,3,114,180,536,0,1,127,21,735,3,7,0,90,5199
Tamil Nadu,Karur,2011,11.1021,78.6319,28,31,0,16,120,0,39,55,366,0,18,34,2,261,1,21,0,22,2574
Tamil Nadu,Krishnagiri,2011,16.1809,81.1303,72,43,0,24,128,3,48,127,580,0,146,84,20,726,7,32,0,29,4506
Tamil Nadu,Madurai Rural,2011,9.9252,78.1198,71,140,1,42,188,21,156,198,710,0,183,209,20,638,12,68,0,73,6165
Tamil Nadu,Madurai Urban,2011,9.9252,78.1198,35,56,0,14,50,1,85,106,910,0,25,183,2,171,5,22,0,71,2873
Tamil Nadu,Nagapattinam,2011,10.9171,78.4469,44,41,0,26,68,0,25,62,328,0,60,14,21,455,5,40,0,12,4153
Tamil Nadu,Namakkal,2011,11.3721,78.9019,38,31,0,16,126,4,29,90,346,0,53,78,12,520,1,58,0,14,4526
Tamil Nadu,Nilgiris,2011,10.8821,78.4119,17,15,0,12,14,0,14,50,130,0,10,13,1,176,0,8,0,4,1324
Tamil Nadu,Perambalur,2011,11.1921,78.7219,14,20,0,14,50,0,32,42,156,0,11,24,4,129,1,18,0,3,1518
Tamil Nadu,Pudukottai,2011,11.3371,78.8669,35,70,1,14,86,2,36,76,338,0,55,37,22,330,0,24,0,18,3573
Tamil Nadu,Ramnathapuram,2011,11.2321,78.7619,42,60,0,12,106,0,22,101,380,0,86,50,40,495,1,14,0,9,3511
Tamil Nadu,Salem Rural,2011,11.6643,78.146,70,74,1,70,216,7,40,112,374,0,231,75,35,1650,4,108,0,51,6222
Tamil Nadu,Salem Urban,2011,11.6643,78.146,28,26,0,46,76,3,60,55,546,0,27,61,2,355,2,21,0,38,3445
Tamil Nadu,Sivagangai,2011,11.3421,78.8719,30,40,1,10,70,5,16,92,400,0,39,69,16,236,1,33,0,43,3074
Tamil Nadu,Thanjavur,2011,11.0871,78.6169,61,97,0,20,92,5,103,233,1176,0,155,45,24,870,1,76,0,12,6528
Tamil Nadu,Theni,2011,10.9271,78.4569,34,113,2,44,176,2,33,125,522,0,68,185,21,666,12,40,0,89,5019
Tamil Nadu,Thirunelveli Rural,2011,10.9821,78.5119,94,196,0,104,112,1,76,203,690,0,4,179,54,1040,8,57,0,120,7943
Tamil Nadu,Thirunelveli Urban,2011,11.2971,78.8269,22,53,0,14,34,1,36,36,184,0,0,75,3,131,0,7,0,2,1234
Tamil Nadu,Thiruvallur,2011,10.9921,78.5219,30,38,3,12,20,2,27,64,252,0,70,61,12,362,7,2,0,12,3453
Tamil Nadu,Thiruvannamalai,2011,11.3571,78.8869,45,49,0,48,150,2,3,76,376,0,136,67,31,635,3,11,0,11,4298
Tamil Nadu,Thiruvarur,2011,11.3171,78.8469,24,38,1,8,42,0,12,85,268,0,26,19,30,467,2,8,0,6,4397
Tamil Nadu,Thoothugudi,2011,10.9971,78.5269,72,216,1,58,84,4,92,218,786,0,0,134,40,587,4,2,0,40,5405
Tamil Nadu,Tiruppur,2011,11.2171,78.7469,47,24,0,18,122,8,98,276,1654,0,52,245,7,421,9,42,0,89,6769
Tamil Nadu,Trichy Rly.,2011,11.1121,78.6419,5,1,0,0,0,0,3,1,208,0,1,0,0,10,0,3,0,1,230
Tamil Nadu,Trichy Rural,2011,11.3421,78.8719,49,77,0,26,118,6,79,121,444,0,39,22,19,306,2,38,0,35,4796
Tamil Nadu,Trichy Urban,2011,10.9771,78.5069,27,21,1,12,56,0,30,55,874,0,10,57,2,142,2,17,0,28,3496
Tamil Nadu,Vellore,2011,11.2471,78.7769,77,72,5,50,168,3,23,186,1120,0,3,81,16,794,5,29,0,44,7672
Tamil Nadu,Villupuram,2011,11.2421,78.7719,87,325,2,172,412,7,64,175,994,0,522,213,53,1340,7,274,0,140,10945
Tamil Nadu,Virudhunagar,2011,11.1371,78.6669,46,68,0,38,110,2,46,95,512,0,90,94,13,524,1,25,0,58,4915
Tripura,Dhalai,2011,24.0858,92.1332,24,13,0,42,32,1,9,20,66,0,2,5,6,96,1,38,0,52,437
Tripura,Grp,2011,23.9708,92.0182,1,0,0,0,0,0,0,0,6,0,1,1,0,2,0,0,0,0,11
Tripura,North,2011,28.7,77.1833,31,9,0,80,62,1,2,26,160,0,13,23,3,178,1,50,0,172,871
Tripura,South,2011,28.5333,77.2,36,31,0,116,68,0,12,56,268,0,65,36,18,455,5,84,0,181,1775
Tripura,West,2011,28.65,77.1,71,22,0,172,146,9,27,125,488,0,94,34,31,609,23,122,0,297,2709
Uttar Pradesh,Agra,2011,27.1767,78.0081,181,182,38,152,790,20,185,381,7412,0,486,386,7,411,87,196,0,341,10593
Uttar Pradesh,Aligarh,2011,27.8974,78.088,168,174,33,132,640,9,91,178,2520,0,316,346,25,293,73,194,0,256,5881
Uttar Pradesh,Allahabad,2011,25.4358,81.8463,156,126,34,134,440,10,88,257,2780,0,218,256,10,439,75,93,0,266,6256
Uttar Pradesh,Ambedkar Nagar,2011,26.8067,80.9062,42,39,10,32,160,2,15,52,226,0,53,57,5,195,16,33,0,88,1283
Uttar Pradesh,Auraiya,2011,27.0267,81.1262,29,20,9,30,152,3,19,16,258,0,11,41,1,90,25,14,0,26,1183
Uttar Pradesh,Azamgarh,2011,26.8117,80.9112,55,40,31,56,240,6,58,76,428,0,145,95,0,307,27,27,0,49,2173
Uttar Pradesh,Badaun,2011,26.9517,81.0512,97,124,40,36,274,4,34,50,312,0,7,87,6,312,48,62,0,59,2599
Uttar Pradesh,Baghpat,2011,26.9667,81.0662,66,87,17,24,176,2,49,65,538,0,74,84,1,157,17,35,0,106,1736
Uttar Pradesh,Bahraich,2011,26.9717,81.0712,53,55,19,114,266,12,28,74,446,0,87,179,23,175,62,49,0,55,2679
Uttar Pradesh,Ballia,2011,26.6167,80.7162,33,53,15,14,132,1,7,66,270,0,57,54,8,168,17,21,0,27,1148
Uttar Pradesh,Balrampur,2011,26.6017,80.7012,16,12,9,20,100,10,8,28,88,0,21,75,6,103,16,13,0,0,657
Uttar Pradesh,Banda,2011,26.8967,80.9962,40,27,19,52,96,2,2,59,242,0,31,38,12,28,29,56,0,31,1281
Uttar Pradesh,Barabanki,2011,26.9967,81.0962,71,52,21,72,284,0,13,60,402,0,6,109,7,337,25,51,0,51,2216
Uttar Pradesh,Bareilly,2011,28.367,79.4304,116,150,40,68,410,3,56,129,1218,0,107,271,0,170,63,92,0,155,5010
Uttar Pradesh,Basti,2011,27.0667,81.1662,21,10,11,14,58,0,15,9,90,0,11,22,7,71,11,5,0,17,796
Uttar Pradesh,Bhim Nagar,2011,26.7917,80.8912,72,90,14,68,228,23,48,65,392,0,36,0,2,31,29,43,0,61,1737
Uttar Pradesh,Bijnor,2011,26.6417,80.7412,85,37,20,78,256,2,35,45,498,0,33,187,6,937,30,14,0,238,2555
Uttar Pradesh,Bulandshahar,2011,26.9167,81.0162,162,175,27,94,436,12,69,108,1002,0,99,216,1,17,50,94,0,362,3898
Uttar Pradesh,Chandoli,2011,26.8267,80.9262,19,13,9,16,40,0,7,24,166,0,5,45,0,148,17,7,0,48,936
Uttar Pradesh,Chitrakoot Dham,2011,26.8017,80.9012,24,6,9,40,50,1,6,51,146,0,9,20,2,10,14,24,0,11,588
Uttar Pradesh,Csm Nagar,2011,26.8817,80.9812,30,36,9,40,198,0,8,40,212,0,51,39,3,180,17,40,0,53,1187
Uttar Pradesh,Deoria,2011,26.9517,81.0512,34,17,12,16,116,4,11,45,200,0,32,69,9,86,27,12,0,24,1188
Uttar Pradesh,Etah,2011,26.7317,80.8312,54,83,18,38,138,1,23,23,382,0,32,54,6,239,30,25,0,57,1695
Uttar Pradesh,Etawah,2011,26.7267,80.8262,59,44,15,26,162,1,18,30,416,0,6,101,2,121,42,28,0,52,2134
Uttar Pradesh,Faizabad,2011,26.9717,81.0712,49,31,18,54,238,6,24,83,460,0,57,89,4,222,11,56,0,21,2049
Uttar Pradesh,Fatehgarh,2011,26.8217,80.9212,61,45,14,32,182,1,12,40,308,0,23,63,3,70,25,35,0,59,1185
Uttar Pradesh,Fatehpur,2011,26.9917,81.0912,64,32,12,80,212,8,30,41,278,0,30,146,3,289,45,55,0,45,2256
Uttar Pradesh,Firozabad,2011,26.9417,81.0412,96,104,23,64,348,8,53,64,778,0,104,137,1,230,43,57,0,83,2969
Uttar Pradesh,G.R.P.,2011,26.7567,80.8562,30,14,9,4,26,34,216,1,6086,0,62,34,0,7,1,38,0,0,6514
Uttar Pradesh,Gautambudh Nagar,2011,26.7517,80.8512,88,106,15,50,282,16,235,170,5934,0,108,319,0,16,25,42,0,102,7324
Uttar Pradesh,Ghaziabad,2011,28.6692,77.4538,162,136,35,44,514,8,135,212,6216,0,113,432,0,16,47,59,0,255,7988
Uttar Pradesh,Ghazipur,2011,27.0167,81.1162,46,29,19,22,42,8,32,29,188,0,50,47,5,90,35,16,0,26,794
Uttar Pradesh,Gonda,2011,27.0567,81.1562,46,51,22,68,258,20,28,98,402,0,67,280,18,380,27,29,0,6,2481
Uttar Pradesh,Gorakhpur,2011,26.8417,80.9412,105,100,31,100,464,6,47,205,2358,0,203,365,11,407,41,71,0,224,5074
Uttar Pradesh,Hamirpur,2011,26.6617,80.7612,34,20,17,24,76,1,4,15,138,0,6,25,8,62,15,33,0,20,638
Uttar Pradesh,Hardoi,2011,26.8567,80.9562,61,51,35,48,260,3,8,62,364,0,25,78,3,265,32,55,0,72,3104
Uttar Pradesh,Hathras,2011,26.7517,80.8512,61,49,10,70,186,11,40,48,420,0,60,74,6,113,24,42,0,84,1595
Uttar Pradesh,J.P.Nagar,2011,26.6467,80.7462,66,36,18,88,122,23,32,39,360,0,20,104,6,311,16,21,0,83,1511
Uttar Pradesh,Jalaun,2011,26.7467,80.8462,38,22,19,14,98,1,11,20,230,0,9,30,4,3,40,18,0,22,1066
Uttar Pradesh,Jaunpur,2011,26.5967,80.6962,41,47,26,28,186,1,19,53,276,0,41,55,15,273,42,22,0,41,1640
Uttar Pradesh,Jhansi,2011,26.7467,80.8462,66,29,11,38,194,4,40,104,774,0,70,84,9,20,28,45,0,52,1934
Uttar Pradesh,Kannauj,2011,26.7917,80.8912,37,41,17,28,214,2,9,31,198,0,39,82,15,19,34,49,0,98,2058
Uttar Pradesh,Kanpur Nagar,2011,26.4499,80.3319,159,140,41,142,686,11,133,319,3476,0,177,510,3,309,69,140,0,284,7661
Uttar Pradesh,Kanshiram Nagar,2011,26.8467,80.9462,46,43,18,44,124,0,13,21,188,0,38,37,11,98,22,33,0,21,984
Uttar Pradesh,Kaushambi,2011,26.9367,81.0362,52,19,11,46,106,1,26,100,214,0,14,53,5,89,22,36,0,31,1410
Uttar Pradesh,Khiri,2011,27.0867,81.1862,89,93,32,70,280,2,25,45,592,0,28,91,10,386,57,76,0,57,2842
Uttar Pradesh,Kushi Nagar,2011,26.6667,80.7662,50,24,26,26,152,3,3,29,222,0,60,84,10,137,35,11,0,31,1529
Uttar Pradesh,Lalitpur,2011,27.0217,81.1212,19,11,13,30,74,0,10,20,120,0,22,31,2,82,14,52,0,26,828
Uttar Pradesh,Lucknow,2011,26.8467,80.9462,119,97,46,110,584,11,61,454,4334,0,182,790,11,43,48,142,0,511,10538
Uttar Pradesh,Maharajganj,2011,26.9817,81.0812,22,10,13,36,86,0,7,20,98,0,9,29,2,56,26,15,0,12,764
Uttar Pradesh,Mahoba,2011,26.7517,80.8512,13,19,16,32,66,2,14,31,136,0,10,37,0,1,15,41,0,31,644
Uttar Pradesh,Mainpuri,2011,26.7667,80.8662,82,74,24,66,222,2,65,55,536,0,61,79,9,190,34,52,0,52,2212
Uttar Pradesh,Mathura,2011,26.7617,80.8612,113,125,13,78,290,3,73,91,1464,0,132,262,0,186,36,76,0,226,4546
Uttar Pradesh,Mau,2011,27.0717,81.1712,28,70,15,38,132,0,23,68,340,0,79,47,0,175,7,31,0,64,1270
Uttar Pradesh,Meerut,2011,28.9845,77.7064,189,235,25,158,646,10,235,247,4890,0,238,444,7,24,36,99,0,400,7607
Uttar Pradesh,Mirzapur,2011,26.6967,80.7962,28,3,10,6,10,0,2,20,130,0,1,48,2,101,20,3,0,34,1012
Uttar Pradesh,Moradabad,2011,27.0267,81.1262,103,89,19,110,366,26,119,111,1734,0,87,151,5,84,30,48,0,210,3618
Uttar Pradesh,Muzaffarnagar,2011,26.9667,81.0662,126,166,13,38,476,2,64,71,1016,0,165,243,2,9,25,37,0,203,4079
Uttar Pradesh,Panchshil Nagar,2011,26.8017,80.9012,61,72,10,36,200,4,55,61,706,0,58,139,3,22,15,25,0,72,2059
Uttar Pradesh,Pilibhit,2011,26.6317,80.7312,46,32,7,24,138,0,10,15,210,0,9,154,0,3,39,31,0,69,2633
Uttar Pradesh,Prabuddh Nagar,2011,26.7967,80.8962,57,65,12,22,132,5,55,22,414,0,53,63,3,9,10,13,0,83,1286
Uttar Pradesh,Pratapgarh,2011,26.9317,81.0312,58,56,17,48,180,2,19,59,322,0,80,63,13,345,31,35,0,121,1854
Uttar Pradesh,Raibareilly,2011,28.367,79.4304,36,28,17,58,120,2,10,42,260,0,36,54,0,194,16,36,0,51,1553
Uttar Pradesh,Ramabai Nagar,2011,26.8267,80.9262,50,27,20,42,180,6,13,18,244,0,32,41,9,386,29,35,0,65,1950
Uttar Pradesh,Rampur,2011,26.9317,81.0312,79,91,8,86,242,15,72,87,774,0,84,204,0,2,26,27,0,86,2514
Uttar Pradesh,Saharanpur,2011,26.9567,81.0562,78,78,21,42,180,4,31,50,872,0,58,182,0,12,32,16,0,135,3079
Uttar Pradesh,Sant Kabirnagar,2011,27.0467,81.1462,17,18,12,34,96,0,9,27,94,0,25,24,5,149,6,12,0,19,792
Uttar Pradesh,Shahjahanpur,2011,27.0667,81.1662,87,108,24,80,282,6,21,57,502,0,41,108,37,256,47,54,0,28,2620
Uttar Pradesh,Shrawasti,2011,26.7067,80.8062,18,13,9,32,80,0,5,28,102,0,9,38,8,137,16,26,0,1,576
Uttar Pradesh,Sidharthnagar,2011,26.8717,80.9712,14,6,10,18,84,0,5,27,124,0,10,16,0,20,17,21,0,29,661
Uttar Pradesh,Sitapur,2011,26.7667,80.8662,102,68,26,132,464,5,40,89,694,0,49,100,24,235,60,131,0,138,3394
Uttar Pradesh,Sonbhadra,2011,27.0867,81.1862,18,11,18,38,52,0,4,29,168,0,4,77,5,59,8,21,0,16,905
Uttar Pradesh,St.Ravidasnagar,2011,26.7517,80.8512,8,9,8,4,14,0,2,14,98,0,7,27,0,29,11,3,0,10,348
Uttar Pradesh,Sultanpur,2011,26.6517,80.7512,41,57,19,42,104,2,17,59,394,0,42,51,20,251,14,23,0,58,1551
Uttar Pradesh,Unnao,2011,27.0117,81.1112,61,48,33,72,224,1,6,57,372,0,44,104,5,119,30,66,0,85,2191
Uttar Pradesh,Varanasi,2011,25.3176,82.9739,48,53,18,22,184,4,33,76,1114,0,58,285,6,218,41,17,0,136,3021
Uttarakhand,Almora,2011,30.2868,79.2393,2,0,1,6,4,0,3,10,24,0,0,15,3,4,6,4,0,6,122
Uttarakhand,Bageshwar,2011,30.0068,78.9593,1,0,1,4,4,0,0,4,4,0,0,1,0,8,2,2,0,4,48
Uttarakhand,Chamoli,2011,30.1168,79.0693,4,2,0,4,2,0,1,8,26,0,3,8,0,7,0,2,0,2,80
Uttarakhand,Champawat,2011,30.0868,79.0393,2,6,0,8,6,0,1,7,26,0,0,1,0,23,0,2,0,4,90
Uttarakhand,Dehradun,2011,30.0068,78.9593,25,35,16,62,110,1,23,98,962,0,66,176,1,202,10,16,0,101,1969
Uttarakhand,Haridwar,2011,29.9968,78.9493,56,58,13,52,190,9,89,79,1266,0,161,148,5,413,22,30,0,58,2632
Uttarakhand,Nainital,2011,30.2268,79.1793,17,14,8,20,48,0,16,20,316,0,27,34,0,26,15,4,0,19,768
Uttarakhand,Pauri Garhwal,2011,30.0418,78.9943,6,1,4,2,10,0,0,11,96,0,20,21,2,18,2,6,0,6,209
Uttarakhand,Pithoragarh,2011,29.9918,78.9443,5,3,1,18,8,0,3,9,22,0,4,7,5,38,5,8,0,5,157
Uttarakhand,Rudra Prayag,2011,30.2318,79.1843,5,3,2,6,8,0,1,14,10,0,3,3,1,3,3,6,0,6,94
Uttarakhand,Tehri Garhwal,2011,29.8518,78.8043,4,1,0,6,2,0,4,6,12,0,6,8,0,2,1,1,0,1,97
Uttarakhand,Udhamsingh Nagar,2011,29.8868,78.8393,49,65,7,62,232,4,38,71,1408,0,106,95,0,106,17,33,0,94,2433
Uttarakhand,Uttarkashi,2011,29.9568,78.9093,2,1,1,8,4,0,0,5,14,0,5,2,0,2,0,2,0,1,75
West Bengal,24 Parganas North,2011,28.7,77.1833,232,215,126,406,1174,182,117,27,5836,0,720,440,41,238,88,218,0,2847,17412
West Bengal,24 Parganas South,2011,28.5333,77.2,247,3,33,548,698,118,32,4,4576,0,1445,159,26,207,43,121,0,2793,15252
West Bengal,Asansol,2011,23.0618,87.93,58,3,11,62,128,79,23,9,1282,0,99,76,0,173,10,30,0,461,3381
West Bengal,Bankura,2011,23.1418,88.01,67,45,3,88,84,22,33,22,532,0,183,39,11,298,16,83,0,195,2296
West Bengal,Birbhum,2011,22.9968,87.865,93,83,34,88,116,47,30,7,706,0,139,37,29,429,25,63,0,337,2511
West Bengal,Burdwan,2011,23.2324,87.8615,90,19,16,104,202,93,33,9,924,0,274,107,14,22,16,21,0,665,3997
West Bengal,Coochbehar,2011,23.0968,87.965,53,112,13,266,388,7,13,9,560,0,37,63,31,20,25,76,0,494,3354
West Bengal,Dakshin Dinajpur,2011,23.1118,87.98,42,92,14,110,242,8,10,9,396,0,28,32,9,194,11,77,0,283,2336
West Bengal,Darjeeling,2011,22.8568,87.725,57,0,8,98,176,19,24,10,1232,0,56,36,9,822,4,51,0,337,3555
West Bengal,Hooghly,2011,22.7518,87.62,112,31,21,108,260,104,24,10,1606,0,596,267,53,28,21,38,0,816,5391
West Bengal,Howrah,2011,22.5958,88.2636,39,38,9,70,258,37,40,66,1188,0,153,136,5,32,26,75,0,644,5447
West Bengal,Howrah City,2011,22.5958,88.2636,38,0,12,48,220,52,36,34,2240,0,74,197,8,38,2,2,0,411,4709
West Bengal,Howrah G.R.P.,2011,22.5958,88.2636,6,9,1,2,16,2,7,0,1046,0,1,10,0,0,0,5,0,1,1099
West Bengal,Jalpaiguri,2011,23.0118,87.88,108,79,27,422,586,9,37,50,3042,0,54,109,33,320,13,223,0,947,7886
West Bengal,Kharagpur G.R.P.,2011,22.7668,87.635,4,0,1,0,4,3,8,0,340,0,3,0,0,0,0,5,0,1,362
West Bengal,Kolkata,2011,22.5726,88.3639,54,85,28,92,296,45,34,63,7064,0,336,1625,0,2271,11,254,0,557,17152
West Bengal,Malda,2011,23.2168,88.085,98,108,15,358,486,33,16,9,820,0,88,53,22,256,14,38,0,762,4496
West Bengal,Murshidabad,2011,23.1218,87.99,145,637,28,866,1132,100,47,13,2218,0,252,189,45,4012,49,621,0,2956,14154
West Bengal,Nadia,2011,22.7418,87.61,136,375,26,370,1000,65,43,20,2746,0,207,291,13,2668,65,128,0,1923,12271
West Bengal,Paschim Midnapur,2011,22.8668,87.735,171,111,23,106,282,52,70,39,1370,0,640,85,34,174,27,89,0,803,5494
West Bengal,Purab Midnapur,2011,22.7768,87.645,84,13,19,130,350,34,26,29,774,0,461,118,0,0,22,18,0,835,4665
West Bengal,Purulia,2011,23.0368,87.905,93,0,4,130,104,31,29,6,530,0,129,60,10,0,3,64,0,197,1895
West Bengal,Sealdah G.R.P.,2011,23.1718,88.04,13,6,2,2,16,10,2,0,754,0,14,9,0,50,0,7,0,1,876
West Bengal,Siliguri G.R.P.,2011,26.7271,88.3953,3,0,0,0,8,0,0,0,300,0,1,0,0,0,0,4,0,0,312
West Bengal,Uttar Dinajpur,2011,22.8868,87.755,66,178,12,252,344,23,26,10,810,0,29,33,20,842,19,52,0,506,3885
Andaman & Nicobar Islands,Andaman,2011,11.6001,92.5186,14,5,2,26,30,1,1,96,172,0,11,31,6,77,0,14,0,5,771
Andaman & Nicobar Islands,Nicobar,2011,11.9651,92.8836,0,1,0,0,0,0,0,3,4,0,0,1,0,4,0,1,0,0,22
Chandigarh,Chandigarh,2011,30.7333,76.7794,24,40,6,54,116,8,68,285,3004,0,66,255,9,45,2,21,0,46,3974
Dadra & Nagar Haveli,D And N Haveli,2011,20.0959,72.9319,14,2,0,8,18,7,2,22,138,0,20,18,5,25,0,2,0,3,372
Daman & Diu,Daman,2011,20.1933,72.6047,6,1,0,2,4,4,4,24,74,0,15,7,0,9,0,0,0,2,170
Daman & Diu,Diu,2011,20.6133,73.0247,0,0,0,0,2,0,2,7,20,0,4,3,0,2,0,0,0,0,54
Delhi,Caw,2011,20.5937,78.9629,0,0,0,2,0,0,0,0,0,0,0,0,0,0,0,1,0,128,130
Delhi,Central,2011,28.65,77.2167,25,15,10,32,308,0,26,39,2616,0,2,143,0,146,3,32,0,29,3352
Delhi,Crime Branch,2011,20.5937,78.9629,1,4,0,2,0,0,0,0,6,0,0,77,0,0,0,0,0,0,121
Delhi,East,2011,28.6333,77.2833,54,53,6,110,786,8,67,154,6980,0,10,193,5,190,14,78,0,160,8610
Delhi,Eow,2011,20.5937,78.9629,0,0,0,0,0,0,0,0,0,0,0,147,0,0,0,0,0,0,149
Delhi,Grp(Rly),2011,20.5937,78.9629,10,3,0,8,50,3,21,4,1492,0,0,9,0,4,1,7,0,0,1604
Delhi,Igi Airport,2011,20.5937,78.9629,1,0,0,0,6,0,0,0,134,0,1,435,0,1,0,8,0,0,578
Delhi,New Delhi,2011,28.6139,77.209,6,4,3,4,66,1,12,38,836,0,3,126,0,18,1,17,0,5,1181
Delhi,North,2011,28.7,77.1833,38,19,3,22,354,2,38,59,2352,0,1,153,2,133,4,15,0,88,3173
Delhi,North-East,2011,28.7,77.1833,66,43,9,138,1060,10,55,76,5404,0,3,101,1,288,21,88,0,254,7245
Delhi,North-West,2011,28.7,77.1833,51,36,2,116,662,4,89,180,4536,0,1,165,3,132,10,48,0,117,5975
Delhi,Outer,2011,20.5937,78.9629,84,60,10,146,1154,8,74,260,4440,0,4,167,8,248,34,65,0,196,6653
Delhi,South,2011,28.5333,77.2,30,25,5,130,444,6,31,203,4504,0,4,211,2,124,11,50,0,59,5714
Delhi,South-East,2011,28.5333,77.2,61,33,6,150,956,7,54,147,4874,0,6,262,8,270,19,127,0,108,6828
Delhi,South-West,2011,28.5333,77.2,51,44,5,138,782,1,52,158,2468,0,10,172,6,131,11,56,0,144,4013
Delhi,Stf,2011,20.5937,78.9629,1,2,0,0,0,0,0,0,0,0,0,4,0,0,0,0,0,0,14
Delhi,West,2011,28.65,77.1,64,45,12,146,906,8,43,101,5156,0,5,225,7,261,13,65,0,287,6967
Lakshadweep,Lakshadweep,2011,10.6667,72.7417,0,1,0,0,0,0,0,0,8,0,5,0,3,3,0,0,0,0,44
Puducherry,Karaikal,2011,11.8266,79.6933,0,2,2,0,2,0,2,9,84,0,30,5,4,222,0,10,0,1,753
Puducherry,Puducherry,2011,11.7716,79.6383,32,20,10,14,22,15,9,56,1330,0,95,49,6,631,1,25,0,9,3609
Andhra Pradesh,Adilabad,2012,15.9979,79.825,81,80,14,176,164,2,14,240,746,0,56,216,35,2172,7,90,0,498,5710
Andhra Pradesh,Anantapur,2012,14.6819,77.6006,173,123,3,36,148,15,6,211,1162,0,41,168,24,2018,19,195,0,130,5441
Andhra Pradesh,Chittoor,2012,13.2172,79.1003,91,75,5,56,112,3,10,136,1002,0,32,217,27,622,33,90,0,339,4465
Andhra Pradesh,Cuddapah,2012,14.4673,78.8242,118,96,2,52,152,4,9,136,1026,0,114,332,6,2355,13,217,0,120,6110
Andhra Pradesh,Cyberabad,2012,15.7929,79.62,198,113,10,150,316,14,86,1101,8922,0,28,1762,48,4013,45,183,0,976,17979
Andhra Pradesh,East Godavari,2012,16.9891,82.2475,70,94,3,142,108,1,16,345,1722,0,31,204,38,2222,17,248,0,536,6945
Andhra Pradesh,Guntakal Rly.,2012,15.6979,79.525,7,0,0,2,2,1,3,0,536,0,1,0,1,11,1,1,0,2,564
Andhra Pradesh,Guntur,2012,16.3067,80.4365,96,68,1,46,126,0,6,146,1416,0,31,261,33,2309,21,252,0,656,7371
Andhra Pradesh,Guntur Urban,2012,16.3067,80.4365,56,53,3,48,84,2,29,155,1808,0,11,294,15,1072,9,84,0,687,4687
Andhra Pradesh,Hyderabad City,2012,17.385,78.4867,102,166,6,148,176,12,57,647,7388,0,354,2131,101,3381,23,145,0,1339,15992
Andhra Pradesh,Karimnagar,2012,15.7029,79.53,128,112,11,80,282,4,25,326,1720,0,112,678,63,2636,46,224,0,759,8991
Andhra Pradesh,Khammam,2012,15.9129,79.74,130,110,7,156,146,5,14,284,1056,0,150,251,33,1956,13,233,0,231,6041
Andhra Pradesh,Krishna,2012,16.1809,81.1303,78,53,1,134,134,2,9,263,1346,0,26,218,52,2601,16,341,0,791,7211
Andhra Pradesh,Kurnool,2012,15.8281,78.0373,111,143,4,44,116,3,18,246,1036,0,71,329,34,2382,15,331,0,166,6687
Andhra Pradesh,Mahaboobnagar,2012,15.6679,79.495,182,90,15,112,152,3,16,235,1922,0,58,189,38,1870,27,154,0,204,6485
Andhra Pradesh,Medak,2012,16.1279,79.955,113,43,5,52,108,6,17,409,1386,0,130,324,52,1674,20,112,0,475,6070
Andhra Pradesh,Nalgonda,2012,16.0579,79.885,86,88,6,104,178,9,20,323,1604,0,115,400,70,2995,20,246,0,302,8934
Andhra Pradesh,Nellore,2012,14.4426,79.9865,94,86,1,46,180,5,42,292,1666,0,22,163,45,2550,9,210,0,405,6854
Andhra Pradesh,Nizamabad,2012,15.6979,79.525,113,48,12,70,76,4,15,345,1226,0,66,297,47,1332,19,100,0,596,5542
Andhra Pradesh,Prakasham,2012,15.5057,80.0499,108,117,5,74,168,2,27,258,1348,0,41,362,19,2523,16,213,0,263,6675
Andhra Pradesh,Rajahmundry,2012,16.0529,79.88,23,25,3,26,18,0,7,120,674,0,0,93,5,734,3,49,0,183,2125
Andhra Pradesh,Ranga Reddy,2012,15.9379,79.765,72,27,5,54,44,5,11,148,350,0,22,79,26,600,16,58,0,152,2094
Andhra Pradesh,Secunderabad Rly.,2012,15.7279,79.555,4,0,0,4,0,0,3,0,1574,0,0,4,0,9,0,5,0,0,1598
Andhra Pradesh,Srikakulam,2012,15.9979,79.825,35,40,1,78,36,1,9,112,358,0,9,107,21,1511,3,116,0,312,3818
Andhra Pradesh,Tirupathi Urban,2012,16.0029,79.83,37,29,2,24,50,0,13,188,1260,0,22,172,6,672,6,21,0,96,2609
Andhra Pradesh,Vijayawada City,2012,16.0329,79.86,42,56,6,94,132,1,60,221,2770,0,16,416,33,1961,16,223,0,1136,7686
Andhra Pradesh,Vijayawada Rly.,2012,16.0229,79.85,7,1,0,0,6,3,4,0,1194,0,0,0,0,18,0,5,0,1,1233
Andhra Pradesh,Visakha Rural,2012,16.0429,79.87,67,29,4,54,44,0,3,120,448,0,52,84,13,992,9,67,0,134,2733
Andhra Pradesh,Visakhapatnam,2012,17.6868,83.2185,44,27,1,100,54,14,27,366,2124,0,12,252,10,1207,11,23,0,412,4626
Andhra Pradesh,Vizianagaram,2012,18.1067,83.3956,44,36,7,88,42,2,4,162,526,0,1,118,15,1504,3,96,0,363,4482
Andhra Pradesh,Warangal,2012,16.0379,79.865,75,47,10,112,132,3,22,262,776,0,173,197,25,1482,20,117,0,101,4722
Andhra Pradesh,Warangal Urban,2012,16.1579,79.985,41,17,1,60,82,2,14,193,842,0,70,281,8,1071,9,71,0,267,3583
Andhra Pradesh,West Godavari,2012,16.7107,81.0952,91,91,4,260,172,4,52,452,2016,0,11,403,37,2313,19,296,0,757,7867
Arunachal Pradesh,Anjaw,2012,28.338,94.8478,0,0,0,0,2,0,0,3,4,0,0,0,0,3,0,0,0,0,15
Arunachal Pradesh,Changlang,2012,28.178,94.6878,7,6,0,12,24,2,4,22,62,0,4,4,0,42,1,5,0,4,223
Arunachal Pradesh,Dibang Valley,2012,27.973,94.4828,4,0,0,4,10,2,2,8,32,0,0,1,1,13,0,2,0,1,78
Arunachal Pradesh,K/Kumey,2012,28.318,94.8278,1,0,0,4,2,1,0,0,10,0,0,1,0,6,0,1,0,0,29
Arunachal Pradesh,Kameng East,2012,28.6333,77.2833,9,1,1,12,4,2,4,8,18,0,0,8,0,43,0,1,0,0,140
Arunachal Pradesh,Kameng West,2012,28.65,77.1,6,1,0,0,6,1,1,11,28,0,0,1,0,30,0,1,0,2,112
Arunachal Pradesh,Lohit,2012,28.248,94.7578,11,4,0,6,24,1,7,28,76,0,0,5,0,20,0,11,0,2,226
Arunachal Pradesh,Papum Pare,2012,28.193,94.7028,4,5,0,14,40,4,15,30,204,0,10,40,17,62,0,8,0,3,505
Arunachal Pradesh,Rural,2012,23.05,72.45,6,1,0,12,8,0,1,9,22,0,2,6,2,20,0,8,0,1,104
Arunachal Pradesh,Siang East,2012,28.6333,77.2833,5,0,0,12,2,2,6,16,92,0,0,2,1,16,0,4,0,1,170
Arunachal Pradesh,Siang Upper,2012,28.393,94.9028,1,1,0,2,6,1,0,6,22,0,5,3,1,7,0,0,0,3,55
Arunachal Pradesh,Siang West,2012,28.65,77.1,4,1,0,4,8,0,8,18,76,0,4,2,4,54,0,6,0,7,218
Arunachal Pradesh,Subansiri Lower,2012,28.008,94.5178,4,1,0,0,8,1,7,12,24,0,0,4,3,33,0,5,0,2,136
Arunachal Pradesh,Subansiri Upper,2012,28.273,94.7828,3,0,0,8,8,0,4,5,38,0,0,3,3,61,0,11,0,0,168
Arunachal Pradesh,Tawang,2012,28.023,94.5328,2,0,0,0,0,0,1,8,32,0,1,1,0,2,0,1,0,0,47
Arunachal Pradesh,Tirap,2012,28.038,94.5478,6,7,0,2,12,3,5,26,62,0,2,4,1,25,0,2,0,0,187
Arunachal Pradesh,Upper Dibang Valley,2012,28.313,94.8228,0,1,0,0,0,0,0,5,2,0,0,0,0,1,0,1,0,0,12
Assam,Baksa,2012,26.3556,93.0926,38,7,0,66,124,5,14,22,208,0,3,14,4,66,3,4,0,15,664
Assam,Barpeta,2012,26.1156,92.8526,34,21,1,196,450,18,42,165,428,0,314,83,39,225,5,67,0,638,4764
Assam,Bieo,2012,26.3906,93.1276,0,0,0,0,0,0,0,0,0,0,0,0,0,0,0,0,0,0,16
Assam,Bongaigaon,2012,26.1806,92.9176,17,9,0,100,146,10,5,63,294,0,54,21,7,150,6,15,0,169,1381
Assam,C.I.D.,2012,26.2506,92.9876,1,0,0,8,4,0,0,0,10,0,0,0,0,0,0,0,0,0,65
Assam,Cachar,2012,26.0356,92.7726,72,0,0,188,350,13,13,264,1146,0,226,75,18,475,19,11,0,551,4658
Assam,Chirang,2012,26.4106,93.1476,40,4,0,48,80,5,6,59,126,0,23,6,29,16,0,11,0,78,718
Assam,Darrang,2012,26.1256,92.8626,36,3,0,176,382,9,16,160,320,0,48,97,10,300,9,246,0,387,2607
Assam,Dhemaji,2012,26.1956,92.9326,24,10,0,148,174,5,15,40,202,0,11,32,7,96,2,17,0,82,1107
Assam,Dhubri,2012,26.3056,93.0426,65,46,1,318,630,13,20,189,508,0,572,144,56,590,13,218,0,729,4633
Assam,Dibrugarh,2012,26.2906,93.0276,81,33,2,100,268,8,25,117,1120,0,24,33,23,256,0,138,0,316,2997
Assam,G.R.P.,2012,26.1106,92.8476,15,0,0,6,8,4,16,8,308,0,33,46,10,3,2,3,0,10,511
Assam,Goalpara,2012,26.2456,92.9826,55,44,3,130,168,22,32,134,586,0,108,56,32,170,3,97,0,323,2415
Assam,Golaghat,2012,26.0206,92.7576,58,34,0,120,362,10,54,100,462,0,16,58,25,474,1,72,0,226,2245
Assam,Guwahati City,2012,26.3806,93.1176,83,6,3,156,682,14,275,816,4852,0,40,330,11,320,9,90,0,237,8730
Assam,Hailakandi,2012,26.0156,92.7526,24,13,0,112,192,11,6,33,298,0,176,40,15,51,6,52,0,125,1322
Assam,Hamren,2012,26.2656,93.0026,9,0,0,6,32,0,3,19,72,0,3,1,3,21,0,2,0,3,169
Assam,Jorhat,2012,26.3456,93.0826,36,36,0,84,212,3,41,124,870,0,11,117,14,332,1,53,0,254,2612
Assam,Kamrup,2012,26.4406,93.1776,48,11,2,108,242,14,22,125,722,0,58,61,9,173,5,70,0,172,5022
Assam,Karbi Anglong,2012,26.2156,92.9526,35,24,1,56,116,4,5,34,354,0,16,10,7,53,0,4,0,30,824
Assam,Karimganj,2012,26.1356,92.8726,36,22,0,64,170,15,9,122,394,0,59,29,21,106,11,4,0,262,2210
Assam,Kokrajhar,2012,26.2256,92.9626,110,42,0,54,180,4,6,77,440,0,2818,28,2350,97,3,31,0,84,6459
Assam,Lakhimpur,2012,26.0006,92.7376,37,10,13,124,256,6,15,105,368,0,18,12,0,86,0,25,0,19,1968
Assam,Morigaon,2012,26.1006,92.8376,20,33,0,116,176,6,13,58,196,0,109,50,3,436,4,25,0,115,1449
Assam,N.C.Hills,2012,26.2206,92.9576,15,13,11,10,46,0,0,16,70,0,7,10,4,38,0,0,0,0,249
Assam,Nagaon,2012,26.1956,92.9326,74,86,9,346,702,39,93,337,1080,0,184,109,63,828,10,245,0,875,5980
Assam,Nalbari,2012,25.9856,92.7226,22,3,1,68,202,7,25,110,354,0,27,47,5,339,3,83,0,131,1801
Assam,R.P.O.,2012,26.3806,93.1176,2,0,0,0,16,2,0,4,8,0,0,0,0,0,0,0,0,0,100
Assam,Sibsagar,2012,26.2106,92.9476,71,60,0,156,336,5,32,145,854,0,24,98,17,282,5,134,0,269,2686
Assam,Sonitpur,2012,26.0556,92.7926,91,41,1,194,482,14,34,220,928,0,72,46,29,341,11,39,0,124,3980
Assam,Tinsukia,2012,26.1906,92.9276,86,32,6,128,320,5,61,128,992,0,10,32,8,202,1,43,0,137,2544
Assam,Udalguri,2012,26.0806,92.8176,33,27,0,46,116,2,9,31,218,0,13,20,11,150,8,41,0,46,815
Bihar,Araria,2012,25.1911,85.4081,81,107,15,106,244,9,16,39,440,0,190,34,38,514,21,8,0,32,2526
Bihar,Arwal,2012,25.0961,85.3131,20,72,5,10,52,1,6,29,120,0,32,16,4,375,13,0,0,22,858
Bihar,Aurangabad,2012,19.8762,75.3433,89,192,2,44,142,32,45,73,660,0,320,95,22,1148,27,2,0,110,3279
Bihar,Bagaha,2012,25.1661,85.3831,43,0,0,22,152,2,8,48,252,0,150,22,43,43,9,0,0,37,1729
Bihar,Banka,2012,24.9861,85.2031,76,35,3,34,104,16,24,45,272,0,201,39,12,787,17,0,0,37,1801
Bihar,Begusarai,2012,24.8611,85.0781,120,261,0,22,286,14,53,107,850,0,295,46,29,1469,27,0,0,79,3717
Bihar,Bettiah,2012,25.1611,85.3781,83,150,5,70,332,8,24,136,1306,0,483,115,20,2392,28,0,0,20,5119
Bihar,Bhabhua,2012,25.2011,85.4181,48,43,23,20,90,3,16,54,476,0,129,16,28,902,21,0,0,42,1867
Bihar,Bhagalpur,2012,25.2425,86.9842,99,77,6,62,264,13,51,140,720,0,271,99,14,762,24,0,0,119,3134
Bihar,Bhojpur,2012,25.2511,85.4681,71,121,6,18,148,14,21,115,690,0,137,78,18,2188,38,0,0,56,3846
Bihar,Buxar,2012,25.1611,85.3781,56,110,7,42,178,13,36,107,612,0,218,81,38,345,28,29,0,86,2566
Bihar,Darbhanga,2012,26.1542,85.8918,78,407,24,88,414,14,46,86,920,0,812,174,25,1894,34,0,0,377,6314
Bihar,Gaya,2012,24.7914,85.0002,153,39,4,70,308,43,46,147,1374,0,397,165,7,772,53,0,0,92,6082
Bihar,Gopalganj,2012,24.8761,85.0931,103,37,3,40,270,13,17,71,548,0,339,130,21,2173,43,0,0,190,3959
Bihar,Jamalpur Rly.,2012,25.2211,85.4381,8,9,0,2,4,3,8,0,372,0,4,0,0,28,0,0,0,0,438
Bihar,Jamui,2012,25.0011,85.2181,79,137,16,54,112,15,34,55,298,0,181,55,16,482,18,2,0,65,1752
Bihar,Jehanabad,2012,25.0061,85.2231,46,12,2,16,94,4,14,29,320,0,103,17,3,647,24,0,0,37,1448
Bihar,Katihar,2012,24.8661,85.0831,91,94,2,146,274,15,32,62,800,0,229,86,32,1662,24,1,0,111,4072
Bihar,Katihar Rly.,2012,25.1661,85.3831,13,1,1,0,16,3,4,3,332,0,1,5,1,34,0,1,0,1,413
Bihar,Khagaria,2012,25.3311,85.5481,65,72,2,36,106,7,19,14,268,0,151,29,14,1151,12,0,0,41,2257
Bihar,Kishanganj,2012,25.3061,85.5231,39,0,1,64,144,8,6,51,300,0,174,10,2,227,19,0,0,50,1420
Bihar,Lakhisarai,2012,25.0211,85.2381,40,86,2,26,78,7,13,26,214,0,141,48,6,290,10,3,0,55,1238
Bihar,Madhepura,2012,25.2561,85.4731,56,130,4,62,154,12,37,30,406,0,314,58,12,1102,15,0,0,46,2373
Bihar,Madhubani,2012,25.1111,85.3281,77,71,0,62,382,19,20,102,854,0,454,30,5,2109,27,0,0,195,4887
Bihar,Motihari,2012,24.8911,85.1081,124,735,6,44,466,28,46,213,1106,0,728,182,21,1468,67,0,0,156,7833
Bihar,Munger,2012,25.1211,85.3381,68,32,3,18,130,9,28,33,332,0,140,90,1,415,8,1,0,40,1829
Bihar,Muzaffarpur,2012,26.1209,85.3647,198,611,12,68,558,49,73,284,2938,0,427,292,8,2219,83,0,0,80,7725
Bihar,Muzaffarpur Rly.,2012,26.1209,85.3647,11,0,2,4,2,3,10,3,602,0,12,11,0,0,0,0,0,0,658
Bihar,Nalanda,2012,24.8611,85.0781,114,75,34,22,226,8,16,67,538,0,174,220,14,2540,79,7,0,116,4993
Bihar,Naugachia,2012,25.0361,85.2531,47,95,12,4,42,2,8,17,120,0,119,41,4,637,10,0,0,64,1494
Bihar,Nawadah,2012,24.9511,85.1681,82,30,4,36,178,6,18,52,374,0,261,102,12,602,29,0,0,13,2729
Bihar,Patna,2012,25.5941,85.1376,356,86,17,98,752,38,119,552,6228,0,522,748,12,4157,97,19,0,377,14015
Bihar,Patna Rly.,2012,25.5941,85.1376,11,9,0,4,16,10,9,0,1554,0,11,13,0,13,3,16,0,2,1650
Bihar,Purnea,2012,25.7771,87.4753,97,228,2,78,284,19,17,68,342,0,175,143,137,2014,17,8,0,0,3953
Bihar,Rohtas,2012,24.9529,84.015,132,214,4,52,260,23,34,183,1166,0,222,78,12,593,44,15,0,92,3665
Bihar,Saharsa,2012,25.0861,85.3031,53,198,6,32,190,1,35,44,388,0,251,74,14,303,10,0,0,72,2421
Bihar,Samastipur,2012,25.1461,85.3631,99,241,15,48,262,12,38,55,702,0,320,82,57,428,34,0,0,114,4817
Bihar,Saran,2012,25.1211,85.3381,128,289,13,46,356,18,37,144,1302,0,370,93,32,734,74,0,0,138,5254
Bihar,Sheikhpura,2012,25.0111,85.2281,30,88,2,20,78,6,8,34,146,0,65,28,1,426,8,0,0,37,1189
Bihar,Sheohar,2012,25.1761,85.3931,20,6,0,4,64,7,6,9,152,0,51,6,7,329,9,3,0,9,661
Bihar,Sitamarhi,2012,24.9911,85.2081,97,35,7,40,334,33,41,118,964,0,170,24,28,2047,30,0,0,100,3982
Bihar,Siwan,2012,25.2711,85.4881,112,55,0,40,386,8,33,108,860,0,379,154,4,75,64,2,0,101,4379
Bihar,Supaul,2012,25.3161,85.5331,31,9,0,40,236,11,14,53,466,0,316,50,9,1243,15,0,0,79,2626
Bihar,Vaishali,2012,25.0111,85.2281,122,153,13,40,446,15,80,152,1650,0,432,54,16,2088,62,1,0,196,5248
Chhattisgarh,Balod,2012,21.4037,81.9911,15,2,2,44,14,2,6,70,150,0,14,27,4,24,4,50,0,9,1117
Chhattisgarh,Baloda Bazar,2012,21.2037,81.7911,24,18,2,90,36,3,26,182,362,0,39,18,20,858,0,98,0,37,2371
Chhattisgarh,Balrampur,2012,21.0337,81.6211,39,18,0,128,10,4,7,33,96,0,14,14,3,87,0,52,0,30,950
Chhattisgarh,Bemetara,2012,21.0637,81.6511,12,15,0,48,38,0,8,57,210,0,19,16,6,30,3,61,0,29,1323
Chhattisgarh,Bilaspur,2012,21.4137,82.0011,74,42,1,94,66,7,65,428,968,0,140,82,25,1612,10,169,0,95,4576
Chhattisgarh,Bizapur,2012,21.2287,81.8161,46,58,0,8,6,7,7,13,28,0,3,1,3,10,0,5,0,1,291
Chhattisgarh,Dantewara,2012,21.4187,82.0061,40,12,1,14,2,3,0,17,32,0,7,5,7,16,0,4,0,5,360
Chhattisgarh,Dhamtari,2012,21.0837,81.6711,17,7,1,42,4,0,7,97,190,0,14,24,3,51,1,36,0,15,1147
Chhattisgarh,Durg,2012,21.1937,81.7811,52,44,1,182,110,1,32,377,1586,0,31,125,21,165,9,178,0,111,7471
Chhattisgarh,Gariyaband,2012,21.2587,81.8461,13,13,2,38,12,2,5,53,150,0,18,12,6,267,1,28,0,6,831
Chhattisgarh,Grp Raipur,2012,21.2987,81.8861,3,1,1,4,14,0,2,3,392,0,0,2,0,9,0,5,0,2,430
Chhattisgarh,Jagdalpur,2012,21.1087,81.6961,42,22,2,72,22,0,9,76,162,0,27,18,21,455,0,20,0,8,1454
Chhattisgarh,Janjgir,2012,21.3987,81.9861,51,16,1,66,42,2,32,236,758,0,123,50,23,1162,11,104,0,123,3287
Chhattisgarh,Jashpur,2012,21.2137,81.8011,54,27,1,160,120,2,10,67,162,0,18,23,6,77,2,29,0,31,1237
Chhattisgarh,Kabirdham,2012,21.2287,81.8161,17,20,0,44,28,0,11,62,138,0,25,23,3,564,1,58,0,20,1376
Chhattisgarh,Kanker,2012,21.1187,81.7061,32,21,1,46,18,5,5,30,78,0,15,13,10,17,2,18,0,19,1007
Chhattisgarh,Kondagaon,2012,21.2387,81.8261,21,8,0,22,14,0,0,20,46,0,3,3,2,126,0,4,0,2,537
Chhattisgarh,Korba,2012,21.1687,81.7561,44,9,1,86,32,1,8,114,360,0,33,41,11,692,4,59,0,42,2217
Chhattisgarh,Koriya,2012,21.2637,81.8511,38,17,0,84,26,0,8,104,154,0,27,21,13,596,5,86,0,65,1581
Chhattisgarh,Mahasamund,2012,21.3287,81.9161,33,9,0,56,76,1,15,144,348,0,51,38,9,98,4,63,0,33,2120
Chhattisgarh,Mungeli,2012,21.1537,81.7411,18,4,0,12,26,0,9,83,188,0,40,13,12,31,2,24,0,26,1012
Chhattisgarh,Narayanpur,2012,21.4237,82.0111,12,20,0,10,12,11,1,7,14,0,0,5,7,26,0,4,0,0,186
Chhattisgarh,Raigarh,2012,21.4987,82.0861,61,41,6,138,30,2,51,237,860,0,63,31,10,659,6,81,0,55,3053
Chhattisgarh,Raipur,2012,21.2737,81.8611,56,46,2,222,44,4,46,536,2476,0,102,214,47,2599,8,148,0,109,8323
Chhattisgarh,Rajnandgaon,2012,21.2087,81.7961,45,29,1,62,18,1,17,145,346,0,19,49,29,71,3,52,0,17,3035
Chhattisgarh,Sarguja,2012,21.1087,81.6961,56,28,0,146,36,4,13,73,248,0,36,19,15,58,0,89,0,25,1742
Chhattisgarh,Sukma,2012,21.4937,82.0811,24,30,0,2,14,6,3,8,14,0,3,2,10,14,0,2,0,2,205
Chhattisgarh,Surajpur,2012,21.2787,81.8661,59,16,0,148,30,0,9,62,166,0,26,36,4,481,5,74,0,63,1500
Goa,North Goa,2012,28.7,77.1833,28,20,3,52,30,3,11,189,1126,0,72,131,19,151,0,29,0,11,2102
Goa,South Goa,2012,28.5333,77.2,17,15,0,58,18,3,14,167,704,0,50,74,15,115,0,20,0,13,1506
Gujarat,Ahmedabad Commr.,2012,23.0225,72.5714,90,49,7,126,458,24,603,701,7244,0,159,246,16,1320,11,79,0,1448,21347
Gujarat,Ahmedabad Rural,2012,23.05,72.45,34,33,8,10,134,15,30,125,648,0,73,15,3,518,0,33,0,163,3673
Gujarat,Ahwa-Dang,2012,22.0737,71.0074,7,0,0,2,2,1,0,9,20,0,5,5,2,14,0,1,0,8,209
Gujarat,Amreli,2012,22.4037,71.3374,18,19,2,20,160,2,13,114,298,0,56,6,4,277,0,20,0,146,2301
Gujarat,Anand,2012,22.0237,70.9574,25,24,2,18,112,3,6,110,566,0,27,36,6,316,0,22,0,188,2991
Gujarat,Bharuch,2012,22.1287,71.0624,42,12,0,24,56,12,25,117,604,0,44,10,5,270,0,19,0,0,2781
Gujarat,Bhavnagar,2012,22.3387,71.2724,46,23,1,26,210,3,30,160,816,0,71,43,19,592,0,30,0,221,4375
Gujarat,Cid Crime,2012,22.2237,71.1574,1,0,0,2,0,0,0,0,0,0,0,5,0,0,0,0,0,0,15
Gujarat,Dahod,2012,22.4787,71.4124,34,13,0,20,144,41,51,150,404,0,55,8,20,353,0,17,0,7,1683
Gujarat,Gandhinagar,2012,22.4987,71.4324,23,4,1,40,58,6,26,127,752,0,52,53,6,215,0,10,0,159,6530
Gujarat,Himatnagar,2012,22.4037,71.3374,30,6,1,20,114,6,9,103,410,0,52,72,4,171,0,22,0,249,6411
Gujarat,Jamnagar,2012,22.3237,71.2574,43,40,2,44,82,13,48,220,1174,0,96,41,4,482,0,40,0,439,5030
Gujarat,Junagadh,2012,22.2037,71.1374,40,17,0,30,126,7,18,120,550,0,117,34,19,464,1,37,0,411,3915
Gujarat,Kheda North,2012,28.7,77.1833,24,8,0,36,124,10,11,67,412,0,43,26,6,280,0,22,0,161,5092
Gujarat,Kutch (East(G)),2012,28.6333,77.2833,19,15,0,34,50,4,18,98,512,0,24,32,8,287,1,12,0,188,3030
Gujarat,Kutch (West-Bhuj),2012,28.65,77.1,24,5,1,16,36,2,6,73,336,0,50,13,2,185,0,18,0,127,1806
Gujarat,Mehsana,2012,22.2087,71.1424,31,28,2,20,118,11,35,182,1090,0,86,46,18,410,0,28,0,245,5353
Gujarat,Narmada,2012,22.4387,71.3724,17,3,0,14,12,3,0,7,78,0,15,2,2,94,0,3,0,13,674
Gujarat,Navsari,2012,22.3987,71.3324,19,9,0,8,30,3,7,99,448,0,18,10,2,65,0,4,0,114,1542
Gujarat,Palanpur,2012,22.4437,71.3774,44,32,1,98,236,23,48,268,866,0,79,63,21,462,0,64,0,349,4867
Gujarat,Panchmahal,2012,22.4837,71.4174,54,16,1,10,148,25,20,114,462,0,52,17,20,375,0,36,0,294,3677
Gujarat,Patan,2012,22.4187,71.3524,18,15,1,14,62,11,21,99,542,0,51,10,10,369,0,32,0,151,3107
Gujarat,Porbandar,2012,22.1137,71.0474,18,8,0,20,16,2,8,51,134,0,7,12,4,68,1,8,0,73,896
Gujarat,Rajkot Commr.,2012,22.3039,70.8022,41,28,3,22,132,14,43,198,2026,0,74,43,8,336,0,10,0,264,4319
Gujarat,Rajkot Rural,2012,22.2637,71.1974,48,21,2,40,124,5,19,160,550,0,68,19,12,313,3,26,0,292,4297
Gujarat,Surat Commr.,2012,21.1702,72.8311,98,26,1,80,182,10,68,333,3772,0,65,177,3,441,3,28,0,299,9246
Gujarat,Surat Rural,2012,21.2,73.0,55,16,0,26,66,16,18,143,990,0,50,39,7,135,1,14,0,94,3644
Gujarat,Surendranagar,2012,22.3837,71.3174,40,26,0,38,102,4,18,123,418,0,78,5,14,428,0,51,0,124,2985
Gujarat,Tapi,2012,22.2837,71.2174,11,4,2,10,6,1,4,26,186,0,10,4,9,64,0,9,0,17,792
Gujarat,Vadodara Commr.,2012,22.3072,73.1812,29,34,0,22,134,9,112,333,2666,0,92,175,5,375,0,15,0,306,6440
Gujarat,Vadodara Rural,2012,22.2937,71.2274,74,6,4,30,146,11,18,96,620,0,55,38,17,296,0,23,0,90,3479
Gujarat,Valsad,2012,22.1587,71.0924,21,14,0,24,50,4,20,159,1102,0,26,31,6,189,0,9,0,15,2731
Gujarat,W.Rly Ahmedabad,2012,22.0987,71.0324,3,3,0,2,4,0,8,8,428,0,7,3,0,37,0,2,0,2,503
Gujarat,W.Rly Vadodara,2012,22.4337,71.3674,5,0,1,0,6,5,5,2,780,0,1,22,0,33,0,1,0,1,859
Haryana,Ambala Rural,2012,29.0788,76.1056,13,15,1,22,56,3,6,118,418,0,0,45,3,66,7,12,0,73,1082
Haryana,Ambala Urban,2012,29.2238,76.2506,15,16,3,42,150,0,21,362,1200,0,1,99,5,109,5,23,0,159,2342
Haryana,Bhiwani,2012,29.1988,76.2256,81,48,3,56,218,16,52,295,1402,0,122,129,24,267,19,45,0,179,3378
Haryana,Faridabad,2012,28.4089,77.3178,72,50,6,94,206,26,34,347,3638,0,188,46,9,163,8,31,0,197,5023
Haryana,Fatehabad,2012,28.9838,76.0106,17,23,3,30,98,3,12,145,678,0,28,50,7,115,4,7,0,125,1535
Haryana,Grp,2012,29.0888,76.1156,21,6,0,2,20,3,16,1,858,0,13,6,0,12,5,9,0,1,1121
Haryana,Gurgaon,2012,28.4595,77.0266,82,66,3,88,112,90,84,495,7058,0,122,216,4,114,15,18,0,150,8531
Haryana,Hissar,2012,28.8288,75.8556,76,67,4,88,228,12,42,413,2230,0,65,197,20,286,12,39,0,312,4536
Haryana,Jhajjar,2012,29.2238,76.2506,64,50,3,40,76,15,35,210,902,0,50,47,12,82,10,19,0,135,2016
Haryana,Jind,2012,29.2588,76.2856,50,36,5,68,116,8,39,224,1088,0,107,74,13,140,17,27,0,114,2323
Haryana,Kaithal,2012,28.8838,75.9106,31,20,7,36,76,6,11,207,674,0,0,30,7,175,6,15,0,127,1724
Haryana,Karnal,2012,29.1488,76.1756,59,60,2,126,206,11,43,368,2090,0,46,141,8,219,23,50,0,204,3958
Haryana,Kurukshetra,2012,28.8488,75.8756,26,38,3,50,74,8,6,218,1210,0,0,116,6,132,11,20,0,110,2294
Haryana,Mahendragarh,2012,28.8238,75.8506,39,28,0,28,50,14,22,144,598,0,114,12,9,115,10,26,0,78,1772
Haryana,Mewat,2012,28.9988,76.0256,12,52,0,100,58,36,26,56,966,0,150,61,5,69,5,15,0,168,2126
Haryana,Palwal,2012,29.2988,76.3256,43,67,6,64,108,12,26,82,1176,0,197,18,9,158,12,27,0,107,2457
Haryana,Panchkula,2012,29.0938,76.1206,15,10,1,36,80,7,18,171,784,0,2,41,0,66,7,13,0,51,1372
Haryana,Panipat,2012,28.9338,75.9606,47,28,6,70,174,26,36,228,1812,0,68,107,8,155,15,23,0,136,3003
Haryana,Rewari,2012,29.0388,76.0656,31,40,5,48,52,26,45,171,1406,0,41,19,13,123,12,16,0,102,2452
Haryana,Rohtak,2012,29.0188,76.0456,60,63,1,74,70,19,47,272,1518,0,61,120,12,174,12,24,0,143,2951
Haryana,Sirsa,2012,28.8138,75.8406,27,26,1,60,180,8,14,159,966,0,45,32,6,242,6,25,0,159,2268
Haryana,Sonipat,2012,29.0988,76.1256,86,67,4,64,124,19,47,270,1634,0,4,119,8,183,30,26,0,185,3465
Haryana,Yamunanagar,2012,29.0288,76.0556,24,34,1,50,166,12,29,173,874,0,0,73,3,112,7,15,0,122,2144
Himachal Pradesh,Baddipolicedist,2012,31.1398,77.2084,7,4,0,24,20,1,0,38,74,0,31,9,3,171,1,7,0,16,543
Himachal Pradesh,Bilaspur,2012,31.2398,77.3084,8,8,0,24,14,0,1,55,94,0,28,27,14,36,0,21,0,22,960
Himachal Pradesh,Chamba,2012,31.1798,77.2484,7,0,1,20,28,0,0,74,44,0,29,4,3,75,1,9,0,7,557
Himachal Pradesh,Cid,2012,31.1848,77.2534,0,0,0,0,0,0,0,0,2,0,0,0,0,0,0,0,0,0,5
Himachal Pradesh,G.R.P.,2012,31.0148,77.0834,0,1,0,0,0,0,0,0,6,0,0,0,0,0,0,0,0,0,13
Himachal Pradesh,Hamirpur,2012,30.9198,76.9884,6,5,2,16,12,0,0,44,66,0,18,22,3,155,0,20,0,17,856
Himachal Pradesh,Kangra,2012,30.9748,77.0434,24,8,2,52,104,0,2,224,254,0,87,99,17,187,0,45,0,43,2810
Himachal Pradesh,Kinnaur,2012,31.0098,77.0784,2,1,0,12,4,0,0,22,20,0,12,2,1,8,0,1,0,5,192
Himachal Pradesh,Kullu,2012,31.1698,77.2384,9,3,1,44,14,0,0,58,52,0,28,21,4,33,0,22,0,10,719
Himachal Pradesh,Lahaul-Spiti,2012,31.1348,77.2034,0,0,0,4,0,0,0,1,4,0,2,0,0,1,0,1,0,0,100
Himachal Pradesh,Mandi,2012,31.2998,77.3684,15,6,1,56,38,0,0,97,200,0,61,62,30,132,0,49,0,32,1733
Himachal Pradesh,Shimla,2012,30.9848,77.0534,18,6,1,46,58,0,3,149,314,0,69,38,39,49,0,28,0,23,1530
Himachal Pradesh,Sirmaur,2012,31.2398,77.3084,8,4,1,34,22,0,1,40,108,0,62,17,6,34,0,24,0,18,866
Himachal Pradesh,Solan,2012,30.9498,77.0184,3,5,0,18,16,0,1,78,166,0,30,9,9,220,0,13,0,16,778
Himachal Pradesh,Una,2012,31.3348,77.4034,6,2,0,16,14,0,2,48,134,0,37,63,2,72,0,10,0,42,895
Jammu & Kashmir,Anantnag,2012,33.7032,76.5012,1,22,0,28,192,0,9,87,172,0,160,43,18,7,0,130,0,4,1431
Jammu & Kashmir,Awantipora,2012,33.9232,76.7212,1,2,0,8,58,0,0,13,34,0,16,8,2,0,0,11,0,1,372
Jammu & Kashmir,Bandipora,2012,33.7482,76.5462,7,5,1,12,92,0,3,21,80,0,92,4,8,5,0,81,0,0,537
Jammu & Kashmir,Baramulla,2012,34.0082,76.8062,6,27,0,24,166,0,8,65,184,0,103,23,10,7,0,109,0,13,1215
Jammu & Kashmir,Budgam,2012,33.7632,76.5612,3,11,2,14,154,1,7,90,334,0,173,33,15,1,0,114,0,5,1234
Jammu & Kashmir,Crime Jammu,2012,33.6682,76.4662,0,0,0,0,0,0,0,0,0,0,0,12,0,0,0,0,0,0,12
Jammu & Kashmir,Crime Srinagar,2012,33.6932,76.4912,0,0,0,0,0,0,0,0,2,0,0,26,0,0,0,0,0,0,31
Jammu & Kashmir,Doda,2012,22.3072,73.1812,5,13,0,32,66,0,1,47,74,0,22,5,6,8,0,23,0,26,724
Jammu & Kashmir,Ganderbal,2012,33.7582,76.5562,2,8,1,18,66,1,2,27,48,0,29,12,10,6,0,97,0,2,529
Jammu & Kashmir,Handwara,2012,33.9382,76.7362,6,20,0,12,70,0,2,10,92,0,53,6,3,0,0,88,0,2,482
Jammu & Kashmir,Jammu,2012,33.7132,76.5112,13,80,1,78,200,2,4,266,896,0,87,135,15,30,5,44,0,67,4261
Jammu & Kashmir,Kargil,2012,33.9032,76.7012,1,2,0,2,0,0,0,5,12,0,12,0,1,0,0,1,0,0,107
Jammu & Kashmir,Kathua,2012,33.7082,76.5062,6,26,0,40,80,0,2,68,156,0,26,16,4,8,1,30,0,14,1254
Jammu & Kashmir,Kishtwar,2012,33.9332,76.7312,3,11,1,12,46,0,1,16,42,0,1,14,4,0,0,12,0,11,422
Jammu & Kashmir,Kulgam,2012,34.0182,76.8162,10,6,1,30,140,0,4,23,86,0,78,26,2,61,0,96,0,2,775
Jammu & Kashmir,Kupwara,2012,33.7082,76.5062,3,21,0,30,100,0,3,48,170,0,130,16,11,9,0,53,0,9,796
Jammu & Kashmir,Leh,2012,33.5582,76.3562,2,2,0,6,2,0,0,8,10,0,1,7,0,1,0,5,0,0,180
Jammu & Kashmir,Poonch,2012,33.8532,76.6512,5,32,2,18,82,0,0,39,22,0,86,16,13,56,0,31,0,14,839
Jammu & Kashmir,Pulwama,2012,33.6182,76.4162,3,6,0,6,50,0,1,17,70,0,60,6,7,64,0,8,0,0,435
Jammu & Kashmir,Railways Jammu,2012,33.7132,76.5112,0,2,0,0,0,0,0,0,4,0,0,0,0,0,0,0,0,0,14
Jammu & Kashmir,Railways Kashmir,2012,33.8132,76.6112,0,0,0,0,2,0,0,1,16,0,1,0,0,0,0,0,0,0,20
Jammu & Kashmir,Railways Katra,2012,33.5982,76.3962,0,0,0,0,0,0,0,0,4,0,0,0,0,0,0,0,0,0,4
Jammu & Kashmir,Rajouri,2012,33.9932,76.7912,9,36,2,64,116,0,1,70,118,0,40,41,28,29,1,51,0,44,1894
Jammu & Kashmir,Ramban,2012,33.6332,76.4312,2,10,0,14,44,0,1,24,62,0,1,8,0,0,0,9,0,0,761
Jammu & Kashmir,Reasi,2012,33.5782,76.3762,5,21,1,24,36,0,1,27,62,0,11,15,2,5,0,14,0,2,677
Jammu & Kashmir,Samba,2012,33.7432,76.5412,5,20,0,16,18,0,0,28,84,0,13,11,1,5,1,10,0,4,741
Jammu & Kashmir,Shopian,2012,33.5732,76.3712,2,22,0,6,94,0,6,26,186,0,52,11,4,2,0,29,0,0,525
Jammu & Kashmir,Sopore,2012,33.5882,76.3862,6,42,1,14,68,2,7,75,340,0,25,7,4,0,0,55,0,6,646
Jammu & Kashmir,Srinagar,2012,33.9132,76.7112,13,45,2,38,200,0,18,251,604,0,107,101,21,16,0,201,0,63,2614
Jammu & Kashmir,Udhampur,2012,34.0182,76.8162,5,19,1,60,44,0,0,43,80,0,21,10,1,2,0,20,0,12,1082
Jharkhand,Bokaro,2012,23.7552,85.4249,61,11,1,92,126,13,24,131,1284,0,162,179,0,0,21,4,0,212,3564
Jharkhand,Chaibasa,2012,23.6402,85.3099,144,49,0,68,30,11,20,25,280,0,10,8,3,15,6,8,0,20,944
Jharkhand,Chatra,2012,23.8152,85.4849,53,20,2,30,48,12,17,19,274,0,92,34,12,25,8,6,0,18,1017
Jharkhand,Deoghar,2012,23.6502,85.3199,58,101,8,76,96,18,25,100,476,0,189,65,7,536,18,35,0,159,2000
Jharkhand,Dhanbad,2012,23.4652,85.1349,69,18,14,82,242,49,44,180,1812,0,188,154,3,201,49,4,0,89,4606
Jharkhand,Dhanbad Rly.,2012,23.4652,85.1349,5,0,0,4,6,6,7,4,398,0,3,5,0,0,1,8,0,2,438
Jharkhand,Dumka,2012,23.8202,85.4899,66,34,7,58,68,8,4,45,454,0,69,19,18,259,8,12,0,43,1479
Jharkhand,Garhwa,2012,23.4552,85.1249,85,44,6,86,48,4,38,42,182,0,168,89,16,536,21,14,0,68,2139
Jharkhand,Giridih,2012,23.4852,85.1549,72,92,0,74,106,32,31,74,906,0,259,98,0,2,32,46,0,104,2871
Jharkhand,Godda,2012,23.5752,85.2449,49,0,0,44,126,5,7,26,302,0,31,6,0,0,11,2,0,0,1765
Jharkhand,Gumla,2012,23.5002,85.1699,192,45,4,72,110,5,25,20,238,0,26,16,6,155,2,9,0,6,933
Jharkhand,Hazaribagh,2012,23.5352,85.2049,68,31,5,84,106,14,22,65,404,0,149,114,7,162,24,9,0,54,2427
Jharkhand,Jamshedpur,2012,23.8202,85.4899,85,25,5,112,196,14,40,155,1958,0,114,240,4,679,17,22,0,106,4022
Jharkhand,Jamshedpur Rly.,2012,23.3802,85.0499,7,0,1,2,2,2,3,4,310,0,0,2,0,4,0,0,0,0,336
Jharkhand,Jamtara,2012,23.6302,85.2999,21,8,2,54,34,1,4,31,220,0,135,61,5,184,5,1,0,72,850
Jharkhand,Khunti,2012,23.3752,85.0449,106,19,2,16,26,1,8,1,64,0,35,8,0,25,1,2,0,0,377
Jharkhand,Koderma,2012,23.8052,85.4749,17,55,2,16,60,7,12,16,208,0,74,75,0,195,13,12,0,29,1135
Jharkhand,Latehar,2012,23.6402,85.3099,46,20,2,30,56,5,13,4,198,0,37,11,4,42,4,6,0,10,527
Jharkhand,Lohardagga,2012,23.8352,85.5049,36,19,7,46,44,1,9,13,104,0,9,19,6,50,1,6,0,23,451
Jharkhand,Pakur,2012,23.4152,85.0849,38,10,5,106,46,8,3,1,308,0,107,32,5,278,1,10,0,64,942
Jharkhand,Palamu,2012,23.5902,85.2599,70,61,0,52,114,22,42,76,490,0,139,78,5,479,28,10,0,20,2107
Jharkhand,Ramgarh,2012,23.4852,85.1549,27,9,1,52,56,20,12,31,528,0,89,31,4,157,7,10,0,7,1016
Jharkhand,Ranchi,2012,23.4002,85.0699,145,77,13,104,152,41,54,82,1132,0,155,113,16,347,11,22,0,45,2418
Jharkhand,Sahebganj,2012,23.5702,85.2399,57,44,1,130,142,3,4,19,270,0,51,56,7,313,6,11,0,74,1467
Jharkhand,Saraikela,2012,23.5452,85.2149,51,22,2,70,32,5,16,45,434,0,36,34,2,113,6,10,0,25,897
Jharkhand,Simdega,2012,23.4902,85.1599,66,28,2,64,40,10,10,7,126,0,4,19,6,28,1,5,0,11,456
Karnataka,Bagalkot,2012,15.1423,75.5389,51,43,1,22,34,7,18,91,260,0,221,72,4,235,6,63,0,72,2297
Karnataka,Bangalore Commr.,2012,12.9716,77.5946,266,454,6,180,1064,507,670,1240,19652,0,551,3092,0,3095,51,321,0,524,30771
Karnataka,Bangalore Rural,2012,13.0827,77.5877,93,57,0,62,106,27,113,299,1296,0,257,178,0,668,10,70,0,96,5560
Karnataka,Belgaum,2012,15.8497,74.4977,142,120,3,74,108,7,80,214,856,0,460,339,26,888,5,205,0,307,6845
Karnataka,Bellary,2012,15.3773,75.7739,54,46,2,36,62,6,44,151,694,0,228,102,11,368,9,48,0,104,3112
Karnataka,Bidar,2012,15.5473,75.9439,38,39,0,22,60,3,32,102,346,0,168,72,17,759,10,40,0,99,3658
Karnataka,Bijapur,2012,15.1273,75.5239,69,64,1,36,60,7,33,101,278,0,245,104,11,460,4,41,0,128,2783
Karnataka,Cbpura,2012,15.1573,75.5539,51,44,7,24,50,4,32,140,624,0,280,62,0,441,12,56,0,36,2554
Karnataka,Chamarajnagar,2012,15.3773,75.7739,18,34,0,18,20,6,8,52,222,0,120,28,0,436,2,64,0,62,1733
Karnataka,Chickmagalur,2012,15.3073,75.7039,33,28,9,22,24,8,22,91,290,0,114,49,0,568,4,70,0,89,2498
Karnataka,Chitradurga,2012,15.2373,75.6339,43,38,7,52,68,3,25,119,448,0,323,71,8,799,6,140,0,75,4059
Karnataka,Dakshin Kannada,2012,15.2273,75.6239,23,25,0,24,20,5,15,103,164,0,115,49,15,263,2,35,0,42,1836
Karnataka,Davanagere,2012,15.4473,75.8439,42,35,8,34,46,6,50,139,594,0,298,58,0,442,8,117,0,119,3271
Karnataka,Dharwad Commr.,2012,15.4589,75.0078,18,20,1,12,108,7,77,130,580,0,94,117,20,177,2,16,0,65,1937
Karnataka,Dharwad Rural,2012,15.4589,75.0078,27,30,1,10,26,1,4,33,112,0,147,24,6,195,0,38,0,24,1313
Karnataka,Gadag,2012,15.2073,75.6039,24,11,1,12,24,0,5,32,128,0,110,40,10,140,2,59,0,47,1083
Karnataka,Gulbarga,2012,17.3297,76.8343,82,87,0,58,106,12,63,209,626,0,362,89,54,702,10,132,0,151,4101
Karnataka,Hassan,2012,15.2273,75.6239,77,80,5,42,52,17,72,236,644,0,244,116,0,1351,5,120,0,155,5592
Karnataka,Haveri,2012,15.5423,75.9389,19,24,0,24,36,2,10,95,226,0,251,59,0,296,3,72,0,68,2333
Karnataka,K.G.F.,2012,15.4423,75.8389,16,22,0,20,14,3,14,57,170,0,87,23,0,259,2,10,0,19,1007
Karnataka,Kodagu,2012,15.1573,75.5539,29,36,3,24,10,3,3,69,194,0,33,50,3,521,2,25,0,43,1550
Karnataka,Kolar,2012,15.4823,75.8789,46,58,0,36,40,5,20,92,372,0,239,44,0,361,1,37,0,34,2209
Karnataka,Koppal,2012,15.4823,75.8789,24,11,0,14,54,2,14,76,200,0,134,60,0,228,0,17,0,87,1899
Karnataka,Mandya,2012,15.1123,75.5089,86,95,1,70,92,16,82,265,1036,0,342,79,80,1321,9,149,0,204,5914
Karnataka,Mangalore City,2012,15.4473,75.8439,28,18,0,24,32,2,69,136,466,0,112,89,16,199,1,29,0,48,2685
Karnataka,Mysore Commr.,2012,12.2958,76.6394,31,35,0,24,26,9,205,146,1322,0,88,101,0,232,6,22,0,32,2826
Karnataka,Mysore Rural,2012,15.1723,75.5689,78,37,1,56,134,6,30,211,662,0,305,63,0,960,1,163,0,158,4339
Karnataka,Raichur,2012,15.4623,75.8589,42,31,1,38,68,2,10,72,268,0,243,148,0,469,1,141,0,190,3039
Karnataka,Railways,2012,15.4773,75.8739,19,1,0,4,8,3,47,2,964,0,6,1,0,10,2,2,0,0,1065
Karnataka,Ramanagar,2012,15.4023,75.7989,77,64,1,32,120,22,127,298,1024,0,264,76,73,644,17,112,0,73,4673
Karnataka,Shimoga,2012,15.2973,75.6939,50,78,2,28,64,14,57,195,662,0,276,103,9,978,6,158,0,222,5034
Karnataka,Tumkur,2012,15.4373,75.8339,91,80,5,66,76,13,94,306,940,0,375,153,0,950,18,171,0,132,5567
Karnataka,Udupi,2012,15.4773,75.8739,14,18,3,10,24,8,36,139,230,0,119,37,8,285,0,41,0,38,2454
Karnataka,Uttar Kannada,2012,15.2673,75.6639,33,23,2,14,22,3,21,100,154,0,112,46,18,361,1,97,0,78,2828
Karnataka,Yadgiri,2012,15.1123,75.5089,26,37,0,18,44,1,5,51,132,0,179,28,27,289,0,97,0,63,1486
Kerala,Alapuzha,2012,10.8705,76.2911,20,18,6,88,36,2,16,136,462,0,553,188,20,1380,1,250,0,294,8555
Kerala,Ernakulam Commr.,2012,10.7805,76.2011,9,10,0,56,12,42,25,90,616,0,393,630,3,445,0,108,0,127,17324
Kerala,Ernakulam Rural,2012,10.6405,76.0611,21,39,4,118,20,5,36,144,540,0,470,225,10,981,0,162,0,216,10678
Kerala,Idukki,2012,10.9005,76.3211,22,29,3,106,20,5,13,110,298,0,295,158,11,1230,2,189,0,219,5134
Kerala,Kannur,2012,10.6755,76.0961,32,27,10,132,46,12,71,230,414,0,1277,221,111,1442,0,183,0,391,8400
Kerala,Kasargod,2012,10.7755,76.1961,14,23,2,178,34,7,36,129,246,0,590,175,51,963,3,156,0,205,5174
Kerala,Kollam Commr.,2012,10.7705,76.1911,21,41,6,92,42,30,62,132,424,0,293,90,14,1002,4,171,0,336,7074
Kerala,Kollam Rural,2012,10.6555,76.0761,30,28,6,98,28,9,30,103,318,0,469,109,28,1409,1,270,0,326,5981
Kerala,Kottayam,2012,11.0855,76.5061,20,29,2,110,38,14,26,188,530,0,483,299,17,2090,1,265,0,255,12355
Kerala,Kozhikode Commr.,2012,11.2588,75.7804,7,7,0,72,10,20,65,92,284,0,353,164,12,631,0,103,0,144,4156
Kerala,Kozhikode Rural,2012,11.2588,75.7804,9,24,5,84,32,6,31,129,362,0,1102,157,101,987,0,153,0,313,5645
Kerala,Malappuram,2012,10.7305,76.1511,16,26,4,194,20,5,33,244,506,0,792,441,42,969,2,221,0,668,14385
Kerala,Palakkad,2012,10.8855,76.3061,32,42,15,136,26,23,30,159,416,0,706,262,32,1534,5,146,0,401,8611
Kerala,Pathanamthitta,2012,10.7905,76.2111,28,24,3,64,34,10,18,110,322,0,411,117,16,1090,2,137,0,162,5327
Kerala,Railways,2012,11.0105,76.4311,0,1,0,0,8,0,3,3,386,0,5,1,0,47,0,46,0,0,454
Kerala,Thrissur Commr.,2012,10.5276,76.2144,9,14,11,70,26,5,28,55,328,0,443,366,7,359,0,111,0,146,6231
Kerala,Thrissur Rural,2012,10.5276,76.2144,18,49,9,92,24,15,40,136,404,0,588,341,38,784,2,218,0,361,13403
Kerala,Trivandrum Commr.,2012,11.0655,76.4861,14,12,1,82,46,110,101,154,570,0,629,304,10,1116,0,226,0,159,7253
Kerala,Trivandrum Rural,2012,10.9805,76.4011,42,49,15,194,36,39,48,287,626,0,826,294,37,1960,8,541,0,398,10065
Kerala,Wayanadu,2012,11.0555,76.4761,10,5,5,72,24,2,13,79,104,0,260,139,8,751,1,79,0,95,2890
Madhya Pradesh,Alirajpur,2012,23.1684,78.8519,60,33,0,44,26,2,16,58,164,0,9,2,13,259,0,31,0,2,1355
Madhya Pradesh,Anuppur,2012,23.1484,78.8319,35,15,1,124,16,1,15,128,216,0,17,28,11,126,12,80,0,53,1794
Madhya Pradesh,Ashok Nagar,2012,22.8084,78.4919,34,15,3,100,12,4,11,72,206,0,24,13,2,557,10,62,0,21,2474
Madhya Pradesh,Balaghat,2012,22.9584,78.6419,43,22,6,156,18,0,13,128,262,0,48,22,14,248,6,113,0,63,2792
Madhya Pradesh,Barwani,2012,22.9784,78.6619,46,15,0,100,16,1,13,72,320,0,18,13,8,204,2,72,0,13,2026
Madhya Pradesh,Betul,2012,23.1484,78.8319,75,26,1,236,24,0,7,104,452,0,13,26,9,245,11,151,0,57,3080
Madhya Pradesh,Bhind,2012,22.8084,78.4919,64,80,3,98,54,13,87,138,584,0,77,35,10,1318,40,83,0,50,3920
Madhya Pradesh,Bhopal,2012,23.2599,77.4126,78,96,0,286,126,4,200,1004,5210,0,118,203,15,1361,19,244,0,254,14320
Madhya Pradesh,Bhopal Rly.,2012,23.2599,77.4126,4,8,1,8,2,2,25,5,2234,0,1,2,0,1,0,14,0,3,2292
Madhya Pradesh,Burhanpur,2012,22.9334,78.6169,11,12,0,46,12,0,7,45,180,0,8,24,1,493,2,42,0,47,1436
Madhya Pradesh,Chhatarpur,2012,23.0184,78.7019,50,60,3,124,78,8,40,251,480,0,61,34,19,403,26,172,0,68,4521
Madhya Pradesh,Chhindwara,2012,23.1184,78.8019,61,33,2,244,42,1,31,180,468,0,66,73,28,1920,18,202,0,108,5310
Madhya Pradesh,Damoh,2012,22.7384,78.4219,51,47,0,100,64,1,18,88,298,0,15,26,20,1314,20,165,0,108,3248
Madhya Pradesh,Datiya,2012,23.1234,78.8069,51,34,0,46,56,5,40,84,262,0,35,8,11,337,8,61,0,25,2441
Madhya Pradesh,Dewas,2012,22.9584,78.6419,62,55,1,140,62,5,26,162,1016,0,34,35,17,370,19,146,0,130,5369
Madhya Pradesh,Dhar,2012,15.4589,75.0078,61,53,4,162,98,10,14,157,998,0,24,37,26,550,39,173,0,69,5558
Madhya Pradesh,Dindori,2012,22.7284,78.4119,32,8,5,80,12,0,2,26,76,0,10,17,5,114,5,80,0,39,1268
Madhya Pradesh,Guna,2012,22.9584,78.6419,44,45,2,120,56,7,26,124,634,0,36,23,26,645,8,131,0,34,3592
Madhya Pradesh,Gwalior,2012,26.2183,78.1828,96,172,24,170,166,23,199,821,4232,0,112,152,17,776,35,158,0,202,10313
Madhya Pradesh,Harda,2012,23.0384,78.7219,14,20,0,52,24,2,13,55,248,0,9,10,8,287,7,51,0,16,1318
Madhya Pradesh,Hoshangabad,2012,23.1584,78.8419,44,32,1,138,68,0,17,127,454,0,17,45,13,423,12,129,0,57,3298
Madhya Pradesh,Indore,2012,22.7196,75.8577,123,172,3,346,108,9,275,1190,8740,0,82,205,64,1064,24,405,0,448,21091
Madhya Pradesh,Indore Rly.,2012,22.7196,75.8577,3,2,0,6,6,2,8,3,654,0,1,0,0,2,0,3,0,0,687
Madhya Pradesh,Jabalpur,2012,23.1815,79.9864,98,129,7,254,102,5,99,478,1686,0,60,137,23,3317,33,253,0,219,10575
Madhya Pradesh,Jabalpur Rly.,2012,23.1815,79.9864,6,1,0,6,2,3,34,5,1278,0,1,1,0,6,0,13,0,0,1343
Madhya Pradesh,Jhabua,2012,23.1184,78.8019,20,24,0,124,50,7,27,92,366,0,34,10,17,272,0,92,0,24,2431
Madhya Pradesh,Katni,2012,23.1084,78.7919,36,22,2,116,36,2,24,156,358,0,26,50,4,997,12,146,0,46,3383
Madhya Pradesh,Khandwa,2012,22.8834,78.5669,27,20,0,132,16,0,10,181,390,0,20,15,15,78,6,136,0,34,2841
Madhya Pradesh,Khargon,2012,22.9484,78.6319,51,38,1,134,40,3,14,157,740,0,42,17,13,101,30,133,0,45,4171
Madhya Pradesh,Mandla,2012,22.7384,78.4219,25,16,3,150,16,0,6,81,128,0,7,14,2,273,3,94,0,40,2275
Madhya Pradesh,Mandsaur,2012,22.8484,78.5319,37,49,0,98,68,4,20,147,600,0,25,42,13,104,6,100,0,78,3469
Madhya Pradesh,Morena,2012,22.8584,78.5419,53,110,4,64,70,22,54,191,764,0,122,48,7,1886,29,107,0,94,5431
Madhya Pradesh,Narsinghpur,2012,22.9434,78.6269,46,47,0,142,32,2,16,157,318,0,20,38,16,1451,16,158,0,79,3371
Madhya Pradesh,Neemuch,2012,22.8684,78.5519,18,17,0,50,24,2,22,112,376,0,35,23,15,232,4,43,0,42,2183
Madhya Pradesh,Panna,2012,22.7284,78.4119,30,19,2,68,16,0,11,82,106,0,1,11,7,160,18,72,0,31,2234
Madhya Pradesh,Raisen,2012,22.8984,78.5819,54,42,0,184,42,2,20,115,428,0,24,22,5,1921,22,158,0,72,4207
Madhya Pradesh,Rajgarh,2012,23.0634,78.7469,36,40,2,180,104,6,26,168,684,0,61,28,58,327,6,181,0,50,4712
Madhya Pradesh,Ratlam,2012,23.0084,78.6919,37,55,1,144,56,8,26,110,660,0,27,53,17,858,13,128,0,85,3420
Madhya Pradesh,Rewa,2012,23.0034,78.6869,54,44,7,184,88,10,44,496,1012,0,35,63,30,730,39,115,0,101,5498
Madhya Pradesh,Sagar,2012,23.2134,78.8969,83,89,3,250,126,2,64,393,908,0,81,42,34,2607,34,441,0,145,9276
Madhya Pradesh,Satna,2012,23.1784,78.8619,72,38,0,178,58,8,40,289,990,0,31,32,19,942,17,138,0,121,5407
Madhya Pradesh,Seoni,2012,22.8884,78.5719,38,12,7,130,20,0,7,92,208,0,19,37,10,160,11,100,0,24,2728
Madhya Pradesh,Shahdol,2012,22.7684,78.4519,44,13,0,162,54,5,33,158,352,0,31,28,9,176,13,133,0,141,3375
Madhya Pradesh,Shajapur,2012,23.0784,78.7619,39,44,2,134,36,6,18,133,646,0,42,29,22,1408,7,102,0,42,3350
Madhya Pradesh,Sheopur,2012,22.7384,78.4219,8,15,0,34,8,6,18,51,194,0,28,10,0,170,5,40,0,29,1347
Madhya Pradesh,Shivpuri,2012,23.1434,78.8269,61,54,1,208,58,18,39,135,486,0,83,38,31,987,9,148,0,67,4968
Madhya Pradesh,Sidhi,2012,22.8634,78.5469,31,9,2,96,80,0,7,138,296,0,9,27,10,312,18,84,0,59,2568
Madhya Pradesh,Sihore,2012,22.9134,78.5969,23,36,0,138,28,0,21,162,676,0,27,29,25,338,10,100,0,47,3894
Madhya Pradesh,Singrauli,2012,23.1784,78.8619,36,9,1,64,72,3,9,73,220,0,28,7,7,328,13,87,0,63,2393
Madhya Pradesh,Tikamgarh,2012,23.0834,78.7669,43,27,6,122,26,0,24,91,210,0,48,13,5,1251,16,124,0,27,3302
Madhya Pradesh,Ujjain,2012,23.1765,75.7885,55,193,1,146,72,5,73,296,2158,0,83,64,35,281,11,180,0,202,8286
Madhya Pradesh,Umariya,2012,23.0784,78.7619,12,3,0,44,8,1,7,55,136,0,10,14,6,95,0,68,0,17,1262
Madhya Pradesh,Vidisha,2012,23.0934,78.7769,58,62,2,188,50,4,24,203,602,0,56,46,22,764,19,213,0,97,4623
Maharashtra,Ahmednagar,2012,19.7715,75.7339,111,91,5,122,118,62,262,481,2748,0,572,361,46,802,23,147,0,576,7246
Maharashtra,Akola,2012,19.8715,75.8339,42,34,3,38,44,5,49,191,1354,0,107,103,33,720,4,92,0,87,3442
Maharashtra,Amravati Commr.,2012,19.9615,75.9239,24,38,1,40,40,12,54,232,1556,0,77,59,13,387,1,53,0,74,2713
Maharashtra,Amravati Rural,2012,19.8215,75.7839,63,56,4,128,34,9,39,212,1682,0,97,41,70,856,3,154,0,139,4442
Maharashtra,Aurangabad Commr.,2012,19.8762,75.3433,46,55,5,46,50,33,178,292,1644,0,168,245,24,460,4,79,0,120,3659
Maharashtra,Aurangabad Rural,2012,19.9115,75.8739,74,49,4,50,32,25,45,206,1080,0,306,75,34,833,18,77,0,298,3562
Maharashtra,Beed,2012,19.6065,75.5689,84,71,9,84,100,38,70,309,1042,0,339,157,44,886,8,81,0,378,4099
Maharashtra,Bhandara,2012,19.8215,75.7839,20,11,3,52,22,4,31,141,860,0,34,46,23,378,3,36,0,59,2019
Maharashtra,Buldhana,2012,19.6415,75.6039,49,38,5,58,62,5,23,149,1042,0,220,109,46,687,27,107,0,193,3497
Maharashtra,Chandrapur,2012,19.8215,75.7839,44,33,0,88,68,6,46,257,1446,0,95,84,33,584,4,119,0,125,3763
Maharashtra,Dhule,2012,19.8865,75.8489,50,39,1,60,36,55,54,158,640,0,173,94,6,298,4,39,0,207,2542
Maharashtra,Gadchiroli,2012,19.7565,75.7189,57,69,2,36,18,4,3,70,292,0,21,12,29,174,0,30,0,12,981
Maharashtra,Gondia,2012,19.5815,75.5439,41,28,2,76,20,6,19,143,538,0,40,47,26,342,0,47,0,42,1772
Maharashtra,Hingoli,2012,19.6515,75.6139,25,16,1,26,20,4,7,48,230,0,99,30,14,320,6,33,0,88,1391
Maharashtra,Jalgaon,2012,19.7315,75.6939,102,77,4,90,86,41,81,254,1764,0,241,244,24,699,1,134,0,409,4954
Maharashtra,Jalna,2012,19.7165,75.6789,45,69,6,50,50,30,71,220,792,0,221,100,26,565,36,89,0,303,3051
Maharashtra,Kolhapur,2012,19.6715,75.6339,63,39,0,96,90,14,62,357,1648,0,427,330,23,536,17,66,0,148,4554
Maharashtra,Latur,2012,19.8315,75.7939,67,63,4,42,64,22,39,204,806,0,240,192,34,578,4,61,0,212,3237
Maharashtra,Mumbai Commr.,2012,18.922,72.8347,215,170,9,464,424,58,1131,2500,21702,0,374,1827,86,3939,11,614,0,388,32890
Maharashtra,Mumbai Rly.,2012,19.6465,75.6089,8,3,2,2,14,3,423,4,3270,0,11,32,0,60,1,21,0,0,3830
Maharashtra,Nagpur Commr.,2012,21.1458,79.0882,88,85,15,114,106,42,491,883,4678,0,169,264,32,974,6,84,0,166,8277
Maharashtra,Nagpur Rly.,2012,19.8415,75.8039,5,5,0,2,4,6,67,1,2146,0,12,3,1,18,0,4,0,3,2270
Maharashtra,Nagpur Rural,2012,19.6665,75.6289,55,30,7,58,30,17,42,210,1724,0,66,54,46,561,7,82,0,76,3622
Maharashtra,Nanded,2012,19.9715,75.9339,81,57,1,96,74,21,47,317,952,0,276,170,52,963,25,71,0,421,4668
Maharashtra,Nandurbar,2012,19.5415,75.5039,35,17,0,38,20,15,17,68,330,0,93,52,3,249,0,22,0,78,1358
Maharashtra,Nasik Commr.,2012,19.8865,75.8489,32,26,0,40,36,27,163,356,2140,0,94,139,16,229,3,36,0,147,4390
Maharashtra,Nasik Rural,2012,19.9065,75.8689,87,63,7,92,58,42,91,219,1222,0,403,183,24,734,17,98,0,319,5216
Maharashtra,Navi Mumbai,2012,19.5315,75.4939,57,20,2,72,38,13,417,596,3026,0,124,455,4,404,3,64,0,91,5226
Maharashtra,Osmanabad,2012,19.6415,75.6039,54,31,4,76,62,19,23,170,638,0,233,116,33,603,2,86,0,175,3055
Maharashtra,Parbhani,2012,19.5665,75.5289,34,63,0,56,62,26,65,287,754,0,160,106,31,863,3,68,0,242,2836
Maharashtra,Pune Commr.,2012,18.5204,73.8567,110,124,3,170,218,85,731,1019,8362,0,532,756,48,1071,9,120,0,215,13226
Maharashtra,Pune Rly.,2012,19.7565,75.7189,4,0,2,4,2,9,23,0,724,0,5,1,0,10,0,3,0,0,782
Maharashtra,Pune Rural,2012,19.6315,75.5939,163,97,12,184,142,76,258,753,3638,0,512,293,43,886,12,128,0,221,8433
Maharashtra,Raigad,2012,19.7865,75.7489,40,13,0,42,16,19,42,150,642,0,143,164,8,257,19,37,0,40,2159
Maharashtra,Ratnagiri,2012,19.9015,75.8639,10,12,1,22,8,10,35,167,342,0,89,63,9,172,2,31,0,38,1398
Maharashtra,Sangli,2012,19.5815,75.5439,47,41,5,66,70,14,34,190,1000,0,202,219,23,373,8,57,0,64,2783
Maharashtra,Satara,2012,19.8865,75.8489,65,48,5,86,72,64,208,505,2222,0,294,210,35,527,0,78,0,166,5042
Maharashtra,Sindhudurg,2012,19.7465,75.7089,8,7,1,18,16,4,12,86,182,0,49,79,11,110,0,20,0,11,803
Maharashtra,Solapur Commr.,2012,19.8765,75.8389,18,27,0,50,48,24,98,187,1114,0,132,106,5,177,1,31,0,53,1992
Maharashtra,Solapur Rural,2012,19.7715,75.7339,92,52,7,134,76,19,60,261,1692,0,365,151,40,655,3,58,0,151,4476
Maharashtra,Thane Commr.,2012,19.2183,72.9781,110,93,6,214,248,38,757,1199,4870,0,280,867,29,1378,4,203,0,330,10144
Maharashtra,Thane Rural,2012,19.5965,75.5589,146,74,8,126,128,61,389,897,2582,0,394,528,26,913,6,155,0,111,6919
Maharashtra,Wardha,2012,19.8415,75.8039,30,32,4,80,52,10,63,233,1312,0,82,81,22,704,0,93,0,59,3564
Maharashtra,Washim,2012,19.5515,75.5139,40,31,4,62,58,7,35,124,606,0,124,49,21,393,6,84,0,133,2241
Maharashtra,Yavatmal,2012,19.9265,75.8889,71,71,7,128,130,11,94,342,1918,0,165,101,50,1064,18,143,0,247,6365
Manipur,Bishnupur,2012,24.4637,93.7063,10,36,0,22,24,7,0,6,84,0,3,4,5,20,0,3,0,4,314
Manipur,Chandel,2012,24.8937,94.1363,7,12,0,0,10,6,0,0,8,0,2,2,4,3,0,1,0,0,68
Manipur,Churachandpur,2012,24.7837,94.0263,8,6,0,2,12,29,0,4,38,0,2,6,0,7,0,1,0,1,120
Manipur,Cid,2012,24.7437,93.9863,0,0,0,0,0,0,0,0,0,0,0,2,0,0,0,0,0,0,2
Manipur,Imphal East,2012,28.6333,77.2833,10,91,1,20,92,40,1,8,398,0,16,28,14,44,0,10,0,11,762
Manipur,Imphal West,2012,28.65,77.1,14,149,3,36,144,25,1,17,1040,0,19,49,14,122,0,21,0,9,1630
Manipur,Senapati,2012,24.4637,93.7063,2,19,0,4,44,40,1,3,26,0,3,5,7,4,0,1,0,0,176
Manipur,Tamenglong,2012,24.4787,93.7213,11,5,0,2,14,16,0,0,6,0,4,2,3,3,0,0,0,0,73
Manipur,Thoubal,2012,24.4487,93.6913,16,73,0,40,88,13,0,8,188,0,21,30,22,80,0,12,0,17,691
Manipur,Ukhrul,2012,24.7087,93.9513,5,18,0,0,18,3,0,7,18,0,2,8,5,2,0,0,0,1,99
Meghalaya,Garo Hills East,2012,28.6333,77.2833,9,11,0,4,18,16,2,7,74,0,0,4,0,0,0,3,0,0,147
Meghalaya,Garo Hills South,2012,28.5333,77.2,7,11,0,12,30,3,1,5,80,0,0,10,3,4,0,2,0,1,166
Meghalaya,Garo Hills West,2012,28.65,77.1,19,6,0,12,38,9,5,22,180,0,0,0,0,45,0,2,0,0,471
Meghalaya,Jaintia Hills,2012,25.487,91.3862,44,11,0,64,36,8,7,13,132,0,0,14,14,25,0,3,0,0,395
Meghalaya,Khasi Hills East,2012,28.6333,77.2833,31,8,6,116,36,7,25,84,416,0,0,61,32,62,1,21,0,13,917
Meghalaya,Khasi Hills West,2012,28.65,77.1,16,13,1,56,12,7,5,11,64,0,0,11,2,12,0,8,0,0,224
Meghalaya,Ri-Bhoi,2012,25.712,91.6112,11,3,1,64,14,3,1,3,140,0,0,8,10,9,0,4,0,2,266
Mizoram,Aizawl,2012,23.3695,93.1426,12,13,0,84,4,1,2,195,576,0,0,28,2,51,0,44,0,8,968
Mizoram,Champhai,2012,23.1495,92.9226,5,1,5,24,2,0,0,44,208,0,0,5,0,11,0,15,0,0,300
Mizoram,Kolasib,2012,23.3695,93.1426,4,1,0,18,2,1,0,18,122,0,0,5,5,10,0,9,0,0,186
Mizoram,Lawngtlai,2012,23.2295,93.0026,3,0,1,14,2,0,1,14,62,0,1,0,0,9,0,0,0,0,106
Mizoram,Lunglei,2012,23.3295,93.1026,0,6,0,32,2,0,0,43,82,0,0,3,0,5,0,4,0,0,173
Mizoram,Mamit,2012,23.2195,92.9926,3,0,0,20,2,0,1,16,46,0,0,1,0,8,0,3,0,0,97
Mizoram,Saiha,2012,22.9895,92.7626,0,0,1,0,2,0,0,12,50,0,0,0,4,3,0,1,0,0,71
Mizoram,Serchhip,2012,23.3445,93.1176,3,0,0,14,0,0,0,5,64,0,0,0,1,6,0,9,0,0,93
Nagaland,Dimapur,2012,26.3284,94.7324,26,8,0,18,32,1,36,19,404,0,3,20,2,9,0,9,0,0,578
Nagaland,Kiphire,2012,26.1734,94.5774,4,2,1,0,0,0,0,0,4,0,0,1,0,0,0,0,0,0,11
Nagaland,Kohima,2012,26.0484,94.4524,11,10,1,2,6,0,9,15,144,0,0,10,0,2,0,2,0,0,209
Nagaland,Longleng,2012,26.0434,94.4474,1,1,0,0,0,0,0,0,2,0,0,0,0,1,0,0,0,0,13
Nagaland,Mokokchung,2012,26.2884,94.6924,5,6,0,6,0,0,0,7,22,0,0,2,1,2,0,3,0,0,61
Nagaland,Mon,2012,25.9134,94.3174,6,3,0,6,8,0,4,0,38,0,0,1,2,3,0,0,0,0,71
Nagaland,Peren,2012,26.1434,94.5474,5,1,0,0,2,0,1,4,18,0,0,1,0,2,0,0,0,0,34
Nagaland,Phek,2012,26.2334,94.6374,2,2,3,2,0,0,1,5,22,0,0,0,2,2,0,2,0,0,43
Nagaland,Tuensang,2012,26.1484,94.5524,4,2,1,2,0,0,0,4,24,0,0,3,0,0,0,0,0,0,44
Nagaland,Wokha,2012,26.2734,94.6774,1,4,0,4,0,0,1,0,56,0,0,0,0,6,0,0,0,0,72
Nagaland,Zunheboto,2012,26.1234,94.5274,10,3,0,2,6,0,2,11,28,0,0,1,0,3,0,0,0,0,66
Odisha,Angul,2012,21.1617,85.3085,65,63,0,126,118,16,104,161,1070,0,187,61,15,27,20,321,0,76,3835
Odisha,Balasore,2012,20.7367,84.8835,75,51,4,174,280,26,62,234,868,0,65,122,19,1720,43,242,0,307,4257
Odisha,Baragarh,2012,20.7917,84.9385,33,90,0,70,72,15,68,93,352,0,149,34,23,72,3,154,0,96,1749
Odisha,Berhampur,2012,20.7067,84.8535,30,119,4,36,48,32,62,94,582,0,33,98,7,90,10,158,0,119,1958
Odisha,Bhadrak,2012,21.0067,85.1535,39,55,0,108,144,10,17,81,348,0,20,87,15,38,20,93,0,155,2624
Odisha,Bolangir,2012,20.9017,85.0485,44,71,0,102,84,20,45,125,404,0,109,59,32,0,7,238,0,40,2151
Odisha,Boudh,2012,21.1017,85.2485,18,17,0,20,20,0,3,36,106,0,39,12,8,229,0,79,0,24,660
Odisha,Cuttack,2012,20.8467,84.9935,48,22,0,86,126,3,69,136,444,0,78,33,18,0,27,38,0,147,2882
Odisha,Dcp Bbsr,2012,21.0767,85.2235,46,72,0,112,182,28,81,292,2752,0,64,172,12,726,24,75,0,91,4960
Odisha,Dcp Ctc,2012,20.8917,85.0385,36,22,0,56,88,15,57,140,1154,0,32,80,3,0,14,30,0,134,2620
Odisha,Deogarh,2012,20.8517,84.9985,23,16,0,34,14,24,14,18,46,0,10,4,2,224,2,41,0,9,473
Odisha,Dhenkanal,2012,21.1317,85.2785,47,109,0,58,82,13,76,66,538,0,119,40,24,35,23,267,0,33,1947
Odisha,Gajapati,2012,20.8317,84.9785,12,19,1,36,28,0,2,9,42,0,62,7,18,82,2,61,0,8,397
Odisha,Ganjam,2012,21.0467,85.1935,86,259,0,106,134,39,75,128,410,0,177,37,40,315,32,356,0,39,2295
Odisha,Jagatsinghpur,2012,20.7617,84.9085,37,27,0,86,114,30,83,116,736,0,32,37,21,201,20,43,0,123,2139
Odisha,Jajpur,2012,21.1767,85.3235,78,27,0,98,126,24,51,137,848,0,74,43,18,872,51,83,0,162,2759
Odisha,Jharsuguda,2012,21.1817,85.3285,16,18,0,42,26,12,38,78,582,0,26,34,6,303,2,41,0,50,1247
Odisha,Kalahandi,2012,20.9067,85.0535,37,44,2,130,94,10,34,73,210,0,72,43,10,437,8,120,0,96,1685
Odisha,Kandhamal,2012,21.0667,85.2135,29,0,0,64,60,4,13,48,154,0,16,30,5,302,1,101,0,34,841
Odisha,Kendrapara,2012,21.0217,85.1685,49,21,1,76,138,10,38,108,376,0,22,33,28,140,48,7,0,43,2096
Odisha,Keonjhar,2012,21.0417,85.1885,97,83,23,204,148,9,38,125,614,0,80,48,19,581,28,231,0,181,2507
Odisha,Khurda,2012,21.1267,85.2735,37,54,16,54,106,7,47,87,292,0,56,37,6,27,16,338,0,178,1848
Odisha,Koraput,2012,20.9817,85.1285,55,50,0,146,72,18,48,85,286,0,92,28,15,0,21,114,0,0,1430
Odisha,Malkangir,2012,21.0667,85.2135,40,44,0,34,44,12,4,21,96,0,48,27,3,0,5,51,0,14,502
Odisha,Mayurbhanj,2012,20.9467,85.0935,80,60,0,172,134,27,37,114,472,0,43,56,23,107,34,295,0,129,2565
Odisha,Nayagarh,2012,20.7817,84.9285,38,99,0,50,86,12,40,63,296,0,36,31,16,417,16,11,0,17,1242
Odisha,Nowrangpur,2012,20.7267,84.8735,39,20,2,84,90,4,20,38,128,0,49,20,5,86,2,83,0,43,1022
Odisha,Nuapada,2012,21.0017,85.1485,19,31,0,36,38,4,16,23,122,0,36,29,10,28,1,62,0,13,921
Odisha,Puri,2012,21.0967,85.2435,61,67,0,84,110,22,114,219,920,0,170,77,7,177,26,33,0,161,3883
Odisha,Rayagada,2012,20.8267,84.9735,24,51,0,82,86,10,18,73,180,0,36,16,13,41,4,111,0,29,1044
Odisha,Rourkela,2012,21.1017,85.2485,80,48,0,130,46,19,30,101,888,0,19,66,6,171,2,102,0,29,1861
Odisha,Sambalpur,2012,21.1217,85.2685,54,54,0,114,68,4,113,183,852,0,74,54,9,248,0,62,0,32,2474
Odisha,Sonepur,2012,20.7717,84.9185,17,25,0,24,18,4,12,29,112,0,30,31,6,62,4,53,0,10,559
Odisha,Srp(Cuttack),2012,20.9017,85.0485,5,6,0,0,4,5,17,9,1082,0,0,7,0,14,0,11,0,0,1149
Odisha,Srp(Rourkela),2012,20.9967,85.1435,6,6,0,2,6,8,19,25,550,0,0,4,0,0,1,9,0,2,626
Odisha,Sundargarh,2012,20.7717,84.9185,48,59,1,80,50,5,48,62,348,0,50,10,7,451,8,73,0,14,1370
Punjab,Amritsar Rural,2012,31.634,74.8723,46,61,1,36,90,13,5,76,362,0,0,107,3,160,8,12,0,49,1198
Punjab,Barnala,2012,31.3321,75.5262,18,21,2,50,18,5,1,37,180,0,0,78,0,75,2,4,0,14,688
Punjab,Batala,2012,31.1221,75.3162,19,43,8,50,46,11,5,64,292,0,0,49,4,175,4,10,0,19,1023
Punjab,Bhatinda,2012,30.9171,75.1112,53,59,4,88,92,2,4,167,622,0,0,153,4,229,6,19,0,55,1810
Punjab,Cp Amritsar,2012,31.634,74.8723,42,80,2,54,104,16,25,158,832,0,0,266,6,134,5,14,0,105,1964
Punjab,Cp Jalandhar,2012,31.0171,75.2112,14,46,5,66,78,4,18,195,886,0,0,171,5,132,6,17,0,107,1698
Punjab,Cp Ludhiana,2012,30.901,75.8573,79,78,11,138,246,23,19,196,1008,0,0,281,5,194,10,30,0,135,3065
Punjab,Faridkot,2012,30.9071,75.1012,22,26,0,34,48,5,2,85,212,0,0,53,0,121,2,11,0,20,771
Punjab,Fatehgarh Sahib,2012,31.0171,75.2112,17,11,2,30,20,5,1,63,162,0,0,85,0,137,2,3,0,21,767
Punjab,Fazilka,2012,30.9721,75.1662,37,30,3,64,80,7,2,60,266,0,0,92,0,156,2,1,0,36,962
Punjab,Ferozpur,2012,31.2371,75.4312,37,43,2,30,40,5,3,113,378,0,0,128,8,231,4,4,0,43,1228
Punjab,G.R.P,2012,31.3271,75.5212,5,5,1,0,0,0,0,1,110,0,0,3,0,8,2,0,0,0,359
Punjab,Gurdaspur,2012,30.9771,75.1712,19,27,5,28,74,4,1,68,188,0,0,77,0,101,10,11,0,45,840
Punjab,Hoshiarpur,2012,31.2071,75.4012,45,31,4,66,82,15,38,174,458,0,0,104,3,250,8,14,0,70,1626
Punjab,Jalandhar Rural,2012,31.1871,75.3812,49,49,4,58,76,23,25,140,348,0,0,181,13,255,3,34,0,53,1634
Punjab,Kapurthala,2012,30.9371,75.1312,24,45,4,32,86,12,16,149,426,0,0,110,1,204,3,8,0,46,1408
Punjab,Khanna,2012,31.1671,75.3612,20,23,2,28,30,1,1,58,292,0,0,65,0,98,0,3,0,18,834
Punjab,Ludhiana Rural,2012,30.901,75.8573,25,31,5,22,64,11,3,80,188,0,0,75,0,78,4,5,0,23,829
Punjab,Mansa,2012,30.9521,75.1462,15,25,6,44,34,1,0,54,130,0,0,51,5,101,3,9,0,23,650
Punjab,Moga,2012,31.1921,75.3862,37,44,2,46,40,5,6,107,308,0,1,114,5,161,3,14,0,25,1152
Punjab,Muktsar,2012,31.0321,75.2262,25,30,3,36,70,3,4,67,224,0,0,45,1,159,3,10,0,30,821
Punjab,Pathankot,2012,31.1971,75.3912,11,6,0,26,26,1,3,25,96,0,0,41,0,28,7,2,0,25,472
Punjab,Patiala,2012,31.0121,75.2062,53,53,13,88,90,22,1,181,614,0,0,269,4,276,4,24,0,86,2545
Punjab,Ropar,2012,30.9021,75.0962,20,8,1,44,42,4,0,78,440,0,0,78,4,90,0,13,0,15,1108
Punjab,Sangrur,2012,31.1871,75.3812,41,45,6,68,78,11,5,112,362,0,0,134,3,220,7,24,0,40,2103
Punjab,Sas Ngr,2012,31.2471,75.4412,22,51,2,46,104,4,7,171,728,0,0,435,0,149,7,31,0,127,2414
Punjab,Sbs Nagar,2012,31.1121,75.3062,19,15,1,42,34,6,12,70,176,0,0,72,0,117,0,3,0,25,704
Punjab,Tarn Taran,2012,30.8971,75.0912,41,59,5,45,46,13,6,79,256,0,0,134,0,147,3,10,0,38,1117
Rajasthan,Ajmer,2012,26.4499,74.6399,38,36,7,140,214,5,17,151,1260,0,6,1174,13,236,13,72,0,668,6550
Rajasthan,Alwar,2012,26.9488,74.1429,100,88,7,258,486,13,63,231,6440,0,8,1213,22,2612,47,135,0,655,11941
Rajasthan,Banswara,2012,27.1438,74.3379,34,16,3,112,192,1,13,74,258,0,50,137,21,632,4,49,0,237,2777
Rajasthan,Baran,2012,27.0538,74.2479,45,43,0,138,168,0,4,81,644,0,0,312,16,366,7,185,0,313,3596
Rajasthan,Barmer,2012,27.2438,74.4379,29,30,3,42,70,0,3,115,774,0,0,346,19,442,20,59,0,237,3744
Rajasthan,Bharatpur,2012,27.0638,74.2579,91,77,2,216,424,20,41,73,2932,0,0,798,18,92,32,79,0,567,8849
Rajasthan,Bhilwara,2012,27.1438,74.3379,29,42,1,118,156,1,21,166,1234,0,18,590,13,63,10,98,0,609,4893
Rajasthan,Bikaner,2012,26.9588,74.1529,45,73,9,134,82,0,12,116,548,0,0,755,15,229,16,31,0,546,4535
Rajasthan,Bundi,2012,27.1988,74.3929,18,32,5,86,162,0,3,57,484,0,5,292,10,654,5,90,0,304,3124
Rajasthan,Chittorgarh,2012,26.8788,74.0729,38,25,2,118,192,5,18,130,862,0,17,349,18,845,6,64,0,608,4390
Rajasthan,Churu,2012,27.0738,74.2679,42,38,2,118,74,2,4,81,388,0,0,522,13,431,8,5,0,405,3363
Rajasthan,Dausa,2012,27.0938,74.2879,30,17,6,28,202,1,18,33,1884,0,14,479,7,36,19,9,0,181,5101
Rajasthan,Dholpur,2012,27.0088,74.2029,50,68,6,64,158,11,13,37,692,0,0,223,5,1290,30,19,0,195,3739
Rajasthan,Dungarpur,2012,27.0238,74.2179,26,12,1,64,134,0,16,41,114,0,9,65,13,159,5,48,0,119,1844
Rajasthan,G.R.P.Ajmer,2012,26.4499,74.6399,4,2,0,8,16,0,2,1,1222,0,5,7,0,5,1,13,0,0,1272
Rajasthan,G.R.P.Jodhpur,2012,26.2389,73.0243,2,0,0,2,2,0,0,1,166,0,0,0,1,1,1,2,0,0,175
Rajasthan,Ganganagar,2012,27.0638,74.2579,51,66,0,154,158,0,3,174,622,0,0,958,5,691,21,58,0,803,5427
Rajasthan,Hanumangarh,2012,27.1788,74.3729,49,58,0,184,126,3,5,77,460,0,0,607,9,276,19,43,0,515,4077
Rajasthan,Jaipur East,2012,28.6333,77.2833,21,24,3,82,122,3,126,352,5020,0,48,626,8,57,10,24,0,201,6489
Rajasthan,Jaipur North,2012,28.7,77.1833,12,20,0,74,128,1,37,79,1178,0,12,519,2,263,13,29,0,265,2936
Rajasthan,Jaipur Rural,2012,26.9124,75.7873,38,37,2,78,192,10,21,139,1192,0,12,679,14,410,11,46,0,281,5484
Rajasthan,Jaipur South,2012,28.5333,77.2,17,17,1,34,52,2,53,218,2214,0,4,527,2,103,7,20,0,217,4016
Rajasthan,Jaipur West,2012,28.65,77.1,26,20,2,76,138,2,40,319,2186,0,3,1012,8,226,0,18,0,257,5288
Rajasthan,Jaisalmer,2012,26.7738,73.9679,9,8,0,24,18,0,3,58,214,0,8,146,7,253,11,20,0,22,1177
Rajasthan,Jalore,2012,27.0488,74.2429,23,18,0,26,94,1,5,90,366,0,11,187,14,15,15,40,0,138,2480
Rajasthan,Jhalawar,2012,26.8238,74.0179,47,44,4,162,182,3,10,59,674,0,29,210,22,766,5,205,0,434,3795
Rajasthan,Jhunjhunu,2012,26.8438,74.0379,36,15,3,90,126,0,9,127,582,0,11,510,12,560,17,44,0,347,4358
Rajasthan,Jodhpur East,2012,28.6333,77.2833,12,27,3,40,30,0,16,50,794,0,0,447,1,417,11,16,0,296,2303
Rajasthan,Jodhpur Rural,2012,26.2389,73.0243,34,38,3,54,66,1,12,66,448,0,3,226,18,771,16,26,0,121,2788
Rajasthan,Jodhpur West,2012,28.65,77.1,15,42,3,40,58,0,23,124,1292,0,0,275,12,286,5,27,0,5,2228
Rajasthan,Karauli,2012,27.1438,74.3379,41,40,0,88,208,0,19,32,1370,0,8,213,17,2,15,7,0,196,4561
Rajasthan,Kota City,2012,25.2138,75.8648,28,68,1,90,164,7,27,86,1192,0,0,756,3,115,5,73,0,428,3972
Rajasthan,Kota Rural,2012,25.2138,75.8648,20,56,1,84,98,1,8,48,266,0,3,199,9,185,6,105,0,200,2331
Rajasthan,Nagaur,2012,27.1488,74.3429,49,58,2,106,258,1,7,155,686,0,0,568,7,84,11,66,0,416,4498
Rajasthan,Pali,2012,26.8388,74.0329,56,56,8,122,214,3,28,178,656,0,0,453,11,68,9,75,0,464,5469
Rajasthan,Pratapgarh,2012,27.1088,74.3029,29,27,3,274,160,0,7,59,258,0,25,160,8,536,2,79,0,276,2585
Rajasthan,Rajsamand,2012,26.9338,74.1279,26,19,1,28,124,1,19,116,336,0,20,302,4,484,5,40,0,263,2439
Rajasthan,Sawai Madhopur,2012,26.8038,73.9979,24,27,2,38,190,1,5,40,1210,0,0,355,7,0,6,39,0,213,4054
Rajasthan,Sikar,2012,27.2388,74.4329,51,34,0,110,192,2,4,143,1238,0,11,912,23,234,18,22,0,322,5824
Rajasthan,Sirohi,2012,27.2038,74.3979,29,16,1,58,138,0,10,60,232,0,26,220,14,341,4,74,0,180,1906
Rajasthan,Tonk,2012,26.9938,74.1879,21,24,0,38,138,0,3,74,466,0,36,310,4,860,3,24,0,309,3232
Rajasthan,Udaipur,2012,24.5854,73.7125,76,80,1,298,380,4,59,299,1574,0,171,1007,30,1518,9,174,0,499,7984
Sikkim,East,2012,28.6333,77.2833,3,4,0,26,12,0,2,22,84,0,12,22,7,31,1,7,0,2,225
Sikkim,North,2012,28.7,77.1833,1,1,0,0,0,0,0,5,14,0,0,0,0,5,0,0,0,0,31
Sikkim,South,2012,28.5333,77.2,1,2,0,24,6,0,2,21,78,0,5,6,7,33,0,6,0,1,185
Sikkim,West,2012,28.65,77.1,2,0,0,18,2,0,2,17,58,0,5,3,6,22,0,6,0,1,135
Tamil Nadu,Ariyalur,2012,11.2521,78.7819,19,32,3,22,94,1,8,41,262,0,41,11,13,433,1,53,0,13,2480
Tamil Nadu,Chennai,2012,13.0827,80.2707,180,219,4,188,174,2,85,546,4338,0,95,769,10,1412,12,90,0,237,19881
Tamil Nadu,Chennai Rly.,2012,13.0827,80.2707,1,5,0,0,4,2,18,1,428,0,2,0,0,29,0,5,0,2,558
Tamil Nadu,Coimbatore Rural,2012,11.0168,76.9558,51,28,0,18,82,4,72,125,708,0,130,89,10,442,1,38,0,48,5093
Tamil Nadu,Coimbatore Urban,2012,11.0168,76.9558,29,37,0,40,40,2,101,125,1088,0,16,132,21,272,0,17,0,112,10357
Tamil Nadu,Cuddalore,2012,10.9221,78.4519,70,120,3,80,304,9,44,192,1036,0,332,38,47,1384,8,64,0,63,11318
Tamil Nadu,Dharmapuri,2012,11.3221,78.8519,50,32,10,50,196,1,21,73,310,0,92,36,42,994,1,48,0,66,3742
Tamil Nadu,Dindigul,2012,11.0971,78.6269,74,89,0,32,194,1,60,106,406,0,81,118,13,606,4,34,0,111,5985
Tamil Nadu,Erode,2012,11.3071,78.8369,40,31,0,16,60,1,44,94,688,0,32,118,12,399,1,42,0,26,4789
Tamil Nadu,Kanchipuram,2012,10.9271,78.4569,76,113,0,38,34,1,22,167,1096,0,154,152,11,641,3,17,0,17,8040
Tamil Nadu,Kanyakumari,2012,11.0221,78.5519,53,110,2,24,66,6,86,203,480,0,0,132,50,740,4,11,0,100,4810
Tamil Nadu,Karur,2012,11.1021,78.6319,26,18,0,8,98,1,30,39,270,0,28,18,2,198,1,25,0,11,2401
Tamil Nadu,Krishnagiri,2012,16.1809,81.1303,63,41,0,28,90,3,57,116,332,0,160,71,15,663,1,51,0,33,4196
Tamil Nadu,Madurai Rural,2012,9.9252,78.1198,76,142,2,60,166,14,121,191,740,0,196,348,24,632,11,75,0,71,6358
Tamil Nadu,Madurai Urban,2012,9.9252,78.1198,31,74,0,22,130,2,79,68,918,0,26,294,8,245,3,28,0,62,3261
Tamil Nadu,Nagapattinam,2012,10.9171,78.4469,56,44,0,20,84,2,18,68,400,0,59,18,28,518,1,34,0,10,4245
Tamil Nadu,Namakkal,2012,11.3721,78.9019,30,33,0,24,96,4,44,62,212,0,35,82,5,458,1,39,0,8,4070
Tamil Nadu,Nilgiris,2012,10.8821,78.4119,14,17,0,18,16,0,5,65,84,0,8,26,2,195,1,15,0,8,1216
Tamil Nadu,Perambalur,2012,11.1921,78.7219,11,15,0,6,62,1,13,37,166,0,34,21,2,168,0,22,0,6,1455
Tamil Nadu,Pudukottai,2012,11.3371,78.8669,31,36,1,12,66,1,18,34,282,0,55,42,12,282,0,26,0,35,3142
Tamil Nadu,Ramnathapuram,2012,11.2321,78.7619,54,81,1,18,80,4,45,81,356,0,99,55,24,487,3,15,0,18,3549
Tamil Nadu,Salem Rural,2012,11.6643,78.146,60,40,0,72,158,0,26,66,408,0,133,92,18,1418,1,87,0,35,5939
Tamil Nadu,Salem Urban,2012,11.6643,78.146,16,22,0,30,46,4,39,31,324,0,32,35,1,315,3,12,0,21,2329
Tamil Nadu,Sivagangai,2012,11.3421,78.8719,47,58,0,22,86,5,34,95,388,0,75,83,13,319,3,37,0,57,3598
Tamil Nadu,Thanjavur,2012,11.0871,78.6169,62,97,0,28,114,8,100,167,840,0,176,99,36,894,1,76,0,28,6785
Tamil Nadu,Theni,2012,10.9271,78.4569,39,69,1,44,90,3,48,113,430,0,83,129,20,622,5,50,0,63,4312
Tamil Nadu,Thirunelveli Rural,2012,10.9821,78.5119,88,288,0,88,104,2,103,185,460,0,4,227,81,1061,3,58,0,266,9024
Tamil Nadu,Thirunelveli Urban,2012,11.2971,78.8269,19,163,0,6,14,0,38,18,116,0,0,64,7,119,2,6,0,25,1352
Tamil Nadu,Thiruvallur,2012,10.9921,78.5219,40,49,2,36,28,1,24,117,406,0,105,40,5,447,5,8,0,19,3579
Tamil Nadu,Thiruvannamalai,2012,11.3571,78.8869,52,56,0,42,124,2,19,76,482,0,148,78,20,635,1,8,0,37,4874
Tamil Nadu,Thiruvarur,2012,11.3171,78.8469,33,45,0,22,68,3,20,68,350,0,20,19,25,536,1,6,0,16,4039
Tamil Nadu,Thoothugudi,2012,10.9971,78.5269,85,208,0,52,82,3,78,184,496,0,0,92,32,686,1,1,0,50,5324
Tamil Nadu,Tiruppur,2012,11.2171,78.7469,63,83,0,16,102,6,131,283,1108,0,67,155,8,645,7,52,0,76,7046
Tamil Nadu,Trichy Rly.,2012,11.1121,78.6419,2,3,0,0,2,0,3,1,164,0,2,2,0,15,0,2,0,1,216
Tamil Nadu,Trichy Rural,2012,11.3421,78.8719,44,44,0,28,58,0,46,73,206,0,34,22,6,377,3,33,0,24,4485
Tamil Nadu,Trichy Urban,2012,10.9771,78.5069,26,22,0,14,44,0,56,42,506,0,7,103,3,146,3,9,0,24,2926
Tamil Nadu,Vellore,2012,11.2471,78.7769,76,82,11,48,152,6,40,188,978,0,9,71,17,789,8,38,0,61,7710
Tamil Nadu,Villupuram,2012,11.2421,78.7719,100,211,4,156,404,8,51,189,1202,0,486,99,59,1326,4,239,0,58,10486
Tamil Nadu,Virudhunagar,2012,11.1371,78.6669,62,97,0,46,78,3,51,127,528,0,80,171,24,552,2,23,0,47,5504
Tripura,Dhalai,2012,24.0858,92.1332,20,8,1,70,22,2,13,17,58,0,8,7,1,70,5,30,0,56,443
Tripura,Gomati,2012,23.6908,91.7382,18,8,0,52,32,2,5,28,264,0,29,12,7,321,4,34,0,157,1147
Tripura,Grp,2012,23.9708,92.0182,1,0,0,0,0,0,0,0,10,0,0,1,0,1,0,0,0,0,13
Tripura,Khowai,2012,23.8258,91.8732,12,4,0,20,10,0,1,18,66,0,13,9,7,131,3,22,0,36,423
Tripura,North,2012,28.7,77.1833,11,10,0,58,32,2,4,19,90,0,8,11,6,105,3,48,0,101,553
Tripura,Sipahijala,2012,23.7558,91.8032,12,9,0,46,58,0,10,37,168,0,16,14,17,250,3,42,0,155,987
Tripura,South,2012,28.5333,77.2,15,20,0,60,34,1,8,37,92,0,23,12,2,190,5,46,0,89,774
Tripura,Unakoti,2012,24.1608,92.2082,9,8,1,52,20,0,9,5,90,0,6,20,3,159,2,26,0,92,533
Tripura,West,2012,28.65,77.1,26,12,0,100,70,0,10,78,292,0,25,19,16,277,12,66,0,172,1394
Uttar Pradesh,Agra,2012,27.1767,78.0081,152,171,40,116,642,19,233,392,6944,0,476,350,7,377,88,134,0,320,9879
Uttar Pradesh,Aligarh,2012,27.8974,78.088,177,150,30,128,596,26,121,192,2700,0,252,377,18,254,71,101,0,268,5806
Uttar Pradesh,Allahabad,2012,25.4358,81.8463,115,114,35,104,446,9,55,272,2614,0,113,308,18,411,63,79,0,247,6394
Uttar Pradesh,Ambedkar Nagar,2012,26.8067,80.9062,35,32,9,24,138,0,24,31,246,0,66,69,0,147,9,10,0,75,1211
Uttar Pradesh,Auraiya,2012,27.0267,81.1262,24,29,9,26,204,1,19,31,300,0,9,60,0,87,18,27,0,40,1319
Uttar Pradesh,Azamgarh,2012,26.8117,80.9112,73,88,34,38,242,1,59,72,480,0,182,131,1,328,25,28,0,101,2284
Uttar Pradesh,Badaun,2012,26.9517,81.0512,108,136,31,48,214,3,40,63,436,0,6,49,1,315,47,48,0,65,2537
Uttar Pradesh,Baghpat,2012,26.9667,81.0662,80,93,16,36,160,6,46,46,520,0,63,63,0,134,19,26,0,76,1560
Uttar Pradesh,Bahraich,2012,26.9717,81.0712,41,42,23,54,232,2,15,74,430,0,69,141,3,173,38,28,0,4,2369
Uttar Pradesh,Ballia,2012,26.6167,80.7162,45,27,15,24,168,8,38,97,470,0,102,70,3,239,28,22,0,51,1607
Uttar Pradesh,Balrampur,2012,26.6017,80.7012,23,10,2,24,106,2,6,33,124,0,21,66,2,74,5,17,0,4,586
Uttar Pradesh,Banda,2012,26.8967,80.9962,40,24,20,44,96,0,9,42,268,0,34,32,15,24,36,58,0,51,1224
Uttar Pradesh,Barabanki,2012,26.9967,81.0962,73,51,29,62,260,0,16,53,394,0,12,141,4,256,31,39,0,114,2096
Uttar Pradesh,Bareilly,2012,28.367,79.4304,114,151,36,172,530,3,68,146,1524,0,134,388,15,795,61,112,0,88,5228
Uttar Pradesh,Basti,2012,27.0667,81.1662,33,19,14,14,122,0,12,36,322,0,13,68,1,134,21,17,0,69,1237
Uttar Pradesh,Bhim Nagar,2012,26.7917,80.8912,77,96,23,46,186,7,43,91,558,0,99,79,0,121,27,30,0,64,1914
Uttar Pradesh,Bijnor,2012,26.6417,80.7412,89,67,16,86,320,4,56,74,714,0,67,229,0,5,19,43,0,257,3108
Uttar Pradesh,Bulandshahar,2012,26.9167,81.0162,140,144,44,92,376,7,61,78,1052,0,97,213,5,14,48,63,0,304,3554
Uttar Pradesh,Chandoli,2012,26.8267,80.9262,25,14,10,22,68,2,13,25,248,0,9,38,4,188,14,23,0,37,1043
Uttar Pradesh,Chitrakoot Dham,2012,26.8017,80.9012,34,10,9,62,86,2,7,68,194,0,16,29,7,13,22,35,0,23,780
Uttar Pradesh,Csm Nagar,2012,26.8817,80.9812,35,55,15,52,210,4,17,59,274,0,51,37,2,237,12,52,0,56,1522
Uttar Pradesh,Deoria,2012,26.9517,81.0512,35,25,18,36,134,3,12,47,354,0,48,120,0,147,29,16,0,34,1446
Uttar Pradesh,Etah,2012,26.7317,80.8312,73,115,21,44,220,9,37,41,778,0,108,120,14,235,38,62,0,82,2468
Uttar Pradesh,Etawah,2012,26.7267,80.8262,59,55,9,18,142,3,33,52,546,0,14,80,7,78,26,26,0,42,1996
Uttar Pradesh,Faizabad,2012,26.9717,81.0712,45,41,11,58,286,0,33,91,526,0,66,96,0,213,18,32,0,7,2281
Uttar Pradesh,Fatehgarh,2012,26.8217,80.9212,68,66,10,28,212,4,15,75,534,0,30,80,0,56,34,39,0,71,1608
Uttar Pradesh,Fatehpur,2012,26.9917,81.0912,79,33,20,70,236,6,17,63,262,0,48,98,3,295,41,65,0,56,2152
Uttar Pradesh,Firozabad,2012,26.9417,81.0412,100,108,30,64,386,3,85,64,1270,0,138,146,1,289,50,49,0,98,3096
Uttar Pradesh,G.R.P.,2012,26.7567,80.8562,22,11,7,6,28,8,40,1,3672,0,23,32,0,4,2,36,0,0,3847
Uttar Pradesh,Gautambudh Nagar,2012,26.7517,80.8512,89,103,16,38,316,8,202,189,5824,0,150,322,1,91,17,50,0,142,7333
Uttar Pradesh,Ghaziabad,2012,28.6692,77.4538,146,111,39,62,510,17,106,207,5414,0,76,324,0,14,41,60,0,277,7477
Uttar Pradesh,Ghazipur,2012,27.0167,81.1162,47,56,23,18,122,3,28,78,346,0,64,102,3,216,32,16,0,60,1430
Uttar Pradesh,Gonda,2012,27.0567,81.1562,39,38,22,46,250,0,31,106,476,0,111,254,0,340,37,40,0,5,2458
Uttar Pradesh,Gorakhpur,2012,26.8417,80.9412,98,136,45,104,464,14,69,197,1942,0,236,413,6,410,53,56,0,180,4577
Uttar Pradesh,Hamirpur,2012,26.6617,80.7612,36,27,21,50,92,5,17,28,144,0,19,19,4,58,17,37,0,28,848
Uttar Pradesh,Hardoi,2012,26.8567,80.9562,77,57,30,60,270,0,12,52,492,0,43,93,3,243,48,54,0,87,3005
Uttar Pradesh,Hathras,2012,26.7517,80.8512,53,52,13,34,168,14,43,77,566,0,71,77,3,145,18,39,0,91,1770
Uttar Pradesh,J.P.Nagar,2012,26.6467,80.7462,60,36,15,68,138,6,52,36,468,0,57,120,0,106,19,31,0,82,1649
Uttar Pradesh,Jalaun,2012,26.7467,80.8462,46,32,10,30,136,3,16,37,306,0,33,60,0,10,40,32,0,47,1292
Uttar Pradesh,Jaunpur,2012,26.5967,80.6962,50,64,27,30,230,4,53,51,372,0,49,75,9,324,51,18,0,55,1822
Uttar Pradesh,Jhansi,2012,26.7467,80.8462,65,50,14,38,148,2,29,81,692,0,73,67,7,153,33,34,0,53,2016
Uttar Pradesh,Kannauj,2012,26.7917,80.8912,48,36,13,24,172,0,8,40,256,0,26,71,5,5,27,36,0,106,1689
Uttar Pradesh,Kanpur Nagar,2012,26.4499,80.3319,151,126,28,110,636,15,142,225,3028,0,137,506,2,289,56,110,0,317,7018
Uttar Pradesh,Kanshiram Nagar,2012,26.8467,80.9462,50,54,6,36,130,0,12,21,266,0,42,54,2,134,26,36,0,26,1123
Uttar Pradesh,Kaushambi,2012,26.9367,81.0362,44,12,14,22,108,1,13,49,176,0,22,66,2,80,20,31,0,46,1302
Uttar Pradesh,Khiri,2012,27.0867,81.1862,89,98,21,68,364,3,23,50,834,0,42,69,1,432,51,59,0,57,2917
Uttar Pradesh,Kushi Nagar,2012,26.6667,80.7662,36,28,22,60,196,1,10,39,292,0,101,83,10,166,28,22,0,28,1698
Uttar Pradesh,Lalitpur,2012,27.0217,81.1212,23,10,11,28,50,0,11,23,114,0,16,39,0,15,7,27,0,13,697
Uttar Pradesh,Lucknow,2012,26.8467,80.9462,141,99,27,96,630,9,63,479,4924,0,195,952,3,91,32,110,0,538,11083
Uttar Pradesh,Maharajganj,2012,26.9817,81.0812,30,21,16,68,190,9,10,52,176,0,85,157,8,171,20,14,0,23,1524
Uttar Pradesh,Mahoba,2012,26.7517,80.8512,29,16,7,32,96,0,12,49,162,0,24,34,1,5,20,48,0,24,791
Uttar Pradesh,Mainpuri,2012,26.7667,80.8662,81,84,18,30,278,7,56,70,808,0,78,72,10,196,39,51,0,81,2400
Uttar Pradesh,Mathura,2012,26.7617,80.8612,101,121,19,82,310,12,73,66,1680,0,143,224,8,188,34,75,0,235,4438
Uttar Pradesh,Mau,2012,27.0717,81.1712,23,61,15,18,164,2,27,73,396,0,105,142,11,237,11,31,0,92,1535
Uttar Pradesh,Meerut,2012,28.9845,77.7064,202,246,28,108,574,21,264,277,4788,0,284,443,1,22,39,129,0,435,7984
Uttar Pradesh,Mirzapur,2012,26.6967,80.7962,27,3,8,8,14,1,3,21,82,0,0,57,3,85,24,3,0,29,775
Uttar Pradesh,Moradabad,2012,27.0267,81.1262,90,84,14,72,324,16,95,109,1684,0,97,153,0,88,28,72,0,255,3652
Uttar Pradesh,Muzaffarnagar,2012,26.9667,81.0662,126,134,21,54,434,7,62,74,1188,0,94,183,1,28,16,38,0,225,3715
Uttar Pradesh,Panchshil Nagar,2012,26.8017,80.9012,56,68,14,30,130,2,38,30,732,0,49,86,0,35,17,22,0,56,1765
Uttar Pradesh,Pilibhit,2012,26.6317,80.7312,47,21,6,20,130,7,7,11,166,0,6,135,0,1,25,15,0,79,2296
Uttar Pradesh,Prabuddh Nagar,2012,26.7967,80.8962,55,58,12,14,128,2,41,24,338,0,56,46,0,4,12,14,0,55,1268
Uttar Pradesh,Pratapgarh,2012,26.9317,81.0312,57,81,21,72,232,3,43,101,476,0,151,104,20,361,24,53,0,72,2354
Uttar Pradesh,Raibareilly,2012,28.367,79.4304,37,39,9,72,192,1,14,67,358,0,45,60,1,137,23,46,0,50,1774
Uttar Pradesh,Ramabai Nagar,2012,26.8267,80.9262,44,14,8,36,166,1,11,18,170,0,25,86,6,194,28,32,0,77,2013
Uttar Pradesh,Rampur,2012,26.9317,81.0312,51,66,13,52,200,12,48,62,676,0,60,146,0,1,12,32,0,138,2105
Uttar Pradesh,Saharanpur,2012,26.9567,81.0562,70,78,37,36,202,4,34,30,896,0,68,245,1,113,27,17,0,113,3254
Uttar Pradesh,Sant Kabirnagar,2012,27.0467,81.1462,16,17,8,36,100,0,9,33,110,0,17,37,6,134,12,5,0,10,736
Uttar Pradesh,Shahjahanpur,2012,27.0667,81.1662,77,80,21,54,260,3,17,43,454,0,29,111,20,250,51,48,0,73,2632
Uttar Pradesh,Shrawasti,2012,26.7067,80.8062,24,10,7,44,84,19,5,17,114,0,7,21,0,137,18,20,0,1,553
Uttar Pradesh,Sidharthnagar,2012,26.8717,80.9712,27,5,4,44,96,2,3,27,158,0,15,23,0,38,8,13,0,35,707
Uttar Pradesh,Sitapur,2012,26.7667,80.8662,96,81,23,98,482,3,32,114,810,0,69,96,22,219,45,94,0,125,3360
Uttar Pradesh,Sonbhadra,2012,27.0867,81.1862,25,13,19,42,62,1,8,35,190,0,2,40,0,131,17,18,0,21,901
Uttar Pradesh,St.Ravidasnagar,2012,26.7517,80.8512,10,20,7,8,36,0,2,18,94,0,6,36,0,56,7,6,0,13,466
Uttar Pradesh,Sultanpur,2012,26.6517,80.7512,44,80,13,52,134,7,33,108,558,0,90,48,13,243,15,29,0,84,1821
Uttar Pradesh,Unnao,2012,27.0117,81.1112,60,46,26,82,364,1,14,90,402,0,46,111,2,35,44,81,0,141,2683
Uttar Pradesh,Varanasi,2012,25.3176,82.9739,59,62,13,42,198,0,28,94,1400,0,96,341,1,216,35,26,0,177,3465
Uttarakhand,Almora,2012,30.2868,79.2393,4,6,1,10,0,0,4,10,42,0,3,6,3,0,2,5,0,5,150
Uttarakhand,Bageshwar,2012,30.0068,78.9593,3,2,0,16,2,0,0,6,8,0,3,5,2,11,4,5,0,2,74
Uttarakhand,Chamoli,2012,30.1168,79.0693,1,3,1,4,4,0,0,8,18,0,3,5,0,14,1,4,0,0,74
Uttarakhand,Champawat,2012,30.0868,79.0393,2,1,0,6,0,0,1,10,10,0,2,6,0,25,1,4,0,0,85
Uttarakhand,Dehradun,2012,30.0068,78.9593,37,29,7,60,86,4,19,118,1150,0,86,185,4,467,13,24,0,111,2245
Uttarakhand,Haridwar,2012,29.9968,78.9493,74,54,9,94,212,12,67,71,1238,0,115,142,3,390,10,38,0,89,2613
Uttarakhand,Nainital,2012,30.2268,79.1793,17,12,10,32,58,2,12,30,214,0,33,26,0,20,10,11,0,22,740
Uttarakhand,Pauri Garhwal,2012,30.0418,78.9943,9,2,3,4,20,0,3,19,116,0,19,18,0,28,2,1,0,2,256
Uttarakhand,Pithoragarh,2012,29.9918,78.9443,9,0,2,2,2,0,0,18,14,0,4,4,3,15,2,2,0,2,103
Uttarakhand,Rudra Prayag,2012,30.2318,79.1843,3,0,3,4,6,0,4,13,12,0,5,14,0,6,1,5,0,4,111
Uttarakhand,Tehri Garhwal,2012,29.8518,78.8043,5,2,0,2,6,0,3,5,34,0,5,7,1,0,3,1,0,0,101
Uttarakhand,Udhamsingh Nagar,2012,29.8868,78.8393,52,50,8,60,190,14,31,80,948,0,87,109,0,43,22,38,0,128,2314
Uttarakhand,Uttarkashi,2012,29.9568,78.9093,1,0,0,2,8,0,0,3,22,0,4,2,1,3,0,1,0,3,72
West Bengal,24 Parganas North,2012,28.7,77.1833,140,108,80,236,994,74,61,6,2906,0,680,141,19,79,74,196,0,1860,11765
West Bengal,24 Parganas South,2012,28.5333,77.2,224,8,28,488,838,92,35,51,2558,0,1976,250,15,234,45,83,0,1666,14370
West Bengal,Asansol,2012,23.0618,87.93,60,25,9,72,154,59,75,21,1894,0,212,15,1,93,15,31,0,240,3897
West Bengal,Bankura,2012,23.1418,88.01,61,37,6,70,168,22,26,14,448,0,219,66,22,187,26,90,0,221,2758
West Bengal,Bdn Cp,2012,23.1068,87.975,15,35,4,26,106,56,17,10,1694,0,32,186,0,0,9,58,0,320,3446
West Bengal,Birbhum,2012,22.9968,87.865,113,186,63,98,152,59,42,26,748,0,248,74,20,521,23,87,0,245,3083
West Bengal,Bkp Cp,2012,23.0218,87.89,89,49,18,72,428,60,48,9,2714,0,125,224,0,143,20,88,0,989,6608
West Bengal,Burdwan,2012,23.2324,87.8615,91,167,23,116,198,77,41,6,940,0,349,202,23,578,55,145,0,224,4674
West Bengal,Coochbehar,2012,23.0968,87.965,48,94,25,184,358,8,9,12,568,0,69,86,26,163,25,117,0,539,3491
West Bengal,Dakshin Dinajpur,2012,23.1118,87.98,53,238,8,132,284,2,3,4,504,0,15,63,10,221,18,83,0,342,2725
West Bengal,Darjeeling,2012,22.8568,87.725,27,17,15,20,94,7,6,2,636,0,2,15,8,632,2,52,0,106,1574
West Bengal,Hooghly,2012,22.7518,87.62,132,37,16,136,354,103,26,6,1614,0,531,284,31,47,32,86,0,1195,6434
West Bengal,Howrah,2012,22.5958,88.2636,67,32,13,112,264,42,36,67,878,0,203,125,4,194,16,99,0,883,5059
West Bengal,Howrah City,2012,22.5958,88.2636,39,3,9,56,382,40,35,19,2332,0,85,214,4,36,15,199,0,550,5675
West Bengal,Howrah G.R.P.,2012,22.5958,88.2636,16,9,6,4,8,10,3,0,646,0,3,15,0,3,1,4,0,1,717
West Bengal,Jalpaiguri,2012,23.0118,87.88,117,156,27,326,668,9,36,25,2922,0,42,104,21,220,17,179,0,1625,7861
West Bengal,Jhargram,2012,23.1868,88.055,30,23,5,42,42,11,19,3,194,0,52,17,1,11,6,28,0,47,711
West Bengal,Kharagpur G.R.P.,2012,22.7668,87.635,6,0,0,4,8,4,3,1,298,0,0,0,0,3,0,3,0,2,327
West Bengal,Kolkata,2012,22.5726,88.3639,85,154,29,136,542,28,44,96,9920,0,397,2100,0,3518,19,486,0,865,25370
West Bengal,Malda,2012,23.2168,88.085,118,322,21,316,580,39,15,21,826,0,59,112,25,787,7,177,0,660,5634
West Bengal,Murshidabad,2012,23.1218,87.99,174,395,30,514,1158,97,42,4,1922,0,190,157,50,3254,39,609,0,2831,12713
West Bengal,Nadia,2012,22.7418,87.61,146,357,21,348,866,80,34,21,2502,0,128,338,22,2632,46,56,0,1860,11919
West Bengal,Paschim Midnapur,2012,22.8668,87.735,88,86,27,128,230,38,37,13,1164,0,416,64,41,210,26,99,0,823,5000
West Bengal,Purab Midnapur,2012,22.7768,87.645,82,5,15,130,392,38,28,15,900,0,403,135,15,16,31,19,0,572,4981
West Bengal,Purulia,2012,23.0368,87.905,66,12,6,100,88,15,26,2,510,0,100,40,2,162,12,64,0,206,1841
West Bengal,Sealdah G.R.P.,2012,23.1718,88.04,19,9,2,0,14,41,10,0,842,0,13,14,0,62,1,14,0,0,1024
West Bengal,Siliguri G.R.P.,2012,26.7271,88.3953,4,1,0,0,6,1,1,0,334,0,2,0,0,0,1,8,0,0,349
West Bengal,Siliguri_Pc,2012,26.7271,88.3953,32,6,6,42,246,8,29,3,1698,0,9,195,3,812,3,35,0,370,3083
West Bengal,Uttar Dinajpur,2012,22.8868,87.755,110,283,10,184,612,34,29,7,870,0,51,64,33,1105,9,150,0,623,5212
Andaman & Nicobar Islands,Car,2012,11.9801,92.8986,2,0,0,0,2,1,0,0,8,0,0,2,0,4,0,1,0,0,24
Andaman & Nicobar Islands,North,2012,28.7,77.1833,5,0,0,8,0,0,1,6,26,0,0,3,0,8,0,2,0,2,115
Andaman & Nicobar Islands,South,2012,28.5333,77.2,8,3,0,16,14,4,1,65,108,0,8,26,4,50,2,14,0,3,544
Chandigarh,Chandigarh,2012,30.7333,76.7794,21,44,5,54,174,12,63,235,3098,0,49,234,9,42,5,45,0,73,4035
Dadra & Nagar Haveli,D And N Haveli,2012,20.0959,72.9319,7,2,0,6,26,2,2,22,136,0,11,4,12,25,0,2,0,0,318
Daman & Diu,Daman,2012,20.1933,72.6047,3,4,0,10,4,1,3,24,104,0,6,7,10,15,0,0,0,1,202
Daman & Diu,Diu,2012,20.6133,73.0247,0,1,0,0,2,0,0,2,6,0,3,1,1,2,0,0,0,2,37
Delhi,Caw,2012,20.5937,78.9629,0,0,0,0,0,0,0,0,0,0,0,0,0,0,0,0,0,178,178
Delhi,Central,2012,28.65,77.2167,35,25,10,62,360,5,47,101,2806,0,6,189,7,133,4,47,0,57,3776
Delhi,Crime Branch,2012,20.5937,78.9629,1,2,0,2,6,0,0,0,2,0,0,61,0,0,0,0,0,0,90
Delhi,East,2012,28.6333,77.2833,48,53,9,180,1006,4,57,172,6516,0,14,211,17,161,7,96,0,202,8439
Delhi,Eow,2012,20.5937,78.9629,0,0,0,0,0,0,0,0,0,0,0,120,0,0,0,0,0,0,124
Delhi,Grp(Rly),2012,20.5937,78.9629,13,0,1,8,54,0,12,1,1260,0,4,11,1,1,1,12,0,0,1365
Delhi,Igi Airport,2012,20.5937,78.9629,1,0,0,0,2,0,1,1,136,0,0,247,0,1,0,6,0,0,389
Delhi,New Delhi,2012,28.6139,77.209,9,6,1,10,56,0,9,25,748,0,12,132,1,16,0,29,0,4,1057
Delhi,North,2012,28.7,77.1833,25,17,2,28,306,0,45,97,2050,0,5,127,3,92,6,29,0,70,2795
Delhi,North-East,2012,28.7,77.1833,49,65,11,156,1020,5,58,57,5232,0,5,136,2,242,25,69,0,293,7027
Delhi,North-West,2012,28.7,77.1833,60,37,8,128,714,6,65,166,3802,0,0,168,3,166,12,19,0,212,5315
Delhi,Outer,2012,20.5937,78.9629,96,60,15,134,1144,8,91,262,4430,0,7,233,6,224,15,79,0,244,6695
Delhi,South,2012,28.5333,77.2,39,19,3,140,490,2,52,235,4252,0,3,256,4,101,17,59,0,68,5593
Delhi,South-East,2012,28.5333,77.2,46,69,6,232,1076,4,72,201,5784,0,12,207,11,252,11,160,0,123,7966
Delhi,South-West,2012,28.5333,77.2,47,48,6,174,798,1,47,211,2342,0,6,189,6,131,18,69,0,207,4085
Delhi,Stf,2012,20.5937,78.9629,0,1,0,0,0,0,0,0,0,0,0,2,0,0,0,0,0,0,6
Delhi,West,2012,28.65,77.1,52,37,10,158,908,6,52,186,4704,0,5,202,18,227,18,53,0,327,6555
Lakshadweep,Lakshadweep,2012,10.6667,72.7417,0,0,0,0,0,0,0,3,14,0,10,0,3,3,0,1,0,1,60
Puducherry,Karaikal,2012,11.8266,79.6933,5,6,2,12,4,1,3,21,162,0,17,15,1,186,0,2,0,1,787
Puducherry,Puducherry,2012,11.7716,79.6383,24,21,10,14,34,19,13,56,1154,0,109,75,20,632,0,7,0,5,3494
Andhra Pradesh,Adilabad,2013,15.9979,79.825,96,72,13,122,130,2,14,274,754,0,58,254,30,2394,12,197,0,464,6381
Andhra Pradesh,Anantapur,2013,14.6819,77.6006,156,149,3,56,220,5,23,279,1194,0,56,160,29,2537,23,337,0,161,6913
Andhra Pradesh,Chittoor,2013,13.2172,79.1003,72,61,2,62,104,3,11,157,1024,0,57,238,18,937,13,119,0,435,5610
Andhra Pradesh,Cuddapah,2013,14.4673,78.8242,93,107,7,38,168,2,9,220,1404,0,156,317,34,2310,9,318,0,207,7048
Andhra Pradesh,Cyberabad,2013,15.7929,79.62,162,123,16,276,384,15,89,1318,9558,0,34,2111,40,4284,43,350,0,1526,19992
Andhra Pradesh,East Godavari,2013,16.9891,82.2475,68,71,6,148,126,3,15,326,1576,0,50,222,21,2300,15,352,0,483,6779
Andhra Pradesh,Guntakal Rly.,2013,15.6979,79.525,2,0,0,0,0,0,0,0,502,0,0,3,1,11,0,3,0,0,519
Andhra Pradesh,Guntur,2013,16.3067,80.4365,110,87,1,76,122,4,21,192,1350,0,41,305,21,2345,16,296,0,608,7026
Andhra Pradesh,Guntur Urban,2013,16.3067,80.4365,44,51,3,56,92,3,26,190,1982,0,11,372,14,1180,7,124,0,326,4878
Andhra Pradesh,Hyderabad City,2013,17.385,78.4867,120,145,5,202,262,6,47,658,8332,0,118,2382,62,3092,39,225,0,1480,16355
Andhra Pradesh,Karimnagar,2013,15.7029,79.53,101,89,10,114,236,3,20,349,1542,0,96,706,45,2593,39,354,0,670,8836
Andhra Pradesh,Khammam,2013,15.9129,79.74,103,99,10,200,228,6,16,455,1774,0,135,636,42,2268,15,254,0,768,10607
Andhra Pradesh,Krishna,2013,16.1809,81.1303,56,46,0,116,108,1,18,316,1158,0,15,203,45,2596,14,387,0,708,6876
Andhra Pradesh,Kurnool,2013,15.8281,78.0373,127,175,0,52,144,12,27,252,1130,0,128,506,35,2531,11,374,0,203,7595
Andhra Pradesh,Mahaboobnagar,2013,15.6679,79.495,191,69,31,234,180,8,18,394,2414,0,130,269,56,2381,33,219,0,234,8092
Andhra Pradesh,Medak,2013,16.1279,79.955,128,77,6,128,88,3,14,414,1550,0,45,358,58,1970,25,169,0,476,7054
Andhra Pradesh,Nalgonda,2013,16.0579,79.885,98,100,5,154,236,13,27,375,1620,0,231,499,49,3315,27,367,0,327,10291
Andhra Pradesh,Nellore,2013,14.4426,79.9865,99,110,2,52,190,6,41,364,2154,0,29,223,29,2533,8,263,0,374,7326
Andhra Pradesh,Nizamabad,2013,15.6979,79.525,117,56,12,98,108,6,18,480,2070,0,84,373,60,1796,17,142,0,732,7662
Andhra Pradesh,Prakasham,2013,15.5057,80.0499,77,101,6,78,130,7,30,238,1388,0,93,294,27,2274,8,298,0,484,6399
Andhra Pradesh,Rajahmundry,2013,16.0529,79.88,14,15,2,28,30,1,18,160,628,0,12,48,11,757,2,67,0,209,2251
Andhra Pradesh,Ranga Reddy,2013,15.9379,79.765,80,47,8,74,50,1,13,96,346,0,18,94,25,626,14,69,0,168,2191
Andhra Pradesh,Secunderabad Rly.,2013,15.7279,79.555,7,2,0,0,4,0,1,0,1474,0,0,11,0,10,0,11,0,0,1509
Andhra Pradesh,Srikakulam,2013,15.9979,79.825,35,49,1,84,52,1,11,190,614,0,22,153,31,1124,3,207,0,361,4841
Andhra Pradesh,Tirupathi Urban,2013,16.0029,79.83,26,21,1,20,44,0,15,190,1654,0,22,197,4,565,7,45,0,133,2821
Andhra Pradesh,Vijayawada City,2013,16.0329,79.86,29,55,8,96,144,2,66,323,4346,0,6,459,24,1955,12,249,0,1227,8978
Andhra Pradesh,Vijayawada Rly.,2013,16.0229,79.85,6,2,0,2,2,3,9,0,1250,0,1,3,0,11,2,6,0,0,1289
Andhra Pradesh,Visakha Rural,2013,16.0429,79.87,46,41,1,64,60,1,5,132,658,0,46,113,27,1137,8,139,0,210,3238
Andhra Pradesh,Visakhapatnam,2013,17.6868,83.2185,30,50,1,134,116,5,26,355,2406,0,9,336,21,1356,8,149,0,548,6775
Andhra Pradesh,Vizianagaram,2013,18.1067,83.3956,30,38,2,84,50,1,7,180,460,0,30,124,13,1609,10,165,0,383,4918
Andhra Pradesh,Warangal,2013,16.0379,79.865,52,54,4,104,126,1,17,256,654,0,140,237,0,1789,20,206,0,129,5421
Andhra Pradesh,Warangal Urban,2013,16.1579,79.985,24,20,2,72,112,1,18,197,918,0,51,363,20,1442,16,127,0,195,4440
Andhra Pradesh,West Godavari,2013,16.7107,81.0952,85,67,2,246,192,5,19,490,2180,0,20,446,40,2460,16,342,0,855,8498
Arunachal Pradesh,Anjaw,2013,28.338,94.8478,2,0,0,0,0,0,1,2,12,0,0,1,0,5,0,0,0,0,28
Arunachal Pradesh,Changlang,2013,28.178,94.6878,4,2,0,10,22,3,9,15,64,0,4,5,1,24,0,2,0,1,189
Arunachal Pradesh,Dibang Valley,2013,27.973,94.4828,2,4,0,0,4,0,5,10,34,0,1,1,1,13,0,2,0,0,91
Arunachal Pradesh,K/Kumey,2013,28.318,94.8278,2,2,0,0,2,0,0,3,8,0,2,1,0,10,0,1,0,0,41
Arunachal Pradesh,Kameng East,2013,28.6333,77.2833,5,4,0,4,32,3,0,12,44,0,2,3,0,57,0,6,0,0,169
Arunachal Pradesh,Kameng West,2013,28.65,77.1,8,0,0,4,6,2,2,14,70,0,1,1,0,6,0,0,0,0,164
Arunachal Pradesh,Lohit,2013,28.248,94.7578,12,4,0,20,58,3,9,18,114,0,7,2,2,61,0,10,0,2,330
Arunachal Pradesh,Longding,2013,28.388,94.8978,2,1,0,2,6,0,0,6,22,0,0,1,0,23,0,2,0,0,78
Arunachal Pradesh,Papum Pare,2013,28.193,94.7028,5,4,1,36,88,3,14,46,296,0,3,35,7,63,0,24,0,20,600
Arunachal Pradesh,Rural,2013,23.05,72.45,1,3,1,6,18,1,4,5,44,0,2,3,1,22,0,5,0,1,110
Arunachal Pradesh,Siang East,2013,28.6333,77.2833,6,0,0,20,12,1,7,17,122,0,2,5,0,34,0,6,0,1,226
Arunachal Pradesh,Siang Upper,2013,28.393,94.9028,3,1,0,0,4,0,2,5,24,0,0,1,1,19,0,4,0,0,69
Arunachal Pradesh,Siang West,2013,28.65,77.1,4,4,1,14,12,3,10,17,68,0,8,5,2,65,0,9,0,3,263
Arunachal Pradesh,Subansiri Lower,2013,28.008,94.5178,4,1,0,10,0,1,3,8,36,0,2,4,1,27,0,3,0,0,109
Arunachal Pradesh,Subansiri Upper,2013,28.273,94.7828,6,0,0,20,10,3,2,5,20,0,1,1,6,45,0,8,0,0,164
Arunachal Pradesh,Tawang,2013,28.023,94.5328,0,0,0,4,2,0,0,3,22,0,0,1,0,7,0,6,0,1,47
Arunachal Pradesh,Tirap,2013,28.038,94.5478,2,5,0,0,6,1,7,10,26,0,1,2,1,13,0,5,0,0,93
Arunachal Pradesh,Upper Dibang Valley,2013,28.313,94.8228,1,1,0,0,2,0,0,0,2,0,0,0,0,4,0,0,0,0,15
Assam,Baksa,2013,26.3556,93.0926,42,3,1,40,106,3,11,40,250,0,0,23,4,50,1,9,0,32,768
Assam,Barpeta,2013,26.1156,92.8526,46,18,0,296,698,20,31,335,866,0,236,230,19,159,18,341,0,1016,8597
Assam,Bieo,2013,26.3906,93.1276,0,0,0,0,0,0,0,0,0,0,0,0,0,0,0,0,0,0,7
Assam,Bongaigaon,2013,26.1806,92.9176,20,2,0,136,240,7,8,63,254,0,22,39,8,101,9,4,0,100,1565
Assam,C.I.D.,2013,26.2506,92.9876,1,0,0,0,0,0,0,0,4,0,0,37,0,0,0,0,0,0,58
Assam,Cachar,2013,26.0356,92.7726,59,3,0,158,454,12,17,206,1642,0,226,97,52,80,12,25,0,537,4880
Assam,Chirang,2013,26.4106,93.1476,33,0,0,60,140,2,10,20,152,0,35,33,12,5,1,21,0,78,763
Assam,Darrang,2013,26.1256,92.8626,35,0,0,184,294,6,13,145,450,0,66,118,5,297,3,239,0,378,2459
Assam,Dhemaji,2013,26.1956,92.9326,22,17,0,84,198,12,24,49,296,0,24,47,8,232,1,77,0,85,1397
Assam,Dhubri,2013,26.3056,93.0426,62,48,4,380,886,48,30,269,814,0,698,303,90,1060,9,452,0,1080,6857
Assam,Dibrugarh,2013,26.2906,93.0276,80,7,7,130,298,11,34,123,1324,0,16,41,20,858,0,151,0,239,3529
Assam,G.R.P.,2013,26.1106,92.8476,13,0,0,0,16,1,5,2,312,0,9,2,0,0,0,0,0,0,360
Assam,Goalpara,2013,26.2456,92.9826,70,67,2,146,272,18,23,185,498,0,112,79,145,137,7,89,0,326,2322
Assam,Golaghat,2013,26.0206,92.7576,63,42,0,170,452,8,51,98,570,0,25,50,16,556,3,76,0,284,2844
Assam,Guwahati City,2013,26.3806,93.1176,61,20,12,206,902,10,244,828,4590,0,52,476,8,329,15,207,0,561,12162
Assam,Hailakandi,2013,26.0156,92.7526,14,0,0,120,180,1,8,45,300,0,112,52,16,17,2,7,0,169,1414
Assam,Hamren,2013,26.2656,93.0026,11,0,0,28,30,0,1,12,36,0,2,1,0,0,0,0,0,0,248
Assam,Jorhat,2013,26.3456,93.0826,67,18,3,158,394,2,33,166,1020,0,25,166,18,545,0,117,0,307,3478
Assam,Kamrup,2013,26.4406,93.1776,41,17,2,132,344,3,24,206,926,0,97,62,3,196,3,86,0,305,3310
Assam,Karbi Anglong,2013,26.2156,92.9526,23,15,0,16,116,7,9,43,192,0,25,15,71,43,0,16,0,39,637
Assam,Karimganj,2013,26.1356,92.8726,39,11,0,88,230,12,10,132,366,0,67,46,23,20,9,9,0,266,2411
Assam,Kokrajhar,2013,26.2256,92.9626,49,18,1,64,206,5,7,53,582,0,86,39,112,111,5,32,0,134,1448
Assam,Lakhimpur,2013,26.0006,92.7376,44,13,0,118,268,1,6,103,332,0,25,42,7,92,3,55,0,300,2281
Assam,Morigaon,2013,26.1006,92.8376,20,25,0,152,246,2,12,74,282,0,83,71,8,392,8,45,0,271,1879
Assam,N.C.Hills,2013,26.2206,92.9576,13,10,10,10,66,0,1,20,102,0,1,6,5,13,3,0,0,0,265
Assam,Nagaon,2013,26.1956,92.9326,96,87,6,380,884,34,160,407,1132,0,257,165,56,939,23,103,0,1120,7393
Assam,Nalbari,2013,25.9856,92.7226,27,7,0,88,204,8,25,124,446,0,25,48,6,328,3,84,0,178,2050
Assam,R.P.O.,2013,26.3806,93.1176,4,0,0,18,10,2,0,0,2,0,4,9,0,0,0,0,0,0,85
Assam,Sibsagar,2013,26.2106,92.9476,78,48,2,120,400,1,40,155,928,0,30,123,34,760,5,53,0,311,3373
Assam,Sonitpur,2013,26.0556,92.7926,94,30,0,198,502,11,23,186,1088,0,47,87,23,553,15,34,0,300,4159
Assam,Stf,2013,26.0556,92.7926,0,0,0,0,0,0,0,0,0,0,0,0,0,0,0,0,0,0,13
Assam,Tinsukia,2013,26.1906,92.9276,84,30,4,154,402,4,48,147,1022,0,0,23,13,109,7,34,0,140,3104
Assam,Udalguri,2013,26.0806,92.8176,43,23,0,40,164,4,15,55,252,0,22,28,11,189,5,43,0,80,1113
Bihar,Araria,2013,25.1911,85.4081,51,36,4,104,228,10,25,38,578,0,235,14,15,104,12,10,0,19,2813
Bihar,Arwal,2013,25.0961,85.3131,17,0,0,12,68,0,6,27,154,0,51,30,0,76,15,3,0,30,909
Bihar,Aurangabad,2013,19.8762,75.3433,101,281,0,38,118,26,35,95,730,0,334,125,22,1204,28,37,0,141,3648
Bihar,Bagaha,2013,25.1661,85.3831,45,0,0,30,136,0,12,28,366,0,94,51,4,0,14,17,0,55,2039
Bihar,Banka,2013,24.9861,85.2031,68,36,9,66,174,12,14,58,338,0,205,22,9,183,28,1,0,69,2065
Bihar,Begusarai,2013,24.8611,85.0781,107,219,2,48,350,20,56,104,1178,0,482,141,6,503,28,55,0,93,5319
Bihar,Bettiah,2013,25.1611,85.3781,76,193,9,78,346,7,22,138,1248,0,549,174,28,105,26,0,0,148,5274
Bihar,Bhabhua,2013,25.2011,85.4181,34,54,2,32,118,5,21,65,392,0,128,15,23,743,27,0,0,49,1860
Bihar,Bhagalpur,2013,25.2425,86.9842,103,65,19,102,294,9,31,134,912,0,277,69,4,166,19,40,0,115,3590
Bihar,Bhojpur,2013,25.2511,85.4681,95,160,7,46,248,9,33,148,846,0,126,205,25,2526,38,3,0,137,4888
Bihar,Buxar,2013,25.1611,85.3781,56,62,3,32,154,12,48,101,830,0,224,61,26,642,9,29,0,78,2833
Bihar,Darbhanga,2013,26.1542,85.8918,77,119,5,76,454,15,36,103,1012,0,565,150,55,271,33,4,0,343,5674
Bihar,Gaya,2013,24.7914,85.0002,208,49,6,90,416,45,73,212,2408,0,503,167,4,875,37,0,0,212,7816
Bihar,Gopalganj,2013,24.8761,85.0931,81,11,2,22,250,10,31,103,560,0,417,95,18,2069,33,0,0,143,3811
Bihar,Jamalpur Rly.,2013,25.2211,85.4381,8,0,0,2,6,2,8,1,446,0,3,0,0,22,0,0,0,1,498
Bihar,Jamui,2013,25.0011,85.2181,54,183,2,48,124,15,19,50,192,0,211,36,14,514,19,2,0,104,1942
Bihar,Jehanabad,2013,25.0061,85.2231,34,0,2,28,74,13,22,37,388,0,141,67,11,708,30,5,0,57,1976
Bihar,Katihar,2013,24.8661,85.0831,61,59,0,172,328,16,21,39,794,0,208,92,1,1430,21,1,0,99,3693
Bihar,Katihar Rly.,2013,25.1661,85.3831,10,4,2,2,10,9,8,0,302,0,2,5,0,33,0,1,0,2,385
Bihar,Khagaria,2013,25.3311,85.5481,67,76,2,16,146,7,22,23,340,0,135,32,16,1251,13,5,0,25,2483
Bihar,Kishanganj,2013,25.3061,85.5231,42,21,8,104,214,7,14,68,290,0,179,70,8,255,7,0,0,65,1828
Bihar,Lakhisarai,2013,25.0211,85.2381,45,90,3,18,80,3,19,24,250,0,156,41,7,297,11,0,0,70,1326
Bihar,Madhepura,2013,25.2561,85.4731,46,58,14,28,174,3,23,41,452,0,334,80,7,826,17,3,0,64,2745
Bihar,Madhubani,2013,25.1111,85.3281,80,0,0,74,316,15,28,90,776,0,265,50,5,1350,28,1,0,210,4662
Bihar,Motihari,2013,24.8911,85.1081,164,719,11,50,520,44,44,235,1098,0,918,175,26,1610,65,5,0,196,8255
Bihar,Munger,2013,25.1211,85.3381,60,30,2,14,150,3,26,55,672,0,129,12,0,310,13,5,0,66,2195
Bihar,Muzaffarpur,2013,26.1209,85.3647,208,25,29,86,764,61,113,292,3752,0,539,106,12,2465,48,5,0,81,9021
Bihar,Muzaffarpur Rly.,2013,26.1209,85.3647,13,2,0,6,12,7,10,4,674,0,8,7,0,18,0,1,0,0,761
Bihar,Nalanda,2013,24.8611,85.0781,112,82,41,22,272,10,34,120,680,0,167,153,18,2892,81,18,0,174,5740
Bihar,Naugachia,2013,25.0361,85.2531,49,14,6,20,72,3,15,18,120,0,85,65,3,125,16,19,0,69,1564
Bihar,Nawadah,2013,24.9511,85.1681,97,37,2,40,150,18,26,47,406,0,333,112,8,712,23,3,0,122,2989
Bihar,Patna,2013,25.5941,85.1376,286,121,5,152,1088,39,186,591,8628,0,617,1004,5,1526,96,17,0,459,18302
Bihar,Patna Rly.,2013,25.5941,85.1376,23,10,4,4,52,2,8,3,1548,0,15,11,0,0,3,12,0,1,1676
Bihar,Purnea,2013,25.7771,87.4753,89,203,4,112,222,14,27,56,578,0,212,141,128,871,21,0,0,19,3950
Bihar,Rohtas,2013,24.9529,84.015,110,97,2,120,336,12,58,172,1230,0,265,195,11,1988,48,5,0,97,4769
Bihar,Saharsa,2013,25.0861,85.3031,30,90,7,28,200,6,24,29,402,0,246,42,11,317,10,0,0,79,2792
Bihar,Samastipur,2013,25.1461,85.3631,83,115,17,70,304,15,51,73,862,0,397,36,23,823,32,8,0,116,5802
Bihar,Saran,2013,25.1211,85.3381,123,262,5,32,398,16,45,142,1300,0,363,116,32,1637,69,0,0,116,5492
Bihar,Sheikhpura,2013,25.0111,85.2281,17,90,0,20,80,6,4,31,174,0,87,24,0,191,8,0,0,47,1116
Bihar,Sheohar,2013,25.1761,85.3931,23,23,3,6,98,12,5,14,114,0,76,17,12,270,7,0,0,19,769
Bihar,Sitamarhi,2013,24.9911,85.2081,101,24,9,52,440,46,84,203,1300,0,249,31,32,2142,24,3,0,140,5324
Bihar,Siwan,2013,25.2711,85.4881,105,18,2,38,468,6,60,119,1004,0,397,240,12,0,45,1,0,112,5390
Bihar,Supaul,2013,25.3161,85.5331,55,15,0,68,288,11,17,62,648,0,508,55,0,1310,19,5,0,78,3037
Bihar,Vaishali,2013,25.0111,85.2281,127,136,9,48,400,31,57,192,1874,0,496,148,19,315,61,7,0,213,5578
Chhattisgarh,Balod,2013,21.4037,81.9911,13,13,3,40,60,1,1,47,122,0,20,22,4,52,3,67,0,11,1215
Chhattisgarh,Baloda Bazar,2013,21.2037,81.7911,21,15,1,110,288,1,13,198,302,0,29,23,12,706,4,110,0,31,2284
Chhattisgarh,Balrampur,2013,21.0337,81.6211,40,11,0,168,34,3,10,27,80,0,20,11,4,74,8,50,0,31,1115
Chhattisgarh,Bemetara,2013,21.0637,81.6511,18,8,0,56,76,0,6,80,224,0,15,12,11,19,5,57,0,19,1485
Chhattisgarh,Bilaspur,2013,21.4137,82.0011,77,36,1,192,610,5,58,477,992,0,99,88,31,1779,13,308,0,130,5147
Chhattisgarh,Bizapur,2013,21.2287,81.8161,31,61,0,12,34,2,1,16,6,0,9,2,4,9,0,6,0,1,318
Chhattisgarh,Dantewara,2013,21.4187,82.0061,30,13,0,18,12,1,1,19,32,0,3,2,12,25,0,9,0,1,370
Chhattisgarh,Dhamtari,2013,21.0837,81.6711,16,14,0,60,66,0,5,116,170,0,16,13,2,55,0,59,0,14,1189
Chhattisgarh,Durg,2013,21.1937,81.7811,42,57,1,212,216,4,41,434,1404,0,38,140,33,149,9,236,0,147,6892
Chhattisgarh,Gariyaband,2013,21.2587,81.8461,9,17,0,64,52,2,3,39,92,0,14,31,3,26,0,24,0,12,866
Chhattisgarh,Grp Raipur,2013,21.2987,81.8861,1,3,0,4,4,0,3,2,386,0,2,2,1,8,0,3,0,1,416
Chhattisgarh,Jagdalpur,2013,21.1087,81.6961,36,18,0,106,102,1,10,69,154,0,15,16,7,427,2,30,0,16,1448
Chhattisgarh,Janjgir,2013,21.3987,81.9861,44,27,3,112,400,4,15,195,532,0,132,36,22,1248,11,161,0,138,3470
Chhattisgarh,Jashpur,2013,21.2137,81.8011,60,9,1,176,136,1,9,57,162,0,11,21,8,73,3,52,0,25,1273
Chhattisgarh,Kabirdham,2013,21.2287,81.8161,21,8,1,60,66,0,4,65,132,0,10,18,3,589,3,72,0,11,1383
Chhattisgarh,Kanker,2013,21.1187,81.7061,39,38,2,102,96,1,2,38,76,0,15,17,11,18,2,27,0,29,1132
Chhattisgarh,Kondagaon,2013,21.2387,81.8261,27,13,1,38,58,2,2,11,34,0,11,6,6,122,0,13,0,6,619
Chhattisgarh,Korba,2013,21.1687,81.7561,48,10,1,114,156,0,10,119,390,0,32,38,10,648,4,71,0,66,2214
Chhattisgarh,Koriya,2013,21.2637,81.8511,30,14,0,126,136,1,9,130,178,0,16,24,3,620,3,88,0,55,1641
Chhattisgarh,Mahasamund,2013,21.3287,81.9161,19,13,1,98,232,1,12,163,392,0,33,36,11,95,8,104,0,48,2396
Chhattisgarh,Mungeli,2013,21.1537,81.7411,27,7,0,46,122,0,6,86,154,0,36,8,11,60,4,44,0,23,1219
Chhattisgarh,Narayanpur,2013,21.4237,82.0111,6,27,0,20,10,1,3,14,14,0,0,3,1,47,0,3,0,2,189
Chhattisgarh,Raigarh,2013,21.4987,82.0861,87,49,2,180,326,8,39,213,780,0,69,57,18,701,5,126,0,53,3350
Chhattisgarh,Raipur,2013,21.2737,81.8611,67,82,3,278,856,5,54,588,2792,0,70,231,57,2327,11,263,0,173,8907
Chhattisgarh,Rajnandgaon,2013,21.2087,81.7961,32,30,2,92,162,1,6,158,346,0,24,55,12,62,7,74,0,32,2866
Chhattisgarh,Sarguja,2013,21.1087,81.6961,37,17,1,142,38,0,16,88,212,0,22,33,12,61,0,118,0,35,1757
Chhattisgarh,Sukma,2013,21.4937,82.0811,30,26,0,16,10,4,1,7,26,0,1,3,4,4,1,2,0,4,213
Chhattisgarh,Surajpur,2013,21.2787,81.8661,37,11,0,118,112,3,11,71,194,0,24,27,15,542,3,84,0,67,1646
Goa,North Goa,2013,28.7,77.1833,27,31,1,96,100,6,17,219,1398,0,72,103,23,232,0,103,0,17,2595
Goa,South Goa,2013,28.5333,77.2,9,17,1,76,116,5,20,166,878,0,55,96,16,117,0,59,0,23,1717
Gujarat,Ahmedabad Commr.,2013,23.0225,72.5714,96,68,2,232,916,17,582,674,6898,0,151,255,24,1342,20,180,0,1756,21258
Gujarat,Ahmedabad Rural,2013,23.05,72.45,38,51,2,34,134,19,35,94,438,0,70,23,8,244,0,33,0,167,4050
Gujarat,Ahwa-Dang,2013,22.0737,71.0074,6,1,0,8,12,0,0,9,20,0,3,5,0,19,0,7,0,20,248
Gujarat,Amreli,2013,22.4037,71.3374,30,9,3,22,128,1,11,78,190,0,30,5,12,256,0,16,0,157,2229
Gujarat,Anand,2013,22.0237,70.9574,27,17,2,24,152,5,14,98,482,0,35,31,14,258,1,20,0,162,2816
Gujarat,Bharuch,2013,22.1287,71.0624,38,9,0,46,88,10,17,170,806,0,38,4,4,260,0,30,0,53,2756
Gujarat,Bhavnagar,2013,22.3387,71.2724,52,31,1,34,218,9,40,157,776,0,75,49,32,551,1,50,0,220,4410
Gujarat,Cid Crime,2013,22.2237,71.1574,0,0,0,0,2,0,0,0,0,0,0,1,0,0,0,0,0,0,8
Gujarat,Dahod,2013,22.4787,71.4124,31,8,0,28,162,32,53,183,478,0,44,6,9,221,0,15,0,1,1544
Gujarat,Gandhinagar,2013,22.4987,71.4324,21,9,1,44,142,3,24,110,762,0,34,50,2,181,0,31,0,200,6933
Gujarat,Himatnagar,2013,22.4037,71.3374,43,6,5,28,152,9,11,118,504,0,45,37,8,148,0,33,0,304,10261
Gujarat,Jamnagar,2013,22.3237,71.2574,42,37,2,54,128,9,24,146,808,0,90,16,10,785,1,26,0,480,4247
Gujarat,Junagadh,2013,22.2037,71.1374,36,19,1,58,168,6,22,151,490,0,131,37,15,445,1,52,0,461,4099
Gujarat,Kheda North,2013,28.7,77.1833,30,30,2,28,144,7,3,64,310,0,36,27,5,263,0,21,0,148,4838
Gujarat,Kutch (East(G)),2013,28.6333,77.2833,31,16,0,50,102,4,20,212,646,0,41,31,9,303,0,34,0,249,2810
Gujarat,Kutch (West-Bhuj),2013,28.65,77.1,20,20,0,56,70,5,14,114,504,0,60,5,11,201,0,29,0,200,2121
Gujarat,Mehsana,2013,22.2087,71.1424,23,18,0,22,278,17,55,176,1102,0,83,51,8,407,0,37,0,321,7496
Gujarat,Narmada,2013,22.4387,71.3724,14,2,0,14,48,0,1,26,100,0,12,5,3,89,0,15,0,10,727
Gujarat,Navsari,2013,22.3987,71.3324,14,11,0,18,78,9,8,108,544,0,17,18,1,103,0,13,0,88,1737
Gujarat,Palanpur,2013,22.4437,71.3774,38,46,0,124,208,19,63,222,948,0,76,74,18,549,0,96,0,377,5480
Gujarat,Panchmahal,2013,22.4837,71.4174,59,15,2,32,192,19,8,132,514,0,48,26,23,318,0,46,0,217,3563
Gujarat,Patan,2013,22.4187,71.3524,14,9,0,38,148,17,33,92,566,0,63,24,11,340,0,47,0,174,3677
Gujarat,Porbandar,2013,22.1137,71.0474,12,6,0,12,32,2,5,24,130,0,21,10,5,86,0,6,0,79,838
Gujarat,Rajkot Commr.,2013,22.3039,70.8022,36,26,3,28,126,4,41,252,1706,0,69,24,21,386,1,18,0,254,3572
Gujarat,Rajkot Rural,2013,22.2637,71.1974,43,9,3,60,166,6,31,163,776,0,76,6,10,342,1,41,0,404,4683
Gujarat,Surat Commr.,2013,21.1702,72.8311,99,30,9,152,618,14,56,364,3140,0,59,187,6,386,2,91,0,491,24307
Gujarat,Surat Rural,2013,21.2,73.0,46,8,3,38,72,16,23,142,898,0,33,40,3,147,1,15,0,114,3242
Gujarat,Surendranagar,2013,22.3837,71.3174,32,30,2,36,142,10,18,122,606,0,76,11,7,382,0,51,0,133,2822
Gujarat,Tapi,2013,22.2837,71.2174,17,2,2,16,34,1,2,34,176,0,7,14,5,52,0,13,0,12,822
Gujarat,Vadodara Commr.,2013,22.3072,73.1812,20,34,2,38,164,11,151,422,2442,0,93,194,8,367,0,107,0,417,12786
Gujarat,Vadodara Rural,2013,22.2937,71.2274,70,13,1,50,144,17,17,88,610,0,58,26,9,227,0,29,0,110,3439
Gujarat,Valsad,2013,22.1587,71.0924,24,10,0,38,146,6,33,224,900,0,36,24,3,206,0,33,0,28,2713
Gujarat,W.Rly Ahmedabad,2013,22.0987,71.0324,11,2,0,0,14,1,7,7,528,0,2,6,0,30,0,2,0,5,608
Gujarat,W.Rly Vadodara,2013,22.4337,71.3674,5,1,1,2,4,1,7,4,828,0,3,2,0,23,0,6,0,0,880
Haryana,Ambala Rural,2013,29.0788,76.1056,17,5,1,34,134,6,10,92,390,0,0,47,4,67,3,32,0,79,1110
Haryana,Ambala Urban,2013,29.2238,76.2506,17,15,2,48,318,8,13,394,876,0,3,79,6,91,1,48,0,170,2255
Haryana,Bhiwani,2013,29.1988,76.2256,62,49,0,104,338,11,36,411,1482,0,174,167,24,253,20,97,0,144,3877
Haryana,Faridabad,2013,28.4089,77.3178,60,59,3,130,310,13,34,392,3526,0,183,53,4,135,22,90,0,255,5264
Haryana,Fatehabad,2013,28.9838,76.0106,25,20,2,60,94,7,9,176,516,0,21,83,4,134,2,46,0,193,1974
Haryana,Grp,2013,29.0888,76.1156,19,1,0,4,18,3,20,1,830,0,11,5,0,18,3,18,0,0,1150
Haryana,Gurgaon,2013,28.4595,77.0266,87,72,5,164,526,47,137,667,8660,0,159,257,10,125,18,97,0,290,10911
Haryana,Hissar,2013,28.8288,75.8556,55,62,2,122,228,13,63,468,2364,0,107,178,25,221,17,118,0,319,5432
Haryana,I&P Haryana,2013,28.8638,75.8906,0,0,0,0,0,0,0,0,0,0,0,0,0,0,0,0,0,0,649
Haryana,Jhajjar,2013,29.2238,76.2506,43,36,5,34,100,4,28,162,904,0,29,65,6,111,22,44,0,109,2028
Haryana,Jind,2013,29.2588,76.2856,58,30,11,76,200,5,33,308,1452,0,167,35,12,174,9,69,0,121,2923
Haryana,Kaithal,2013,28.8838,75.9106,31,14,1,52,212,7,16,181,650,0,0,21,2,167,4,39,0,146,1805
Haryana,Karnal,2013,29.1488,76.1756,56,33,3,144,724,9,54,459,1950,0,37,224,15,214,12,181,0,213,4302
Haryana,Kurukshetra,2013,28.8488,75.8756,20,23,1,50,112,1,25,288,1282,0,0,104,5,129,8,70,0,137,2635
Haryana,Mahendragarh,2013,28.8238,75.8506,45,13,2,56,138,12,21,182,720,0,91,20,10,107,9,81,0,84,1960
Haryana,Mewat,2013,28.9988,76.0256,32,58,2,136,88,30,18,59,1072,0,171,97,5,67,10,46,0,198,2427
Haryana,Palwal,2013,29.2988,76.3256,40,54,5,102,132,8,28,128,1390,0,165,28,1,148,12,77,0,192,2747
Haryana,Panchkula,2013,29.0938,76.1206,12,2,1,30,326,11,21,212,928,0,13,136,2,44,4,41,0,80,1790
Haryana,Panipat,2013,28.9338,75.9606,59,25,3,104,288,11,31,232,1780,0,32,119,7,144,14,60,0,118,3299
Haryana,Rewari,2013,29.0388,76.0656,35,37,0,86,134,19,52,226,1454,0,58,25,12,112,13,62,0,117,2703
Haryana,Rohtak,2013,29.0188,76.0456,63,47,3,102,160,8,39,325,1660,0,90,67,7,151,17,55,0,127,3103
Haryana,Sirsa,2013,28.8138,75.8406,34,28,2,128,280,1,15,228,1048,0,46,35,9,239,5,58,0,187,2825
Haryana,Sonipat,2013,29.0988,76.1256,81,61,1,100,138,17,49,327,1508,0,3,96,17,179,27,71,0,167,3570
Haryana,Yamunanagar,2013,29.0288,76.0556,31,37,0,76,546,8,11,203,798,0,0,89,2,141,11,60,0,171,2541
Himachal Pradesh,Baddipolicedist,2013,31.1398,77.2084,10,4,1,12,48,1,0,30,84,0,31,19,1,174,0,17,0,20,611
Himachal Pradesh,Bilaspur,2013,31.2398,77.3084,4,12,0,26,102,1,0,69,98,0,29,32,10,60,0,32,0,32,1131
Himachal Pradesh,Chamba,2013,31.1798,77.2484,5,3,0,38,28,0,0,66,92,0,38,14,6,59,0,31,0,7,694
Himachal Pradesh,Cid,2013,31.1848,77.2534,0,0,0,2,0,0,0,0,0,0,0,0,0,0,0,0,0,0,10
Himachal Pradesh,G.R.P.,2013,31.0148,77.0834,0,0,1,0,0,1,0,0,10,0,0,0,0,0,0,1,0,0,20
Himachal Pradesh,Hamirpur,2013,30.9198,76.9884,6,2,0,24,32,0,0,66,90,0,16,41,3,163,0,31,0,23,873
Himachal Pradesh,Kangra,2013,30.9748,77.0434,28,15,1,66,122,0,6,139,224,0,73,72,21,152,0,100,0,53,2884
Himachal Pradesh,Kinnaur,2013,31.0098,77.0784,0,0,0,12,8,0,1,26,22,0,9,0,0,8,0,8,0,4,173
Himachal Pradesh,Kullu,2013,31.1698,77.2384,7,7,0,58,58,4,0,73,102,0,32,43,38,46,0,44,0,30,1009
Himachal Pradesh,Lahaul-Spiti,2013,31.1348,77.2034,1,0,0,2,0,0,0,0,6,0,0,0,0,0,0,0,0,0,87
Himachal Pradesh,Mandi,2013,31.2998,77.3684,9,6,0,62,96,2,0,119,178,0,51,57,20,105,0,73,0,34,1831
Himachal Pradesh,Shimla,2013,30.9848,77.0534,11,13,2,64,98,2,1,161,314,0,93,41,28,48,0,63,0,29,1652
Himachal Pradesh,Sirmaur,2013,31.2398,77.3084,7,2,0,50,34,1,1,34,116,0,40,38,3,41,0,40,0,23,814
Himachal Pradesh,Solan,2013,30.9498,77.0184,5,0,1,34,32,1,3,97,158,0,26,29,3,238,0,19,0,16,885
Himachal Pradesh,Una,2013,31.3348,77.4034,11,6,0,50,46,1,2,52,142,0,49,86,5,63,0,34,0,57,1076
Jammu & Kashmir,Anantnag,2013,33.7032,76.5012,8,14,0,38,186,2,4,88,142,0,162,26,16,3,0,129,0,4,1426
Jammu & Kashmir,Awantipora,2013,33.9232,76.7212,4,8,0,10,28,0,3,18,24,0,23,8,1,0,0,18,0,1,332
Jammu & Kashmir,Bandipora,2013,33.7482,76.5462,4,8,3,16,102,0,0,30,66,0,109,13,4,0,0,47,0,5,653
Jammu & Kashmir,Baramulla,2013,34.0082,76.8062,8,17,0,38,190,0,12,75,194,0,219,23,15,8,0,135,0,13,1457
Jammu & Kashmir,Budgam,2013,33.7632,76.5612,4,31,4,22,126,0,2,85,220,0,198,18,20,0,0,26,0,2,1218
Jammu & Kashmir,Crime Jammu,2013,33.6682,76.4662,0,0,0,0,0,0,0,0,0,0,0,18,0,0,0,0,0,0,19
Jammu & Kashmir,Crime Srinagar,2013,33.6932,76.4912,0,0,0,0,0,0,0,0,0,0,0,27,0,0,0,0,0,0,30
Jammu & Kashmir,Doda,2013,22.3072,73.1812,4,20,0,58,74,0,1,46,98,0,25,19,9,11,0,41,0,41,874
Jammu & Kashmir,Ganderbal,2013,33.7582,76.5562,1,12,0,10,58,1,1,35,84,0,94,11,3,1,0,64,0,5,553
Jammu & Kashmir,Handwara,2013,33.9382,76.7362,2,12,0,20,60,0,0,14,110,0,45,7,2,4,0,77,0,5,513
Jammu & Kashmir,Jammu,2013,33.7132,76.5112,11,91,2,100,192,0,2,312,796,0,89,130,26,11,5,72,0,92,4547
Jammu & Kashmir,Kargil,2013,33.9032,76.7012,1,0,1,0,2,0,0,4,8,0,14,1,0,0,0,1,0,0,108
Jammu & Kashmir,Kathua,2013,33.7082,76.5062,6,13,0,40,54,0,0,67,146,0,19,19,5,11,0,37,0,21,1178
Jammu & Kashmir,Kishtwar,2013,33.9332,76.7312,5,13,0,24,30,1,2,14,20,0,2,1,7,0,0,14,0,19,391
Jammu & Kashmir,Kulgam,2013,34.0182,76.8162,3,48,1,26,122,0,18,31,94,0,102,11,9,74,0,136,0,0,941
Jammu & Kashmir,Kupwara,2013,33.7082,76.5062,5,25,0,38,108,0,2,29,152,0,144,17,11,2,0,47,0,10,790
Jammu & Kashmir,Leh,2013,33.5582,76.3562,0,1,0,4,0,0,0,9,16,0,0,1,0,0,0,2,0,0,156
Jammu & Kashmir,Poonch,2013,33.8532,76.6512,7,18,5,40,54,0,1,32,44,0,62,18,16,66,0,45,0,14,806
Jammu & Kashmir,Pulwama,2013,33.6182,76.4162,8,8,0,20,56,0,4,11,40,0,79,7,8,64,0,19,0,3,429
Jammu & Kashmir,Railways Jammu,2013,33.7132,76.5112,1,1,0,0,0,0,0,0,4,0,0,0,1,0,0,1,0,0,20
Jammu & Kashmir,Railways Kashmir,2013,33.8132,76.6112,0,0,0,0,0,0,0,0,4,0,10,0,0,0,0,0,0,0,19
Jammu & Kashmir,Railways Katra,2013,33.5982,76.3962,0,0,0,0,0,0,0,0,0,0,0,0,0,0,0,0,0,0,1
Jammu & Kashmir,Rajouri,2013,33.9932,76.7912,11,30,3,60,118,0,2,55,122,0,36,53,15,23,1,46,0,57,1814
Jammu & Kashmir,Ramban,2013,33.6332,76.4312,6,15,0,26,42,0,0,20,68,0,3,7,4,10,0,21,0,9,737
Jammu & Kashmir,Reasi,2013,33.5782,76.3762,5,9,3,26,38,0,0,24,54,0,24,7,3,10,0,5,0,14,704
Jammu & Kashmir,Samba,2013,33.7432,76.5412,5,23,1,10,16,0,0,29,56,0,41,16,8,5,1,23,0,12,777
Jammu & Kashmir,Shopian,2013,33.5732,76.3712,6,17,0,10,34,0,3,13,162,0,46,7,6,0,0,27,0,2,387
Jammu & Kashmir,Sopore,2013,33.5882,76.3862,13,24,1,30,68,0,0,71,226,0,43,12,5,2,0,63,0,5,578
Jammu & Kashmir,Srinagar,2013,33.9132,76.7112,16,38,4,44,180,2,30,232,666,0,115,97,25,16,0,266,0,72,2792
Jammu & Kashmir,Udhampur,2013,34.0182,76.8162,6,14,0,46,28,0,0,43,108,0,10,16,2,3,0,27,0,22,1140
Jharkhand,Bokaro,2013,23.7552,85.4249,47,7,0,116,156,13,28,159,1472,0,139,145,0,0,15,8,0,243,3634
Jharkhand,Chaibasa,2013,23.6402,85.3099,121,53,5,154,54,7,18,7,372,0,22,53,4,123,0,36,0,55,1061
Jharkhand,Chatra,2013,23.8152,85.4849,42,1,1,50,58,11,14,30,228,0,53,26,6,25,10,16,0,19,1062
Jharkhand,Deoghar,2013,23.6502,85.3199,55,45,0,122,134,14,16,102,612,0,257,138,5,421,24,65,0,252,2394
Jharkhand,Dhanbad,2013,23.4652,85.1349,68,27,23,130,314,37,63,194,1894,0,254,201,7,236,37,6,0,89,4768
Jharkhand,Dhanbad Rly.,2013,23.4652,85.1349,10,0,0,0,14,7,7,1,526,0,1,3,0,0,0,11,0,0,569
Jharkhand,Dumka,2013,23.8202,85.4899,79,43,4,82,76,8,14,60,452,0,107,49,23,298,10,15,0,73,1817
Jharkhand,Garhwa,2013,23.4552,85.1249,33,37,8,106,62,5,41,42,80,0,164,126,60,722,30,33,0,125,2688
Jharkhand,Giridih,2013,23.4852,85.1549,53,104,0,106,168,29,30,86,672,0,326,276,5,504,44,24,0,323,4378
Jharkhand,Godda,2013,23.5752,85.2449,65,0,0,88,116,2,12,31,288,0,38,13,4,0,8,0,0,0,1800
Jharkhand,Gumla,2013,23.5002,85.1699,183,27,8,118,78,1,23,14,172,0,16,14,13,198,1,15,0,17,929
Jharkhand,Hazaribagh,2013,23.5352,85.2049,77,28,7,126,144,22,26,75,672,0,172,94,5,180,28,35,0,50,2719
Jharkhand,Jamshedpur,2013,23.8202,85.4899,103,30,8,170,172,14,53,153,1844,0,108,507,4,925,15,86,0,186,4727
Jharkhand,Jamshedpur Rly.,2013,23.3802,85.0499,7,0,1,6,2,2,7,5,292,0,0,3,0,0,1,4,0,0,324
Jharkhand,Jamtara,2013,23.6302,85.2999,20,11,2,64,48,2,10,11,220,0,86,124,3,28,8,9,0,150,1255
Jharkhand,Khunti,2013,23.3752,85.0449,90,12,2,18,32,0,13,5,68,0,38,12,2,35,0,8,0,8,382
Jharkhand,Koderma,2013,23.8052,85.4749,25,59,5,46,64,3,7,23,260,0,125,151,0,263,6,17,0,48,1736
Jharkhand,Latehar,2013,23.6402,85.3099,49,21,3,54,50,8,8,7,212,0,41,10,4,45,5,19,0,16,698
Jharkhand,Lohardagga,2013,23.8352,85.5049,30,0,2,68,58,3,6,10,122,0,11,36,0,0,3,2,0,35,584
Jharkhand,Pakur,2013,23.4152,85.0849,32,12,2,96,68,3,11,11,214,0,114,62,3,110,2,10,0,147,1139
Jharkhand,Palamu,2013,23.5902,85.2599,88,64,0,62,106,18,44,84,460,0,142,107,4,511,22,18,0,31,2228
Jharkhand,Ramgarh,2013,23.4852,85.1549,25,45,4,72,80,8,15,21,434,0,47,96,0,257,14,18,0,25,1213
Jharkhand,Ranchi,2013,23.4002,85.0699,137,75,15,140,136,21,55,119,1406,0,105,126,19,354,13,23,0,47,2860
Jharkhand,Sahebganj,2013,23.5702,85.2399,53,17,2,290,240,1,6,36,226,0,70,115,7,603,5,13,0,104,1938
Jharkhand,Saraikela,2013,23.5452,85.2149,65,30,3,66,66,8,19,40,366,0,23,71,2,87,6,24,0,28,1057
Jharkhand,Simdega,2013,23.4902,85.1599,73,26,2,58,46,8,22,13,114,0,6,19,5,47,0,9,0,13,513
Karnataka,Bagalkot,2013,15.1423,75.5389,52,33,1,60,36,14,22,147,394,0,292,84,7,231,3,86,0,46,2340
Karnataka,Bangalore Commr.,2013,12.9716,77.5946,217,442,26,160,1284,465,619,1404,21286,0,362,2987,16,3132,52,378,0,482,32374
Karnataka,Bangalore Rural,2013,13.0827,77.5877,69,76,3,114,186,37,129,311,1192,0,246,281,10,562,22,130,0,112,5663
Karnataka,Belgaum,2013,15.8497,74.4977,113,103,0,122,80,12,67,310,944,0,473,296,16,775,7,246,0,200,6594
Karnataka,Bellary,2013,15.3773,75.7739,57,41,0,72,116,8,53,177,702,0,206,214,3,414,5,99,0,58,3269
Karnataka,Bidar,2013,15.5473,75.9439,40,47,7,36,68,5,30,107,342,0,207,53,15,941,7,82,0,112,3963
Karnataka,Bijapur,2013,15.1273,75.5239,66,45,3,56,74,10,27,118,290,0,205,54,11,383,2,94,0,92,2569
Karnataka,Cbpura,2013,15.1573,75.5539,43,32,12,66,52,1,26,76,422,0,228,56,0,472,17,57,0,51,2372
Karnataka,Chamarajnagar,2013,15.3773,75.7739,27,63,4,32,34,5,11,54,274,0,141,41,3,515,4,95,0,25,1866
Karnataka,Chickmagalur,2013,15.3073,75.7039,38,37,6,41,72,7,20,106,324,0,154,71,0,577,7,141,0,69,2758
Karnataka,Chitradurga,2013,15.2373,75.6339,31,42,1,62,56,5,25,130,426,0,193,62,17,782,7,178,0,64,3970
Karnataka,Dakshin Kannada,2013,15.2273,75.6239,17,24,0,28,34,7,29,109,200,0,164,52,11,292,0,72,0,45,2050
Karnataka,Davanagere,2013,15.4473,75.8439,33,23,2,66,62,14,58,180,794,0,352,93,3,641,14,167,0,127,3843
Karnataka,Dharwad Commr.,2013,15.4589,75.0078,19,50,0,32,198,14,65,184,786,0,157,180,9,221,4,37,0,85,2443
Karnataka,Dharwad Rural,2013,15.4589,75.0078,25,42,2,36,26,1,5,38,108,0,85,19,5,146,1,34,0,27,1238
Karnataka,Gadag,2013,15.2073,75.6039,24,25,0,36,26,1,12,39,150,0,104,27,5,130,1,40,0,36,1092
Karnataka,Gulbarga,2013,17.3297,76.8343,88,118,7,108,120,25,62,195,548,0,470,79,19,781,8,125,0,122,4524
Karnataka,Hassan,2013,15.2273,75.6239,57,92,4,122,114,4,52,224,830,0,170,114,19,1275,12,182,0,157,5433
Karnataka,Haveri,2013,15.5423,75.9389,16,31,0,36,28,6,20,76,290,0,254,49,0,251,1,80,0,55,2157
Karnataka,K.G.F.,2013,15.4423,75.8389,12,31,0,46,24,3,15,67,124,0,50,29,0,151,6,13,0,15,822
Karnataka,Kodagu,2013,15.1573,75.5539,30,33,1,52,46,3,17,107,256,0,48,54,2,462,2,40,0,41,1707
Karnataka,Kolar,2013,15.4823,75.8789,45,43,0,40,20,5,50,99,374,0,251,75,8,327,3,25,0,25,2275
Karnataka,Koppal,2013,15.4823,75.8789,22,14,0,44,28,3,7,49,168,0,138,54,0,206,0,39,0,59,1732
Karnataka,Mandya,2013,15.1123,75.5089,50,76,3,62,148,12,67,221,1118,0,305,120,25,1175,19,221,0,160,5544
Karnataka,Mangalore City,2013,15.4473,75.8439,25,32,0,40,24,9,67,164,482,0,118,248,2,311,1,54,0,65,2872
Karnataka,Mysore Commr.,2013,12.2958,76.6394,30,28,2,38,44,13,151,125,1160,0,71,236,0,341,12,11,0,43,2916
Karnataka,Mysore Rural,2013,15.1723,75.5689,66,45,2,52,110,10,34,220,682,0,258,98,16,869,14,69,0,64,4116
Karnataka,Raichur,2013,15.4623,75.8589,47,46,0,86,48,8,13,67,312,0,294,108,4,639,3,156,0,162,3062
Karnataka,Railways,2013,15.4773,75.8739,18,4,0,2,6,7,65,2,1452,0,0,8,0,16,2,3,0,0,1580
Karnataka,Ramanagar,2013,15.4023,75.7989,51,71,1,42,86,28,92,273,1014,0,250,68,53,620,11,141,0,57,4363
Karnataka,Shimoga,2013,15.2973,75.6939,44,65,2,86,134,17,66,191,680,0,330,217,15,1367,5,267,0,300,5943
Karnataka,Tumkur,2013,15.4373,75.8339,58,49,2,74,82,17,90,210,842,0,201,157,18,741,14,206,0,87,4829
Karnataka,Udupi,2013,15.4773,75.8739,20,26,0,44,46,10,41,110,240,0,128,146,7,332,2,67,0,78,2667
Karnataka,Uttar Kannada,2013,15.2673,75.6639,18,24,0,34,102,5,35,67,198,0,128,138,11,482,6,155,0,94,2977
Karnataka,Yadgiri,2013,15.1123,75.5089,33,31,1,32,58,1,8,46,108,0,204,30,2,558,3,123,0,61,1489
Kerala,Alapuzha,2013,10.8705,76.2911,19,34,3,90,28,3,39,162,394,0,483,274,25,1417,1,293,0,327,10198
Kerala,Ernakulam Commr.,2013,10.7805,76.2011,7,22,2,80,20,25,39,88,614,0,333,524,5,463,0,169,0,130,13499
Kerala,Ernakulam Rural,2013,10.6405,76.0611,23,38,9,134,28,10,65,188,558,0,543,283,7,1178,2,238,0,177,14462
Kerala,Idukki,2013,10.9005,76.3211,21,39,2,134,8,5,17,155,304,0,286,173,6,1292,0,218,0,146,5101
Kerala,Kannur,2013,10.6755,76.0961,19,34,4,120,44,6,62,205,298,0,763,211,101,1266,0,191,0,341,6899
Kerala,Kasargod,2013,10.7755,76.1961,18,17,3,162,42,4,30,135,340,0,513,127,40,859,2,163,0,232,5401
Kerala,Kollam Commr.,2013,10.7705,76.1911,16,36,8,128,36,43,66,117,300,0,311,158,18,962,1,198,0,304,7790
Kerala,Kollam Rural,2013,10.6555,76.0761,19,46,8,184,24,14,14,176,372,0,515,188,13,1248,2,273,0,254,7257
Kerala,Kottayam,2013,11.0855,76.5061,25,33,6,94,24,9,35,172,498,0,486,237,9,1900,0,251,0,216,12314
Kerala,Kozhikode Commr.,2013,11.2588,75.7804,13,14,1,60,22,11,43,108,388,0,336,150,14,593,0,110,0,136,3966
Kerala,Kozhikode Rural,2013,11.2588,75.7804,8,27,2,128,38,0,22,137,330,0,896,169,62,950,0,208,0,292,6132
Kerala,Malappuram,2013,10.7305,76.1511,25,36,6,198,22,5,33,286,534,0,947,478,28,1000,0,272,0,651,17840
Kerala,Palakkad,2013,10.8855,76.3061,25,33,13,186,36,19,43,159,406,0,756,281,27,1296,0,161,0,402,11848
Kerala,Pathanamthitta,2013,10.7905,76.2111,25,32,2,90,8,8,37,162,322,0,423,230,20,1240,1,187,0,113,6002
Kerala,Railways,2013,11.0105,76.4311,2,2,0,0,2,11,3,2,458,0,4,3,0,28,0,33,0,0,515
Kerala,Thrissur Commr.,2013,10.5276,76.2144,19,8,6,58,4,4,21,75,314,0,384,353,8,311,1,85,0,125,6485
Kerala,Thrissur Rural,2013,10.5276,76.2144,13,29,9,128,26,19,39,121,358,0,512,349,36,747,3,258,0,387,17207
Kerala,Trivandrum Commr.,2013,11.0655,76.4861,12,19,7,108,14,77,73,106,548,0,565,246,6,990,1,299,0,154,10171
Kerala,Trivandrum Rural,2013,10.9805,76.4011,44,90,8,260,64,51,87,282,692,0,748,293,37,1870,6,641,0,349,10326
Kerala,Wayanadu,2013,11.0555,76.4761,19,14,5,100,14,3,16,93,130,0,238,114,17,789,1,114,0,84,3068
Madhya Pradesh,Agar,2013,18.1067,83.3956,19,17,0,48,36,1,7,33,152,0,17,14,12,281,1,41,0,30,1209
Madhya Pradesh,Alirajpur,2013,23.1684,78.8519,48,31,1,58,36,3,8,31,134,0,16,4,8,232,0,14,0,19,1175
Madhya Pradesh,Anuppur,2013,23.1484,78.8319,27,22,2,168,68,4,21,158,258,0,10,13,7,125,9,115,0,85,1860
Madhya Pradesh,Ashok Nagar,2013,22.8084,78.4919,26,26,0,128,56,6,22,75,182,0,17,4,6,844,8,141,0,40,2534
Madhya Pradesh,Balaghat,2013,22.9584,78.6419,50,12,7,198,10,2,10,94,200,0,51,33,7,239,6,140,0,92,2871
Madhya Pradesh,Barwani,2013,22.9784,78.6619,32,21,1,102,86,1,13,86,340,0,20,9,3,65,7,76,0,17,2260
Madhya Pradesh,Betul,2013,23.1484,78.8319,62,34,3,238,166,0,20,129,396,0,9,19,3,231,7,222,0,92,3363
Madhya Pradesh,Bhind,2013,22.8084,78.4919,61,100,3,114,110,15,73,156,674,0,64,44,9,1455,28,117,0,53,4333
Madhya Pradesh,Bhopal,2013,23.2599,77.4126,55,115,0,346,214,4,209,908,4904,0,78,172,18,38,18,357,0,344,13927
Madhya Pradesh,Bhopal Rly.,2013,23.2599,77.4126,3,5,2,10,10,0,31,6,3276,0,4,5,0,2,0,15,0,2,3352
Madhya Pradesh,Burhanpur,2013,22.9334,78.6169,15,7,0,68,44,1,7,47,212,0,10,8,1,473,5,92,0,42,1636
Madhya Pradesh,Chhatarpur,2013,23.0184,78.7019,46,52,4,154,76,2,37,268,448,0,31,28,11,305,24,220,0,81,4527
Madhya Pradesh,Chhindwara,2013,23.1184,78.8019,78,34,3,302,384,2,17,187,422,0,44,26,32,2203,9,194,0,145,5142
Madhya Pradesh,Damoh,2013,22.7384,78.4219,39,33,0,100,42,0,15,97,208,0,10,11,5,1016,25,147,0,59,2630
Madhya Pradesh,Datiya,2013,23.1234,78.8069,39,52,0,54,48,4,30,60,246,0,13,12,12,254,16,64,0,40,2267
Madhya Pradesh,Dewas,2013,22.9584,78.6419,38,54,1,162,38,4,14,148,874,0,32,22,16,372,8,124,0,101,4980
Madhya Pradesh,Dhar,2013,15.4589,75.0078,56,40,0,216,350,10,33,200,1204,0,61,37,16,400,48,211,0,115,6164
Madhya Pradesh,Dindori,2013,22.7284,78.4119,22,6,16,152,40,0,1,50,126,0,9,14,4,83,6,120,0,47,1990
Madhya Pradesh,Guna,2013,22.9584,78.6419,39,38,1,210,52,17,35,156,646,0,34,19,10,610,5,157,0,36,3788
Madhya Pradesh,Gwalior,2013,26.2183,78.1828,93,151,17,316,134,85,145,852,3282,0,102,122,25,678,43,369,0,446,10693
Madhya Pradesh,Harda,2013,23.0384,78.7219,14,9,2,66,18,0,9,35,154,0,13,3,5,90,3,48,0,16,1100
Madhya Pradesh,Hoshangabad,2013,23.1584,78.8419,40,45,0,158,212,2,24,178,536,0,18,17,15,327,10,152,0,84,3630
Madhya Pradesh,Indore,2013,22.7196,75.8577,106,215,10,380,796,7,224,1455,11812,0,84,143,53,1393,31,369,0,350,22249
Madhya Pradesh,Indore Rly.,2013,22.7196,75.8577,2,1,0,6,12,0,6,2,734,0,2,0,0,0,1,9,0,0,765
Madhya Pradesh,Jabalpur,2013,23.1815,79.9864,76,125,5,290,348,13,117,509,1854,0,57,163,27,3471,37,303,0,218,10790
Madhya Pradesh,Jabalpur Rly.,2013,23.1815,79.9864,3,3,0,2,4,2,18,10,1512,0,2,4,0,5,1,13,0,1,1565
Madhya Pradesh,Jhabua,2013,23.1184,78.8019,20,7,1,98,192,4,23,76,316,0,29,8,12,66,0,60,0,10,2498
Madhya Pradesh,Katni,2013,23.1084,78.7919,46,26,7,130,144,8,12,155,342,0,19,25,5,1169,13,206,0,60,3803
Madhya Pradesh,Khandwa,2013,22.8834,78.5669,34,40,0,194,210,1,15,214,516,0,38,26,5,73,6,179,0,46,3336
Madhya Pradesh,Khargon,2013,22.9484,78.6319,43,35,2,190,354,3,28,193,880,0,34,9,8,101,34,213,0,111,4800
Madhya Pradesh,Mandla,2013,22.7384,78.4219,28,16,2,176,28,1,2,63,106,0,4,13,2,249,2,104,0,46,1906
Madhya Pradesh,Mandsaur,2013,22.8484,78.5319,27,52,0,148,62,4,7,116,638,0,13,46,16,183,4,143,0,145,3772
Madhya Pradesh,Morena,2013,22.8584,78.5419,55,128,5,120,96,23,52,169,1038,0,99,44,6,1905,40,116,0,151,5588
Madhya Pradesh,Narsinghpur,2013,22.9434,78.6269,30,40,1,202,138,1,11,184,382,0,18,23,13,1500,16,189,0,115,3649
Madhya Pradesh,Neemuch,2013,22.8684,78.5519,8,11,0,98,96,1,27,107,426,0,35,22,1,423,0,84,0,62,2525
Madhya Pradesh,Panna,2013,22.7284,78.4119,20,23,3,90,28,1,5,71,96,0,0,8,7,197,14,85,0,29,1828
Madhya Pradesh,Raisen,2013,22.8984,78.5819,50,57,0,230,72,1,7,104,460,0,26,13,6,1852,9,204,0,94,4656
Madhya Pradesh,Rajgarh,2013,23.0634,78.7469,32,29,0,240,164,4,21,167,610,0,47,13,48,245,8,203,0,83,4433
Madhya Pradesh,Ratlam,2013,23.0084,78.6919,39,51,1,176,122,6,41,136,576,0,20,38,14,1034,10,89,0,77,3497
Madhya Pradesh,Rewa,2013,23.0034,78.6869,49,52,0,226,64,7,64,616,966,0,42,44,28,636,47,178,0,127,5741
Madhya Pradesh,Sagar,2013,23.2134,78.8969,58,68,2,270,110,1,47,313,868,0,119,48,26,2250,36,422,0,130,8016
Madhya Pradesh,Satna,2013,23.1784,78.8619,69,52,2,248,82,7,50,393,994,0,50,67,19,791,35,204,0,135,6232
Madhya Pradesh,Seoni,2013,22.8884,78.5719,29,19,1,150,94,2,12,88,196,0,13,17,4,220,15,130,0,24,2632
Madhya Pradesh,Shahdol,2013,22.7684,78.4519,42,34,0,230,260,3,20,294,450,0,21,23,13,546,9,216,0,193,4344
Madhya Pradesh,Shajapur,2013,23.0784,78.7619,14,38,0,88,40,2,15,125,612,0,39,6,17,1204,2,113,0,37,2523
Madhya Pradesh,Sheopur,2013,22.7384,78.4219,18,9,0,64,14,2,9,44,152,0,36,17,0,850,5,45,0,39,1409
Madhya Pradesh,Shivpuri,2013,23.1434,78.8269,63,44,1,212,64,16,50,140,502,0,50,28,31,844,14,211,0,78,4772
Madhya Pradesh,Sidhi,2013,22.8634,78.5469,21,24,3,92,152,1,11,156,194,0,6,14,8,290,17,116,0,70,2653
Madhya Pradesh,Sihore,2013,22.9134,78.5969,40,40,2,190,76,5,28,174,602,0,28,30,8,246,14,116,0,69,3907
Madhya Pradesh,Singrauli,2013,23.1784,78.8619,36,22,0,76,172,2,17,131,418,0,39,22,2,284,18,111,0,74,2954
Madhya Pradesh,Tikamgarh,2013,23.0834,78.7669,25,19,1,134,72,0,21,115,178,0,30,18,13,655,14,140,0,40,3196
Madhya Pradesh,Ujjain,2013,23.1765,75.7885,66,120,1,226,82,2,67,363,1904,0,62,62,21,1474,13,232,0,207,7970
Madhya Pradesh,Umariya,2013,23.0784,78.7619,17,6,0,76,76,2,7,99,142,0,5,9,13,72,5,73,0,58,1579
Madhya Pradesh,Vidisha,2013,23.0934,78.7769,44,50,4,250,254,1,17,271,740,0,49,13,20,705,20,240,0,123,4687
Maharashtra,Ahmednagar,2013,19.7715,75.7339,112,71,6,210,162,52,351,552,3206,0,584,251,52,759,10,243,0,397,7934
Maharashtra,Akola,2013,19.8715,75.8339,35,47,2,92,62,21,79,198,1462,0,152,116,31,942,4,200,0,121,3979
Maharashtra,Amravati Commr.,2013,19.9615,75.9239,19,41,2,52,54,6,72,205,1302,0,101,65,10,392,2,96,0,38,2776
Maharashtra,Amravati Rural,2013,19.8215,75.7839,55,60,4,156,106,5,48,222,1970,0,96,62,68,1445,1,317,0,175,5440
Maharashtra,Aurangabad Commr.,2013,19.8762,75.3433,32,50,0,44,98,25,166,295,2368,0,181,238,29,500,5,173,0,151,4033
Maharashtra,Aurangabad Rural,2013,19.9115,75.8739,45,65,4,72,46,29,50,170,1696,0,343,89,22,784,14,167,0,273,4565
Maharashtra,Beed,2013,19.6065,75.5689,79,83,11,184,142,28,105,343,1236,0,397,198,49,864,5,230,0,382,4713
Maharashtra,Bhandara,2013,19.8215,75.7839,28,12,0,80,40,4,27,132,1066,0,54,51,23,306,0,74,0,52,2257
Maharashtra,Buldhana,2013,19.6415,75.6039,54,43,3,112,42,9,41,182,1066,0,228,99,47,1074,20,185,0,140,4024
Maharashtra,Chandrapur,2013,19.8215,75.7839,37,25,4,176,76,7,53,284,1600,0,116,71,32,663,8,179,0,180,4476
Maharashtra,Dhule,2013,19.8865,75.8489,47,52,1,80,54,43,89,184,706,0,213,87,7,302,6,58,0,228,3136
Maharashtra,Gadchiroli,2013,19.7565,75.7189,42,61,1,66,12,3,6,97,262,0,16,18,22,186,0,53,0,14,1033
Maharashtra,Gondia,2013,19.5815,75.5439,31,10,4,104,48,6,9,174,492,0,28,58,15,352,1,94,0,55,1887
Maharashtra,Hingoli,2013,19.6515,75.6139,27,22,1,30,30,6,8,56,244,0,87,66,9,311,4,55,0,86,1400
Maharashtra,Jalgaon,2013,19.7315,75.6939,73,90,5,116,118,38,114,368,1952,0,315,219,35,652,2,238,0,425,5548
Maharashtra,Jalna,2013,19.7165,75.6789,57,92,4,70,62,27,61,225,984,0,215,105,29,532,50,132,0,351,3173
Maharashtra,Kolhapur,2013,19.6715,75.6339,68,57,0,168,106,22,163,403,1772,0,348,292,22,520,14,117,0,204,4800
Maharashtra,Latur,2013,19.8315,75.7939,67,45,7,74,76,25,50,264,854,0,254,102,37,570,4,116,0,297,3443
Maharashtra,Mumbai Commr.,2013,18.922,72.8347,170,190,8,782,762,60,2757,2936,21122,0,385,2134,47,3922,21,1163,0,602,35267
Maharashtra,Mumbai Rly.,2013,19.6465,75.6089,4,6,1,12,14,3,513,6,3676,0,5,65,0,47,0,41,0,0,4351
Maharashtra,Nagpur Commr.,2013,21.1458,79.0882,103,85,7,182,236,36,492,1159,5528,0,207,268,26,1012,4,209,0,218,9426
Maharashtra,Nagpur Rly.,2013,19.8415,75.8039,6,3,0,4,8,5,72,0,2648,0,9,11,0,20,0,15,0,1,2786
Maharashtra,Nagpur Rural,2013,19.6665,75.6289,50,32,6,150,64,15,43,227,1902,0,78,57,20,613,4,149,0,82,4242
Maharashtra,Nanded,2013,19.9715,75.9339,60,71,10,128,122,23,61,431,1076,0,293,232,46,967,30,135,0,341,5058
Maharashtra,Nandurbar,2013,19.5415,75.5039,26,15,0,46,40,17,10,85,362,0,100,45,3,240,1,44,0,75,1558
Maharashtra,Nasik Commr.,2013,19.8865,75.8489,35,20,2,40,62,32,145,279,1810,0,93,154,7,248,7,96,0,181,4401
Maharashtra,Nasik Rural,2013,19.9065,75.8689,82,59,2,170,98,58,120,314,1816,0,452,236,30,794,9,224,0,405,6477
Maharashtra,Navi Mumbai,2013,19.5315,75.4939,48,31,4,138,168,24,350,662,2704,0,83,406,7,444,8,138,0,139,5390
Maharashtra,Osmanabad,2013,19.6415,75.6039,37,47,7,96,74,22,30,179,760,0,206,128,23,517,4,127,0,166,2864
Maharashtra,Parbhani,2013,19.5665,75.5289,48,88,5,80,132,35,68,338,1038,0,198,157,36,934,4,132,0,271,3573
Maharashtra,Pune Commr.,2013,18.5204,73.8567,129,137,10,342,354,60,866,1195,8182,0,496,943,34,1018,9,304,0,344,13756
Maharashtra,Pune Rly.,2013,19.7565,75.7189,6,6,0,6,4,6,21,0,798,0,2,2,0,2,0,6,0,0,853
Maharashtra,Pune Rural,2013,19.6315,75.5939,132,108,13,300,200,66,279,887,4482,0,578,328,45,901,6,277,0,224,9208
Maharashtra,Raigad,2013,19.7865,75.7489,39,24,1,84,34,12,65,181,968,0,181,141,9,314,4,92,0,80,2595
Maharashtra,Ratnagiri,2013,19.9015,75.8639,18,12,2,54,30,8,38,157,490,0,85,86,6,162,0,82,0,39,1568
Maharashtra,Sangli,2013,19.5815,75.5439,59,42,5,154,90,8,45,257,1090,0,233,186,21,467,8,141,0,141,3353
Maharashtra,Satara,2013,19.8865,75.8489,62,72,7,176,118,60,275,608,2916,0,417,214,22,566,4,297,0,201,6086
Maharashtra,Sindhudurg,2013,19.7465,75.7089,12,6,1,22,14,3,14,90,234,0,49,45,12,108,0,50,0,12,841
Maharashtra,Solapur Commr.,2013,19.8765,75.8389,18,30,0,74,78,33,139,249,1078,0,136,147,3,194,1,53,0,63,2179
Maharashtra,Solapur Rural,2013,19.7715,75.7339,74,45,12,164,78,23,85,340,2580,0,397,130,34,728,1,149,0,109,5057
Maharashtra,Thane Commr.,2013,19.2183,72.9781,96,107,6,364,604,44,1071,1595,5712,0,376,1043,53,1586,14,467,0,423,12651
Maharashtra,Thane Rural,2013,19.5965,75.5589,133,83,10,266,164,57,444,864,3028,0,359,558,13,913,8,246,0,217,7477
Maharashtra,Wardha,2013,19.8415,75.8039,45,49,7,146,102,8,71,305,1472,0,77,67,66,645,1,227,0,116,3959
Maharashtra,Washim,2013,19.5515,75.5139,27,43,2,52,48,2,31,136,686,0,141,77,24,424,10,153,0,142,2513
Maharashtra,Yavatmal,2013,19.9265,75.8889,85,91,16,208,248,20,149,494,2944,0,246,168,71,1856,12,388,0,381,12567
Manipur,Bishnupur,2013,24.4637,93.7063,6,14,0,14,14,8,0,12,90,0,6,5,1,13,0,3,0,1,234
Manipur,Chandel,2013,24.8937,94.1363,10,4,0,2,6,6,0,3,8,0,0,0,2,3,0,0,0,0,53
Manipur,Churachandpur,2013,24.7837,94.0263,8,8,0,0,10,21,0,8,40,0,2,6,3,7,0,2,0,0,113
Manipur,Cid,2013,24.7437,93.9863,0,0,0,0,0,0,0,0,0,0,0,0,0,0,0,0,0,0,0
Manipur,Imphal East,2013,28.6333,77.2833,8,39,1,24,96,29,0,11,368,0,23,22,10,42,0,9,0,8,672
Manipur,Imphal West,2013,28.65,77.1,28,64,1,52,110,30,3,20,986,0,15,45,5,107,0,34,0,9,1465
Manipur,Senapati,2013,24.4637,93.7063,11,7,1,0,24,14,0,2,36,0,1,7,3,2,0,0,0,1,123
Manipur,Tamenglong,2013,24.4787,93.7213,3,12,0,0,12,25,0,1,14,0,2,2,3,3,0,1,0,0,90
Manipur,Thoubal,2013,24.4487,93.6913,15,41,1,48,82,3,0,25,144,0,13,36,7,45,0,9,0,9,524
Manipur,Ukhrul,2013,24.7087,93.9513,4,22,0,4,8,0,0,3,22,0,5,4,4,1,0,1,0,1,105
Meghalaya,Garo Hills East,2013,28.6333,77.2833,13,16,6,10,14,3,10,5,64,0,0,6,0,4,0,6,0,0,188
Meghalaya,Garo Hills North,2013,28.7,77.1833,3,9,0,2,36,7,4,3,34,0,1,1,5,6,0,0,0,1,115
Meghalaya,Garo Hills South,2013,28.5333,77.2,18,20,0,14,20,8,0,5,38,0,0,0,0,10,0,2,0,1,152
Meghalaya,Garo Hills South W.,2013,28.5333,77.2,7,5,2,20,6,6,1,9,18,0,0,3,0,5,0,5,0,0,92
Meghalaya,Garo Hills West,2013,28.65,77.1,15,9,4,30,36,3,6,27,194,0,9,19,6,28,0,16,0,6,400
Meghalaya,Jaintia Hills East,2013,28.6333,77.2833,23,8,0,28,40,2,5,5,116,0,0,8,7,33,0,3,0,0,292
Meghalaya,Jaintia Hills West,2013,28.65,77.1,20,0,2,48,4,4,7,19,84,0,0,11,15,39,0,10,0,2,293
Meghalaya,Khasi Hills East,2013,28.6333,77.2833,26,23,2,110,80,4,29,83,434,0,0,69,72,111,2,32,0,11,1127
Meghalaya,Khasi Hills South W.,2013,28.5333,77.2,10,0,2,22,4,5,2,1,24,0,1,0,0,14,0,2,0,2,83
Meghalaya,Khasi Hills West,2013,28.65,77.1,12,7,0,24,12,8,2,10,60,0,2,1,1,7,0,14,0,0,177
Meghalaya,Ri-Bhoi,2013,25.712,91.6112,19,14,1,58,26,2,2,20,168,0,0,4,21,19,0,8,0,0,353
Mizoram,Aizawl,2013,23.3695,93.1426,9,8,0,74,4,0,1,195,652,0,0,45,24,22,0,37,0,5,1034
Mizoram,Champhai,2013,23.1495,92.9226,0,5,1,24,2,0,0,39,176,0,1,4,0,7,0,5,0,0,258
Mizoram,Kolasib,2013,23.3695,93.1426,6,2,0,18,2,3,0,44,122,0,0,0,2,8,0,7,0,0,207
Mizoram,Lawngtlai,2013,23.2295,93.0026,1,1,0,6,0,0,1,18,46,0,0,2,0,8,0,6,0,0,90
Mizoram,Lunglei,2013,23.3295,93.1026,6,2,0,30,0,0,0,29,106,0,0,4,0,5,0,13,0,0,182
Mizoram,Mamit,2013,23.2195,92.9926,3,0,1,10,6,1,1,16,48,0,0,0,1,8,0,5,0,0,94
Mizoram,Saiha,2013,22.9895,92.7626,0,1,0,8,0,0,0,17,58,0,0,0,0,8,0,1,0,0,92
Mizoram,Serchhip,2013,23.3445,93.1176,2,0,0,8,0,0,0,16,78,0,0,0,0,4,0,7,0,0,108
Mizoram,Spl Narcotic,2013,23.2395,93.0126,0,0,0,0,0,0,0,0,0,0,0,0,0,0,0,0,0,0,1
Mizoram,Traffic Ps,2013,23.3695,93.1426,0,0,0,0,0,0,0,0,0,0,0,0,0,0,0,0,0,0,12
Nagaland,Dimapur,2013,26.3284,94.7324,37,22,1,28,44,3,29,13,484,0,1,39,8,6,1,18,0,4,714
Nagaland,Kiphire,2013,26.1734,94.5774,2,8,0,4,4,0,0,0,8,0,4,1,0,2,0,0,0,0,42
Nagaland,Kohima,2013,26.0484,94.4524,11,3,13,10,14,0,11,5,96,0,0,8,0,4,0,0,0,0,162
Nagaland,Longleng,2013,26.0434,94.4474,0,2,0,0,0,0,0,1,6,0,0,1,0,2,0,0,0,0,14
Nagaland,Mokokchung,2013,26.2884,94.6924,5,4,1,6,12,0,4,4,36,0,4,4,1,8,0,0,0,0,88
Nagaland,Mon,2013,25.9134,94.3174,8,1,0,2,4,0,1,0,24,0,1,1,0,4,0,0,0,0,50
Nagaland,Peren,2013,26.1434,94.5474,0,2,0,2,0,0,0,3,10,0,0,1,0,0,0,0,0,0,18
Nagaland,Phek,2013,26.2334,94.6374,7,4,3,8,0,0,2,3,32,0,0,1,0,13,0,0,0,0,82
Nagaland,Tuensang,2013,26.1484,94.5524,1,3,0,2,0,0,0,0,26,0,1,0,0,5,0,0,0,0,56
Nagaland,Wokha,2013,26.2734,94.6774,2,9,0,0,2,0,0,2,56,0,0,4,0,12,0,0,0,0,87
Nagaland,Zunheboto,2013,26.1234,94.5274,5,5,0,0,0,0,2,5,34,0,0,1,0,3,0,0,0,0,55
Odisha,Angul,2013,21.1617,85.3085,58,134,0,128,254,29,81,183,1432,0,155,52,23,45,0,288,0,68,3842
Odisha,Balasore,2013,20.7367,84.8835,56,101,1,188,352,40,80,271,800,0,53,169,17,1422,49,251,0,396,4067
Odisha,Baragarh,2013,20.7917,84.9385,33,82,0,98,90,17,47,80,286,0,103,43,10,89,4,149,0,79,1587
Odisha,Berhampur,2013,20.7067,84.8535,21,105,1,66,142,39,74,115,534,0,44,66,4,267,1,183,0,71,1985
Odisha,Bhadrak,2013,21.0067,85.1535,33,66,0,138,222,11,24,94,284,0,16,75,23,42,12,136,0,202,2708
Odisha,Bolangir,2013,20.9017,85.0485,37,55,0,88,100,27,45,121,370,0,85,66,14,0,11,101,0,42,2008
Odisha,Boudh,2013,21.1017,85.2485,19,20,0,98,78,4,10,22,74,0,24,17,4,217,1,107,0,31,706
Odisha,Cuttack,2013,20.8467,84.9935,51,7,0,88,122,20,54,117,442,0,41,54,11,715,29,12,0,28,2407
Odisha,Dcp Bbsr,2013,21.0767,85.2235,49,74,0,102,238,23,88,340,3164,0,78,256,14,818,18,92,0,58,5497
Odisha,Dcp Ctc,2013,20.8917,85.0385,34,12,13,60,168,21,55,167,1592,0,24,125,5,5,2,27,0,183,2954
Odisha,Deogarh,2013,20.8517,84.9985,14,21,0,38,20,3,8,17,88,0,7,7,2,176,1,40,0,18,478
Odisha,Dhenkanal,2013,21.1317,85.2785,54,141,0,74,112,18,68,87,410,0,110,45,29,46,17,376,0,54,2131
Odisha,Gajapati,2013,20.8317,84.9785,7,25,0,38,16,1,3,18,52,0,40,32,2,65,4,80,0,10,424
Odisha,Ganjam,2013,21.0467,85.1935,86,243,0,160,130,42,69,109,386,0,108,73,34,343,20,407,0,40,2326
Odisha,Jagatsinghpur,2013,20.7617,84.9085,53,38,0,80,162,20,115,133,824,0,87,61,24,207,30,177,0,113,2324
Odisha,Jajpur,2013,21.1767,85.3235,49,32,0,152,216,11,56,131,876,0,66,77,17,977,35,171,0,169,3008
Odisha,Jharsuguda,2013,21.1817,85.3285,22,3,0,42,50,9,37,82,378,0,36,26,9,307,6,88,0,54,1214
Odisha,Kalahandi,2013,20.9067,85.0535,42,50,0,110,116,5,32,57,210,0,80,55,15,451,9,157,0,116,1735
Odisha,Kandhamal,2013,21.0667,85.2135,24,11,0,86,106,6,15,43,136,0,10,55,3,340,4,101,0,37,909
Odisha,Kendrapara,2013,21.0217,85.1685,46,97,0,106,218,8,49,124,318,0,43,54,18,1278,0,26,0,41,2359
Odisha,Keonjhar,2013,21.0417,85.1885,92,102,18,230,176,17,48,117,556,0,75,42,17,642,29,244,0,194,2579
Odisha,Khurda,2013,21.1267,85.2735,43,72,0,66,152,20,70,98,396,0,66,57,13,0,17,105,0,127,1982
Odisha,Koraput,2013,20.9817,85.1285,52,44,0,154,116,20,43,97,240,0,71,51,12,0,5,112,0,63,1456
Odisha,Malkangir,2013,21.0667,85.2135,34,39,0,30,54,6,5,22,78,0,28,60,5,5,2,39,0,14,494
Odisha,Mayurbhanj,2013,20.9467,85.0935,91,84,0,284,252,6,40,138,544,0,26,80,15,597,19,343,0,102,2958
Odisha,Nayagarh,2013,20.7817,84.9285,36,142,2,60,110,19,58,59,282,0,48,45,10,483,13,13,0,23,1520
Odisha,Nowrangpur,2013,20.7267,84.8735,19,24,2,134,142,10,14,33,152,0,65,29,6,147,0,111,0,68,1542
Odisha,Nuapada,2013,21.0017,85.1485,17,46,0,48,98,11,22,41,170,0,25,40,7,58,7,120,0,23,1080
Odisha,Puri,2013,21.0967,85.2435,64,65,0,116,186,16,113,189,898,0,139,105,13,192,24,56,0,181,3753
Odisha,Rayagada,2013,20.8267,84.9735,27,48,1,156,184,8,20,72,168,0,30,34,9,45,3,136,0,48,1163
Odisha,Rourkela,2013,21.1017,85.2485,62,18,0,142,122,32,67,184,1030,0,31,66,5,236,5,134,0,32,2410
Odisha,Sambalpur,2013,21.1217,85.2685,48,95,0,162,112,22,114,247,1026,0,70,68,17,53,9,63,0,37,3038
Odisha,Sonepur,2013,20.7717,84.9185,13,18,0,34,26,4,9,45,168,0,15,34,0,12,1,67,0,44,650
Odisha,Srp(Cuttack),2013,20.9017,85.0485,3,2,0,0,0,3,12,6,750,0,0,10,0,6,0,3,0,1,792
Odisha,Srp(Rourkela),2013,20.9967,85.1435,6,2,0,2,10,4,12,17,576,0,0,3,0,0,0,15,0,0,632
Odisha,Sundargarh,2013,20.7717,84.9185,59,55,1,106,88,10,21,71,398,0,38,37,9,457,8,88,0,25,1576
Punjab,Amritsar Rural,2013,31.634,74.8723,44,55,4,68,134,8,9,96,444,0,0,142,5,205,3,60,0,50,1491
Punjab,Barnala,2013,31.3321,75.5262,14,22,2,34,88,3,2,60,256,0,0,26,4,65,2,11,0,17,771
Punjab,Batala,2013,31.1221,75.3162,25,23,4,62,62,5,9,52,140,0,0,63,1,155,1,26,0,35,826
Punjab,Bhatinda,2013,30.9171,75.1112,36,51,6,104,124,6,2,225,652,0,0,157,9,229,4,57,0,89,2096
Punjab,Cp Amritsar,2013,31.634,74.8723,18,55,4,58,124,7,6,102,518,0,0,255,3,157,4,53,0,101,1652
Punjab,Cp Jalandhar,2013,31.0171,75.2112,23,33,4,82,134,3,11,179,776,0,0,232,2,129,11,78,0,162,1894
Punjab,Cp Ludhiana,2013,30.901,75.8573,71,72,6,218,290,14,10,198,990,0,0,305,2,193,13,81,0,140,3194
Punjab,Faridkot,2013,30.9071,75.1012,15,26,3,40,42,1,1,50,144,0,0,46,2,113,3,29,0,21,724
Punjab,Fatehgarh Sahib,2013,31.0171,75.2112,12,11,5,34,44,6,2,51,136,0,0,127,0,133,1,13,0,47,811
Punjab,Fazilka,2013,30.9721,75.1662,20,23,2,68,64,1,3,67,218,0,0,65,0,167,4,14,0,33,863
Punjab,Ferozpur,2013,31.2371,75.4312,31,43,6,34,66,7,2,86,312,0,0,128,5,193,3,8,0,48,1233
Punjab,G.R.P,2013,31.3271,75.5212,10,4,0,4,4,20,3,2,170,0,0,0,0,7,0,5,0,0,419
Punjab,Gurdaspur,2013,30.9771,75.1712,9,24,4,46,84,2,3,42,220,0,0,56,1,120,3,41,0,44,884
Punjab,Hoshiarpur,2013,31.2071,75.4012,52,36,6,72,78,9,25,141,342,0,0,149,7,204,5,54,0,154,1667
Punjab,Jalandhar Rural,2013,31.1871,75.3812,39,54,4,78,52,8,8,137,364,0,0,231,2,202,5,51,0,71,1579
Punjab,Kapurthala,2013,30.9371,75.1312,31,24,1,60,84,5,6,97,318,0,0,172,2,183,7,40,0,62,1267
Punjab,Khanna,2013,31.1671,75.3612,22,25,5,32,62,0,4,81,378,0,0,57,0,104,2,29,0,24,971
Punjab,Ludhiana Rural,2013,30.901,75.8573,19,16,1,34,98,5,2,72,206,0,0,79,1,92,2,18,0,20,864
Punjab,Mansa,2013,30.9521,75.1462,15,20,5,36,26,7,0,57,114,0,0,43,1,79,1,16,0,23,640
Punjab,Moga,2013,31.1921,75.3862,28,41,1,58,82,4,4,86,268,0,0,116,4,129,5,22,0,24,1044
Punjab,Muktsar,2013,31.0321,75.2262,16,27,3,36,110,2,2,71,198,0,0,70,0,108,3,20,0,39,804
Punjab,Pathankot,2013,31.1971,75.3912,7,5,3,22,40,0,1,26,56,0,0,69,1,21,0,10,0,32,437
Punjab,Patiala,2013,31.0121,75.2062,40,59,8,112,140,14,1,202,700,0,0,328,5,231,11,84,0,159,2869
Punjab,Ropar,2013,30.9021,75.0962,13,19,1,60,120,0,3,73,246,0,0,59,4,120,4,29,0,27,1016
Punjab,Sangrur,2013,31.1871,75.3812,24,62,8,112,120,9,2,120,382,0,0,148,4,206,11,48,0,63,2078
Punjab,Sas Ngr,2013,31.2471,75.4412,30,32,3,102,182,3,7,180,848,0,0,478,0,108,10,92,0,191,2826
Punjab,Sbs Nagar,2013,31.1121,75.3062,11,17,3,42,26,1,10,75,172,0,0,77,0,110,1,13,0,31,671
Punjab,Tarn Taran,2013,30.8971,75.0912,36,44,2,68,68,7,3,79,202,0,0,127,0,153,7,43,0,34,1076
Rajasthan,Ajmer,2013,26.4499,74.6399,49,50,9,200,414,6,22,287,1910,0,6,1402,10,314,16,166,0,863,8636
Rajasthan,Alwar,2013,26.9488,74.1429,115,85,6,632,726,7,66,314,7928,0,6,1349,21,3063,42,288,0,707,14677
Rajasthan,Banswara,2013,27.1438,74.3379,36,11,0,234,220,3,18,73,240,0,39,152,13,705,13,108,0,205,2784
Rajasthan,Baran,2013,27.0538,74.2479,24,55,2,132,204,0,4,44,616,0,1,246,11,328,1,208,0,289,3333
Rajasthan,Barmer,2013,27.2438,74.4379,31,27,1,110,54,1,11,150,778,0,0,350,26,409,21,190,0,274,3996
Rajasthan,Bharatpur,2013,27.0638,74.2579,94,86,2,328,586,10,37,91,4136,0,1,822,24,60,34,156,0,574,10203
Rajasthan,Bhilwara,2013,27.1438,74.3379,30,40,5,202,256,2,34,197,1378,0,8,626,5,46,8,135,0,652,5489
Rajasthan,Bikaner,2013,26.9588,74.1529,49,61,7,200,162,3,9,140,692,0,0,740,16,265,18,63,0,516,4978
Rajasthan,Bundi,2013,27.1988,74.3929,24,22,2,126,208,1,6,63,402,0,4,315,5,646,2,117,0,326,3292
Rajasthan,Chittorgarh,2013,26.8788,74.0729,45,46,0,186,330,1,17,156,880,0,26,411,12,816,4,142,0,782,4980
Rajasthan,Churu,2013,27.0738,74.2679,31,42,4,146,176,0,4,120,466,0,0,557,17,427,10,15,0,420,3725
Rajasthan,Dausa,2013,27.0938,74.2879,44,25,1,82,256,2,11,47,2320,0,68,487,7,34,11,163,0,221,5673
Rajasthan,Dholpur,2013,27.0088,74.2029,40,52,1,112,182,7,10,50,840,0,0,189,11,1219,40,28,0,196,3889
Rajasthan,Discom,2013,26.8788,74.0729,0,0,0,0,0,0,0,0,0,0,0,0,0,0,0,0,0,0,0
Rajasthan,Dungarpur,2013,27.0238,74.2179,32,9,1,172,218,0,9,50,190,0,12,63,11,141,6,99,0,175,2380
Rajasthan,G.R.P.Ajmer,2013,26.4499,74.6399,4,2,0,2,18,6,4,1,1340,0,3,4,0,1,1,10,0,0,1385
Rajasthan,G.R.P.Jodhpur,2013,26.2389,73.0243,3,1,0,0,2,1,1,0,222,0,0,0,0,0,0,3,0,0,230
Rajasthan,Ganganagar,2013,27.0638,74.2579,38,65,1,302,312,1,3,187,660,0,0,1043,3,707,20,127,0,957,6347
Rajasthan,Hanumangarh,2013,27.1788,74.3729,52,64,1,210,208,0,6,112,530,0,0,746,6,415,15,121,0,599,4825
Rajasthan,Jaipur East,2013,28.6333,77.2833,36,33,6,98,250,3,116,461,6312,0,65,849,16,86,5,107,0,267,8325
Rajasthan,Jaipur North,2013,28.7,77.1833,19,19,2,74,242,3,72,130,1814,0,14,805,1,295,4,68,0,300,4005
Rajasthan,Jaipur Rural,2013,26.9124,75.7873,54,33,1,136,250,9,24,181,1404,0,24,804,24,343,8,120,0,269,6198
Rajasthan,Jaipur South,2013,28.5333,77.2,21,21,0,84,190,1,98,261,3374,0,19,886,7,112,7,39,0,214,5452
Rajasthan,Jaipur West,2013,28.65,77.1,29,21,2,128,362,3,97,386,2824,0,3,1360,7,299,5,69,0,329,6653
Rajasthan,Jaisalmer,2013,26.7738,73.9679,8,1,0,34,38,0,7,40,216,0,4,202,6,279,4,88,0,37,1434
Rajasthan,Jalore,2013,27.0488,74.2429,33,21,0,88,100,2,12,99,436,0,10,252,10,6,12,72,0,180,2593
Rajasthan,Jhalawar,2013,26.8238,74.0179,54,60,4,234,282,10,25,94,800,0,42,205,28,750,5,307,0,478,4133
Rajasthan,Jhunjhunu,2013,26.8438,74.0379,59,37,4,144,162,1,11,124,764,0,9,717,10,591,12,40,0,405,4752
Rajasthan,Jodhpur East,2013,28.6333,77.2833,20,55,1,40,130,0,20,106,1046,0,0,510,10,496,1,51,0,205,2818
Rajasthan,Jodhpur Rural,2013,26.2389,73.0243,31,41,1,100,118,2,11,127,574,0,1,233,15,656,11,88,0,166,2932
Rajasthan,Jodhpur West,2013,28.65,77.1,25,55,2,100,130,3,69,198,1408,0,0,348,17,364,6,90,0,168,2989
Rajasthan,Karauli,2013,27.1438,74.3379,34,32,1,96,238,5,15,32,1692,0,1,237,13,0,13,79,0,179,4636
Rajasthan,Kota City,2013,25.2138,75.8648,19,75,1,172,408,10,19,112,1680,0,0,905,4,84,6,101,0,512,4872
Rajasthan,Kota Rural,2013,25.2138,75.8648,20,48,0,90,140,7,9,61,338,0,4,217,6,159,0,166,0,247,2408
Rajasthan,Nagaur,2013,27.1488,74.3429,57,57,0,194,232,0,6,199,854,0,0,576,7,91,20,110,0,500,5186
Rajasthan,Pali,2013,26.8388,74.0329,47,64,0,184,280,0,38,236,820,0,0,586,8,217,16,222,0,512,6152
Rajasthan,Pratapgarh,2013,27.1088,74.3029,27,29,0,400,304,0,7,47,274,0,27,205,8,638,6,171,0,333,2936
Rajasthan,Rajsamand,2013,26.9338,74.1279,15,16,0,80,150,2,25,76,366,0,25,309,10,534,9,72,0,271,2571
Rajasthan,Sawai Madhopur,2013,26.8038,73.9979,32,29,2,78,178,0,9,43,1280,0,0,309,9,0,5,60,0,206,4077
Rajasthan,Sikar,2013,27.2388,74.4329,68,41,3,146,372,4,12,250,1558,0,15,1157,33,188,13,50,0,397,6941
Rajasthan,Sirohi,2013,27.2038,74.3979,37,27,2,94,126,0,6,65,238,0,4,230,6,386,8,109,0,213,2148
Rajasthan,Tonk,2013,26.9938,74.1879,15,17,0,66,162,0,2,106,570,0,35,361,6,1204,5,75,0,352,4022
Rajasthan,Udaipur,2013,24.5854,73.7125,72,87,11,334,596,4,83,267,1686,0,66,1031,25,1381,10,336,0,598,8212
Sikkim,East,2013,28.6333,77.2833,9,5,0,44,18,0,5,53,160,0,4,23,4,45,0,16,0,3,440
Sikkim,North,2013,28.7,77.1833,0,0,0,2,0,0,0,2,10,0,1,0,0,7,0,0,0,0,35
Sikkim,South,2013,28.5333,77.2,4,6,0,30,10,0,1,20,64,0,17,2,9,47,0,8,0,1,248
Sikkim,West,2013,28.65,77.1,2,1,0,10,4,0,0,10,10,0,10,0,6,23,0,5,0,1,128
Tamil Nadu,Ariyalur,2013,11.2521,78.7819,18,41,1,20,38,2,15,42,194,0,42,7,4,295,3,23,0,8,1991
Tamil Nadu,Chennai,2013,13.0827,80.2707,201,202,1,166,120,5,81,467,3328,0,97,492,22,1213,12,55,0,221,17747
Tamil Nadu,Chennai Rly.,2013,13.0827,80.2707,0,6,0,0,0,1,18,2,536,0,16,5,0,27,0,5,0,1,611
Tamil Nadu,Coimbatore Rural,2013,11.0168,76.9558,50,46,0,22,60,2,89,160,758,0,84,97,9,510,1,41,0,49,5053
Tamil Nadu,Coimbatore Urban,2013,11.0168,76.9558,26,53,0,34,18,3,114,122,814,0,12,165,16,230,1,15,0,48,17945
Tamil Nadu,Cuddalore,2013,10.9221,78.4519,58,117,1,72,120,6,42,149,1026,0,209,55,29,1028,6,8,0,66,8758
Tamil Nadu,Dharmapuri,2013,11.3221,78.8519,44,82,10,46,314,0,35,124,462,0,102,83,33,1308,2,48,0,65,4416
Tamil Nadu,Dindigul,2013,11.0971,78.6269,64,89,0,26,190,2,43,105,396,0,74,164,4,543,1,46,0,95,5845
Tamil Nadu,Erode,2013,11.3071,78.8369,52,29,1,28,64,2,56,146,534,0,20,107,12,386,0,25,0,21,4342
Tamil Nadu,Kanchipuram,2013,10.9271,78.4569,77,103,0,48,18,4,28,230,1206,0,162,75,19,572,3,15,0,18,7977
Tamil Nadu,Kanyakumari,2013,11.0221,78.5519,40,115,3,24,70,4,106,159,498,0,0,157,27,567,1,5,0,118,4203
Tamil Nadu,Karur,2013,11.1021,78.6319,21,16,0,14,34,1,21,43,252,0,19,19,3,143,0,9,0,11,2013
Tamil Nadu,Krishnagiri,2013,16.1809,81.1303,66,61,0,16,140,2,56,125,380,0,169,65,19,731,12,48,0,47,5101
Tamil Nadu,Madurai Rural,2013,9.9252,78.1198,81,212,1,66,222,12,181,313,1374,0,187,631,32,767,4,73,0,263,7855
Tamil Nadu,Madurai Urban,2013,9.9252,78.1198,39,49,2,32,64,5,102,57,850,0,36,263,11,198,3,23,0,91,3031
Tamil Nadu,Nagapattinam,2013,10.9171,78.4469,51,70,0,18,48,2,31,79,540,0,26,8,12,518,3,30,0,9,3919
Tamil Nadu,Namakkal,2013,11.3721,78.9019,42,37,0,46,88,2,50,107,312,0,59,68,8,487,0,57,0,15,4113
Tamil Nadu,Nilgiris,2013,10.8821,78.4119,11,13,0,30,20,1,6,53,90,0,16,8,4,203,0,18,0,1,1203
Tamil Nadu,Perambalur,2013,11.1921,78.7219,14,12,0,16,8,0,11,40,144,0,25,19,1,149,0,13,0,5,1300
Tamil Nadu,Pudukottai,2013,11.3371,78.8669,43,38,0,20,108,4,20,44,220,0,53,44,20,274,3,29,0,39,3379
Tamil Nadu,Ramnathapuram,2013,11.2321,78.7619,50,91,0,18,50,1,66,115,254,0,72,63,19,452,2,24,0,20,3583
Tamil Nadu,Salem Rural,2013,11.6643,78.146,54,52,1,52,138,8,44,104,314,0,132,58,35,1444,5,62,0,47,5832
Tamil Nadu,Salem Urban,2013,11.6643,78.146,28,35,0,32,44,1,41,67,244,0,26,40,0,329,1,10,0,49,2852
Tamil Nadu,Sivagangai,2013,11.3421,78.8719,47,96,4,32,68,4,86,126,440,0,55,72,10,349,4,35,0,87,3742
Tamil Nadu,Thanjavur,2013,11.0871,78.6169,58,122,0,62,122,17,145,165,846,0,147,88,35,820,0,68,0,46,6510
Tamil Nadu,Theni,2013,10.9271,78.4569,39,78,0,50,76,1,38,110,506,0,61,133,16,657,5,41,0,62,4311
Tamil Nadu,Thirunelveli Rural,2013,10.9821,78.5119,106,304,0,148,244,5,88,220,530,0,5,694,57,973,6,82,0,486,10365
Tamil Nadu,Thirunelveli Urban,2013,11.2971,78.8269,24,87,0,24,28,2,69,90,308,0,0,32,12,169,0,4,0,18,1525
Tamil Nadu,Thiruvallur,2013,10.9921,78.5219,31,38,1,42,46,3,18,151,456,0,172,98,12,392,9,11,0,19,4003
Tamil Nadu,Thiruvannamalai,2013,11.3571,78.8869,46,50,1,100,112,6,15,121,500,0,81,71,22,613,2,31,0,34,4614
Tamil Nadu,Thiruvarur,2013,11.3171,78.8469,34,66,0,30,46,6,34,90,380,0,19,12,23,428,1,5,0,15,3963
Tamil Nadu,Thoothugudi,2013,10.9971,78.5269,85,194,1,104,60,5,82,214,568,0,0,144,34,644,2,35,0,64,5519
Tamil Nadu,Tiruppur,2013,11.2171,78.7469,75,43,0,40,106,2,144,243,924,0,61,109,11,581,8,40,0,91,5895
Tamil Nadu,Trichy Rly.,2013,11.1121,78.6419,0,0,0,0,0,1,25,5,182,0,0,2,0,15,0,3,0,0,230
Tamil Nadu,Trichy Rural,2013,11.3421,78.8719,52,34,0,46,70,5,34,64,292,0,44,29,5,332,3,40,0,49,4131
Tamil Nadu,Trichy Urban,2013,10.9771,78.5069,21,27,0,20,16,1,44,44,466,0,2,90,2,162,0,18,0,25,2783
Tamil Nadu,Vellore,2013,11.2471,78.7769,66,91,3,102,194,1,36,297,1326,0,70,126,8,918,8,33,0,40,9802
Tamil Nadu,Villupuram,2013,11.2421,78.7719,71,140,2,134,332,7,29,194,962,0,284,105,46,1084,4,127,0,80,8801
Tamil Nadu,Virudhunagar,2013,11.1371,78.6669,51,68,0,66,62,2,43,138,488,0,62,149,13,473,3,16,0,48,4336
Tripura,Dhalai,2013,24.0858,92.1332,18,3,1,34,28,1,3,19,58,0,7,19,5,78,1,38,0,51,394
Tripura,Gomati,2013,23.6908,91.7382,22,7,0,62,60,1,7,35,190,0,18,20,17,299,6,45,0,164,1049
Tripura,Grp,2013,23.9708,92.0182,0,0,0,0,0,0,1,0,10,0,0,0,0,5,0,0,0,0,16
Tripura,Khowai,2013,23.8258,91.8732,12,0,0,46,6,1,4,21,68,0,11,8,8,92,4,43,0,42,425
Tripura,North,2013,28.7,77.1833,12,10,0,40,22,1,10,23,84,0,7,31,2,121,4,51,0,113,592
Tripura,Sipahijala,2013,23.7558,91.8032,13,4,0,54,38,2,6,44,156,0,27,16,9,262,1,73,0,118,943
Tripura,South,2013,28.5333,77.2,21,17,0,64,30,0,4,20,76,0,19,19,5,185,5,38,0,93,725
Tripura,Unakoti,2013,24.1608,92.2082,9,7,0,74,36,1,2,9,74,0,2,19,7,125,5,18,0,51,433
Tripura,West,2013,28.65,77.1,35,11,0,92,68,3,7,52,350,0,32,70,30,318,3,101,0,195,1635
Uttar Pradesh,Agra,2013,27.1767,78.0081,133,200,29,156,848,15,204,342,6030,0,435,427,5,299,98,239,0,399,9298
Uttar Pradesh,Aligarh,2013,27.8974,78.088,185,261,22,198,798,24,195,315,3938,0,386,483,9,278,73,300,0,455,8129
Uttar Pradesh,Allahabad,2013,25.4358,81.8463,123,95,44,204,612,6,58,356,3250,0,117,446,5,409,66,215,0,322,8357
Uttar Pradesh,Ambedkar Nagar,2013,26.8067,80.9062,32,27,7,30,120,1,10,23,180,0,39,49,0,116,17,16,0,4,1339
Uttar Pradesh,Amethi,2013,26.8617,80.9612,31,61,12,76,232,5,35,61,284,0,50,27,14,211,16,83,0,35,1666
Uttar Pradesh,Amroha,2013,26.8467,80.9462,65,80,9,46,226,5,38,55,558,0,34,117,0,117,16,57,0,171,2401
Uttar Pradesh,Auraiya,2013,27.0267,81.1262,27,28,14,32,156,3,12,25,360,0,12,38,0,49,28,38,0,68,1316
Uttar Pradesh,Azamgarh,2013,26.8117,80.9112,68,90,23,78,308,3,60,86,544,0,190,154,1,333,36,20,0,155,2621
Uttar Pradesh,Badaun,2013,26.9517,81.0512,112,143,24,108,278,3,53,50,490,0,5,98,0,398,58,102,0,58,2607
Uttar Pradesh,Baghpat,2013,26.9667,81.0662,79,112,11,50,196,4,83,53,592,0,51,85,0,87,12,56,0,106,1831
Uttar Pradesh,Bahraich,2013,26.9717,81.0712,47,55,24,70,302,2,18,61,542,0,68,196,5,179,42,44,0,1,2389
Uttar Pradesh,Ballia,2013,26.6167,80.7162,35,38,13,36,286,1,14,109,526,0,104,84,1,178,24,107,0,4,1790
Uttar Pradesh,Balrampur,2013,26.6017,80.7012,21,23,7,46,142,0,6,37,96,0,18,52,0,58,7,24,0,8,649
Uttar Pradesh,Banda,2013,26.8967,80.9962,45,47,17,94,290,0,23,84,498,0,75,82,7,39,32,151,0,129,2055
Uttar Pradesh,Barabanki,2013,26.9967,81.0962,57,50,20,78,162,1,17,57,316,0,3,191,14,320,26,39,0,98,2677
Uttar Pradesh,Bareilly,2013,28.367,79.4304,114,162,34,168,658,3,80,141,1546,0,163,442,1,228,58,198,0,257,6860
Uttar Pradesh,Basti,2013,27.0667,81.1662,27,11,4,48,164,3,16,36,268,0,26,41,0,194,11,53,0,44,1162
Uttar Pradesh,Bijnor,2013,26.6417,80.7412,83,74,24,142,336,5,56,86,810,0,73,253,0,13,31,178,0,6,3639
Uttar Pradesh,Bulandshahar,2013,26.9167,81.0162,185,199,19,194,670,13,117,109,1656,0,138,222,4,14,52,197,0,162,4712
Uttar Pradesh,Chandoli,2013,26.8267,80.9262,31,26,8,40,106,1,14,31,204,0,31,71,5,168,16,68,0,0,1083
Uttar Pradesh,Chitrakoot Dham,2013,26.8017,80.9012,20,10,8,46,54,1,3,42,162,0,11,47,8,11,14,35,0,7,807
Uttar Pradesh,Deoria,2013,26.9517,81.0512,50,25,23,88,360,2,29,100,428,0,85,101,5,217,37,87,0,27,1882
Uttar Pradesh,Etah,2013,26.7317,80.8312,59,128,23,68,240,3,44,47,690,0,104,83,9,279,32,122,0,99,2506
Uttar Pradesh,Etawah,2013,26.7267,80.8262,62,69,12,46,176,2,39,55,690,0,10,96,6,156,30,30,0,62,2242
Uttar Pradesh,Faizabad,2013,26.9717,81.0712,37,32,13,70,276,3,28,83,528,0,40,105,0,193,11,79,0,7,2150
Uttar Pradesh,Fatehgarh,2013,26.8217,80.9212,56,66,19,50,210,4,13,59,478,0,25,49,0,125,34,30,0,38,1754
Uttar Pradesh,Fatehpur,2013,26.9917,81.0912,61,38,31,84,246,4,13,49,308,0,45,103,5,273,39,87,0,80,2234
Uttar Pradesh,Firozabad,2013,26.9417,81.0412,106,143,12,78,466,7,90,88,1398,0,176,207,1,316,66,112,0,165,4026
Uttar Pradesh,G.R.P.,2013,26.7567,80.8562,35,9,4,6,110,11,52,1,6086,0,28,29,0,20,3,84,0,1,6387
Uttar Pradesh,Gautambudh Nagar,2013,26.7517,80.8512,96,107,17,78,408,8,205,228,6626,0,199,264,0,15,31,136,0,164,8234
Uttar Pradesh,Ghaziabad,2013,28.6692,77.4538,137,119,46,168,692,21,122,222,6146,0,73,386,0,91,44,233,0,491,9150
Uttar Pradesh,Ghazipur,2013,27.0167,81.1162,50,58,17,44,216,7,31,52,360,0,76,88,16,223,27,59,0,76,1626
Uttar Pradesh,Gonda,2013,27.0567,81.1562,27,33,22,48,332,2,27,85,414,0,59,210,0,283,32,62,0,4,2342
Uttar Pradesh,Gorakhpur,2013,26.8417,80.9412,124,122,35,174,674,14,77,194,1816,0,184,331,2,402,39,111,0,95,4444
Uttar Pradesh,Hamirpur,2013,26.6617,80.7612,33,35,13,100,160,3,21,31,168,0,54,33,2,54,15,117,0,0,1040
Uttar Pradesh,Hapur,2013,8.5241,76.9366,53,81,11,70,200,2,41,15,834,0,45,111,2,24,21,75,0,52,1839
Uttar Pradesh,Hardoi,2013,26.8567,80.9562,65,50,33,56,290,2,18,61,498,0,32,68,3,244,24,131,0,122,2890
Uttar Pradesh,Hathras,2013,26.7517,80.8512,61,65,13,74,208,6,41,39,810,0,74,84,6,131,21,73,0,76,2094
Uttar Pradesh,Jalaun,2013,26.7467,80.8462,31,19,8,14,126,0,13,32,254,0,8,50,1,143,22,52,0,33,978
Uttar Pradesh,Jaunpur,2013,26.5967,80.6962,50,52,21,106,264,2,51,90,570,0,77,95,1,281,60,75,0,77,2218
Uttar Pradesh,Jhansi,2013,26.7467,80.8462,49,35,20,80,170,3,22,64,580,0,79,79,7,201,24,72,0,65,1923
Uttar Pradesh,Kannauj,2013,26.7917,80.8912,33,27,15,32,172,0,6,32,294,0,15,46,6,1,26,40,0,59,1508
Uttar Pradesh,Kanpur Dehat,2013,27.0617,81.1612,49,20,10,58,156,1,13,19,214,0,34,64,0,253,32,45,0,67,2031
Uttar Pradesh,Kanpur Nagar,2013,26.4499,80.3319,121,97,22,82,522,9,72,171,2390,0,102,393,7,228,56,110,0,239,7060
Uttar Pradesh,Kasganj,2013,26.9317,81.0312,47,52,14,34,202,0,8,46,326,0,45,49,7,178,24,43,0,27,1339
Uttar Pradesh,Kaushambi,2013,26.9367,81.0362,29,22,18,54,138,0,12,59,184,0,20,68,1,94,22,108,0,67,1600
Uttar Pradesh,Khiri,2013,27.0867,81.1862,88,139,27,98,408,2,31,67,1128,0,63,121,0,467,57,85,0,152,3587
Uttar Pradesh,Kushi Nagar,2013,26.6667,80.7662,50,24,27,66,290,1,17,48,336,0,154,101,13,314,29,66,0,48,1988
Uttar Pradesh,Lalitpur,2013,27.0217,81.1212,18,9,14,20,60,1,10,17,102,0,17,24,4,92,11,50,0,18,696
Uttar Pradesh,Lucknow,2013,26.8467,80.9462,133,116,22,152,762,13,69,553,5226,0,165,1077,4,38,60,360,0,920,13583
Uttar Pradesh,Maharajganj,2013,26.9817,81.0812,32,17,13,56,234,2,12,25,198,0,48,76,7,165,23,40,0,58,1369
Uttar Pradesh,Mahoba,2013,26.7517,80.8512,29,18,11,60,98,3,8,44,162,0,24,31,2,0,16,61,0,26,838
Uttar Pradesh,Mainpuri,2013,26.7667,80.8662,71,82,15,40,330,3,33,108,808,0,93,84,10,204,38,92,0,94,2432
Uttar Pradesh,Mathura,2013,26.7617,80.8612,108,123,22,118,348,6,70,127,2056,0,160,236,6,241,32,99,0,196,4386
Uttar Pradesh,Mau,2013,27.0717,81.1712,27,41,14,52,204,0,18,72,486,0,94,107,3,260,11,53,0,94,1495
Uttar Pradesh,Meerut,2013,28.9845,77.7064,238,264,18,218,714,15,328,283,5480,0,273,392,9,23,42,277,0,209,8360
Uttar Pradesh,Mirzapur,2013,26.6967,80.7962,23,2,9,10,18,0,4,18,84,0,0,82,0,85,19,5,0,30,786
Uttar Pradesh,Moradabad,2013,27.0267,81.1262,89,78,9,138,374,21,52,100,1430,0,68,230,0,46,27,156,0,299,3747
Uttar Pradesh,Muzaffarnagar,2013,26.9667,81.0662,188,163,13,98,540,318,134,60,1412,0,194,205,11,187,25,125,0,270,4496
Uttar Pradesh,Pilibhit,2013,26.6317,80.7312,39,22,7,60,194,0,12,24,234,0,7,147,0,173,35,67,0,125,2798
Uttar Pradesh,Pratapgarh,2013,26.9317,81.0312,63,116,27,132,368,5,68,116,664,0,250,156,22,314,30,151,0,39,3311
Uttar Pradesh,Raibareilly,2013,28.367,79.4304,58,47,13,86,212,1,19,72,390,0,57,78,2,150,23,66,0,72,2085
Uttar Pradesh,Rampur,2013,26.9317,81.0312,50,73,11,52,200,5,29,42,624,0,42,123,0,2,19,46,0,119,1970
Uttar Pradesh,Saharanpur,2013,26.9567,81.0562,95,91,13,68,306,11,114,77,1114,0,105,291,0,108,34,90,0,198,3541
Uttar Pradesh,Sambhal,2013,26.9667,81.0662,78,75,16,84,262,6,56,65,632,0,68,102,0,65,30,94,0,88,2284
Uttar Pradesh,Sant Kabirnagar,2013,27.0467,81.1462,26,12,3,46,128,0,16,12,84,0,36,42,2,134,5,17,0,8,744
Uttar Pradesh,Shahjahanpur,2013,27.0667,81.1662,89,96,20,72,272,2,24,47,460,0,24,140,5,220,43,104,0,142,2903
Uttar Pradesh,Shamli,2013,26.9217,81.0212,63,75,8,68,182,8,43,23,532,0,108,47,0,7,11,66,0,52,1410
Uttar Pradesh,Shrawasti,2013,26.7067,80.8062,21,17,6,42,110,2,8,41,104,0,18,68,1,162,18,53,0,0,835
Uttar Pradesh,Sidharthnagar,2013,26.8717,80.9712,19,4,3,34,120,5,9,27,174,0,24,26,0,5,8,26,0,33,758
Uttar Pradesh,Sitapur,2013,26.7667,80.8662,82,55,18,190,534,4,44,131,750,0,50,110,19,143,63,211,0,130,3934
Uttar Pradesh,Sonbhadra,2013,27.0867,81.1862,29,10,14,64,40,0,1,33,164,0,1,25,0,116,13,22,0,12,779
Uttar Pradesh,St.Ravidasnagar,2013,26.7517,80.8512,12,16,9,20,36,0,7,23,134,0,4,30,0,76,13,15,0,19,512
Uttar Pradesh,Sultanpur,2013,26.6517,80.7512,39,66,11,58,230,9,34,100,588,0,84,81,3,236,15,87,0,111,2284
Uttar Pradesh,Unnao,2013,27.0117,81.1112,90,46,14,82,378,2,36,68,542,0,31,100,1,28,44,119,0,190,2825
Uttar Pradesh,Varanasi,2013,25.3176,82.9739,59,66,16,114,456,6,85,179,1860,0,109,536,1,213,36,207,0,347,5077
Uttarakhand,Almora,2013,30.2868,79.2393,1,3,0,16,64,0,1,9,30,0,2,9,0,6,2,7,0,9,172
Uttarakhand,Bageshwar,2013,30.0068,78.9593,1,0,2,4,32,0,1,12,12,0,1,4,2,10,1,3,0,2,84
Uttarakhand,Chamoli,2013,30.1168,79.0693,4,2,2,16,70,0,2,6,12,0,3,3,0,12,0,7,0,2,130
Uttarakhand,Champawat,2013,30.0868,79.0393,5,1,1,0,30,0,1,5,6,0,7,1,1,33,1,5,0,1,97
Uttarakhand,Dehradun,2013,30.0068,78.9593,35,29,12,82,558,5,27,59,788,0,89,224,6,51,9,62,0,159,2279
Uttarakhand,Haridwar,2013,29.9968,78.9493,39,62,12,150,624,5,52,49,1068,0,89,127,7,519,5,76,0,101,2796
Uttarakhand,Nainital,2013,30.2268,79.1793,17,9,1,40,234,1,10,0,264,0,34,37,0,85,5,33,0,31,842
Uttarakhand,Pauri Garhwal,2013,30.0418,78.9943,6,6,2,6,86,0,4,15,98,0,19,15,0,48,2,11,0,6,307
Uttarakhand,Pithoragarh,2013,29.9918,78.9443,2,2,0,14,56,0,1,8,18,0,4,5,0,23,2,4,0,5,133
Uttarakhand,Rudra Prayag,2013,30.2318,79.1843,6,2,1,10,38,0,0,14,12,0,3,5,1,3,4,1,0,3,101
Uttarakhand,Tehri Garhwal,2013,29.8518,78.8043,5,3,1,10,46,0,0,2,20,0,3,3,0,1,0,2,0,0,114
Uttarakhand,Udhamsingh Nagar,2013,29.8868,78.8393,72,60,7,96,188,13,39,62,856,0,77,109,0,217,12,82,0,116,2426
Uttarakhand,Uttarkashi,2013,29.9568,78.9093,4,2,1,12,38,0,0,7,8,0,3,6,0,3,0,2,0,0,92
West Bengal,24 Parganas North,2013,28.7,77.1833,136,280,52,230,856,40,46,11,2700,0,511,236,29,30,35,307,0,1716,13409
West Bengal,24 Parganas South,2013,28.5333,77.2,226,4,28,378,794,75,41,134,2452,0,1914,474,21,336,49,212,0,1978,15567
West Bengal,Asansol,2013,23.0618,87.93,56,49,7,62,250,62,38,22,1466,0,262,138,3,168,15,73,0,467,4785
West Bengal,Bankura,2013,23.1418,88.01,57,57,7,48,88,25,21,9,344,0,229,80,11,171,19,76,0,278,2494
West Bengal,Bdn Cp,2013,23.1068,87.975,17,8,4,34,120,81,14,8,1494,0,10,242,5,270,6,77,0,229,2491
West Bengal,Birbhum,2013,22.9968,87.865,95,59,34,82,116,68,14,15,596,0,232,85,13,622,12,99,0,245,2882
West Bengal,Bkp Cp,2013,23.0218,87.89,88,74,12,82,338,172,31,2,2650,0,90,411,0,249,21,197,0,705,6581
West Bengal,Burdwan,2013,23.2324,87.8615,129,247,18,82,244,88,29,3,1300,0,277,163,36,562,25,123,0,378,4973
West Bengal,Coochbehar,2013,23.0968,87.965,54,119,8,220,330,10,9,9,678,0,74,92,78,196,15,240,0,631,4437
West Bengal,Dakshin Dinajpur,2013,23.1118,87.98,41,153,5,70,232,9,6,0,480,0,9,293,17,144,32,69,0,345,2606
West Bengal,Darjeeling,2013,22.8568,87.725,30,33,7,60,88,4,8,3,678,0,30,18,17,695,0,54,0,158,1943
West Bengal,Hooghly,2013,22.7518,87.62,126,24,18,108,366,113,17,9,1992,0,398,190,39,145,19,143,0,922,6931
West Bengal,Howrah,2013,22.5958,88.2636,76,60,13,46,212,38,15,29,614,0,196,145,4,709,10,131,0,682,4849
West Bengal,Howrah City,2013,22.5958,88.2636,53,4,6,44,402,46,35,6,2326,0,73,234,2,32,3,215,0,609,6388
West Bengal,Howrah G.R.P.,2013,22.5958,88.2636,7,7,1,2,14,10,2,0,586,0,3,5,0,0,2,9,0,1,636
West Bengal,Jalpaiguri,2013,23.0118,87.88,106,188,18,242,574,6,35,16,2502,0,27,106,11,157,12,305,0,779,7161
West Bengal,Jhargram,2013,23.1868,88.055,31,19,2,20,46,2,9,8,186,0,41,18,4,14,6,42,0,62,680
West Bengal,Kharagpur G.R.P.,2013,22.7668,87.635,2,1,2,4,2,0,3,0,284,0,2,1,0,8,0,10,0,0,307
West Bengal,Kolkata,2013,22.5726,88.3639,77,115,37,150,420,34,42,82,9820,0,362,2052,0,3496,15,707,0,1005,26319
West Bengal,Malda,2013,23.2168,88.085,113,392,25,280,394,52,17,13,912,0,64,147,11,163,14,177,0,597,5280
West Bengal,Murshidabad,2013,23.1218,87.99,168,622,34,430,792,140,22,6,1866,0,309,114,54,3728,35,407,0,1939,12310
West Bengal,Nadia,2013,22.7418,87.61,146,568,23,174,778,49,35,13,2576,0,172,383,13,3292,69,213,0,1666,12135
West Bengal,Paschim Midnapur,2013,22.8668,87.735,100,182,6,92,340,28,41,11,1408,0,293,62,46,132,25,327,0,549,4739
West Bengal,Purab Midnapur,2013,22.7768,87.645,101,41,19,106,442,40,24,20,1048,0,350,159,24,20,24,126,0,606,5295
West Bengal,Purulia,2013,23.0368,87.905,72,10,6,108,108,23,22,2,452,0,94,33,4,395,8,78,0,158,1613
West Bengal,Sealdah G.R.P.,2013,23.1718,88.04,21,7,1,4,28,58,4,0,726,0,7,7,0,65,0,45,0,2,927
West Bengal,Siliguri G.R.P.,2013,26.7271,88.3953,4,1,0,0,6,0,1,0,346,0,0,1,0,0,0,11,0,0,359
West Bengal,Siliguri_Pc,2013,26.7271,88.3953,40,15,12,70,244,3,25,7,2254,0,5,234,2,351,5,206,0,616,5175
West Bengal,Uttar Dinajpur,2013,22.8868,87.755,92,184,10,142,522,29,41,2,1072,0,108,72,51,2009,5,234,0,793,6998
Andaman & Nicobar Islands,Car,2013,20.5937,78.9629,0,0,0,2,0,0,0,1,2,0,0,1,0,2,0,2,0,0,24
Andaman & Nicobar Islands,North,2013,28.7,77.1833,1,1,0,10,12,0,0,5,14,0,0,0,1,17,0,10,0,5,156
Andaman & Nicobar Islands,South,2013,28.5333,77.2,5,3,1,42,16,1,1,36,58,0,0,24,1,36,1,33,0,4,432
Chandigarh,Chandigarh,2013,30.7333,76.7794,22,50,3,90,522,12,62,258,3038,0,54,284,8,59,1,143,0,92,4459
Dadra & Nagar Haveli,D&N Haveli,2013,20.5937,78.9629,3,2,1,10,26,1,0,21,116,0,7,10,18,15,0,1,0,1,314
Daman & Diu,Daman,2013,20.1933,72.6047,7,0,4,14,22,6,1,18,70,0,11,17,8,12,0,2,0,2,217
Daman & Diu,Diu,2013,20.6133,73.0247,2,1,0,2,4,0,0,1,6,0,0,2,0,2,0,0,0,0,29
Delhi,Caw,2013,20.5937,78.9629,0,0,0,0,0,0,0,0,0,0,0,0,0,0,0,1,0,202,203
Delhi,Central,2013,28.65,77.2167,20,35,5,142,440,1,55,121,3856,0,4,323,5,122,2,174,0,50,5124
Delhi,Crime Branch,2013,20.5937,78.9629,2,6,0,8,2,0,0,0,2,0,0,48,0,0,0,0,0,0,80
Delhi,East,2013,28.6333,77.2833,51,60,10,420,1474,5,134,236,8504,0,7,240,11,177,11,364,0,246,11319
Delhi,Eow,2013,20.5937,78.9629,0,0,0,0,0,0,0,0,0,0,0,76,0,0,0,0,0,0,163
Delhi,Grp(Rly),2013,20.5937,78.9629,13,2,0,8,38,0,20,0,1106,0,2,15,0,4,0,11,0,0,1208
Delhi,Igi Airport,2013,20.5937,78.9629,0,0,0,0,2,0,2,0,158,0,0,12,0,2,0,9,0,0,351
Delhi,Metro Rail,2013,20.5937,78.9629,1,1,0,0,16,0,2,4,1750,0,2,11,0,1,1,16,0,2,1788
Delhi,New Delhi,2013,28.6139,77.209,7,6,2,38,148,0,14,19,946,0,19,71,1,21,1,66,0,17,1458
Delhi,North,2013,28.7,77.1833,29,25,2,106,532,2,87,165,3084,0,12,167,11,93,9,164,0,107,4313
Delhi,North-East,2013,28.7,77.1833,69,87,9,366,1846,5,223,143,7406,0,12,200,13,241,27,333,0,438,10611
Delhi,North-West,2013,28.7,77.1833,47,56,3,286,1194,10,194,331,5096,0,8,218,1,172,17,301,0,236,7613
Delhi,Outer,2013,20.5937,78.9629,88,84,8,356,1846,7,134,547,6766,0,4,283,12,203,14,332,0,466,10330
Delhi,South,2013,28.5333,77.2,23,35,8,326,1078,1,68,429,6840,0,4,360,10,133,10,539,0,117,9307
Delhi,South-East,2013,28.5333,77.2,60,68,7,460,1438,2,132,240,6310,0,10,292,11,237,16,386,0,220,9260
Delhi,South-West,2013,28.5333,77.2,52,61,5,388,1112,1,116,263,2154,0,9,295,7,127,14,419,0,403,5963
Delhi,Stf,2013,20.5937,78.9629,0,5,0,0,0,0,0,0,0,0,0,1,0,0,0,0,0,0,15
Delhi,West,2013,28.65,77.1,55,54,6,368,1422,3,64,337,6270,0,20,287,15,235,22,400,0,529,9130
Lakshadweep,Lakshadweep,2013,10.6667,72.7417,0,0,0,4,0,0,0,2,16,0,2,1,1,5,0,1,0,0,40
Puducherry,Karaikal,2013,11.8266,79.6933,6,3,0,12,6,2,3,18,112,0,10,8,3,160,1,1,0,1,643
Puducherry,Puducherry,2013,11.7716,79.6383,25,8,2,22,76,7,7,53,1076,0,75,67,13,555,0,11,0,7,3113
Andhra Pradesh,Anantapur,2014,14.6819,77.6006,134,171,8,70,250,12,30,730,1506,0,428,296,12,49,25,672,0,165,8376
Andhra Pradesh,Chittoor,2014,13.2172,79.1003,84,170,2,64,76,24,22,349,1056,0,268,207,23,36,17,270,0,278,5374
Andhra Pradesh,Cuddapah,2014,14.4673,78.8242,80,162,1,56,54,6,16,288,1276,0,208,163,0,78,16,218,0,91,5803
Andhra Pradesh,East Godavari,2014,16.9891,82.2475,64,84,2,170,132,6,24,641,1806,0,54,214,50,87,7,752,0,464,7630
Andhra Pradesh,Guntakal Railway,2014,15.8029,79.63,14,4,0,0,0,4,4,0,826,0,2,5,0,0,0,0,0,0,859
Andhra Pradesh,Guntur,2014,16.3067,80.4365,105,137,4,98,128,10,24,365,1422,0,162,328,52,74,16,455,0,454,6897
Andhra Pradesh,Guntur Urban,2014,16.3067,80.4365,51,65,0,80,168,10,31,294,2090,0,16,531,35,58,12,320,0,345,5798
Andhra Pradesh,Krishna,2014,16.1809,81.1303,51,47,1,160,82,0,15,549,1042,0,18,242,23,78,8,477,0,613,7078
Andhra Pradesh,Kurnool,2014,15.8281,78.0373,118,135,5,64,106,6,28,414,1126,0,225,639,33,18,12,665,0,362,8398
Andhra Pradesh,Nellore,2014,14.4426,79.9865,78,117,4,116,306,16,44,704,2116,0,168,239,45,59,14,457,0,362,8175
Andhra Pradesh,Prakasham,2014,15.5057,80.0499,75,68,7,100,100,10,23,442,1234,0,248,261,28,36,8,347,0,402,6367
Andhra Pradesh,Rajahmundry,2014,16.0529,79.88,18,18,1,70,30,6,14,409,722,0,34,105,13,46,3,182,0,190,2430
Andhra Pradesh,Srikakulam,2014,15.9979,79.825,30,29,4,80,66,0,8,283,472,0,34,153,18,133,3,335,0,298,4727
Andhra Pradesh,Tirupathi Urban,2014,16.0029,79.83,35,72,2,36,48,4,8,405,2296,0,62,248,11,6,13,111,0,167,3651
Andhra Pradesh,Vijayawada City,2014,16.0329,79.86,23,45,2,128,84,6,48,451,4032,0,4,391,21,50,10,403,0,642,7876
Andhra Pradesh,Vijayawada Railway,2014,16.0129,79.84,1,1,1,0,6,0,7,0,2170,0,0,7,0,0,2,11,0,1,2192
Andhra Pradesh,Visakha Rural,2014,16.0429,79.87,43,50,4,76,48,10,5,176,358,0,30,90,23,66,4,203,0,166,3028
Andhra Pradesh,Visakhapatnam,2014,17.6868,83.2185,38,57,0,168,260,8,46,726,2716,0,6,413,14,127,13,217,0,371,7728
Andhra Pradesh,Vizianagaram,2014,18.1067,83.3956,43,23,1,94,54,4,4,176,776,0,26,149,13,82,8,450,0,330,5013
Andhra Pradesh,West Godavari,2014,16.7107,81.0952,90,85,4,292,134,9,32,827,2192,0,52,410,36,103,24,568,0,661,8542
Arunachal Pradesh,Anjaw,2014,28.338,94.8478,0,0,0,0,2,0,0,12,4,0,2,1,0,4,0,1,0,0,29
Arunachal Pradesh,Changlang,2014,28.178,94.6878,9,3,0,12,22,2,5,36,100,0,2,0,1,30,0,0,0,0,222
Arunachal Pradesh,Crime Branch,2014,28.328,94.8378,0,0,0,0,0,0,0,0,0,0,0,3,0,0,0,0,0,0,4
Arunachal Pradesh,Dibang Valley,2014,27.973,94.4828,0,0,0,2,0,0,0,0,0,0,0,0,0,0,0,0,0,0,4
Arunachal Pradesh,Kameng East,2014,28.6333,77.2833,4,1,0,2,14,4,4,8,36,0,0,3,2,36,0,6,0,0,148
Arunachal Pradesh,Kameng West,2014,28.65,77.1,7,1,0,0,6,2,3,8,42,0,16,3,5,16,0,9,0,2,140
Arunachal Pradesh,Kukung Kumey,2014,28.353,94.8628,4,1,0,5,4,0,0,10,10,0,2,0,1,20,0,2,0,0,57
Arunachal Pradesh,Lohit,2014,28.248,94.7578,10,4,0,14,50,2,8,64,78,0,6,5,2,32,0,26,0,1,280
Arunachal Pradesh,Longding,2014,28.388,94.8978,4,3,1,3,18,2,1,18,10,0,0,0,0,26,0,5,0,0,92
Arunachal Pradesh,Lower Dibang Valley,2014,27.973,94.4828,2,5,0,6,8,2,1,20,42,0,0,2,0,20,0,0,0,0,108
Arunachal Pradesh,Papum Pare City,2014,28.248,94.7578,13,5,1,64,104,0,11,52,308,0,12,49,3,84,1,51,0,21,705
Arunachal Pradesh,Papum Pare Rural,2014,27.993,94.5028,7,3,0,0,14,4,3,12,40,0,4,2,0,18,0,8,0,0,107
Arunachal Pradesh,Siang East,2014,28.6333,77.2833,5,0,1,22,8,0,3,40,98,0,0,5,9,46,0,34,0,4,245
Arunachal Pradesh,Siang Upper,2014,28.393,94.9028,1,0,0,2,0,2,0,16,16,0,0,1,1,4,0,2,0,0,43
Arunachal Pradesh,Siang West,2014,28.65,77.1,10,4,0,12,4,0,4,36,58,0,8,13,2,60,0,22,0,8,249
Arunachal Pradesh,Subansiri Lower,2014,28.008,94.5178,4,3,1,2,14,2,10,44,36,0,6,6,6,44,0,12,0,3,177
Arunachal Pradesh,Subansiri Upper,2014,28.273,94.7828,3,2,0,10,4,2,5,22,66,0,8,5,7,38,0,32,0,3,234
Arunachal Pradesh,Tawang,2014,28.023,94.5328,1,3,0,0,0,0,0,4,28,0,0,0,0,4,0,2,0,0,40
Arunachal Pradesh,Tirap,2014,28.038,94.5478,2,10,0,6,20,0,3,18,24,0,0,5,0,12,0,2,0,0,117
Assam,Barpeta,2014,26.1156,92.8526,46,68,0,286,758,18,5,574,896,0,612,260,38,848,21,556,0,1116,9056
Assam,Baska,2014,26.3056,93.0426,31,28,0,52,82,10,16,84,248,0,0,26,29,230,4,54,0,77,853
Assam,Bongaigaon,2014,26.1806,92.9176,17,23,0,62,102,6,12,168,380,0,30,55,11,196,4,16,0,178,1789
Assam,Cachar,2014,26.0356,92.7726,58,7,0,162,498,18,24,548,1512,0,404,97,55,90,14,100,0,595,5640
Assam,Chirang,2014,26.4106,93.1476,37,19,1,58,116,7,6,78,190,0,38,33,17,170,7,66,0,60,863
Assam,Darrang,2014,26.1256,92.8626,33,2,0,222,416,12,17,348,726,0,164,211,38,894,11,873,0,489,3901
Assam,Dhemaji,2014,26.1956,92.9326,18,5,2,90,168,6,15,52,212,0,0,52,5,272,3,81,0,111,1068
Assam,Dhubri,2014,26.3056,93.0426,58,143,1,386,840,48,21,560,864,0,1062,272,82,3416,10,386,0,1186,7752
Assam,Dibrugarh,2014,26.2906,93.0276,77,7,2,134,326,12,43,300,1652,0,24,40,23,660,5,210,0,253,3298
Assam,G. R. P.,2014,26.2406,92.9776,9,0,0,2,20,6,2,4,374,0,10,2,0,0,0,0,0,0,429
Assam,Goalpara,2014,26.2456,92.9826,44,62,0,216,436,42,23,486,532,0,104,137,28,720,8,242,0,367,2830
Assam,Golaghat,2014,26.0206,92.7576,88,68,0,148,476,24,41,87,730,0,58,37,32,896,7,148,0,166,2932
Assam,Guwahati City,2014,26.3806,93.1176,84,94,1,200,910,43,247,1705,6190,0,310,449,50,358,11,213,0,486,12216
Assam,Hailakandi,2014,26.0156,92.7526,24,1,0,154,208,7,3,93,356,0,574,44,9,26,4,46,0,209,1940
Assam,Jorhat,2014,26.3456,93.0826,30,3,2,72,188,16,76,290,1036,0,14,169,22,518,6,314,0,401,3732
Assam,Kamrup,2014,26.4406,93.1776,65,128,1,154,328,28,63,548,1454,0,0,101,12,90,1,30,0,595,2971
Assam,Karbi Anglong,2014,26.2156,92.9526,38,25,11,46,156,6,10,2,362,0,12,29,0,190,0,52,0,42,960
Assam,Karimganj,2014,26.1356,92.8726,33,42,0,150,238,36,8,440,398,0,114,82,29,418,13,20,0,337,2827
Assam,Kokrajhar,2014,26.2256,92.9626,60,21,0,90,212,10,7,92,458,0,20,35,35,160,3,94,0,71,1419
Assam,Lakhimpur,2014,26.0006,92.7376,40,0,0,134,300,2,7,274,472,0,74,115,6,70,4,110,0,369,2872
Assam,Morigaon,2014,26.1006,92.8376,28,77,0,162,348,16,12,186,468,0,260,127,17,444,7,656,0,349,2557
Assam,N. C. Hills,2014,25.9656,92.7026,76,8,15,12,60,0,5,34,92,0,8,4,2,38,0,0,0,6,339
Assam,Nagaon,2014,26.1956,92.9326,104,102,20,374,908,111,127,910,1470,0,970,175,98,1818,22,526,0,1162,8399
Assam,Nalbari,2014,25.9856,92.7226,27,18,0,82,232,36,114,290,450,0,46,43,8,64,0,0,0,42,2122
Assam,Sibsagar,2014,26.2106,92.9476,80,38,3,88,444,6,42,392,1198,0,62,95,29,1622,6,306,0,333,4236
Assam,Sonitpur,2014,26.0556,92.7926,110,81,8,224,444,8,27,564,1132,0,180,146,31,454,5,40,0,381,3906
Assam,Tinsukia,2014,26.1906,92.9276,90,44,4,132,286,14,45,212,1358,0,94,96,16,218,3,132,0,164,3309
Assam,Udalguri,2014,26.0806,92.8176,46,28,0,68,146,6,20,122,264,0,36,24,21,286,9,70,0,81,1453
Bihar,Araria,2014,25.1911,85.4081,53,176,5,70,170,32,28,98,620,0,612,108,11,52,17,1,0,6,3898
Bihar,Arwal,2014,25.0961,85.3131,25,29,3,12,52,10,8,102,156,0,164,42,3,50,11,7,0,0,991
Bihar,Aurangabad,2014,19.8762,75.3433,74,40,3,24,172,67,27,208,704,0,500,122,12,397,28,30,0,110,3079
Bihar,Bagaha,2014,25.1661,85.3831,21,0,8,28,152,4,8,52,294,0,246,33,2,16,7,38,0,56,1860
Bihar,Banka,2014,24.9861,85.2031,59,143,183,44,146,22,19,82,286,0,390,10,17,654,23,3,0,64,2505
Bihar,Begusarai,2014,24.8611,85.0781,121,199,10,60,418,66,60,290,1196,0,922,89,24,156,28,66,0,55,5196
Bihar,Bettiah,2014,25.1611,85.3781,75,9,0,66,230,14,11,242,994,0,1016,155,19,20,39,0,0,106,4712
Bihar,Bhabhua,2014,25.2011,85.4181,56,105,0,24,172,16,21,158,688,0,194,49,13,10,12,0,0,44,2267
Bihar,Bhagalpur,2014,25.2425,86.9842,102,66,5,104,426,29,42,450,1354,0,696,87,10,3,20,31,0,161,4763
Bihar,Bhojpur,2014,25.2511,85.4681,116,243,195,64,302,30,23,448,1040,0,410,426,41,1222,46,7,0,129,5488
Bihar,Buxar,2014,25.1611,85.3781,56,12,11,32,174,12,32,200,876,0,721,36,10,520,24,13,0,95,3284
Bihar,Darbhanga,2014,26.1542,85.8918,71,179,6,100,578,24,36,290,1170,0,1242,120,28,746,30,8,0,298,5368
Bihar,Gaya,2014,24.7914,85.0002,145,53,14,96,496,105,77,418,2732,0,1086,73,5,1814,63,0,0,198,7232
Bihar,Gopalganj,2014,24.8761,85.0931,87,469,7,28,344,20,36,158,552,0,796,153,18,598,33,0,0,156,3879
Bihar,Jamalpur Railway,2014,24.8711,85.0881,9,1,0,0,8,7,3,2,390,0,2,2,0,0,0,3,0,0,424
Bihar,Jamui,2014,25.0011,85.2181,61,187,3,46,140,16,33,108,248,0,266,23,3,158,21,20,0,46,1699
Bihar,Jehanabad,2014,25.0061,85.2231,38,13,3,20,168,18,30,80,430,0,404,36,11,1446,22,0,0,56,2694
Bihar,Katihar,2014,24.8661,85.0831,70,60,0,130,288,34,33,168,894,0,476,71,4,338,14,0,0,59,3415
Bihar,Katihar Railway,2014,25.0061,85.2231,10,9,0,0,6,2,8,4,364,0,8,4,1,8,0,19,0,0,424
Bihar,Khagaria,2014,25.3311,85.5481,52,94,7,28,236,20,19,48,330,0,344,72,19,272,17,2,0,19,2589
Bihar,Kishanganj,2014,25.3061,85.5231,46,6,1,128,244,16,12,98,522,0,342,75,13,596,12,43,0,85,2098
Bihar,Lakhisarai,2014,25.0211,85.2381,46,97,9,20,132,13,20,42,362,0,386,39,10,120,8,63,0,29,1728
Bihar,Madhepura,2014,25.2561,85.4731,44,123,29,20,156,10,37,86,370,0,450,37,10,70,8,8,0,50,2426
Bihar,Madhubani,2014,25.1111,85.3281,74,335,3,82,398,48,33,248,820,0,812,35,4,646,34,9,0,227,5113
Bihar,Motihari,2014,24.8911,85.1081,146,106,0,62,524,47,25,480,1320,0,1888,130,25,1600,75,0,0,263,9490
Bihar,Munger,2014,25.1211,85.3381,46,21,2,22,104,11,28,81,398,0,390,62,16,14,8,5,0,48,1778
Bihar,Muzaffarpur,2014,26.1209,85.3647,185,85,44,88,888,56,134,562,4194,0,1318,330,24,5886,178,249,0,109,13750
Bihar,Muzaffarpur Railway,2014,26.1209,85.3647,18,0,1,4,18,8,1,8,632,0,14,0,0,12,2,2,0,0,715
Bihar,Nalanda,2014,24.8611,85.0781,107,52,56,58,414,18,58,190,928,0,657,157,15,1260,59,4,0,271,6871
Bihar,Naugachia,2014,25.0361,85.2531,37,4,0,20,108,8,16,25,152,0,168,25,3,20,10,3,0,88,1732
Bihar,Nawadah,2014,24.9511,85.1681,84,23,0,44,188,14,61,69,538,0,676,48,6,538,22,10,0,77,3408
Bihar,Patna,2014,25.5941,85.1376,317,26,5,172,1504,90,177,1322,7904,0,1272,1193,2,9144,83,0,0,535,23123
Bihar,Patna Railway,2014,25.5941,85.1376,23,16,1,2,16,10,10,1,1606,0,10,14,0,2,5,26,0,0,1710
Bihar,Purnea,2014,25.7771,87.4753,75,2,3,132,348,18,37,87,898,0,642,222,2,470,26,60,0,115,5723
Bihar,Rohtas,2014,24.9529,84.015,115,5,6,44,322,24,31,370,1452,0,588,137,11,2936,54,0,0,106,6035
Bihar,Saharsa,2014,25.0861,85.3031,41,118,0,28,230,2,27,92,578,0,1098,148,5,72,19,0,0,70,3189
Bihar,Samastipur,2014,25.1461,85.3631,122,205,15,76,510,37,61,238,1134,0,760,124,15,570,39,0,0,184,5664
Bihar,Saran,2014,25.1211,85.3381,144,331,0,74,498,32,53,392,1234,0,884,211,36,848,83,0,0,157,5586
Bihar,Sheikhpura,2014,25.0111,85.2281,26,0,0,10,102,8,11,72,226,0,272,93,12,144,6,35,0,72,1325
Bihar,Sheohar,2014,25.1761,85.3931,13,35,0,16,66,10,9,44,178,0,124,22,1,18,6,22,0,14,778
Bihar,Sitamarhi,2014,24.9911,85.2081,91,335,15,22,440,42,63,330,1158,0,690,16,37,202,29,0,0,242,5453
Bihar,Siwan,2014,25.2711,85.4881,103,222,0,34,396,24,57,254,1098,0,850,100,3,756,64,14,0,50,5003
Bihar,Supaul,2014,25.3161,85.5331,64,87,11,64,264,12,23,98,548,0,1146,72,11,74,22,0,0,83,3008
Bihar,Vaishali,2014,25.0111,85.2281,135,58,0,56,592,26,62,370,2208,0,1206,176,5,220,66,0,0,139,6337
Bihar,Economic Offences Unit,2014,25.1111,85.3281,0,0,0,0,0,0,0,0,0,0,0,10,0,0,0,0,0,0,11
Bihar,Anti Terrorist Squad,2014,24.9561,85.1731,0,0,0,0,0,0,0,0,0,0,0,0,0,0,0,0,0,0,0
Chhattisgarh,Balod,2014,21.4037,81.9911,17,12,0,68,54,0,4,154,220,0,48,23,13,26,4,91,0,23,1479
Chhattisgarh,Balodbazar,2014,21.3887,81.9761,33,16,1,80,238,2,19,340,470,0,169,9,19,1690,8,95,0,32,3085
Chhattisgarh,Balrampur,2014,21.0337,81.6211,55,21,0,222,42,1,6,51,108,0,33,10,7,168,5,124,0,39,1333
Chhattisgarh,Bemetra,2014,21.1687,81.7561,21,8,0,82,60,0,7,104,238,0,75,17,4,36,3,112,0,19,1645
Chhattisgarh,Bilaspur,2014,21.4137,82.0011,72,34,4,188,432,1,49,720,976,0,175,58,31,224,13,353,0,75,4870
Chhattisgarh,Bizapur,2014,21.2287,81.8161,38,77,0,12,24,6,0,33,16,0,0,5,4,18,0,2,0,2,343
Chhattisgarh,Dantewara,2014,21.4187,82.0061,22,18,0,22,22,4,1,56,50,0,18,7,7,26,0,13,0,6,442
Chhattisgarh,Dhamtari,2014,21.0837,81.6711,20,10,2,72,48,0,4,111,178,0,12,16,4,54,3,85,0,9,1300
Chhattisgarh,Durg,2014,21.1937,81.7811,50,41,0,168,486,8,56,370,1626,0,88,111,41,148,12,508,0,172,6677
Chhattisgarh,Gariyaband,2014,21.2587,81.8461,15,13,0,84,30,4,4,74,90,0,24,8,2,34,3,45,0,14,948
Chhattisgarh,G. R. P. Raipur,2014,21.5037,82.0911,2,0,0,0,10,0,9,9,580,0,4,1,0,12,1,8,0,4,627
Chhattisgarh,Jagdalpur,2014,21.1087,81.6961,45,29,0,64,80,18,5,81,202,0,32,13,7,1104,1,42,0,20,1680
Chhattisgarh,Janjgir,2014,21.3987,81.9861,48,27,3,128,288,5,20,371,486,0,210,45,17,163,20,218,0,90,3401
Chhattisgarh,Jashpur,2014,21.2137,81.8011,55,17,1,172,142,6,16,126,150,0,18,19,5,114,0,48,0,11,1225
Chhattisgarh,Kabirdham,2014,21.2287,81.8161,25,5,0,78,168,0,4,134,186,0,28,25,5,20,6,162,0,14,1573
Chhattisgarh,Kanker,2014,21.1187,81.7061,47,42,0,80,94,2,5,134,194,0,66,18,9,38,5,74,0,25,1253
Chhattisgarh,Kondagaon,2014,21.2387,81.8261,33,19,1,42,40,4,2,74,66,0,36,5,7,374,1,26,0,8,782
Chhattisgarh,Korba,2014,21.1687,81.7561,37,12,3,136,106,8,22,310,480,0,98,35,11,92,6,155,0,51,2572
Chhattisgarh,Koriya,2014,21.2637,81.8511,40,26,1,116,170,0,7,160,182,0,56,22,5,1416,2,74,0,59,2200
Chhattisgarh,Mahasamund,2014,21.3287,81.9161,22,16,1,88,174,3,9,315,446,0,78,37,2,72,10,197,0,28,2469
Chhattisgarh,Mungali,2014,21.1037,81.6911,21,9,0,20,72,0,5,152,168,0,64,11,6,0,6,76,0,14,938
Chhattisgarh,Narayanpur,2014,21.4237,82.0111,5,31,0,14,18,6,1,16,16,0,0,2,2,8,0,12,0,1,222
Chhattisgarh,Raigarh,2014,21.4987,82.0861,74,34,5,242,192,12,21,300,662,0,162,37,15,1640,7,140,0,46,3391
Chhattisgarh,Raipur,2014,21.2737,81.8611,49,95,2,282,530,8,76,987,3114,0,164,273,31,214,3,362,0,96,8306
Chhattisgarh,Rajnandgaon,2014,21.2087,81.7961,33,29,1,114,226,4,20,286,528,0,68,72,12,30,4,158,0,33,3255
Chhattisgarh,Sarguja,2014,21.1087,81.6961,61,13,2,188,102,0,16,164,248,0,0,26,12,122,4,134,0,23,1835
Chhattisgarh,Sukma,2014,21.4937,82.0811,20,43,0,10,18,14,5,18,20,0,0,0,4,6,0,5,0,3,240
Chhattisgarh,Surajpur,2014,21.2787,81.8661,38,19,2,100,162,6,12,10,496,0,46,25,15,72,1,119,0,47,1753
Goa,North Goa,2014,28.7,77.1833,20,25,3,110,186,16,13,424,1466,0,190,152,30,164,0,227,0,11,2805
Goa,South Goa,2014,28.5333,77.2,14,17,3,74,118,10,19,245,736,0,76,86,11,64,0,81,0,23,1549
Goa,C. I. D.,2014,15.2893,74.114,0,0,0,6,0,0,0,0,106,0,0,22,0,0,0,3,0,1,134
Gujarat,Ahmedabad City,2014,22.2787,71.2124,82,61,6,200,734,38,261,735,5178,0,180,214,4,486,11,241,0,802,15286
Gujarat,Ahmedabad Rural,2014,23.05,72.45,27,48,4,36,168,18,17,60,442,0,81,17,9,130,0,58,0,142,4266
Gujarat,Amreli,2014,22.4037,71.3374,26,25,2,14,144,0,17,142,186,0,46,9,0,122,0,42,0,139,1818
Gujarat,Anand,2014,22.0237,70.9574,37,21,0,24,146,14,31,125,708,0,80,55,8,143,0,40,0,117,3415
Gujarat,Arvalli,2014,22.1087,71.0424,28,10,3,10,74,8,5,67,170,0,14,3,2,38,0,19,0,69,3841
Gujarat,Banaskantha,2014,22.1637,71.0974,51,42,1,112,224,37,79,236,778,0,142,70,17,1046,0,175,0,295,4464
Gujarat,Bharuch,2014,22.1287,71.0624,47,27,0,84,128,20,29,166,812,0,106,3,3,178,0,71,0,63,2981
Gujarat,Bhavnagar,2014,22.3387,71.2724,39,33,6,34,210,26,39,166,722,0,109,30,9,296,0,68,0,155,3589
Gujarat,Botad,2014,22.4787,71.4124,13,10,2,22,54,4,4,28,114,0,18,3,2,88,0,22,0,39,783
Gujarat,Chhotaudepur,2014,22.4737,71.4074,22,10,0,30,80,8,6,31,220,0,21,7,5,102,0,22,0,21,1144
Gujarat,C. I. D. Crime,2014,22.4987,71.4324,2,0,0,0,0,0,0,0,0,0,0,6,0,0,0,0,0,0,8
Gujarat,Dahod,2014,22.4787,71.4124,45,21,4,54,192,46,37,230,436,0,66,12,9,238,0,56,0,133,2594
Gujarat,Dang,2014,22.4237,71.3574,10,2,0,8,8,0,0,8,24,0,8,5,0,24,1,12,0,26,283
Gujarat,Devbhumi Dwarka,2014,22.0587,70.9924,9,11,0,6,36,2,6,38,94,0,52,10,0,64,0,28,0,131,1106
Gujarat,Gandhinagar,2014,22.4987,71.4324,20,9,1,34,158,4,61,168,734,0,96,89,6,118,0,36,0,152,7451
Gujarat,Gir Somnath,2014,22.0537,70.9874,17,8,0,34,64,10,20,71,160,0,59,21,5,68,1,56,0,125,1405
Gujarat,Jamnagar,2014,22.3237,71.2574,23,36,1,68,120,34,17,119,564,0,97,13,6,220,1,52,0,230,3752
Gujarat,Junagadh,2014,22.2037,71.1374,13,15,0,42,140,10,25,107,300,0,85,14,15,58,0,63,0,297,2497
Gujarat,Kachchh East(G),2014,28.6333,77.2833,35,27,1,62,132,7,23,137,690,0,92,33,2,140,0,58,0,159,3349
Gujarat,Kachchh West(B),2014,28.65,77.1,16,13,0,36,70,4,15,115,474,0,121,65,4,106,0,28,0,203,2269
Gujarat,Kheda,2014,22.3887,71.3224,22,21,0,24,160,18,5,80,346,0,71,25,3,230,0,54,0,86,3614
Gujarat,Mahisagar,2014,22.4987,71.4324,18,8,2,20,50,6,4,60,64,0,22,4,5,52,0,21,0,96,1040
Gujarat,Mehsana,2014,22.2087,71.1424,24,11,2,12,216,32,66,197,1088,0,181,43,10,111,0,80,0,270,6587
Gujarat,Morbi,2014,22.4887,71.4224,31,15,5,18,58,12,6,41,354,0,38,2,4,72,3,34,0,92,2332
Gujarat,Narmada,2014,22.4387,71.3724,12,2,1,16,30,0,0,19,80,0,20,2,1,82,0,21,0,15,664
Gujarat,Navsari,2014,22.3987,71.3324,19,11,0,30,74,14,9,253,454,0,38,21,2,88,0,27,0,69,1730
Gujarat,Panchmahal,2014,22.4837,71.4174,34,8,0,48,138,12,8,186,320,0,46,8,10,152,0,34,0,106,2634
Gujarat,Patan,2014,22.4187,71.3524,17,15,0,50,106,28,25,130,522,0,69,34,4,162,1,99,0,138,2117
Gujarat,Porbandar,2014,22.1137,71.0474,8,8,0,16,40,2,11,29,114,0,38,14,2,40,1,33,0,93,913
Gujarat,Rajkot City,2014,22.0187,70.9524,43,43,2,34,198,14,91,214,1670,0,122,18,11,184,0,57,0,301,3516
Gujarat,Rajkot Rural,2014,22.2637,71.1974,24,19,1,60,138,14,24,193,422,0,88,14,12,98,1,58,0,234,2891
Gujarat,Sabarkantha,2014,22.0887,71.0224,22,10,1,20,74,8,20,64,394,0,54,36,2,68,0,33,0,131,5647
Gujarat,Surat City,2014,22.1587,71.0924,85,41,8,188,526,30,30,439,2630,0,87,329,4,710,2,94,0,405,5099
Gujarat,Surat Rural,2014,21.2,73.0,52,8,2,42,90,26,32,293,954,0,53,53,5,102,0,63,0,90,3810
Gujarat,Surendranagar,2014,22.3837,71.3174,34,48,0,44,88,17,15,163,464,0,118,11,13,265,0,62,0,89,2476
Gujarat,Tapi,2014,22.2837,71.2174,13,2,0,30,26,5,3,34,224,0,24,5,3,46,0,18,0,20,986
Gujarat,Vadodara City,2014,22.0637,70.9974,23,37,3,46,186,20,117,502,2484,0,120,195,8,211,1,147,0,306,12651
Gujarat,Vadodara Rural,2014,22.2937,71.2274,24,6,2,22,132,14,7,57,316,0,61,26,4,140,0,49,0,67,2896
Gujarat,Valsad,2014,22.1587,71.0924,43,13,0,52,222,37,29,407,1134,0,86,48,7,212,0,36,0,83,3072
Gujarat,W.Rly  Ahmedabad,2014,22.3837,71.3174,9,1,0,0,4,0,11,1,714,0,0,7,1,22,0,8,0,2,770
Gujarat,W.Rly Vadodara,2014,22.4337,71.3674,5,0,0,0,6,8,4,4,1120,0,0,0,0,4,0,4,0,0,1151
Haryana,Ambala (Rural),2014,29.2938,76.3206,15,13,2,50,118,4,4,179,388,0,0,38,1,124,9,19,0,52,1098
Haryana,Ambala (Urban),2014,29.1088,76.1356,25,18,1,62,318,0,16,641,860,0,12,52,4,190,8,31,0,111,2198
Haryana,Bhiwani,2014,29.1988,76.2256,62,47,2,88,204,16,54,752,1644,0,438,87,26,104,12,141,0,119,4604
Haryana,Faridabad,2014,28.4089,77.3178,64,41,3,202,768,18,40,731,4158,0,414,50,7,221,20,114,0,302,6714
Haryana,Fatehabad,2014,28.9838,76.0106,20,15,0,54,78,9,16,412,600,0,184,64,9,35,7,73,0,154,2431
Haryana,G. R. P.,2014,29.0988,76.1256,26,6,0,2,8,7,31,4,750,0,8,8,0,18,8,25,0,0,1139
Haryana,Gurgaon,2014,28.4595,77.0266,96,54,5,234,696,64,119,1251,9630,0,344,439,8,174,19,210,0,277,13109
Haryana,Hissar,2014,28.8288,75.8556,66,49,3,110,146,30,39,1019,2382,0,328,155,20,161,14,106,0,323,5608
Haryana,Jhajjar,2014,29.2238,76.2506,69,60,1,112,48,11,28,298,854,0,96,63,5,113,25,69,0,125,2100
Haryana,Jind,2014,29.2588,76.2856,49,29,4,46,164,17,37,465,1066,0,300,26,19,53,12,79,0,120,2892
Haryana,Kaithal,2014,28.8838,75.9106,47,19,5,66,266,7,11,328,704,0,0,15,4,166,10,71,0,116,1922
Haryana,Karnal,2014,29.1488,76.1756,53,33,4,200,758,12,24,710,1952,0,42,172,10,520,17,153,0,223,4486
Haryana,Kurukshetra,2014,28.8488,75.8756,30,15,3,70,122,10,21,481,1262,0,0,113,2,290,6,88,0,100,2581
Haryana,Mahendergarh,2014,29.0888,76.1156,38,9,6,48,144,18,26,375,890,0,186,44,9,156,15,84,0,78,2262
Haryana,Mewat,2014,28.9988,76.0256,33,68,2,170,150,28,27,158,904,0,448,36,5,106,5,137,0,106,2414
Haryana,Palwal,2014,29.2988,76.3256,52,64,3,98,194,19,53,297,1688,0,486,55,6,164,16,122,0,193,3247
Haryana,Panchkula,2014,29.0938,76.1206,14,10,2,72,292,20,73,466,714,0,0,70,6,16,5,40,0,73,1753
Haryana,Panipat,2014,28.9338,75.9606,53,33,1,128,200,39,49,797,2414,0,220,73,11,65,18,122,0,227,4654
Haryana,Rewari,2014,29.0388,76.0656,27,28,5,82,228,22,53,448,1340,0,128,89,10,242,11,75,0,105,2781
Haryana,Rohtak,2014,29.0188,76.0456,76,60,8,136,170,21,43,635,1968,0,221,29,9,145,16,125,0,168,3820
Haryana,Sirsa,2014,28.8138,75.8406,36,28,3,98,154,18,25,660,1086,0,39,57,10,48,5,94,0,174,3482
Haryana,Sonipat,2014,29.0988,76.1256,110,66,9,120,166,21,54,680,1880,0,20,120,16,97,28,151,0,162,4311
Haryana,Yamunanagar,2014,29.0288,76.0556,45,18,2,100,772,14,31,694,1494,0,8,90,6,119,7,109,0,170,3391
Haryana,Irrigation & Power,2014,28.9288,75.9556,0,0,0,0,0,0,0,0,0,0,0,0,0,0,0,0,0,0,192
Himachal Pradesh,Baddi,2014,31.3448,77.4134,13,3,0,18,28,0,3,57,82,0,84,21,2,34,0,25,0,19,651
Himachal Pradesh,Bilaspur,2014,31.2398,77.3084,4,9,0,30,92,0,0,80,78,0,72,20,10,108,0,126,0,25,1185
Himachal Pradesh,Chamba,2014,31.1798,77.2484,8,5,1,46,40,0,1,125,62,0,76,14,10,118,0,38,0,9,761
Himachal Pradesh,C. I. D.,2014,31.0948,77.1634,0,0,0,2,0,0,0,0,0,0,0,2,0,0,0,0,0,0,4
Himachal Pradesh,G. R. P.,2014,31.1448,77.2134,1,0,0,0,0,0,0,0,2,0,0,0,0,0,0,0,0,0,9
Himachal Pradesh,Hamirpur,2014,30.9198,76.9884,12,4,0,26,36,0,0,88,64,0,28,30,9,92,0,64,0,27,845
Himachal Pradesh,Kangra,2014,30.9748,77.0434,26,11,2,86,64,2,2,252,214,0,156,53,10,234,0,128,0,46,2698
Himachal Pradesh,Kinnaur,2014,31.0098,77.0784,2,0,0,20,10,0,1,64,22,0,12,2,0,24,0,10,0,3,211
Himachal Pradesh,Kullu,2014,31.1698,77.2384,9,4,0,32,48,0,0,110,98,0,52,26,5,132,0,63,0,21,914
Himachal Pradesh,Lahaul & Spiti,2014,30.9798,77.0484,2,0,0,0,2,0,0,2,2,0,0,0,0,2,0,0,0,0,84
Himachal Pradesh,Mandi,2014,31.2998,77.3684,15,6,0,94,92,2,0,130,114,0,102,59,24,130,0,163,0,50,1939
Himachal Pradesh,Shimla,2014,30.9848,77.0534,18,15,3,78,78,0,6,149,232,0,156,45,10,69,0,84,0,27,1957
Himachal Pradesh,Sirmaur,2014,31.2398,77.3084,6,3,1,56,38,0,2,50,96,0,82,27,4,66,0,46,0,24,872
Himachal Pradesh,Solan,2014,30.9498,77.0184,5,1,0,32,48,2,0,104,146,0,60,26,7,42,0,48,0,12,947
Himachal Pradesh,Una,2014,31.3348,77.4034,9,2,2,46,32,2,1,98,92,0,76,64,6,134,1,39,0,62,1083
Jammu & Kashmir,Anantnag,2014,33.7032,76.5012,9,16,0,38,128,0,0,92,180,0,360,20,14,4,0,123,0,9,1307
Jammu & Kashmir,Awantipora,2014,33.9232,76.7212,9,6,0,12,38,0,3,30,62,0,30,6,0,0,0,19,0,1,389
Jammu & Kashmir,Bandipora,2014,33.7482,76.5462,2,5,0,8,80,0,1,72,68,0,130,9,5,2,0,106,0,4,618
Jammu & Kashmir,Baramulla,2014,34.0082,76.8062,2,16,4,20,122,0,11,106,162,0,302,13,9,10,0,166,0,11,1110
Jammu & Kashmir,Budgam,2014,33.7632,76.5612,11,25,3,18,96,0,2,88,156,0,290,7,4,4,0,60,0,3,1026
Jammu & Kashmir,Crime Jammu,2014,33.6682,76.4662,0,0,0,0,0,0,0,0,0,0,0,14,0,0,0,0,0,0,14
Jammu & Kashmir,Crime Srinagar,2014,33.6932,76.4912,1,0,0,2,0,0,0,0,0,0,0,41,0,0,0,0,0,0,44
Jammu & Kashmir,Doda,2014,22.3072,73.1812,3,24,0,46,32,0,0,80,88,0,6,13,5,12,0,120,0,14,667
Jammu & Kashmir,Ganderbal,2014,33.7582,76.5562,2,11,2,0,40,2,0,88,52,0,100,3,9,4,0,54,0,3,473
Jammu & Kashmir,Handwara,2014,33.9382,76.7362,3,14,0,6,52,0,2,44,88,0,106,1,4,6,0,160,0,2,562
Jammu & Kashmir,Jammu,2014,33.7132,76.5112,21,86,0,136,146,2,6,290,798,0,142,159,14,34,4,162,0,159,4238
Jammu & Kashmir,Kargil,2014,33.9032,76.7012,1,0,0,4,4,0,0,3,6,0,22,0,0,4,0,0,0,0,105
Jammu & Kashmir,Kathua,2014,33.7082,76.5062,13,22,1,36,72,0,0,116,138,0,78,18,11,24,1,86,0,21,1289
Jammu & Kashmir,Kishtwar,2014,33.9332,76.7312,0,7,0,12,36,0,0,58,42,0,4,6,4,0,0,46,0,9,388
Jammu & Kashmir,Kulgam,2014,34.0182,76.8162,4,9,0,14,88,0,12,78,96,0,156,12,7,220,0,342,0,0,856
Jammu & Kashmir,Kupwara,2014,33.7082,76.5062,7,25,0,16,84,0,0,68,68,0,318,7,4,14,0,61,0,8,710
Jammu & Kashmir,Leh,2014,33.5582,76.3562,1,0,0,12,2,0,0,14,16,0,8,10,0,4,0,6,0,0,166
Jammu & Kashmir,Poonch,2014,33.8532,76.6512,8,15,1,26,72,0,0,71,60,0,170,10,12,152,0,42,0,25,842
Jammu & Kashmir,Pulwama,2014,33.6182,76.4162,5,13,0,14,42,0,5,32,40,0,126,6,2,74,0,40,0,1,359
Jammu & Kashmir,Railways Jammu,2014,33.7132,76.5112,1,0,0,0,0,0,0,0,14,0,0,0,0,0,0,2,0,0,16
Jammu & Kashmir,Railways Kashmir,2014,33.8132,76.6112,0,0,0,0,0,0,0,4,2,0,6,0,0,0,0,4,0,0,13
Jammu & Kashmir,Railways Katra,2014,33.5982,76.3962,0,0,0,0,0,0,0,0,2,0,0,0,0,0,0,0,0,0,6
Jammu & Kashmir,Rajouri,2014,33.9932,76.7912,18,29,3,78,124,6,1,88,112,0,68,28,6,36,0,65,0,71,1751
Jammu & Kashmir,Ramban,2014,33.6332,76.4312,3,7,0,16,46,0,0,33,82,0,4,7,2,10,0,50,0,12,674
Jammu & Kashmir,Reasi,2014,33.5782,76.3762,1,10,0,32,58,0,0,35,68,0,56,9,2,24,0,35,0,16,753
Jammu & Kashmir,Samba,2014,33.7432,76.5412,4,20,0,14,24,0,1,58,66,0,68,10,4,16,0,20,0,8,653
Jammu & Kashmir,Shopian,2014,33.5732,76.3712,5,39,0,2,74,0,6,34,98,0,148,2,3,0,0,60,0,2,501
Jammu & Kashmir,Sopore,2014,33.5882,76.3862,9,34,1,16,80,0,3,150,124,0,90,2,6,0,0,166,0,7,634
Jammu & Kashmir,Srinagar,2014,33.9132,76.7112,5,34,4,24,142,2,36,238,750,0,260,77,27,14,0,435,0,63,2533
Jammu & Kashmir,Udhampur,2014,34.0182,76.8162,8,17,1,60,38,0,0,92,108,0,6,7,5,12,0,46,0,18,1157
Jharkhand,Bokaro,2014,23.7552,85.4249,43,13,0,126,194,12,41,114,1504,0,272,147,0,0,18,0,0,187,3145
Jharkhand,Chaibasa,2014,23.6402,85.3099,120,45,2,108,92,22,16,56,326,0,0,43,4,46,2,32,0,19,954
Jharkhand,Chatra,2014,23.8152,85.4849,59,3,1,36,74,12,8,40,282,0,172,35,5,28,62,38,0,24,1284
Jharkhand,Deoghar,2014,23.6502,85.3199,43,67,6,50,126,22,17,84,686,0,182,98,4,1128,28,21,0,138,2507
Jharkhand,Dhanbad,2014,23.4652,85.1349,79,8,9,108,310,69,48,219,2104,0,450,26,4,54,28,108,0,99,4929
Jharkhand,Dhanbad Railway,2014,23.3952,85.0649,13,0,0,0,10,26,7,1,442,0,0,6,0,1,2,12,0,0,506
Jharkhand,Dumka,2014,23.8202,85.4899,59,32,1,78,62,20,5,73,478,0,124,33,3,292,11,13,0,55,1592
Jharkhand,Garhwa,2014,23.4552,85.1249,67,248,4,100,180,6,30,120,308,0,286,93,6,170,25,19,0,45,2582
Jharkhand,Giridih,2014,23.4852,85.1549,72,71,2,116,182,40,35,124,568,0,398,145,1,68,40,39,0,176,3491
Jharkhand,Godda,2014,23.5752,85.2449,50,0,0,68,122,6,6,18,294,0,148,56,0,0,3,0,0,57,1710
Jharkhand,Gumla,2014,23.5002,85.1699,187,21,3,134,90,12,34,42,280,0,26,38,7,0,1,24,0,24,1200
Jharkhand,Hazaribagh,2014,23.5352,85.2049,60,4,1,104,220,53,25,236,918,0,194,135,12,14,23,100,0,37,3039
Jharkhand,Jamshedpur,2014,23.8202,85.4899,100,52,3,110,164,24,43,335,1818,0,198,427,5,121,13,74,0,110,3985
Jharkhand,Jamshedpur Railway,2014,23.6502,85.3199,11,0,0,0,10,0,4,1,236,0,0,5,1,2,0,4,0,0,270
Jharkhand,Jamtara,2014,23.6302,85.2999,18,49,1,54,56,4,6,48,246,0,283,71,6,3,10,35,0,70,1032
Jharkhand,Khunti,2014,23.3752,85.0449,84,12,1,14,32,2,19,3,76,0,72,5,4,6,2,6,0,11,419
Jharkhand,Koderma,2014,23.8052,85.4749,25,6,0,30,82,22,11,66,250,0,156,60,0,0,16,0,0,39,1344
Jharkhand,Latehar,2014,23.6402,85.3099,41,11,0,50,74,12,9,21,214,0,100,18,0,0,8,0,0,17,859
Jharkhand,Lohardagga,2014,23.8352,85.5049,40,14,0,86,64,6,13,50,150,0,10,25,4,0,2,10,0,24,536
Jharkhand,Pakur,2014,23.4152,85.0849,30,16,1,110,36,2,5,70,148,0,117,47,2,58,1,15,0,91,839
Jharkhand,Palamu,2014,23.5902,85.2599,77,90,24,88,136,44,43,167,406,0,244,51,9,32,19,15,0,42,2556
Jharkhand,Ramgarh,2014,23.4852,85.1549,40,40,3,96,120,44,10,102,596,0,206,53,7,20,11,25,0,34,1488
Jharkhand,Ranchi,2014,23.4002,85.0699,133,45,1,150,162,32,50,168,1036,0,180,112,3,610,13,2,0,48,2681
Jharkhand,Sahebganj,2014,23.5702,85.2399,72,29,0,174,136,6,9,12,232,0,138,89,2,0,4,40,0,75,1522
Jharkhand,Saraikela,2014,23.5452,85.2149,58,19,0,62,82,6,11,94,414,0,36,21,4,20,7,54,0,27,1108
Jharkhand,Simdega,2014,23.4902,85.1599,77,12,1,48,30,4,16,20,80,0,28,16,1,10,1,10,0,13,421
Karnataka,Bagalkot,2014,15.1423,75.5389,39,50,2,44,50,2,17,250,322,0,416,91,12,58,4,192,0,53,2131
Karnataka,Bengaluru City,2014,15.4023,75.7989,241,489,21,208,1416,449,1067,2657,22910,0,785,3045,100,433,57,1276,0,490,33800
Karnataka,Bengaluru District,2014,15.3523,75.7489,78,82,2,120,166,65,145,524,1334,0,496,318,13,64,22,270,0,97,5567
Karnataka,Belagavi District,2014,15.5273,75.9239,75,99,2,118,94,39,40,359,652,0,937,115,21,188,4,441,0,162,4851
Karnataka,Ballari,2014,15.2323,75.6289,58,65,3,96,40,12,49,397,760,0,466,228,5,676,12,242,0,72,3304
Karnataka,Bidar,2014,15.5473,75.9439,44,44,60,66,104,10,38,127,500,0,454,75,14,68,10,164,0,106,4333
Karnataka,Vijayapura,2014,15.3173,75.7139,64,94,1,90,86,8,48,239,302,0,552,68,37,80,7,207,0,122,2931
Karnataka,Chikkaballapura,2014,15.1273,75.5239,32,45,6,72,54,12,21,103,462,0,362,89,9,51,10,212,0,26,2405
Karnataka,Chamarajnagar,2014,15.3773,75.7739,28,36,4,22,38,3,7,77,276,0,174,31,6,26,5,160,0,15,1607
Karnataka,Chikkamagaluru,2014,15.0873,75.4839,39,53,2,60,76,20,34,208,430,0,197,86,9,44,5,344,0,110,2878
Karnataka,Chitradurga,2014,15.2373,75.6339,47,31,7,48,62,8,24,184,532,0,488,77,12,28,17,482,0,77,3981
Karnataka,Dakshina Kannada,2014,15.2623,75.6589,26,33,1,80,20,12,19,184,182,0,296,88,12,32,1,128,0,32,2087
Karnataka,Davanagere,2014,15.4473,75.8439,45,62,3,80,120,14,45,321,878,0,580,111,8,70,9,336,0,87,3635
Karnataka,Dharwad,2014,15.4589,75.0078,24,23,2,46,16,8,9,65,138,0,254,29,5,48,3,58,0,15,1219
Karnataka,Gadag,2014,15.2073,75.6039,12,18,1,30,22,5,14,100,164,0,184,48,3,36,2,62,0,22,1109
Karnataka,Kalaburgi,2014,15.1573,75.5539,75,97,8,106,132,25,67,362,614,0,3,110,5,138,14,290,0,127,4448
Karnataka,Hassan,2014,15.2273,75.6239,64,96,1,126,114,22,33,311,688,0,314,110,27,8,11,502,0,103,5182
Karnataka,Haveri,2014,15.5423,75.9389,28,44,6,80,34,20,12,158,506,0,500,37,0,46,10,188,0,44,2201
Karnataka,Hubballi Dharwad City,2014,15.4589,75.0078,20,35,0,42,74,9,72,260,642,0,218,130,4,68,7,59,0,39,1936
Karnataka,K.G.F.,2014,15.4423,75.8389,13,37,0,40,24,4,19,78,140,0,80,64,5,14,1,35,0,14,777
Karnataka,Kodagu,2014,15.1573,75.5539,33,33,1,50,72,2,9,162,256,0,93,80,8,26,1,120,0,40,1824
Karnataka,Kolar,2014,15.4823,75.8789,35,67,3,64,36,5,42,107,368,0,440,80,9,20,8,111,0,21,2188
Karnataka,Koppal,2014,15.4823,75.8789,26,12,0,56,62,10,12,116,376,0,350,111,4,366,4,68,0,50,1883
Karnataka,Mandya,2014,15.1123,75.5089,41,65,5,72,138,35,61,366,842,0,460,88,20,74,11,556,0,143,4984
Karnataka,Mangaluru City,2014,15.1023,75.4989,30,79,0,50,44,40,57,228,460,0,256,282,12,22,1,144,0,56,3039
Karnataka,Mysuru City,2014,15.5623,75.9589,24,35,3,82,104,16,73,136,1084,0,144,227,0,40,3,137,0,51,2766
Karnataka,Mysuru District,2014,15.2123,75.6089,52,51,4,82,100,10,28,284,992,0,534,87,18,68,20,402,0,107,4118
Karnataka,Raichur,2014,15.4623,75.8589,53,64,15,110,74,7,10,125,418,0,612,132,9,78,5,396,0,134,3128
Karnataka,K.Railways,2014,15.3873,75.7839,13,1,0,2,8,16,96,0,1424,0,0,6,0,46,1,9,0,2,1612
Karnataka,Ramanagar,2014,15.4023,75.7989,73,59,3,86,110,40,81,254,908,0,442,102,12,100,12,284,0,60,4249
Karnataka,Shimoga,2014,15.2973,75.6939,50,50,2,116,108,25,60,568,652,0,700,236,26,75,8,797,0,228,6043
Karnataka,Tumakuru,2014,15.4373,75.8339,55,50,3,72,68,15,50,203,586,0,394,176,13,88,15,472,0,87,4523
Karnataka,Udupi,2014,15.4773,75.8739,22,23,2,56,38,13,38,178,252,0,158,129,11,34,3,146,0,57,2496
Karnataka,Uttara Kannada,2014,15.1273,75.5239,21,26,0,50,64,8,29,188,222,0,206,108,13,75,0,291,0,56,2783
Karnataka,Yadgiri,2014,15.1123,75.5089,31,40,11,82,44,4,13,75,136,0,244,26,4,72,2,292,0,48,1496
Karnataka,Belagavi City,2014,15.4323,75.8289,25,37,0,44,54,10,77,320,630,0,338,115,18,69,8,165,0,72,2396
Kerala,Alapuzha,2014,10.8705,76.2911,19,33,92,122,16,26,54,355,452,0,476,429,14,234,0,444,0,261,11033
Kerala,Ernakulam Commr.,2014,10.7805,76.2011,13,29,4,128,8,13,17,281,662,0,114,749,3,98,0,158,0,166,17088
Kerala,Ernakulam Rural,2014,10.6405,76.0611,19,27,43,142,16,16,32,351,726,0,642,320,12,333,0,419,0,169,20185
Kerala,Idukki,2014,10.9005,76.3211,20,25,37,142,20,0,26,281,288,0,432,206,9,180,2,186,0,160,5264
Kerala,Kannur,2014,10.6755,76.0961,22,35,123,118,30,2,83,315,298,0,1490,190,86,130,1,404,0,330,6716
Kerala,Kasargod,2014,10.7755,76.1961,16,27,61,118,16,13,32,254,322,0,844,223,44,110,0,227,0,210,5016
Kerala,Kollam Commr.,2014,10.7705,76.1911,10,34,58,156,26,4,63,104,286,0,602,187,13,264,1,287,0,296,9314
Kerala,Kollam Rural,2014,10.6555,76.0761,28,35,90,162,38,4,32,357,322,0,586,192,16,214,2,480,0,276,7910
Kerala,Kottayam,2014,11.0855,76.5061,17,32,67,150,28,22,38,260,470,0,372,240,17,215,0,209,0,182,17769
Kerala,Kozhikode Commr.,2014,11.2588,75.7804,8,13,36,70,4,1,52,319,564,0,440,259,9,62,1,207,0,184,4665
Kerala,Kozhikode Rural,2014,11.2588,75.7804,9,54,374,104,20,6,36,345,406,0,816,347,63,84,0,348,0,307,5391
Kerala,Malappuram,2014,10.7305,76.1511,19,50,19,206,16,2,34,510,620,0,1364,374,9,206,1,677,0,590,18057
Kerala,Palakkad,2014,10.8855,76.3061,23,53,56,176,42,11,52,308,616,0,946,410,31,194,7,297,0,450,14780
Kerala,Pathanamthitta,2014,10.7905,76.2111,11,37,65,126,26,25,41,329,456,0,178,274,19,272,0,298,0,118,8533
Kerala,Railways,2014,11.0105,76.4311,3,0,4,0,4,0,12,4,598,0,14,2,0,0,0,130,0,0,637
Kerala,Thrissur Commr.,2014,10.5276,76.2144,17,17,33,76,16,10,34,145,330,0,196,362,12,134,0,181,0,130,6548
Kerala,Thrissur Rural,2014,10.5276,76.2144,24,57,25,188,20,6,68,244,526,0,556,467,47,329,2,541,0,468,20117
Kerala,Trivandrum Commr.,2014,11.0655,76.4861,13,23,133,112,28,29,59,262,650,0,452,294,10,96,2,433,0,134,12504
Kerala,Trivandrum Rural,2014,10.9805,76.4011,45,78,176,244,38,28,83,859,676,0,832,361,29,418,6,1147,0,387,12024
Kerala,Wayanadu,2014,11.0555,76.4761,9,15,13,150,32,4,21,136,128,0,286,169,8,73,0,220,0,99,3182
Kerala,Crime Branch,2014,10.9605,76.3811,22,2,8,4,0,4,0,9,4,0,2,36,2,4,3,8,0,2,185
Madhya Pradesh,Agar,2014,18.1067,83.3956,5,31,1,56,36,0,5,104,284,0,40,7,12,76,2,63,0,44,1652
Madhya Pradesh,Alirajpur,2014,23.1684,78.8519,46,20,3,34,34,8,10,70,188,0,18,5,10,126,0,30,0,10,1161
Madhya Pradesh,Anuppur,2014,23.1484,78.8319,35,16,0,140,214,4,23,336,374,0,48,22,7,58,7,187,0,114,2666
Madhya Pradesh,Ashok Nagar,2014,22.8084,78.4919,29,30,1,152,134,5,15,246,250,0,52,11,13,526,12,303,0,82,3366
Madhya Pradesh,Balaghat,2014,22.9584,78.6419,60,23,3,262,374,3,16,277,272,0,82,40,18,46,12,235,0,107,3507
Madhya Pradesh,Barwani,2014,22.9784,78.6619,44,19,0,136,54,3,7,223,444,0,45,7,13,68,4,155,0,16,2857
Madhya Pradesh,Betul,2014,23.1484,78.8319,63,53,5,328,382,0,19,462,678,0,4,40,16,80,9,664,0,379,6822
Madhya Pradesh,Bhind,2014,22.8084,78.4919,62,126,3,156,212,18,92,408,836,0,213,51,13,2494,30,284,0,86,4870
Madhya Pradesh,Bhopal,2014,23.2599,77.4126,83,117,5,446,732,18,113,1041,6020,0,124,190,22,654,20,343,0,348,16094
Madhya Pradesh,Bhopal Railway,2014,23.2599,77.4126,4,4,0,6,50,2,20,6,3340,0,8,5,0,2,0,19,0,4,3447
Madhya Pradesh,Burhanpur,2014,22.9334,78.6169,20,20,1,92,48,8,5,116,242,0,16,21,2,94,5,133,0,48,1958
Madhya Pradesh,Chhatarpur,2014,23.0184,78.7019,44,48,7,156,362,3,35,394,434,0,56,35,16,616,22,232,0,74,4463
Madhya Pradesh,Chhindwara,2014,23.1184,78.8019,73,43,0,410,462,4,13,490,578,0,84,48,22,4048,9,241,0,185,6275
Madhya Pradesh,Damoh,2014,22.7384,78.4219,33,48,0,92,218,1,11,178,224,0,20,16,7,214,31,274,0,68,2702
Madhya Pradesh,Datia,2014,23.1234,78.8069,42,47,0,68,142,10,48,152,290,0,34,23,13,148,14,176,0,57,2783
Madhya Pradesh,Dewas,2014,22.9584,78.6419,64,55,3,242,176,0,14,370,1022,0,96,43,13,188,10,334,0,145,7426
Madhya Pradesh,Dhar,2014,15.4589,75.0078,51,43,1,276,682,17,76,522,1714,0,130,38,34,985,15,244,0,85,7479
Madhya Pradesh,Dindori,2014,22.7284,78.4119,24,12,11,182,150,0,5,130,166,0,22,14,11,14,4,324,0,119,3851
Madhya Pradesh,Guna,2014,22.9584,78.6419,46,51,0,246,346,11,34,310,818,0,104,31,23,999,12,334,0,92,4539
Madhya Pradesh,Gwalior,2014,26.2183,78.1828,78,137,25,316,466,54,99,1224,3642,0,216,143,18,132,36,631,0,441,12958
Madhya Pradesh,Harda,2014,23.0384,78.7219,12,14,1,94,158,2,8,104,160,0,20,6,3,87,5,114,0,28,2016
Madhya Pradesh,Hoshangabad,2014,23.1584,78.8419,59,65,2,204,220,6,42,454,832,0,76,26,19,219,6,330,0,121,4870
Madhya Pradesh,Indore,2014,22.7196,75.8577,115,220,7,522,1014,9,317,3176,13060,0,164,177,49,274,37,649,0,254,23992
Madhya Pradesh,Indore Railway,2014,22.7196,75.8577,1,0,0,8,10,4,4,5,868,0,0,0,0,0,0,18,0,0,900
Madhya Pradesh,Jabalpur,2014,23.1815,79.9864,92,151,3,388,1034,10,137,1077,2050,0,138,115,7,274,34,748,0,315,12918
Madhya Pradesh,Jabalpur Railway,2014,23.1815,79.9864,3,2,0,8,30,3,37,8,1818,0,2,1,0,6,0,35,0,0,1918
Madhya Pradesh,Jhabua,2014,23.1184,78.8019,33,13,0,104,204,6,45,232,392,0,58,29,19,244,0,196,0,22,2990
Madhya Pradesh,Katni,2014,23.1084,78.7919,35,24,6,186,384,7,15,344,322,0,16,35,12,306,18,299,0,65,3670
Madhya Pradesh,Khandwa,2014,22.8834,78.5669,31,33,0,168,254,10,17,498,714,0,78,53,26,98,6,270,0,103,4011
Madhya Pradesh,Khargone,2014,22.8484,78.5319,42,29,4,236,252,0,18,390,850,0,46,27,12,250,43,494,0,74,4533
Madhya Pradesh,Mandla,2014,22.7384,78.4219,36,15,3,128,282,0,5,144,114,0,12,22,4,496,6,198,0,76,2220
Madhya Pradesh,Mandsaur,2014,22.8484,78.5319,30,65,0,180,280,8,9,398,736,0,50,39,25,206,5,366,0,180,5565
Madhya Pradesh,Morena,2014,22.8584,78.5419,43,47,5,86,240,38,69,316,1006,0,202,14,7,616,30,259,0,192,5944
Madhya Pradesh,Narsinghpur,2014,22.9434,78.6269,40,30,4,226,174,1,7,244,290,0,42,25,20,3350,20,330,0,145,4449
Madhya Pradesh,Neemuch,2014,22.8684,78.5519,8,18,0,94,82,1,9,158,500,0,34,17,5,112,3,134,0,43,2986
Madhya Pradesh,Panna,2014,22.7284,78.4119,29,12,4,82,290,1,14,190,146,0,2,11,11,410,10,168,0,38,2063
Madhya Pradesh,Raisen,2014,22.8984,78.5819,46,52,7,322,180,7,21,211,680,0,97,20,19,238,5,361,0,76,5204
Madhya Pradesh,Rajgarh,2014,23.0634,78.7469,28,32,2,188,224,7,24,320,726,0,82,24,72,192,5,470,0,134,5529
Madhya Pradesh,Ratlam,2014,23.0084,78.6919,36,53,2,138,344,17,31,296,678,0,76,35,14,460,5,302,0,129,4560
Madhya Pradesh,Rewa,2014,23.0034,78.6869,73,35,4,220,544,11,97,1146,1124,0,88,19,29,276,36,319,0,90,6678
Madhya Pradesh,Sagar,2014,23.2134,78.8969,75,61,2,252,428,2,23,505,878,0,170,28,26,614,35,661,0,175,7674
Madhya Pradesh,Satna,2014,23.1784,78.8619,69,63,0,374,902,10,67,379,990,0,136,37,25,1298,30,254,0,116,7539
Madhya Pradesh,Seoni,2014,22.8884,78.5719,29,11,4,166,310,0,5,228,362,0,38,41,11,153,9,192,0,47,3484
Madhya Pradesh,Shahdol,2014,22.7684,78.4519,36,24,2,244,400,2,32,554,668,0,52,39,16,184,16,332,0,336,5240
Madhya Pradesh,Shajapur,2014,23.0784,78.7619,20,25,7,136,94,2,15,265,628,0,61,13,17,198,7,155,0,130,3754
Madhya Pradesh,Sheopur,2014,22.7384,78.4219,18,15,1,46,72,7,6,47,184,0,57,11,5,144,5,96,0,37,1578
Madhya Pradesh,Shivpuri,2014,23.1434,78.8269,55,55,9,202,344,26,52,207,778,0,189,54,43,458,11,457,0,111,5836
Madhya Pradesh,Sidhi,2014,22.8634,78.5469,31,10,4,80,200,0,21,224,214,0,26,21,7,107,14,168,0,68,3576
Madhya Pradesh,Sehore,2014,23.1234,78.8069,33,46,17,248,298,0,21,513,944,0,78,25,17,122,12,303,0,158,5006
Madhya Pradesh,Singrauli,2014,23.1784,78.8619,42,29,6,176,228,7,15,294,462,0,74,10,22,175,17,140,0,105,3349
Madhya Pradesh,Tikamgarh,2014,23.0834,78.7669,36,25,3,184,158,3,25,330,256,0,70,17,12,391,15,241,0,42,3458
Madhya Pradesh,Ujjain,2014,23.1765,75.7885,67,134,6,252,296,8,54,844,2206,0,132,45,7,228,11,564,0,285,9141
Madhya Pradesh,Umaria,2014,22.8034,78.4869,17,6,0,102,182,4,12,204,156,0,22,16,5,62,2,104,0,90,2172
Madhya Pradesh,Vidisha,2014,23.0934,78.7769,48,82,29,312,280,2,35,604,880,0,68,46,16,394,21,503,0,162,6009
Madhya Pradesh,Cyber Cell,2014,23.0734,78.7569,0,0,0,0,0,0,0,0,0,0,0,0,0,0,0,0,0,0,0
Maharashtra,Ahmednagar,2014,19.7715,75.7339,109,74,6,206,242,109,274,616,3038,0,914,165,46,398,13,466,0,264,6957
Maharashtra,Akola,2014,19.8715,75.8339,52,50,3,104,84,31,108,299,1472,0,201,108,34,242,5,301,0,136,4433
Maharashtra,Amravati Commr.,2014,19.9615,75.9239,27,49,2,54,72,4,56,302,1630,0,26,90,16,138,1,224,0,108,3338
Maharashtra,Amravati Rural,2014,19.8215,75.7839,51,63,5,206,152,13,42,416,2442,0,86,93,70,538,8,515,0,213,6948
Maharashtra,Aurangabad Commr.,2014,19.8762,75.3433,35,54,0,54,126,65,204,477,2838,0,268,197,35,142,2,260,0,164,4821
Maharashtra,Aurangabad Rural,2014,19.9115,75.8739,49,63,1,62,74,46,41,218,1834,0,538,87,30,154,7,251,0,218,4237
Maharashtra,Beed,2014,19.6065,75.5689,75,93,2,140,144,44,94,427,1356,0,553,120,33,242,3,346,0,316,4864
Maharashtra,Bhandara,2014,19.8215,75.7839,20,17,3,56,46,2,25,267,952,0,38,55,20,84,3,87,0,40,2003
Maharashtra,Buldhana,2014,19.6415,75.6039,59,55,5,114,88,27,44,284,1338,0,379,94,45,256,22,388,0,152,4453
Maharashtra,Chandrapur,2014,19.8215,75.7839,51,50,3,198,98,20,41,428,1502,0,106,120,28,254,2,448,0,203,4441
Maharashtra,Dhule,2014,19.8865,75.8489,38,46,1,70,86,67,56,276,732,0,339,86,3,100,11,193,0,207,2818
Maharashtra,Gadchiroli,2014,19.7565,75.7189,54,55,2,44,16,8,8,162,204,0,18,36,17,48,0,53,0,16,875
Maharashtra,Gondia,2014,19.5815,75.5439,33,21,3,116,52,2,20,250,626,0,26,41,10,118,6,113,0,46,1836
Maharashtra,Hingoli,2014,19.6515,75.6139,27,28,1,48,58,6,19,101,256,0,132,44,12,108,4,98,0,83,1761
Maharashtra,Jalgaon,2014,19.7315,75.6939,80,77,2,132,168,88,129,472,1998,0,654,191,23,344,1,464,0,374,6531
Maharashtra,Jalna,2014,19.7165,75.6789,64,76,4,66,78,28,75,371,1164,0,240,116,23,382,13,215,0,289,3372
Maharashtra,Kolhapur,2014,19.6715,75.6339,64,68,3,168,140,39,236,659,1766,0,559,317,22,220,8,264,0,150,4942
Maharashtra,Latur,2014,19.8315,75.7939,74,61,1,114,168,65,79,415,1098,0,738,125,54,84,4,348,0,323,4070
Maharashtra,Mumbai Commr.,2014,18.922,72.8347,183,181,5,1214,1082,82,2094,5586,20202,0,820,2594,54,4010,22,2410,0,563,40361
Maharashtra,Mumbai Railway,2014,19.9715,75.9339,17,2,0,2,34,0,573,8,4494,0,12,46,0,28,0,83,0,0,5216
Maharashtra,Nagpur Commr.,2014,21.1458,79.0882,103,92,5,226,290,48,505,1902,5924,0,294,394,33,625,10,293,0,234,10436
Maharashtra,Nagpur Railway,2014,19.9615,75.9239,2,1,0,6,4,13,80,0,3062,0,14,8,0,24,0,40,0,0,3214
Maharashtra,Nagpur Rural,2014,19.6665,75.6289,69,46,11,130,70,21,65,458,2048,0,120,60,41,292,4,306,0,85,4564
Maharashtra,Nanded,2014,19.9715,75.9339,73,73,4,86,190,18,62,454,1022,0,392,11,41,342,6,147,0,180,4600
Maharashtra,Nandurbar,2014,19.5415,75.5039,36,19,5,50,42,13,13,164,314,0,182,34,6,68,2,52,0,47,1425
Maharashtra,Nasik Commr.,2014,19.8865,75.8489,26,30,0,56,118,55,124,553,2106,0,128,130,6,130,3,133,0,200,3883
Maharashtra,Nasik Rural,2014,19.9065,75.8689,98,65,6,174,216,60,103,611,1776,0,750,186,25,812,17,263,0,383,6832
Maharashtra,Navi Mumbai,2014,19.5315,75.4939,51,23,2,176,280,47,411,912,2894,0,178,576,10,218,6,250,0,131,5903
Maharashtra,Osmanabad,2014,19.6415,75.6039,39,58,2,86,56,49,40,388,854,0,296,75,19,130,5,189,0,117,2825
Maharashtra,Palghar,2014,19.5615,75.5239,85,36,8,196,228,49,211,1171,2142,0,441,259,12,425,1,320,0,73,5255
Maharashtra,Parbhani,2014,19.5665,75.5289,44,82,3,76,128,53,48,384,976,0,326,145,28,282,5,198,0,251,3606
Maharashtra,Pune Commr.,2014,18.5204,73.8567,138,181,9,378,456,217,873,2315,9734,0,518,770,38,939,20,752,0,391,16557
Maharashtra,Pune Railway,2014,19.7715,75.7339,8,1,0,4,6,17,56,1,1086,0,6,2,0,10,1,9,0,0,1197
Maharashtra,Pune Rural,2014,19.6315,75.5939,153,125,11,294,314,203,251,1450,5184,0,1239,282,37,540,13,601,0,219,10334
Maharashtra,Raigad,2014,19.7865,75.7489,31,17,0,94,82,12,72,423,858,0,294,142,22,148,2,144,0,54,2601
Maharashtra,Ratnagiri,2014,19.9015,75.8639,11,15,3,68,38,4,38,269,512,0,132,71,13,48,0,83,0,26,1568
Maharashtra,Sangli,2014,19.5815,75.5439,50,47,1,132,136,28,63,418,1216,0,438,197,22,272,6,263,0,108,5171
Maharashtra,Satara,2014,19.8865,75.8489,67,39,9,194,176,97,234,755,2508,0,680,155,26,284,4,350,0,188,6062
Maharashtra,Sindhudurg,2014,19.7465,75.7089,7,10,9,24,20,10,16,163,264,0,48,10,15,40,0,42,0,4,789
Maharashtra,Solapur Commr.,2014,19.8765,75.8389,21,26,0,78,78,21,123,433,1172,0,223,99,6,64,3,77,0,52,2344
Maharashtra,Solapur Rural,2014,19.7715,75.7339,87,75,9,194,186,53,68,483,2124,0,874,73,31,474,2,335,0,122,6235
Maharashtra,Thane Commr.,2014,19.2183,72.9781,117,122,4,430,870,83,1315,2942,6334,0,676,953,38,1142,13,736,0,351,15022
Maharashtra,Thane Rural,2014,19.5965,75.5589,51,23,11,150,142,60,230,613,1282,0,336,301,26,214,3,275,0,103,3641
Maharashtra,Wardha,2014,19.8415,75.8039,35,64,8,124,74,30,50,282,1600,0,82,95,19,218,1,344,0,98,3687
Maharashtra,Washim,2014,19.5515,75.5139,31,62,5,66,64,13,51,213,932,0,188,55,26,142,5,178,0,113,2579
Maharashtra,Yavatmal,2014,19.9265,75.8889,75,98,5,216,314,43,146,826,3700,0,406,151,65,474,12,832,0,301,9951
Manipur,Bishnupur,2014,24.4637,93.7063,12,23,1,18,22,0,0,16,100,0,12,3,2,40,0,12,0,3,307
Manipur,Chandel,2014,24.8937,94.1363,4,7,0,0,4,0,0,0,24,0,6,0,3,6,0,2,0,0,70
Manipur,Churachandpur,2014,24.7837,94.0263,13,11,0,10,12,0,0,14,58,0,2,5,2,10,0,4,0,0,137
Manipur,C. I. D.,2014,24.6537,93.8963,0,0,0,0,0,0,0,0,0,0,0,0,0,0,0,0,0,0,0
Manipur,Imphal East,2014,28.6333,77.2833,13,42,0,40,54,0,0,29,502,0,30,18,6,88,1,14,0,8,822
Manipur,Imphal West,2014,28.65,77.1,20,61,1,40,104,0,4,28,950,0,84,39,8,206,0,83,0,14,1544
Manipur,Senapati,2014,24.4637,93.7063,5,6,2,2,22,0,3,4,22,0,6,2,2,4,0,4,0,0,121
Manipur,Tamenglong,2014,24.4787,93.7213,4,19,0,0,18,0,0,0,24,0,2,2,9,12,0,0,0,0,125
Manipur,Thoubal,2014,24.4487,93.6913,15,47,1,38,122,0,0,26,314,0,58,29,6,176,0,66,0,16,831
Manipur,Ukhrul,2014,24.7087,93.9513,10,11,0,2,6,0,0,2,8,0,2,1,5,6,0,0,0,0,58
Meghalaya,Garo Hills East,2014,28.6333,77.2833,7,1,1,6,14,6,6,1,114,0,0,5,0,10,0,6,0,0,170
Meghalaya,Garo Hills North,2014,28.7,77.1833,14,8,2,6,52,10,2,8,48,0,0,0,0,24,0,15,0,1,172
Meghalaya,Garo Hills South,2014,28.5333,77.2,19,24,2,6,56,8,2,4,42,0,6,6,1,2,0,6,0,3,176
Meghalaya,Garo Hills South West,2014,28.5333,77.2,5,4,0,8,8,10,2,0,14,0,0,1,0,4,0,16,0,1,65
Meghalaya,Garo Hills West,2014,28.65,77.1,28,26,1,22,118,18,13,92,144,0,4,9,4,24,0,22,0,10,532
Meghalaya,Jaintia Hills West,2014,28.65,77.1,18,11,2,20,18,0,3,23,110,0,0,11,4,30,0,5,0,1,292
Meghalaya,Jaintia Hills East,2014,28.6333,77.2833,19,11,0,22,14,6,4,4,136,0,0,8,9,24,0,14,0,0,281
Meghalaya,Khasi Hills East,2014,28.6333,77.2833,24,20,3,28,46,14,53,60,798,0,0,111,12,120,0,81,0,26,1327
Meghalaya,Khasi Hills South West,2014,28.5333,77.2,4,1,0,24,0,6,1,0,30,0,0,1,0,6,1,0,0,0,73
Meghalaya,Khasi Hills West,2014,28.65,77.1,11,7,0,38,18,8,3,36,100,0,0,8,0,24,0,8,0,0,271
Meghalaya,Ri-Bhoi,2014,25.712,91.6112,10,2,1,56,14,26,8,28,178,0,6,12,8,38,0,22,0,0,386
Mizoram,Aizawl,2014,23.3695,93.1426,11,13,2,78,4,2,5,358,910,0,0,45,14,114,0,82,0,5,1554
Mizoram,Champhai,2014,23.1495,92.9226,9,3,1,44,2,0,0,100,172,0,0,4,1,20,0,0,0,0,355
Mizoram,Kolasib,2014,23.3695,93.1426,1,1,0,20,4,10,0,48,272,0,0,2,1,12,0,10,0,1,371
Mizoram,Lawngtlai,2014,23.2295,93.0026,6,1,0,18,0,0,0,25,52,0,0,1,0,20,0,5,0,0,123
Mizoram,Lunglei,2014,23.3295,93.1026,8,4,2,28,0,2,0,75,104,0,0,3,0,14,0,13,0,0,238
Mizoram,Mamit,2014,23.2195,92.9926,1,0,0,20,4,2,0,80,66,0,0,2,2,6,0,6,0,2,183
Mizoram,Saiha,2014,22.9895,92.7626,4,0,0,8,0,0,0,16,54,0,0,2,1,6,0,2,0,0,91
Mizoram,Serchhip,2014,23.3445,93.1176,2,0,2,24,0,0,1,34,74,0,0,2,3,8,0,3,0,0,148
Mizoram,Spl Traffic,2014,23.2745,93.0476,0,0,0,0,0,0,0,0,0,0,0,0,0,0,0,0,0,0,20
Nagaland,Dimapur,2014,26.3284,94.7324,22,17,0,24,50,16,26,36,430,0,4,24,7,16,0,15,0,3,672
Nagaland,Kiphire,2014,26.1734,94.5774,1,2,0,2,0,0,0,0,4,0,0,3,0,2,0,0,0,0,14
Nagaland,Kohima,2014,26.0484,94.4524,3,6,0,18,10,0,6,24,150,0,0,11,0,0,0,0,0,0,228
Nagaland,Longleng,2014,26.0434,94.4474,0,2,1,2,0,0,0,0,4,0,0,0,0,0,0,0,0,0,15
Nagaland,Mokokchung,2014,26.2884,94.6924,5,3,0,2,4,0,2,4,20,0,0,8,0,8,0,2,0,0,67
Nagaland,Mon,2014,25.9134,94.3174,6,2,1,2,0,0,0,2,20,0,0,1,0,0,0,0,0,0,39
Nagaland,Peren,2014,26.1434,94.5474,1,0,0,0,0,0,0,0,14,0,0,0,0,0,0,1,0,0,19
Nagaland,Phek,2014,26.2334,94.6374,9,5,1,2,0,0,3,6,50,0,0,4,0,6,0,3,0,0,85
Nagaland,Tuensang,2014,26.1484,94.5524,0,0,0,2,4,0,0,0,40,0,4,1,0,0,0,0,0,0,51
Nagaland,Wokha,2014,26.2734,94.6774,10,9,0,0,4,0,0,0,58,0,18,0,0,0,0,0,0,0,99
Nagaland,Zunheboto,2014,26.1234,94.5274,1,10,0,6,2,0,1,30,46,0,0,4,0,14,0,0,0,0,114
Odisha,Angul,2014,21.1617,85.3085,58,89,0,88,170,78,107,326,1096,0,146,67,16,28,4,238,0,30,2950
Odisha,Balasore,2014,20.7367,84.8835,65,126,6,220,462,50,90,471,714,0,120,140,27,302,2,960,0,380,4305
Odisha,Baragarh,2014,20.7917,84.9385,27,120,0,112,122,39,68,226,398,0,178,33,19,496,7,133,0,80,1838
Odisha,Berhampur,2014,20.7067,84.8535,31,76,0,60,118,50,76,114,474,0,58,78,11,84,0,302,0,118,1709
Odisha,Bhadrak,2014,21.0067,85.1535,39,86,0,126,232,7,25,198,444,0,90,85,29,76,24,261,0,168,2807
Odisha,Bolangir,2014,20.9017,85.0485,26,70,0,112,260,26,59,258,398,0,128,43,20,424,19,327,0,47,2379
Odisha,Boudh,2014,21.1017,85.2485,22,37,0,48,68,18,23,31,70,0,18,14,5,232,2,97,0,14,596
Odisha,Cuttack,2014,20.8467,84.9935,40,55,0,116,188,28,63,213,340,0,80,49,15,249,27,48,0,28,2594
Odisha,Dcp Bbsr,2014,21.0767,85.2235,42,102,0,144,302,78,123,517,2864,0,180,394,17,1610,27,85,0,104,6373
Odisha,Dcp Ctc,2014,20.8917,85.0385,36,18,21,132,288,43,38,326,1246,0,56,157,4,10,21,136,0,155,2920
Odisha,Deogarh,2014,20.8517,84.9985,12,36,0,64,36,12,17,72,144,0,26,10,5,104,1,50,0,23,901
Odisha,Dhenkanal,2014,21.1317,85.2785,52,174,0,86,136,16,76,156,474,0,183,50,21,77,11,562,0,45,2000
Odisha,Gajapati,2014,20.8317,84.9785,17,22,0,38,44,2,0,21,72,0,64,16,3,46,3,131,0,9,460
Odisha,Ganjam,2014,21.0467,85.1935,75,263,0,170,258,68,64,137,306,0,132,51,29,486,13,698,0,79,2580
Odisha,Jagatsinghpur,2014,20.7617,84.9085,43,62,0,74,166,36,60,231,658,0,140,76,18,417,26,313,0,119,2345
Odisha,Jajpur,2014,21.1767,85.3235,76,19,0,146,246,32,70,370,794,0,166,58,27,2095,49,450,0,52,4099
Odisha,Jharsuguda,2014,21.1817,85.3285,33,20,0,84,96,16,64,264,434,0,60,26,7,68,9,205,0,51,1431
Odisha,Kalahandi,2014,20.9067,85.0535,38,55,0,202,380,14,41,170,206,0,218,63,8,698,12,376,0,125,2093
Odisha,Kandhamal,2014,21.0667,85.2135,28,14,1,108,96,10,14,92,158,0,20,58,3,62,4,212,0,35,1089
Odisha,Kendrapara,2014,21.0217,85.1685,34,40,0,96,176,18,36,193,214,0,99,56,24,312,32,206,0,217,2244
Odisha,Keonjhar,2014,21.0417,85.1885,75,103,0,206,214,38,46,119,436,0,102,60,18,512,11,508,0,65,2571
Odisha,Khurda,2014,21.1267,85.2735,40,45,0,78,206,34,63,154,394,0,96,65,17,30,22,130,0,37,2291
Odisha,Koraput,2014,20.9817,85.1285,71,48,0,188,146,30,37,210,198,0,122,30,6,30,4,287,0,46,1357
Odisha,Malkangiri,2014,20.8817,85.0285,33,30,0,38,42,42,9,30,66,0,34,37,8,31,4,47,0,16,420
Odisha,Mayurbhanj,2014,20.9467,85.0935,110,130,1,278,270,24,40,288,504,0,78,77,13,86,32,544,0,270,2793
Odisha,Nayagarh,2014,20.7817,84.9285,33,106,0,46,94,43,51,125,258,0,96,43,10,18,7,47,0,23,1487
Odisha,Nabarangpur,2014,20.7817,84.9285,23,35,0,146,200,6,12,94,112,0,188,33,7,10,1,303,0,93,1695
Odisha,Nuapada,2014,21.0017,85.1485,14,42,0,52,114,8,20,112,148,0,62,20,6,78,5,259,0,91,1175
Odisha,Puri,2014,21.0967,85.2435,54,99,0,136,292,49,102,482,898,0,237,117,45,894,32,209,0,176,4317
Odisha,Rayagada,2014,20.8267,84.9735,29,39,3,118,172,26,17,168,210,0,99,37,12,24,0,179,0,121,1199
Odisha,Rourkela,2014,21.1017,85.2485,55,50,0,146,196,57,106,452,976,0,74,84,3,34,4,294,0,139,2670
Odisha,Sambalpur,2014,21.1217,85.2685,48,79,1,162,196,43,123,554,1134,0,148,48,16,1374,10,136,0,44,3925
Odisha,Sonepur,2014,20.7717,84.9185,16,15,0,36,54,16,15,31,150,0,44,19,2,6,4,69,0,29,724
Odisha,Srp (Cuttack),2014,21.0167,85.1635,0,2,0,0,4,4,19,4,876,0,6,3,0,1,0,14,0,1,919
Odisha,Srp (Rourkela),2014,20.7817,84.9285,4,2,0,2,10,2,21,30,640,0,0,3,0,0,0,18,0,0,714
Odisha,Sundargarh,2014,20.7717,84.9185,51,36,0,98,92,21,33,170,316,0,50,46,6,46,12,146,0,84,1655
Punjab,Amritsar Rural,2014,31.634,74.8723,47,60,3,62,196,4,12,238,248,0,0,88,5,382,6,140,0,53,1396
Punjab,Barnala,2014,31.3321,75.5262,15,24,9,62,82,1,1,92,192,0,0,51,2,78,0,29,0,27,791
Punjab,Batala,2014,31.1221,75.3162,22,30,3,60,92,5,3,110,172,0,0,104,0,322,3,36,0,37,920
Punjab,Bathinda,2014,31.2121,75.4062,55,45,8,112,134,5,2,343,520,0,0,151,8,186,5,122,0,74,2117
Punjab,Cp Amritsar,2014,31.634,74.8723,29,75,5,68,156,14,13,249,648,0,0,307,2,285,3,45,0,150,1998
Punjab,Cp Jalandhar,2014,31.0171,75.2112,16,32,16,98,222,15,10,354,996,0,0,220,4,95,1,124,0,106,2062
Punjab,Cp Ludhiana,2014,30.901,75.8573,73,68,8,222,492,28,23,266,1206,0,0,349,5,414,5,181,0,158,3546
Punjab,Faridkot,2014,30.9071,75.1012,23,34,0,48,46,5,10,122,140,0,0,42,3,156,1,24,0,16,673
Punjab,Fatehgarh Sahib,2014,31.0171,75.2112,16,10,6,52,56,2,3,94,178,0,0,120,0,32,4,44,0,28,920
Punjab,Fazilka,2014,30.9721,75.1662,24,14,6,104,64,2,0,122,160,0,0,88,1,280,4,36,0,59,877
Punjab,Ferozepur,2014,31.3121,75.5062,27,38,4,110,46,3,0,182,326,0,0,128,0,431,3,50,0,45,1300
Punjab,G. R. P.,2014,31.1871,75.3812,11,0,1,2,8,17,0,6,188,0,0,3,0,15,0,3,0,0,372
Punjab,Gurdaspur,2014,30.9771,75.1712,13,11,6,52,62,3,2,81,160,0,0,58,6,197,2,65,0,47,781
Punjab,Hoshiarpur,2014,31.2071,75.4012,32,34,5,86,126,11,8,249,414,0,0,167,0,424,7,41,0,93,1637
Punjab,Jalandhar Rural,2014,31.1871,75.3812,27,27,9,62,84,14,17,244,294,0,0,78,2,88,2,62,0,32,1154
Punjab,Kapurthala,2014,30.9371,75.1312,21,29,6,58,80,7,10,175,264,0,0,103,2,379,3,59,0,58,1128
Punjab,Khanna,2014,31.1671,75.3612,20,16,5,46,108,6,8,210,522,0,0,83,4,249,3,34,0,38,1272
Punjab,Ludhiana Rural,2014,30.901,75.8573,16,20,8,28,112,3,4,102,324,0,0,107,1,89,3,44,0,30,1081
Punjab,Mansa,2014,30.9521,75.1462,32,17,7,44,30,4,0,100,104,0,0,109,1,122,5,33,0,39,793
Punjab,Moga,2014,31.1921,75.3862,25,38,5,58,72,7,4,186,294,0,0,88,5,170,0,57,0,27,1172
Punjab,Muktsar,2014,31.0321,75.2262,29,20,2,58,60,1,0,142,186,0,0,56,2,84,1,37,0,26,781
Punjab,Pathankot,2014,31.1971,75.3912,9,6,1,22,22,0,1,86,150,0,0,107,1,37,4,15,0,80,582
Punjab,Patiala,2014,31.0121,75.2062,45,59,7,76,182,12,4,298,588,0,0,346,2,111,4,104,0,175,2774
Punjab,Ropar,2014,30.9021,75.0962,22,11,1,42,78,3,4,102,228,0,0,119,3,164,2,104,0,37,1122
Punjab,Sangrur,2014,31.1871,75.3812,42,46,4,114,116,3,3,226,392,0,0,148,3,461,7,91,0,85,1935
Punjab,Sas Nagar,2014,30.9021,75.0962,26,35,3,118,248,16,6,292,866,0,0,287,0,291,5,57,0,74,2408
Punjab,Sbs Nagar,2014,31.1121,75.3062,15,12,3,40,36,2,7,151,160,0,0,83,1,88,2,26,0,35,659
Punjab,Tarn Taran,2014,30.8971,75.0912,35,53,3,58,90,7,2,81,214,0,0,122,0,387,5,82,0,52,1171
Rajasthan,Ajmer,2014,26.4499,74.6399,45,59,18,259,452,10,46,420,2310,0,0,1484,23,33,10,289,0,844,9197
Rajasthan,Alwar,2014,26.9488,74.1429,104,64,4,598,746,22,70,343,6378,0,10,1449,13,51,33,512,0,720,12742
Rajasthan,Banswara,2014,27.1438,74.3379,25,13,0,292,304,0,27,131,372,0,84,106,12,114,6,206,0,198,2789
Rajasthan,Baran,2014,27.0538,74.2479,34,63,99,134,324,5,22,202,898,0,0,345,16,336,5,424,0,342,4515
Rajasthan,Barmer,2014,27.2438,74.4379,38,34,0,186,114,6,19,400,704,0,6,160,26,26,26,466,0,270,4388
Rajasthan,Bharatpur,2014,27.0638,74.2579,99,66,3,438,580,19,29,79,3098,0,0,120,25,4,36,280,0,606,10231
Rajasthan,Bhilwara,2014,27.1438,74.3379,35,32,2,108,244,0,22,406,1598,0,14,751,14,132,8,346,0,965,7353
Rajasthan,Bikaner,2014,26.9588,74.1529,48,60,7,150,162,5,4,198,694,0,0,855,15,22,15,178,0,584,5441
Rajasthan,Bundi,2014,27.1988,74.3929,24,45,6,160,290,2,15,172,520,0,10,362,4,350,4,358,0,325,3823
Rajasthan,Chittorgarh,2014,26.8788,74.0729,33,31,22,208,424,10,41,211,1078,0,62,140,12,134,2,260,0,641,5435
Rajasthan,Churu,2014,27.0738,74.2679,35,58,4,144,204,2,11,245,496,0,0,27,13,70,7,90,0,414,3847
Rajasthan,Dausa,2014,27.0938,74.2879,40,21,2,74,246,6,10,146,2118,0,22,536,7,0,5,300,0,234,5584
Rajasthan,Dholpur,2014,27.0088,74.2029,44,78,2,156,180,9,11,59,960,0,0,202,9,64,21,63,0,249,4395
Rajasthan,Dungarpur,2014,27.0238,74.2179,31,17,0,220,286,0,23,106,264,0,4,119,11,216,13,308,0,187,2678
Rajasthan,G.R.P.Ajmer,2014,26.4499,74.6399,5,8,3,6,28,0,10,0,2236,0,2,7,0,2,1,8,0,0,2304
Rajasthan,G.R.P.Jodhpur,2014,26.2389,73.0243,6,1,0,2,4,0,0,0,286,0,0,0,0,0,0,12,0,0,299
Rajasthan,Ganganagar,2014,27.0638,74.2579,43,90,1,359,298,3,12,307,844,0,0,544,1,25,17,255,0,923,6929
Rajasthan,Hanumangarh,2014,27.1788,74.3729,67,77,2,270,158,2,12,260,568,0,0,621,8,132,11,248,0,599,5021
Rajasthan,Jaipur East,2014,28.6333,77.2833,35,35,3,146,362,12,118,765,6336,0,122,1146,12,0,8,250,0,313,9089
Rajasthan,Jaipur North,2014,28.7,77.1833,16,24,0,84,296,1,37,248,1598,0,8,971,2,4,4,150,0,296,4120
Rajasthan,Jaipur Rural,2014,26.9124,75.7873,63,22,4,160,340,20,37,379,1532,0,26,892,15,11,13,291,0,256,6625
Rajasthan,Jaipur South,2014,28.5333,77.2,21,13,2,112,268,3,116,497,3470,0,14,1072,7,2,8,178,0,210,5953
Rajasthan,Jaipur West,2014,28.65,77.1,36,35,1,184,380,4,85,756,2738,0,6,1445,5,6,13,201,0,336,7238
Rajasthan,Jaisalmer,2014,26.7738,73.9679,12,20,0,20,36,6,12,148,332,0,30,21,13,10,5,188,0,48,1478
Rajasthan,Jalore,2014,27.0488,74.2429,44,19,1,86,156,3,11,258,526,0,16,258,14,11,9,208,0,183,2971
Rajasthan,Jhalawar,2014,26.8238,74.0179,49,74,18,275,362,6,24,286,946,0,90,223,29,180,11,558,0,524,4666
Rajasthan,Jhunjhunu,2014,26.8438,74.0379,38,31,4,158,212,6,15,406,988,0,32,662,9,60,12,106,0,361,5277
Rajasthan,Jodhpur East,2014,28.6333,77.2833,20,57,5,50,90,0,47,130,912,0,6,310,6,8,2,177,0,218,2952
Rajasthan,Jodhpur West,2014,28.65,77.1,28,51,1,92,114,6,17,109,610,0,0,101,18,30,0,234,0,165,3281
Rajasthan,Jodhpur Rural,2014,26.2389,73.0243,21,29,5,86,126,1,73,298,1074,0,0,227,5,12,6,190,0,210,2693
Rajasthan,Karauli,2014,27.1438,74.3379,34,30,1,98,260,8,16,90,1404,0,4,233,18,0,14,208,0,214,4612
Rajasthan,Kota City,2014,25.2138,75.8648,19,93,20,200,374,6,27,166,1780,0,0,917,1,56,3,169,0,538,5248
Rajasthan,Kota Rural,2014,25.2138,75.8648,19,14,3,120,174,1,13,130,314,0,0,271,12,222,2,372,0,271,2557
Rajasthan,Nagaur,2014,27.1488,74.3429,69,85,1,204,266,7,14,278,944,0,0,166,22,18,8,186,0,516,5743
Rajasthan,Pali,2014,26.8388,74.0329,52,44,5,214,322,5,45,544,840,0,0,635,9,54,21,341,0,516,6373
Rajasthan,Praapgarh,2014,27.1088,74.3029,39,29,1,404,308,2,12,130,266,0,82,212,22,66,12,521,0,322,3124
Rajasthan,Rajsamand,2014,26.9338,74.1279,17,7,4,96,178,4,24,196,412,0,22,315,7,63,6,143,0,290,2790
Rajasthan,Sawai Madhopur,2014,26.8038,73.9979,23,38,0,140,228,12,15,90,1270,0,0,325,8,0,0,192,0,297,4212
Rajasthan,Sikar,2014,27.2388,74.4329,65,36,0,158,404,0,17,440,1752,0,32,1243,40,8,14,120,0,405,6994
Rajasthan,Sirohi,2014,27.2038,74.3979,41,44,0,102,132,5,11,100,252,0,16,279,6,134,4,153,0,276,2342
Rajasthan,Tonk,2014,26.9938,74.1879,30,21,2,104,154,0,7,114,742,0,138,376,4,192,5,258,0,316,4663
Rajasthan,Udaipur,2014,24.5854,73.7125,90,126,7,458,756,19,124,660,1730,0,214,1063,30,118,8,928,0,723,9868
Sikkim,East,2014,28.6333,77.2833,7,7,1,32,34,2,12,129,120,0,49,26,21,60,0,24,0,4,589
Sikkim,North,2014,28.7,77.1833,0,1,0,3,0,0,0,7,26,0,2,1,2,4,0,1,0,1,52
Sikkim,South,2014,28.5333,77.2,2,3,1,30,4,0,1,25,84,0,95,4,11,34,0,20,0,0,293
Sikkim,West,2014,28.65,77.1,3,3,0,28,2,0,0,4,20,0,20,2,6,16,0,6,0,0,127
Sikkim,Cid,2014,27.613,88.5922,0,0,0,0,0,0,0,0,2,0,0,4,0,0,0,0,0,0,7
Tamil Nadu,Ariyalur,2014,11.2521,78.7819,19,34,0,12,32,0,8,21,128,0,60,22,12,8,2,46,0,7,1615
Tamil Nadu,Chennai,2014,13.0827,80.2707,161,225,0,130,72,16,72,643,3040,0,236,553,17,90,10,118,0,302,16861
Tamil Nadu,Coimbatore,2014,11.0168,76.9558,43,34,1,14,70,10,104,323,722,0,64,113,9,14,0,42,0,47,4996
Tamil Nadu,Coimbatore City,2014,11.0168,76.9558,21,43,1,10,28,10,123,300,706,0,50,177,14,34,0,16,0,63,4281
Tamil Nadu,Cuddalore,2014,10.9221,78.4519,50,122,0,28,166,1,16,336,952,0,515,45,35,40,5,6,0,39,9442
Tamil Nadu,Dharmapuri,2014,11.3221,78.8519,43,50,4,22,278,10,31,191,564,0,232,51,25,70,2,52,0,32,4354
Tamil Nadu,Dindigul,2014,11.0971,78.6269,61,60,0,30,226,10,67,181,420,0,166,226,12,14,4,58,0,119,6250
Tamil Nadu,Erode,2014,11.3071,78.8369,53,20,2,0,60,0,44,226,596,0,54,89,10,52,0,38,0,26,4370
Tamil Nadu,Kanchipuram,2014,10.9271,78.4569,66,83,0,32,28,8,24,438,932,0,238,128,10,58,2,16,0,19,8066
Tamil Nadu,Kanyakumari,2014,11.0221,78.5519,41,108,1,14,34,8,75,371,532,0,0,144,40,15,2,5,0,56,4041
Tamil Nadu,Karur,2014,11.1021,78.6319,20,20,0,2,30,0,16,105,270,0,86,35,4,6,1,40,0,9,2241
Tamil Nadu,Krishnagiri,2014,16.1809,81.1303,59,55,4,26,146,21,53,174,602,0,282,74,13,56,4,68,0,29,5095
Tamil Nadu,Madurai,2014,9.9252,78.1198,67,180,4,74,400,35,163,590,1016,0,420,662,31,501,5,143,0,326,8212
Tamil Nadu,Madurai City,2014,9.9252,78.1198,33,51,1,12,54,8,118,237,1152,0,46,247,7,8,1,22,0,69,3226
Tamil Nadu,Nagapattinam,2014,10.9171,78.4469,36,60,0,32,80,0,48,87,332,0,146,11,19,14,0,28,0,22,4386
Tamil Nadu,Namakkal,2014,11.3721,78.9019,35,37,1,0,54,1,31,118,260,0,88,40,10,39,0,96,0,11,4003
Tamil Nadu,Nilgiris,2014,10.8821,78.4119,7,14,0,12,10,0,3,61,88,0,22,11,7,32,0,24,0,5,1199
Tamil Nadu,Perambalur,2014,11.1921,78.7219,15,18,0,14,8,2,14,22,124,0,44,12,1,18,1,26,0,13,1770
Tamil Nadu,Pudukottai,2014,11.3371,78.8669,34,38,0,6,108,0,18,74,226,0,76,28,21,62,2,58,0,44,3720
Tamil Nadu,Ramnathapuram,2014,11.2321,78.7619,45,84,0,16,74,11,25,236,282,0,132,78,27,30,3,21,0,24,3819
Tamil Nadu,Railway Chennai,2014,13.0827,80.2707,3,5,1,2,0,1,20,8,686,0,22,3,0,4,0,8,0,0,754
Tamil Nadu,Railway Trichy,2014,11.2321,78.7619,0,0,0,0,0,0,15,10,222,0,10,0,0,0,0,0,0,0,257
Tamil Nadu,Salem,2014,11.6643,78.146,58,56,4,12,96,3,24,78,284,0,182,67,30,30,7,92,0,22,4696
Tamil Nadu,Salem City,2014,11.6643,78.146,36,30,1,10,46,4,59,76,522,0,88,41,2,1146,1,24,0,33,4504
Tamil Nadu,Sivagangai,2014,11.3421,78.8719,29,60,1,30,92,12,86,153,364,0,205,129,13,82,3,26,0,51,3738
Tamil Nadu,Thanjavur,2014,11.0871,78.6169,70,110,0,16,112,18,68,216,592,0,316,60,39,118,0,124,0,31,6225
Tamil Nadu,Theni,2014,10.9271,78.4569,47,53,1,16,90,4,38,103,414,0,150,133,10,26,6,60,0,58,4554
Tamil Nadu,Thirunelveli,2014,11.1021,78.6319,108,365,0,72,94,4,107,351,578,0,0,276,75,58,5,94,0,147,8490
Tamil Nadu,Thirunelveli City,2014,11.3321,78.8619,18,106,1,12,14,0,73,118,412,0,0,63,3,1,0,6,0,19,1623
Tamil Nadu,Thiruvallur,2014,10.9921,78.5219,37,46,2,16,18,15,25,239,338,0,288,74,9,34,4,4,0,15,4037
Tamil Nadu,Thiruvannamalai,2014,11.3571,78.8869,47,99,4,32,130,9,7,252,556,0,340,64,15,60,6,28,0,35,4411
Tamil Nadu,Thiruvarur,2014,11.3171,78.8469,26,38,0,4,54,12,36,193,352,0,68,34,26,18,1,4,0,7,4041
Tamil Nadu,Thoothugudi,2014,10.9971,78.5269,89,143,1,32,30,10,65,208,704,0,0,100,35,72,0,85,0,73,5344
Tamil Nadu,Tiruppur,2014,11.2171,78.7469,36,24,0,12,120,6,61,270,440,0,66,80,7,16,3,30,0,33,4049
Tamil Nadu,Tiruppur City,2014,11.2921,78.8219,20,38,1,10,48,0,55,180,676,0,44,106,3,12,0,14,0,22,2490
Tamil Nadu,Trichy,2014,11.3671,78.8969,39,32,0,16,60,2,34,96,280,0,132,57,0,6,2,102,0,48,4688
Tamil Nadu,Trichy City,2014,11.2521,78.7819,24,9,0,6,14,0,24,41,614,0,20,102,0,26,0,15,0,27,3074
Tamil Nadu,Vellore,2014,11.2471,78.7769,92,144,7,24,194,14,31,317,1500,0,22,85,20,0,3,44,0,110,10492
Tamil Nadu,Villupuram,2014,11.2421,78.7719,68,152,6,76,276,7,30,394,932,0,719,147,51,150,7,352,0,81,9643
Tamil Nadu,Virudhunagar,2014,11.1371,78.6669,49,76,1,26,46,4,58,281,528,0,150,167,13,12,3,50,0,29,4285
Tamil Nadu,Cyber Cell,2014,11.2271,78.7569,0,0,0,0,0,0,0,0,0,0,0,2,0,0,0,0,0,0,3
Tamil Nadu,Other Units,2014,10.9971,78.5269,0,0,0,0,0,0,0,0,0,0,0,0,0,0,0,0,0,0,0
Telangana,Adilabad,2014,18.1974,79.1043,101,79,17,84,92,2,7,526,1010,0,79,223,37,122,16,381,0,384,6036
Telangana,Cyberabad,2014,17.9924,78.8993,144,124,13,278,330,31,62,1999,8364,0,105,2347,57,363,48,529,0,1329,19311
Telangana,Hyderabad City,2014,17.385,78.4867,118,163,6,252,748,18,58,1367,8532,0,125,2557,20,238,22,606,0,1289,18940
Telangana,Karimnagar,2014,17.9024,78.8093,109,136,14,132,212,10,36,645,1470,0,174,813,38,374,34,736,0,737,9382
Telangana,Khammam,2014,18.1124,79.0193,76,85,7,204,146,2,15,766,1492,0,188,845,16,100,18,558,0,530,11022
Telangana,Mahaboob Nagar,2014,18.0524,78.9593,240,87,27,338,126,12,23,369,2224,0,210,252,65,116,30,398,0,209,7533
Telangana,Medak,2014,18.3274,79.2343,130,84,7,120,118,10,20,686,1574,0,78,312,45,98,34,334,0,346,6931
Telangana,Nalgonda,2014,18.2574,79.1643,114,148,9,252,190,12,30,383,1444,0,258,342,67,304,23,677,0,262,9254
Telangana,Nizamabad,2014,17.8974,78.8043,122,60,12,72,114,10,21,773,1424,0,94,306,65,128,25,291,0,658,7053
Telangana,Ranga Reddy,2014,18.1374,79.0443,77,43,5,102,70,2,12,197,366,0,6,81,36,56,10,136,0,192,2309
Telangana,Secunderabad Railway,2014,18.2974,79.2043,4,2,0,4,2,0,3,1,1520,0,0,4,0,0,0,5,0,0,1540
Telangana,Warangal,2014,18.2374,79.1443,47,29,7,82,90,8,15,307,604,0,166,178,22,126,17,302,0,218,4407
Telangana,Warangal Urban,2014,18.3574,79.2643,26,22,0,38,66,2,6,235,660,0,70,259,14,88,12,156,0,215,3792
Tripura,Dhalai,2014,24.0858,92.1332,20,6,0,68,26,0,2,24,22,0,8,6,4,91,1,58,0,41,363
Tripura,Gomati,2014,23.6908,91.7382,15,6,0,64,46,0,4,46,106,0,22,23,12,347,9,98,0,135,825
Tripura,G. R. P.,2014,23.9808,92.0282,0,0,0,0,0,0,0,0,4,0,0,0,0,8,0,3,0,0,12
Tripura,Kowai,2014,24.0458,92.0932,10,2,0,30,10,0,0,18,60,0,8,6,1,166,8,42,0,25,338
Tripura,North,2014,28.7,77.1833,10,9,2,52,30,3,6,18,66,0,12,14,5,270,6,63,0,79,510
Tripura,Sipahijala,2014,23.7558,91.8032,19,12,1,38,30,0,3,56,90,0,32,18,12,296,1,152,0,86,725
Tripura,South,2014,28.5333,77.2,17,20,0,40,22,0,5,44,44,0,26,14,4,354,4,67,0,94,678
Tripura,Unakoti,2014,24.1608,92.2082,8,9,0,48,22,0,4,9,44,0,38,9,3,254,1,32,0,50,448
Tripura,West,2014,28.65,77.1,41,15,0,138,66,2,19,174,302,0,38,55,18,674,3,194,0,192,1650
Uttar Pradesh,Agra,2014,27.1767,78.0081,178,99,152,152,926,27,218,404,7024,0,826,382,10,633,87,281,0,389,10879
Uttar Pradesh,Aligarh,2014,27.8974,78.088,179,257,54,224,942,36,242,604,4594,0,899,354,25,568,69,480,0,455,8924
Uttar Pradesh,Allahabad,2014,25.4358,81.8463,132,121,40,202,660,18,125,762,4490,0,258,511,1,703,53,309,0,355,9909
Uttar Pradesh,Ambedkar Nagar,2014,26.8067,80.9062,24,24,14,40,118,2,13,44,172,0,74,43,0,252,11,16,0,41,1323
Uttar Pradesh,Amethi,2014,26.8617,80.9612,36,50,14,54,230,0,20,51,226,0,86,41,0,384,15,156,0,47,1522
Uttar Pradesh,Amroha,2014,26.8467,80.9462,60,63,9,70,240,10,44,100,798,0,88,140,0,236,23,81,0,224,2826
Uttar Pradesh,Auraiya,2014,27.0267,81.1262,34,25,14,40,198,6,14,52,330,0,40,78,1,14,34,73,0,151,1789
Uttar Pradesh,Azamgarh,2014,26.8117,80.9112,68,74,28,80,366,3,73,286,774,0,406,134,0,626,34,102,0,158,2890
Uttar Pradesh,Badaun,2014,26.9517,81.0512,120,162,33,142,328,6,53,70,662,0,18,68,2,646,56,148,0,62,2919
Uttar Pradesh,Baghpat,2014,26.9667,81.0662,83,84,17,70,242,9,45,68,664,0,112,61,0,18,14,100,0,90,1844
Uttar Pradesh,Bahraich,2014,26.9717,81.0712,53,35,45,136,404,0,14,114,516,0,146,93,3,338,51,90,0,0,2249
Uttar Pradesh,Ballia,2014,26.6167,80.7162,36,29,32,40,232,0,28,80,574,0,244,83,1,376,24,71,0,95,1723
Uttar Pradesh,Balrampur,2014,26.6017,80.7012,28,13,9,37,134,2,4,48,136,0,44,27,0,89,13,38,0,2,562
Uttar Pradesh,Banda,2014,26.8967,80.9962,42,59,21,142,302,0,25,172,480,0,180,65,1,80,39,313,0,96,1948
Uttar Pradesh,Barabanki,2014,26.9967,81.0962,57,42,11,70,130,5,17,58,226,0,6,148,0,612,25,65,0,36,2471
Uttar Pradesh,Bareilly,2014,28.367,79.4304,132,192,25,152,674,10,80,302,1772,0,306,462,4,360,74,252,0,139,6589
Uttar Pradesh,Basti,2014,27.0667,81.1662,31,8,16,30,106,4,11,48,170,0,40,19,10,172,15,27,0,40,752
Uttar Pradesh,Bijnor,2014,26.6417,80.7412,84,63,56,160,368,8,59,188,868,0,154,203,6,30,26,175,0,0,3475
Uttar Pradesh,Bulandshahar,2014,26.9167,81.0162,171,213,22,163,582,27,122,235,1682,0,316,17,7,33,55,353,0,0,4775
Uttar Pradesh,Chandoli,2014,26.8267,80.9262,20,14,13,51,156,1,27,104,312,0,78,152,4,413,20,92,0,113,1366
Uttar Pradesh,Chitrakoot,2014,26.7817,80.8812,33,8,8,46,92,6,6,124,162,0,24,40,3,32,23,56,0,12,988
Uttar Pradesh,Deoria,2014,26.9517,81.0512,42,24,36,70,274,0,13,64,364,0,162,35,5,417,31,129,0,6,1645
Uttar Pradesh,Etah,2014,26.7317,80.8312,65,137,10,108,344,12,63,132,798,0,220,26,1,642,42,172,0,120,2783
Uttar Pradesh,Etawah,2014,26.7267,80.8262,55,94,5,44,272,15,113,130,1012,0,52,119,9,198,31,80,0,104,2721
Uttar Pradesh,Faizabad,2014,26.9717,81.0712,32,31,10,74,240,1,25,79,590,0,56,138,0,415,13,131,0,8,2426
Uttar Pradesh,Fatehgarh,2014,26.8217,80.9212,58,70,18,38,296,8,21,94,460,0,68,43,0,12,39,38,0,121,2151
Uttar Pradesh,Fatehpur,2014,26.9917,81.0912,55,36,34,88,262,7,21,147,434,0,84,93,5,544,43,101,0,93,2559
Uttar Pradesh,Firozabad,2014,26.9417,81.0412,140,162,44,122,568,16,92,224,1374,0,402,175,19,694,55,234,0,146,4222
Uttar Pradesh,G. R. P.,2014,26.8867,80.9862,30,15,7,10,78,35,27,1,8122,0,40,26,0,24,1,64,0,0,8408
Uttar Pradesh,Gautambudh Nagar,2014,26.7517,80.8512,104,106,35,101,420,16,227,365,7360,0,382,382,0,33,35,161,0,198,9496
Uttar Pradesh,Ghaziabad,2014,28.6692,77.4538,166,124,40,222,964,23,114,420,6784,0,140,493,2,35,38,302,0,575,10088
Uttar Pradesh,Ghazipur,2014,27.0167,81.1162,64,70,18,47,256,15,32,81,520,0,226,93,1,545,31,100,0,67,1950
Uttar Pradesh,Gonda,2014,27.0567,81.1562,45,50,11,74,278,1,18,75,360,0,96,135,2,474,28,87,0,12,2021
Uttar Pradesh,Gorakhpur,2014,26.8417,80.9412,113,116,29,162,598,8,89,460,1608,0,386,266,0,726,58,132,0,223,4537
Uttar Pradesh,Hamirpur,2014,26.6617,80.7612,31,23,24,45,136,4,18,58,166,0,68,31,8,104,26,97,0,42,981
Uttar Pradesh,Hapur,2014,8.5241,76.9366,42,71,10,84,164,8,35,62,986,0,80,88,4,21,16,74,0,70,1841
Uttar Pradesh,Hardoi,2014,26.8567,80.9562,79,53,24,78,354,5,13,94,550,0,72,95,1,836,40,183,0,140,2981
Uttar Pradesh,Hathras,2014,26.7517,80.8512,72,44,62,120,292,18,56,81,678,0,224,89,5,201,24,121,0,103,2280
Uttar Pradesh,Jalaun,2014,26.7467,80.8462,36,32,7,15,128,2,12,80,234,0,22,42,0,22,30,68,0,41,856
Uttar Pradesh,Jaunpur,2014,26.5967,80.6962,55,61,29,100,266,14,58,96,594,0,214,70,0,830,47,94,0,49,2358
Uttar Pradesh,Jhansi,2014,26.7467,80.8462,68,44,45,56,224,11,22,85,632,0,137,17,5,39,33,116,0,119,1985
Uttar Pradesh,Kannauj,2014,26.7917,80.8912,39,31,23,44,200,3,8,28,294,0,20,74,5,4,31,177,0,89,2103
Uttar Pradesh,Kanpur Dehat,2014,27.0617,81.1612,46,28,37,40,314,2,24,44,242,0,80,68,12,279,35,190,0,144,2111
Uttar Pradesh,Kanpur Nagar,2014,26.4499,80.3319,137,89,84,156,884,8,139,500,3072,0,466,546,3,475,73,261,0,594,8641
Uttar Pradesh,Kasganj,2014,26.9317,81.0312,20,56,16,38,204,0,7,65,384,0,82,0,0,308,29,58,0,21,1232
Uttar Pradesh,Kaushambi,2014,26.9367,81.0362,40,11,26,18,184,0,13,112,308,0,46,74,5,246,27,120,0,86,1945
Uttar Pradesh,Khiri,2014,27.0867,81.1862,79,100,27,98,428,10,33,117,1222,0,136,118,4,562,51,214,0,135,3465
Uttar Pradesh,Kushi Nagar,2014,26.6667,80.7662,36,12,29,44,282,0,7,80,272,0,238,63,6,522,31,53,0,50,1757
Uttar Pradesh,Lalitpur,2014,27.0217,81.1212,27,7,9,44,68,0,15,24,118,0,52,42,0,19,12,38,0,19,962
Uttar Pradesh,Lucknow,2014,26.8467,80.9462,132,99,45,136,754,14,60,1167,6384,0,348,923,14,67,52,392,0,1083,15107
Uttar Pradesh,Maharajganj,2014,26.9817,81.0812,33,6,18,64,206,3,14,54,122,0,82,52,9,300,26,40,0,68,1162
Uttar Pradesh,Mahoba,2014,26.7517,80.8512,27,29,7,44,116,2,18,68,114,0,52,30,0,5,14,94,0,22,814
Uttar Pradesh,Mainpuri,2014,26.7667,80.8662,57,116,22,46,284,8,34,114,952,0,170,75,0,342,37,138,0,74,2469
Uttar Pradesh,Mathura,2014,26.7617,80.8612,86,147,19,146,382,20,89,197,2318,0,380,267,4,488,48,205,0,267,4779
Uttar Pradesh,Mau,2014,27.0717,81.1712,28,66,18,50,176,1,23,86,452,0,190,101,8,454,16,81,0,81,1635
Uttar Pradesh,Meerut,2014,28.9845,77.7064,226,308,24,185,876,38,341,323,7100,0,588,431,0,47,53,545,0,520,10463
Uttar Pradesh,Mirzapur,2014,26.6967,80.7962,25,4,9,38,24,0,5,19,90,0,2,0,4,178,26,10,0,28,780
Uttar Pradesh,Moradabad,2014,27.0267,81.1262,90,80,24,178,380,27,66,240,1576,0,156,221,0,97,36,189,0,403,4026
Uttar Pradesh,Muzaffarnagar,2014,26.9667,81.0662,137,157,29,74,484,10,95,72,1600,0,272,145,8,25,17,192,0,168,3952
Uttar Pradesh,Pilibhit,2014,26.6317,80.7312,54,38,15,138,256,8,29,104,400,0,26,123,0,4,25,190,0,179,2916
Uttar Pradesh,Pratapgarh,2014,26.9317,81.0312,72,136,31,130,496,12,53,295,862,0,400,185,11,611,21,165,0,184,4128
Uttar Pradesh,Raibareilly,2014,28.367,79.4304,50,44,22,96,226,6,15,158,390,0,120,67,1,288,27,135,0,38,2053
Uttar Pradesh,Rampur,2014,26.9317,81.0312,54,77,6,68,200,14,25,106,688,0,70,122,0,0,18,54,0,121,1950
Uttar Pradesh,Saharanpur,2014,26.9567,81.0562,92,91,22,144,546,17,110,212,1586,0,410,214,0,39,28,211,0,194,4184
Uttar Pradesh,Sambhal,2014,26.9667,81.0662,73,80,19,96,292,18,45,56,586,0,136,87,0,58,26,72,0,106,2087
Uttar Pradesh,Sant Kabirnagar,2014,27.0467,81.1462,28,3,13,46,78,2,10,23,118,0,44,30,0,291,11,25,0,0,727
Uttar Pradesh,Shahjahanpur,2014,27.0667,81.1662,88,136,35,166,420,8,62,118,562,0,84,118,4,563,61,181,0,127,3106
Uttar Pradesh,Shamli,2014,26.9217,81.0212,67,76,13,64,200,10,54,55,658,0,206,73,0,86,18,58,0,87,1674
Uttar Pradesh,Shrawasti,2014,26.7067,80.8062,15,10,9,10,80,0,5,49,98,0,32,65,0,330,9,54,0,0,801
Uttar Pradesh,Sidharthnagar,2014,26.8717,80.9712,17,13,8,40,116,4,16,96,124,0,50,15,0,2,20,27,0,46,773
Uttar Pradesh,Sitapur,2014,26.7667,80.8662,91,45,19,148,432,5,40,168,768,0,130,78,3,250,46,171,0,180,3923
Uttar Pradesh,Sonbhadra,2014,27.0867,81.1862,32,4,19,48,40,0,2,28,154,0,6,8,1,303,6,24,0,13,753
Uttar Pradesh,St.Ravidasnagar,2014,26.7517,80.8512,17,2,10,38,68,0,8,80,146,0,2,28,0,110,23,12,0,41,574
Uttar Pradesh,Sultanpur,2014,26.6517,80.7512,53,41,12,90,314,8,56,238,662,0,146,88,2,412,21,67,0,68,2421
Uttar Pradesh,Unnao,2014,27.0117,81.1112,77,31,48,131,536,5,44,164,668,0,92,135,0,69,31,418,0,218,3438
Uttar Pradesh,Varanasi,2014,25.3176,82.9739,52,52,20,90,332,1,46,126,1412,0,161,393,1,418,42,176,0,275,3900
Uttarakhand,Almora,2014,30.2868,79.2393,4,2,2,12,80,0,1,14,16,0,6,4,1,2,1,8,0,5,142
Uttarakhand,Bageshwar,2014,30.0068,78.9593,5,1,0,6,0,0,0,10,12,0,0,3,0,2,0,8,0,2,77
Uttarakhand,Chamoli,2014,30.1168,79.0693,3,2,0,8,14,0,1,14,16,0,6,3,0,4,1,18,0,3,126
Uttarakhand,Champawat,2014,30.0868,79.0393,2,0,1,16,0,0,0,2,12,0,8,5,0,4,0,10,0,7,96
Uttarakhand,Dehradun,2014,30.0068,78.9593,26,23,18,110,138,7,39,177,878,0,198,127,2,68,10,136,0,149,2178
Uttarakhand,Haridwar,2014,29.9968,78.9493,73,69,13,146,482,22,70,132,1124,0,320,174,0,86,0,198,0,0,2698
Uttarakhand,Nainital,2014,30.2268,79.1793,28,18,6,72,320,2,5,66,314,0,94,36,2,40,5,46,0,31,1095
Uttarakhand,Pauri Garhwal,2014,30.0418,78.9943,6,1,1,16,124,0,3,20,74,0,22,14,0,14,7,24,0,9,294
Uttarakhand,Pithoragarh,2014,29.9918,78.9443,4,2,2,16,22,0,2,16,20,0,28,2,0,4,3,18,0,7,117
Uttarakhand,Rudra Prayag,2014,30.2318,79.1843,4,1,1,8,14,0,1,28,20,0,10,3,0,6,1,18,0,2,97
Uttarakhand,Tehri Garhwal,2014,29.8518,78.8043,6,2,3,14,26,0,1,8,38,0,10,9,3,18,0,0,0,7,135
Uttarakhand,Udhamsingh Nagar,2014,29.8868,78.8393,55,50,4,98,132,8,31,101,936,0,218,6,0,112,10,134,0,71,2234
Uttarakhand,Uttarkashi,2014,29.9568,78.9093,2,0,1,18,30,0,1,9,14,0,16,4,0,2,0,14,0,8,96
West Bengal,North 24 Parganas,2014,22.723,88.4807,141,691,256,454,1456,40,42,6,2708,0,660,323,44,3802,66,638,0,2027,14867
West Bengal,South 24 Parganas,2014,22.1352,88.5414,248,280,31,682,1498,189,43,270,3046,0,4328,542,30,1587,53,409,0,3546,21049
West Bengal,Alipurduar,2014,23.0018,87.87,49,40,6,236,352,10,2,10,1308,0,20,85,4,38,2,114,0,328,3355
West Bengal,Asansol-Durgapur Pc,2014,22.9468,87.815,52,165,13,116,268,40,12,20,1284,0,370,153,10,2,28,238,0,496,4738
West Bengal,Bankura,2014,23.1418,88.01,75,106,6,157,142,18,32,22,482,0,324,74,22,100,18,189,0,316,3049
West Bengal,Barrackpur Pc,2014,23.1918,88.06,86,199,25,154,708,176,13,0,2440,0,147,506,1,1877,21,317,0,1205,8087
West Bengal,Bidhannagar Pc,2014,23.0668,87.935,18,12,5,48,204,56,8,13,1136,0,135,228,2,222,6,119,0,364,3014
West Bengal,Birbhum,2014,22.9968,87.865,110,198,28,164,250,79,43,17,770,0,470,137,14,1329,8,157,0,412,3749
West Bengal,Burdwan,2014,23.2324,87.8615,133,461,28,242,482,74,28,5,1464,0,539,392,40,444,12,455,0,712,7694
West Bengal,Coochbehar,2014,23.0968,87.965,80,134,13,282,832,1,8,12,774,0,118,110,57,1604,21,246,0,697,5142
West Bengal,Dakshin Dinajpur,2014,23.1118,87.98,44,158,29,128,412,14,4,2,400,0,20,51,8,790,13,96,0,356,2372
West Bengal,Darjeeling,2014,22.8568,87.725,29,39,7,120,130,2,9,3,736,0,14,47,17,804,0,179,0,216,2418
West Bengal,Hooghly,2014,22.7518,87.62,125,38,22,220,710,147,20,24,2152,0,752,592,66,144,34,316,0,1345,8858
West Bengal,Howrah G. R. P.,2014,22.5958,88.2636,82,246,35,154,362,43,9,31,568,0,254,143,26,1664,5,262,0,796,5259
West Bengal,Howrah Pc,2014,22.5958,88.2636,43,28,8,86,404,65,29,18,2252,0,64,375,15,659,4,419,0,557,6273
West Bengal,Howrah Rural,2014,22.5958,88.2636,11,6,1,6,10,42,2,0,576,0,2,10,0,0,1,24,0,0,665
West Bengal,Jalpaiguri,2014,23.0118,87.88,57,60,15,258,436,4,9,12,1528,0,22,30,5,84,16,327,0,518,3832
West Bengal,Jhargram Police District,2014,23.2018,88.07,28,11,1,58,50,5,4,18,226,0,53,15,4,78,3,120,0,96,803
West Bengal,Kharagpur G. R. P.,2014,22.7968,87.665,7,0,0,0,6,0,2,0,310,0,4,3,0,2,0,11,0,0,334
West Bengal,Kolkata,2014,22.5726,88.3639,83,102,27,308,846,27,33,113,9246,0,632,2027,0,1834,12,854,0,1156,26668
West Bengal,Malda,2014,23.2168,88.085,102,664,48,504,680,59,26,14,858,0,92,114,41,2625,31,605,0,796,6432
West Bengal,Murshidabad,2014,23.1218,87.99,158,2249,22,948,1192,82,19,6,1894,0,168,182,31,7625,36,887,0,2448,14762
West Bengal,Nadia,2014,22.7418,87.61,166,654,194,408,926,69,41,1,2034,0,266,380,13,2210,50,384,0,1851,11790
West Bengal,Paschim Medinipur,2014,22.8768,87.745,104,264,23,182,416,28,47,9,1490,0,486,111,14,177,21,1109,0,872,5791
West Bengal,Purab Medinipur,2014,23.1718,88.04,100,81,11,224,634,44,25,14,1088,0,868,119,30,22,27,222,0,983,6778
West Bengal,Purulia,2014,23.0368,87.905,72,61,13,144,108,26,17,8,380,0,142,30,9,475,4,284,0,188,1800
West Bengal,Sealdah G. R. P.,2014,23.0518,87.92,23,11,0,14,40,43,0,0,692,0,10,10,0,117,1,92,0,1,960
West Bengal,Siliguri G. R. P.,2014,26.7271,88.3953,8,2,0,2,8,2,1,0,296,0,0,0,0,0,0,13,0,0,319
West Bengal,Siliguri Pc,2014,26.7271,88.3953,46,49,7,144,308,0,15,6,2250,0,12,289,4,529,2,215,0,503,4623
West Bengal,Uttar Dinajpur,2014,22.8868,87.755,90,346,10,374,700,33,63,7,1442,0,58,161,47,5584,9,289,0,779,8905
Andaman & Nicobar Islands,South Andaman,2014,28.5333,77.2,5,10,3,38,28,0,2,84,70,0,20,66,3,40,3,40,0,10,556
Andaman & Nicobar Islands,North & Middle Andaman,2014,28.7,77.1833,2,1,3,22,16,0,0,13,20,0,0,5,1,18,0,18,0,4,159
Andaman & Nicobar Islands,Nicobar,2014,20.5937,78.9629,1,0,0,4,0,0,0,5,0,0,0,0,1,0,0,0,0,0,31
Chandigarh,Chandigarh,2014,30.7333,76.7794,24,33,10,118,374,14,65,219,2520,0,66,247,13,38,2,128,0,141,3731
Dadra & Nagar Haveli,D&N Haveli,2014,20.5937,78.9629,4,1,2,10,28,0,2,15,76,0,12,22,5,26,0,4,0,6,277
Daman & Diu,Daman,2014,20.1933,72.6047,6,4,2,4,20,0,5,22,58,0,8,36,0,26,0,2,0,1,198
Daman & Diu,Diu,2014,20.6133,73.0247,1,2,1,0,0,0,0,0,4,0,0,2,0,4,0,1,0,0,35
Delhi,Central,2014,28.65,77.2167,30,44,73,182,610,8,288,921,8248,0,12,287,0,74,7,335,0,99,10704
Delhi,Crime Branch,2014,20.5937,78.9629,0,3,0,2,2,0,0,0,0,0,0,35,0,0,0,1,0,0,52
Delhi,East,2014,28.6333,77.2833,61,93,190,460,1356,4,789,1599,18874,0,48,528,19,70,15,589,0,477,23901
Delhi,Eow,2014,20.5937,78.9629,0,0,0,0,0,0,0,0,0,0,0,45,0,0,0,2,0,0,85
Delhi,Igi Airport,2014,20.5937,78.9629,1,0,0,0,6,0,3,2,314,0,0,14,0,2,0,19,0,0,453
Delhi,Metro,2014,20.5937,78.9629,0,3,0,2,20,0,4,4,4396,0,2,17,1,4,0,47,0,0,4453
Delhi,New Delhi,2014,28.6139,77.209,6,8,12,40,88,0,63,101,2504,0,44,109,8,7,2,71,0,15,2978
Delhi,North,2014,28.7,77.1833,31,28,48,120,558,19,353,1135,8618,0,28,317,11,56,6,289,0,117,11274
Delhi,North-East,2014,28.7,77.1833,84,110,197,474,2094,28,1286,1954,16370,0,50,353,19,135,27,716,0,349,22957
Delhi,North-West,2014,28.7,77.1833,48,81,58,330,1326,29,734,1645,14682,0,16,389,10,185,14,612,0,246,19475
Delhi,Outer,2014,20.5937,78.9629,87,89,125,518,2396,22,1009,3399,20062,0,26,431,31,149,22,611,0,521,28219
Delhi,Railway,2014,20.5937,78.9629,10,4,0,2,76,2,62,0,2910,0,6,6,0,12,0,19,0,0,3090
Delhi,South,2014,28.5333,77.2,40,58,88,560,1254,4,496,2006,17340,0,48,563,32,162,6,1001,0,143,22563
Delhi,South-East,2014,28.5333,77.2,67,83,75,532,1366,22,394,1344,15114,0,40,430,20,215,24,743,0,312,19627
Delhi,South-West,2014,28.5333,77.2,66,88,73,468,1438,20,403,1401,9264,0,10,519,21,129,17,742,0,318,13827
Delhi,Spl Cell,2014,20.5937,78.9629,0,1,0,0,0,0,0,0,2,0,0,3,0,0,0,0,0,0,14
Delhi,Spuwac,2014,20.5937,78.9629,0,0,0,0,0,0,0,0,0,0,0,0,0,0,0,0,0,160,161
Delhi,Vigilance,2014,20.5937,78.9629,0,0,0,0,0,0,0,0,0,0,0,0,0,0,0,0,0,0,0
Delhi,West,2014,28.65,77.1,55,77,107,502,1696,11,580,1681,18808,0,6,555,18,149,13,707,0,416,24138
Lakshadweep,Lakshadweep,2014,10.6667,72.7417,0,0,0,2,0,0,0,15,30,0,18,0,5,2,0,2,0,0,81
Puducherry,Karaikal,2014,11.8266,79.6933,6,1,0,6,2,3,1,32,66,0,10,4,0,16,0,20,0,1,671
Puducherry,Puducherry,2014,11.7716,79.6383,19,14,3,13,24,8,5,71,782,0,70,55,1,194,1,24,0,3,2913
