STATE_UT,DISTRICT,YEAR,MURDER,ATTEMPT_TO_MURDER,CULPABLE_HOMICIDE,RAPE,KIDNAPPING_ABDUCTION,DACOITY,ROBBERY,BURGLARY,THEFT,AUTO_THEFT,RIOTS,CHEATING,ARSON,HURT,DOWRY_DEATHS,ASSAULT_ON_WOMEN,INSULT_TO_MODESTY_OF_WOMEN,CRUELTY_BY_HUSBAND,TOTAL_IPC_CRIMES
Andhra Pradesh,Adilabad,2015,91,125,21,160,372,12,95,358,1582,654,258,327,31,849,48,294,71,371,6707
Andhra Pradesh,Adilabad,2016,109,100,17,144,235,29,161,501,1812,848,146,398,45,1279,21,332,85,392,7681
Andhra Pradesh,Adilabad,2017,121,97,22,114,199,10,72,302,1521,864,132,405,46,1080,37,270,87,474,6807
Andhra Pradesh,Adilabad,2018,88,74,9,161,499,33,196,337,1778,1035,252,492,31,1014,49,437,143,458,8189
Andhra Pradesh,Adilabad,2019,104,142,24,169,254,24,185,448,1227,532,270,391,89,1130,32,268,92,662,7795
Andhra Pradesh,Adilabad,2020,73,87,17,85,311,24,108,386,1435,604,102,539,44,978,18,380,78,416,6530
Andhra Pradesh,Adilabad,2021,116,96,15,118,260,10,122,424,1510,829,219,702,45,1352,30,254,65,405,7660
Andhra Pradesh,Adilabad,2022,144,135,23,180,313,8,82,670,1841,886,224,610,70,1608,54,363,125,643,9100
Andhra Pradesh,Anantapur,2015,127,136,17,216,283,31,215,342,1905,818,231,512,93,1586,47,469,84,600,8902
Andhra Pradesh,Anantapur,2016,127,119,16,268,293,16,120,415,2125,1118,259,604,61,1074,50,439,128,745,9278
Andhra Pradesh,Anantapur,2017,129,149,30,196,609,41,195,580,1511,578,101,567,85,1987,53,632,145,423,9370
Andhra Pradesh,Anantapur,2018,129,144,31,182,343,33,154,592,1479,896,327,576,99,1336,28,367,120,553,8720
Andhra Pradesh,Anantapur,2019,123,110,20,307,599,36,230,454,2302,960,236,447,101,1218,82,518,144,679,9941
Andhra Pradesh,Anantapur,2020,148,201,28,258,477,9,174,332,1760,812,265,549,85,927,41,224,39,666,8114
Andhra Pradesh,Anantapur,2021,199,181,40,291,557,19,277,721,2256,982,206,937,72,1593,97,442,142,399,10827
Andhra Pradesh,Anantapur,2022,183,147,37,198,527,33,122,836,1741,680,223,712,37,1882,33,495,161,601,10087
Andhra Pradesh,Chittoor,2015,116,104,12,176,372,25,139,377,1580,903,189,402,20,1117,46,175,35,436,7087
Andhra Pradesh,Chittoor,2016,99,96,18,184,392,18,139,251,953,493,197,288,24,963,38,201,36,347,5668
Andhra Pradesh,Chittoor,2017,83,106,9,121,344,6,99,289,1093,673,89,396,67,878,39,260,79,419,6075
Andhra Pradesh,Chittoor,2018,122,148,18,155,245,12,168,521,1001,625,184,283,23,960,50,381,76,365,6218
Andhra Pradesh,Chittoor,2019,93,80,15,188,428,29,67,321,1100,581,146,462,56,1197,54,252,82,548,6689
Andhra Pradesh,Chittoor,2020,101,91,10,114,301,9,140,426,1237,612,74,520,23,872,34,284,56,431,6106
Andhra Pradesh,Chittoor,2021,90,95,18,88,310,16,145,325,1252,801,65,561,40,837,18,216,68,279,6061
Andhra Pradesh,Chittoor,2022,112,108,24,175,430,10,156,272,1143,542,127,540,53,1280,40,331,101,337,6767
Andhra Pradesh,Cuddapah,2015,78,79,17,125,276,10,188,535,1026,524,93,309,31,1215,31,265,70,281,6390
Andhra Pradesh,Cuddapah,2016,77,99,12,174,257,15,127,314,1313,763,72,313,18,1002,29,301,54,393,6223
Andhra Pradesh,Cuddapah,2017,117,150,28,146,396,26,101,538,1660,659,196,390,51,1155,30,383,112,297,7342
Andhra Pradesh,Cuddapah,2018,135,112,14,128,394,27,199,587,1233,503,87,400,47,1103,40,380,118,580,7134
Andhra Pradesh,Cuddapah,2019,119,124,21,168,394,30,163,366,1553,755,95,351,49,1489,48,224,74,530,7596
Andhra Pradesh,Cuddapah,2020,64,63,9,132,187,18,119,386,1150,594,71,546,58,1101,40,213,44,228,5828
Andhra Pradesh,Cuddapah,2021,133,181,25,201,414,9,73,544,1792,1012,185,559,69,964,32,403,65,492,8126
Andhra Pradesh,Cuddapah,2022,88,93,12,210,413,15,88,386,1403,745,260,565,29,1237,49,404,114,456,7583
Andhra Pradesh,East Godavari,2015,114,144,14,201,426,25,100,514,1524,659,185,473,39,1541,67,555,103,421,8331
Andhra Pradesh,East Godavari,2016,141,171,26,196,552,38,205,415,1970,710,303,511,89,1281,57,315,105,386,8654
Andhra Pradesh,East Godavari,2017,112,134,20,236,435,31,219,328,1243,542,106,464,71,1048,58,302,46,404,7592
Andhra Pradesh,East Godavari,2018,155,214,17,204,399,28,106,722,1528,799,182,505,89,1494,44,560,103,723,9105
Andhra Pradesh,East Godavari,2019,130,180,29,226,562,12,139,576,2459,1133,358,558,85,1787,39,601,161,415,10802
Andhra Pradesh,East Godavari,2020,131,148,31,211,340,17,165,582,1244,629,88,482,23,1032,57,423,126,578,7290
Andhra Pradesh,East Godavari,2021,161,159,25,202,547,22,87,457,1755,973,114,645,35,1343,46,335,84,609,8775
Andhra Pradesh,East Godavari,2022,171,178,40,153,291,12,173,498,1557,548,297,656,76,1918,30,474,154,548,9102
Andhra Pradesh,Guntakal Rly.,2015,6,6,1,14,35,2,15,36,135,82,16,27,2,102,2,20,6,36,627
Andhra Pradesh,Guntakal Rly.,2016,11,13,1,11,19,1,11,41,99,48,12,40,3,119,3,39,8,31,598
Andhra Pradesh,Guntakal Rly.,2017,8,9,1,14,21,0,12,34,84,38,18,35,3,120,4,17,3,39,559
Andhra Pradesh,Guntakal Rly.,2018,7,8,1,14,38,1,12,37,143,88,14,33,5,115,3,20,3,32,658
Andhra Pradesh,Guntakal Rly.,2019,8,8,0,9,30,2,7,42,112,39,21,28,4,67,1,24,5,36,553
Andhra Pradesh,Guntakal Rly.,2020,9,9,2,12,29,1,12,22,87,48,16,43,1,91,2,23,7,40,530
Andhra Pradesh,Guntakal Rly.,2021,7,8,0,20,34,2,15,47,145,91,6,43,5,76,6,27,8,26,653
Andhra Pradesh,Guntakal Rly.,2022,11,13,1,11,38,2,12,24,145,83,17,63,5,120,2,24,8,53,721
Andhra Pradesh,Guntur,2015,120,145,22,150,290,30,84,293,1629,577,142,405,60,960,41,370,116,419,6841
Andhra Pradesh,Guntur,2016,127,171,20,228,322,27,193,333,1940,727,260,398,39,1172,46,420,92,627,8303
Andhra Pradesh,Guntur,2017,144,142,25,195,321,30,164,494,1724,721,143,504,67,1216,68,494,144,336,8027
Andhra Pradesh,Guntur,2018,120,136,17,184,496,10,89,504,1154,529,132,504,35,1309,59,432,98,375,7589
Andhra Pradesh,Guntur,2019,167,202,23,168,551,36,226,469,2065,1227,313,553,30,1064,34,526,114,360,9402
Andhra Pradesh,Guntur,2020,85,89,17,156,322,19,182,539,1351,520,192,482,19,808,37,401,100,493,6748
Andhra Pradesh,Guntur,2021,142,157,29,163,302,31,190,590,1763,1036,202,711,68,1186,25,479,156,416,8758
Andhra Pradesh,Guntur,2022,102,138,11,183,241,34,186,610,1749,972,289,584,42,1022,44,255,70,546,8244
Andhra Pradesh,Hyderabad City,2015,350,293,37,412,877,66,288,1499,3787,1880,523,1206,166,3609,76,592,91,1208,19550
Andhra Pradesh,Hyderabad City,2016,248,288,32,477,1232,79,276,766,3232,1649,359,1044,135,3758,105,823,176,1204,18552
Andhra Pradesh,Hyderabad City,2017,286,317,62,433,1115,39,325,961,2510,1423,517,1187,57,3438,131,1100,196,886,17487
Andhra Pradesh,Hyderabad City,2018,356,306,37,652,1117,47,368,917,3566,2276,242,1339,189,2984,196,986,273,1303,20005
Andhra Pradesh,Hyderabad City,2019,398,501,63,478,764,28,288,1535,3335,1435,206,1327,99,2579,139,625,194,1410,18566
Andhra Pradesh,Hyderabad City,2020,274,254,31,414,927,33,217,897,3473,2228,418,1182,99,2850,84,620,116,1229,17413
Andhra Pradesh,Hyderabad City,2021,263,333,63,386,791,38,494,1145,4778,2233,594,1947,134,2529,125,1253,289,1539,21680
Andhra Pradesh,Hyderabad City,2022,436,581,73,432,791,40,311,966,3021,1344,271,1994,133,4392,123,800,230,1408,20364
Andhra Pradesh,Karimnagar,2015,185,178,23,227,417,18,250,534,2106,966,281,506,60,1430,60,512,165,709,10080
Andhra Pradesh,Karimnagar,2016,166,216,39,167,455,14,192,652,2241,1135,229,470,32,1386,31,490,96,504,9796
Andhra Pradesh,Karimnagar,2017,132,172,15,220,524,41,201,372,2185,1322,310,588,83,1717,52,284,54,558,10149
Andhra Pradesh,Karimnagar,2018,217,221,35,298,412,24,133,637,1673,893,232,520,53,1772,63,683,234,590,10175
Andhra Pradesh,Karimnagar,2019,151,136,32,352,416,23,236,498,1853,921,242,570,77,1548,81,642,171,648,10473
Andhra Pradesh,Karimnagar,2020,173,238,40,240,377,24,100,699,1380,513,229,605,77,1201,71,414,73,525,8176
Andhra Pradesh,Karimnagar,2021,116,102,18,260,449,25,226,505,1830,897,369,840,35,1388,66,669,186,646,10082
Andhra Pradesh,Karimnagar,2022,148,196,36,216,537,36,236,522,1744,803,236,772,31,2044,47,478,99,841,10469
Andhra Pradesh,Khammam,2015,228,214,48,263,442,39,133,971,1869,1106,257,570,110,1418,82,432,88,462,11087
Andhra Pradesh,Khammam,2016,214,273,35,327,427,28,187,601,2258,1117,327,688,66,1693,85,375,61,437,10757
Andhra Pradesh,Khammam,2017,162,140,34,339,568,18,335,618,1985,1133,201,851,131,1957,102,432,123,670,11935
Andhra Pradesh,Khammam,2018,216,294,39,346,511,27,272,829,1709,706,342,678,48,1757,116,394,59,486,11287
Andhra Pradesh,Khammam,2019,265,365,48,221,426,55,314,876,3370,1732,393,708,36,2587,53,396,123,571,14384
Andhra Pradesh,Khammam,2020,188,227,45,300,406,23,122,743,2425,1161,317,1002,81,1573,85,481,106,604,11282
Andhra Pradesh,Khammam,2021,176,150,42,220,451,25,351,811,3085,1743,412,870,47,2209,66,734,166,704,14060
Andhra Pradesh,Khammam,2022,255,256,52,213,785,27,165,899,2836,1492,216,1321,114,1577,73,515,85,944,13757
Andhra Pradesh,Krishna,2015,96,89,15,235,270,13,75,421,1172,570,172,389,45,1281,68,486,85,618,7313
Andhra Pradesh,Krishna,2016,99,98,13,235,223,13,152,373,1924,726,276,469,78,1245,37,459,104,501,8126
Andhra Pradesh,Krishna,2017,105,98,15,145,514,28,131,613,1980,878,260,523,80,1599,22,367,86,490,9126
Andhra Pradesh,Krishna,2018,153,204,24,199,352,30,224,646,1301,587,87,467,41,1210,35,322,108,363,8532
Andhra Pradesh,Krishna,2019,173,221,20,278,588,35,243,473,2154,1038,90,522,34,1771,82,433,139,734,10305
Andhra Pradesh,Krishna,2020,110,139,11,121,424,17,177,408,1660,1035,196,633,67,1085,25,376,125,508,8047
Andhra Pradesh,Krishna,2021,115,143,13,137,450,15,196,590,1460,941,129,675,71,956,33,403,133,659,8273
Andhra Pradesh,Krishna,2022,110,109,14,124,416,29,82,657,1784,992,168,790,77,1226,32,503,136,331,8730
Andhra Pradesh,Kurnool,2015,162,198,27,209,382,9,186,339,1425,701,176,500,81,1304,53,419,120,407,7921
Andhra Pradesh,Kurnool,2016,176,178,31,275,455,40,167,475,1834,881,238,602,91,1400,58,285,47,694,9215
Andhra Pradesh,Kurnool,2017,170,236,31,290,434,16,225,550,1547,929,337,483,84,1737,66,421,139,384,9434
Andhra Pradesh,Kurnool,2018,156,145,34,310,419,26,266,650,2106,1012,263,525,89,1189,102,490,166,587,9894
Andhra Pradesh,Kurnool,2019,160,221,19,202,682,16,129,808,2625,1472,175,541,92,2124,35,474,74,890,12249
Andhra Pradesh,Kurnool,2020,145,174,18,169,436,19,75,568,1418,532,74,650,60,1068,52,401,109,404,7440
Andhra Pradesh,Kurnool,2021,199,218,28,293,555,16,251,429,2188,1031,350,930,103,1919,68,512,94,642,11270
Andhra Pradesh,Kurnool,2022,176,153,19,294,380,12,105,702,2490,1158,281,957,36,1618,96,577,114,553,11094
Andhra Pradesh,Mahaboobnagar,2015,143,140,34,236,246,26,179,596,1653,1008,178,449,25,960,59,430,112,669,8333
Andhra Pradesh,Mahaboobnagar,2016,125,128,29,208,267,29,115,363,2206,935,109,542,49,1335,63,474,159,688,9017
Andhra Pradesh,Mahaboobnagar,2017,132,160,14,181,416,37,95,456,2429,879,286,479,101,1619,56,344,91,795,9958
Andhra Pradesh,Mahaboobnagar,2018,170,226,20,301,481,15,237,500,2441,1218,164,490,60,1654,104,389,77,490,10352
Andhra Pradesh,Mahaboobnagar,2019,136,144,14,281,550,37,129,595,1683,1070,291,666,108,1192,87,412,65,754,9791
Andhra Pradesh,Mahaboobnagar,2020,102,136,23,135,333,24,177,406,1516,531,248,640,45,1560,30,268,47,467,7878
Andhra Pradesh,Mahaboobnagar,2021,158,168,16,188,523,37,173,708,1331,551,262,855,44,1117,38,264,54,569,8524
Andhra Pradesh,Mahaboobnagar,2022,142,155,26,137,345,32,204,618,1520,610,114,722,103,1096,27,520,117,451,8794
Andhra Pradesh,Medak,2015,108,136,21,230,431,31,69,556,1854,786,88,396,32,891,77,455,78,374,7644
Andhra Pradesh,Medak,2016,111,124,22,125,235,17,211,320,2035,1199,203,360,47,1098,28,261,72,422,8015
Andhra Pradesh,Medak,2017,114,150,18,217,289,7,187,538,1584,996,157,451,74,1300,67,322,95,462,8131
Andhra Pradesh,Medak,2018,142,130,32,278,481,16,128,368,1844,867,95,505,47,1503,75,467,121,512,8858
Andhra Pradesh,Medak,2019,136,144,31,140,347,29,117,748,2239,1256,271,532,32,1602,31,353,66,468,9835
Andhra Pradesh,Medak,2020,81,92,11,159,377,32,136,335,1284,788,213,632,26,818,39,289,60,540,6922
Andhra Pradesh,Medak,2021,145,150,32,162,477,11,230,425,1973,1243,137,741,60,1164,49,372,124,587,9246
Andhra Pradesh,Medak,2022,148,174,17,242,533,17,176,528,1451,911,305,805,49,1724,48,378,108,374,9214
Andhra Pradesh,Nalgonda,2015,214,246,50,354,463,25,193,907,2251,1274,131,677,33,1662,105,718,180,808,11939
Andhra Pradesh,Nalgonda,2016,189,171,20,344,663,29,174,926,2023,817,255,549,54,1945,102,364,83,787,11051
Andhra Pradesh,Nalgonda,2017,155,208,18,355,519,35,324,557,1806,875,204,793,113,1612,59,749,137,637,11892
Andhra Pradesh,Nalgonda,2018,200,220,26,258,666,54,328,949,1817,929,472,835,61,1777,48,714,124,716,11991
Andhra Pradesh,Nalgonda,2019,212,238,52,401,754,52,304,971,2315,1010,425,603,71,1539,85,802,130,859,12563
Andhra Pradesh,Nalgonda,2020,185,215,42,159,525,24,164,515,2234,1427,328,878,67,1361,32,408,113,651,10780
Andhra Pradesh,Nalgonda,2021,201,170,29,316,545,17,151,741,2837,1692,249,1143,78,1766,99,540,116,534,12899
Andhra Pradesh,Nalgonda,2022,183,198,27,315,516,52,276,940,2495,1159,427,1078,116,2021,70,655,210,768,13219
Andhra Pradesh,Nellore,2015,155,184,33,136,332,13,139,452,1790,698,264,395,89,1455,40,283,47,556,8270
Andhra Pradesh,Nellore,2016,115,131,28,129,506,37,155,609,1648,675,240,407,37,1501,27,346,87,537,8405
Andhra Pradesh,Nellore,2017,139,163,16,164,573,26,177,342,2133,835,288,487,78,1394,26,589,185,521,9419
Andhra Pradesh,Nellore,2018,111,128,11,151,512,14,205,488,2502,999,367,541,88,1930,27,553,101,673,10790
Andhra Pradesh,Nellore,2019,168,176,22,278,576,22,257,807,2143,1184,220,696,98,1311,71,308,68,694,10584
Andhra Pradesh,Nellore,2020,119,131,27,125,294,30,114,589,1519,882,119,562,28,990,32,420,96,611,7730
Andhra Pradesh,Nellore,2021,133,135,27,194,526,12,98,605,1568,733,146,765,26,1365,55,286,51,336,8295
Andhra Pradesh,Nellore,2022,185,167,20,279,479,37,169,566,1655,1048,104,860,28,1312,89,480,80,627,9602
Andhra Pradesh,Nizamabad,2015,152,161,29,234,420,11,143,610,1438,769,146,522,73,1336,56,240,50,612,8176
Andhra Pradesh,Nizamabad,2016,114,151,27,244,589,39,130,535,2293,1307,331,459,29,1452,60,592,164,591,10385
Andhra Pradesh,Nizamabad,2017,111,144,15,271,496,19,154,534,1678,843,306,516,64,973,94,446,152,621,8610
Andhra Pradesh,Nizamabad,2018,172,157,31,264,302,31,162,357,2177,1019,307,619,36,1146,60,551,164,763,9657
Andhra Pradesh,Nizamabad,2019,172,212,24,245,267,35,156,345,1251,717,299,471,52,1438,56,473,80,678,8321
Andhra Pradesh,Nizamabad,2020,146,185,28,174,473,8,195,366,1749,797,163,635,38,874,32,414,91,456,7900
Andhra Pradesh,Nizamabad,2021,150,179,17,181,487,20,129,356,1259,687,81,778,46,1121,44,303,51,353,8067
Andhra Pradesh,Nizamabad,2022,153,194,25,295,442,21,165,838,2593,924,315,813,41,1658,71,616,145,584,11294
Andhra Pradesh,Prakasham,2015,131,118,15,138,223,24,86,282,1627,777,221,459,61,995,22,346,86,594,7234
Andhra Pradesh,Prakasham,2016,92,88,13,219,244,19,186,602,1957,1253,161,373,75,897,60,336,102,611,8338
Andhra Pradesh,Prakasham,2017,104,127,15,222,212,20,107,477,1306,697,114,418,43,1033,53,222,45,526,6755
Andhra Pradesh,Prakasham,2018,144,143,34,176,514,17,182,674,1961,874,126,432,31,1124,35,452,150,331,8534
Andhra Pradesh,Prakasham,2019,143,147,32,169,473,34,76,513,1606,854,136,519,36,1295,41,358,70,337,7971
Andhra Pradesh,Prakasham,2020,92,117,10,168,299,20,68,429,875,517,79,477,54,661,48,191,41,255,5408
Andhra Pradesh,Prakasham,2021,82,66,9,156,394,26,85,601,1387,829,252,675,51,1111,43,261,78,552,7679
Andhra Pradesh,Prakasham,2022,122,146,16,230,269,24,159,427,1856,1178,232,668,73,1591,35,418,140,654,9366
Andhra Pradesh,Ranga Reddy,2015,40,34,5,62,77,3,36,102,355,190,22,147,9,385,11,91,15,134,2145
Andhra Pradesh,Ranga Reddy,2016,49,66,6,74,100,7,41,126,473,258,75,118,9,436,13,159,43,196,2612
Andhra Pradesh,Ranga Reddy,2017,29,23,6,76,100,9,65,137,556,325,65,117,12,475,16,100,24,131,2595
Andhra Pradesh,Ranga Reddy,2018,39,44,4,67,124,7,61,158,424,254,42,165,25,403,14,155,44,144,2556
Andhra Pradesh,Ranga Reddy,2019,50,61,6,60,112,9,58,160,508,224,99,140,11,493,12,126,29,113,2661
Andhra Pradesh,Ranga Reddy,2020,25,31,4,47,88,8,40,139,520,265,26,136,15,275,15,119,37,157,2226
Andhra Pradesh,Ranga Reddy,2021,51,50,11,76,132,4,33,112,365,164,73,236,23,321,19,135,44,95,2377
Andhra Pradesh,Ranga Reddy,2022,41,44,9,78,91,10,43,138,486,205,54,228,10,289,18,77,21,170,2362
Andhra Pradesh,Secunderabad Rly.,2015,27,24,3,49,69,2,35,66,249,146,33,102,9,242,8,98,15,121,1659
Andhra Pradesh,Secunderabad Rly.,2016,22,27,3,40,78,6,25,96,378,163,27,99,17,181,12,81,22,66,1566
Andhra Pradesh,Secunderabad Rly.,2017,31,27,3,26,86,7,27,86,308,143,50,94,9,329,6,107,35,103,1726
Andhra Pradesh,Secunderabad Rly.,2018,31,36,6,41,55,3,20,86,437,193,44,86,7,291,9,88,30,127,1859
Andhra Pradesh,Secunderabad Rly.,2019,26,21,4,34,90,6,52,154,343,185,48,114,8,269,5,115,35,94,1879
Andhra Pradesh,Secunderabad Rly.,2020,19,19,2,32,80,3,21,63,271,145,54,119,10,187,6,88,18,72,1437
Andhra Pradesh,Secunderabad Rly.,2021,21,27,2,28,95,5,44,136,369,179,21,163,10,304,9,89,26,91,1853
Andhra Pradesh,Secunderabad Rly.,2022,36,38,6,59,72,5,50,129,444,193,45,187,15,252,19,105,28,125,2071
Andhra Pradesh,Srikakulam,2015,72,65,8,143,238,19,70,283,764,360,162,229,32,669,27,282,74,371,4579
Andhra Pradesh,Srikakulam,2016,62,78,12,156,218,24,55,399,1202,671,132,284,57,887,41,228,62,343,5654
Andhra Pradesh,Srikakulam,2017,66,53,14,170,354,17,134,423,1371,828,129,281,32,731,50,269,67,289,6053
Andhra Pradesh,Srikakulam,2018,88,83,9,182,292,6,90,486,1435,829,102,272,51,1082,32,312,73,278,6543
Andhra Pradesh,Srikakulam,2019,108,105,26,182,241,25,115,424,1334,472,138,313,36,1026,45,289,76,308,6080
Andhra Pradesh,Srikakulam,2020,78,86,19,94,181,14,87,358,906,513,77,370,27,501,25,256,74,174,4459
Andhra Pradesh,Srikakulam,2021,67,79,16,128,153,10,135,362,815,319,66,479,28,621,31,336,100,315,4954
Andhra Pradesh,Srikakulam,2022,80,103,15,144,271,19,52,356,766,368,193,505,44,1029,24,306,81,267,5378
Andhra Pradesh,Vijayawada,2015,91,87,14,156,371,25,107,511,1213,438,97,442,52,1149,33,447,123,392,6788
Andhra Pradesh,Vijayawada,2016,135,131,31,144,271,22,116,496,1121,696,110,375,57,1370,48,276,55,459,6888
Andhra Pradesh,Vijayawada,2017,116,161,24,227,276,7,87,468,1033,665,82,433,47,911,73,292,48,391,6825
Andhra Pradesh,Vijayawada,2018,124,152,15,103,428,9,196,448,1045,431,121,467,23,1450,32,242,63,295,6663
Andhra Pradesh,Vijayawada,2019,91,117,10,165,221,14,71,570,1121,557,230,425,40,1423,57,421,97,477,7118
Andhra Pradesh,Vijayawada,2020,87,116,10,139,314,24,84,391,1446,726,115,444,45,1140,36,218,69,472,6728
Andhra Pradesh,Vijayawada,2021,127,143,22,171,418,14,114,339,1652,629,92,624,67,1184,37,324,52,502,7510
Andhra Pradesh,Vijayawada,2022,148,150,33,133,232,17,178,641,1780,690,180,569,44,1396,41,305,75,592,8276
Andhra Pradesh,Vijayawada Rly.,2015,21,24,2,24,65,5,33,78,269,171,49,75,4,187,3,58,17,52,1330
Andhra Pradesh,Vijayawada Rly.,2016,22,17,5,32,84,2,17,97,293,161,15,99,8,257,7,44,8,64,1443
Andhra Pradesh,Vijayawada Rly.,2017,17,18,2,36,98,4,39,113,381,145,19,103,14,232,11,96,19,78,1641
Andhra Pradesh,Vijayawada Rly.,2018,20,16,2,26,72,1,16,80,263,122,42,97,6,251,8,47,9,111,1405
Andhra Pradesh,Vijayawada Rly.,2019,21,17,3,29,49,2,20,96,324,174,51,77,14,327,6,104,16,67,1632
Andhra Pradesh,Vijayawada Rly.,2020,21,21,4,18,50,4,25,52,168,94,24,99,11,223,4,38,12,45,1089
Andhra Pradesh,Vijayawada Rly.,2021,28,30,3,34,81,1,39,55,265,104,52,130,9,196,6,80,19,107,1438
Andhra Pradesh,Vijayawada Rly.,2022,31,35,7,41,94,5,33,77,298,170,24,142,15,200,10,92,15,126,1638
Andhra Pradesh,Visakha Rural,2015,47,43,7,77,204,5,33,201,483,203,92,187,34,621,23,89,28,135,2952
Andhra Pradesh,Visakha Rural,2016,55,51,12,102,131,6,73,261,771,427,38,142,19,564,26,138,34,176,3468
Andhra Pradesh,Visakha Rural,2017,67,93,7,77,114,14,75,177,846,523,89,222,38,603,22,220,52,213,3962
Andhra Pradesh,Visakha Rural,2018,51,53,11,95,110,10,61,166,718,332,50,202,20,441,25,127,33,251,3252
Andhra Pradesh,Visakha Rural,2019,43,50,8,74,203,11,103,176,677,308,107,175,26,722,12,185,33,242,3682
Andhra Pradesh,Visakha Rural,2020,34,38,6,45,173,3,70,111,551,223,31,214,20,407,10,103,24,134,2641
Andhra Pradesh,Visakha Rural,2021,43,38,4,67,108,6,67,136,747,465,96,276,18,451,11,142,41,206,3371
Andhra Pradesh,Visakha Rural,2022,78,71,15,59,135,14,93,300,620,371,69,289,21,680,13,204,54,229,3859
Andhra Pradesh,Visakhapatnam,2015,155,195,23,229,409,37,191,739,2026,977,203,491,44,1417,55,385,112,626,9563
Andhra Pradesh,Visakhapatnam,2016,150,178,24,268,529,27,235,376,1947,964,87,598,56,1780,81,591,123,379,9698
Andhra Pradesh,Visakhapatnam,2017,124,167,13,217,390,32,227,340,1993,1031,107,546,54,1285,34,256,64,610,8714
Andhra Pradesh,Visakhapatnam,2018,187,171,35,214,540,21,251,439,1824,1100,286,512,107,1394,73,456,146,662,9775
Andhra Pradesh,Visakhapatnam,2019,168,173,24,156,456,39,235,590,2314,1144,95,489,87,1580,40,563,163,529,10100
Andhra Pradesh,Visakhapatnam,2020,98,93,20,205,430,24,159,554,1149,716,155,754,62,1193,47,305,69,311,7420
Andhra Pradesh,Visakhapatnam,2021,120,145,19,163,231,33,131,524,1641,818,209,722,43,1549,56,252,59,324,8185
Andhra Pradesh,Visakhapatnam,2022,123,118,12,207,494,31,248,571,2257,1384,179,747,96,1573,34,596,158,458,10612
Andhra Pradesh,Vizianagaram,2015,99,109,22,97,343,19,160,477,1089,636,146,353,41,896,31,273,83,343,6024
Andhra Pradesh,Vizianagaram,2016,104,130,21,106,252,21,86,249,978,386,127,253,39,679,24,223,70,336,5167
Andhra Pradesh,Vizianagaram,2017,69,90,9,193,201,13,153,238,1122,593,167,397,67,1105,41,214,73,332,5929
Andhra Pradesh,Vizianagaram,2018,68,59,14,122,220,23,121,273,1183,677,113,378,45,1031,42,231,71,326,5816
Andhra Pradesh,Vizianagaram,2019,91,95,16,184,311,8,116,373,1111,418,187,256,41,971,56,221,39,243,5535
Andhra Pradesh,Vizianagaram,2020,88,81,19,105,276,9,54,277,888,462,78,340,32,742,34,249,73,284,4760
Andhra Pradesh,Vizianagaram,2021,67,65,15,113,236,18,150,317,1225,496,190,516,32,933,22,344,85,313,5961
Andhra Pradesh,Vizianagaram,2022,120,108,16,199,209,10,98,505,940,526,64,457,58,973,51,241,41,279,6110
Andhra Pradesh,Warangal,2015,116,139,15,198,302,14,170,383,1455,603,169,398,58,932,40,204,64,409,6525
Andhra Pradesh,Warangal,2016,79,106,11,167,319,14,158,486,1510,956,112,287,34,761,40,366,73,244,6537
Andhra Pradesh,Warangal,2017,83,89,11,128,364,13,108,501,1133,521,209,376,26,1291,43,217,56,425,6497
Andhra Pradesh,Warangal,2018,108,112,25,103,196,16,61,385,1428,503,125,345,53,729,33,370,84,415,6057
Andhra Pradesh,Warangal,2019,128,111,23,111,432,8,129,325,1835,842,68,458,34,844,24,200,54,425,7038
Andhra Pradesh,Warangal,2020,103,110,23,150,345,5,76,444,1010,414,103,530,31,758,43,314,94,371,5712
Andhra Pradesh,Warangal,2021,65,88,12,165,288,23,87,228,1104,642,62,490,45,1058,44,347,53,373,5986
Andhra Pradesh,Warangal,2022,117,109,13,172,313,20,113,312,1552,873,133,553,20,1053,37,316,78,288,6998
Andhra Pradesh,West Godavari,2015,164,146,20,230,640,37,211,546,1932,832,157,568,57,1878,60,519,126,557,10068
Andhra Pradesh,West Godavari,2016,182,178,38,197,328,33,212,621,2551,1449,344,461,46,1601,38,309,88,495,10557
Andhra Pradesh,West Godavari,2017,174,231,36,246,275,27,140,574,1722,1082,281,547,105,1200,84,366,120,456,9012
Andhra Pradesh,West Godavari,2018,183,185,33,301,362,13,262,360,2398,1404,326,569,94,1441,92,403,79,447,10278
Andhra Pradesh,West Godavari,2019,160,169,29,162,465,19,246,588,1473,526,124,639,70,1600,46,510,99,699,9104
Andhra Pradesh,West Godavari,2020,166,214,25,268,501,12,202,676,1707,843,181,593,48,1528,53,320,70,523,9085
Andhra Pradesh,West Godavari,2021,131,138,31,139,463,11,255,501,2201,1216,119,778,107,1608,45,442,80,818,10463
Andhra Pradesh,West Godavari,2022,196,231,23,164,444,23,225,514,1563,629,283,760,106,1410,54,555,118,725,9393
Arunachal Pradesh,Changlang,2015,2,1,0,6,11,0,2,14,48,25,4,14,2,36,1,7,2,18,224
Arunachal Pradesh,Changlang,2016,3,3,0,6,12,0,6,10,40,24,9,11,2,45,1,12,3,18,244
Arunachal Pradesh,Changlang,2017,3,3,0,3,16,0,3,17,56,22,9,17,2,32,0,13,4,20,256
Arunachal Pradesh,Changlang,2018,3,2,0,5,14,0,7,11,48,30,3,13,2,47,0,14,2,20,257
Arunachal Pradesh,Changlang,2019,3,3,0,7,11,0,4,16,53,20,6,13,2,32,1,12,3,14,254
Arunachal Pradesh,Changlang,2020,3,4,0,7,10,0,4,14,51,27,7,19,2,26,2,11,2,9,229
Arunachal Pradesh,Changlang,2021,5,4,0,4,15,0,5,15,59,35,4,26,3,38,1,15,4,11,281
Arunachal Pradesh,Changlang,2022,5,6,0,6,14,0,3,20,63,27,4,19,1,44,1,14,3,20,286
Arunachal Pradesh,Dibang Valley,2015,8,10,1,11,37,0,10,26,114,53,13,31,4,100,2,20,5,35,561
Arunachal Pradesh,Dibang Valley,2016,7,7,1,8,30,2,14,32,81,40,11,31,2,66,2,26,5,27,503
Arunachal Pradesh,Dibang Valley,2017,8,9,1,8,18,2,8,27,130,72,17,31,5,73,2,15,4,44,550
Arunachal Pradesh,Dibang Valley,2018,7,9,1,11,24,1,14,34,105,41,10,28,4,82,2,37,7,43,544
Arunachal Pradesh,Dibang Valley,2019,7,7,1,11,39,1,6,35,102,61,19,41,4,98,2,38,12,43,618
Arunachal Pradesh,Dibang Valley,2020,9,12,0,9,28,2,6,20,121,49,9,42,3,95,2,29,6,25,536
Arunachal Pradesh,Dibang Valley,2021,10,10,1,10,34,1,12,31,122,55,20,51,2,98,2,33,9,28,606
Arunachal Pradesh,Dibang Valley,2022,7,6,1,14,38,1,10,46,157,60,19,56,2,115,2,38,8,36,707
Arunachal Pradesh,Kameng East,2015,2,2,0,4,6,0,4,9,29,15,2,9,0,31,0,7,1,8,151
Arunachal Pradesh,Kameng East,2016,2,2,0,2,7,0,1,11,29,15,3,8,1,27,0,9,1,7,149
Arunachal Pradesh,Kameng East,2017,2,1,0,4,9,0,3,9,35,14,2,11,1,32,0,10,3,8,169
Arunachal Pradesh,Kameng East,2018,3,3,0,4,6,0,2,13,33,21,1,8,1,31,1,6,1,7,164
Arunachal Pradesh,Kameng East,2019,3,3,0,3,6,0,4,10,30,15,4,11,0,31,0,6,1,8,160
Arunachal Pradesh,Kameng East,2020,1,1,0,2,6,0,3,8,22,9,3,10,0,26,0,5,1,9,124
Arunachal Pradesh,Kameng East,2021,2,2,0,3,5,0,3,6,34,12,2,13,0,22,1,5,1,13,161
Arunachal Pradesh,Kameng East,2022,2,1,0,3,9,0,4,13,34,12,5,13,0,29,0,6,0,12,167
Arunachal Pradesh,Kameng West,2015,1,1,0,4,6,0,2,6,24,9,1,9,0,26,1,9,2,8,145
Arunachal Pradesh,Kameng West,2016,2,2,0,2,6,0,3,8,41,14,2,8,0,27,0,4,1,8,156
Arunachal Pradesh,Kameng West,2017,2,2,0,3,5,0,3,13,31,19,2,10,1,29,0,8,1,8,162
Arunachal Pradesh,Kameng West,2018,3,2,0,2,9,0,3,13,30,18,1,11,1,25,0,7,1,14,169
Arunachal Pradesh,Kameng West,2019,2,1,0,3,8,0,4,11,40,22,5,8,1,23,0,9,2,12,175
Arunachal Pradesh,Kameng West,2020,2,2,0,3,7,0,1,7,28,16,2,12,1,26,0,6,1,9,141
Arunachal Pradesh,Kameng West,2021,2,2,0,3,8,0,3,11,37,18,3,13,0,29,0,4,1,10,165
Arunachal Pradesh,Kameng West,2022,2,1,0,2,9,0,2,8,37,12,4,12,1,29,0,9,2,10,164
Arunachal Pradesh,Lohit,2015,3,3,0,9,15,0,4,20,52,24,11,20,3,61,2,15,3,23,312
Arunachal Pradesh,Lohit,2016,4,4,0,6,17,1,5,16,59,31,7,14,2,61,2,19,4,17,313
Arunachal Pradesh,Lohit,2017,5,5,0,4,12,0,3,24,45,25,4,17,2,45,0,17,4,15,300
Arunachal Pradesh,Lohit,2018,6,6,1,10,17,1,8,14,62,38,7,15,1,42,1,18,5,14,317
Arunachal Pradesh,Lohit,2019,4,3,0,8,16,0,4,12,63,36,3,17,1,65,2,13,2,17,311
Arunachal Pradesh,Lohit,2020,3,3,0,7,10,0,6,15,46,22,4,19,0,42,2,11,2,21,255
Arunachal Pradesh,Lohit,2021,4,4,0,9,10,0,5,12,55,32,4,29,2,47,2,11,3,22,304
Arunachal Pradesh,Lohit,2022,5,4,0,5,11,1,8,18,50,22,10,26,1,48,1,20,3,16,331
Arunachal Pradesh,Papum Pare,2015,13,12,2,11,39,2,8,53,159,55,11,30,3,124,2,39,8,54,719
Arunachal Pradesh,Papum Pare,2016,7,8,1,16,23,1,16,28,131,56,15,39,5,125,2,41,8,45,664
Arunachal Pradesh,Papum Pare,2017,13,17,1,15,35,1,20,54,169,78,22,37,3,86,2,39,6,54,755
Arunachal Pradesh,Papum Pare,2018,9,11,1,14,37,1,15,42,132,58,20,38,3,137,4,50,14,28,722
Arunachal Pradesh,Papum Pare,2019,13,15,2,14,37,1,12,41,125,79,9,37,6,84,4,23,4,59,664
Arunachal Pradesh,Papum Pare,2020,6,6,1,8,33,1,5,36,93,50,12,54,5,78,2,19,5,27,524
Arunachal Pradesh,Papum Pare,2021,8,8,1,21,36,0,10,28,156,62,17,53,6,128,6,30,4,47,720
Arunachal Pradesh,Papum Pare,2022,10,10,1,23,48,3,10,29,191,83,16,59,6,91,5,28,6,35,764
Arunachal Pradesh,Siang East,2015,4,4,0,5,9,0,4,20,38,13,5,12,2,48,1,10,1,12,230
Arunachal Pradesh,Siang East,2016,3,2,0,4,8,1,4,11,67,41,6,17,2,30,0,11,2,19,265
Arunachal Pradesh,Siang East,2017,3,3,0,6,13,1,6,16,57,32,5,17,1,54,1,9,1,15,280
Arunachal Pradesh,Siang East,2018,5,6,0,6,14,0,2,13,60,22,3,12,1,48,1,10,1,19,261
Arunachal Pradesh,Siang East,2019,5,4,0,4,10,1,5,16,48,30,4,19,2,40,0,18,5,17,273
Arunachal Pradesh,Siang East,2020,4,4,0,4,12,0,5,12,45,23,8,17,2,38,1,11,3,14,233
Arunachal Pradesh,Siang East,2021,3,3,0,8,9,1,7,17,49,31,6,26,1,45,2,17,5,15,287
Arunachal Pradesh,Siang East,2022,3,3,0,5,9,0,2,17,67,31,10,23,1,51,1,13,2,24,303
Arunachal Pradesh,Siang Upper,2015,1,1,0,1,2,0,0,3,7,3,0,3,0,9,0,1,0,1,43
Arunachal Pradesh,Siang Upper,2016,1,1,0,1,2,0,1,3,11,6,0,2,0,7,0,2,0,2,45
Arunachal Pradesh,Siang Upper,2017,1,1,0,1,2,0,0,2,10,4,1,3,0,8,0,1,0,2,44
Arunachal Pradesh,Siang Upper,2018,1,1,0,1,3,0,1,3,9,3,1,2,0,8,0,3,0,2,48
Arunachal Pradesh,Siang Upper,2019,1,1,0,1,3,0,1,3,12,4,1,2,0,7,0,1,0,3,49
Arunachal Pradesh,Siang Upper,2020,1,1,0,1,2,0,0,2,8,3,1,3,0,6,0,1,0,2,36
Arunachal Pradesh,Siang Upper,2021,1,1,0,1,1,0,0,4,7,3,1,3,0,6,0,3,0,3,47
Arunachal Pradesh,Siang Upper,2022,1,1,0,1,1,0,1,3,7,3,0,4,0,7,0,3,0,4,50
Arunachal Pradesh,Siang West,2015,4,4,0,7,10,0,2,12,66,37,6,12,0,48,1,13,4,13,274
Arunachal Pradesh,Siang West,2016,3,3,0,6,14,0,6,13,52,23,9,16,2,50,0,10,1,14,259
Arunachal Pradesh,Siang West,2017,5,5,1,8,17,1,5,20,45,20,8,14,2,52,1,10,1,16,269
Arunachal Pradesh,Siang West,2018,3,3,0,7,16,1,5,14,42,21,4,13,3,45,1,12,2,21,274
Arunachal Pradesh,Siang West,2019,4,4,0,6,14,0,2,20,52,27,3,14,1,34,1,8,2,17,270
Arunachal Pradesh,Siang West,2020,3,2,0,6,7,1,5,8,53,25,5,21,0,45,2,12,2,14,243
Arunachal Pradesh,Siang West,2021,3,3,0,8,11,1,2,21,55,20,5,24,1,46,1,9,2,20,269
Arunachal Pradesh,Siang West,2022,4,5,0,9,12,0,4,22,70,43,7,22,1,56,2,15,5,11,327
Arunachal Pradesh,Subansiri Lower,2015,2,2,0,3,10,0,3,11,32,14,3,11,1,37,0,11,2,9,181
Arunachal Pradesh,Subansiri Lower,2016,2,2,0,4,12,0,2,11,42,19,7,9,1,23,1,13,3,14,193
Arunachal Pradesh,Subansiri Lower,2017,3,3,0,5,6,0,4,11,40,24,7,11,0,33,0,8,1,12,197
Arunachal Pradesh,Subansiri Lower,2018,4,4,0,6,14,0,2,8,48,28,6,12,1,36,1,13,2,9,225
Arunachal Pradesh,Subansiri Lower,2019,3,3,0,4,11,0,5,11,31,14,3,10,2,24,0,8,1,11,199
Arunachal Pradesh,Subansiri Lower,2020,3,2,0,3,11,0,4,14,41,24,5,17,1,28,0,6,1,12,197
Arunachal Pradesh,Subansiri Lower,2021,4,5,0,6,13,0,3,14,35,15,7,17,1,36,1,13,1,13,214
Arunachal Pradesh,Subansiri Lower,2022,3,2,0,5,9,0,2,11,36,22,6,15,0,39,1,9,2,8,199
Arunachal Pradesh,Subansiri Upper,2015,5,4,0,8,12,0,7,17,60,30,2,12,2,49,1,7,2,15,271
Arunachal Pradesh,Subansiri Upper,2016,3,2,0,4,14,0,2,15,49,23,6,14,1,46,0,16,3,14,247
Arunachal Pradesh,Subansiri Upper,2017,4,4,0,5,11,0,5,17,52,18,6,13,2,33,0,12,2,10,246
Arunachal Pradesh,Subansiri Upper,2018,5,5,0,6,9,0,6,15,45,16,5,18,2,35,2,8,1,12,263
Arunachal Pradesh,Subansiri Upper,2019,4,3,0,4,17,0,7,19,54,32,5,14,2,48,1,14,2,12,275
Arunachal Pradesh,Subansiri Upper,2020,4,5,0,3,9,0,6,18,32,16,8,17,2,29,0,14,3,10,216
Arunachal Pradesh,Subansiri Upper,2021,5,5,0,8,12,0,5,18,46,17,8,19,2,45,1,14,2,15,258
Arunachal Pradesh,Subansiri Upper,2022,5,5,0,4,13,0,6,17,60,34,9,26,2,36,1,14,3,19,293
Arunachal Pradesh,Tawang,2015,1,1,0,1,2,0,0,3,7,3,0,2,0,7,0,1,0,2,39
Arunachal Pradesh,Tawang,2016,1,1,0,1,2,0,0,2,8,2,1,2,0,7,0,2,0,1,38
Arunachal Pradesh,Tawang,2017,1,1,0,1,1,0,1,2,7,2,0,3,0,9,0,1,0,2,46
Arunachal Pradesh,Tawang,2018,1,1,0,1,2,0,0,3,9,4,0,2,0,9,0,2,0,3,44
Arunachal Pradesh,Tawang,2019,1,1,0,1,2,0,1,2,7,2,1,3,0,7,0,2,0,3,44
Arunachal Pradesh,Tawang,2020,1,1,0,1,1,0,0,3,5,2,1,3,0,8,0,2,0,2,38
Arunachal Pradesh,Tawang,2021,1,1,0,1,1,0,0,2,12,6,0,4,0,8,0,1,0,3,46
Arunachal Pradesh,Tawang,2022,1,1,0,1,1,0,0,2,7,4,0,3,0,7,0,2,0,2,46
Arunachal Pradesh,Tirap,2015,2,1,0,1,4,0,3,8,29,13,4,6,0,23,0,8,1,8,129
Arunachal Pradesh,Tirap,2016,2,1,0,3,5,0,1,8,26,14,2,6,1,19,1,4,1,8,127
Arunachal Pradesh,Tirap,2017,1,1,0,3,4,0,1,9,27,11,3,7,1,18,0,4,1,7,116
Arunachal Pradesh,Tirap,2018,2,2,0,2,6,0,2,6,32,12,4,6,0,21,0,4,0,8,132
Arunachal Pradesh,Tirap,2019,2,1,0,4,8,0,1,9,36,20,3,9,1,25,1,7,1,8,157
Arunachal Pradesh,Tirap,2020,1,1,0,2,6,0,2,5,20,9,1,10,1,14,0,6,1,8,102
Arunachal Pradesh,Tirap,2021,1,1,0,2,7,0,3,9,20,8,2,10,0,20,0,4,1,5,120
Arunachal Pradesh,Tirap,2022,2,2,0,4,5,0,2,10,21,8,2,12,1,24,0,5,1,11,128
Assam,Barpeta,2015,181,251,22,280,387,38,157,575,1762,927,344,645,113,2111,69,404,75,631,10427
Assam,Barpeta,2016,160,160,17,187,555,38,125,769,2701,1391,220,522,58,1323,39,631,199,877,11492
Assam,Barpeta,2017,127,144,20,273,314,47,175,756,1980,775,312,582,44,2024,88,316,73,478,10132
Assam,Barpeta,2018,124,133,18,293,664,17,110,764,2621,1385,366,548,78,1356,50,605,106,662,11332
Assam,Barpeta,2019,174,217,25,167,349,18,242,394,2530,1138,234,567,101,1883,47,311,89,448,10413
Assam,Barpeta,2020,107,93,12,223,427,26,162,355,1200,477,311,645,29,1043,62,406,118,360,7823
Assam,Barpeta,2021,192,250,46,174,568,20,99,508,2077,946,306,770,67,2152,49,491,165,586,10957
Assam,Barpeta,2022,157,138,33,189,639,17,201,597,2071,1098,143,767,86,2057,59,664,128,810,11280
Assam,Bongaigaon,2015,39,37,6,34,106,4,41,162,413,234,38,92,7,250,5,80,27,117,1970
Assam,Bongaigaon,2016,28,26,4,67,106,8,29,156,522,311,34,101,11,269,20,66,18,104,2168
Assam,Bongaigaon,2017,33,40,4,59,102,8,33,136,301,137,31,135,17,254,10,87,19,158,1930
Assam,Bongaigaon,2018,26,33,5,60,102,3,47,136,350,166,78,97,16,317,13,126,31,111,2019
Assam,Bongaigaon,2019,39,52,4,59,86,8,51,174,350,188,72,127,20,250,13,130,28,102,2046
Assam,Bongaigaon,2020,35,28,4,46,88,4,28,119,439,250,59,149,7,283,13,67,19,74,1966
Assam,Bongaigaon,2021,26,33,2,41,117,7,40,155,384,233,28,157,9,326,11,79,13,124,2064
Assam,Bongaigaon,2022,23,22,4,50,105,5,48,165,311,195,53,193,7,405,8,121,28,151,2179
Assam,C.I.D.,2015,1,1,0,1,2,0,1,4,8,3,0,2,0,11,0,2,0,2,55
Assam,C.I.D.,2016,1,1,0,1,3,0,1,4,12,4,2,3,0,8,0,2,0,3,57
Assam,C.I.D.,2017,1,1,0,1,3,0,0,2,9,4,1,3,0,12,0,2,0,2,59
Assam,C.I.D.,2018,1,1,0,1,2,0,1,3,13,6,1,2,0,10,0,2,0,4,59
Assam,C.I.D.,2019,1,1,0,2,4,0,1,4,13,6,2,4,0,14,0,3,1,4,70
Assam,C.I.D.,2020,1,1,0,1,2,0,1,2,11,4,1,5,0,8,0,1,0,2,50
Assam,C.I.D.,2021,1,1,0,1,4,0,1,3,17,8,2,6,0,11,0,2,0,3,69
Assam,C.I.D.,2022,1,1,0,1,3,0,1,3,15,9,1,5,0,11,0,2,0,2,64
Assam,Cachar,2015,90,104,18,179,198,17,168,318,1073,463,89,362,47,705,42,199,52,297,5690
Assam,Cachar,2016,73,78,9,133,232,15,166,452,1597,821,152,313,66,1080,37,233,44,248,6631
Assam,Cachar,2017,90,118,17,144,349,19,156,260,1570,962,82,337,69,1119,30,233,41,358,6850
Assam,Cachar,2018,95,132,9,191,387,14,106,341,1355,853,145,339,69,921,44,455,95,478,7034
Assam,Cachar,2019,107,123,15,111,421,19,187,430,1772,1108,120,403,51,1433,21,346,109,522,8281
Assam,Cachar,2020,91,103,9,103,348,13,64,417,1199,437,192,410,57,1010,29,164,41,237,5740
Assam,Cachar,2021,79,70,15,108,408,10,81,381,1552,831,198,485,46,1130,28,253,66,484,7134
Assam,Cachar,2022,87,70,12,157,368,10,183,457,1527,951,77,552,34,784,52,301,104,490,7158
Assam,Darrang,2015,68,89,7,60,127,7,62,346,711,265,84,197,39,499,11,258,78,337,3896
Assam,Darrang,2016,85,111,19,66,189,6,80,246,894,341,57,265,24,905,22,174,34,340,4501
Assam,Darrang,2017,70,70,11,110,186,7,89,307,658,338,160,204,17,530,31,182,31,189,4141
Assam,Darrang,2018,92,111,18,120,231,15,104,355,1116,614,156,227,13,642,41,275,65,259,5090
Assam,Darrang,2019,69,64,10,71,252,8,102,256,747,410,87,256,43,694,10,201,61,209,4709
Assam,Darrang,2020,44,36,9,119,171,18,75,296,663,375,117,285,25,776,31,197,30,279,4100
Assam,Darrang,2021,82,68,11,140,265,18,52,177,626,324,154,321,28,539,37,277,48,176,4028
Assam,Darrang,2022,86,74,10,148,260,11,84,301,770,344,185,469,43,836,41,214,63,345,4978
Assam,Dhemaji,2015,21,24,4,20,61,3,11,50,293,169,12,56,8,210,5,69,21,63,1264
Assam,Dhemaji,2016,22,20,3,34,35,4,19,72,212,119,39,79,12,225,6,50,16,87,1221
Assam,Dhemaji,2017,16,16,2,20,55,4,19,62,237,92,25,65,8,189,6,72,16,87,1195
Assam,Dhemaji,2018,18,16,4,31,61,5,21,63,214,129,35,78,12,242,6,47,13,69,1237
Assam,Dhemaji,2019,25,22,5,28,73,1,31,72,251,106,25,79,12,196,5,70,17,93,1290
Assam,Dhemaji,2020,18,19,2,27,41,4,28,59,196,112,25,76,4,192,4,62,10,54,1083
Assam,Dhemaji,2021,19,26,4,42,69,3,16,80,278,121,46,110,5,267,10,55,17,64,1416
Assam,Dhemaji,2022,23,24,2,30,44,6,16,94,221,135,29,132,14,174,10,49,12,104,1308
Assam,Dhubri,2015,174,166,17,151,529,40,224,728,1853,657,112,523,77,1434,46,330,79,545,8958
Assam,Dhubri,2016,129,173,23,180,467,26,243,496,1486,885,126,428,45,1433,27,316,86,467,8410
Assam,Dhubri,2017,172,166,29,256,394,28,92,415,1784,1040,270,556,50,1610,71,514,164,408,9250
Assam,Dhubri,2018,120,106,28,227,421,30,129,405,1668,676,299,671,44,1202,63,376,59,578,9344
Assam,Dhubri,2019,160,173,35,214,494,24,176,761,2330,1256,334,553,32,1480,61,297,51,357,10075
Assam,Dhubri,2020,118,140,26,154,371,26,169,561,1587,1007,241,504,38,1151,45,446,118,465,8185
Assam,Dhubri,2021,145,137,23,210,504,27,195,525,1652,761,236,890,72,1495,52,479,166,760,9622
Assam,Dhubri,2022,161,160,30,128,455,17,243,558,1704,665,257,664,95,1326,39,267,57,462,8517
Assam,Dibrugarh,2015,67,68,7,61,110,3,38,136,768,392,78,215,33,548,12,101,17,218,3338
Assam,Dibrugarh,2016,75,103,17,73,227,4,74,230,962,480,119,228,20,559,19,160,53,204,4137
Assam,Dibrugarh,2017,81,69,13,103,127,8,110,200,1063,626,81,268,37,638,24,240,37,179,4476
Assam,Dibrugarh,2018,53,49,6,68,257,14,91,210,702,321,138,269,12,850,23,261,60,295,4265
Assam,Dibrugarh,2019,77,83,12,122,119,12,81,270,583,318,89,223,37,787,35,171,31,322,3913
Assam,Dibrugarh,2020,47,61,9,80,147,6,73,271,741,353,66,248,31,387,20,110,38,179,3329
Assam,Dibrugarh,2021,68,72,15,60,122,13,70,222,675,391,96,307,38,432,15,199,60,238,3611
Assam,Dibrugarh,2022,81,94,16,61,164,17,81,261,619,388,57,295,20,619,10,237,48,205,3849
Assam,G.R.P.,2015,7,7,0,11,26,1,4,20,82,44,5,22,1,71,3,19,5,17,402
Assam,G.R.P.,2016,6,6,1,7,18,1,10,28,102,43,14,19,4,81,1,18,4,34,454
Assam,G.R.P.,2017,6,7,0,11,16,1,7,35,68,32,9,27,2,87,2,18,5,17,413
Assam,G.R.P.,2018,5,5,0,6,26,1,8,32,80,31,13,19,4,67,1,19,3,23,400
Assam,G.R.P.,2019,5,6,0,8,16,1,9,37,109,51,16,30,2,93,1,16,3,21,489
Assam,G.R.P.,2020,6,5,0,5,22,1,4,24,54,28,4,29,2,50,1,18,5,14,348
Assam,G.R.P.,2021,6,5,0,12,15,1,6,17,100,42,7,28,4,76,3,13,3,25,420
Assam,G.R.P.,2022,7,6,1,12,15,0,6,21,85,33,10,44,1,59,2,28,6,25,429
Assam,Goalpara,2015,62,83,6,53,108,11,43,265,698,441,94,202,17,628,13,92,17,259,3537
Assam,Goalpara,2016,38,48,5,49,158,8,62,124,529,302,82,191,20,559,14,195,58,230,3125
Assam,Goalpara,2017,47,62,9,96,187,9,54,178,604,382,118,195,13,517,25,134,28,183,3296
Assam,Goalpara,2018,54,56,13,63,164,8,64,193,724,362,92,167,17,644,17,166,29,183,3507
Assam,Goalpara,2019,46,60,8,86,210,13,66,248,850,317,81,159,16,578,17,97,25,190,3537
Assam,Goalpara,2020,35,30,3,39,169,4,65,112,642,226,51,269,11,534,7,130,28,122,2862
Assam,Goalpara,2021,62,77,11,64,145,14,39,215,529,222,29,265,20,560,13,180,62,182,3124
Assam,Goalpara,2022,52,44,10,73,145,6,52,277,771,457,109,354,20,739,23,153,50,203,4052
Assam,Golaghat,2015,43,42,4,49,161,10,80,238,781,480,98,198,29,395,14,94,30,255,3435
Assam,Golaghat,2016,48,60,10,100,160,8,64,231,587,269,38,173,26,506,17,169,44,192,3173
Assam,Golaghat,2017,40,41,5,58,200,10,73,214,554,207,52,192,25,423,10,175,56,249,3026
Assam,Golaghat,2018,52,64,12,92,109,7,45,209,533,269,78,202,24,454,23,159,29,190,3124
Assam,Golaghat,2019,69,83,7,110,111,11,61,169,795,431,57,175,10,434,34,166,28,141,3380
Assam,Golaghat,2020,46,54,7,64,111,9,44,170,425,167,74,233,28,405,19,177,54,175,2643
Assam,Golaghat,2021,46,53,6,94,154,13,30,237,666,382,49,220,30,391,21,199,31,201,3264
Assam,Golaghat,2022,57,48,9,86,189,6,93,232,551,201,72,322,14,776,14,230,56,205,3695
Assam,Guwahati City,2015,238,246,53,279,478,40,200,814,2656,942,338,843,146,2605,73,541,141,1005,13543
Assam,Guwahati City,2016,259,350,59,249,830,63,207,655,3208,1249,281,650,97,1884,86,394,77,911,13460
Assam,Guwahati City,2017,180,232,40,251,816,26,145,511,3379,1342,276,718,137,2293,83,505,164,1027,13951
Assam,Guwahati City,2018,204,209,44,350,664,35,337,1072,2860,1669,155,906,128,2101,108,599,207,1157,14839
Assam,Guwahati City,2019,268,300,33,476,616,60,194,702,3862,2231,168,739,137,2621,138,654,121,1225,16622
Assam,Guwahati City,2020,209,236,47,208,382,18,276,704,2865,1336,248,1088,61,1765,57,329,74,456,11902
Assam,Guwahati City,2021,185,178,43,255,816,49,241,516,3416,2204,177,1138,74,2262,84,692,143,1097,15488
Assam,Guwahati City,2022,245,290,60,347,995,64,354,1087,2303,1386,231,1299,128,2277,60,894,154,1233,15654
Assam,Hailakandi,2015,41,40,7,44,76,2,49,171,446,242,60,136,7,333,15,98,21,170,2245
Assam,Hailakandi,2016,36,44,7,52,86,5,55,158,342,158,48,98,21,384,12,131,23,119,2064
Assam,Hailakandi,2017,38,52,7,65,142,5,30,101,574,261,64,111,14,311,11,141,36,87,2370
Assam,Hailakandi,2018,28,37,5,63,109,4,58,173,404,186,65,109,21,357,18,78,16,135,2169
Assam,Hailakandi,2019,29,36,5,45,147,8,54,183,493,265,40,167,13,435,13,104,26,208,2629
Assam,Hailakandi,2020,30,34,3,31,86,6,50,119,371,157,39,148,15,263,8,121,31,99,1872
Assam,Hailakandi,2021,42,47,8,30,129,7,38,154,375,154,41,167,21,329,5,77,12,151,2080
Assam,Hailakandi,2022,28,29,6,37,69,5,65,127,555,229,29,192,20,278,11,91,22,186,2326
Assam,Jorhat,2015,81,85,9,136,210,4,52,186,637,394,99,244,17,806,41,150,33,330,4100
Assam,Jorhat,2016,57,64,12,90,156,4,97,209,1020,641,63,225,34,803,15,252,72,163,4530
Assam,Jorhat,2017,61,82,6,124,220,4,108,313,908,462,138,281,33,711,27,187,49,292,4618
Assam,Jorhat,2018,76,69,9,66,128,12,60,341,825,322,133,210,17,730,22,204,55,309,4173
Assam,Jorhat,2019,66,81,9,101,285,11,73,232,768,371,141,315,29,672,21,164,34,231,4483
Assam,Jorhat,2020,52,70,12,76,190,16,65,288,616,245,38,394,39,700,19,158,43,253,3822
Assam,Jorhat,2021,64,79,13,76,217,7,108,212,1097,399,149,384,24,883,23,232,43,180,4820
Assam,Jorhat,2022,68,83,14,126,230,6,70,258,867,324,138,438,48,572,23,170,46,273,4402
Assam,Kamrup,2015,60,76,11,48,126,7,70,275,738,291,90,178,31,482,7,189,63,210,3421
Assam,Kamrup,2016,58,77,8,82,181,14,33,207,603,213,62,147,17,360,25,92,24,161,2870
Assam,Kamrup,2017,41,45,9,60,178,5,76,257,540,223,97,172,15,428,16,173,47,274,3208
Assam,Kamrup,2018,44,51,10,107,125,15,83,135,616,379,80,224,31,502,32,191,62,160,3317
Assam,Kamrup,2019,55,58,12,57,187,14,63,177,854,401,113,198,31,495,9,102,17,280,3596
Assam,Kamrup,2020,46,51,8,85,92,11,56,194,589,318,56,260,20,467,13,121,28,220,3053
Assam,Kamrup,2021,68,65,10,84,235,3,78,166,640,346,67,250,16,481,15,193,63,249,3537
Assam,Kamrup,2022,51,45,9,67,238,12,43,235,678,322,123,381,27,559,21,169,56,316,3895
Assam,Karbi Anglong,2015,17,19,2,31,54,2,19,69,186,113,9,66,9,166,7,63,14,75,1059
Assam,Karbi Anglong,2016,19,22,2,32,58,2,30,92,269,103,17,61,10,170,10,57,10,87,1207
Assam,Karbi Anglong,2017,11,9,2,16,38,1,19,41,199,89,16,66,4,156,3,48,15,68,954
Assam,Karbi Anglong,2018,20,21,4,31,67,1,33,91,279,172,21,64,13,238,6,63,20,58,1370
Assam,Karbi Anglong,2019,16,19,1,27,32,2,18,43,212,97,11,59,10,221,9,68,13,90,1103
Assam,Karbi Anglong,2020,13,16,2,23,45,3,12,42,144,83,37,87,10,180,5,59,18,48,966
Assam,Karbi Anglong,2021,19,16,2,27,43,2,16,81,164,71,35,79,5,197,5,35,8,64,1026
Assam,Karbi Anglong,2022,17,15,3,39,44,2,18,55,255,123,22,85,13,162,6,68,11,79,1193
Assam,Karimganj,2015,53,51,9,68,97,6,66,253,793,413,40,196,24,592,22,155,31,174,3483
Assam,Karimganj,2016,36,41,7,54,154,8,53,214,525,333,34,176,34,379,14,106,20,234,2884
Assam,Karimganj,2017,49,46,7,105,200,5,41,141,606,379,35,207,34,572,29,155,34,191,3296
Assam,Karimganj,2018,55,76,11,52,209,3,73,196,550,301,92,204,19,451,11,122,30,135,3359
Assam,Karimganj,2019,43,48,5,92,157,10,57,189,689,294,43,159,11,460,29,115,29,259,3157
Assam,Karimganj,2020,40,38,8,70,140,12,33,168,663,262,39,257,13,341,19,96,31,203,2823
Assam,Karimganj,2021,43,42,6,90,133,13,64,280,790,417,37,251,17,421,13,120,40,171,3426
Assam,Karimganj,2022,69,81,13,56,181,11,52,210,624,244,84,286,9,680,9,119,33,240,3477
Assam,Kokrajhar,2015,29,27,4,44,59,4,45,94,335,130,28,107,8,285,7,52,9,98,1594
Assam,Kokrajhar,2016,30,25,6,37,94,4,46,77,277,171,40,81,8,298,12,70,12,102,1627
Assam,Kokrajhar,2017,21,21,4,34,97,3,37,102,238,147,46,86,9,276,9,50,11,109,1518
Assam,Kokrajhar,2018,22,28,2,43,56,3,21,93,301,183,22,110,6,195,7,84,26,94,1581
Assam,Kokrajhar,2019,32,31,5,38,92,4,21,126,401,225,32,95,5,318,12,70,18,121,1902
Assam,Kokrajhar,2020,19,18,2,35,49,6,21,56,323,161,27,114,13,218,10,55,15,71,1415
Assam,Kokrajhar,2021,17,15,3,21,60,2,29,122,364,212,48,126,9,304,3,45,8,91,1688
Assam,Kokrajhar,2022,30,27,3,49,48,6,39,131,389,176,39,137,8,243,16,102,20,137,1832
Assam,Lakhimpur,2015,38,36,8,93,125,3,31,242,663,332,44,156,15,518,14,115,21,138,3014
Assam,Lakhimpur,2016,51,43,8,75,172,12,63,145,697,445,81,137,11,392,19,156,41,218,3185
Assam,Lakhimpur,2017,44,50,5,55,171,3,51,274,758,371,33,189,31,620,9,206,42,246,3657
Assam,Lakhimpur,2018,47,42,6,64,148,9,48,136,847,506,100,172,16,530,22,99,31,132,3443
Assam,Lakhimpur,2019,67,62,11,98,218,5,91,244,737,394,111,253,26,488,23,214,58,192,3825
Assam,Lakhimpur,2020,52,43,5,53,164,7,72,124,629,353,86,214,10,443,18,122,28,199,2995
Assam,Lakhimpur,2021,54,50,10,73,129,7,80,175,738,351,100,243,26,455,19,150,33,144,3274
Assam,Lakhimpur,2022,63,61,13,78,210,15,62,173,609,341,89,370,23,665,17,237,37,164,3748
Assam,Morigaon,2015,37,34,7,39,159,7,67,189,430,236,35,138,22,420,6,170,51,229,2665
Assam,Morigaon,2016,38,39,4,58,90,9,62,214,445,186,89,140,28,580,18,100,33,189,2728
Assam,Morigaon,2017,52,70,5,62,203,4,30,178,660,400,69,210,17,384,18,183,31,253,3270
Assam,Morigaon,2018,55,76,10,87,98,7,31,236,622,384,64,177,14,519,20,94,18,262,3223
Assam,Morigaon,2019,47,59,6,59,141,5,46,200,767,336,95,161,11,411,13,139,21,242,3224
Assam,Morigaon,2020,48,50,10,59,164,7,56,122,380,168,91,251,7,493,13,105,17,105,2502
Assam,Morigaon,2021,46,58,10,40,114,8,47,134,718,290,99,229,29,314,11,90,17,149,2790
Assam,Morigaon,2022,44,40,4,52,111,12,63,243,653,385,110,221,14,596,16,149,26,142,3321
Assam,N.C.Hills,2015,5,5,1,4,11,1,4,21,73,32,5,19,2,45,0,10,3,19,301
Assam,N.C.Hills,2016,6,6,1,7,10,0,8,25,72,43,7,18,3,51,1,9,1,20,332
Assam,N.C.Hills,2017,5,6,0,8,11,1,7,13,71,30,5,18,2,42,1,15,4,16,295
Assam,N.C.Hills,2018,4,3,0,7,15,0,3,14,71,41,7,16,2,38,1,10,3,12,303
Assam,N.C.Hills,2019,4,4,0,6,13,1,6,25,83,40,8,18,2,44,1,13,1,24,337
Assam,N.C.Hills,2020,3,3,0,8,9,1,5,19,37,23,5,18,1,41,2,11,1,18,247
Assam,N.C.Hills,2021,3,4,0,5,14,0,4,16,50,26,5,24,2,34,1,9,2,15,271
Assam,N.C.Hills,2022,4,3,0,5,14,0,4,13,74,41,6,23,1,51,0,11,2,14,309
Assam,Nagaon,2015,139,172,30,286,292,29,238,572,1715,940,278,495,53,1383,97,545,157,491,9262
Assam,Nagaon,2016,142,132,30,278,575,13,103,371,1613,734,341,466,37,1345,81,458,135,426,8619
Assam,Nagaon,2017,193,197,39,206,482,22,236,421,1649,980,233,493,46,1281,64,433,110,774,9184
Assam,Nagaon,2018,134,137,29,212,575,24,211,402,2582,1265,298,582,82,1239,41,564,195,637,10688
Assam,Nagaon,2019,179,148,22,290,617,32,256,611,1623,914,200,511,88,1416,100,594,164,455,9739
Assam,Nagaon,2020,116,160,15,130,306,13,192,657,1893,699,256,791,32,1218,29,431,82,604,8759
Assam,Nagaon,2021,150,128,27,184,650,33,266,776,1817,752,356,828,105,1676,46,571,119,756,10682
Assam,Nagaon,2022,142,183,32,260,457,16,273,823,2434,1127,218,760,111,1239,40,451,129,776,10875
Assam,Nalbari,2015,47,48,8,42,102,8,30,156,526,217,58,158,9,395,10,138,38,179,2499
Assam,Nalbari,2016,35,35,5,66,111,4,34,185,401,235,66,143,7,300,17,71,15,104,2149
Assam,Nalbari,2017,40,45,6,73,124,4,51,188,382,234,63,139,13,494,15,84,16,191,2501
Assam,Nalbari,2018,28,29,5,72,103,7,47,101,469,234,53,117,17,463,16,78,21,180,2378
Assam,Nalbari,2019,46,62,9,66,102,7,30,92,484,269,71,143,15,448,22,141,31,113,2491
Assam,Nalbari,2020,37,49,7,45,79,5,33,75,329,117,33,174,17,298,11,79,12,135,1811
Assam,Nalbari,2021,38,32,8,59,133,4,25,144,570,287,36,164,18,354,18,141,49,101,2513
Assam,Nalbari,2022,51,71,12,45,136,4,41,128,647,377,33,177,20,420,13,88,28,213,2863
Assam,R.P.O.,2015,1,1,0,2,4,0,1,4,17,9,2,6,0,16,0,5,1,4,86
Assam,R.P.O.,2016,1,1,0,1,6,0,1,8,17,8,2,6,0,11,0,3,0,8,95
Assam,R.P.O.,2017,1,1,0,1,3,0,2,7,18,8,1,4,1,14,0,6,2,5,93
Assam,R.P.O.,2018,1,1,0,2,6,0,1,6,27,12,2,6,0,20,0,3,0,6,108
Assam,R.P.O.,2019,1,1,0,1,4,0,2,5,15,6,1,5,0,15,0,5,1,5,92
Assam,R.P.O.,2020,1,1,0,1,3,0,0,6,12,4,1,7,0,10,0,2,0,5,74
Assam,R.P.O.,2021,1,1,0,2,4,0,1,6,14,5,2,7,0,19,0,3,0,6,90
Assam,R.P.O.,2022,1,1,0,1,3,0,1,7,16,6,1,9,0,14,0,2,0,7,94
Assam,Sibsagar,2015,52,71,5,104,132,12,81,175,756,291,161,233,31,714,17,148,44,294,4070
Assam,Sibsagar,2016,98,133,17,89,317,17,51,280,954,513,80,312,47,976,20,216,68,355,5239
Assam,Sibsagar,2017,85,99,14,89,251,18,57,369,790,450,150,280,33,790,17,262,90,353,4919
Assam,Sibsagar,2018,84,96,12,114,238,19,65,386,767,269,185,243,18,695,34,157,33,239,4900
Assam,Sibsagar,2019,99,90,20,107,289,15,59,265,1062,499,127,241,32,807,35,169,56,396,5054
Assam,Sibsagar,2020,78,64,10,61,189,4,113,183,1015,409,115,352,42,607,14,246,56,315,4470
Assam,Sibsagar,2021,83,68,15,128,223,12,110,351,728,275,81,343,39,884,43,231,38,237,4598
Assam,Sibsagar,2022,101,94,21,142,235,16,115,409,1194,687,156,478,29,895,43,194,45,205,5778
Assam,Sonitpur,2015,72,93,11,126,166,4,77,215,657,388,121,245,18,668,29,238,64,172,3925
Assam,Sonitpur,2016,82,66,19,131,129,9,81,366,729,337,88,213,41,530,20,184,33,353,4144
Assam,Sonitpur,2017,92,77,17,86,182,7,45,194,1040,601,77,265,21,875,24,245,69,301,4885
Assam,Sonitpur,2018,86,76,9,139,214,17,66,280,1075,560,83,256,20,597,37,255,78,277,4748
Assam,Sonitpur,2019,98,108,21,94,267,22,56,315,1183,599,82,225,46,743,29,149,49,346,5134
Assam,Sonitpur,2020,71,70,7,98,174,15,62,260,879,457,122,359,39,527,33,115,24,235,4085
Assam,Sonitpur,2021,73,94,15,103,259,13,88,355,1082,502,161,380,24,701,31,181,40,345,5076
Assam,Sonitpur,2022,86,117,9,138,136,19,64,180,768,276,137,422,43,501,32,214,54,238,4108
Assam,Tinsukia,2015,55,69,12,63,217,15,38,199,820,385,115,228,21,550,14,157,24,231,3715
Assam,Tinsukia,2016,45,46,7,97,195,12,41,270,846,529,101,177,18,514,29,191,66,252,3965
Assam,Tinsukia,2017,76,65,18,84,130,11,107,322,873,338,146,195,28,799,27,210,55,261,4303
Assam,Tinsukia,2018,58,80,6,119,225,13,98,216,843,530,125,246,32,555,28,105,19,229,4040
Assam,Tinsukia,2019,72,87,8,109,127,11,64,282,923,443,81,228,25,546,26,157,35,230,4012
Assam,Tinsukia,2020,43,38,8,99,117,6,72,160,803,371,109,230,27,399,26,199,59,132,3346
Assam,Tinsukia,2021,56,52,10,114,154,7,94,237,882,434,46,385,19,731,30,226,38,212,4285
Assam,Tinsukia,2022,74,96,9,110,172,6,114,317,815,397,52,375,13,643,27,169,52,294,4326
Bihar,Araria,2015,48,50,4,125,204,10,70,284,930,552,84,206,11,643,20,190,32,298,4349
Bihar,Araria,2016,88,90,16,94,180,5,48,363,761,353,129,256,27,669,31,244,61,340,4364
Bihar,Araria,2017,62,67,14,96,123,7,81,271,1068,509,151,195,31,770,24,260,53,252,4622
Bihar,Araria,2018,53,63,9,117,195,13,87,360,878,379,112,221,23,530,32,271,45,218,4215
Bihar,Araria,2019,63,63,10,107,205,5,64,246,1100,570,81,293,28,799,35,264,44,188,4836
Bihar,Araria,2020,53,71,6,101,222,11,64,207,842,383,77,261,27,467,23,176,55,208,3767
Bihar,Araria,2021,66,91,11,101,119,18,97,318,702,265,88,314,39,670,19,240,70,306,4109
Bihar,Araria,2022,70,81,13,144,278,18,88,286,911,493,121,365,31,593,27,240,64,315,4774
Bihar,Arwal,2015,17,21,1,29,65,3,26,53,168,62,32,64,8,217,9,42,13,90,1077
Bihar,Arwal,2016,15,14,1,34,43,1,14,69,228,114,20,67,9,132,7,43,8,52,1027
Bihar,Arwal,2017,15,12,1,20,41,5,29,80,250,122,23,71,8,138,4,65,17,78,1136
Bihar,Arwal,2018,15,12,1,32,57,3,16,86,226,134,36,56,10,211,6,50,17,81,1208
Bihar,Arwal,2019,19,19,3,35,64,1,31,89,261,155,19,55,5,225,11,55,16,55,1282
Bihar,Arwal,2020,16,14,2,17,60,3,14,67,143,62,11,92,5,183,5,26,8,51,912
Bihar,Arwal,2021,22,22,4,26,45,2,14,61,170,64,34,81,7,161,7,70,13,54,1017
Bihar,Arwal,2022,22,27,2,24,46,3,24,75,270,99,38,95,5,222,3,49,14,72,1252
Bihar,Aurangabad,2015,39,44,7,60,94,8,50,126,494,246,41,175,13,606,14,169,35,210,2894
Bihar,Aurangabad,2016,53,58,7,72,196,14,61,202,695,450,64,198,23,411,23,178,34,141,3367
Bihar,Aurangabad,2017,45,36,7,98,105,8,51,192,484,267,58,217,32,643,30,182,59,209,3185
Bihar,Aurangabad,2018,61,68,9,108,199,12,75,266,826,381,105,187,38,698,27,161,41,163,3910
Bihar,Aurangabad,2019,46,37,11,120,239,13,68,327,852,525,44,266,30,812,25,198,42,256,4477
Bihar,Aurangabad,2020,34,31,4,92,168,6,61,201,782,281,30,289,22,476,16,153,28,184,3286
Bihar,Aurangabad,2021,54,46,9,99,176,6,90,241,719,297,75,294,10,534,33,166,39,175,3525
Bihar,Aurangabad,2022,62,61,13,124,217,3,104,215,647,418,132,327,39,655,27,211,37,238,4068
Bihar,Bagaha,2015,29,23,6,48,90,1,38,119,386,233,53,95,12,232,9,84,15,154,1895
Bihar,Bagaha,2016,27,33,4,62,94,4,38,115,529,254,59,98,20,384,12,91,18,159,2289
Bihar,Bagaha,2017,35,36,4,46,120,8,36,90,415,207,26,138,10,349,8,99,33,90,2051
Bihar,Bagaha,2018,41,53,7,66,109,3,25,172,527,233,80,106,20,394,20,132,27,155,2495
Bihar,Bagaha,2019,39,32,9,59,111,4,43,107,317,168,59,117,9,319,12,129,25,173,2031
Bihar,Bagaha,2020,30,34,6,28,88,1,35,105,374,156,43,168,6,326,9,93,17,136,1910
Bihar,Bagaha,2021,30,24,4,58,92,7,48,120,523,195,21,182,21,246,12,86,13,84,2057
Bihar,Bagaha,2022,24,21,3,58,82,3,30,152,541,293,42,182,12,451,11,143,42,151,2549
Bihar,Banka,2015,31,38,4,50,142,6,48,133,419,231,51,149,19,437,16,87,21,206,2440
Bihar,Banka,2016,59,65,7,65,95,7,44,227,533,258,77,142,25,558,15,111,18,243,2967
Bihar,Banka,2017,36,46,6,42,80,12,65,206,651,363,88,130,15,503,12,168,46,103,2952
Bihar,Banka,2018,61,67,13,51,162,6,44,155,646,371,58,146,30,581,12,151,46,184,3228
Bihar,Banka,2019,55,51,8,91,118,11,46,117,642,259,82,201,10,602,16,92,28,124,2976
Bihar,Banka,2020,30,35,4,58,81,9,26,187,479,258,64,215,7,431,13,70,19,109,2438
Bihar,Banka,2021,44,43,7,63,168,7,43,101,388,185,47,243,27,318,14,127,33,199,2468
Bihar,Banka,2022,51,70,12,100,131,7,47,177,799,458,111,273,20,483,22,202,64,247,3711
Bihar,Begusarai,2015,84,110,11,118,204,7,115,317,1387,530,57,366,27,814,32,306,81,276,5606
Bihar,Begusarai,2016,109,105,23,118,197,23,73,327,1486,799,68,298,36,1002,25,329,101,251,6227
Bihar,Begusarai,2017,98,79,17,134,344,10,138,250,1216,659,113,341,56,1173,40,285,54,319,6193
Bihar,Begusarai,2018,88,82,11,102,185,22,181,496,1233,578,105,324,52,1053,17,415,64,379,6310
Bihar,Begusarai,2019,87,75,14,164,196,17,163,246,1339,558,123,405,51,993,52,401,90,326,6161
Bihar,Begusarai,2020,66,85,11,91,257,6,75,351,934,526,101,427,59,791,26,329,107,417,5413
Bihar,Begusarai,2021,94,115,12,141,334,8,70,492,1540,760,111,553,39,949,25,378,75,366,6948
Bihar,Begusarai,2022,89,118,11,197,203,22,98,356,980,439,132,486,49,1098,67,383,70,305,6086
Bihar,Bettiah,2015,67,69,13,125,291,19,105,292,1206,449,65,283,43,587,33,157,44,378,4925
Bihar,Bettiah,2016,64,79,14,137,220,12,87,325,1220,440,130,295,51,977,36,276,84,282,5438
Bihar,Bettiah,2017,79,84,18,145,198,14,67,279,1140,490,108,357,16,955,24,210,54,356,5375
Bihar,Bettiah,2018,94,82,20,182,272,19,92,369,822,466,202,321,51,1162,29,278,56,273,5604
Bihar,Bettiah,2019,75,92,8,83,363,26,141,427,969,514,221,388,64,935,25,337,116,333,5951
Bihar,Bettiah,2020,82,94,18,133,177,6,84,300,1062,480,145,392,40,846,22,222,68,306,5109
Bihar,Bettiah,2021,96,85,20,83,244,15,80,333,896,580,91,382,52,673,20,319,49,345,5102
Bihar,Bettiah,2022,106,125,22,139,163,13,131,357,1314,740,172,488,47,706,32,275,43,338,5994
Bihar,Bhabhua,2015,30,26,6,78,88,8,32,216,536,202,88,164,10,382,23,162,28,198,2646
Bihar,Bhabhua,2016,42,56,6,81,73,3,27,149,491,269,82,119,11,401,27,144,50,151,2541
Bihar,Bhabhua,2017,43,42,4,71,170,12,32,111,521,323,86,125,19,393,17,81,21,132,2589
Bihar,Bhabhua,2018,43,42,5,51,174,3,44,199,495,310,37,145,12,458,14,86,21,173,2705
Bihar,Bhabhua,2019,36,35,5,55,176,8,77,144,468,265,40,165,24,380,9,97,15,223,2736
Bihar,Bhabhua,2020,32,38,4,75,138,10,58,137,481,190,51,157,19,418,14,150,46,103,2446
Bihar,Bhabhua,2021,47,44,9,87,104,10,50,180,685,301,62,197,25,425,25,151,37,123,2942
Bihar,Bhabhua,2022,33,35,3,53,125,8,52,202,658,408,59,186,15,345,17,100,24,208,2906
Bihar,Bhagalpur,2015,77,98,16,96,149,9,126,228,1073,676,168,287,35,933,17,233,57,332,5309
Bihar,Bhagalpur,2016,80,92,12,150,341,15,65,292,1013,635,64,298,26,1104,48,238,45,221,5515
Bihar,Bhagalpur,2017,108,120,24,149,182,11,75,409,1272,731,164,326,46,878,24,264,70,252,5877
Bihar,Bhagalpur,2018,95,79,22,179,249,9,124,352,1344,827,164,347,60,778,34,371,88,240,6184
Bihar,Bhagalpur,2019,117,105,14,200,333,28,97,494,1292,706,59,382,34,856,42,215,51,272,6170
Bihar,Bhagalpur,2020,89,99,17,100,273,13,98,273,767,385,125,418,24,891,18,225,47,289,4779
Bihar,Bhagalpur,2021,71,73,7,136,173,20,145,391,1368,796,62,451,60,957,28,209,72,402,6192
Bihar,Bhagalpur,2022,92,84,20,92,252,17,143,325,1399,566,103,538,48,1079,31,312,76,220,6183
Bihar,Bhojpur,2015,92,92,13,139,277,6,83,382,832,471,143,306,63,830,48,331,115,395,5417
Bihar,Bhojpur,2016,113,140,23,108,380,12,128,324,1632,753,207,284,27,1240,22,237,81,459,7046
Bihar,Bhojpur,2017,77,75,10,176,244,20,144,241,963,622,173,301,24,1000,54,245,75,399,5946
Bihar,Bhojpur,2018,83,105,20,117,202,19,127,246,1095,530,134,438,50,1041,20,259,68,264,6150
Bihar,Bhojpur,2019,82,112,19,109,280,20,74,421,1311,520,137,404,24,1236,32,384,106,410,6555
Bihar,Bhojpur,2020,59,64,10,96,190,18,124,262,900,369,67,473,47,720,25,157,43,259,4742
Bihar,Bhojpur,2021,96,83,23,152,424,22,61,437,1042,483,212,499,27,1244,42,184,29,478,6449
Bihar,Bhojpur,2022,115,152,27,211,292,11,167,528,1578,979,98,602,57,1256,49,345,105,555,8074
Bihar,Buxar,2015,49,50,5,109,178,11,65,150,863,407,42,198,34,739,20,212,43,217,3924
Bihar,Buxar,2016,66,65,15,78,204,14,60,285,793,318,43,198,16,583,19,175,32,209,3662
Bihar,Buxar,2017,59,74,10,75,163,16,58,250,929,541,80,255,41,631,11,177,30,214,4165
Bihar,Buxar,2018,62,57,13,55,155,9,94,156,864,317,54,167,21,710,18,158,53,168,3638
Bihar,Buxar,2019,68,84,7,80,217,5,90,268,653,357,137,204,46,757,22,263,91,289,4231
Bihar,Buxar,2020,54,49,6,69,155,3,42,205,620,239,32,243,32,575,12,118,35,217,3145
Bihar,Buxar,2021,52,42,10,102,213,13,34,220,745,355,99,351,11,456,27,229,68,227,3757
Bihar,Buxar,2022,61,51,13,84,257,12,106,225,856,354,63,281,36,832,24,196,57,151,4228
Bihar,Darbhanga,2015,70,59,12,90,360,24,122,406,1116,455,191,338,50,1057,28,163,37,283,5642
Bihar,Darbhanga,2016,82,88,9,138,339,13,166,238,1063,586,199,349,30,1171,33,250,48,290,5963
Bihar,Darbhanga,2017,132,153,31,96,244,30,106,287,1492,728,220,393,60,1357,18,365,108,547,7298
Bihar,Darbhanga,2018,109,91,13,204,213,19,67,370,1546,754,88,309,23,911,47,215,38,356,6432
Bihar,Darbhanga,2019,100,99,15,182,331,6,152,270,1493,931,87,406,44,1123,28,248,53,275,6807
Bihar,Darbhanga,2020,59,72,11,149,156,19,74,272,1159,519,122,485,40,888,38,150,49,352,5311
Bihar,Darbhanga,2021,96,107,21,135,215,14,56,336,1183,648,105,429,35,747,22,212,35,255,5449
Bihar,Darbhanga,2022,84,95,13,104,394,30,118,374,1801,906,196,696,38,884,33,228,58,274,7298
Bihar,Gaya,2015,108,127,16,223,342,27,116,653,1524,772,218,539,34,1505,63,356,121,516,8428
Bihar,Gaya,2016,150,163,28,276,264,20,219,418,1660,1003,127,535,24,1140,60,457,123,510,8384
Bihar,Gaya,2017,127,143,25,153,431,20,134,724,2204,853,112,510,46,1524,49,337,64,577,9267
Bihar,Gaya,2018,161,139,27,215,344,35,160,508,1873,975,173,545,77,1512,64,511,139,461,9119
Bihar,Gaya,2019,104,137,11,261,329,27,86,373,1776,822,249,548,67,1478,58,283,55,323,8156
Bihar,Gaya,2020,110,102,18,108,472,11,163,362,1660,624,135,515,75,1379,19,452,157,469,7877
Bihar,Gaya,2021,104,103,19,243,319,19,112,600,1269,654,129,610,74,1078,44,248,80,614,7970
Bihar,Gaya,2022,141,116,23,181,293,18,134,395,2001,1159,185,632,74,1283,34,447,134,331,8739
Bihar,Gopalganj,2015,64,73,7,96,170,16,111,286,1146,420,128,214,44,910,17,147,26,295,4796
Bihar,Gopalganj,2016,73,72,9,72,213,17,79,296,1027,476,79,249,16,699,24,120,36,165,4289
Bihar,Gopalganj,2017,69,86,10,127,171,4,116,339,1119,677,102,259,19,734,26,279,80,258,5082
Bihar,Gopalganj,2018,86,99,21,113,321,17,113,188,1057,592,119,290,45,556,24,139,44,405,4921
Bihar,Gopalganj,2019,69,90,12,137,296,9,69,202,669,319,107,215,31,919,39,135,20,280,4339
Bihar,Gopalganj,2020,70,73,16,63,203,9,44,278,563,205,99,355,21,563,13,173,49,209,3609
Bihar,Gopalganj,2021,86,94,19,71,280,10,99,196,1123,438,133,417,48,864,13,203,62,248,5037
Bihar,Gopalganj,2022,76,63,18,96,168,5,64,311,679,370,150,383,33,662,17,193,52,329,4483
Bihar,Jamalpur Rly.,2015,7,6,1,13,27,1,13,25,134,58,13,27,4,75,2,22,3,30,541
Bihar,Jamalpur Rly.,2016,10,11,2,10,19,2,8,20,104,61,12,31,3,101,1,16,4,23,513
Bihar,Jamalpur Rly.,2017,11,15,1,13,16,1,8,41,126,44,10,29,3,95,3,37,12,36,581
Bihar,Jamalpur Rly.,2018,8,10,1,17,21,0,13,50,106,64,21,34,6,109,3,28,5,28,613
Bihar,Jamalpur Rly.,2019,8,7,1,18,29,0,8,22,136,59,18,28,3,76,3,22,4,21,544
Bihar,Jamalpur Rly.,2020,9,8,0,12,20,0,9,39,75,37,12,47,3,85,4,16,3,24,472
Bihar,Jamalpur Rly.,2021,10,11,2,13,23,1,14,44,138,53,9,50,4,80,4,34,9,36,612
Bihar,Jamalpur Rly.,2022,11,10,1,12,28,1,8,26,117,57,16,39,5,96,3,17,2,22,553
Bihar,Jamui,2015,23,28,4,40,99,6,37,129,441,208,34,109,18,216,6,105,35,67,1849
Bihar,Jamui,2016,24,29,4,51,84,6,24,147,342,146,61,122,18,288,14,82,27,143,1887
Bihar,Jamui,2017,35,39,6,50,57,3,36,127,335,150,43,102,10,298,13,84,19,131,1799
Bihar,Jamui,2018,32,32,4,55,70,1,21,76,321,205,64,125,14,316,16,79,16,130,1842
Bihar,Jamui,2019,30,28,5,46,102,8,21,161,402,202,61,95,13,387,14,123,32,96,2103
Bihar,Jamui,2020,32,39,7,38,92,4,42,125,376,143,39,119,10,244,8,76,15,113,1747
Bihar,Jamui,2021,40,37,6,31,90,6,27,117,425,226,28,138,8,376,8,70,15,75,2004
Bihar,Jamui,2022,22,20,5,60,100,7,34,152,396,242,23,149,14,346,10,119,25,139,2133
Bihar,Jehanabad,2015,48,51,5,61,110,7,39,202,705,362,85,168,30,479,15,176,43,216,3191
Bihar,Jehanabad,2016,45,39,8,57,142,9,77,167,486,227,77,130,20,349,8,171,58,141,2672
Bihar,Jehanabad,2017,35,34,5,84,122,9,61,191,778,361,95,171,23,522,12,148,42,156,3282
Bihar,Jehanabad,2018,36,45,8,87,121,14,81,204,786,508,102,152,9,368,29,96,15,214,3303
Bihar,Jehanabad,2019,63,71,10,99,182,12,54,192,518,216,68,145,12,400,22,141,29,151,2956
Bihar,Jehanabad,2020,50,50,11,59,140,4,46,105,606,314,89,203,20,382,13,78,22,98,2638
Bihar,Jehanabad,2021,54,55,8,87,120,11,31,181,693,370,49,253,13,390,24,137,21,231,3135
Bihar,Jehanabad,2022,59,70,7,110,103,10,87,189,716,354,112,341,10,606,38,96,27,251,3660
Bihar,Katihar,2015,50,54,9,67,155,8,69,136,733,266,51,168,24,476,19,175,29,144,3210
Bihar,Katihar,2016,69,58,14,116,249,18,95,289,706,295,103,261,35,518,23,224,58,174,3876
Bihar,Katihar,2017,65,90,14,100,225,8,47,330,632,235,111,265,45,592,28,194,53,353,3976
Bihar,Katihar,2018,86,118,19,76,205,13,96,286,1027,472,110,213,17,750,22,256,74,172,4607
Bihar,Katihar,2019,62,84,8,131,237,8,54,306,934,444,132,284,26,730,23,141,30,282,4535
Bihar,Katihar,2020,41,49,8,65,193,12,52,241,641,227,58,242,12,561,17,120,20,251,3244
Bihar,Katihar,2021,64,80,6,73,115,12,69,154,599,261,74,369,35,583,14,211,45,186,3667
Bihar,Katihar,2022,61,62,8,101,227,9,111,340,634,224,67,361,41,685,21,224,69,363,4214
Bihar,Katihar Rly.,2015,6,6,1,11,14,1,10,18,64,24,6,24,3,61,2,12,3,15,371
Bihar,Katihar Rly.,2016,7,5,1,7,24,1,6,23,69,35,8,20,2,82,2,21,5,17,391
Bihar,Katihar Rly.,2017,9,12,1,7,20,0,8,37,116,44,8,25,4,68,1,14,3,32,473
Bihar,Katihar Rly.,2018,9,8,1,13,28,1,11,25,116,61,8,21,4,59,2,18,4,31,483
Bihar,Katihar Rly.,2019,7,9,1,8,17,0,12,29,80,43,14,29,1,88,1,25,5,22,457
Bihar,Katihar Rly.,2020,4,4,0,11,19,0,6,17,74,42,11,36,2,46,2,20,5,24,378
Bihar,Katihar Rly.,2021,8,8,0,12,29,1,6,28,70,30,5,46,5,85,2,21,7,30,459
Bihar,Katihar Rly.,2022,6,7,0,15,29,1,9,33,110,47,16,47,5,81,2,29,5,21,531
Bihar,Khagaria,2015,54,65,10,41,182,9,57,118,666,315,94,176,21,554,9,83,26,226,3107
Bihar,Khagaria,2016,60,55,8,84,169,11,44,187,564,323,67,165,26,531,20,167,45,135,3082
Bihar,Khagaria,2017,48,46,6,85,147,8,79,138,648,347,113,199,11,553,25,142,30,205,3276
Bihar,Khagaria,2018,41,51,4,89,98,4,75,165,458,179,32,160,9,541,19,191,55,152,2856
Bihar,Khagaria,2019,52,69,12,81,152,10,43,182,692,288,32,188,12,425,22,170,53,170,3066
Bihar,Khagaria,2020,53,73,10,56,78,4,57,193,443,267,55,263,25,487,11,168,53,190,2865
Bihar,Khagaria,2021,54,73,6,73,115,4,71,160,475,189,31,234,18,377,18,129,40,190,2645
Bihar,Khagaria,2022,55,74,12,59,168,5,41,245,724,348,103,252,33,555,12,162,55,157,3485
Bihar,Kishanganj,2015,28,36,4,70,116,2,58,84,332,149,56,96,11,282,17,70,15,144,2015
Bihar,Kishanganj,2016,30,36,6,70,89,6,56,172,435,153,61,138,19,393,14,122,30,112,2251
Bihar,Kishanganj,2017,30,37,7,80,147,6,68,174,428,150,62,112,19,486,25,142,24,120,2467
Bihar,Kishanganj,2018,42,55,10,63,155,2,67,154,401,151,44,124,25,381,9,131,21,128,2370
Bihar,Kishanganj,2019,31,39,6,68,130,2,38,116,409,185,69,141,13,400,17,137,44,193,2375
Bihar,Kishanganj,2020,39,46,5,42,139,4,51,153,331,176,56,154,22,293,10,101,30,105,2060
Bihar,Kishanganj,2021,44,54,7,72,164,4,29,211,510,278,44,194,11,321,23,82,13,105,2522
Bihar,Kishanganj,2022,50,67,12,81,146,4,36,167,527,223,33,213,18,400,25,120,36,97,2616
Bihar,Lakhisarai,2015,24,32,5,36,57,5,47,104,409,263,48,84,14,268,10,56,8,103,1824
Bihar,Lakhisarai,2016,37,43,8,56,118,3,54,156,319,121,28,125,14,290,18,125,26,100,1915
Bihar,Lakhisarai,2017,35,43,4,63,88,2,40,129,417,158,68,138,11,251,16,89,13,94,1980
Bihar,Lakhisarai,2018,33,44,4,69,67,8,33,87,374,168,22,147,15,379,13,71,15,167,2060
Bihar,Lakhisarai,2019,32,30,4,29,84,9,20,135,314,148,57,129,11,349,8,130,19,163,1963
Bihar,Lakhisarai,2020,23,23,3,25,55,1,15,110,316,163,34,119,5,317,7,46,14,92,1589
Bihar,Lakhisarai,2021,31,37,3,40,95,7,51,151,355,131,34,148,9,248,9,65,21,81,1776
Bihar,Lakhisarai,2022,30,28,3,53,78,2,37,163,399,250,40,217,22,332,12,124,31,86,2223
Bihar,Madhepura,2015,30,40,6,37,132,11,33,146,479,218,23,152,17,357,12,154,23,146,2362
Bihar,Madhepura,2016,47,50,5,86,149,11,42,236,708,291,57,189,30,399,22,89,16,215,3041
Bihar,Madhepura,2017,52,71,5,94,168,5,54,241,505,194,62,141,19,341,14,89,25,196,2726
Bihar,Madhepura,2018,59,58,9,65,94,8,81,146,797,427,35,150,16,537,12,141,48,230,3343
Bihar,Madhepura,2019,44,39,6,96,142,3,80,193,595,338,61,148,18,448,25,137,43,127,2997
Bihar,Madhepura,2020,30,27,6,37,114,4,50,186,568,209,63,177,23,345,5,127,29,95,2428
Bihar,Madhepura,2021,37,30,3,54,83,8,68,214,604,307,102,245,8,341,8,151,33,175,2858
Bihar,Madhepura,2022,42,51,9,42,102,11,49,159,532,339,100,219,18,418,7,105,27,137,2758
Bihar,Madhubani,2015,70,91,11,110,314,25,64,349,1092,630,189,338,18,1045,32,177,52,427,5816
Bihar,Madhubani,2016,94,97,18,199,228,17,120,266,1394,536,206,295,55,827,51,366,122,441,6185
Bihar,Madhubani,2017,118,150,19,111,180,21,169,405,971,519,156,345,65,812,18,294,72,353,5808
Bihar,Madhubani,2018,70,58,8,200,211,14,166,344,1300,508,203,389,18,978,34,183,42,349,5939
Bihar,Madhubani,2019,80,85,11,141,200,16,111,389,1262,487,218,429,20,880,22,407,93,349,6211
Bihar,Madhubani,2020,70,83,9,78,298,15,59,292,695,372,140,318,46,830,17,161,43,336,4519
Bihar,Madhubani,2021,119,97,25,180,270,12,87,508,1078,585,102,526,33,999,49,249,70,307,6149
Bihar,Madhubani,2022,117,112,21,190,189,17,143,258,1053,452,140,434,53,718,50,257,55,265,5440
Bihar,Motihari,2015,214,222,30,149,357,39,229,599,1541,797,253,709,115,1842,47,564,144,506,9877
Bihar,Motihari,2016,165,148,40,190,689,24,238,730,2498,1562,359,720,96,1948,37,600,134,533,12223
Bihar,Motihari,2017,175,220,33,288,355,20,217,431,1538,568,119,678,42,1910,83,513,85,515,9441
Bihar,Motihari,2018,197,255,27,194,318,23,148,746,2625,1204,209,519,94,1433,41,585,107,773,11065
Bihar,Motihari,2019,205,267,42,262,401,16,178,591,2464,1478,401,540,72,1612,83,587,141,892,11772
Bihar,Motihari,2020,159,136,27,280,546,31,239,610,1857,1179,120,823,86,1078,52,551,148,536,9761
Bihar,Motihari,2021,162,204,18,207,536,16,219,779,1550,623,98,764,42,1699,44,507,168,815,9863
Bihar,Motihari,2022,230,320,33,376,607,27,225,847,3024,1380,244,881,97,1779,101,699,198,968,13662
Bihar,Munger,2015,38,31,4,56,95,3,43,95,406,245,20,87,17,248,19,63,16,136,1884
Bihar,Munger,2016,31,39,4,62,90,7,21,96,456,287,57,125,9,366,18,69,19,166,2217
Bihar,Munger,2017,25,22,3,53,126,4,34,153,359,174,63,130,15,263,12,118,24,169,2051
Bihar,Munger,2018,32,33,5,46,94,6,49,147,387,235,57,118,19,384,15,71,16,106,2103
Bihar,Munger,2019,27,35,5,46,80,8,26,140,393,209,58,98,19,402,10,78,15,95,2050
Bihar,Munger,2020,22,29,5,54,107,7,32,108,316,141,56,154,14,269,8,59,14,113,1755
Bihar,Munger,2021,43,50,7,64,123,4,46,89,356,174,25,162,8,420,12,91,23,174,2178
Bihar,Munger,2022,43,46,10,68,89,2,37,183,426,266,72,208,20,345,14,83,13,155,2407
Bihar,Muzaffarpur,2015,229,214,53,318,544,34,368,1054,3915,2505,272,866,54,2959,106,466,142,1076,17409
Bihar,Muzaffarpur,2016,234,223,38,325,686,63,320,1173,3969,1552,478,740,44,1844,54,508,143,796,15358
Bihar,Muzaffarpur,2017,271,239,63,317,925,55,187,1000,3141,1889,476,943,119,2447,73,452,129,609,15396
Bihar,Muzaffarpur,2018,312,301,31,315,685,27,154,738,3839,2174,476,941,73,2836,101,745,195,1142,17356
Bihar,Muzaffarpur,2019,292,372,60,369,739,52,363,1335,3943,1924,332,993,90,2395,63,984,328,1242,18103
Bihar,Muzaffarpur,2020,265,314,52,399,627,40,359,666,2164,978,397,887,44,1581,136,672,185,783,12385
Bihar,Muzaffarpur,2021,240,253,47,400,855,54,221,1099,3252,2089,391,1199,89,2019,79,750,145,996,16295
Bihar,Muzaffarpur,2022,266,233,31,465,725,75,345,843,3034,1682,403,1232,134,2467,108,471,113,977,15870
Bihar,Muzaffarpur Rly.,2015,14,12,2,24,50,3,9,67,150,75,21,54,6,118,8,25,8,39,800
Bihar,Muzaffarpur Rly.,2016,16,19,3,26,42,1,14,65,207,91,29,50,8,173,4,25,6,61,963
Bihar,Muzaffarpur Rly.,2017,14,17,2,25,25,2,16,59,205,84,23,56,5,155,5,53,11,42,920
Bihar,Muzaffarpur Rly.,2018,14,19,3,28,58,1,16,40,152,69,17,46,8,155,4,45,12,47,869
Bihar,Muzaffarpur Rly.,2019,18,20,4,23,44,2,23,73,136,62,13,41,6,179,7,28,8,43,857
Bihar,Muzaffarpur Rly.,2020,13,14,1,20,38,1,13,56,133,47,21,57,8,126,3,26,5,61,750
Bihar,Muzaffarpur Rly.,2021,13,18,3,17,44,3,10,42,152,95,12,70,4,151,4,28,4,58,854
Bihar,Muzaffarpur Rly.,2022,18,23,3,23,57,2,18,39,221,93,15,93,6,128,4,37,6,59,977
Bihar,Nalanda,2015,100,84,11,227,408,29,70,348,1039,531,186,414,22,1276,49,378,58,552,6768
Bihar,Nalanda,2016,107,99,24,125,431,25,173,356,1198,774,115,378,82,862,18,411,124,563,7047
Bihar,Nalanda,2017,157,131,33,152,246,11,121,490,2119,1091,125,482,83,1653,49,323,69,678,9153
Bihar,Nalanda,2018,154,143,32,153,369,17,138,442,2181,1307,162,433,65,1009,47,480,135,448,8944
Bihar,Nalanda,2019,148,147,27,119,475,22,213,477,1614,581,203,429,48,1607,29,481,123,380,8242
Bihar,Nalanda,2020,73,73,13,169,336,6,123,254,1628,619,171,560,58,1013,40,307,73,262,6657
Bihar,Nalanda,2021,146,134,33,207,494,24,84,332,1119,689,148,754,51,901,64,468,82,505,7312
Bihar,Nalanda,2022,169,171,38,166,433,33,232,675,1918,785,160,701,81,1698,42,385,59,342,9321
Bihar,Naugachia,2015,23,25,3,29,89,3,44,160,289,132,21,103,8,229,7,91,20,90,1811
Bihar,Naugachia,2016,38,50,7,33,54,8,32,109,501,221,50,116,20,313,8,115,22,152,2120
Bihar,Naugachia,2017,22,25,4,55,102,5,41,103,348,198,69,107,6,379,10,81,26,116,1971
Bihar,Naugachia,2018,32,35,3,35,110,8,36,135,553,208,44,130,19,414,7,106,21,122,2327
Bihar,Naugachia,2019,26,26,4,48,73,6,56,134,483,234,60,134,20,394,13,95,27,120,2244
Bihar,Naugachia,2020,33,34,3,27,72,6,37,65,383,196,31,140,8,196,7,108,34,82,1702
Bihar,Naugachia,2021,28,30,6,58,127,1,46,87,337,179,42,191,13,232,14,105,17,77,1867
Bihar,Naugachia,2022,34,45,7,28,114,6,55,83,326,200,56,184,13,289,9,111,29,76,1944
Bihar,Nawadah,2015,62,72,12,69,238,14,77,211,601,261,44,234,16,739,20,148,27,248,3617
Bihar,Nawadah,2016,44,51,8,69,191,3,90,300,697,379,90,178,13,642,20,132,39,198,3672
Bihar,Nawadah,2017,54,66,8,104,190,5,80,323,752,346,42,237,35,686,28,229,47,256,4030
Bihar,Nawadah,2018,62,77,7,104,113,6,64,153,832,357,126,206,14,710,31,186,46,239,3889
Bihar,Nawadah,2019,86,112,16,134,185,18,76,204,1073,493,63,249,29,833,38,141,39,184,4570
Bihar,Nawadah,2020,57,69,10,71,136,10,47,168,884,462,67,236,27,487,18,140,22,235,3624
Bihar,Nawadah,2021,60,73,12,113,232,8,84,289,695,395,131,343,18,636,38,177,36,255,4140
Bihar,Nawadah,2022,77,80,16,73,238,14,63,261,833,309,121,349,43,632,25,243,58,238,4255
Bihar,Patna,2015,348,334,37,508,989,84,573,1806,4726,1979,241,1558,111,4147,169,818,218,2035,24080
Bihar,Patna,2016,386,382,60,511,851,72,565,1277,5658,2900,306,1452,91,4533,92,956,185,1520,25245
Bihar,Patna,2017,539,584,110,873,1487,37,335,1204,4081,1648,568,1721,273,3706,260,827,177,1367,26415
Bihar,Patna,2018,321,261,71,481,1296,87,420,1301,4257,2577,902,1550,141,3148,107,1340,368,1062,26108
Bihar,Patna,2019,418,336,86,652,1463,71,359,1398,4895,2671,258,1571,117,4561,204,879,215,1389,25260
Bihar,Patna,2020,381,357,66,544,807,36,425,1870,3222,1733,243,2212,230,3623,92,770,158,1157,21070
Bihar,Patna,2021,320,438,55,863,1663,52,378,2014,7041,3904,386,2620,157,5381,137,1158,190,2245,32794
Bihar,Patna,2022,452,492,63,948,1983,128,339,2552,5285,2333,544,2411,154,5303,207,1304,354,1499,30615
Bihar,Patna Rly.,2015,38,49,6,62,79,5,42,99,357,224,39,93,6,246,16,82,21,134,1870
Bihar,Patna Rly.,2016,23,23,3,56,70,8,31,77,317,190,42,106,11,222,16,70,12,164,1835
Bihar,Patna Rly.,2017,36,33,7,27,77,5,41,140,432,234,55,85,5,311,4,115,17,145,2032
Bihar,Patna Rly.,2018,25,26,2,42,105,5,22,86,320,169,48,109,20,329,13,126,39,160,1918
Bihar,Patna Rly.,2019,25,27,5,31,73,4,61,94,375,201,65,114,22,321,10,139,29,97,2059
Bihar,Patna Rly.,2020,29,24,4,52,72,5,18,98,250,137,56,124,8,286,9,96,22,68,1584
Bihar,Patna Rly.,2021,26,25,5,58,69,5,19,94,463,272,58,183,12,292,17,80,26,76,2038
Bihar,Patna Rly.,2022,32,31,7,54,122,2,51,128,362,131,36,146,20,214,17,113,23,113,1869
Bihar,Purnea,2015,103,139,16,162,272,28,111,432,1097,498,119,397,62,1142,29,203,69,463,6187
Bihar,Purnea,2016,93,85,17,203,300,28,165,358,1636,938,90,399,62,1159,49,191,65,349,7119
Bihar,Purnea,2017,89,94,13,106,226,10,108,396,1375,699,96,380,46,1249,30,290,72,395,6542
Bihar,Purnea,2018,82,80,19,110,198,7,139,276,1104,417,185,363,55,903,27,279,73,536,6070
Bihar,Purnea,2019,143,117,34,173,302,24,163,269,1234,652,180,459,47,1431,44,219,57,545,7083
Bihar,Purnea,2020,90,97,12,100,192,15,133,325,955,432,56,463,26,651,31,361,73,366,5336
Bihar,Purnea,2021,108,141,24,192,313,11,110,379,1499,700,221,580,17,924,30,325,86,314,6840
Bihar,Purnea,2022,113,111,24,121,288,10,165,291,1069,496,233,690,67,941,26,320,49,361,6946
Bihar,Rohtas,2015,121,135,21,168,368,27,97,504,1137,465,225,432,54,1241,27,337,89,477,6916
Bihar,Rohtas,2016,83,114,20,152,412,7,71,448,1368,697,151,346,55,986,46,271,47,485,6759
Bihar,Rohtas,2017,86,118,16,184,453,24,103,319,1764,841,202,407,50,941,39,283,74,368,7261
Bihar,Rohtas,2018,107,99,17,126,368,30,99,331,1748,658,139,390,41,1256,35,252,73,458,7214
Bihar,Rohtas,2019,108,121,21,176,387,28,115,469,1204,444,182,447,23,929,50,335,90,278,6766
Bihar,Rohtas,2020,94,96,21,117,354,16,68,265,1223,691,133,436,37,1085,21,291,69,275,6054
Bihar,Rohtas,2021,141,193,21,140,262,7,185,532,1250,788,155,576,77,925,39,253,62,453,7051
Bihar,Rohtas,2022,122,111,19,126,374,24,198,399,1063,467,136,574,75,1221,25,338,109,582,6965
Bihar,Saharsa,2015,51,61,9,115,151,11,42,266,662,408,46,211,19,437,22,175,44,194,3438
Bihar,Saharsa,2016,63,51,8,85,146,5,50,227,658,286,79,173,16,435,21,113,38,186,3271
Bihar,Saharsa,2017,69,67,10,82,206,6,107,245,967,399,63,195,27,765,14,192,55,314,4329
Bihar,Saharsa,2018,60,73,11,121,232,8,63,278,597,344,82,225,27,523,18,118,22,261,3594
Bihar,Saharsa,2019,44,53,7,90,223,6,95,260,712,402,62,205,22,526,18,220,36,203,3730
Bihar,Saharsa,2020,46,40,10,69,143,3,44,127,781,355,62,285,8,366,15,87,14,183,3069
Bihar,Saharsa,2021,60,48,12,57,223,16,86,260,719,268,109,355,35,728,8,110,33,139,3772
Bihar,Saharsa,2022,59,81,7,67,134,5,80,322,985,582,44,329,36,522,20,201,68,266,4348
Bihar,Samastipur,2015,71,93,14,96,397,23,128,305,1062,613,153,381,41,767,31,351,58,338,5932
Bihar,Samastipur,2016,111,91,21,154,430,12,103,349,1707,929,114,369,55,1384,35,211,62,373,7459
Bihar,Samastipur,2017,88,103,16,100,305,27,121,507,994,607,214,390,38,767,15,353,119,349,5992
Bihar,Samastipur,2018,104,110,20,135,361,25,114,451,1140,551,225,396,37,1234,25,248,45,279,6419
Bihar,Samastipur,2019,95,81,20,108,287,16,91,294,1006,360,142,300,72,1310,20,303,90,299,6044
Bihar,Samastipur,2020,89,81,20,90,174,8,160,386,1090,615,199,388,20,711,18,176,36,231,5376
Bihar,Samastipur,2021,116,127,25,130,399,7,172,313,1213,583,176,571,52,1211,20,390,113,517,7087
Bihar,Samastipur,2022,87,104,15,218,227,17,175,435,1596,568,106,634,73,988,65,426,86,426,7185
Bihar,Saran,2015,104,99,20,130,323,25,111,354,1055,555,196,317,63,911,26,357,91,320,5864
Bihar,Saran,2016,89,104,18,143,240,8,64,314,1438,630,146,369,68,1150,48,283,69,506,6600
Bihar,Saran,2017,104,90,14,172,269,9,101,281,1233,796,119,386,46,865,29,334,113,317,6180
Bihar,Saran,2018,107,138,16,134,278,24,141,488,1069,673,224,317,59,1392,41,226,57,542,6915
Bihar,Saran,2019,99,83,23,129,444,26,200,309,1045,532,174,367,32,857,35,288,96,420,6805
Bihar,Saran,2020,79,64,18,118,277,16,63,435,1179,565,51,538,29,742,29,324,110,247,5640
Bihar,Saran,2021,85,78,19,131,395,21,68,351,1298,525,210,580,24,999,32,381,77,293,6490
Bihar,Saran,2022,110,130,22,191,238,15,192,524,1754,678,135,578,59,1071,64,400,132,586,7900
Bihar,Sheikhpura,2015,15,15,3,31,78,2,18,69,322,165,22,79,12,159,5,71,19,58,1329
Bihar,Sheikhpura,2016,21,26,3,24,60,3,36,100,313,117,19,70,9,165,7,69,15,86,1353
Bihar,Sheikhpura,2017,26,25,6,42,71,1,36,88,317,130,28,87,16,203,14,93,28,74,1501
Bihar,Sheikhpura,2018,30,40,4,36,64,4,34,90,223,142,30,83,12,214,11,89,27,92,1439
Bihar,Sheikhpura,2019,28,36,3,43,101,3,27,114,414,253,35,84,12,328,8,54,12,133,1933
Bihar,Sheikhpura,2020,15,13,3,37,76,1,19,68,287,121,27,90,11,219,7,51,8,60,1286
Bihar,Sheikhpura,2021,20,20,4,47,84,3,32,77,374,205,54,155,5,215,8,81,20,91,1719
Bihar,Sheikhpura,2022,31,30,7,51,64,2,34,129,373,185,31,162,11,218,8,90,23,109,1796
Bihar,Sheohar,2015,13,11,1,23,23,1,10,43,157,67,28,39,6,155,4,38,11,40,782
Bihar,Sheohar,2016,15,12,2,19,32,4,16,66,224,141,32,46,4,172,2,55,13,53,1033
Bihar,Sheohar,2017,17,21,3,27,56,2,18,43,146,67,15,41,7,155,5,42,8,60,860
Bihar,Sheohar,2018,18,15,3,14,33,1,11,55,217,117,30,53,10,174,3,45,12,75,1019
Bihar,Sheohar,2019,17,20,2,28,49,2,13,82,194,76,12,63,11,115,4,36,10,58,932
Bihar,Sheohar,2020,14,15,2,14,40,1,20,48,178,67,27,64,6,119,2,46,12,64,853
Bihar,Sheohar,2021,11,11,1,28,50,3,18,47,160,86,29,66,6,111,6,51,16,74,908
Bihar,Sheohar,2022,18,22,4,14,33,1,22,41,155,92,18,81,8,126,2,55,14,66,905
Bihar,Sitamarhi,2015,105,117,19,118,318,14,146,238,1404,724,125,344,32,670,30,342,73,345,5969
Bihar,Sitamarhi,2016,79,97,11,100,180,19,95,420,990,608,89,283,27,666,32,300,100,335,5327
Bihar,Sitamarhi,2017,96,105,14,143,247,10,118,418,952,540,87,412,59,1059,41,396,118,526,6284
Bihar,Sitamarhi,2018,102,139,19,162,417,14,84,322,1359,525,77,400,67,1016,28,267,90,319,6323
Bihar,Sitamarhi,2019,119,157,23,132,180,12,156,305,1242,546,147,311,29,889,40,211,54,245,5890
Bihar,Sitamarhi,2020,82,83,8,82,201,13,113,420,862,557,61,361,55,660,13,156,26,373,4828
Bihar,Sitamarhi,2021,80,73,14,186,177,22,71,417,831,531,74,394,17,713,48,258,40,236,5378
Bihar,Sitamarhi,2022,80,100,16,205,437,17,74,442,1065,578,235,567,57,810,40,350,98,497,6622
Bihar,Siwan,2015,111,123,16,184,206,7,161,372,824,509,197,394,35,759,52,173,51,237,5487
Bihar,Siwan,2016,109,90,16,103,226,13,153,425,1468,593,149,384,55,915,29,284,58,305,6221
Bihar,Siwan,2017,95,111,23,80,314,8,60,289,1126,520,129,331,58,720,26,326,56,298,5367
Bihar,Siwan,2018,75,86,14,200,398,11,143,479,1012,409,84,359,67,727,59,270,40,312,5781
Bihar,Siwan,2019,129,117,13,185,402,16,139,421,1353,655,70,401,55,977,63,265,77,374,6621
Bihar,Siwan,2020,61,75,13,98,147,4,140,407,788,470,56,400,39,740,16,332,56,335,4903
Bihar,Siwan,2021,110,109,27,125,277,24,67,417,1240,552,81,451,28,1093,39,186,53,225,5881
Bihar,Siwan,2022,94,117,10,108,304,29,128,436,1648,671,204,509,56,932,33,345,94,398,7029
Bihar,Supaul,2015,51,62,8,49,221,15,52,226,512,260,50,214,24,529,14,150,31,222,3191
Bihar,Supaul,2016,44,57,7,74,195,8,80,164,666,332,107,172,33,462,14,94,16,121,3082
Bihar,Supaul,2017,45,62,5,87,150,11,68,249,582,251,72,183,20,445,17,189,35,161,3092
Bihar,Supaul,2018,43,47,7,105,159,8,55,231,762,430,100,192,28,614,23,219,42,226,3786
Bihar,Supaul,2019,70,70,15,107,235,3,40,229,795,364,120,195,12,711,19,155,25,306,3999
Bihar,Supaul,2020,50,47,6,56,96,6,78,169,776,287,107,277,26,477,18,151,29,121,3214
Bihar,Supaul,2021,59,80,12,92,119,9,87,243,845,341,56,303,29,638,21,131,39,251,3819
Bihar,Supaul,2022,80,106,17,62,217,16,57,255,848,404,41,305,31,586,15,222,56,159,4026
Bihar,Vaishali,2015,123,133,23,184,270,10,125,403,1612,738,153,462,43,1008,51,262,53,579,7223
Bihar,Vaishali,2016,108,131,26,212,472,15,180,302,1210,781,159,453,80,930,37,213,33,396,7059
Bihar,Vaishali,2017,124,162,30,221,359,19,152,350,1225,721,123,434,71,1035,54,400,120,342,6926
Bihar,Vaishali,2018,129,160,32,207,404,28,202,591,1197,688,191,371,75,1481,39,375,92,327,7680
Bihar,Vaishali,2019,135,115,33,189,314,12,214,588,1728,830,120,479,40,1469,47,411,106,345,8323
Bihar,Vaishali,2020,104,140,10,168,383,9,92,284,984,558,70,494,50,863,58,377,129,479,6110
Bihar,Vaishali,2021,122,129,23,138,440,14,81,384,1691,973,81,544,27,968,37,244,82,483,7496
Bihar,Vaishali,2022,94,86,9,209,506,24,116,648,1918,1186,289,611,26,939,38,246,67,651,8784
Chhattisgarh,Balrampur,2015,23,19,2,31,43,5,37,97,278,122,28,68,15,176,8,51,13,99,1342
Chhattisgarh,Balrampur,2016,28,34,5,32,56,6,29,98,237,152,20,74,11,229,7,84,18,58,1444
Chhattisgarh,Balrampur,2017,18,15,2,24,61,3,41,124,305,167,49,94,7,244,7,64,14,88,1547
Chhattisgarh,Balrampur,2018,30,27,4,45,46,5,41,90,325,202,26,81,6,195,7,95,31,111,1580
Chhattisgarh,Balrampur,2019,29,25,3,23,75,6,35,114,376,182,53,91,15,213,3,68,20,62,1625
Chhattisgarh,Balrampur,2020,22,18,4,39,80,1,14,79,189,122,24,103,7,182,13,52,8,56,1189
Chhattisgarh,Balrampur,2021,24,19,2,31,88,1,41,106,296,125,15,141,7,213,5,56,16,106,1504
Chhattisgarh,Balrampur,2022,22,23,2,32,46,4,35,103,333,164,28,110,10,308,11,61,12,91,1622
Chhattisgarh,Bilaspur,2015,75,92,7,102,303,16,84,248,1201,592,180,274,22,1085,34,268,75,277,5688
Chhattisgarh,Bilaspur,2016,94,115,18,138,165,19,125,200,937,542,175,252,55,603,39,299,103,277,4883
Chhattisgarh,Bilaspur,2017,69,80,9,143,255,21,111,250,1026,590,173,272,50,965,31,248,62,272,5429
Chhattisgarh,Bilaspur,2018,101,115,22,155,230,22,151,327,1246,584,147,334,27,1038,33,371,71,396,6229
Chhattisgarh,Bilaspur,2019,84,108,20,157,249,28,64,312,1313,499,92,336,19,831,26,339,105,342,5980
Chhattisgarh,Bilaspur,2020,58,63,7,116,140,8,81,274,884,540,113,382,46,621,26,195,59,227,4554
Chhattisgarh,Bilaspur,2021,95,76,23,83,214,23,119,332,947,613,92,455,57,1067,18,307,66,349,5665
Chhattisgarh,Bilaspur,2022,91,81,13,146,310,5,123,434,868,370,100,539,17,778,42,176,42,296,5512
Chhattisgarh,Bizapur,2015,5,6,1,7,17,1,6,27,93,50,4,21,3,66,1,20,6,23,409
Chhattisgarh,Bizapur,2016,6,5,1,7,19,0,8,20,59,31,4,18,3,50,1,23,5,25,346
Chhattisgarh,Bizapur,2017,4,4,0,5,24,1,5,26,61,35,3,23,4,72,1,11,2,16,372
Chhattisgarh,Bizapur,2018,8,8,0,10,26,1,9,20,92,40,11,27,3,60,1,24,4,30,431
Chhattisgarh,Bizapur,2019,7,5,1,10,14,0,8,24,60,25,10,20,3,63,1,14,2,27,371
Chhattisgarh,Bizapur,2020,3,4,0,8,17,1,8,14,54,22,9,30,3,44,2,13,4,14,293
Chhattisgarh,Bizapur,2021,5,5,0,9,23,1,9,26,103,55,11,34,4,46,1,21,5,33,446
Chhattisgarh,Bizapur,2022,7,6,0,7,18,0,10,15,67,25,6,38,2,48,1,21,4,18,372
Chhattisgarh,Dantewara,2015,5,4,1,10,14,1,5,19,101,61,6,28,5,90,1,22,7,30,475
Chhattisgarh,Dantewara,2016,6,8,1,15,18,1,13,33,119,54,18,32,4,94,3,18,5,23,535
Chhattisgarh,Dantewara,2017,8,9,0,11,25,1,5,40,106,41,16,29,3,79,2,26,6,28,505
Chhattisgarh,Dantewara,2018,9,10,2,13,19,1,14,35,79,34,6,24,4,94,3,16,4,24,476
Chhattisgarh,Dantewara,2019,6,7,0,7,25,2,10,39,124,63,13,31,5,86,1,26,5,34,554
Chhattisgarh,Dantewara,2020,6,5,0,11,15,0,11,25,61,38,14,36,3,74,3,24,5,23,413
Chhattisgarh,Dantewara,2021,6,6,1,8,30,2,10,20,101,50,18,51,3,95,2,19,6,33,535
Chhattisgarh,Dantewara,2022,8,6,1,13,22,1,14,26,101,35,5,36,2,85,2,23,7,44,506
Chhattisgarh,Dhamtari,2015,26,26,3,24,75,6,14,92,260,131,31,79,13,280,5,73,21,62,1418
Chhattisgarh,Dhamtari,2016,31,30,6,27,64,3,41,98,330,153,48,93,6,293,4,60,13,109,1628
Chhattisgarh,Dhamtari,2017,28,30,3,31,61,1,26,66,228,111,41,77,10,273,6,63,18,113,1495
Chhattisgarh,Dhamtari,2018,19,24,3,36,50,1,32,124,367,213,41,78,16,295,10,45,15,98,1677
Chhattisgarh,Dhamtari,2019,25,31,5,42,98,3,37,108,309,189,59,90,10,213,8,100,16,108,1687
Chhattisgarh,Dhamtari,2020,19,26,2,28,68,2,24,88,185,96,35,96,6,183,7,75,24,98,1236
Chhattisgarh,Dhamtari,2021,26,36,3,43,57,3,24,93,298,144,21,139,9,245,6,76,25,128,1594
Chhattisgarh,Dhamtari,2022,26,31,6,52,75,5,21,84,268,103,58,142,6,326,13,48,14,111,1621
Chhattisgarh,Durg,2015,142,145,21,165,461,13,194,464,1471,881,275,506,64,979,43,216,74,637,7831
Chhattisgarh,Durg,2016,102,133,22,168,290,15,83,294,1419,729,145,351,77,1032,34,215,35,418,6540
Chhattisgarh,Durg,2017,99,119,23,121,310,31,155,437,1107,507,102,469,29,1213,41,408,67,605,6864
Chhattisgarh,Durg,2018,98,132,13,142,409,14,146,541,1459,774,113,456,69,1285,28,375,62,390,7574
Chhattisgarh,Durg,2019,140,150,17,230,299,18,108,304,1099,463,111,467,36,1485,63,327,60,415,7179
Chhattisgarh,Durg,2020,88,73,11,95,241,22,89,314,1075,629,224,622,20,1123,22,334,83,339,6274
Chhattisgarh,Durg,2021,110,116,19,170,436,16,126,679,2066,889,278,800,57,1583,27,337,54,608,9516
Chhattisgarh,Durg,2022,95,93,10,215,299,17,150,458,1203,594,137,556,45,1089,58,454,153,304,7455
Chhattisgarh,Grp Raipur,2015,9,8,1,11,14,1,5,19,99,35,9,26,4,77,2,14,3,38,457
Chhattisgarh,Grp Raipur,2016,7,5,1,9,27,1,10,25,83,42,14,23,5,90,1,21,6,24,462
Chhattisgarh,Grp Raipur,2017,6,7,1,12,13,0,5,25,114,60,8,26,2,77,2,18,3,33,477
Chhattisgarh,Grp Raipur,2018,10,11,2,13,15,1,5,21,87,50,13,30,4,88,4,33,9,37,506
Chhattisgarh,Grp Raipur,2019,8,11,1,7,29,1,12,42,123,66,19,25,3,80,1,35,8,30,577
Chhattisgarh,Grp Raipur,2020,5,4,1,6,15,1,6,31,59,32,5,39,2,64,1,12,2,23,369
Chhattisgarh,Grp Raipur,2021,8,10,1,12,21,0,7,19,108,49,15,46,3,58,2,15,5,22,465
Chhattisgarh,Grp Raipur,2022,7,6,1,12,15,0,9,28,106,46,9,44,3,63,2,24,4,31,477
Chhattisgarh,Jagdalpur,2015,34,44,5,38,91,5,28,81,466,188,70,104,6,349,6,128,27,120,2067
Chhattisgarh,Jagdalpur,2016,27,34,4,39,103,4,16,116,300,168,51,113,18,208,10,62,10,108,1663
Chhattisgarh,Jagdalpur,2017,25,23,4,52,114,6,37,99,378,160,57,93,8,239,9,110,31,106,1937
Chhattisgarh,Jagdalpur,2018,26,32,5,51,98,2,49,124,322,156,39,101,20,319,16,72,13,71,1776
Chhattisgarh,Jagdalpur,2019,26,25,4,62,115,4,41,136,378,176,23,108,11,246,20,129,42,128,1961
Chhattisgarh,Jagdalpur,2020,22,22,3,40,84,7,42,91,354,211,40,138,11,303,11,61,18,87,1764
Chhattisgarh,Jagdalpur,2021,25,33,6,32,118,7,33,78,438,166,50,152,17,294,8,55,15,92,1873
Chhattisgarh,Jagdalpur,2022,25,29,5,61,116,4,36,120,328,161,38,175,11,377,16,97,16,153,2055
Chhattisgarh,Janjgir,2015,61,75,6,103,221,12,97,236,674,285,54,180,21,676,31,137,42,236,3672
Chhattisgarh,Janjgir,2016,71,64,11,80,119,9,52,333,584,370,59,236,13,663,26,191,40,271,3764
Chhattisgarh,Janjgir,2017,70,57,13,71,194,16,96,198,763,439,65,231,21,760,16,209,62,294,4098
Chhattisgarh,Janjgir,2018,81,72,11,65,250,9,77,166,851,477,148,222,37,829,12,245,51,153,4327
Chhattisgarh,Janjgir,2019,64,69,11,109,128,4,108,201,798,471,52,241,38,830,33,198,44,342,4330
Chhattisgarh,Janjgir,2020,61,59,13,69,139,9,67,219,691,367,118,315,19,656,22,136,25,260,3703
Chhattisgarh,Janjgir,2021,47,57,6,58,145,4,37,195,743,298,90,303,39,726,14,161,55,282,3801
Chhattisgarh,Janjgir,2022,70,68,13,86,269,10,98,173,663,270,139,400,19,855,17,170,50,227,4202
Chhattisgarh,Jashpur,2015,23,30,3,19,48,2,16,101,220,103,25,72,12,240,3,73,18,101,1283
Chhattisgarh,Jashpur,2016,18,23,2,26,73,3,33,105,331,161,28,88,14,198,4,64,16,97,1489
Chhattisgarh,Jashpur,2017,19,15,2,31,80,2,16,93,251,142,13,77,7,256,10,57,13,56,1324
Chhattisgarh,Jashpur,2018,19,25,3,30,79,2,27,51,305,178,50,86,9,162,6,62,16,102,1402
Chhattisgarh,Jashpur,2019,26,26,3,41,72,2,15,119,290,125,23,96,7,167,12,70,15,72,1389
Chhattisgarh,Jashpur,2020,18,22,2,36,74,5,27,79,276,137,16,95,6,218,12,65,11,89,1362
Chhattisgarh,Jashpur,2021,22,30,3,23,78,2,35,63,321,196,32,104,12,246,6,75,11,102,1560
Chhattisgarh,Jashpur,2022,29,36,6,27,89,2,30,90,245,152,46,127,4,270,6,91,29,101,1586
Chhattisgarh,Kanker,2015,19,22,1,39,61,5,20,56,258,103,44,67,10,245,11,86,19,88,1352
Chhattisgarh,Kanker,2016,26,34,4,22,50,4,26,97,219,83,14,76,13,251,6,75,19,117,1333
Chhattisgarh,Kanker,2017,26,24,3,23,92,6,32,59,350,145,29,99,14,179,5,97,21,73,1490
Chhattisgarh,Kanker,2018,17,19,3,44,81,3,20,99,209,127,15,89,6,267,11,53,15,89,1379
Chhattisgarh,Kanker,2019,18,19,4,23,45,6,39,57,254,118,34,86,14,292,6,50,11,70,1358
Chhattisgarh,Kanker,2020,20,24,3,29,79,3,22,96,210,77,43,111,12,215,7,59,9,92,1290
Chhattisgarh,Kanker,2021,21,26,3,45,74,1,20,85,229,132,28,136,14,185,15,64,18,105,1432
Chhattisgarh,Kanker,2022,20,23,3,30,58,2,40,94,415,239,21,121,12,328,7,53,16,106,1816
Chhattisgarh,Kawardha,2015,11,13,2,16,35,1,17,54,124,53,29,36,8,141,5,36,6,53,751
Chhattisgarh,Kawardha,2016,11,9,1,23,21,2,14,45,189,110,25,42,6,92,6,39,11,33,784
Chhattisgarh,Kawardha,2017,10,12,2,12,29,1,12,58,183,117,7,52,2,152,4,28,7,54,852
Chhattisgarh,Kawardha,2018,8,7,1,24,32,3,9,54,112,42,25,40,7,130,8,31,10,45,719
Chhattisgarh,Kawardha,2019,14,15,1,27,34,1,21,61,180,100,18,47,7,135,7,46,7,53,894
Chhattisgarh,Kawardha,2020,9,11,1,17,32,0,12,29,172,89,14,52,3,104,2,43,13,57,758
Chhattisgarh,Kawardha,2021,9,8,1,17,34,2,13,47,128,58,19,81,4,162,5,34,7,39,780
Chhattisgarh,Kawardha,2022,13,10,2,22,32,2,16,57,156,94,20,75,6,102,6,39,12,50,831
Chhattisgarh,Korba,2015,35,45,8,60,84,6,50,106,395,159,99,137,20,378,16,170,41,209,2534
Chhattisgarh,Korba,2016,38,33,5,88,96,8,28,230,643,405,87,163,16,546,18,120,18,201,3147
Chhattisgarh,Korba,2017,40,38,5,55,202,14,58,165,594,303,101,203,23,445,14,125,20,235,3083
Chhattisgarh,Korba,2018,55,56,11,47,169,9,60,127,635,268,91,168,17,402,16,191,51,163,2956
Chhattisgarh,Korba,2019,49,64,9,89,187,10,71,200,751,337,43,203,27,392,19,91,30,149,3175
Chhattisgarh,Korba,2020,35,41,8,65,79,6,52,109,614,267,29,232,12,495,11,96,29,123,2680
Chhattisgarh,Korba,2021,60,72,12,73,97,9,47,170,680,331,51,243,21,499,11,87,19,172,3070
Chhattisgarh,Korba,2022,37,46,7,81,96,10,53,112,663,323,45,209,18,517,12,139,46,202,3034
Chhattisgarh,Koriya,2015,27,22,3,51,113,7,56,165,600,319,33,111,26,378,10,79,16,200,2555
Chhattisgarh,Koriya,2016,37,33,8,50,80,10,62,104,526,218,86,145,10,280,14,135,22,124,2294
Chhattisgarh,Koriya,2017,42,43,8,83,136,10,39,127,694,358,98,144,17,431,25,89,19,151,2897
Chhattisgarh,Koriya,2018,30,38,5,81,148,10,29,134,525,237,25,140,16,319,15,77,21,113,2437
Chhattisgarh,Koriya,2019,51,44,7,54,106,5,35,162,460,243,29,122,25,410,18,135,34,200,2512
Chhattisgarh,Koriya,2020,26,29,3,42,66,9,55,159,410,249,46,179,21,267,14,99,23,173,2175
Chhattisgarh,Koriya,2021,29,34,4,61,139,5,27,175,534,331,89,222,20,490,13,148,32,193,2894
Chhattisgarh,Koriya,2022,39,40,4,53,126,10,69,197,611,317,26,270,29,369,17,144,24,201,2933
Chhattisgarh,Mahasamund,2015,50,41,8,81,79,3,37,125,601,302,40,157,23,543,27,120,18,218,2845
Chhattisgarh,Mahasamund,2016,56,77,6,84,133,8,73,122,615,277,37,132,29,354,22,170,42,110,2733
Chhattisgarh,Mahasamund,2017,47,64,11,49,144,7,75,173,700,366,49,143,14,361,7,159,36,198,2983
Chhattisgarh,Mahasamund,2018,46,52,8,96,171,4,45,225,577,262,86,194,20,483,17,88,23,156,2978
Chhattisgarh,Mahasamund,2019,35,32,4,79,126,4,31,231,764,453,51,185,15,479,20,134,30,156,3239
Chhattisgarh,Mahasamund,2020,34,46,8,38,122,2,26,154,478,174,88,217,17,302,8,126,36,112,2324
Chhattisgarh,Mahasamund,2021,50,69,11,68,134,10,30,234,562,224,67,240,17,460,15,83,23,171,2873
Chhattisgarh,Mahasamund,2022,44,53,7,75,192,3,53,135,763,317,106,284,31,458,15,168,48,201,3368
Chhattisgarh,Raigarh,2015,73,71,7,102,225,16,95,214,748,355,44,258,27,684,16,208,71,234,4000
Chhattisgarh,Raigarh,2016,65,52,11,109,182,5,41,213,733,293,87,166,19,699,32,200,61,164,3624
Chhattisgarh,Raigarh,2017,52,60,9,62,218,7,47,294,976,631,135,231,42,684,18,201,69,329,4645
Chhattisgarh,Raigarh,2018,47,44,7,109,207,11,62,231,981,361,110,226,34,667,29,251,78,315,4314
Chhattisgarh,Raigarh,2019,63,68,13,105,195,4,63,247,883,424,81,208,21,726,18,228,79,276,4276
Chhattisgarh,Raigarh,2020,63,71,9,88,100,13,77,134,659,265,48,335,29,711,30,202,59,286,3667
Chhattisgarh,Raigarh,2021,59,66,6,104,227,16,101,189,952,515,71,267,12,672,29,145,26,202,4169
Chhattisgarh,Raigarh,2022,69,83,10,84,237,9,85,225,926,406,114,341,30,758,26,149,40,234,4387
Chhattisgarh,Raipur,2015,152,150,17,186,250,33,213,438,1299,774,156,523,70,1612,45,264,62,433,7929
Chhattisgarh,Raipur,2016,101,127,23,157,417,32,172,624,2289,910,224,484,52,1356,38,470,121,713,9571
Chhattisgarh,Raipur,2017,144,138,16,271,582,35,190,360,2051,1317,127,549,102,1880,82,460,73,591,10309
Chhattisgarh,Raipur,2018,176,180,43,189,555,31,138,675,1925,957,94,509,66,1515,57,514,124,745,9848
Chhattisgarh,Raipur,2019,220,193,29,285,573,30,129,607,2113,1129,123,723,31,1482,63,678,174,440,10535
Chhattisgarh,Raipur,2020,101,104,16,255,385,21,173,437,1866,767,149,624,87,1112,62,324,57,372,8080
Chhattisgarh,Raipur,2021,202,241,45,159,519,17,186,806,2383,1257,239,852,96,2013,31,486,140,684,11788
Chhattisgarh,Raipur,2022,159,179,36,228,558,45,260,689,2487,1491,136,708,49,1877,52,329,91,463,11220
Chhattisgarh,Rajnandgaon,2015,63,80,14,88,125,5,73,161,711,409,75,184,26,443,14,117,29,179,3271
Chhattisgarh,Rajnandgaon,2016,72,80,9,100,117,13,75,182,992,508,86,195,14,743,23,212,47,299,4308
Chhattisgarh,Rajnandgaon,2017,61,72,10,78,153,8,84,297,920,591,131,210,23,667,23,201,69,209,4340
Chhattisgarh,Rajnandgaon,2018,70,57,12,109,170,12,34,232,591,375,47,187,10,452,22,219,67,272,3446
Chhattisgarh,Rajnandgaon,2019,48,43,6,99,197,12,40,310,846,538,132,206,46,605,21,207,40,323,4322
Chhattisgarh,Rajnandgaon,2020,65,63,6,79,138,7,61,269,681,315,54,240,26,415,21,177,55,130,3261
Chhattisgarh,Rajnandgaon,2021,58,78,12,110,133,6,61,320,788,331,67,334,22,751,32,225,78,285,4249
Chhattisgarh,Rajnandgaon,2022,55,48,9,93,202,10,60,171,1008,386,148,366,23,814,22,186,63,270,4519
Chhattisgarh,Sarguja,2015,32,34,5,57,105,4,19,157,382,145,52,124,15,231,17,55,12,160,1876
Chhattisgarh,Sarguja,2016,35,39,4,57,128,6,57,177,557,348,44,114,19,348,19,78,12,98,2440
Chhattisgarh,Sarguja,2017,42,40,8,43,85,2,63,126,582,213,71,104,9,457,8,140,43,159,2514
Chhattisgarh,Sarguja,2018,34,44,4,40,73,7,26,179,348,129,52,130,23,314,12,108,34,154,2076
Chhattisgarh,Sarguja,2019,37,44,7,33,139,2,37,149,371,205,46,134,8,418,8,114,26,160,2245
Chhattisgarh,Sarguja,2020,37,36,6,45,79,2,28,88,283,108,60,153,5,325,15,72,24,80,1773
Chhattisgarh,Sarguja,2021,38,50,5,31,116,7,36,78,394,164,47,190,19,390,9,106,25,73,2051
Chhattisgarh,Sarguja,2022,37,43,5,70,83,9,45,187,581,251,32,219,11,412,18,132,43,90,2595
Goa,North Goa,2015,38,32,5,70,157,5,33,109,468,242,47,176,23,453,14,90,17,148,2633
Goa,North Goa,2016,63,88,9,59,198,4,68,182,530,207,82,170,31,468,18,143,40,126,3161
Goa,North Goa,2017,42,56,6,50,212,14,46,285,690,284,46,205,32,694,13,214,49,253,3669
Goa,North Goa,2018,40,54,5,101,189,3,64,196,832,510,95,159,16,564,19,131,25,219,3687
Goa,North Goa,2019,53,64,10,114,148,12,51,199,584,268,102,211,30,442,37,160,50,212,3448
Goa,North Goa,2020,49,65,11,60,172,10,54,174,530,290,65,197,12,390,11,141,35,161,2815
Goa,North Goa,2021,61,74,13,108,167,4,56,234,629,289,96,246,29,388,29,96,21,130,3136
Goa,North Goa,2022,43,35,9,119,219,16,94,230,817,355,119,319,38,672,29,193,57,194,4075
Goa,South Goa,2015,24,30,5,27,87,2,24,128,338,196,49,114,16,276,8,70,23,135,1802
Goa,South Goa,2016,34,43,7,30,75,5,33,74,345,221,47,105,10,296,7,104,22,83,1776
Goa,South Goa,2017,33,38,7,53,100,7,32,94,278,172,51,88,14,219,8,69,16,139,1651
Goa,South Goa,2018,36,45,6,57,76,2,52,75,497,295,65,130,15,240,17,124,20,94,2123
Goa,South Goa,2019,36,32,5,40,111,4,37,122,458,192,36,90,10,321,11,88,19,73,1942
Goa,South Goa,2020,20,27,2,31,84,3,22,96,324,207,44,112,8,259,4,74,13,107,1648
Goa,South Goa,2021,25,23,5,50,116,2,35,120,467,268,32,187,7,376,8,110,22,99,2219
Goa,South Goa,2022,29,30,6,42,76,4,34,115,432,248,55,128,18,231,13,75,23,137,1949
Gujarat,Ahmedabad Commr.,2015,397,433,66,690,996,76,475,1454,4039,2499,617,1280,141,3114,137,1031,180,1640,22426
Gujarat,Ahmedabad Commr.,2016,428,589,88,431,1369,34,286,1312,4160,2492,705,1436,194,2964,117,845,126,1288,21946
Gujarat,Ahmedabad Commr.,2017,325,290,75,712,965,49,495,1237,4961,1794,693,1333,80,2785,178,984,159,1225,21744
Gujarat,Ahmedabad Commr.,2018,462,533,99,604,1095,77,501,1396,3654,2324,566,1461,242,4159,161,1248,421,1040,23377
Gujarat,Ahmedabad Commr.,2019,468,509,57,849,1654,116,400,1667,6957,4015,487,1764,265,4014,283,1499,379,1257,30500
Gujarat,Ahmedabad Commr.,2020,399,467,87,457,676,79,576,1610,5448,2440,321,1636,123,2983,141,1198,230,1100,22962
Gujarat,Ahmedabad Commr.,2021,342,288,61,519,966,95,291,1388,5342,3206,514,2267,95,4448,89,1580,410,1439,26880
Gujarat,Ahmedabad Commr.,2022,361,474,48,668,770,113,558,1743,4277,2227,709,2542,123,4631,162,1265,334,1183,25861
Gujarat,Ahmedabad Rural,2015,56,60,7,66,140,7,99,313,1205,488,65,211,22,699,16,213,73,318,4716
Gujarat,Ahmedabad Rural,2016,66,90,13,145,152,12,87,289,947,363,127,328,21,919,45,222,56,242,4816
Gujarat,Ahmedabad Rural,2017,58,79,7,78,230,18,53,236,637,257,161,304,20,666,23,202,60,197,4239
Gujarat,Ahmedabad Rural,2018,102,87,14,94,309,23,143,212,826,426,134,289,21,691,18,312,68,337,4952
Gujarat,Ahmedabad Rural,2019,74,96,14,133,171,16,124,276,1005,545,56,245,43,640,40,271,83,206,4855
Gujarat,Ahmedabad Rural,2020,53,67,8,120,211,13,70,261,801,385,145,348,39,662,35,173,32,166,4133
Gujarat,Ahmedabad Rural,2021,86,87,17,116,138,17,125,254,1173,602,80,455,43,534,18,301,76,230,5014
Gujarat,Ahmedabad Rural,2022,98,132,20,93,322,25,134,380,898,406,192,504,39,963,17,260,90,222,5554
Gujarat,Ahwa-Dang,2015,4,4,0,7,12,1,3,23,66,23,9,15,0,56,1,15,4,20,302
Gujarat,Ahwa-Dang,2016,4,5,0,5,12,0,3,14,69,35,7,15,1,30,1,8,2,13,261
Gujarat,Ahwa-Dang,2017,4,4,0,9,11,1,5,12,72,32,8,14,2,52,2,14,4,16,303
Gujarat,Ahwa-Dang,2018,5,6,0,7,17,1,4,19,76,40,10,16,3,51,1,16,4,16,333
Gujarat,Ahwa-Dang,2019,5,6,1,8,9,0,3,23,41,17,4,13,2,40,2,8,1,10,268
Gujarat,Ahwa-Dang,2020,4,4,0,3,15,0,5,17,38,19,6,21,2,47,0,14,4,13,246
Gujarat,Ahwa-Dang,2021,3,3,0,8,16,0,3,18,65,35,8,21,2,52,1,10,1,19,301
Gujarat,Ahwa-Dang,2022,5,4,0,4,14,1,6,23,57,34,4,29,2,43,1,8,2,12,290
Gujarat,Amreli,2015,25,29,4,63,78,4,49,98,483,184,36,137,13,295,9,72,11,162,2051
Gujarat,Amreli,2016,31,37,3,42,85,5,49,156,417,241,65,116,12,351,8,123,22,140,2200
Gujarat,Amreli,2017,26,26,2,31,84,2,41,174,341,199,42,122,16,328,10,64,21,135,1956
Gujarat,Amreli,2018,30,39,4,66,122,9,38,110,568,227,46,146,24,318,18,113,35,170,2398
Gujarat,Amreli,2019,26,25,5,53,65,2,27,177,365,142,76,97,20,356,17,84,25,119,2008
Gujarat,Amreli,2020,25,24,4,43,98,6,41,133,362,178,42,135,13,292,14,111,26,93,1898
Gujarat,Amreli,2021,41,50,8,49,111,2,29,114,369,195,25,212,13,304,15,96,24,166,2127
Gujarat,Amreli,2022,32,35,7,46,82,3,41,131,488,234,30,206,14,418,15,132,23,104,2350
Gujarat,Anand,2015,60,76,9,73,120,10,90,164,683,325,38,174,19,740,14,172,40,294,3607
Gujarat,Anand,2016,51,49,7,97,171,12,52,319,626,382,105,192,31,613,33,116,24,246,3666
Gujarat,Anand,2017,78,84,14,82,236,4,71,294,951,616,77,254,37,486,22,201,49,216,4309
Gujarat,Anand,2018,57,55,13,91,237,13,86,289,652,419,102,191,15,479,25,150,44,147,3613
Gujarat,Anand,2019,78,108,10,130,147,6,40,229,785,332,133,260,33,714,20,249,87,298,4239
Gujarat,Anand,2020,52,61,7,86,161,11,80,223,649,311,71,299,18,411,16,101,24,132,3162
Gujarat,Anand,2021,64,63,11,100,179,12,83,299,763,468,134,334,18,773,28,178,47,208,4299
Gujarat,Anand,2022,57,49,7,84,145,10,83,352,866,430,118,366,30,829,14,244,77,181,4555
Gujarat,Bharuch,2015,38,32,8,64,169,13,29,208,541,294,38,155,24,598,22,131,32,203,3037
Gujarat,Bharuch,2016,55,54,10,112,111,10,64,150,897,407,70,187,27,582,26,156,37,215,3655
Gujarat,Bharuch,2017,70,77,7,75,172,3,39,144,516,275,65,202,23,703,12,138,43,233,3290
Gujarat,Bharuch,2018,62,68,12,61,104,11,95,166,800,316,136,210,28,533,16,140,35,268,3579
Gujarat,Bharuch,2019,64,77,10,69,165,3,98,260,867,418,115,244,32,470,18,237,36,205,3910
Gujarat,Bharuch,2020,53,66,12,64,168,5,84,249,612,367,40,231,22,576,15,172,41,256,3460
Gujarat,Bharuch,2021,52,67,7,76,189,11,36,169,522,338,71,277,35,418,20,110,25,210,3128
Gujarat,Bharuch,2022,62,58,12,62,116,6,81,233,711,354,43,254,27,663,16,204,69,245,3698
Gujarat,Bhavnagar,2015,52,66,6,96,113,7,75,282,581,216,121,244,19,734,32,213,44,199,3620
Gujarat,Bhavnagar,2016,62,52,12,105,183,18,42,220,597,329,92,194,11,567,33,179,49,238,3800
Gujarat,Bhavnagar,2017,63,68,10,62,227,17,60,191,738,362,67,230,34,623,9,187,42,262,3795
Gujarat,Bhavnagar,2018,88,95,16,110,139,16,61,306,870,406,87,227,36,745,37,187,34,273,4352
Gujarat,Bhavnagar,2019,87,75,11,127,260,10,82,213,1091,610,81,280,46,824,25,241,49,178,4912
Gujarat,Bhavnagar,2020,43,40,8,53,128,13,78,176,609,381,67,332,22,431,8,154,38,130,3211
Gujarat,Bhavnagar,2021,62,78,6,103,224,15,82,249,864,425,129,298,12,642,26,239,77,270,4347
Gujarat,Bhavnagar,2022,58,59,9,77,267,15,53,275,706,356,85,339,16,591,13,259,80,315,4159
Gujarat,Dahod,2015,60,81,13,90,138,5,33,180,458,283,99,157,22,510,22,190,44,215,3018
Gujarat,Dahod,2016,39,35,3,62,161,8,47,247,548,243,62,187,32,616,21,136,36,221,3129
Gujarat,Dahod,2017,43,42,8,67,119,2,74,147,696,354,59,145,13,442,20,88,22,206,2934
Gujarat,Dahod,2018,43,57,4,48,98,7,75,200,682,347,72,143,24,384,8,171,50,134,2969
Gujarat,Dahod,2019,47,65,9,94,148,4,83,168,530,236,105,179,30,531,28,120,31,111,2935
Gujarat,Dahod,2020,45,56,6,77,114,4,61,142,490,211,92,206,20,413,16,168,43,157,2684
Gujarat,Dahod,2021,55,56,9,44,106,4,70,135,778,413,79,253,10,618,9,193,36,228,3531
Gujarat,Dahod,2022,38,34,9,71,107,13,75,255,700,328,47,304,17,546,16,166,43,268,3508
Gujarat,Gandhinagar,2015,157,208,24,179,427,36,76,594,1390,582,158,508,66,1289,46,439,138,435,7860
Gujarat,Gandhinagar,2016,152,179,18,141,383,19,159,631,1466,716,111,486,54,1097,28,468,79,498,7824
Gujarat,Gandhinagar,2017,104,138,11,251,429,41,104,643,2386,1365,295,485,68,1675,68,485,128,758,10721
Gujarat,Gandhinagar,2018,143,137,22,216,291,11,161,617,1338,535,197,516,83,1280,66,302,90,678,7928
Gujarat,Gandhinagar,2019,109,88,22,173,311,10,177,592,1668,1083,113,505,33,1516,26,384,102,353,8544
Gujarat,Gandhinagar,2020,122,129,25,121,303,19,174,442,1368,749,217,475,51,1062,27,410,69,310,7045
Gujarat,Gandhinagar,2021,139,142,18,151,444,31,92,542,1285,815,202,676,71,1469,41,546,172,697,8739
Gujarat,Gandhinagar,2022,116,156,14,222,561,31,158,483,1758,923,138,852,99,1805,37,305,84,530,9559
Gujarat,Himatnagar,2015,236,232,24,284,354,48,291,496,2402,1142,295,653,34,2453,44,656,115,510,11956
Gujarat,Himatnagar,2016,188,152,30,327,630,30,160,662,2738,1378,412,681,102,1524,61,510,88,533,11875
Gujarat,Himatnagar,2017,136,184,23,352,621,12,151,833,1831,970,154,660,130,1928,119,685,141,592,11190
Gujarat,Himatnagar,2018,165,140,27,370,788,24,148,501,1918,858,395,763,113,1648,108,793,235,562,12018
Gujarat,Himatnagar,2019,271,229,53,192,468,49,227,840,2598,1165,311,890,147,1952,65,781,149,885,13152
Gujarat,Himatnagar,2020,177,175,39,211,339,20,224,665,2269,879,289,797,67,1263,50,579,156,687,10251
Gujarat,Himatnagar,2021,153,186,24,283,425,48,336,564,2673,1494,284,1055,45,1618,92,582,114,462,12166
Gujarat,Himatnagar,2022,208,258,41,263,729,30,143,795,3034,1208,461,1025,121,1492,80,733,160,924,13467
Gujarat,Jamnagar,2015,77,89,16,91,162,6,46,327,806,510,66,258,28,680,16,161,46,274,4238
Gujarat,Jamnagar,2016,71,78,12,98,273,19,106,362,819,311,81,254,23,785,28,184,50,333,4492
Gujarat,Jamnagar,2017,81,105,18,121,219,7,87,318,641,289,143,189,23,792,26,241,53,333,4254
Gujarat,Jamnagar,2018,58,76,10,135,214,16,44,279,1150,566,149,258,34,818,41,162,35,199,4882
Gujarat,Jamnagar,2019,83,67,17,108,167,18,96,321,1173,442,83,303,22,578,30,289,91,280,4827
Gujarat,Jamnagar,2020,61,68,10,55,140,16,42,212,662,374,64,271,21,603,18,157,28,268,3573
Gujarat,Jamnagar,2021,68,87,15,135,229,20,106,263,1180,661,86,371,30,665,28,233,75,268,5156
Gujarat,Jamnagar,2022,57,72,10,104,202,13,84,224,829,334,144,388,47,948,22,176,56,207,4605
Gujarat,Junagadh,2015,53,73,13,77,157,9,73,216,719,314,29,149,10,459,13,173,33,106,3073
Gujarat,Junagadh,2016,54,46,11,55,111,6,50,148,670,410,98,145,26,540,16,132,31,183,3134
Gujarat,Junagadh,2017,54,43,9,76,90,7,48,217,444,179,29,132,7,391,21,129,28,202,2573
Gujarat,Junagadh,2018,63,63,9,88,125,12,42,207,569,349,59,206,12,435,26,111,24,142,3015
Gujarat,Junagadh,2019,46,52,7,47,100,11,57,184,527,203,32,171,20,358,7,150,50,236,2654
Gujarat,Junagadh,2020,29,31,6,60,134,8,52,133,623,310,64,173,10,427,11,101,19,177,2705
Gujarat,Junagadh,2021,36,34,7,68,194,5,84,122,580,314,100,241,28,487,23,187,65,149,3149
Gujarat,Junagadh,2022,54,55,11,98,170,12,29,166,545,273,59,308,30,459,33,160,42,210,3145
Gujarat,Kheda North,2015,97,131,15,95,162,9,54,297,998,425,169,318,52,1073,14,312,103,386,5447
Gujarat,Kheda North,2016,104,99,14,169,338,5,117,393,822,515,103,340,32,836,52,201,43,401,5340
Gujarat,Kheda North,2017,97,115,11,136,309,18,145,342,1178,625,169,333,45,1082,21,360,86,355,6213
Gujarat,Kheda North,2018,99,117,14,104,338,23,101,275,887,511,119,271,40,931,29,256,60,275,5231
Gujarat,Kheda North,2019,123,105,29,125,360,14,141,344,1490,729,153,384,27,773,24,310,68,289,6333
Gujarat,Kheda North,2020,93,120,12,112,248,16,120,382,708,341,152,447,20,792,37,201,41,348,4836
Gujarat,Kheda North,2021,91,94,12,184,271,9,130,404,1375,724,175,501,43,1053,55,324,48,441,6767
Gujarat,Kheda North,2022,71,98,11,154,171,7,79,291,1100,703,154,574,66,1011,36,319,104,451,6245
Gujarat,Kutch,2015,57,52,8,119,198,15,99,297,1011,540,67,243,14,930,40,133,20,377,4858
Gujarat,Kutch,2016,77,70,17,97,282,5,89,371,907,459,152,216,19,780,32,267,63,240,4796
Gujarat,Kutch,2017,72,91,8,110,166,12,133,356,1218,548,74,314,37,956,30,205,33,205,5291
Gujarat,Kutch,2018,88,110,20,147,181,13,80,397,948,333,190,351,55,838,38,307,101,350,5319
Gujarat,Kutch,2019,56,59,7,115,196,7,78,293,1059,551,85,301,49,841,19,139,24,278,4838
Gujarat,Kutch,2020,52,46,12,119,214,3,63,157,932,482,73,312,39,482,20,120,20,193,3894
Gujarat,Kutch,2021,95,108,17,130,294,7,50,349,1023,484,47,437,26,627,42,236,42,229,4916
Gujarat,Kutch,2022,79,64,15,159,177,8,143,212,837,528,157,464,15,1014,32,185,51,212,5071
Gujarat,Mehsana,2015,111,106,19,237,485,10,150,513,1286,509,160,426,37,857,61,266,88,508,7132
Gujarat,Mehsana,2016,134,186,21,141,397,11,96,512,1748,1046,263,430,54,1576,28,498,144,334,8706
Gujarat,Mehsana,2017,116,100,23,230,456,27,149,455,1519,893,179,366,54,1439,37,328,52,415,7906
Gujarat,Mehsana,2018,115,100,20,244,504,19,93,624,1833,906,163,386,58,1199,39,377,127,555,8478
Gujarat,Mehsana,2019,165,188,23,242,348,8,88,515,1770,1087,233,482,48,1542,51,491,168,364,9019
Gujarat,Mehsana,2020,113,137,12,161,358,18,107,556,1532,613,109,546,34,1282,53,344,113,297,7315
Gujarat,Mehsana,2021,116,115,22,251,463,32,79,586,1504,955,268,547,65,985,41,398,114,444,8090
Gujarat,Mehsana,2022,96,112,21,145,284,10,155,640,1763,1022,89,722,73,1208,50,293,76,441,8341
Gujarat,Narmada,2015,11,11,2,10,32,1,7,44,97,35,8,31,4,85,3,42,10,43,632
Gujarat,Narmada,2016,10,11,2,15,40,1,9,54,199,97,17,46,3,160,3,24,7,64,871
Gujarat,Narmada,2017,11,8,1,10,32,2,19,54,157,92,15,39,7,123,1,23,6,46,745
Gujarat,Narmada,2018,11,10,1,15,29,1,10,37,169,59,22,38,2,165,4,50,10,45,792
Gujarat,Narmada,2019,10,9,1,13,32,2,21,38,192,81,23,39,4,161,4,45,10,60,865
Gujarat,Narmada,2020,11,9,2,19,37,2,7,25,148,68,14,52,3,79,6,20,3,32,625
Gujarat,Narmada,2021,11,13,2,17,46,1,12,58,111,66,27,68,5,96,5,37,7,64,753
Gujarat,Narmada,2022,14,19,1,25,39,3,11,50,126,57,17,78,5,145,4,50,10,61,827
Gujarat,Navsari,2015,31,41,4,52,102,4,49,104,471,239,62,99,16,373,17,78,23,87,2118
Gujarat,Navsari,2016,42,41,5,55,105,7,56,89,357,149,69,94,6,332,8,99,20,134,1959
Gujarat,Navsari,2017,43,38,7,59,69,2,39,147,387,226,68,98,9,394,12,86,15,139,2139
Gujarat,Navsari,2018,26,22,3,34,77,5,36,142,353,160,51,109,10,317,8,82,23,143,2070
Gujarat,Navsari,2019,33,45,5,70,94,8,46,90,408,204,70,112,20,363,12,80,15,99,2091
Gujarat,Navsari,2020,21,27,3,42,90,3,32,110,383,135,45,154,5,204,13,112,30,139,1800
Gujarat,Navsari,2021,38,40,9,54,87,6,37,170,431,178,28,185,8,248,8,67,18,82,1992
Gujarat,Navsari,2022,29,29,6,50,96,3,46,93,398,198,48,175,7,374,13,116,24,129,2133
Gujarat,Palanpur,2015,83,77,12,112,207,15,99,386,824,439,61,345,48,815,17,244,82,344,5261
Gujarat,Palanpur,2016,71,61,14,157,234,7,163,465,1504,705,169,318,27,937,29,195,56,472,6424
Gujarat,Palanpur,2017,103,109,21,133,295,26,132,294,1433,840,241,412,44,990,25,207,37,261,6529
Gujarat,Palanpur,2018,120,105,22,214,226,16,168,436,1395,732,243,295,65,1237,41,386,90,328,7039
Gujarat,Palanpur,2019,103,138,15,232,377,21,94,441,1214,745,141,412,67,1179,63,465,131,322,7168
Gujarat,Palanpur,2020,96,123,11,164,233,9,92,331,846,388,198,484,49,1053,46,203,67,278,5453
Gujarat,Palanpur,2021,99,102,19,94,257,12,142,394,1240,722,185,504,47,1159,31,309,98,472,6733
Gujarat,Palanpur,2022,120,119,13,169,287,26,138,412,1540,645,246,504,77,1183,45,284,86,594,7489
Gujarat,Panchmahal,2015,55,48,6,55,108,7,27,170,521,323,34,152,30,481,10,170,28,136,2743
Gujarat,Panchmahal,2016,56,75,6,89,195,3,77,156,755,343,45,196,29,578,26,117,36,212,3423
Gujarat,Panchmahal,2017,44,44,6,87,198,6,42,227,639,374,49,186,31,533,29,88,15,168,3192
Gujarat,Panchmahal,2018,54,71,9,96,144,3,41,187,746,477,101,163,17,445,33,144,27,223,3416
Gujarat,Panchmahal,2019,69,85,12,111,104,8,54,273,711,438,68,165,21,472,30,107,16,216,3440
Gujarat,Panchmahal,2020,39,46,8,67,144,6,35,150,515,257,48,184,24,287,10,134,30,92,2416
Gujarat,Panchmahal,2021,44,38,9,45,111,4,71,187,637,271,100,247,16,359,7,163,57,127,2884
Gujarat,Panchmahal,2022,62,60,13,106,120,5,86,220,599,336,95,251,32,639,16,148,25,224,3500
Gujarat,Patan,2015,31,41,3,61,116,3,58,184,472,219,30,113,17,303,10,88,20,104,2200
Gujarat,Patan,2016,44,46,8,78,121,4,55,119,487,267,52,145,19,461,12,141,30,142,2566
Gujarat,Patan,2017,36,42,4,37,128,9,63,193,553,271,56,143,27,498,5,135,36,173,2770
Gujarat,Patan,2018,43,48,8,53,128,4,71,97,572,365,84,162,27,373,9,74,24,127,2626
Gujarat,Patan,2019,29,38,4,69,151,7,25,153,550,215,72,152,16,419,21,127,39,145,2572
Gujarat,Patan,2020,34,39,4,52,62,9,51,90,300,185,23,204,22,421,15,109,25,105,2047
Gujarat,Patan,2021,39,40,5,51,146,9,46,119,381,211,78,244,27,346,10,85,29,140,2389
Gujarat,Patan,2022,37,32,6,78,139,6,56,145,512,307,30,193,9,449,23,157,46,150,2730
Gujarat,Porbandar,2015,20,25,4,28,49,1,13,85,257,133,35,47,10,195,5,58,17,71,1197
Gujarat,Porbandar,2016,16,14,3,16,33,3,10,82,276,114,28,50,5,142,4,43,10,66,1067
Gujarat,Porbandar,2017,21,24,5,28,46,4,18,67,257,154,18,65,8,120,7,35,8,64,1098
Gujarat,Porbandar,2018,22,22,2,34,68,1,23,60,274,169,17,60,12,234,7,66,20,81,1336
Gujarat,Porbandar,2019,18,17,2,19,45,1,21,83,157,91,25,51,8,120,4,52,16,70,988
Gujarat,Porbandar,2020,11,10,1,24,48,3,22,62,178,82,16,82,2,113,5,48,15,49,888
Gujarat,Porbandar,2021,18,16,4,22,58,3,10,75,257,118,34,104,3,133,3,47,11,66,1131
Gujarat,Porbandar,2022,21,28,4,24,37,4,20,54,185,92,10,75,3,146,3,51,8,75,1011
Gujarat,Rajkot Commr.,2015,66,61,15,79,218,12,86,337,1024,612,133,266,44,727,19,251,48,237,4821
Gujarat,Rajkot Commr.,2016,45,43,10,97,160,4,69,223,994,514,96,181,20,564,19,174,32,228,4027
Gujarat,Rajkot Commr.,2017,78,104,12,66,152,13,61,199,600,221,87,199,36,730,15,177,61,176,3729
Gujarat,Rajkot Commr.,2018,71,88,10,111,250,9,90,352,786,435,153,201,40,527,28,229,39,292,4329
Gujarat,Rajkot Commr.,2019,70,95,12,71,189,6,56,175,578,342,60,253,26,659,11,216,37,299,3827
Gujarat,Rajkot Commr.,2020,69,79,16,92,183,10,37,295,639,413,120,255,28,498,28,123,42,208,3657
Gujarat,Rajkot Commr.,2021,49,55,6,89,147,15,102,298,568,289,74,356,37,632,21,252,48,204,3782
Gujarat,Rajkot Commr.,2022,70,62,9,132,261,12,44,189,922,584,149,319,36,621,28,264,43,235,4575
Gujarat,Rajkot Rural,2015,51,69,11,60,198,13,83,232,725,432,59,175,25,458,19,193,33,200,3471
Gujarat,Rajkot Rural,2016,43,56,6,85,157,10,33,202,803,333,81,146,12,619,20,141,42,208,3440
Gujarat,Rajkot Rural,2017,53,61,9,102,193,5,72,239,590,297,85,174,27,513,32,171,54,243,3374
Gujarat,Rajkot Rural,2018,38,51,5,56,130,5,51,266,771,375,58,202,35,491,11,205,50,173,3423
Gujarat,Rajkot Rural,2019,67,91,7,102,224,7,68,271,678,289,107,196,13,669,33,206,43,219,3821
Gujarat,Rajkot Rural,2020,41,41,8,61,94,9,55,190,550,300,79,236,15,376,9,99,28,227,2811
Gujarat,Rajkot Rural,2021,61,65,14,88,130,7,47,225,760,470,106,254,33,483,23,160,33,272,3710
Gujarat,Rajkot Rural,2022,60,58,11,86,177,7,62,212,795,308,64,278,20,591,21,184,48,189,3641
Gujarat,Surat Commr.,2015,483,613,79,452,1364,24,520,1322,4704,1832,539,1233,106,2771,123,1491,493,1115,22890
Gujarat,Surat Commr.,2016,342,468,39,358,932,103,327,1019,4784,2932,929,1365,213,4294,90,862,225,1056,23865
Gujarat,Surat Commr.,2017,537,513,80,509,1249,83,302,1991,5861,3513,874,1342,86,4113,130,983,227,1380,27841
Gujarat,Surat Commr.,2018,490,652,67,888,1278,65,506,1561,7091,2535,499,1617,129,4269,236,1376,366,1441,29037
Gujarat,Surat Commr.,2019,512,624,51,561,1321,57,345,1149,3927,1857,856,1856,239,4615,132,1320,422,2049,26152
Gujarat,Surat Commr.,2020,377,380,48,754,1452,50,644,1304,3688,1865,493,2389,126,3963,220,1200,397,1954,24787
Gujarat,Surat Commr.,2021,354,459,46,435,1416,82,325,1298,5948,2781,510,2060,149,4270,103,883,164,1704,26710
Gujarat,Surat Commr.,2022,606,799,106,687,1501,56,427,2289,4754,1945,356,2394,307,6411,211,1444,422,2578,31779
Gujarat,Surat Rural,2015,69,87,15,108,174,13,113,163,1005,520,95,200,23,682,28,141,30,151,4184
Gujarat,Surat Rural,2016,52,44,9,59,229,13,96,230,842,403,122,242,41,752,19,128,23,188,4052
Gujarat,Surat Rural,2017,61,77,12,116,288,5,110,242,938,507,54,246,46,868,26,140,25,317,4701
Gujarat,Surat Rural,2018,70,73,12,88,321,14,66,413,731,390,162,283,21,589,26,216,61,313,4599
Gujarat,Surat Rural,2019,65,80,9,115,239,11,114,326,1023,536,57,295,14,639,26,271,60,289,4860
Gujarat,Surat Rural,2020,53,47,12,126,153,4,77,281,995,373,85,276,37,654,34,226,57,175,4215
Gujarat,Surat Rural,2021,51,52,7,76,229,15,109,222,644,411,153,377,33,645,13,210,61,205,4116
Gujarat,Surat Rural,2022,57,54,6,81,179,8,96,181,831,360,117,358,45,759,20,300,89,282,4484
Gujarat,Surendranagar,2015,42,56,8,44,159,5,57,122,656,342,65,135,23,476,6,101,33,211,2928
Gujarat,Surendranagar,2016,41,32,9,66,158,6,26,137,675,390,27,151,27,465,18,126,25,207,2962
Gujarat,Surendranagar,2017,46,40,5,90,115,4,43,186,480,169,35,185,25,540,14,138,29,123,2711
Gujarat,Surendranagar,2018,39,40,5,60,101,4,31,144,561,303,34,147,15,380,9,125,43,222,2659
Gujarat,Surendranagar,2019,37,46,6,48,139,9,50,152,672,406,62,193,28,552,13,165,35,224,3293
Gujarat,Surendranagar,2020,29,36,3,64,147,7,42,186,388,238,40,185,25,478,19,105,33,140,2528
Gujarat,Surendranagar,2021,35,31,4,63,137,4,82,223,698,349,49,282,11,525,11,85,24,179,3209
Gujarat,Surendranagar,2022,44,58,8,62,142,6,58,209,533,222,65,198,26,555,16,102,32,224,2953
Gujarat,Vadodara Commr.,2015,240,252,58,363,542,52,330,670,3268,1219,153,844,46,2267,95,663,228,909,13999
Gujarat,Vadodara Commr.,2016,256,282,61,321,504,55,167,1159,3823,2316,246,785,72,2402,102,613,126,581,16044
Gujarat,Vadodara Commr.,2017,236,293,48,267,551,32,366,659,2664,1717,327,714,53,1852,69,705,169,1118,14205
Gujarat,Vadodara Commr.,2018,260,271,46,428,659,50,269,1119,2472,1041,193,930,39,2589,101,595,95,581,13714
Gujarat,Vadodara Commr.,2019,181,233,42,498,659,55,308,741,2186,1137,432,1021,50,2541,141,903,276,756,14424
Gujarat,Vadodara Commr.,2020,196,169,30,276,513,57,177,605,3221,1154,293,1233,130,2241,94,583,180,589,13472
Gujarat,Vadodara Commr.,2021,270,302,37,295,692,19,422,893,3618,1887,511,1443,89,3041,95,905,300,883,17904
Gujarat,Vadodara Commr.,2022,324,301,34,403,721,31,427,954,3499,1313,609,1167,51,2660,72,1081,168,638,16777
Gujarat,Vadodara Rural,2015,34,46,8,69,131,12,62,212,744,361,42,146,29,449,20,189,56,129,3146
Gujarat,Vadodara Rural,2016,41,55,5,89,104,11,49,131,824,411,61,160,36,467,27,190,34,244,3395
Gujarat,Vadodara Rural,2017,43,52,8,57,115,10,65,193,536,265,44,185,15,709,11,131,43,267,3319
Gujarat,Vadodara Rural,2018,47,52,11,50,133,11,64,169,513,289,68,169,23,694,9,132,35,249,3271
Gujarat,Vadodara Rural,2019,52,64,12,82,187,10,90,261,664,405,39,185,29,680,17,213,65,222,3804
Gujarat,Vadodara Rural,2020,58,77,12,56,102,11,60,189,617,275,59,276,18,377,13,90,19,127,2844
Gujarat,Vadodara Rural,2021,57,67,13,93,140,15,48,270,594,372,121,319,29,534,29,179,29,207,3617
Gujarat,Vadodara Rural,2022,52,47,6,80,227,3,84,160,539,348,108,333,32,517,22,116,23,200,3394
Gujarat,Valsad,2015,54,55,6,113,200,5,97,236,520,201,104,175,11,625,36,233,68,288,3529
Gujarat,Valsad,2016,44,39,7,76,199,6,67,186,457,211,49,178,25,362,15,174,30,165,3004
Gujarat,Valsad,2017,53,55,10,77,150,8,83,301,725,396,111,243,29,684,25,115,36,210,3831
Gujarat,Valsad,2018,69,55,8,90,131,12,48,287,765,277,108,212,21,610,13,220,65,173,3690
Gujarat,Valsad,2019,73,89,8,87,103,10,58,272,697,440,122,166,34,660,29,168,29,196,3744
Gujarat,Valsad,2020,46,40,7,67,192,9,51,167,690,308,43,234,18,582,11,174,40,140,3242
Gujarat,Valsad,2021,70,85,16,69,197,16,70,258,637,240,68,307,32,572,22,140,34,273,3618
Gujarat,Valsad,2022,51,64,9,107,233,11,92,265,962,426,50,277,12,529,28,224,43,216,4161
Gujarat,W.Rly,2015,26,35,5,21,61,1,30,100,238,87,15,90,12,265,6,49,8,102,1343
Gujarat,W.Rly,2016,26,36,5,32,77,1,27,55,191,114,26,87,8,230,7,69,23,104,1303
Gujarat,W.Rly,2017,22,21,2,32,86,5,28,99,275,138,24,79,4,242,5,61,14,58,1397
Gujarat,W.Rly,2018,18,18,3,45,45,4,14,126,383,201,34,74,6,199,11,78,14,65,1552
Gujarat,W.Rly,2019,28,24,3,22,81,4,19,108,335,129,22,93,9,222,4,64,9,95,1473
Gujarat,W.Rly,2020,18,21,2,37,56,5,14,78,189,95,21,91,4,138,10,57,10,97,1135
Gujarat,W.Rly,2021,27,34,5,33,60,2,16,99,228,89,33,135,4,273,7,79,26,98,1444
Gujarat,W.Rly,2022,16,19,1,37,55,1,36,70,214,93,39,112,14,194,7,81,13,100,1302
Haryana,Ambala,2015,62,81,10,77,185,13,74,245,615,351,34,209,26,669,26,117,27,177,3466
Haryana,Ambala,2016,37,35,7,91,167,4,33,144,505,183,97,191,30,468,28,116,25,252,3063
Haryana,Ambala,2017,75,79,8,97,131,10,63,245,774,286,48,166,29,754,25,107,24,309,3748
Haryana,Ambala,2018,48,58,6,112,103,3,92,202,934,410,77,169,27,617,29,153,41,158,3747
Haryana,Ambala,2019,72,61,10,118,178,5,71,168,614,298,77,230,38,425,22,142,32,309,3497
Haryana,Ambala,2020,61,50,9,61,119,8,31,118,779,315,76,217,32,357,11,190,33,178,3065
Haryana,Ambala,2021,50,42,10,53,211,6,79,272,620,373,64,326,26,529,8,200,39,226,3590
Haryana,Ambala,2022,62,71,12,51,220,11,36,229,844,541,80,320,13,436,8,196,30,128,3763
Haryana,Bhiwani,2015,71,90,13,121,248,13,121,233,1262,599,93,299,42,724,29,305,104,313,5364
Haryana,Bhiwani,2016,91,117,20,85,356,5,121,291,1061,625,62,278,20,829,27,271,62,243,5329
Haryana,Bhiwani,2017,101,124,23,127,216,18,103,360,942,429,105,325,27,818,24,169,46,429,5155
Haryana,Bhiwani,2018,96,128,9,174,172,21,70,411,1497,558,132,308,35,707,58,324,64,484,6062
Haryana,Bhiwani,2019,85,74,15,135,220,15,92,399,1514,898,82,314,64,785,35,245,82,255,6157
Haryana,Bhiwani,2020,53,52,7,108,141,20,64,275,935,505,156,406,36,636,31,261,58,280,4654
Haryana,Bhiwani,2021,93,76,12,112,160,12,130,327,1379,738,161,494,39,901,37,163,29,306,5934
Haryana,Bhiwani,2022,69,75,9,175,259,9,101,477,1278,458,122,506,25,1001,30,340,70,395,6195
Haryana,Faridabad,2015,120,113,14,184,421,11,131,399,1907,737,258,381,78,1357,42,420,92,435,8142
Haryana,Faridabad,2016,114,103,23,123,252,15,119,533,1834,1113,150,529,75,1589,42,384,90,356,8569
Haryana,Faridabad,2017,101,139,13,213,410,32,156,273,1282,593,222,461,23,1105,64,402,117,380,7008
Haryana,Faridabad,2018,151,155,37,192,486,8,103,628,1383,528,138,475,33,1200,36,236,71,641,7599
Haryana,Faridabad,2019,140,145,33,169,379,35,217,685,1421,677,261,426,54,1320,46,370,86,431,8157
Haryana,Faridabad,2020,73,88,10,93,256,13,94,458,1494,913,219,465,46,729,16,361,125,268,6566
Haryana,Faridabad,2021,161,186,31,141,424,20,111,336,2009,1056,139,794,61,949,48,273,50,584,8510
Haryana,Faridabad,2022,130,114,30,197,542,35,183,379,1276,581,233,706,66,1419,38,284,59,456,7896
Haryana,Fatehabad,2015,54,43,12,39,115,5,29,187,525,328,74,177,8,423,7,110,28,99,2633
Haryana,Fatehabad,2016,31,26,6,82,130,4,60,113,401,190,28,182,8,439,14,78,23,119,2562
Haryana,Fatehabad,2017,46,46,11,43,174,10,39,121,698,374,45,135,22,504,11,86,20,219,3001
Haryana,Fatehabad,2018,45,46,7,47,171,6,29,136,770,423,100,198,16,603,8,90,27,207,3347
Haryana,Fatehabad,2019,41,41,9,64,135,8,45,175,513,292,73,146,9,398,13,180,33,174,2753
Haryana,Fatehabad,2020,44,41,5,57,95,3,23,89,430,212,61,158,8,260,12,130,30,144,2163
Haryana,Fatehabad,2021,40,41,4,64,130,11,66,123,604,362,61,193,21,397,15,136,22,190,2861
Haryana,Fatehabad,2022,51,54,9,62,145,2,62,113,511,189,86,258,14,557,17,114,27,156,2816
Haryana,Grp,2015,21,21,3,39,39,5,32,78,249,156,31,66,11,210,10,66,12,79,1300
Haryana,Grp,2016,21,24,2,18,66,4,14,91,283,153,17,64,4,146,5,47,12,95,1235
Haryana,Grp,2017,21,18,2,25,41,2,20,55,306,176,22,61,4,201,3,40,7,64,1249
Haryana,Grp,2018,20,21,2,34,51,3,33,108,200,92,35,86,9,225,8,50,11,97,1317
Haryana,Grp,2019,18,16,3,23,81,4,14,92,276,177,14,67,10,270,7,83,21,101,1472
Haryana,Grp,2020,16,19,3,32,48,3,26,81,233,145,25,96,6,139,5,43,13,98,1198
Haryana,Grp,2021,21,27,5,19,36,4,34,67,314,176,39,91,11,163,5,56,13,63,1321
Haryana,Grp,2022,27,23,6,40,59,4,18,78,322,159,35,114,4,224,11,58,16,89,1480
Haryana,Gurgaon,2015,251,233,40,401,399,52,345,616,3435,2083,244,640,110,2296,62,639,201,641,14557
Haryana,Gurgaon,2016,300,286,55,335,762,67,337,843,3201,1349,153,658,138,2765,114,815,246,1219,15698
Haryana,Gurgaon,2017,297,384,63,372,981,61,245,844,2386,1057,561,760,78,3126,102,494,95,1355,15527
Haryana,Gurgaon,2018,261,278,55,252,711,55,198,1147,3976,2424,474,952,83,2392,75,996,195,1064,17747
Haryana,Gurgaon,2019,211,230,29,240,744,45,394,658,3591,1962,423,997,57,2926,67,785,132,1049,16640
Haryana,Gurgaon,2020,249,220,33,267,711,43,214,864,2996,1342,279,1334,140,2378,45,590,89,1098,14790
Haryana,Gurgaon,2021,313,346,48,399,531,32,433,1210,3552,1287,376,1083,167,2834,114,737,123,1154,16969
Haryana,Gurgaon,2022,263,303,35,401,750,47,411,1310,3810,2034,540,1429,74,1942,115,655,155,934,17434
Haryana,Hissar,2015,79,83,11,106,361,15,137,235,1558,859,86,400,24,812,21,212,56,335,6272
Haryana,Hissar,2016,80,110,9,141,408,26,154,420,1105,516,115,358,19,1208,39,360,106,335,6400
Haryana,Hissar,2017,116,137,26,94,297,24,114,285,1104,590,129,410,40,1164,28,201,42,438,6102
Haryana,Hissar,2018,96,77,17,164,276,10,105,347,1282,516,237,347,31,841,31,226,46,426,6646
Haryana,Hissar,2019,73,82,12,204,348,29,152,377,1187,609,192,384,31,1137,55,308,49,503,6648
Haryana,Hissar,2020,80,78,14,167,207,21,83,254,1122,498,59,481,48,750,39,205,70,362,5288
Haryana,Hissar,2021,115,160,21,155,253,14,63,243,1056,398,178,625,38,1238,51,349,116,262,6233
Haryana,Hissar,2022,122,108,25,172,418,10,87,393,1722,1001,112,520,59,990,58,358,57,329,7505
Haryana,Jhajjar,2015,28,37,3,62,134,6,24,141,525,230,68,114,17,452,20,69,14,201,2487
Haryana,Jhajjar,2016,38,42,8,72,96,4,46,191,399,170,35,160,19,442,18,83,21,154,2337
Haryana,Jhajjar,2017,31,38,6,48,98,2,60,192,367,134,45,163,16,390,7,147,22,94,2337
Haryana,Jhajjar,2018,42,47,5,41,162,4,56,131,412,171,79,157,18,453,11,104,35,110,2480
Haryana,Jhajjar,2019,38,45,5,75,121,2,30,171,482,240,59,118,20,403,17,146,45,127,2486
Haryana,Jhajjar,2020,36,34,6,65,106,6,23,133,526,267,27,190,12,324,21,93,28,164,2348
Haryana,Jhajjar,2021,42,44,10,51,159,2,40,165,542,216,55,228,20,402,15,152,24,178,2694
Haryana,Jhajjar,2022,52,64,10,41,125,4,72,193,662,410,29,216,9,456,11,113,26,189,3062
Haryana,Jind,2015,49,53,9,45,95,7,45,132,469,299,112,159,13,375,15,122,36,244,2986
Haryana,Jind,2016,53,67,10,93,198,7,79,208,655,298,113,179,24,462,14,120,25,230,3289
Haryana,Jind,2017,59,73,13,78,142,7,31,176,457,267,64,197,26,642,25,188,61,130,3081
Haryana,Jind,2018,63,71,6,108,202,12,60,273,881,546,65,201,34,557,26,144,44,231,4013
Haryana,Jind,2019,69,91,16,107,104,8,55,156,671,380,33,194,12,664,32,151,30,260,3515
Haryana,Jind,2020,35,36,4,60,110,5,66,206,424,207,36,189,26,342,15,127,28,118,2499
Haryana,Jind,2021,53,56,8,58,177,8,30,217,585,323,80,230,20,613,16,182,42,254,3384
Haryana,Jind,2022,72,96,8,93,130,8,94,227,695,328,108,272,21,506,16,124,36,256,3584
Haryana,Kaithal,2015,38,51,5,62,124,3,41,149,413,230,74,118,12,246,20,82,14,130,2115
Haryana,Kaithal,2016,41,44,7,63,123,6,39,130,365,161,71,98,14,283,10,96,21,155,2023
Haryana,Kaithal,2017,41,33,4,66,89,8,35,135,531,191,23,104,19,458,16,102,20,85,2281
Haryana,Kaithal,2018,35,47,7,40,123,9,44,107,422,194,71,112,15,456,10,64,11,169,2256
Haryana,Kaithal,2019,40,45,5,34,78,5,42,191,401,157,52,134,15,345,11,130,38,117,2178
Haryana,Kaithal,2020,27,37,6,30,91,6,36,148,425,247,32,133,11,348,10,107,23,134,2113
Haryana,Kaithal,2021,28,35,6,38,82,7,56,138,395,198,68,230,14,409,12,99,24,167,2329
Haryana,Kaithal,2022,37,43,4,66,71,10,40,90,534,342,68,206,9,379,16,72,20,196,2539
Haryana,Karnal,2015,93,118,16,72,264,11,54,355,1108,705,66,221,15,764,10,226,45,231,5037
Haryana,Karnal,2016,80,89,17,92,348,23,115,453,1339,571,128,254,44,777,19,211,37,430,5785
Haryana,Karnal,2017,68,88,9,83,329,18,133,260,772,440,53,252,34,781,25,275,75,369,4878
Haryana,Karnal,2018,58,74,6,148,290,23,123,194,1331,814,124,240,51,813,28,279,70,358,5747
Haryana,Karnal,2019,105,121,15,96,255,16,127,381,939,486,178,320,39,1077,25,268,84,352,5641
Haryana,Karnal,2020,54,53,6,144,262,5,116,358,888,400,60,406,40,921,22,218,48,232,4862
Haryana,Karnal,2021,77,64,14,128,266,19,144,376,1152,425,187,371,29,1062,28,309,61,234,5696
Haryana,Karnal,2022,63,58,14,116,271,20,59,335,1202,650,172,459,57,803,39,180,49,218,5518
Haryana,Kurukshetra,2015,31,42,3,78,95,5,44,152,509,215,33,122,16,491,22,96,21,159,2509
Haryana,Kurukshetra,2016,47,65,8,43,97,2,77,142,500,197,41,145,9,496,13,127,19,164,2629
Haryana,Kurukshetra,2017,48,60,8,102,145,6,71,123,687,377,74,155,21,513,34,102,33,150,3151
Haryana,Kurukshetra,2018,61,56,13,61,98,11,47,172,689,359,111,146,28,603,9,128,20,157,3202
Haryana,Kurukshetra,2019,61,49,11,103,187,4,65,123,551,248,77,171,10,411,30,111,35,216,2994
Haryana,Kurukshetra,2020,35,44,4,79,167,11,47,167,574,274,75,251,16,380,18,91,22,165,2788
Haryana,Kurukshetra,2021,54,62,12,45,140,13,84,127,578,265,55,251,10,386,14,181,61,123,2885
Haryana,Kurukshetra,2022,46,49,8,90,153,13,48,148,495,173,63,262,15,543,26,184,35,121,2892
Haryana,Mahendragarh,2015,26,29,4,58,136,2,44,114,330,180,78,134,15,256,9,102,28,102,2030
Haryana,Mahendragarh,2016,45,43,8,68,107,8,28,119,586,379,82,113,13,343,21,146,22,157,2619
Haryana,Mahendragarh,2017,33,37,5,40,95,4,53,118,620,395,67,143,8,386,12,134,40,102,2627
Haryana,Mahendragarh,2018,38,37,7,68,69,2,42,101,351,193,74,106,8,320,12,68,19,167,2129
Haryana,Mahendragarh,2019,44,41,8,45,140,7,27,118,565,353,31,121,8,480,13,150,28,109,2628
Haryana,Mahendragarh,2020,38,32,5,63,108,9,30,135,449,163,39,178,15,323,22,107,30,140,2170
Haryana,Mahendragarh,2021,43,36,10,74,131,4,24,131,541,287,82,211,14,336,14,120,24,105,2508
Haryana,Mahendragarh,2022,42,55,6,42,136,7,29,189,596,274,25,160,12,335,14,119,27,114,2513
Haryana,Panchkula,2015,33,31,7,53,73,5,57,92,322,183,74,95,8,385,18,94,14,84,1923
Haryana,Panchkula,2016,28,24,4,59,77,3,36,131,335,155,58,114,11,402,12,114,20,113,1971
Haryana,Panchkula,2017,36,38,6,33,70,5,32,85,403,179,54,89,12,369,6,112,21,160,1977
Haryana,Panchkula,2018,36,29,7,32,102,9,28,100,547,325,77,126,11,426,8,97,28,153,2444
Haryana,Panchkula,2019,25,24,4,39,111,3,51,91,494,267,43,110,20,413,9,120,28,79,2227
Haryana,Panchkula,2020,29,31,4,32,83,3,45,124,422,185,49,131,14,225,9,103,28,94,1857
Haryana,Panchkula,2021,27,36,6,34,89,8,33,138,464,217,67,133,14,377,11,98,21,126,2171
Haryana,Panchkula,2022,35,29,4,66,70,2,29,86,430,256,62,174,19,276,17,62,17,135,2069
Haryana,Panipat,2015,67,59,6,165,218,11,74,373,769,351,67,277,19,801,55,170,30,330,4881
Haryana,Panipat,2016,83,86,10,102,303,5,140,322,1070,418,153,257,18,838,32,167,25,445,5233
Haryana,Panipat,2017,98,101,14,170,311,16,85,238,1356,844,115,332,55,739,36,342,77,313,6033
Haryana,Panipat,2018,86,75,20,111,272,16,94,297,1002,563,192,288,37,1109,21,283,73,322,5623
Haryana,Panipat,2019,69,88,12,140,340,19,120,243,1122,485,76,261,31,953,36,245,79,450,5546
Haryana,Panipat,2020,69,66,7,110,162,19,110,322,807,415,52,322,42,802,19,235,81,227,4467
Haryana,Panipat,2021,103,124,25,137,371,15,108,236,1257,528,127,493,29,762,28,334,104,308,5892
Haryana,Panipat,2022,71,59,9,113,313,21,106,408,840,454,138,508,59,1143,18,386,125,311,5916
Haryana,Rewari,2015,45,62,8,42,187,2,75,154,571,219,47,144,24,561,13,173,53,216,2999
Haryana,Rewari,2016,45,62,10,87,190,7,48,188,540,305,97,179,18,386,27,120,30,127,3055
Haryana,Rewari,2017,43,58,5,66,111,7,57,130,559,223,79,157,31,494,21,130,22,223,3207
Haryana,Rewari,2018,47,49,10,116,151,12,65,160,673,321,61,167,31,471,25,222,62,163,3350
Haryana,Rewari,2019,44,43,8,63,206,7,65,126,601,337,64,182,13,689,14,103,29,231,3296
Haryana,Rewari,2020,51,48,10,63,163,10,32,126,532,284,74,252,22,511,16,121,27,139,2854
Haryana,Rewari,2021,44,50,7,69,118,6,48,165,774,273,35,256,26,362,20,102,20,143,2978
Haryana,Rewari,2022,41,40,10,109,185,11,52,172,551,220,64,342,20,691,24,184,46,227,3495
Haryana,Rohtak,2015,74,74,13,136,263,8,107,282,731,357,89,207,27,857,29,144,46,278,4352
Haryana,Rohtak,2016,64,83,15,121,184,19,102,315,735,425,46,257,38,577,34,122,39,355,4132
Haryana,Rohtak,2017,68,76,7,134,245,15,84,194,1116,424,122,240,20,928,40,191,61,323,4937
Haryana,Rohtak,2018,88,121,19,148,248,7,55,400,889,560,121,284,25,853,47,257,46,239,5092
Haryana,Rohtak,2019,58,65,10,149,192,20,117,227,925,359,104,268,18,580,31,135,20,307,4408
Haryana,Rohtak,2020,79,95,16,93,173,16,43,300,968,395,142,359,25,801,15,143,33,231,4486
Haryana,Rohtak,2021,53,54,6,69,163,8,94,371,927,543,107,319,48,627,22,177,42,310,4582
Haryana,Rohtak,2022,66,59,13,64,124,10,118,354,646,395,47,320,27,510,20,185,39,182,4110
Haryana,Sirsa,2015,69,62,7,68,120,5,42,204,926,350,38,193,20,447,14,154,35,154,3415
Haryana,Sirsa,2016,55,76,9,86,207,5,64,294,701,434,44,220,32,489,17,232,43,247,3772
Haryana,Sirsa,2017,53,67,9,133,218,11,119,253,721,358,46,199,17,766,31,190,45,296,4141
Haryana,Sirsa,2018,50,50,5,92,241,10,51,206,1047,540,52,218,31,821,22,224,52,297,4598
Haryana,Sirsa,2019,52,69,10,129,225,10,87,283,1021,429,83,254,15,718,32,182,50,316,4529
Haryana,Sirsa,2020,72,77,7,93,170,5,81,300,823,491,115,349,25,652,15,156,33,187,4154
Haryana,Sirsa,2021,69,60,14,119,221,16,81,160,757,335,53,383,35,792,36,135,37,199,4078
Haryana,Sirsa,2022,77,65,18,85,255,11,59,339,805,294,122,337,25,706,20,153,27,336,4305
Haryana,Sonipat,2015,71,72,13,91,287,16,124,393,1156,696,114,286,34,956,18,288,45,323,5664
Haryana,Sonipat,2016,102,91,12,91,249,14,123,429,1248,699,103,312,23,997,26,304,55,380,5987
Haryana,Sonipat,2017,57,69,12,95,256,21,73,314,726,334,72,241,37,934,28,276,50,246,4504
Haryana,Sonipat,2018,61,83,6,165,206,16,140,257,1182,712,121,294,50,985,44,186,56,348,5631
Haryana,Sonipat,2019,97,86,17,107,287,10,50,208,1026,632,87,279,43,832,28,210,60,290,5074
Haryana,Sonipat,2020,86,113,12,115,181,8,73,325,1014,610,81,302,25,767,19,141,27,216,4713
Haryana,Sonipat,2021,105,117,12,160,241,19,96,289,1159,500,99,462,42,960,27,200,40,208,5473
Haryana,Sonipat,2022,103,121,13,121,160,7,82,290,1468,606,203,451,40,666,38,290,92,388,5927
Haryana,Yamunanagar,2015,45,39,9,73,164,15,94,252,794,496,103,192,31,646,25,114,33,179,3811
Haryana,Yamunanagar,2016,67,82,16,100,110,3,49,194,714,412,77,191,32,672,20,177,48,277,3735
Haryana,Yamunanagar,2017,69,68,10,122,257,5,73,245,638,269,43,238,24,479,26,168,56,163,3784
Haryana,Yamunanagar,2018,61,57,10,94,124,5,64,215,754,314,49,223,24,676,31,126,34,180,3737
Haryana,Yamunanagar,2019,47,41,9,124,120,12,112,287,759,405,120,190,34,769,38,169,36,219,4056
Haryana,Yamunanagar,2020,39,53,9,71,140,6,75,243,701,381,92,319,37,557,15,216,71,150,3655
Haryana,Yamunanagar,2021,63,82,7,84,209,14,54,282,580,366,132,299,12,803,21,250,72,298,4186
Haryana,Yamunanagar,2022,54,70,6,133,265,5,62,303,896,427,113,311,11,491,21,189,61,346,4345
Himachal Pradesh,Bilaspur,2015,15,13,1,42,40,5,35,82,278,105,27,71,9,232,7,43,13,95,1300
Himachal Pradesh,Bilaspur,2016,23,28,5,38,69,2,21,115,206,109,15,77,9,175,11,55,13,96,1324
Himachal Pradesh,Bilaspur,2017,25,30,4,23,81,4,22,64,295,142,34,90,10,177,6,81,23,66,1365
Himachal Pradesh,Bilaspur,2018,28,36,5,30,88,1,33,76,270,107,21,79,10,284,9,62,19,62,1424
Himachal Pradesh,Bilaspur,2019,22,19,4,31,47,5,22,81,243,85,21,82,14,256,8,70,18,53,1333
Himachal Pradesh,Bilaspur,2020,20,19,4,21,66,2,15,43,187,65,39,100,10,186,7,36,7,78,1058
Himachal Pradesh,Bilaspur,2021,27,36,5,38,83,4,39,65,292,111,36,104,4,291,6,54,16,60,1469
Himachal Pradesh,Bilaspur,2022,25,28,4,33,86,3,25,70,285,146,36,101,4,165,10,52,15,88,1377
Himachal Pradesh,Chamba,2015,12,11,1,25,39,1,23,68,125,58,27,41,5,175,8,53,8,51,853
Himachal Pradesh,Chamba,2016,9,11,1,18,23,1,18,55,125,70,26,48,5,161,4,41,6,60,792
Himachal Pradesh,Chamba,2017,11,11,2,13,56,1,8,50,237,131,12,44,4,147,3,28,8,71,967
Himachal Pradesh,Chamba,2018,15,12,1,20,34,3,11,49,217,128,36,54,6,139,5,51,10,77,1003
Himachal Pradesh,Chamba,2019,15,19,2,27,31,4,10,66,148,53,16,57,7,100,7,41,10,47,840
Himachal Pradesh,Chamba,2020,11,10,2,23,50,2,12,60,202,100,19,79,6,133,7,37,6,57,927
Himachal Pradesh,Chamba,2021,15,13,1,15,34,1,22,66,162,72,11,84,9,114,3,40,8,64,858
Himachal Pradesh,Chamba,2022,13,13,3,29,28,1,17,76,149,72,22,74,6,139,8,55,10,71,920
Himachal Pradesh,G.R.P.,2015,1,1,0,1,1,0,0,2,5,3,0,2,0,3,0,1,0,1,24
Himachal Pradesh,G.R.P.,2016,1,1,0,1,1,0,0,2,5,2,0,2,0,3,0,1,0,1,23
Himachal Pradesh,G.R.P.,2017,1,1,0,1,1,0,0,2,5,2,0,2,0,3,0,1,0,1,23
Himachal Pradesh,G.R.P.,2018,1,1,0,1,1,0,0,2,5,2,0,2,0,4,0,1,0,1,24
Himachal Pradesh,G.R.P.,2019,1,1,0,1,1,0,0,2,5,2,0,2,0,4,0,1,0,1,24
Himachal Pradesh,G.R.P.,2020,1,1,0,1,1,0,0,2,5,2,0,2,0,3,0,1,0,1,23
Himachal Pradesh,G.R.P.,2021,1,1,0,1,1,0,0,2,5,2,0,2,0,3,0,1,0,1,23
Himachal Pradesh,G.R.P.,2022,1,1,0,1,1,0,0,2,6,3,0,2,0,4,0,1,0,1,26
Himachal Pradesh,Hamirpur,2015,15,18,3,22,42,3,12,77,254,143,26,56,8,128,5,36,8,46,1040
Himachal Pradesh,Hamirpur,2016,14,16,3,16,57,1,24,71,127,56,8,50,4,113,4,51,11,54,827
Himachal Pradesh,Hamirpur,2017,11,14,2,20,51,3,22,74,221,85,10,47,8,160,3,36,8,38,948
Himachal Pradesh,Hamirpur,2018,19,25,3,27,32,2,15,44,224,122,12,63,5,163,8,58,16,50,1027
Himachal Pradesh,Hamirpur,2019,13,15,2,16,43,1,21,71,258,157,10,50,8,154,4,44,14,66,1099
Himachal Pradesh,Hamirpur,2020,9,9,1,21,36,3,17,39,209,86,27,65,5,147,4,24,3,39,859
Himachal Pradesh,Hamirpur,2021,11,8,2,21,55,4,13,73,201,82,8,66,9,190,6,48,8,62,999
Himachal Pradesh,Hamirpur,2022,19,17,4,26,63,2,25,80,223,122,31,78,4,151,5,44,13,45,1094
Himachal Pradesh,Kangra,2015,40,36,6,48,195,10,40,144,489,300,70,190,31,383,9,140,31,246,2962
Himachal Pradesh,Kangra,2016,55,49,6,77,167,10,75,218,703,339,64,139,8,489,15,158,39,134,3146
Himachal Pradesh,Kangra,2017,57,50,10,47,176,7,53,174,660,422,55,162,32,398,13,97,20,111,2960
Himachal Pradesh,Kangra,2018,56,62,6,67,171,5,74,144,716,410,33,187,15,513,13,203,35,170,3344
Himachal Pradesh,Kangra,2019,60,52,9,109,176,15,92,265,631,324,66,161,38,419,28,111,34,137,3208
Himachal Pradesh,Kangra,2020,47,44,9,43,156,8,44,110,476,267,87,265,20,546,14,174,26,217,2935
Himachal Pradesh,Kangra,2021,42,49,5,87,161,11,56,145,479,192,47,293,23,469,15,203,63,182,3079
Himachal Pradesh,Kangra,2022,49,44,8,66,160,7,41,119,539,270,52,305,24,417,22,124,30,203,2907
Himachal Pradesh,Kinnaur,2015,4,4,0,7,11,0,3,16,54,22,9,11,2,47,2,12,3,15,256
Himachal Pradesh,Kinnaur,2016,3,3,0,4,14,0,5,13,38,17,3,14,1,43,1,14,3,18,227
Himachal Pradesh,Kinnaur,2017,4,4,0,5,16,0,5,15,58,31,6,11,2,35,1,8,1,19,256
Himachal Pradesh,Kinnaur,2018,2,1,0,5,13,0,6,20,45,18,6,13,2,50,1,12,4,12,245
Himachal Pradesh,Kinnaur,2019,4,5,0,6,14,0,7,13,36,22,8,16,2,49,1,10,2,20,251
Himachal Pradesh,Kinnaur,2020,3,2,0,4,6,0,5,12,30,18,2,14,1,31,0,12,2,16,195
Himachal Pradesh,Kinnaur,2021,3,3,0,3,15,0,5,16,60,27,7,25,1,44,0,14,2,14,275
Himachal Pradesh,Kinnaur,2022,4,3,0,7,14,0,3,11,54,27,7,23,0,31,1,13,4,18,257
Himachal Pradesh,Kullu,2015,17,17,3,15,40,3,17,72,158,69,20,49,7,140,3,56,11,68,944
Himachal Pradesh,Kullu,2016,17,16,2,23,33,4,11,67,281,133,13,62,7,202,5,51,12,74,1168
Himachal Pradesh,Kullu,2017,17,15,3,19,38,3,27,58,230,124,34,49,8,158,3,49,12,64,1056
Himachal Pradesh,Kullu,2018,14,15,2,15,32,1,28,64,176,62,23,72,10,215,4,36,11,81,1012
Himachal Pradesh,Kullu,2019,16,16,1,32,59,3,17,51,278,117,32,66,8,122,6,57,17,72,1122
Himachal Pradesh,Kullu,2020,15,14,2,25,29,2,19,68,199,106,22,75,9,152,4,55,15,53,991
Himachal Pradesh,Kullu,2021,19,17,2,27,65,1,11,67,186,112,12,104,4,137,8,51,8,43,1021
Himachal Pradesh,Kullu,2022,22,25,2,27,66,3,21,80,200,114,21,98,6,188,8,37,8,83,1167
Himachal Pradesh,Lahaul-Spiti,2015,2,2,0,2,5,0,2,4,21,9,1,5,0,19,0,5,1,4,96
Himachal Pradesh,Lahaul-Spiti,2016,1,1,0,1,4,0,1,4,16,8,1,5,0,17,0,3,0,5,88
Himachal Pradesh,Lahaul-Spiti,2017,1,1,0,2,4,0,1,4,15,7,3,5,0,13,0,5,1,5,92
Himachal Pradesh,Lahaul-Spiti,2018,1,1,0,2,5,0,2,6,27,12,2,4,0,16,0,5,0,8,105
Himachal Pradesh,Lahaul-Spiti,2019,2,2,0,2,4,0,1,4,15,7,2,4,0,17,0,3,0,7,96
Himachal Pradesh,Lahaul-Spiti,2020,1,1,0,1,4,0,0,5,12,6,1,5,0,9,0,3,0,3,75
Himachal Pradesh,Lahaul-Spiti,2021,1,1,0,1,6,0,1,5,24,13,2,7,0,21,0,4,0,4,104
Himachal Pradesh,Lahaul-Spiti,2022,1,1,0,2,7,0,2,4,18,10,1,9,0,22,0,4,0,6,106
Himachal Pradesh,Mandi,2015,23,31,4,40,83,9,22,103,441,243,37,120,9,270,10,99,17,88,1946
Himachal Pradesh,Mandi,2016,35,47,4,63,115,6,26,104,329,132,24,130,9,388,20,124,29,152,2102
Himachal Pradesh,Mandi,2017,25,29,2,31,107,9,34,111,474,247,20,126,6,358,7,90,25,146,2142
Himachal Pradesh,Mandi,2018,33,34,7,40,77,6,59,143,452,195,51,128,13,299,11,86,29,149,2128
Himachal Pradesh,Mandi,2019,26,26,4,36,127,8,55,149,549,211,79,114,21,391,6,80,15,97,2304
Himachal Pradesh,Mandi,2020,36,42,8,32,84,3,27,117,488,257,24,187,18,316,5,77,16,97,2100
Himachal Pradesh,Mandi,2021,24,24,4,36,120,9,46,169,395,163,43,181,12,376,8,69,21,113,2116
Himachal Pradesh,Mandi,2022,28,26,3,59,89,5,58,98,551,321,86,211,23,278,8,78,18,189,2459
Himachal Pradesh,Shimla,2015,34,28,5,42,116,7,20,123,436,165,46,94,10,388,12,59,12,124,1997
Himachal Pradesh,Shimla,2016,35,48,8,36,92,5,60,134,460,174,54,121,22,297,8,141,44,135,2189
Himachal Pradesh,Shimla,2017,44,38,8,44,83,5,43,174,426,181,32,137,11,443,8,123,31,185,2331
Himachal Pradesh,Shimla,2018,50,43,11,50,107,4,60,135,638,365,70,151,25,423,13,156,27,143,2823
Himachal Pradesh,Shimla,2019,38,31,7,50,116,11,24,153,493,219,94,156,14,468,13,99,32,137,2514
Himachal Pradesh,Shimla,2020,28,30,3,46,126,6,51,139,466,203,38,159,20,355,10,106,31,103,2195
Himachal Pradesh,Shimla,2021,41,52,9,54,95,9,31,182,359,194,20,198,9,416,16,141,47,149,2329
Himachal Pradesh,Shimla,2022,46,53,7,48,109,7,59,192,420,177,38,238,14,421,12,74,12,152,2411
Himachal Pradesh,Sirmaur,2015,18,14,3,25,62,2,21,43,245,130,32,55,10,108,8,32,10,47,999
Himachal Pradesh,Sirmaur,2016,15,19,1,23,45,3,16,57,241,151,20,63,6,184,6,53,10,65,1114
Himachal Pradesh,Sirmaur,2017,15,16,1,24,33,4,10,64,245,99,30,68,11,203,7,67,11,52,1109
Himachal Pradesh,Sirmaur,2018,15,19,2,14,36,3,13,63,166,94,24,54,9,144,4,31,6,41,910
Himachal Pradesh,Sirmaur,2019,11,9,1,27,61,2,12,82,177,73,21,56,7,210,6,61,16,71,1047
Himachal Pradesh,Sirmaur,2020,16,15,2,15,48,1,20,51,182,94,13,75,8,130,2,39,10,47,896
Himachal Pradesh,Sirmaur,2021,13,12,1,25,61,2,10,73,246,118,28,81,9,158,4,30,7,76,1087
Himachal Pradesh,Sirmaur,2022,17,16,4,15,49,1,11,78,230,110,23,83,6,181,4,60,14,60,1100
Himachal Pradesh,Solan,2015,20,21,4,19,49,4,13,56,218,107,16,64,7,169,4,31,6,82,1031
Himachal Pradesh,Solan,2016,14,16,3,35,62,4,23,90,231,91,21,50,9,127,9,60,15,63,1077
Himachal Pradesh,Solan,2017,13,16,3,32,38,2,20,52,260,146,10,56,12,182,5,50,10,91,1157
Himachal Pradesh,Solan,2018,22,24,4,34,69,3,10,74,267,167,36,60,4,188,8,42,9,61,1235
Himachal Pradesh,Solan,2019,21,26,4,31,55,3,20,76,295,164,19,56,10,199,10,67,18,91,1329
Himachal Pradesh,Solan,2020,10,9,2,20,33,4,15,45,181,80,19,66,5,161,4,55,12,69,922
Himachal Pradesh,Solan,2021,17,19,3,18,57,4,21,39,249,107,38,92,10,130,2,36,8,65,1061
Himachal Pradesh,Solan,2022,19,15,2,33,33,2,18,82,211,118,27,89,10,192,7,44,12,53,1116
Himachal Pradesh,Una,2015,19,20,3,26,57,1,15,87,165,92,35,56,4,187,4,48,13,80,1068
Himachal Pradesh,Una,2016,16,20,2,23,73,2,30,86,176,76,30,64,8,152,3,48,9,88,1173
Himachal Pradesh,Una,2017,25,22,4,36,47,3,27,59,236,143,21,78,6,169,10,54,9,99,1226
Himachal Pradesh,Una,2018,23,24,4,39,43,4,34,59,221,83,14,69,3,156,6,78,15,79,1166
Himachal Pradesh,Una,2019,14,15,1,20,69,4,32,105,189,69,25,80,13,260,6,61,20,53,1214
Himachal Pradesh,Una,2020,22,22,4,22,57,1,23,55,197,80,23,98,11,143,4,72,21,52,1063
Himachal Pradesh,Una,2021,23,25,2,19,32,1,23,95,274,161,17,99,10,172,2,33,6,81,1238
Himachal Pradesh,Una,2022,25,23,2,31,79,1,22,114,283,123,14,127,6,178,6,79,22,60,1388
Jammu & Kashmir,Anantnag,2015,18,19,1,23,41,4,36,96,276,152,33,65,14,248,6,80,21,90,1409
Jammu & Kashmir,Anantnag,2016,24,19,3,26,66,3,28,90,338,126,43,70,13,237,5,89,26,74,1476
Jammu & Kashmir,Anantnag,2017,26,29,4,20,44,4,24,113,274,105,23,77,9,228,5,64,14,54,1313
Jammu & Kashmir,Anantnag,2018,24,28,3,22,88,1,16,99,246,144,41,71,9,170,4,74,14,70,1402
Jammu & Kashmir,Anantnag,2019,23,27,4,38,48,1,32,80,282,107,45,94,10,232,7,82,12,109,1566
Jammu & Kashmir,Anantnag,2020,18,22,3,32,38,3,19,63,266,106,37,113,6,197,4,51,12,57,1221
Jammu & Kashmir,Anantnag,2021,20,16,4,38,75,5,18,96,275,138,38,117,11,227,10,52,11,69,1496
Jammu & Kashmir,Anantnag,2022,17,18,3,30,89,5,31,126,251,145,36,140,11,218,9,58,11,82,1499
Jammu & Kashmir,Awantipora,2015,5,5,0,8,17,0,5,18,71,27,15,23,2,74,1,16,4,27,403
Jammu & Kashmir,Awantipora,2016,6,4,1,9,13,1,8,25,99,58,11,28,2,70,2,18,5,37,462
Jammu & Kashmir,Awantipora,2017,4,3,0,7,26,0,8,23,107,61,6,23,1,62,2,18,5,35,450
Jammu & Kashmir,Awantipora,2018,9,12,2,10,16,0,6,17,98,47,12,24,4,58,3,29,4,30,446
Jammu & Kashmir,Awantipora,2019,7,6,0,13,28,0,12,32,84,42,14,30,4,91,2,30,5,20,488
Jammu & Kashmir,Awantipora,2020,4,3,0,9,16,1,8,24,91,46,8,35,3,47,2,14,3,24,387
Jammu & Kashmir,Awantipora,2021,6,6,1,9,16,0,12,33,68,39,8,39,2,68,1,27,6,32,435
Jammu & Kashmir,Awantipora,2022,6,6,0,8,18,0,5,34,93,55,9,42,3,58,1,25,5,24,453
Jammu & Kashmir,Baramulla,2015,21,27,2,22,66,2,24,55,194,101,24,61,4,243,5,36,12,86,1157
Jammu & Kashmir,Baramulla,2016,22,20,5,35,64,5,21,80,275,96,37,79,9,237,9,58,16,47,1284
Jammu & Kashmir,Baramulla,2017,25,25,4,23,39,5,26,97,281,181,15,61,4,177,3,58,18,95,1323
Jammu & Kashmir,Baramulla,2018,18,14,2,38,51,3,22,65,210,106,27,64,8,230,5,43,9,79,1166
Jammu & Kashmir,Baramulla,2019,18,18,1,34,59,2,16,58,270,126,50,75,4,188,10,72,15,98,1306
Jammu & Kashmir,Baramulla,2020,13,12,1,18,39,1,30,62,282,132,17,79,8,145,5,41,9,61,1113
Jammu & Kashmir,Baramulla,2021,26,36,2,32,46,3,33,104,323,154,29,129,8,182,5,70,16,63,1452
Jammu & Kashmir,Baramulla,2022,22,29,2,41,37,5,12,97,186,103,18,97,7,208,10,45,15,104,1228
Jammu & Kashmir,Border,2015,8,8,1,11,29,2,7,26,107,38,8,24,3,63,2,19,6,21,504
Jammu & Kashmir,Border,2016,10,12,1,11,17,0,8,47,145,64,16,29,2,74,1,24,4,27,571
Jammu & Kashmir,Border,2017,9,12,1,10,34,1,11,34,89,34,7,25,3,91,1,15,2,32,520
Jammu & Kashmir,Border,2018,11,12,1,18,35,1,18,47,97,61,15,42,6,75,4,28,8,38,625
Jammu & Kashmir,Border,2019,7,8,1,15,41,0,13,26,173,69,23,45,2,122,2,33,8,41,725
Jammu & Kashmir,Border,2020,5,6,0,11,21,1,6,23,69,39,16,34,4,87,3,23,7,38,460
Jammu & Kashmir,Border,2021,6,5,1,11,27,2,9,44,117,75,16,51,3,65,2,25,8,29,573
Jammu & Kashmir,Border,2022,10,10,2,12,35,2,11,42,101,47,8,42,5,76,3,25,7,51,575
Jammu & Kashmir,Budgam,2015,13,13,2,23,39,4,22,92,168,93,15,76,4,163,5,38,10,55,1118
Jammu & Kashmir,Budgam,2016,13,10,3,31,54,1,14,60,242,91,16,69,5,134,8,36,9,51,1116
Jammu & Kashmir,Budgam,2017,20,21,2,29,45,1,22,88,261,143,39,67,3,139,5,33,8,49,1137
Jammu & Kashmir,Budgam,2018,18,23,3,21,40,5,19,47,260,127,36,72,6,260,7,76,24,65,1287
Jammu & Kashmir,Budgam,2019,20,16,3,19,81,2,18,56,240,102,21,72,14,184,5,74,13,92,1209
Jammu & Kashmir,Budgam,2020,14,17,2,27,47,3,20,78,246,128,12,80,5,202,9,32,10,50,1123
Jammu & Kashmir,Budgam,2021,24,24,4,36,34,2,25,52,206,113,33,103,8,222,12,75,11,61,1216
Jammu & Kashmir,Budgam,2022,16,17,3,27,38,1,21,46,204,114,13,97,10,210,7,48,14,50,1131
Jammu & Kashmir,Crime Jammu,2015,1,1,0,1,1,0,0,2,5,2,0,2,0,4,0,1,0,1,24
Jammu & Kashmir,Crime Jammu,2016,1,1,0,1,1,0,0,2,5,2,0,2,0,3,0,1,0,1,23
Jammu & Kashmir,Crime Jammu,2017,1,1,0,1,1,0,0,2,5,2,0,2,0,3,0,1,0,1,23
Jammu & Kashmir,Crime Jammu,2018,1,1,0,1,1,0,0,2,5,2,0,2,0,4,0,1,0,1,24
Jammu & Kashmir,Crime Jammu,2019,1,1,0,1,1,0,0,2,5,2,0,2,0,3,0,1,0,1,23
Jammu & Kashmir,Crime Jammu,2020,1,1,0,1,1,0,0,2,5,3,0,2,0,3,0,1,0,1,24
Jammu & Kashmir,Crime Jammu,2021,1,1,0,1,1,0,0,2,5,2,0,2,0,3,0,1,0,1,23
Jammu & Kashmir,Crime Jammu,2022,1,1,0,1,1,0,0,2,5,2,0,2,0,4,0,1,0,1,24
Jammu & Kashmir,Crime Srinagar,2015,1,1,0,1,1,0,0,2,11,4,1,2,0,7,0,2,0,2,44
Jammu & Kashmir,Crime Srinagar,2016,1,1,0,1,2,0,0,2,8,4,1,3,0,8,0,1,0,2,44
Jammu & Kashmir,Crime Srinagar,2017,1,1,0,1,2,0,1,2,8,4,0,2,0,9,0,2,0,2,46
Jammu & Kashmir,Crime Srinagar,2018,1,1,0,1,2,0,0,4,14,4,1,3,0,7,0,1,0,4,52
Jammu & Kashmir,Crime Srinagar,2019,1,1,0,1,2,0,1,4,13,8,0,2,0,9,0,2,0,3,55
Jammu & Kashmir,Crime Srinagar,2020,1,1,0,1,1,0,0,2,7,3,0,4,0,8,0,2,0,3,42
Jammu & Kashmir,Crime Srinagar,2021,1,1,0,1,1,0,0,2,9,4,0,4,0,9,0,1,0,3,48
Jammu & Kashmir,Crime Srinagar,2022,1,1,0,1,2,0,1,2,10,4,1,4,0,8,0,1,0,3,50
Jammu & Kashmir,Doda,2015,11,11,2,15,20,2,18,30,127,58,14,44,5,86,3,36,10,40,650
Jammu & Kashmir,Doda,2016,11,12,2,16,32,3,10,40,153,71,23,46,5,132,2,26,4,46,740
Jammu & Kashmir,Doda,2017,9,9,1,20,42,2,9,37,151,92,25,49,4,113,3,31,7,48,756
Jammu & Kashmir,Doda,2018,14,11,2,13,43,3,17,50,203,79,17,49,6,121,4,45,10,58,860
Jammu & Kashmir,Doda,2019,14,14,3,24,43,3,12,50,165,65,28,56,3,102,6,45,12,51,814
Jammu & Kashmir,Doda,2020,13,13,1,16,37,1,18,28,132,54,7,46,5,87,5,27,5,28,628
Jammu & Kashmir,Doda,2021,12,15,2,16,25,3,18,27,118,43,9,51,4,93,5,42,12,35,666
Jammu & Kashmir,Doda,2022,9,9,2,13,35,1,17,47,176,89,25,68,2,105,4,32,6,44,799
Jammu & Kashmir,Ganderbal,2015,6,5,1,12,31,1,14,30,111,69,19,35,3,87,1,32,6,39,576
Jammu & Kashmir,Ganderbal,2016,6,5,1,12,32,1,11,38,107,48,5,29,4,76,3,28,9,25,524
Jammu & Kashmir,Ganderbal,2017,10,8,1,8,23,1,9,39,106,45,4,32,5,72,2,18,5,28,493
Jammu & Kashmir,Ganderbal,2018,11,11,1,18,23,1,16,26,100,58,7,34,2,116,5,35,8,25,581
Jammu & Kashmir,Ganderbal,2019,10,12,1,8,31,0,11,40,125,57,14,31,2,103,1,34,9,24,591
Jammu & Kashmir,Ganderbal,2020,6,5,0,8,29,2,12,28,100,61,12,41,1,72,1,25,5,33,509
Jammu & Kashmir,Ganderbal,2021,8,9,1,8,33,1,14,34,131,77,13,45,2,84,1,25,7,38,606
Jammu & Kashmir,Ganderbal,2022,9,9,2,16,21,1,7,44,82,28,16,53,2,108,2,17,3,30,525
Jammu & Kashmir,Jammu,2015,87,106,20,152,272,6,122,242,672,377,113,271,43,530,50,197,63,290,4371
Jammu & Kashmir,Jammu,2016,92,106,20,131,264,11,64,196,766,386,150,298,47,789,23,238,46,242,4507
Jammu & Kashmir,Jammu,2017,77,62,8,133,154,14,85,227,953,513,92,310,27,635,34,144,41,365,4523
Jammu & Kashmir,Jammu,2018,64,87,11,92,290,14,108,237,814,490,64,315,14,962,24,285,46,353,4929
Jammu & Kashmir,Jammu,2019,65,66,7,158,227,12,139,223,872,561,186,283,37,607,47,306,95,190,4786
Jammu & Kashmir,Jammu,2020,68,75,14,115,211,12,97,231,649,408,131,293,18,619,37,209,66,163,3982
Jammu & Kashmir,Jammu,2021,105,131,13,153,188,17,71,405,1146,482,82,387,37,1046,43,281,64,416,5786
Jammu & Kashmir,Jammu,2022,93,97,12,178,304,20,90,404,1296,613,94,519,49,677,55,203,33,374,5891
Jammu & Kashmir,Kargil,2015,1,1,0,3,5,0,1,8,23,12,3,6,0,18,0,5,1,6,109
Jammu & Kashmir,Kargil,2016,2,1,0,2,5,0,1,7,24,14,1,7,0,23,0,5,0,9,117
Jammu & Kashmir,Kargil,2017,2,1,0,1,5,0,3,6,19,8,3,8,1,19,0,8,2,9,118
Jammu & Kashmir,Kargil,2018,2,2,0,2,6,0,1,8,28,15,3,6,0,18,0,4,1,8,124
Jammu & Kashmir,Kargil,2019,1,1,0,2,5,0,1,8,28,14,3,6,1,20,0,6,1,4,117
Jammu & Kashmir,Kargil,2020,1,1,0,3,3,0,1,5,14,8,1,8,0,12,0,6,1,5,96
Jammu & Kashmir,Kargil,2021,2,2,0,3,4,0,2,5,20,10,3,9,0,14,1,5,1,8,113
Jammu & Kashmir,Kargil,2022,2,2,0,3,4,0,3,7,26,15,2,10,0,15,0,6,1,10,124
Jammu & Kashmir,Kathua,2015,20,18,2,37,57,4,26,76,331,165,38,79,10,264,12,60,10,100,1500
Jammu & Kashmir,Kathua,2016,18,19,1,36,57,3,19,92,235,88,32,70,8,285,11,74,23,100,1372
Jammu & Kashmir,Kathua,2017,30,34,3,45,69,5,17,79,334,122,23,82,10,274,11,56,13,110,1531
Jammu & Kashmir,Kathua,2018,33,26,4,52,55,7,19,128,267,154,28,108,6,330,8,82,21,109,1670
Jammu & Kashmir,Kathua,2019,24,27,3,44,55,6,32,118,306,162,35,68,4,284,10,97,21,80,1589
Jammu & Kashmir,Kathua,2020,15,17,2,38,67,4,27,81,198,91,40,100,12,191,6,45,15,46,1160
Jammu & Kashmir,Kathua,2021,22,20,3,21,45,5,33,79,244,140,42,130,15,176,4,75,14,115,1386
Jammu & Kashmir,Kathua,2022,27,26,3,32,47,1,26,72,352,187,20,125,7,188,9,69,21,68,1493
Jammu & Kashmir,Kulgam,2015,17,21,3,16,54,2,23,51,190,85,13,56,8,129,5,54,15,72,942
Jammu & Kashmir,Kulgam,2016,11,9,1,13,30,3,15,48,174,112,27,43,4,117,3,54,8,78,880
Jammu & Kashmir,Kulgam,2017,18,22,4,25,60,4,18,41,203,111,31,53,4,188,6,30,5,57,1021
Jammu & Kashmir,Kulgam,2018,13,14,3,27,37,2,24,81,231,125,23,47,10,146,9,49,14,53,1050
Jammu & Kashmir,Kulgam,2019,18,19,4,24,67,3,27,62,172,76,31,65,8,163,4,44,14,43,992
Jammu & Kashmir,Kulgam,2020,17,19,2,18,31,2,9,47,188,92,25,72,5,117,4,33,8,59,873
Jammu & Kashmir,Kulgam,2021,15,19,3,26,60,1,10,49,172,67,16,76,11,124,4,31,7,39,943
Jammu & Kashmir,Kulgam,2022,18,15,4,23,41,4,17,45,168,72,33,92,7,186,4,66,22,78,1038
Jammu & Kashmir,Kupwara,2015,12,9,2,17,33,3,20,35,176,67,18,43,4,94,3,48,10,35,734
Jammu & Kashmir,Kupwara,2016,11,14,2,21,33,2,14,37,132,60,16,39,5,89,5,45,8,47,687
Jammu & Kashmir,Kupwara,2017,15,16,3,11,37,1,15,46,106,68,19,42,2,101,2,34,9,33,709
Jammu & Kashmir,Kupwara,2018,12,14,2,12,44,1,23,61,167,64,26,50,6,116,2,42,11,43,823
Jammu & Kashmir,Kupwara,2019,17,16,2,18,54,3,13,53,189,111,13,58,5,116,3,54,11,72,934
Jammu & Kashmir,Kupwara,2020,12,13,1,16,30,0,10,51,179,69,20,63,3,117,4,44,10,44,786
Jammu & Kashmir,Kupwara,2021,9,11,1,19,47,2,11,41,189,110,18,63,5,129,5,31,10,33,842
Jammu & Kashmir,Kupwara,2022,10,11,1,21,36,0,8,33,196,105,20,62,4,155,6,52,11,50,895
Jammu & Kashmir,Leh,2015,3,2,0,3,11,0,1,7,40,22,2,11,1,27,0,9,1,10,175
Jammu & Kashmir,Leh,2016,2,1,0,4,6,0,4,14,29,11,6,10,1,21,0,8,2,9,167
Jammu & Kashmir,Leh,2017,2,2,0,5,8,0,2,9,48,26,4,12,0,27,1,11,1,8,193
Jammu & Kashmir,Leh,2018,3,3,0,4,6,0,5,9,45,27,5,12,1,38,0,9,1,12,209
Jammu & Kashmir,Leh,2019,3,2,0,6,6,0,4,14,34,21,2,11,1,38,1,10,1,13,196
Jammu & Kashmir,Leh,2020,2,2,0,4,6,0,3,7,26,14,3,10,0,23,1,5,1,8,149
Jammu & Kashmir,Leh,2021,2,1,0,2,10,0,4,11,35,21,3,18,2,38,0,7,1,7,188
Jammu & Kashmir,Leh,2022,3,2,0,3,7,0,5,8,40,23,5,20,1,27,0,8,2,16,198
Jammu & Kashmir,Poonch,2015,12,15,1,21,39,1,18,33,152,93,15,52,6,138,4,29,9,37,819
Jammu & Kashmir,Poonch,2016,19,23,4,17,63,2,26,38,181,81,13,63,8,161,3,54,8,55,958
Jammu & Kashmir,Poonch,2017,12,12,2,22,34,1,17,49,222,79,26,55,3,194,4,38,11,74,990
Jammu & Kashmir,Poonch,2018,14,15,3,20,51,2,14,62,246,122,10,51,5,171,3,60,18,67,1069
Jammu & Kashmir,Poonch,2019,13,12,1,16,56,3,11,65,189,82,22,43,4,155,3,30,9,73,921
Jammu & Kashmir,Poonch,2020,11,13,2,16,49,3,17,35,170,82,21,78,7,112,4,33,5,53,820
Jammu & Kashmir,Poonch,2021,18,19,3,27,39,3,19,62,164,72,37,76,10,201,4,55,11,81,1044
Jammu & Kashmir,Poonch,2022,16,16,2,33,64,3,17,44,200,117,18,87,8,201,5,49,15,76,1125
Jammu & Kashmir,Pulwama,2015,7,6,1,9,20,1,4,26,61,36,10,28,4,53,1,22,5,16,392
Jammu & Kashmir,Pulwama,2016,5,6,0,7,17,0,9,31,66,31,12,22,1,47,1,15,5,30,377
Jammu & Kashmir,Pulwama,2017,8,7,1,13,24,0,5,29,60,23,3,26,3,61,2,26,7,31,392
Jammu & Kashmir,Pulwama,2018,7,8,1,10,17,0,8,30,61,28,13,18,4,62,2,17,5,17,393
Jammu & Kashmir,Pulwama,2019,8,6,1,11,21,1,10,23,100,61,16,25,1,74,2,15,2,22,462
Jammu & Kashmir,Pulwama,2020,6,6,1,8,16,0,5,14,51,26,11,33,1,63,2,9,2,24,323
Jammu & Kashmir,Pulwama,2021,6,7,0,6,14,1,9,23,109,39,6,42,1,72,1,13,2,17,429
Jammu & Kashmir,Pulwama,2022,8,6,1,10,15,0,7,25,113,66,11,43,3,66,2,23,6,27,493
Jammu & Kashmir,Railways,2015,1,1,0,1,2,0,1,2,8,3,1,2,0,7,0,2,0,2,41
Jammu & Kashmir,Railways,2016,1,1,0,1,1,0,0,4,9,5,0,2,0,7,0,2,0,3,46
Jammu & Kashmir,Railways,2017,1,1,0,1,2,0,1,2,9,5,1,3,0,9,0,1,0,4,49
Jammu & Kashmir,Railways,2018,1,1,0,1,2,0,1,2,9,3,0,3,0,7,0,2,0,2,44
Jammu & Kashmir,Railways,2019,1,1,0,1,2,0,1,4,10,5,0,2,0,7,0,2,0,2,49
Jammu & Kashmir,Railways,2020,1,1,0,1,1,0,0,2,9,3,1,3,0,5,0,1,0,1,38
Jammu & Kashmir,Railways,2021,1,1,0,1,1,0,0,2,9,5,1,4,0,7,0,1,0,3,49
Jammu & Kashmir,Railways,2022,1,1,0,1,1,0,0,3,8,3,0,5,0,8,0,3,0,2,52
Jammu & Kashmir,Rajouri,2015,34,27,5,48,60,6,45,100,266,110,30,119,11,219,15,86,24,113,1705
Jammu & Kashmir,Rajouri,2016,30,38,5,47,91,7,52,99,443,257,46,114,7,388,13,118,33,87,2152
Jammu & Kashmir,Rajouri,2017,32,37,6,56,111,8,52,141,339,192,62,134,22,391,18,96,32,153,2185
Jammu & Kashmir,Rajouri,2018,25,29,6,35,129,3,49,88,414,163,24,109,12,427,6,94,21,97,2026
Jammu & Kashmir,Rajouri,2019,35,39,3,58,79,4,40,152,540,337,25,146,12,378,19,116,25,175,2494
Jammu & Kashmir,Rajouri,2020,26,28,5,29,73,2,44,139,434,222,50,169,17,351,9,71,23,139,2080
Jammu & Kashmir,Rajouri,2021,25,28,3,52,111,2,36,143,371,164,32,134,16,284,7,78,19,123,1897
Jammu & Kashmir,Rajouri,2022,35,48,7,40,56,7,30,132,307,157,67,142,10,360,8,86,23,128,1923
Jammu & Kashmir,Ramban,2015,14,17,3,13,47,0,21,43,138,88,26,48,7,104,2,28,6,47,760
Jammu & Kashmir,Ramban,2016,14,18,3,15,35,2,18,51,121,64,11,37,8,90,3,36,10,34,737
Jammu & Kashmir,Ramban,2017,10,11,1,21,37,1,21,43,175,83,10,44,5,144,7,38,10,58,827
Jammu & Kashmir,Ramban,2018,12,14,2,25,52,1,18,45,198,72,23,49,5,151,5,27,8,33,855
Jammu & Kashmir,Ramban,2019,15,14,2,18,36,3,14,63,181,76,13,39,2,111,3,43,9,35,814
Jammu & Kashmir,Ramban,2020,10,10,1,10,43,2,18,56,155,73,9,58,2,101,2,23,6,34,708
Jammu & Kashmir,Ramban,2021,10,12,1,12,47,3,9,62,123,44,22,73,2,131,2,31,4,54,753
Jammu & Kashmir,Ramban,2022,11,12,2,23,53,3,12,36,160,99,27,69,8,147,6,49,10,38,879
Jammu & Kashmir,Reasi,2015,10,11,1,22,46,1,11,38,181,101,13,48,7,145,5,35,11,44,837
Jammu & Kashmir,Reasi,2016,14,11,2,23,32,2,21,69,151,97,25,51,6,139,5,44,15,65,894
Jammu & Kashmir,Reasi,2017,16,17,2,16,35,1,7,60,142,85,25,44,7,161,2,46,10,31,823
Jammu & Kashmir,Reasi,2018,17,16,2,27,30,2,13,60,178,103,14,44,5,165,5,32,10,65,905
Jammu & Kashmir,Reasi,2019,17,16,3,24,33,4,15,82,235,143,13,57,3,121,8,61,11,58,1042
Jammu & Kashmir,Reasi,2020,13,13,2,12,35,1,10,51,133,51,8,55,4,101,2,23,6,33,733
Jammu & Kashmir,Reasi,2021,14,12,2,13,35,1,19,69,190,84,11,68,7,129,3,39,12,66,891
Jammu & Kashmir,Reasi,2022,15,14,3,27,45,2,14,57,128,53,9,86,8,101,4,47,13,48,797
Jammu & Kashmir,Srinagar,2015,45,50,7,49,143,11,68,196,501,277,43,188,26,345,9,83,17,135,2723
Jammu & Kashmir,Srinagar,2016,39,37,7,50,130,5,55,171,375,195,59,159,7,409,16,87,28,129,2449
Jammu & Kashmir,Srinagar,2017,39,48,9,75,115,4,30,143,659,268,42,169,10,391,22,196,62,154,2875
Jammu & Kashmir,Srinagar,2018,62,61,11,50,154,3,52,184,460,272,56,151,21,546,9,152,45,143,2977
Jammu & Kashmir,Srinagar,2019,60,77,9,90,206,8,45,264,594,345,65,183,34,411,28,215,72,146,3323
Jammu & Kashmir,Srinagar,2020,35,33,4,67,91,3,50,139,563,250,74,189,10,430,13,72,20,122,2493
Jammu & Kashmir,Srinagar,2021,57,50,9,98,163,6,48,137,494,316,70,279,16,497,23,158,42,238,3129
Jammu & Kashmir,Srinagar,2022,56,77,6,55,138,3,44,165,503,178,51,218,17,535,15,192,47,241,2955
Jammu & Kashmir,Udhampur,2015,21,28,4,33,73,2,35,87,270,174,29,64,8,211,5,61,18,59,1360
Jammu & Kashmir,Udhampur,2016,21,26,3,38,44,1,18,101,221,100,17,73,4,147,11,41,9,98,1143
Jammu & Kashmir,Udhampur,2017,25,30,5,27,57,1,30,72,292,185,28,78,13,184,8,77,26,58,1382
Jammu & Kashmir,Udhampur,2018,29,30,4,22,49,4,33,118,216,106,54,75,11,281,6,78,25,64,1409
Jammu & Kashmir,Udhampur,2019,26,28,4,32,52,6,24,108,250,106,18,90,8,190,9,52,15,84,1431
Jammu & Kashmir,Udhampur,2020,20,26,4,20,43,4,30,79,166,86,35,83,4,180,5,68,15,64,1095
Jammu & Kashmir,Udhampur,2021,21,24,4,27,51,5,25,73,286,155,13,94,5,221,5,74,11,51,1331
Jammu & Kashmir,Udhampur,2022,19,26,2,30,95,4,22,64,340,181,35,139,13,273,7,96,16,111,1681
Jharkhand,Bokaro,2015,43,55,6,54,190,5,48,257,860,408,72,174,35,637,10,115,37,252,3723
Jharkhand,Bokaro,2016,49,58,9,108,130,14,69,263,956,614,131,238,14,636,30,180,30,283,4339
Jharkhand,Bokaro,2017,45,49,6,83,197,4,78,140,701,450,67,165,31,581,18,218,75,129,3509
Jharkhand,Bokaro,2018,52,51,7,83,229,17,50,299,680,250,135,253,18,541,19,159,52,233,3689
Jharkhand,Bokaro,2019,76,92,15,62,191,7,97,299,848,328,66,232,35,596,16,124,36,233,3883
Jharkhand,Bokaro,2020,51,67,12,59,158,9,60,177,425,196,72,290,22,346,14,181,56,171,2790
Jharkhand,Bokaro,2021,77,71,17,113,222,6,36,214,784,464,85,266,28,716,20,174,52,183,4058
Jharkhand,Bokaro,2022,62,80,15,78,246,4,55,260,849,405,139,321,31,587,23,227,52,178,4146
Jharkhand,Chaibasa,2015,16,16,3,31,48,1,15,71,184,75,33,58,7,111,5,33,9,69,925
Jharkhand,Chaibasa,2016,17,23,3,26,44,4,22,58,248,121,18,53,8,152,6,50,8,60,1068
Jharkhand,Chaibasa,2017,19,25,2,21,36,3,18,49,183,69,36,61,6,132,7,66,22,77,987
Jharkhand,Chaibasa,2018,19,16,3,22,72,3,21,66,264,141,12,74,7,156,3,56,14,66,1175
Jharkhand,Chaibasa,2019,23,19,3,33,73,4,20,82,253,116,23,79,13,185,11,37,11,47,1202
Jharkhand,Chaibasa,2020,15,15,3,14,43,3,23,61,179,74,26,91,2,128,3,27,5,51,893
Jharkhand,Chaibasa,2021,18,19,3,36,32,2,16,65,268,151,35,104,10,167,8,67,19,82,1262
Jharkhand,Chaibasa,2022,21,23,3,33,60,3,31,81,240,154,22,96,9,214,6,71,12,81,1322
Jharkhand,Chatra,2015,28,37,6,37,71,3,34,104,291,129,53,95,5,277,7,93,22,67,1560
Jharkhand,Chatra,2016,29,30,6,41,77,4,29,53,370,178,23,80,14,169,9,73,21,54,1459
Jharkhand,Chatra,2017,24,21,2,24,76,5,36,89,288,163,37,103,8,278,5,98,24,113,1610
Jharkhand,Chatra,2018,26,32,3,40,94,4,20,73,277,126,24,76,14,193,9,97,18,107,1449
Jharkhand,Chatra,2019,17,21,2,39,54,5,37,111,276,166,24,105,16,265,7,60,14,104,1542
Jharkhand,Chatra,2020,13,10,2,18,54,4,28,90,205,81,42,120,12,210,3,58,19,68,1208
Jharkhand,Chatra,2021,22,26,3,32,89,5,34,99,295,155,56,114,4,213,6,81,17,118,1582
Jharkhand,Chatra,2022,31,41,3,27,53,2,29,85,234,123,41,146,6,269,7,97,30,92,1541
Jharkhand,Deoghar,2015,50,61,11,59,145,8,56,130,737,368,86,146,24,519,18,159,29,147,3154
Jharkhand,Deoghar,2016,44,49,8,82,170,11,55,204,533,201,84,131,28,520,24,116,38,126,2809
Jharkhand,Deoghar,2017,38,34,8,95,118,8,57,181,711,305,46,160,16,445,28,88,19,195,2966
Jharkhand,Deoghar,2018,52,69,10,57,167,8,42,226,761,330,66,166,20,615,12,137,31,117,3327
Jharkhand,Deoghar,2019,53,62,9,94,169,9,47,170,454,241,88,184,34,437,17,99,16,258,2974
Jharkhand,Deoghar,2020,31,25,6,71,119,2,37,214,643,284,60,251,11,521,15,167,42,180,3039
Jharkhand,Deoghar,2021,45,46,7,81,148,7,28,195,580,350,79,229,9,571,25,90,15,219,3136
Jharkhand,Deoghar,2022,39,42,9,51,117,9,48,165,674,244,85,278,26,531,10,117,28,194,3097
Jharkhand,Dhanbad,2015,81,73,17,176,163,10,130,400,1038,415,142,272,53,715,43,157,35,268,5130
Jharkhand,Dhanbad,2016,72,59,15,153,197,15,140,201,767,473,73,320,15,626,41,176,59,259,4951
Jharkhand,Dhanbad,2017,118,162,28,150,210,16,120,287,1339,577,189,313,20,912,30,342,97,441,6176
Jharkhand,Dhanbad,2018,90,96,21,146,299,14,81,341,1003,423,100,331,55,776,40,338,56,457,5473
Jharkhand,Dhanbad,2019,69,67,8,179,260,7,159,486,1012,419,224,385,59,1095,47,233,78,406,6055
Jharkhand,Dhanbad,2020,55,63,6,68,208,12,107,310,859,503,71,337,41,516,11,205,66,209,4296
Jharkhand,Dhanbad,2021,82,65,13,90,310,12,105,307,1257,469,125,498,45,743,22,308,63,252,5500
Jharkhand,Dhanbad,2022,118,106,19,137,228,19,143,388,1056,428,178,442,69,1123,26,245,78,313,6016
Jharkhand,Dhanbad Rly.,2015,11,13,2,14,31,1,13,36,166,81,23,41,5,108,3,39,11,55,745
Jharkhand,Dhanbad Rly.,2016,10,9,1,16,35,1,9,33,166,93,14,41,5,123,3,26,7,47,730
Jharkhand,Dhanbad Rly.,2017,10,8,1,12,29,3,13,46,117,63,11,35,6,94,3,41,7,51,645
Jharkhand,Dhanbad Rly.,2018,7,7,1,17,38,1,8,39,161,99,20,29,5,102,4,35,9,49,723
Jharkhand,Dhanbad Rly.,2019,13,10,2,14,19,2,7,43,139,55,9,45,2,91,2,31,9,45,636
Jharkhand,Dhanbad Rly.,2020,7,7,0,8,25,0,12,22,122,43,14,56,3,110,1,35,5,43,596
Jharkhand,Dhanbad Rly.,2021,11,11,2,21,24,0,11,49,127,73,23,64,2,87,5,26,6,44,678
Jharkhand,Dhanbad Rly.,2022,10,11,2,17,34,3,14,36,131,82,24,54,5,90,4,38,8,36,695
Jharkhand,Dumka,2015,27,30,3,27,52,4,35,71,272,166,32,96,15,276,9,82,26,123,1588
Jharkhand,Dumka,2016,32,34,5,30,104,5,40,110,443,160,47,114,13,356,9,54,11,151,1971
Jharkhand,Dumka,2017,27,29,4,56,72,4,38,108,425,180,30,121,13,385,12,60,13,101,1947
Jharkhand,Dumka,2018,36,36,4,61,61,8,39,131,359,169,49,88,18,263,13,94,17,119,1836
Jharkhand,Dumka,2019,29,28,4,43,78,5,44,71,466,266,57,108,10,268,7,88,28,70,1925
Jharkhand,Dumka,2020,23,30,4,41,86,2,15,92,262,122,34,124,15,199,10,81,17,82,1452
Jharkhand,Dumka,2021,38,51,4,56,98,4,29,105,438,181,31,157,7,343,15,110,25,147,2107
Jharkhand,Dumka,2022,38,31,3,30,68,3,33,104,377,201,58,144,6,214,6,123,25,127,1856
Jharkhand,Garhwa,2015,45,45,9,70,141,8,37,113,496,238,47,179,23,390,10,85,14,231,2676
Jharkhand,Garhwa,2016,44,39,9,76,108,9,63,173,591,271,86,146,28,469,16,162,41,154,2869
Jharkhand,Garhwa,2017,52,60,12,42,156,10,29,207,727,363,35,153,29,376,8,99,16,201,2973
Jharkhand,Garhwa,2018,52,66,12,49,141,11,44,198,779,303,91,174,32,440,7,99,24,175,3123
Jharkhand,Garhwa,2019,60,51,8,61,212,13,41,254,732,400,108,163,25,531,15,138,41,161,3473
Jharkhand,Garhwa,2020,29,32,3,74,159,4,52,149,506,178,72,174,11,436,20,93,14,175,2536
Jharkhand,Garhwa,2021,62,68,13,50,159,7,69,207,620,352,101,297,30,378,16,100,22,174,3160
Jharkhand,Garhwa,2022,50,58,11,63,147,4,66,193,756,437,89,227,26,523,10,126,19,152,3384
Jharkhand,Giridih,2015,69,55,11,77,106,12,86,288,909,342,115,212,27,700,17,212,67,161,3979
Jharkhand,Giridih,2016,69,88,11,56,181,9,98,255,739,423,129,186,12,794,19,161,35,258,4069
Jharkhand,Giridih,2017,65,79,6,129,119,5,95,171,850,449,64,209,15,728,32,199,33,190,4000
Jharkhand,Giridih,2018,70,83,11,125,197,14,58,237,895,414,71,269,15,482,32,139,22,303,4026
Jharkhand,Giridih,2019,69,96,8,103,167,7,112,241,841,382,44,248,20,702,20,229,45,348,4273
Jharkhand,Giridih,2020,53,65,12,100,199,11,57,137,836,436,75,311,20,604,23,152,37,226,3852
Jharkhand,Giridih,2021,56,77,12,67,203,17,85,331,783,476,129,283,29,530,14,202,32,202,4109
Jharkhand,Giridih,2022,64,77,8,138,169,10,79,297,850,397,133,446,37,786,24,207,60,349,4755
Jharkhand,Godda,2015,22,17,4,49,77,2,39,80,295,149,45,111,10,266,14,102,26,108,1665
Jharkhand,Godda,2016,32,34,5,33,58,7,49,133,475,293,63,94,17,233,7,114,30,88,2048
Jharkhand,Godda,2017,28,37,3,32,58,8,21,159,489,178,60,106,14,239,9,109,22,148,1994
Jharkhand,Godda,2018,25,23,3,49,68,8,54,152,440,234,37,117,6,301,11,130,37,122,2097
Jharkhand,Godda,2019,23,24,5,50,71,6,37,159,425,213,76,97,22,378,16,89,28,93,2102
Jharkhand,Godda,2020,33,42,3,38,102,3,23,76,388,181,34,145,11,324,8,91,18,84,1837
Jharkhand,Godda,2021,37,44,4,58,63,3,49,80,352,154,19,166,12,345,16,61,14,118,1871
Jharkhand,Godda,2022,33,42,7,43,70,8,28,135,341,125,72,167,11,221,7,69,12,117,1821
Jharkhand,Gumla,2015,23,24,3,29,69,5,22,74,314,146,20,56,9,168,6,58,14,97,1311
Jharkhand,Gumla,2016,15,17,3,24,48,5,16,57,240,145,29,57,9,221,8,78,13,103,1265
Jharkhand,Gumla,2017,23,19,4,27,54,3,32,82,352,195,43,83,5,263,7,88,17,82,1568
Jharkhand,Gumla,2018,17,14,3,34,76,6,12,107,261,131,21,87,9,274,9,51,9,91,1402
Jharkhand,Gumla,2019,20,26,2,22,93,2,35,90,252,124,54,80,11,192,4,73,24,58,1384
Jharkhand,Gumla,2020,22,25,4,28,76,3,19,85,210,92,29,95,11,173,6,72,15,63,1196
Jharkhand,Gumla,2021,22,29,2,43,59,2,15,116,297,115,14,101,4,273,7,74,20,108,1501
Jharkhand,Gumla,2022,31,34,7,28,77,6,24,103,298,142,21,153,14,209,5,54,12,63,1502
Jharkhand,Hazaribagh,2015,54,50,9,102,138,14,68,225,891,470,91,174,20,522,16,195,30,198,3752
Jharkhand,Hazaribagh,2016,42,49,6,48,114,3,46,185,510,324,46,169,12,569,15,167,39,152,3003
Jharkhand,Hazaribagh,2017,71,57,11,67,171,16,71,279,686,434,76,214,34,448,11,218,67,251,3696
Jharkhand,Hazaribagh,2018,45,59,6,58,163,14,45,273,745,349,64,222,16,517,14,197,31,215,3563
Jharkhand,Hazaribagh,2019,41,37,8,62,143,5,57,234,646,403,53,160,28,544,13,145,49,245,3356
Jharkhand,Hazaribagh,2020,61,79,7,45,140,11,82,133,612,385,62,292,31,445,12,190,58,157,3229
Jharkhand,Hazaribagh,2021,42,42,10,71,196,7,102,272,717,352,130,306,30,641,21,208,63,287,4009
Jharkhand,Hazaribagh,2022,74,92,13,94,126,12,102,315,853,368,130,319,31,608,24,227,56,146,4123
Jharkhand,Jamshedpur,2015,57,50,9,98,158,17,49,312,1017,558,150,194,31,712,29,187,35,272,4507
Jharkhand,Jamshedpur,2016,73,76,7,112,152,20,72,328,1042,491,128,212,27,659,31,294,69,317,4749
Jharkhand,Jamshedpur,2017,78,78,17,83,154,9,46,345,1073,441,133,228,26,753,13,144,32,219,4469
Jharkhand,Jamshedpur,2018,58,56,14,83,166,12,55,254,967,565,89,304,43,862,17,147,46,199,4574
Jharkhand,Jamshedpur,2019,71,96,14,105,312,13,58,191,714,340,145,219,21,983,32,206,57,370,4627
Jharkhand,Jamshedpur,2020,52,54,9,73,174,10,37,160,800,401,83,288,30,516,11,122,33,247,3610
Jharkhand,Jamshedpur,2021,87,76,9,126,147,11,87,321,834,488,125,423,34,803,35,266,57,266,4794
Jharkhand,Jamshedpur,2022,84,78,19,142,163,9,63,218,637,235,51,378,18,622,27,225,69,291,4190
Jharkhand,Jamshedpur Rly.,2015,7,9,0,8,13,0,6,14,71,29,10,17,3,44,1,10,3,28,341
Jharkhand,Jamshedpur Rly.,2016,5,5,1,10,13,0,5,23,61,29,5,19,1,62,2,23,3,14,340
Jharkhand,Jamshedpur Rly.,2017,4,5,0,10,21,0,7,18,54,19,9,17,2,65,3,15,4,28,329
Jharkhand,Jamshedpur Rly.,2018,5,6,1,7,17,0,9,31,84,36,10,24,3,48,1,24,7,21,391
Jharkhand,Jamshedpur Rly.,2019,7,9,1,12,17,1,4,20,79,44,4,24,1,54,3,19,4,19,377
Jharkhand,Jamshedpur Rly.,2020,4,3,0,7,14,1,5,17,67,37,3,27,1,55,1,17,5,12,320
Jharkhand,Jamshedpur Rly.,2021,6,7,1,11,15,1,8,28,83,50,12,32,1,59,2,17,4,27,416
Jharkhand,Jamshedpur Rly.,2022,6,5,1,11,11,1,8,33,75,38,11,36,2,70,1,15,4,21,405
Jharkhand,Jamtara,2015,13,14,3,30,61,4,28,56,236,119,24,59,6,181,7,65,13,62,1128
Jharkhand,Jamtara,2016,17,15,2,32,62,3,21,76,162,88,13,56,9,175,11,67,21,75,1056
Jharkhand,Jamtara,2017,22,17,2,29,72,5,20,65,286,140,22,69,4,253,5,59,16,54,1316
Jharkhand,Jamtara,2018,18,14,3,28,69,1,19,66,221,113,42,67,6,196,7,56,10,47,1143
Jharkhand,Jamtara,2019,14,14,3,30,43,5,14,70,318,183,44,74,9,182,9,57,9,95,1353
Jharkhand,Jamtara,2020,19,18,3,26,31,3,20,41,207,76,25,83,5,178,6,52,15,59,1005
Jharkhand,Jamtara,2021,18,22,3,22,77,4,32,89,313,145,28,99,11,145,7,78,18,61,1341
Jharkhand,Jamtara,2022,16,19,2,32,41,4,12,73,311,144,33,107,12,219,9,50,16,71,1338
Jharkhand,Koderma,2015,15,16,2,34,72,3,29,110,204,96,40,87,11,250,9,82,22,70,1345
Jharkhand,Koderma,2016,20,23,3,35,91,5,23,94,291,142,48,106,8,288,6,66,13,122,1609
Jharkhand,Koderma,2017,19,20,1,28,88,2,33,80,354,126,33,74,13,276,9,103,26,133,1641
Jharkhand,Koderma,2018,27,35,3,35,95,6,27,72,348,164,14,85,11,307,12,62,11,94,1627
Jharkhand,Koderma,2019,20,25,3,30,68,6,29,96,270,172,23,96,7,211,10,46,11,75,1507
Jharkhand,Koderma,2020,25,26,5,21,66,1,16,114,250,90,43,131,12,203,4,61,16,71,1352
Jharkhand,Koderma,2021,27,30,4,33,76,3,21,88,350,136,43,162,6,308,6,83,20,121,1743
Jharkhand,Koderma,2022,27,36,6,45,62,3,42,62,395,218,24,156,9,185,14,46,10,75,1643
Jharkhand,Latehar,2015,11,14,1,22,37,2,22,57,144,87,22,44,6,169,6,28,6,73,878
Jharkhand,Latehar,2016,16,18,1,19,67,3,16,79,191,81,16,52,5,207,6,34,6,50,1012
Jharkhand,Latehar,2017,21,20,4,15,45,2,21,78,203,79,34,68,7,184,3,35,11,49,1028
Jharkhand,Latehar,2018,18,23,2,19,55,2,19,43,255,109,19,47,4,125,4,57,15,37,991
Jharkhand,Latehar,2019,14,19,2,33,67,2,19,67,169,103,39,59,5,218,8,45,10,48,1076
Jharkhand,Latehar,2020,16,21,3,16,47,1,21,70,220,84,23,71,7,177,3,29,8,67,1008
Jharkhand,Latehar,2021,15,15,3,29,44,1,13,65,179,79,27,80,8,105,10,29,6,70,909
Jharkhand,Latehar,2022,15,13,3,21,65,1,24,43,226,96,11,97,8,185,4,60,15,67,1107
Jharkhand,Lohardagga,2015,10,12,1,13,17,0,8,35,92,43,19,30,5,65,2,20,5,28,507
Jharkhand,Lohardagga,2016,7,6,1,8,26,1,13,23,102,57,15,38,2,65,2,19,4,36,532
Jharkhand,Lohardagga,2017,7,8,0,16,34,1,6,41,115,68,17,40,4,87,4,26,9,31,602
Jharkhand,Lohardagga,2018,11,10,2,20,33,0,18,25,127,64,12,32,6,106,6,36,6,29,637
Jharkhand,Lohardagga,2019,11,11,1,17,27,1,8,46,126,54,10,36,5,97,4,35,6,28,608
Jharkhand,Lohardagga,2020,7,9,1,13,16,0,5,20,80,33,5,40,4,86,3,29,9,34,464
Jharkhand,Lohardagga,2021,7,6,0,13,23,2,7,30,115,56,11,51,2,116,3,31,10,27,590
Jharkhand,Lohardagga,2022,11,13,1,21,38,0,13,40,136,74,25,54,4,127,3,33,6,55,748
Jharkhand,Pakur,2015,12,16,2,25,27,1,9,53,181,107,19,47,4,168,4,53,8,35,890
Jharkhand,Pakur,2016,13,15,1,22,39,2,8,74,198,107,13,52,6,148,4,49,13,49,941
Jharkhand,Pakur,2017,17,23,3,23,51,4,16,74,172,65,18,51,7,190,4,36,9,61,970
Jharkhand,Pakur,2018,13,12,3,29,30,3,10,69,213,115,15,56,10,201,8,48,7,80,1066
Jharkhand,Pakur,2019,13,12,2,15,46,1,13,41,205,119,21,52,2,169,4,54,13,57,978
Jharkhand,Pakur,2020,9,9,2,20,44,2,17,30,162,91,20,59,2,125,3,38,7,45,790
Jharkhand,Pakur,2021,11,9,1,29,58,2,17,53,141,63,22,71,8,130,4,45,11,71,875
Jharkhand,Pakur,2022,20,24,2,23,35,2,13,74,254,150,19,79,6,124,5,56,9,76,1122
Jharkhand,Palamu,2015,40,55,8,74,114,10,33,131,434,181,66,148,27,381,21,148,41,157,2504
Jharkhand,Palamu,2016,38,33,4,56,142,4,64,108,467,214,94,180,30,435,11,83,18,233,2680
Jharkhand,Palamu,2017,61,76,14,69,125,11,29,225,752,297,59,143,17,504,20,115,18,145,3100
Jharkhand,Palamu,2018,59,76,8,44,185,8,77,123,714,261,49,165,25,562,11,176,53,189,3225
Jharkhand,Palamu,2019,62,70,10,89,205,13,35,226,553,256,47,189,31,582,19,181,59,174,3251
Jharkhand,Palamu,2020,45,48,11,72,126,7,58,125,426,157,25,185,10,388,13,94,23,122,2266
Jharkhand,Palamu,2021,35,42,5,69,185,5,38,198,624,359,107,201,15,372,14,97,26,189,2995
Jharkhand,Palamu,2022,48,39,10,71,154,3,48,156,673,346,50,246,26,545,18,129,24,160,3168
Jharkhand,Ranchi,2015,38,35,9,64,166,8,69,124,423,255,85,172,9,350,9,84,22,115,2647
Jharkhand,Ranchi,2016,42,37,6,87,169,4,80,243,648,257,37,139,24,412,13,184,29,203,3021
Jharkhand,Ranchi,2017,53,49,12,69,108,5,31,240,667,332,92,153,20,476,12,111,22,252,3141
Jharkhand,Ranchi,2018,44,52,6,85,160,10,78,245,634,268,33,178,9,596,28,164,36,210,3257
Jharkhand,Ranchi,2019,38,34,7,77,206,3,74,179,846,499,108,183,18,608,13,192,64,235,3848
Jharkhand,Ranchi,2020,37,30,7,80,139,4,58,100,616,391,63,212,8,371,20,135,46,117,2786
Jharkhand,Ranchi,2021,49,53,5,95,97,10,39,190,552,211,76,239,32,592,21,123,26,176,3033
Jharkhand,Ranchi,2022,50,59,12,82,182,9,42,231,821,462,42,227,30,478,22,131,29,267,3630
Jharkhand,Sahebganj,2015,21,16,3,55,70,8,47,95,315,125,23,112,11,213,14,64,12,70,1656
Jharkhand,Sahebganj,2016,28,31,4,48,96,3,17,77,338,120,48,94,13,217,15,85,19,133,1619
Jharkhand,Sahebganj,2017,35,34,6,38,72,1,34,101,447,197,45,111,13,238,12,82,16,99,1844
Jharkhand,Sahebganj,2018,31,40,4,57,107,5,49,72,350,144,19,104,14,260,17,88,14,138,1766
Jharkhand,Sahebganj,2019,35,40,4,33,82,6,35,97,353,162,65,85,9,262,9,100,21,69,1717
Jharkhand,Sahebganj,2020,23,26,3,26,86,7,40,115,223,108,35,116,16,293,6,89,22,88,1540
Jharkhand,Sahebganj,2021,22,22,4,31,91,3,20,72,248,135,29,137,7,256,9,87,22,89,1526
Jharkhand,Sahebganj,2022,21,23,5,56,65,2,28,94,329,129,37,153,19,241,14,94,28,101,1690
Jharkhand,Saraikela,2015,25,21,5,36,48,2,32,89,333,166,23,83,12,178,5,38,12,56,1344
Jharkhand,Saraikela,2016,25,23,3,20,66,1,16,92,305,160,21,85,8,174,4,80,22,69,1355
Jharkhand,Saraikela,2017,26,23,4,24,74,4,16,110,226,89,41,78,3,174,5,79,26,94,1285
Jharkhand,Saraikela,2018,23,19,2,26,69,2,29,88,348,144,36,93,7,273,4,71,18,94,1542
Jharkhand,Saraikela,2019,19,17,4,21,80,5,29,107,240,125,19,82,9,176,4,68,20,68,1275
Jharkhand,Saraikela,2020,12,10,1,17,51,3,29,52,172,90,21,100,7,214,5,38,10,80,1062
Jharkhand,Saraikela,2021,24,24,3,22,81,2,16,102,205,107,28,110,8,189,4,73,14,61,1254
Jharkhand,Saraikela,2022,16,18,3,38,52,5,32,114,334,213,19,103,4,268,12,60,10,108,1600
Jharkhand,Simdega,2015,6,7,0,15,16,1,10,19,72,45,5,26,2,94,3,30,8,30,456
Jharkhand,Simdega,2016,7,6,1,12,15,0,7,27,95,38,15,23,3,58,3,20,6,17,427
Jharkhand,Simdega,2017,7,6,1,13,26,1,6,25,103,62,7,26,4,94,3,15,5,26,498
Jharkhand,Simdega,2018,10,13,1,17,19,1,10,34,109,61,17,33,2,89,5,19,4,30,549
Jharkhand,Simdega,2019,5,6,1,8,16,0,4,35,96,51,12,33,4,98,2,31,8,41,520
Jharkhand,Simdega,2020,4,5,0,11,12,0,6,23,87,31,4,35,1,77,2,18,3,27,404
Jharkhand,Simdega,2021,5,4,1,7,24,0,12,28,71,43,16,43,5,77,2,17,5,18,444
Jharkhand,Simdega,2022,6,5,1,8,27,2,10,30,103,41,5,38,3,102,2,18,5,31,511
Karnataka,Bagalkot,2015,33,34,5,39,75,7,50,159,473,285,40,119,20,390,6,126,41,166,2399
Karnataka,Bagalkot,2016,30,33,3,79,120,2,66,116,405,164,27,112,17,315,15,96,31,112,2334
Karnataka,Bagalkot,2017,39,43,7,45,145,10,46,91,501,184,68,108,14,489,12,84,18,97,2338
Karnataka,Bagalkot,2018,37,34,6,74,88,7,28,97,606,377,80,129,24,370,23,84,18,148,2567
Karnataka,Bagalkot,2019,46,61,6,82,163,6,54,226,499,213,35,129,19,452,24,104,22,138,2660
Karnataka,Bagalkot,2020,24,19,5,57,83,4,22,87,528,293,54,179,5,390,15,102,34,171,2362
Karnataka,Bagalkot,2021,44,52,9,44,136,9,60,181,378,213,46,190,13,428,7,134,23,152,2434
Karnataka,Bagalkot,2022,40,44,5,52,101,6,58,183,429,236,80,206,21,490,15,133,19,207,2693
Karnataka,Bangalore Commr.,2015,522,506,117,874,1709,59,699,1976,8567,5351,1009,2105,218,7301,255,1017,210,2121,39692
Karnataka,Bangalore Commr.,2016,545,607,94,592,1073,43,854,2523,5270,2953,1161,1724,336,4483,95,1486,447,2093,31874
Karnataka,Bangalore Commr.,2017,491,595,93,627,1472,157,783,2669,7630,3016,702,2327,277,6930,199,1943,380,2711,37871
Karnataka,Bangalore Commr.,2018,501,510,80,649,1574,149,456,2882,7880,2786,585,1924,160,7397,186,1773,361,1624,37220
Karnataka,Bangalore Commr.,2019,705,642,105,1331,1572,77,485,2715,9634,3440,1443,2134,287,4792,279,2363,493,1743,40218
Karnataka,Bangalore Commr.,2020,446,607,105,503,1703,133,682,1485,7874,3951,882,2149,318,4463,136,1085,261,2164,33222
Karnataka,Bangalore Commr.,2021,726,876,127,907,1389,71,437,2031,7896,3486,1268,3290,224,6400,197,1645,283,2348,38739
Karnataka,Bangalore Commr.,2022,662,925,99,880,1852,48,621,1883,6750,4314,552,3827,109,4979,244,1269,394,2520,37296
Karnataka,Bangalore Rural,2015,118,113,13,140,379,14,64,379,1163,600,144,312,31,1137,36,336,60,379,6292
Karnataka,Bangalore Rural,2016,110,145,19,181,283,20,154,411,1406,648,63,347,49,1104,62,176,59,319,6380
Karnataka,Bangalore Rural,2017,118,148,20,103,453,21,68,333,1105,623,169,405,57,1012,33,309,60,570,6582
Karnataka,Bangalore Rural,2018,131,115,16,122,254,29,173,332,1206,462,237,348,28,1178,24,445,71,352,6481
Karnataka,Bangalore Rural,2019,96,113,18,153,229,23,198,315,1231,500,253,417,20,1237,34,284,80,291,6739
Karnataka,Bangalore Rural,2020,113,97,19,137,171,13,94,327,1097,553,101,432,41,1012,38,252,50,478,5847
Karnataka,Bangalore Rural,2021,117,96,20,117,218,21,104,268,1467,609,243,630,70,923,37,344,66,388,6666
Karnataka,Bangalore Rural,2022,141,168,27,117,284,7,96,478,1548,740,162,654,21,828,20,345,101,368,7115
Karnataka,Belgaum,2015,122,99,20,166,367,30,122,392,1564,923,125,465,68,1144,40,232,68,472,7415
Karnataka,Belgaum,2016,129,121,13,121,450,13,193,533,1164,497,116,449,64,1318,37,396,122,352,7087
Karnataka,Belgaum,2017,94,127,17,235,271,16,187,448,1508,952,230,384,31,1258,55,481,100,421,7851
Karnataka,Belgaum,2018,122,102,28,202,334,15,82,449,1479,942,169,393,78,982,58,381,109,532,7511
Karnataka,Belgaum,2019,148,191,27,242,259,11,179,648,1983,787,85,434,70,1684,75,492,117,472,9065
Karnataka,Belgaum,2020,136,152,30,206,445,8,123,274,1712,778,128,545,71,1084,56,438,144,350,7650
Karnataka,Belgaum,2021,107,98,23,190,505,25,173,562,1221,741,214,561,60,1154,31,270,62,372,7455
Karnataka,Belgaum,2022,164,132,23,202,281,11,164,630,1456,735,275,730,33,1191,59,261,57,573,8103
Karnataka,Bellary,2015,53,52,12,78,149,6,51,248,759,446,52,160,27,458,17,152,33,185,3436
Karnataka,Bellary,2016,50,66,8,77,185,13,66,179,635,273,114,169,18,719,25,123,39,248,3511
Karnataka,Bellary,2017,63,78,10,86,169,14,105,234,894,421,134,232,42,637,14,211,66,228,4169
Karnataka,Bellary,2018,52,42,10,66,142,7,63,177,589,295,104,191,13,471,15,164,56,218,3772
Karnataka,Bellary,2019,70,57,14,62,200,18,48,184,1044,389,93,264,35,764,12,250,53,267,4411
Karnataka,Bellary,2020,50,63,7,57,151,5,36,187,619,357,36,295,32,596,17,210,48,247,3467
Karnataka,Bellary,2021,44,39,7,68,104,14,86,308,641,257,135,308,38,499,14,114,31,181,3436
Karnataka,Bellary,2022,50,64,6,62,168,17,91,241,598,350,88,342,19,708,10,141,42,280,3828
Karnataka,Bidar,2015,81,64,14,97,186,18,121,403,926,536,118,313,29,587,18,160,40,218,4615
Karnataka,Bidar,2016,65,71,8,152,242,13,137,200,922,551,170,264,22,780,36,268,41,387,5047
Karnataka,Bidar,2017,91,116,10,116,219,13,131,325,1238,704,166,299,26,799,32,216,64,319,5570
Karnataka,Bidar,2018,78,101,9,70,202,10,72,384,1117,499,61,222,28,851,12,245,52,355,5038
Karnataka,Bidar,2019,90,79,17,107,316,18,153,233,1327,508,105,323,32,1063,27,237,77,273,5752
Karnataka,Bidar,2020,61,60,6,129,122,5,57,153,968,510,107,296,43,676,29,250,85,211,4338
Karnataka,Bidar,2021,87,80,19,139,231,15,118,313,1038,594,80,376,36,873,32,277,85,309,5360
Karnataka,Bidar,2022,98,111,12,103,194,9,146,219,848,357,88,469,55,968,28,341,105,408,5338
Karnataka,Bijapur,2015,40,55,5,61,102,7,71,235,454,208,59,164,29,465,17,133,43,168,2720
Karnataka,Bijapur,2016,41,50,5,86,144,5,83,245,740,275,51,142,32,363,15,167,34,247,3144
Karnataka,Bijapur,2017,53,58,12,94,184,6,61,216,503,284,55,182,8,357,17,164,33,197,2893
Karnataka,Bijapur,2018,49,67,9,78,127,9,63,119,652,250,70,192,33,420,19,102,25,168,2968
Karnataka,Bijapur,2019,42,39,7,72,103,5,73,207,636,341,58,218,35,458,22,163,51,214,3212
Karnataka,Bijapur,2020,43,50,5,44,77,10,51,132,380,165,68,215,21,484,11,82,13,110,2468
Karnataka,Bijapur,2021,40,37,9,44,132,5,65,253,498,271,90,260,26,369,10,156,33,241,2964
Karnataka,Bijapur,2022,57,59,12,82,124,4,31,275,837,362,32,275,34,508,19,161,36,157,3533
Karnataka,Chamarajnagar,2015,23,19,5,39,102,6,32,124,384,228,50,99,15,210,13,80,20,136,1813
Karnataka,Chamarajnagar,2016,20,19,2,24,49,4,24,68,380,183,22,102,6,251,7,74,20,112,1599
Karnataka,Chamarajnagar,2017,26,26,5,43,52,4,36,144,328,192,24,102,9,323,7,79,13,92,1748
Karnataka,Chamarajnagar,2018,33,27,3,53,56,3,21,130,480,201,36,105,6,354,13,102,24,131,2052
Karnataka,Chamarajnagar,2019,41,51,4,29,61,8,56,171,296,176,35,107,13,313,5,103,32,135,1962
Karnataka,Chamarajnagar,2020,31,29,3,36,57,2,46,97,346,206,29,167,18,216,10,88,17,79,1712
Karnataka,Chamarajnagar,2021,23,22,3,47,110,3,52,97,284,136,45,176,14,344,14,119,23,77,1860
Karnataka,Chamarajnagar,2022,27,37,6,61,88,1,25,161,361,129,61,169,12,303,15,84,19,117,1952
Karnataka,Chickmagalur,2015,44,54,9,88,159,13,86,229,546,242,39,195,13,553,15,194,61,243,3226
Karnataka,Chickmagalur,2016,50,65,12,85,118,4,84,224,694,310,98,160,17,554,18,143,31,263,3380
Karnataka,Chickmagalur,2017,58,48,6,90,128,4,71,168,866,451,91,167,33,528,21,181,45,247,3670
Karnataka,Chickmagalur,2018,52,43,10,103,204,10,62,274,570,364,49,200,12,499,18,131,29,282,3411
Karnataka,Chickmagalur,2019,70,93,8,58,175,8,78,243,836,447,81,168,17,643,10,219,58,245,3950
Karnataka,Chickmagalur,2020,42,44,5,58,82,10,33,178,673,387,74,274,22,405,19,180,62,130,3080
Karnataka,Chickmagalur,2021,41,35,8,51,167,6,91,266,584,300,98,269,24,532,15,141,43,128,3273
Karnataka,Chickmagalur,2022,53,46,5,49,172,14,57,138,548,271,92,295,14,504,14,137,47,150,3275
Karnataka,Chitradurga,2015,51,42,7,69,248,6,89,295,1077,411,53,241,22,557,12,167,49,339,4318
Karnataka,Chitradurga,2016,66,64,9,117,207,19,44,377,1040,474,126,269,13,599,38,266,59,301,4718
Karnataka,Chitradurga,2017,62,66,10,68,285,19,116,319,719,325,86,276,15,524,17,190,39,207,4190
Karnataka,Chitradurga,2018,96,103,16,97,206,5,102,263,811,364,131,286,44,647,33,224,34,201,4441
Karnataka,Chitradurga,2019,89,117,11,141,292,7,130,396,1111,516,77,245,14,816,36,276,84,367,5427
Karnataka,Chitradurga,2020,47,48,9,59,152,15,41,229,616,341,100,339,15,451,15,138,26,160,3605
Karnataka,Chitradurga,2021,54,74,9,104,277,13,96,210,941,392,71,380,39,783,27,249,63,302,4749
Karnataka,Chitradurga,2022,70,73,8,108,314,11,76,386,863,405,167,428,43,968,28,256,62,351,5304
Karnataka,Dakshin Kannada,2015,48,54,10,58,127,11,53,133,393,236,26,129,10,443,16,84,23,142,2333
Karnataka,Dakshin Kannada,2016,27,30,5,54,109,9,64,125,485,199,33,109,25,298,13,133,28,93,2227
Karnataka,Dakshin Kannada,2017,42,37,8,75,152,8,24,188,499,275,70,120,26,478,11,79,22,152,2602
Karnataka,Dakshin Kannada,2018,30,27,4,72,131,4,39,160,560,292,29,168,23,471,17,97,19,160,2668
Karnataka,Dakshin Kannada,2019,30,28,3,71,88,10,27,187,347,166,76,107,22,468,20,119,34,197,2329
Karnataka,Dakshin Kannada,2020,28,28,6,37,118,4,41,136,513,308,63,144,15,379,6,111,19,83,2315
Karnataka,Dakshin Kannada,2021,40,43,4,35,144,6,34,90,454,212,71,181,8,393,8,92,13,194,2347
Karnataka,Dakshin Kannada,2022,44,48,6,39,150,8,56,113,553,305,70,202,10,298,9,144,30,142,2554
Karnataka,Davanagere,2015,49,45,7,120,174,18,94,329,1047,475,104,267,21,586,31,181,61,272,4477
Karnataka,Davanagere,2016,78,77,9,59,183,17,75,184,694,391,96,282,25,491,16,163,56,300,3933
Karnataka,Davanagere,2017,78,79,9,63,252,10,69,253,871,510,124,229,46,681,20,149,33,269,4327
Karnataka,Davanagere,2018,74,96,16,73,285,18,93,322,1028,445,46,311,31,666,18,299,95,251,4825
Karnataka,Davanagere,2019,84,84,20,78,152,5,97,259,1046,644,164,256,24,858,17,201,34,247,4908
Karnataka,Davanagere,2020,53,62,5,65,112,5,38,148,797,326,114,279,13,628,16,223,77,181,3660
Karnataka,Davanagere,2021,66,66,6,119,265,13,90,228,939,437,75,324,44,634,18,251,87,221,4477
Karnataka,Davanagere,2022,54,73,12,99,215,10,105,336,753,417,125,316,21,868,21,170,49,297,4564
Karnataka,Dharwad Commr.,2015,50,64,7,46,144,4,44,143,568,298,79,149,20,504,7,78,19,150,2725
Karnataka,Dharwad Commr.,2016,42,36,10,55,153,9,56,149,442,215,81,139,20,559,10,126,27,129,2640
Karnataka,Dharwad Commr.,2017,29,34,4,58,124,3,59,160,581,353,32,128,17,434,13,165,30,109,2700
Karnataka,Dharwad Commr.,2018,58,70,13,90,127,10,64,234,437,174,108,162,15,352,31,165,45,181,2853
Karnataka,Dharwad Commr.,2019,48,50,5,79,187,5,81,243,679,322,44,180,11,342,18,132,42,116,2992
Karnataka,Dharwad Commr.,2020,35,31,3,65,135,2,41,168,512,210,45,171,22,360,18,65,17,147,2361
Karnataka,Dharwad Commr.,2021,54,43,7,92,103,5,59,186,606,371,107,206,31,517,24,131,27,116,3104
Karnataka,Dharwad Commr.,2022,57,52,13,76,195,3,33,239,453,249,49,263,21,455,25,168,27,182,3004
Karnataka,Dharwad Rural,2015,27,28,3,43,54,5,31,105,227,106,43,67,7,193,7,44,12,76,1312
Karnataka,Dharwad Rural,2016,18,15,4,19,83,4,32,64,338,154,41,71,14,237,6,55,13,72,1427
Karnataka,Dharwad Rural,2017,17,13,2,22,92,6,26,70,239,100,22,82,9,238,6,45,8,88,1375
Karnataka,Dharwad Rural,2018,16,13,3,24,51,5,23,85,334,138,23,70,9,297,4,68,13,64,1445
Karnataka,Dharwad Rural,2019,19,23,4,49,75,2,16,73,269,94,49,79,7,256,9,102,35,73,1474
Karnataka,Dharwad Rural,2020,15,15,3,27,72,4,26,98,231,82,11,114,6,203,6,65,18,65,1237
Karnataka,Dharwad Rural,2021,20,24,4,33,96,1,18,105,347,154,35,143,15,259,11,88,21,111,1696
Karnataka,Dharwad Rural,2022,20,25,4,22,71,3,16,97,296,118,36,139,13,225,4,97,21,75,1490
Karnataka,Gadag,2015,19,15,2,29,62,1,13,79,221,97,26,66,10,182,9,59,17,79,1147
Karnataka,Gadag,2016,15,19,2,23,42,4,19,100,221,131,18,61,12,161,6,77,26,94,1212
Karnataka,Gadag,2017,22,23,2,38,87,4,27,106,295,140,40,62,4,165,6,88,27,82,1411
Karnataka,Gadag,2018,16,21,1,32,49,3,27,101,248,137,45,72,5,283,5,52,13,67,1374
Karnataka,Gadag,2019,26,29,5,29,64,1,37,59,344,155,27,66,14,222,6,56,10,59,1399
Karnataka,Gadag,2020,19,24,3,30,58,4,23,56,236,138,17,85,8,169,7,41,8,86,1169
Karnataka,Gadag,2021,15,15,1,40,49,3,24,110,195,114,37,103,10,150,10,79,21,87,1249
Karnataka,Gadag,2022,16,15,2,20,63,2,22,63,297,154,43,92,13,223,3,71,17,80,1382
Karnataka,Gulbarga,2015,72,95,13,97,151,11,52,200,864,392,165,311,44,796,22,234,62,212,4443
Karnataka,Gulbarga,2016,87,112,14,82,204,21,50,187,1007,369,71,264,34,809,23,214,73,315,4591
Karnataka,Gulbarga,2017,103,125,23,164,165,19,111,459,1173,512,118,340,49,1014,40,220,63,355,5838
Karnataka,Gulbarga,2018,63,55,12,162,241,10,117,294,987,574,170,333,61,661,42,338,77,410,5387
Karnataka,Gulbarga,2019,97,133,14,163,310,25,60,269,1316,844,72,329,51,880,49,167,32,266,5858
Karnataka,Gulbarga,2020,88,71,15,152,231,8,82,218,1170,424,86,370,25,797,39,250,47,344,5083
Karnataka,Gulbarga,2021,80,95,14,73,192,13,143,427,1179,581,184,418,54,1004,25,271,82,224,5795
Karnataka,Gulbarga,2022,75,92,18,86,241,17,142,449,1057,387,123,582,63,1102,24,301,58,276,5921
Karnataka,Hassan,2015,87,99,20,179,233,24,123,316,1149,516,130,355,50,739,36,364,112,346,5691
Karnataka,Hassan,2016,109,127,17,156,256,15,153,384,880,442,179,391,33,1035,32,303,69,472,5884
Karnataka,Hassan,2017,121,133,27,184,318,23,66,450,974,547,211,392,33,1159,38,194,31,469,6240
Karnataka,Hassan,2018,104,120,10,132,189,7,72,378,1513,870,89,295,20,1134,44,342,94,371,6620
Karnataka,Hassan,2019,77,85,8,125,377,17,172,501,1186,707,186,299,27,1142,32,250,68,315,6438
Karnataka,Hassan,2020,60,72,6,121,232,13,74,404,811,353,80,342,44,980,35,233,65,360,4996
Karnataka,Hassan,2021,73,96,12,89,240,25,71,454,1489,756,67,529,32,834,15,225,41,401,6300
Karnataka,Hassan,2022,112,144,23,89,207,28,118,339,1557,826,89,487,41,1007,13,218,61,368,6585
Karnataka,Haveri,2015,30,33,3,75,68,4,42,146,411,211,41,130,22,436,17,96,16,134,2252
Karnataka,Haveri,2016,35,31,7,76,118,11,48,107,494,307,61,171,9,421,22,101,23,144,2545
Karnataka,Haveri,2017,32,35,5,39,119,4,36,126,477,217,59,169,8,500,13,138,36,163,2565
Karnataka,Haveri,2018,50,58,5,69,139,4,41,171,428,213,77,152,25,346,11,96,20,139,2406
Karnataka,Haveri,2019,38,32,8,65,155,8,40,180,577,237,24,165,9,490,12,101,32,214,2747
Karnataka,Haveri,2020,38,49,7,48,121,2,29,137,471,253,38,152,18,339,16,91,25,115,2226
Karnataka,Haveri,2021,30,40,3,44,84,10,47,175,517,281,66,207,7,442,13,138,40,192,2672
Karnataka,Haveri,2022,50,56,6,47,102,7,44,218,582,354,98,192,19,334,8,77,18,103,2696
Karnataka,K.G.F.,2015,10,13,1,17,35,1,17,38,157,78,28,50,6,131,4,24,4,49,773
Karnataka,K.G.F.,2016,15,18,2,27,25,2,14,70,181,66,25,53,7,148,5,32,8,47,868
Karnataka,K.G.F.,2017,13,11,2,21,39,1,10,42,171,108,11,38,8,111,5,46,12,67,835
Karnataka,K.G.F.,2018,16,21,2,27,30,2,10,45,179,89,31,42,3,169,5,35,6,61,893
Karnataka,K.G.F.,2019,18,15,3,17,38,3,10,51,152,82,9,62,5,135,4,62,10,71,901
Karnataka,K.G.F.,2020,12,13,2,13,38,1,9,40,200,121,8,74,8,98,4,38,6,53,846
Karnataka,K.G.F.,2021,12,10,1,20,37,3,19,47,150,95,25,61,4,159,5,47,14,56,884
Karnataka,K.G.F.,2022,15,12,3,23,35,2,17,69,201,101,28,89,4,129,8,47,9,50,967
Karnataka,Kodagu,2015,28,32,6,60,111,2,32,108,425,244,48,107,10,281,15,121,29,96,2025
Karnataka,Kodagu,2016,33,37,5,60,106,5,22,136,472,194,53,125,16,348,15,90,23,133,2139
Karnataka,Kodagu,2017,39,33,3,51,124,7,48,141,517,206,26,147,22,362,9,90,15,186,2343
Karnataka,Kodagu,2018,42,49,7,60,128,9,55,165,422,150,74,118,9,301,13,141,22,88,2169
Karnataka,Kodagu,2019,38,36,7,63,82,6,51,143,302,125,46,98,16,414,21,79,12,105,2014
Karnataka,Kodagu,2020,34,37,5,59,81,5,26,124,400,183,46,147,18,330,13,91,27,129,2012
Karnataka,Kodagu,2021,44,37,10,38,117,6,31,182,312,193,54,196,22,252,13,107,26,103,2075
Karnataka,Kodagu,2022,34,28,7,45,99,7,53,94,387,224,61,145,8,356,7,131,29,88,2095
Karnataka,Kolar,2015,44,41,7,63,123,2,33,194,329,143,22,108,18,368,19,73,24,88,2173
Karnataka,Kolar,2016,32,33,6,63,90,9,36,124,529,216,83,128,7,435,16,110,23,162,2469
Karnataka,Kolar,2017,54,50,9,65,98,5,65,118,543,201,26,178,10,316,17,147,49,211,2542
Karnataka,Kolar,2018,29,33,5,49,129,4,49,109,397,154,56,163,26,415,11,155,27,162,2347
Karnataka,Kolar,2019,39,39,8,63,181,10,40,198,524,244,57,174,19,457,17,134,26,189,2816
Karnataka,Kolar,2020,32,39,3,44,119,2,48,81,501,251,65,134,14,371,9,114,27,116,2246
Karnataka,Kolar,2021,36,42,8,60,120,4,62,128,401,177,29,168,25,374,17,122,38,103,2237
Karnataka,Kolar,2022,48,53,7,56,112,9,41,169,604,265,43,195,13,382,12,159,43,209,2771
Karnataka,Koppal,2015,31,43,4,29,118,6,38,137,288,161,71,123,10,376,6,92,18,110,1928
Karnataka,Koppal,2016,26,33,4,39,110,6,45,174,334,128,77,107,16,281,6,82,23,155,2015
Karnataka,Koppal,2017,31,31,3,57,118,6,42,106,400,173,41,130,15,286,10,64,14,87,1897
Karnataka,Koppal,2018,29,25,6,35,70,3,53,114,505,316,53,131,20,346,7,65,10,107,2188
Karnataka,Koppal,2019,32,31,4,68,90,4,20,181,428,270,29,105,13,326,18,62,20,139,2147
Karnataka,Koppal,2020,31,24,4,31,104,6,47,85,431,232,65,144,12,265,10,78,16,115,1945
Karnataka,Koppal,2021,24,23,5,64,124,4,27,81,377,205,23,176,18,248,19,124,40,87,1957
Karnataka,Koppal,2022,41,44,4,33,128,8,24,82,395,189,41,191,20,328,9,130,41,100,2112
Karnataka,Mandya,2015,62,73,6,114,157,16,137,413,1240,663,167,253,47,1023,26,310,67,306,5826
Karnataka,Mandya,2016,97,98,13,91,241,11,118,334,1132,455,108,326,23,597,25,258,73,407,5151
Karnataka,Mandya,2017,106,112,14,183,200,9,71,255,1310,758,63,351,40,877,42,387,134,256,6022
Karnataka,Mandya,2018,127,147,27,197,250,25,65,490,1056,531,109,293,61,1040,55,384,76,501,6337
Karnataka,Mandya,2019,82,94,16,90,383,26,129,437,868,558,80,329,58,1069,15,306,92,351,5839
Karnataka,Mandya,2020,96,108,10,81,296,13,64,374,1228,763,63,427,51,917,25,304,73,271,5859
Karnataka,Mandya,2021,103,103,17,145,374,26,149,246,935,545,72,525,63,710,44,391,105,237,5650
Karnataka,Mandya,2022,70,58,7,120,241,17,121,338,1528,973,62,485,48,1086,41,229,63,356,6676
Karnataka,Mysore Commr.,2015,46,41,9,103,193,6,51,226,745,308,55,198,33,653,30,118,41,216,3550
Karnataka,Mysore Commr.,2016,62,53,13,57,91,9,71,140,579,272,52,184,21,375,18,108,37,122,2842
Karnataka,Mysore Commr.,2017,49,65,5,56,131,4,54,169,493,301,40,165,20,535,19,174,43,163,2924
Karnataka,Mysore Commr.,2018,47,45,10,76,151,13,52,145,869,393,102,205,15,520,21,142,28,243,3550
Karnataka,Mysore Commr.,2019,70,78,9,66,187,6,65,137,865,447,120,184,40,653,17,189,52,182,3872
Karnataka,Mysore Commr.,2020,33,34,4,59,138,12,71,206,440,202,69,188,29,507,10,156,33,204,2769
Karnataka,Mysore Commr.,2021,62,79,8,76,169,9,72,195,677,351,86,298,16,593,15,226,58,194,3689
Karnataka,Mysore Commr.,2022,40,43,4,100,205,13,78,229,817,470,126,258,34,577,15,114,31,221,3851
Karnataka,Mysore Rural,2015,61,72,12,130,235,16,75,197,674,294,66,217,25,723,20,284,53,200,4094
Karnataka,Mysore Rural,2016,75,76,15,149,281,14,126,320,696,344,66,255,36,665,46,173,35,393,4420
Karnataka,Mysore Rural,2017,79,95,17,138,197,5,53,353,1049,538,158,246,35,801,36,222,51,372,5073
Karnataka,Mysore Rural,2018,83,78,19,101,293,21,76,313,1268,565,69,319,24,592,22,222,66,262,5074
Karnataka,Mysore Rural,2019,103,123,16,152,303,5,83,416,823,394,116,228,36,644,35,322,64,380,4954
Karnataka,Mysore Rural,2020,80,108,15,124,218,6,88,219,981,540,49,401,40,606,24,199,45,333,4644
Karnataka,Mysore Rural,2021,61,78,13,89,300,9,69,373,766,441,153,378,35,624,15,198,48,349,4680
Karnataka,Mysore Rural,2022,85,100,14,109,239,12,52,203,965,383,131,367,33,933,16,172,55,272,4799
Karnataka,Raichur,2015,48,46,8,55,208,7,56,254,683,399,91,217,36,596,14,97,28,231,3550
Karnataka,Raichur,2016,48,44,6,101,140,8,54,288,888,446,34,229,22,625,23,203,52,237,3941
Karnataka,Raichur,2017,65,88,9,76,163,9,82,287,665,334,48,188,37,700,17,105,28,212,3613
Karnataka,Raichur,2018,53,62,12,97,137,16,70,198,804,482,42,170,25,726,17,177,34,259,3913
Karnataka,Raichur,2019,66,57,7,94,192,5,35,142,912,323,35,183,18,553,32,172,26,146,3517
Karnataka,Raichur,2020,55,67,8,92,182,7,48,251,825,500,88,296,31,643,18,94,25,210,3885
Karnataka,Raichur,2021,42,57,9,93,188,3,76,146,806,428,44,347,21,687,19,181,34,141,3842
Karnataka,Raichur,2022,64,63,9,118,229,14,95,311,601,282,141,372,39,501,35,150,33,176,3790
Karnataka,Railways,2015,28,29,5,25,107,6,18,150,431,206,39,86,18,211,5,87,28,112,1843
Karnataka,Railways,2016,24,26,2,33,83,6,40,67,268,170,36,94,9,211,10,115,35,101,1650
Karnataka,Railways,2017,33,39,5,50,61,3,25,104,336,173,50,97,15,251,14,71,23,138,1736
Karnataka,Railways,2018,34,34,4,56,83,6,32,77,420,265,33,113,13,342,15,56,10,81,1918
Karnataka,Railways,2019,34,38,5,45,117,4,46,124,464,186,27,115,8,263,7,91,19,119,1976
Karnataka,Railways,2020,22,18,5,29,92,4,42,103,284,156,43,160,10,221,4,97,20,60,1593
Karnataka,Railways,2021,26,24,3,47,94,4,21,86,444,233,34,161,13,205,13,88,30,106,1875
Karnataka,Railways,2022,23,23,2,31,97,1,54,104,459,263,43,197,17,322,9,112,21,96,2150
Karnataka,Shimoga,2015,108,99,10,113,420,14,119,282,1722,1043,136,346,54,1307,32,217,33,396,7391
Karnataka,Shimoga,2016,121,121,20,159,386,10,152,382,1161,529,204,427,60,1253,40,370,107,499,6962
Karnataka,Shimoga,2017,87,98,17,103,416,20,121,457,1726,933,164,338,53,1001,24,313,103,464,7452
Karnataka,Shimoga,2018,133,114,22,172,421,16,204,526,1873,772,118,493,62,1217,33,219,47,348,7850
Karnataka,Shimoga,2019,108,141,24,159,310,31,67,546,1798,824,120,346,54,1086,38,395,82,501,7618
Karnataka,Shimoga,2020,69,56,13,107,299,9,61,357,1072,503,173,524,29,886,24,214,52,268,5541
Karnataka,Shimoga,2021,125,116,17,208,348,25,93,471,1736,1122,185,551,32,1126,49,262,58,296,7822
Karnataka,Shimoga,2022,102,139,22,102,290,8,164,358,1072,505,86,667,77,1035,17,197,54,508,6510
Karnataka,Tumkur,2015,62,52,7,155,303,22,82,385,1283,491,195,342,40,809,24,235,43,336,5632
Karnataka,Tumkur,2016,67,55,12,154,318,23,136,438,1013,417,82,340,48,1045,25,331,113,372,5721
Karnataka,Tumkur,2017,63,73,15,169,269,9,61,434,1312,617,142,374,54,858,30,248,65,362,5948
Karnataka,Tumkur,2018,96,112,15,78,294,11,58,231,1228,766,98,333,18,792,22,189,31,371,5501
Karnataka,Tumkur,2019,108,95,24,101,255,12,97,401,1453,737,119,327,65,831,26,408,109,424,6477
Karnataka,Tumkur,2020,87,79,16,148,263,5,80,373,1060,372,111,431,29,887,38,255,49,266,5249
Karnataka,Tumkur,2021,90,101,13,88,198,22,77,284,1342,520,174,391,51,726,28,297,83,350,5594
Karnataka,Tumkur,2022,65,90,7,164,332,9,130,222,1213,760,98,450,22,624,26,311,106,337,5745
Karnataka,Udupi,2015,29,36,5,62,72,4,64,149,612,351,60,143,26,328,20,91,20,165,2596
Karnataka,Udupi,2016,51,52,9,39,159,8,27,171,435,180,88,158,21,445,6,78,24,120,2435
Karnataka,Udupi,2017,47,49,6,89,99,13,37,130,622,353,31,134,11,332,17,143,49,125,2726
Karnataka,Udupi,2018,57,72,11,87,114,9,76,232,606,267,86,164,27,525,25,180,39,174,3170
Karnataka,Udupi,2019,58,79,12,47,88,14,51,127,468,243,91,171,25,612,15,90,13,198,2909
Karnataka,Udupi,2020,31,27,6,78,151,6,38,169,618,368,25,240,8,293,14,107,26,156,2710
Karnataka,Udupi,2021,37,43,7,79,117,4,75,225,442,267,67,228,19,414,17,102,22,210,2792
Karnataka,Udupi,2022,59,57,9,84,111,6,60,244,781,462,66,283,10,359,22,129,42,262,3488
Karnataka,Uttar Kannada,2015,61,77,12,57,217,13,51,181,572,204,67,180,34,619,16,207,40,251,3325
Karnataka,Uttar Kannada,2016,56,71,9,78,149,7,45,236,539,188,118,183,19,602,14,197,64,181,3201
Karnataka,Uttar Kannada,2017,72,81,8,98,150,8,94,291,903,331,50,201,11,737,18,178,29,211,3978
Karnataka,Uttar Kannada,2018,38,30,8,62,121,11,85,233,836,398,124,215,9,438,17,112,34,160,3403
Karnataka,Uttar Kannada,2019,56,47,11,75,117,12,64,248,642,359,127,218,17,544,24,112,31,255,3440
Karnataka,Uttar Kannada,2020,56,73,10,74,155,11,72,130,706,267,68,285,11,588,14,177,39,140,3299
Karnataka,Uttar Kannada,2021,58,70,9,54,98,8,39,192,616,379,99,225,18,550,16,196,57,142,3278
Karnataka,Uttar Kannada,2022,47,38,6,102,243,16,46,192,738,262,88,365,28,500,26,125,35,161,3544
Kerala,Alapuzha,2015,183,203,26,278,367,48,307,519,2112,740,423,540,70,1820,56,559,96,859,11113
Kerala,Alapuzha,2016,236,289,41,381,380,58,307,1033,2666,1070,370,791,109,2155,117,713,195,699,13413
Kerala,Alapuzha,2017,199,174,30,239,711,31,310,451,2266,1364,150,672,114,1748,54,467,160,989,11809
Kerala,Alapuzha,2018,256,340,40,368,741,46,132,671,3076,1936,192,599,93,2332,86,795,226,649,14423
Kerala,Alapuzha,2019,252,345,54,179,621,53,316,500,2942,1796,315,649,36,2492,40,741,211,962,14262
Kerala,Alapuzha,2020,198,262,41,351,347,26,284,919,2283,1085,337,1008,104,1797,60,569,129,796,12202
Kerala,Alapuzha,2021,177,207,43,331,749,21,299,972,2568,1336,491,1233,118,2437,51,795,242,782,14751
Kerala,Alapuzha,2022,184,223,27,239,567,13,278,863,3207,1575,280,1018,45,1778,60,365,66,568,13091
Kerala,Cbcid,2015,1,1,0,3,3,0,2,3,18,9,1,6,0,12,0,3,0,6,94
Kerala,Cbcid,2016,1,1,0,1,2,0,1,5,20,9,2,4,0,17,0,4,0,5,88
Kerala,Cbcid,2017,1,1,0,3,3,0,2,4,14,4,3,5,0,12,0,3,0,3,86
Kerala,Cbcid,2018,1,1,0,2,2,0,1,5,18,7,2,6,0,19,0,4,1,4,89
Kerala,Cbcid,2019,1,1,0,1,5,0,1,4,19,8,2,4,0,20,0,3,0,5,96
Kerala,Cbcid,2020,1,1,0,2,3,0,2,6,13,7,1,7,0,14,0,3,0,4,75
Kerala,Cbcid,2021,1,1,0,1,4,0,2,4,20,10,1,9,0,14,0,5,0,4,96
Kerala,Cbcid,2022,1,1,0,2,4,0,1,5,21,8,1,7,0,12,0,5,1,7,92
Kerala,Ernakulam,2015,193,260,38,358,715,30,287,1195,3123,1859,451,888,97,2186,74,935,184,905,16072
Kerala,Ernakulam,2016,297,412,40,492,696,37,419,1392,3966,1757,506,937,138,3332,107,950,231,844,18881
Kerala,Ernakulam,2017,268,334,28,570,517,55,420,1400,4459,2618,392,862,103,2708,128,920,252,1183,19744
Kerala,Ernakulam,2018,279,326,33,572,1104,66,484,1146,3828,1976,233,1243,136,3741,196,1236,213,1585,21094
Kerala,Ernakulam,2019,327,300,71,459,885,56,289,1008,2979,1126,467,1120,194,3870,103,564,103,1474,18069
Kerala,Ernakulam,2020,245,273,39,358,865,34,224,1203,2230,1356,485,1244,147,2737,109,824,233,579,15213
Kerala,Ernakulam,2021,220,206,45,384,637,55,504,950,4715,1945,290,1657,92,2924,112,673,154,989,19188
Kerala,Ernakulam,2022,358,309,64,360,1177,53,257,1233,4036,1769,376,1769,91,2499,103,1194,308,1042,19682
Kerala,Idukki,2015,112,137,14,149,354,17,58,337,1197,693,197,399,48,1134,27,365,96,324,6490
Kerala,Idukki,2016,70,58,12,197,339,21,138,361,1511,612,59,365,62,794,30,342,89,255,6162
Kerala,Idukki,2017,92,116,10,84,186,6,87,314,861,475,68,260,49,721,25,216,48,445,5330
Kerala,Idukki,2018,89,118,19,190,398,27,125,399,1514,619,144,407,60,1245,56,264,78,277,6931
Kerala,Idukki,2019,69,69,13,104,351,20,95,469,1327,699,207,311,19,907,31,204,31,267,6045
Kerala,Idukki,2020,79,77,16,135,313,11,69,247,1031,423,173,398,14,629,41,241,39,185,4792
Kerala,Idukki,2021,122,134,15,183,175,12,172,468,1113,607,128,524,32,800,58,181,42,240,5881
Kerala,Idukki,2022,100,122,11,171,301,10,68,425,945,535,105,498,23,731,34,372,101,450,5848
Kerala,Kannur,2015,134,116,25,178,412,32,135,407,1786,1027,240,423,28,958,44,218,40,431,7612
Kerala,Kannur,2016,114,132,21,145,311,7,147,471,1169,484,190,433,27,1052,41,257,55,371,7137
Kerala,Kannur,2017,144,156,18,219,363,14,128,502,1252,547,131,455,24,1472,49,319,81,563,7499
Kerala,Kannur,2018,110,102,14,235,360,36,141,514,1320,707,292,453,35,1476,66,475,165,320,7939
Kerala,Kannur,2019,167,202,22,161,504,21,136,417,1637,917,157,381,62,960,33,453,85,449,7917
Kerala,Kannur,2020,105,87,16,197,178,7,123,266,1343,488,87,628,42,1259,62,247,40,241,6304
Kerala,Kannur,2021,101,104,21,168,259,32,220,356,1923,991,127,561,58,1003,46,373,66,495,8035
Kerala,Kannur,2022,130,150,16,179,375,29,216,702,1686,814,162,864,92,1039,33,439,118,438,8697
Kerala,Kasargod,2015,109,101,25,95,339,7,130,217,872,337,154,270,32,1120,23,254,71,226,5234
Kerala,Kasargod,2016,111,100,25,151,343,19,136,450,1229,491,122,290,40,1000,41,313,89,392,6115
Kerala,Kasargod,2017,70,65,11,150,248,8,71,405,1354,655,162,365,44,1225,31,303,95,507,6634
Kerala,Kasargod,2018,110,95,15,138,179,15,67,234,1015,636,146,385,59,1134,28,313,54,496,5980
Kerala,Kasargod,2019,82,96,19,133,324,6,132,325,1125,417,155,375,34,778,24,185,59,471,5569
Kerala,Kasargod,2020,73,83,16,89,141,4,123,392,1011,393,146,414,48,835,18,191,41,366,5065
Kerala,Kasargod,2021,106,123,18,111,275,14,73,481,1296,782,61,453,52,846,35,349,58,268,6224
Kerala,Kasargod,2022,128,139,16,194,251,20,142,421,1207,623,129,508,67,1161,53,343,80,411,6771
Kerala,Kollam,2015,159,163,35,340,621,33,114,605,2242,1143,145,605,130,2262,107,575,172,683,11823
Kerala,Kollam,2016,184,153,34,322,440,38,357,895,1990,1149,176,896,145,1688,58,839,182,1088,12506
Kerala,Kollam,2017,211,293,43,376,649,28,322,1123,2298,1037,273,681,51,2838,89,812,227,895,14313
Kerala,Kollam,2018,193,237,43,234,812,34,287,962,3070,1334,460,698,144,2193,40,492,122,1014,14357
Kerala,Kollam,2019,309,303,65,361,901,37,328,1108,2831,1785,173,985,56,2189,94,698,126,583,15085
Kerala,Kollam,2020,170,236,38,298,383,40,205,676,2021,998,220,743,111,1711,81,479,98,578,10628
Kerala,Kollam,2021,248,330,38,369,451,13,223,531,2604,1090,299,1072,88,1981,128,521,169,615,12667
Kerala,Kollam,2022,229,236,30,367,821,48,188,538,2199,953,182,1308,139,2722,85,434,79,1014,13468
Kerala,Kottayam,2015,253,354,25,409,1086,43,324,731,2728,992,310,1134,163,3127,82,573,121,874,16980
Kerala,Kottayam,2016,232,226,38,579,1090,73,240,1564,3934,2237,460,1234,120,3277,151,809,123,878,19996
Kerala,Kottayam,2017,276,385,55,461,1262,85,228,1469,5102,2130,435,1008,144,3104,130,672,168,888,20757
Kerala,Kottayam,2018,375,436,73,437,1115,37,295,805,4739,2726,354,1316,145,4077,102,959,173,1070,22134
Kerala,Kottayam,2019,286,245,41,469,1120,96,527,880,3457,1593,238,980,220,2927,149,672,180,1433,20094
Kerala,Kottayam,2020,318,305,47,448,1130,61,370,660,4265,2047,283,1210,77,2787,107,573,161,1455,18746
Kerala,Kottayam,2021,311,354,68,495,724,20,470,1093,4739,2297,612,1374,75,3540,91,1158,317,930,21297
Kerala,Kottayam,2022,304,370,50,651,1115,98,456,1303,3955,1862,514,1981,96,2578,147,1373,479,1295,21701
Kerala,Kozhikode,2015,126,141,13,238,371,35,97,542,2182,1014,286,578,95,1542,76,497,78,726,9937
Kerala,Kozhikode,2016,118,139,17,151,477,24,213,587,2249,1444,246,585,64,1844,28,294,96,689,10535
Kerala,Kozhikode,2017,147,183,15,166,546,11,161,594,1367,814,246,573,72,1404,44,582,135,467,8970
Kerala,Kozhikode,2018,157,130,17,286,583,18,153,587,1679,722,189,639,73,2172,72,600,124,481,10540
Kerala,Kozhikode,2019,121,154,13,290,318,35,267,764,2034,780,174,650,65,1556,65,704,195,458,10155
Kerala,Kozhikode,2020,159,156,18,198,364,31,167,503,1629,750,94,606,67,1044,50,461,106,731,8370
Kerala,Kozhikode,2021,131,113,27,285,440,32,236,579,1803,674,146,762,63,1607,87,639,101,845,9982
Kerala,Kozhikode,2022,215,209,49,269,552,18,294,824,2356,857,354,852,67,2305,44,728,253,461,12309
Kerala,Malappuram,2015,279,339,60,374,1038,27,514,1171,4700,3025,400,896,170,3078,116,628,173,796,20376
Kerala,Malappuram,2016,249,321,61,391,1184,84,510,1556,4666,1870,527,1288,63,4160,88,1264,365,782,22324
Kerala,Malappuram,2017,238,306,33,283,558,57,537,1046,4521,2915,640,1290,196,3011,77,868,162,758,20259
Kerala,Malappuram,2018,419,357,60,450,753,57,446,1068,5092,3093,337,1469,171,4558,94,1307,327,1870,25111
Kerala,Malappuram,2019,409,386,97,569,1389,42,235,1679,5719,2329,686,1403,226,2874,180,848,283,1408,23893
Kerala,Malappuram,2020,309,382,73,290,674,60,171,1256,3946,2521,455,1338,156,2506,56,932,259,924,18840
Kerala,Malappuram,2021,415,453,50,338,1301,76,326,882,4902,2345,597,1630,152,2892,116,1018,334,1420,22114
Kerala,Malappuram,2022,429,551,56,661,1294,107,270,1539,4743,3018,439,2098,242,4538,173,1400,386,1883,27097
Kerala,Palakkad,2015,306,339,34,344,672,62,185,1329,4303,2667,190,1032,72,3266,108,930,177,1329,19653
Kerala,Palakkad,2016,222,265,53,244,617,50,328,1125,2202,1308,510,1024,90,3005,68,921,289,947,15422
Kerala,Palakkad,2017,218,185,47,252,817,71,258,799,2766,1296,172,777,107,2260,57,640,136,829,16141
Kerala,Palakkad,2018,282,316,37,381,596,49,297,1034,3611,1456,360,1006,112,2878,75,507,92,1005,16884
Kerala,Palakkad,2019,295,391,53,258,603,26,430,1196,3119,1238,384,926,64,2743,69,646,105,834,15857
Kerala,Palakkad,2020,176,172,20,378,664,55,170,1035,2890,1431,300,986,108,2637,130,860,146,541,14586
Kerala,Palakkad,2021,181,157,41,333,875,53,152,1052,4016,2483,487,1375,173,2900,115,610,132,707,18046
Kerala,Palakkad,2022,352,378,81,304,617,24,346,792,3110,1290,581,1828,167,3017,76,1216,406,977,18246
Kerala,Pathanamthitta,2015,165,143,40,172,368,29,109,560,1796,1166,307,508,65,1685,26,491,107,552,9593
Kerala,Pathanamthitta,2016,143,136,20,161,350,34,174,587,2165,1153,166,488,76,1390,37,301,102,618,9341
Kerala,Pathanamthitta,2017,154,126,27,148,307,28,212,600,2022,1177,186,442,36,1487,23,546,158,666,9637
Kerala,Pathanamthitta,2018,156,140,38,270,590,15,269,768,2439,1528,350,477,29,1246,51,372,125,746,11014
Kerala,Pathanamthitta,2019,146,150,28,210,451,25,116,638,2066,1062,285,629,61,1973,53,377,105,762,10538
Kerala,Pathanamthitta,2020,152,199,22,148,393,23,147,673,1756,998,102,799,61,1587,48,454,97,595,9423
Kerala,Pathanamthitta,2021,141,148,35,253,315,33,136,454,1592,934,91,877,27,1548,64,274,74,718,8987
Kerala,Pathanamthitta,2022,171,227,34,286,637,12,266,635,1580,798,143,857,45,1148,92,394,127,458,9299
Kerala,Railways,2015,11,10,2,17,45,2,7,50,144,69,18,46,6,132,5,35,7,53,763
Kerala,Railways,2016,10,8,1,15,33,0,16,25,153,56,19,31,3,83,2,32,10,26,631
Kerala,Railways,2017,15,16,3,20,47,3,12,64,144,51,20,47,8,107,3,48,8,61,785
Kerala,Railways,2018,16,15,2,17,28,2,15,64,193,109,20,45,3,94,2,41,7,64,851
Kerala,Railways,2019,15,20,2,23,24,3,15,37,146,72,25,37,5,131,6,39,11,50,774
Kerala,Railways,2020,9,9,1,14,26,2,12,34,107,67,13,53,3,79,4,30,6,31,580
Kerala,Railways,2021,10,11,1,11,30,3,16,55,166,97,13,51,6,133,2,41,7,45,797
Kerala,Railways,2022,16,15,2,14,23,3,16,38,171,75,25,76,7,102,3,50,15,62,823
Kerala,Thrissur,2015,191,172,38,191,762,44,281,878,1980,797,127,615,40,1579,29,490,101,513,12281
Kerala,Thrissur,2016,154,192,18,368,713,24,167,973,3247,2077,129,749,98,2713,107,578,122,875,15199
Kerala,Thrissur,2017,204,265,24,266,527,32,186,907,3040,1230,312,720,73,2152,85,405,104,873,13212
Kerala,Thrissur,2018,213,244,33,301,839,20,282,769,2292,1124,357,853,142,2555,53,738,142,1086,13964
Kerala,Thrissur,2019,278,369,28,316,515,43,304,582,3436,1235,445,931,60,2019,84,548,180,1091,14514
Kerala,Thrissur,2020,228,271,26,272,341,53,184,756,2340,1081,133,1076,81,1933,78,649,203,619,11954
Kerala,Thrissur,2021,207,271,44,246,507,53,313,616,1958,1220,239,1067,86,1690,71,513,122,623,11548
Kerala,Thrissur,2022,195,179,31,371,388,21,250,646,2683,1672,459,1167,51,2126,110,751,259,842,14038
Kerala,Trivandrum,2015,154,138,31,211,864,48,188,678,2717,1347,394,695,144,1511,59,572,174,632,12518
Kerala,Trivandrum,2016,207,214,22,345,702,34,174,873,3877,2353,409,746,86,2138,76,659,230,1269,16534
Kerala,Trivandrum,2017,269,332,58,227,413,23,170,703,2333,817,283,794,147,2662,40,467,87,910,12725
Kerala,Trivandrum,2018,209,281,32,463,920,44,336,843,2343,1078,556,957,163,2041,77,818,128,836,15254
Kerala,Trivandrum,2019,241,268,38,289,744,33,409,870,3389,1533,405,995,120,2213,78,547,117,779,15192
Kerala,Trivandrum,2020,224,254,39,248,438,49,146,734,1926,941,273,1000,52,2384,43,650,212,756,12031
Kerala,Trivandrum,2021,281,270,61,353,476,50,301,1177,3088,1255,154,1280,102,1741,91,830,186,1148,14827
Kerala,Trivandrum,2022,296,275,43,455,963,50,425,658,2365,1244,455,1543,61,2097,134,454,116,894,15015
Kerala,Wayanadu,2015,68,89,15,101,231,11,58,185,558,243,79,214,38,738,25,114,32,178,3482
Kerala,Wayanadu,2016,77,77,15,122,212,4,97,255,833,422,54,190,34,675,36,207,58,308,4204
Kerala,Wayanadu,2017,41,48,8,74,192,10,61,231,933,405,39,240,14,698,17,149,30,285,3990
Kerala,Wayanadu,2018,55,46,8,60,221,4,55,292,918,435,77,183,24,479,9,129,27,189,3713
Kerala,Wayanadu,2019,67,65,14,97,206,16,58,250,726,435,91,233,14,803,27,230,59,205,4147
Kerala,Wayanadu,2020,66,80,12,69,105,12,83,259,633,346,35,276,16,452,14,128,27,180,3246
Kerala,Wayanadu,2021,71,71,7,61,158,9,88,213,663,405,92,249,27,632,13,225,78,151,3708
Kerala,Wayanadu,2022,60,73,14,59,107,11,66,241,897,492,86,301,20,531,14,145,29,234,3902
Madhya Pradesh,Balaghat,2015,48,38,8,82,192,5,86,268,655,420,67,227,36,643,13,192,65,159,3708
Madhya Pradesh,Balaghat,2016,52,58,8,118,206,7,37,151,551,326,96,194,19,585,39,170,27,176,3568
Madhya Pradesh,Balaghat,2017,47,39,8,108,256,12,38,288,831,348,140,255,18,682,16,211,38,283,4179
Madhya Pradesh,Balaghat,2018,77,92,15,114,280,17,74,177,1001,539,137,283,13,760,20,130,35,322,4697
Madhya Pradesh,Balaghat,2019,51,57,10,93,239,17,73,217,775,433,74,263,27,668,24,130,37,286,4070
Madhya Pradesh,Balaghat,2020,40,54,9,91,224,14,40,196,727,468,46,262,33,480,27,166,39,192,3594
Madhya Pradesh,Balaghat,2021,54,48,7,86,224,18,60,181,979,488,92,396,22,752,16,183,62,180,4409
Madhya Pradesh,Balaghat,2022,67,85,7,130,260,19,57,350,924,362,141,355,16,873,31,278,68,192,4825
Madhya Pradesh,Barwani,2015,58,54,10,58,97,10,44,234,650,272,66,162,12,578,9,162,41,140,3067
Madhya Pradesh,Barwani,2016,37,36,6,56,205,6,64,194,773,402,47,185,10,400,13,152,48,143,3228
Madhya Pradesh,Barwani,2017,43,53,7,53,119,9,73,204,600,323,42,178,22,449,18,140,36,168,2974
Madhya Pradesh,Barwani,2018,52,55,10,61,132,9,31,217,535,318,46,170,25,473,16,152,37,145,3028
Madhya Pradesh,Barwani,2019,51,43,9,86,136,3,72,161,521,237,120,183,26,504,13,128,24,172,3400
Madhya Pradesh,Barwani,2020,42,48,4,49,141,10,50,176,622,351,49,217,26,416,9,168,55,137,2969
Madhya Pradesh,Barwani,2021,44,44,7,49,124,6,65,205,467,212,97,275,16,656,12,140,35,253,3158
Madhya Pradesh,Barwani,2022,74,63,8,66,138,16,60,289,742,365,47,366,26,434,12,227,55,261,3765
Madhya Pradesh,Betul,2015,145,167,16,111,457,32,201,349,1698,968,108,401,31,1320,38,461,124,550,8199
Madhya Pradesh,Betul,2016,133,179,15,146,267,10,84,362,1337,843,248,327,38,1272,34,216,46,276,6824
Madhya Pradesh,Betul,2017,96,86,14,172,235,26,159,575,1330,582,84,350,42,1202,29,297,46,414,7115
Madhya Pradesh,Betul,2018,98,87,16,206,247,31,212,623,1104,405,235,419,22,1017,52,343,106,368,7096
Madhya Pradesh,Betul,2019,137,155,22,203,364,12,122,547,1931,771,164,472,54,1531,42,331,50,377,8411
Madhya Pradesh,Betul,2020,90,108,12,164,377,14,175,374,964,382,133,647,35,1316,39,389,103,536,6788
Madhya Pradesh,Betul,2021,101,97,14,156,216,18,130,375,1687,943,153,618,82,1542,53,409,127,443,8225
Madhya Pradesh,Betul,2022,143,181,35,244,291,29,197,563,1166,747,127,555,69,973,51,422,88,556,7548
Madhya Pradesh,Bhind,2015,93,115,21,149,261,14,52,252,995,547,156,262,41,927,25,215,60,272,5180
Madhya Pradesh,Bhind,2016,74,62,8,107,205,10,75,340,1195,444,94,353,48,732,26,255,45,204,5039
Madhya Pradesh,Bhind,2017,120,126,28,145,203,12,163,253,1568,581,210,275,27,681,44,237,51,330,5896
Madhya Pradesh,Bhind,2018,104,108,17,165,330,6,73,272,930,475,68,306,17,926,55,353,117,242,5595
Madhya Pradesh,Bhind,2019,90,81,21,99,223,24,149,474,1419,897,130,395,44,1186,24,375,81,341,6922
Madhya Pradesh,Bhind,2020,62,56,7,101,307,7,51,321,1204,657,180,445,26,640,29,320,52,334,5500
Madhya Pradesh,Bhind,2021,67,72,10,141,260,15,143,302,1064,631,154,479,51,933,45,185,55,407,5800
Madhya Pradesh,Bhind,2022,83,75,10,135,350,20,165,311,986,350,147,417,53,916,23,379,128,268,5663
Madhya Pradesh,Bhopal,2015,329,338,34,341,748,32,362,1249,2469,1580,188,1106,167,2004,54,668,192,1380,15558
Madhya Pradesh,Bhopal,2016,235,248,23,534,635,49,335,972,3109,1545,585,1111,181,3386,116,953,150,1256,17923
Madhya Pradesh,Bhopal,2017,355,385,72,438,995,92,249,768,3606,1351,541,1012,204,3372,69,654,203,822,18549
Madhya Pradesh,Bhopal,2018,296,355,62,395,863,43,340,847,2913,1572,589,1148,199,3867,93,1002,296,1407,19048
Madhya Pradesh,Bhopal,2019,382,414,89,368,1027,72,549,1550,3381,1534,736,1015,153,4029,117,593,99,990,19959
Madhya Pradesh,Bhopal,2020,177,194,25,453,804,44,289,876,4031,1727,145,1367,150,2804,131,861,288,870,17420
Madhya Pradesh,Bhopal,2021,357,399,76,428,963,18,311,1019,4702,2684,439,1300,136,2435,132,586,168,948,19664
Madhya Pradesh,Bhopal,2022,357,312,85,282,848,61,251,1496,4820,1897,646,1817,179,2615,85,921,313,1589,21295
Madhya Pradesh,Bhopal Rly.,2015,60,70,14,55,201,9,70,237,676,438,58,207,26,670,15,102,16,176,3590
Madhya Pradesh,Bhopal Rly.,2016,64,53,15,68,115,9,81,288,595,239,139,230,33,599,11,152,43,149,3536
Madhya Pradesh,Bhopal Rly.,2017,57,71,13,120,123,5,106,254,877,429,42,249,16,717,32,228,37,340,4287
Madhya Pradesh,Bhopal Rly.,2018,62,74,14,70,159,17,104,156,782,278,72,253,13,757,11,160,53,261,3837
Madhya Pradesh,Bhopal Rly.,2019,73,101,7,109,173,13,78,237,683,374,85,221,24,677,28,200,34,222,4070
Madhya Pradesh,Bhopal Rly.,2020,65,76,8,83,136,7,69,179,752,286,45,284,26,575,23,153,38,149,3425
Madhya Pradesh,Bhopal Rly.,2021,51,53,5,101,110,9,40,267,919,570,126,314,13,711,24,201,40,243,4299
Madhya Pradesh,Bhopal Rly.,2022,68,56,10,131,162,10,71,256,706,368,64,287,36,508,44,181,59,234,3835
Madhya Pradesh,Chhatarpur,2015,75,74,16,83,253,10,108,201,1108,443,101,283,38,725,14,177,54,424,4900
Madhya Pradesh,Chhatarpur,2016,69,82,14,73,149,7,70,356,890,321,110,258,29,610,19,223,74,397,4617
Madhya Pradesh,Chhatarpur,2017,90,79,14,109,246,7,120,424,769,396,158,301,23,795,24,240,69,405,4992
Madhya Pradesh,Chhatarpur,2018,67,76,10,97,221,15,90,237,895,358,180,282,20,1025,25,279,62,324,5254
Madhya Pradesh,Chhatarpur,2019,75,74,11,108,345,18,80,467,1327,736,56,385,45,1093,19,270,73,231,6221
Madhya Pradesh,Chhatarpur,2020,53,51,10,86,129,5,122,379,713,359,80,329,30,824,16,227,75,324,4445
Madhya Pradesh,Chhatarpur,2021,69,94,11,126,250,11,60,383,1255,620,182,415,45,950,23,305,64,244,5841
Madhya Pradesh,Chhatarpur,2022,62,56,11,98,180,10,100,244,790,438,109,427,35,790,18,278,96,408,5097
Madhya Pradesh,Chhindwara,2015,120,101,23,199,355,19,140,383,981,632,66,299,29,1299,31,392,75,373,6404
Madhya Pradesh,Chhindwara,2016,90,112,14,210,275,20,161,530,1561,681,226,300,44,1181,69,401,78,250,7117
Madhya Pradesh,Chhindwara,2017,94,113,17,115,293,15,205,502,1151,550,267,354,57,1028,34,387,86,481,6985
Madhya Pradesh,Chhindwara,2018,115,121,27,139,460,26,106,572,1373,598,156,363,42,1413,37,228,48,603,7514
Madhya Pradesh,Chhindwara,2019,105,139,17,221,475,10,70,484,1375,876,141,380,50,1475,64,313,76,420,7718
Madhya Pradesh,Chhindwara,2020,116,114,12,192,231,20,105,501,1050,547,100,505,24,964,54,236,59,400,6098
Madhya Pradesh,Chhindwara,2021,130,129,15,180,366,7,111,276,1483,654,198,598,68,1245,51,396,130,503,7568
Madhya Pradesh,Chhindwara,2022,91,117,9,152,236,35,186,332,1226,771,260,632,88,1499,42,498,173,337,7799
Madhya Pradesh,Damoh,2015,38,52,8,66,151,7,82,174,428,211,87,158,15,433,11,151,23,238,2847
Madhya Pradesh,Damoh,2016,38,43,5,43,127,3,34,232,660,403,55,181,10,495,11,82,27,126,2967
Madhya Pradesh,Damoh,2017,35,33,6,58,173,11,35,179,755,295,67,138,19,574,9,158,54,191,3209
Madhya Pradesh,Damoh,2018,64,88,13,97,143,6,31,214,576,256,57,155,16,546,31,190,39,257,3227
Madhya Pradesh,Damoh,2019,49,41,5,89,107,12,95,217,701,270,42,197,13,664,23,105,36,175,3324
Madhya Pradesh,Damoh,2020,47,57,11,70,96,5,56,94,612,252,55,190,14,466,16,73,12,158,2638
Madhya Pradesh,Damoh,2021,61,53,12,52,191,5,70,127,640,339,74,293,27,412,17,174,29,190,3218
Madhya Pradesh,Damoh,2022,61,57,14,88,204,14,36,212,793,298,48,265,20,410,25,94,21,158,3278
Madhya Pradesh,Datiya,2015,29,23,3,61,132,8,65,136,584,281,83,114,15,356,12,114,37,94,2483
Madhya Pradesh,Datiya,2016,40,37,8,63,98,6,29,144,587,294,45,138,24,522,18,80,22,119,2652
Madhya Pradesh,Datiya,2017,38,40,5,86,167,9,37,179,473,264,42,173,28,429,18,163,55,179,2769
Madhya Pradesh,Datiya,2018,46,47,8,60,141,2,27,206,674,322,77,180,27,438,19,135,32,175,3001
Madhya Pradesh,Datiya,2019,38,32,8,83,173,4,41,214,704,452,45,137,24,472,21,118,35,218,3198
Madhya Pradesh,Datiya,2020,38,48,8,35,73,8,24,152,542,350,39,205,13,429,6,98,19,102,2483
Madhya Pradesh,Datiya,2021,33,41,5,56,127,3,56,103,485,311,67,203,15,344,8,99,23,186,2507
Madhya Pradesh,Datiya,2022,44,46,4,55,83,10,34,109,698,273,36,222,28,427,12,93,24,160,2735
Madhya Pradesh,Dewas,2015,159,147,17,192,440,24,151,462,2009,859,90,444,49,1060,63,274,53,368,7947
Madhya Pradesh,Dewas,2016,170,141,24,128,360,37,87,704,1286,460,195,560,88,1534,39,438,148,587,8184
Madhya Pradesh,Dewas,2017,170,201,35,123,406,11,186,412,2118,1188,87,469,53,1490,42,363,94,533,9164
Madhya Pradesh,Dewas,2018,184,231,29,196,551,33,143,768,2484,915,240,478,59,1772,51,623,132,517,10750
Madhya Pradesh,Dewas,2019,158,168,23,191,305,27,175,672,1957,1025,117,566,45,1434,53,412,114,604,9231
Madhya Pradesh,Dewas,2020,89,92,11,198,296,10,123,367,1559,588,230,508,64,1158,64,404,139,320,7154
Madhya Pradesh,Dewas,2021,112,148,14,267,299,27,97,399,1474,684,190,614,90,1471,57,237,59,411,7879
Madhya Pradesh,Dewas,2022,179,177,20,168,424,20,175,719,1468,640,220,976,85,1894,31,564,129,768,10019
Madhya Pradesh,Dhar,2015,116,106,22,164,469,29,116,496,1335,604,130,472,74,1138,49,316,58,573,7904
Madhya Pradesh,Dhar,2016,102,117,19,146,321,26,93,536,1199,778,103,395,85,1679,40,493,131,413,7835
Madhya Pradesh,Dhar,2017,105,123,13,132,569,10,229,572,1414,625,85,432,35,1151,34,521,90,647,8428
Madhya Pradesh,Dhar,2018,102,100,11,229,303,14,129,414,1652,1007,214,552,43,1267,67,323,53,484,8304
Madhya Pradesh,Dhar,2019,141,132,16,161,347,11,163,407,1470,752,109,587,85,1623,36,592,152,523,9129
Madhya Pradesh,Dhar,2020,120,99,18,122,349,22,159,440,1235,775,211,602,66,853,27,303,95,411,6851
Madhya Pradesh,Dhar,2021,170,149,22,219,265,22,108,333,1866,959,109,710,82,1182,73,476,129,363,8450
Madhya Pradesh,Dhar,2022,116,132,14,255,419,38,168,381,2010,1184,215,685,92,1758,67,268,71,572,9745
Madhya Pradesh,Dindori,2015,62,64,14,96,226,14,66,239,842,419,87,197,25,778,30,158,31,183,4105
Madhya Pradesh,Dindori,2016,65,58,8,149,225,7,109,379,977,381,163,258,30,723,44,238,73,373,4906
Madhya Pradesh,Dindori,2017,62,53,13,75,257,7,46,209,860,445,62,221,35,799,26,262,59,231,4299
Madhya Pradesh,Dindori,2018,85,74,10,135,185,8,75,224,1024,400,143,256,46,557,37,148,46,212,4266
Madhya Pradesh,Dindori,2019,70,73,13,120,270,18,109,230,1146,648,67,226,56,979,30,143,44,253,5203
Madhya Pradesh,Dindori,2020,58,75,13,80,176,3,77,143,747,453,118,337,17,661,13,194,67,140,3865
Madhya Pradesh,Dindori,2021,69,95,13,66,248,4,99,315,757,371,50,325,42,735,13,180,54,273,4292
Madhya Pradesh,Dindori,2022,60,70,11,112,273,5,82,200,653,235,66,359,13,890,32,143,35,312,4292
Madhya Pradesh,Guna,2015,100,109,22,109,283,18,83,406,1281,729,182,312,14,566,31,240,80,369,5625
Madhya Pradesh,Guna,2016,70,92,10,139,253,15,121,268,1135,599,145,314,30,652,21,325,62,331,5338
Madhya Pradesh,Guna,2017,92,117,14,91,279,7,118,256,754,459,165,259,20,640,15,239,49,257,4524
Madhya Pradesh,Guna,2018,85,110,20,128,293,14,87,321,1066,504,67,239,31,856,35,160,30,277,5035
Madhya Pradesh,Guna,2019,68,82,7,142,356,20,121,254,1106,494,87,310,32,1071,22,257,46,307,5574
Madhya Pradesh,Guna,2020,58,58,11,64,196,10,80,275,1059,599,139,438,20,536,17,131,45,317,4678
Madhya Pradesh,Guna,2021,80,91,15,159,192,7,135,290,1192,752,174,461,28,939,44,316,49,241,5883
Madhya Pradesh,Guna,2022,101,116,15,107,182,20,63,358,1036,538,78,442,42,891,16,179,46,226,5415
Madhya Pradesh,Gwalior,2015,164,169,36,352,619,27,171,1044,2931,1900,300,735,142,2630,105,498,97,594,14357
Madhya Pradesh,Gwalior,2016,227,285,25,244,897,60,399,1097,3062,1150,287,885,151,2129,36,959,243,973,15179
Madhya Pradesh,Gwalior,2017,218,196,42,354,612,38,203,1196,2402,843,433,752,99,2376,76,960,283,706,14337
Madhya Pradesh,Gwalior,2018,234,193,32,311,861,51,269,1142,2176,1168,406,747,89,2530,98,520,153,739,14215
Madhya Pradesh,Gwalior,2019,178,164,34,356,768,55,183,1017,2542,1238,550,877,45,1944,55,507,167,1122,13880
Madhya Pradesh,Gwalior,2020,222,212,53,350,393,45,308,1004,2149,991,312,1168,82,1637,89,535,173,678,12163
Madhya Pradesh,Gwalior,2021,208,224,37,338,918,60,345,1039,2169,1214,155,1374,119,2467,75,664,166,1011,14737
Madhya Pradesh,Gwalior,2022,208,259,41,475,654,22,406,980,3285,1152,464,1279,136,3235,131,950,325,1145,17426
Madhya Pradesh,Harda,2015,31,41,5,39,72,2,55,170,480,309,67,126,10,313,11,98,17,107,2253
Madhya Pradesh,Harda,2016,34,34,3,64,105,4,40,151,338,162,26,136,15,290,20,94,15,118,2020
Madhya Pradesh,Harda,2017,43,52,6,34,132,6,39,191,383,240,70,135,6,372,11,98,33,127,2313
Madhya Pradesh,Harda,2018,37,49,5,36,143,5,63,96,587,348,73,161,7,405,10,132,38,103,2641
Madhya Pradesh,Harda,2019,41,56,8,83,83,10,24,194,552,355,83,137,12,385,27,78,14,193,2699
Madhya Pradesh,Harda,2020,42,40,8,47,78,9,26,122,373,167,51,155,14,361,7,65,21,126,2006
Madhya Pradesh,Harda,2021,39,52,4,60,126,3,66,127,446,274,85,219,18,479,18,81,23,180,2642
Madhya Pradesh,Harda,2022,31,38,7,32,123,2,28,183,532,288,85,210,13,273,6,69,12,87,2339
Madhya Pradesh,Hoshangabad,2015,93,105,12,101,222,19,95,325,868,382,105,249,47,845,28,141,31,202,4642
Madhya Pradesh,Hoshangabad,2016,68,88,16,89,298,19,80,421,1217,731,172,250,27,1039,14,332,74,427,6117
Madhya Pradesh,Hoshangabad,2017,81,95,13,123,386,26,158,289,1498,752,136,351,46,1199,22,313,92,474,6883
Madhya Pradesh,Hoshangabad,2018,109,139,20,159,286,7,141,372,1494,525,189,392,49,975,43,261,65,330,6381
Madhya Pradesh,Hoshangabad,2019,82,65,11,156,238,27,155,304,1400,517,218,340,48,797,39,269,87,237,5923
Madhya Pradesh,Hoshangabad,2020,95,104,15,87,166,13,99,306,698,285,172,425,38,560,25,192,62,317,4421
Madhya Pradesh,Hoshangabad,2021,106,130,11,88,172,24,139,288,1111,480,161,385,30,634,19,265,84,372,5232
Madhya Pradesh,Hoshangabad,2022,73,70,10,153,356,14,136,328,955,604,144,543,52,1037,39,389,93,483,6313
Madhya Pradesh,Indore,2015,411,527,88,641,1217,53,279,1695,4096,1911,507,1152,133,4688,202,992,292,1004,23361
Madhya Pradesh,Indore,2016,366,344,56,581,709,49,655,995,5385,2628,583,1397,210,3829,169,766,224,1403,23831
Madhya Pradesh,Indore,2017,494,550,104,589,1033,115,481,965,5985,2316,489,1621,140,3309,153,1379,436,1320,25056
Madhya Pradesh,Indore,2018,305,411,44,882,1488,58,411,1981,6900,3748,840,1544,182,4449,151,956,184,1055,29388
Madhya Pradesh,Indore,2019,446,474,71,952,1281,135,714,1865,4485,1943,611,1835,102,5755,160,1222,392,1136,28280
Madhya Pradesh,Indore,2020,467,528,60,544,885,42,679,1149,4050,1629,323,2224,118,2840,105,787,174,1421,22826
Madhya Pradesh,Indore,2021,390,336,65,553,1426,112,381,1558,5704,3182,951,2767,236,4999,148,1314,318,1491,29902
Madhya Pradesh,Indore,2022,396,420,75,467,1236,83,709,2118,5143,2467,912,3159,330,6102,159,1442,221,1526,31364
Madhya Pradesh,Indore Rly.,2015,13,15,1,19,41,1,23,53,213,98,11,59,7,163,3,58,18,33,954
Madhya Pradesh,Indore Rly.,2016,18,21,3,25,48,3,22,76,166,67,12,57,10,109,4,55,10,47,882
Madhya Pradesh,Indore Rly.,2017,14,18,3,25,43,2,22,67,137,49,28,46,3,157,7,58,8,71,890
Madhya Pradesh,Indore Rly.,2018,10,10,1,19,48,3,15,66,223,104,20,45,6,174,3,28,7,53,964
Madhya Pradesh,Indore Rly.,2019,14,13,3,19,52,2,18,56,214,105,9,50,5,128,6,33,11,48,919
Madhya Pradesh,Indore Rly.,2020,12,12,2,23,46,2,7,35,169,78,12,73,8,131,4,34,10,56,817
Madhya Pradesh,Indore Rly.,2021,11,13,1,24,38,1,21,61,148,52,20,78,5,132,3,45,8,60,838
Madhya Pradesh,Indore Rly.,2022,10,8,1,17,47,3,22,63,172,61,24,83,6,107,5,36,5,35,827
Madhya Pradesh,Jabalpur,2015,261,303,36,248,465,46,192,1177,2841,1427,225,940,103,2340,51,441,77,1177,14393
Madhya Pradesh,Jabalpur,2016,243,277,44,272,714,55,278,667,2036,1112,130,629,75,2031,87,615,138,836,12599
Madhya Pradesh,Jabalpur,2017,235,224,46,234,588,38,257,854,3811,2327,549,941,162,1855,53,977,262,678,16285
Madhya Pradesh,Jabalpur,2018,296,289,47,286,926,57,314,705,2543,1069,210,898,164,2850,58,700,141,1233,15232
Madhya Pradesh,Jabalpur,2019,288,251,61,483,547,44,433,1195,3839,2328,480,1023,103,2743,125,532,126,870,17827
Madhya Pradesh,Jabalpur,2020,245,291,54,221,375,26,353,690,2165,1147,433,1261,116,1946,46,639,218,919,12975
Madhya Pradesh,Jabalpur,2021,289,313,33,270,460,56,281,989,3333,2098,332,1426,121,2148,62,481,102,881,15844
Madhya Pradesh,Jabalpur,2022,218,225,53,219,867,20,282,1202,3300,1740,196,1390,60,2383,41,530,131,973,15870
Madhya Pradesh,Jabalpur Rly.,2015,34,30,7,39,55,4,33,100,297,179,55,103,5,316,10,74,19,121,1735
Madhya Pradesh,Jabalpur Rly.,2016,32,39,5,40,53,3,28,121,430,258,39,100,11,267,9,119,29,142,1981
Madhya Pradesh,Jabalpur Rly.,2017,27,31,5,50,63,7,20,85,488,282,66,107,18,246,7,87,20,123,2003
Madhya Pradesh,Jabalpur Rly.,2018,27,37,6,52,53,6,29,106,307,151,61,90,13,217,9,113,23,94,1732
Madhya Pradesh,Jabalpur Rly.,2019,38,48,4,63,66,7,26,106,522,257,32,115,10,296,17,131,21,149,2194
Madhya Pradesh,Jabalpur Rly.,2020,25,30,5,39,73,3,18,109,207,115,20,124,15,192,12,79,12,78,1359
Madhya Pradesh,Jabalpur Rly.,2021,30,30,5,48,99,3,41,83,251,119,17,156,13,217,16,67,19,71,1551
Madhya Pradesh,Jabalpur Rly.,2022,29,33,3,48,52,5,37,137,405,160,26,122,14,302,14,67,11,68,1786
Madhya Pradesh,Jhabua,2015,36,39,4,65,164,4,56,251,800,408,46,190,35,396,17,110,26,222,3317
Madhya Pradesh,Jhabua,2016,52,67,6,81,101,14,58,272,585,224,38,182,21,533,17,207,39,268,3242
Madhya Pradesh,Jhabua,2017,69,90,8,89,228,13,61,167,672,368,37,165,31,562,26,224,54,273,3634
Madhya Pradesh,Jhabua,2018,70,86,9,91,116,4,98,181,680,296,92,182,15,541,29,175,46,242,3512
Madhya Pradesh,Jhabua,2019,47,60,10,112,237,5,45,321,748,449,120,231,29,617,29,207,61,316,4190
Madhya Pradesh,Jhabua,2020,55,70,8,48,135,11,82,134,648,264,47,205,32,533,8,177,35,151,3069
Madhya Pradesh,Jhabua,2021,65,76,13,64,179,8,40,164,485,289,98,318,32,392,19,190,44,200,3133
Madhya Pradesh,Jhabua,2022,59,64,7,88,222,5,54,254,809,457,133,268,27,504,26,215,74,159,3948
Madhya Pradesh,Katni,2015,50,69,11,99,177,11,44,263,920,529,130,256,41,542,26,127,21,302,4223
Madhya Pradesh,Katni,2016,78,85,18,128,255,14,85,261,644,343,138,283,32,686,41,254,71,210,4243
Madhya Pradesh,Katni,2017,61,67,12,68,136,17,51,227,960,379,59,195,38,792,22,214,48,271,4188
Madhya Pradesh,Katni,2018,64,63,12,121,210,18,71,249,1030,422,42,268,14,664,38,155,36,220,4303
Madhya Pradesh,Katni,2019,71,62,8,73,124,17,50,262,737,310,129,260,20,761,24,238,37,316,4106
Madhya Pradesh,Katni,2020,58,78,8,60,232,6,66,193,580,258,106,363,12,517,9,235,64,136,3487
Madhya Pradesh,Katni,2021,46,52,5,126,163,18,66,185,819,509,79,317,32,731,37,144,49,306,4228
Madhya Pradesh,Katni,2022,57,69,9,135,214,12,113,305,637,252,49,382,12,758,28,175,30,215,4036
Madhya Pradesh,Khandwa,2015,52,60,10,125,211,15,96,306,876,475,151,282,23,726,43,253,58,200,4591
Madhya Pradesh,Khandwa,2016,88,119,11,101,236,8,85,212,813,381,163,282,47,708,19,251,67,197,4448
Madhya Pradesh,Khandwa,2017,73,68,16,148,294,21,111,372,1143,583,132,284,48,756,40,288,46,299,5386
Madhya Pradesh,Khandwa,2018,81,100,15,63,212,6,98,270,901,479,154,291,21,870,18,283,70,198,4757
Madhya Pradesh,Khandwa,2019,75,65,15,69,154,15,58,340,872,490,140,268,27,920,21,298,86,225,4809
Madhya Pradesh,Khandwa,2020,73,86,7,61,133,17,113,230,1014,576,106,332,15,504,13,196,48,306,4401
Madhya Pradesh,Khandwa,2021,56,55,10,86,180,6,99,401,720,324,86,378,33,566,19,271,50,212,4487
Madhya Pradesh,Khandwa,2022,85,117,16,145,133,6,122,304,1114,515,149,375,46,571,30,167,52,271,4849
Madhya Pradesh,Khargon,2015,93,80,13,72,247,20,65,307,754,360,153,309,45,957,12,204,35,260,4690
Madhya Pradesh,Khargon,2016,93,107,13,139,358,15,98,313,932,333,201,293,38,682,41,199,44,334,5148
Madhya Pradesh,Khargon,2017,83,107,11,93,263,18,106,400,1307,809,171,257,36,1087,16,347,59,368,6304
Madhya Pradesh,Khargon,2018,68,81,14,163,215,10,139,243,1171,525,142,287,54,848,32,291,83,318,5707
Madhya Pradesh,Khargon,2019,118,119,26,142,367,17,104,275,1106,687,125,356,28,1006,46,359,123,250,6074
Madhya Pradesh,Khargon,2020,55,52,8,144,146,16,48,296,894,351,58,397,41,858,26,127,21,287,4458
Madhya Pradesh,Khargon,2021,102,110,10,104,292,16,113,339,1238,588,76,415,37,1019,25,187,30,451,5960
Madhya Pradesh,Khargon,2022,82,88,11,102,239,17,140,327,900,359,76,487,40,683,29,287,59,294,5071
Madhya Pradesh,Mandla,2015,32,40,6,73,119,8,45,130,418,174,72,125,22,263,22,77,22,140,2115
Madhya Pradesh,Mandla,2016,46,61,7,60,151,6,27,145,614,299,55,126,20,305,12,156,35,187,2651
Madhya Pradesh,Mandla,2017,44,39,7,36,155,10,64,95,620,344,56,149,11,431,7,114,34,97,2646
Madhya Pradesh,Mandla,2018,40,47,7,48,168,10,38,170,460,176,52,149,22,430,13,170,31,216,2613
Madhya Pradesh,Mandla,2019,32,43,7,75,120,12,48,143,482,288,42,163,24,558,24,81,13,188,2735
Madhya Pradesh,Mandla,2020,25,28,4,42,129,5,51,143,305,160,33,215,21,269,11,105,21,89,2027
Madhya Pradesh,Mandla,2021,54,54,9,47,164,7,65,119,676,408,54,197,29,385,15,106,28,123,2922
Madhya Pradesh,Mandla,2022,49,44,8,62,168,3,39,123,418,262,49,243,13,521,11,92,31,216,2761
Madhya Pradesh,Mandsaur,2015,71,77,8,183,251,9,109,265,1350,717,179,312,60,995,52,191,48,373,6062
Madhya Pradesh,Mandsaur,2016,93,97,16,164,173,20,71,357,1005,452,215,278,22,703,56,223,53,329,5412
Madhya Pradesh,Mandsaur,2017,126,107,18,111,399,18,83,359,1412,697,85,407,37,941,29,243,79,390,6418
Madhya Pradesh,Mandsaur,2018,103,100,24,128,248,26,152,330,1428,549,255,323,48,1351,28,302,90,424,6914
Madhya Pradesh,Mandsaur,2019,82,79,14,163,327,14,148,384,1313,764,229,309,44,840,48,344,67,271,6340
Madhya Pradesh,Mandsaur,2020,104,145,22,171,253,15,157,292,1019,658,120,577,60,766,41,355,114,423,6101
Madhya Pradesh,Mandsaur,2021,94,84,17,140,401,6,167,384,1391,573,189,602,59,1302,24,197,61,303,6910
Madhya Pradesh,Mandsaur,2022,75,80,17,109,288,22,82,400,980,405,137,496,36,810,19,260,89,503,5970
Madhya Pradesh,Morena,2015,115,97,23,107,231,6,166,312,1610,843,194,301,37,1117,22,322,101,475,6949
Madhya Pradesh,Morena,2016,76,93,9,107,208,20,77,312,930,474,136,317,64,994,17,359,81,290,6045
Madhya Pradesh,Morena,2017,113,131,16,128,391,9,98,591,1301,733,88,411,29,1222,24,339,94,278,6989
Madhya Pradesh,Morena,2018,103,114,12,147,426,29,72,356,1712,926,168,401,57,948,27,256,55,299,7183
Madhya Pradesh,Morena,2019,117,163,13,117,256,32,142,554,1870,683,174,452,39,1514,31,288,81,578,8159
Madhya Pradesh,Morena,2020,79,80,9,130,301,26,122,427,1437,550,90,483,19,1084,37,287,43,463,6478
Madhya Pradesh,Morena,2021,140,195,31,153,355,25,79,530,1055,484,93,562,43,1160,29,259,49,467,6676
Madhya Pradesh,Morena,2022,115,112,23,219,421,7,144,425,1164,704,211,720,53,1311,46,386,81,338,7519
Madhya Pradesh,Narsinghpur,2015,78,95,11,127,140,18,62,241,771,281,133,300,27,861,24,253,84,311,4469
Madhya Pradesh,Narsinghpur,2016,87,82,18,74,211,8,129,399,820,360,62,230,29,923,19,314,76,184,4716
Madhya Pradesh,Narsinghpur,2017,56,57,13,106,305,20,128,246,914,481,54,269,22,923,28,187,38,197,4732
Madhya Pradesh,Narsinghpur,2018,116,153,12,156,252,15,108,319,1207,473,186,285,57,1037,47,237,46,278,5781
Madhya Pradesh,Narsinghpur,2019,87,105,15,143,188,12,86,223,1152,519,150,317,23,614,49,290,76,224,4983
Madhya Pradesh,Narsinghpur,2020,81,80,16,59,258,14,60,328,1015,413,59,392,36,794,16,254,80,200,4750
Madhya Pradesh,Narsinghpur,2021,59,67,12,161,312,11,101,247,1350,847,101,468,33,843,52,166,41,255,5855
Madhya Pradesh,Narsinghpur,2022,86,98,11,87,267,24,136,288,1056,562,64,406,19,696,22,222,68,348,5183
Madhya Pradesh,Neemuch,2015,47,65,6,77,128,14,54,133,506,315,113,191,26,597,22,187,58,151,3146
Madhya Pradesh,Neemuch,2016,54,52,8,72,158,7,88,185,832,388,105,149,24,539,19,112,31,172,3444
Madhya Pradesh,Neemuch,2017,62,62,12,47,182,6,44,185,776,465,58,166,14,651,9,148,32,241,3614
Madhya Pradesh,Neemuch,2018,54,69,9,114,208,15,98,265,879,527,120,164,26,557,36,207,70,165,4083
Madhya Pradesh,Neemuch,2019,47,63,8,111,173,10,66,183,723,371,59,218,24,477,37,216,59,148,3473
Madhya Pradesh,Neemuch,2020,54,69,5,67,110,11,30,179,664,274,51,240,19,327,20,131,22,142,2808
Madhya Pradesh,Neemuch,2021,64,86,10,62,102,6,87,148,807,373,54,305,24,666,14,204,50,256,3821
Madhya Pradesh,Neemuch,2022,43,44,8,52,170,6,85,134,850,359,96,233,19,455,10,178,54,194,3467
Madhya Pradesh,Panna,2015,28,22,4,33,75,6,37,137,354,130,86,121,23,281,5,129,37,100,2182
Madhya Pradesh,Panna,2016,42,49,7,56,111,2,52,161,448,213,27,120,9,372,11,126,36,133,2288
Madhya Pradesh,Panna,2017,33,30,7,57,96,6,28,104,470,262,33,128,10,388,18,90,28,140,2257
Madhya Pradesh,Panna,2018,46,61,8,77,122,9,29,204,402,205,57,157,10,413,26,134,38,99,2440
Madhya Pradesh,Panna,2019,34,37,3,44,81,8,51,135,423,158,59,132,13,398,14,118,33,134,2395
Madhya Pradesh,Panna,2020,24,21,4,62,85,7,20,103,405,161,33,148,20,257,11,123,21,165,1953
Madhya Pradesh,Panna,2021,47,63,6,60,136,5,64,92,602,364,78,179,8,280,9,146,42,97,2615
Madhya Pradesh,Panna,2022,31,27,3,69,146,10,64,122,348,144,33,168,23,421,18,112,37,92,2270
Madhya Pradesh,Raisen,2015,94,90,17,151,203,14,97,374,1054,389,190,294,33,726,28,194,46,265,4993
Madhya Pradesh,Raisen,2016,113,131,27,172,318,17,91,272,1576,648,182,345,45,764,27,338,86,389,6422
Madhya Pradesh,Raisen,2017,73,97,16,111,292,26,120,431,913,535,163,391,21,853,29,391,97,477,5885
Madhya Pradesh,Raisen,2018,75,82,13,103,293,20,80,359,966,559,102,354,26,1248,20,320,67,515,6195
Madhya Pradesh,Raisen,2019,96,83,10,212,435,24,79,440,1738,1080,178,309,54,1257,49,302,51,284,7623
Madhya Pradesh,Raisen,2020,78,87,17,135,327,8,116,335,1070,525,114,352,22,765,39,313,107,240,5378
Madhya Pradesh,Raisen,2021,100,126,14,100,285,11,167,270,1229,597,149,516,56,924,31,256,43,504,6253
Madhya Pradesh,Raisen,2022,117,110,11,160,220,6,82,509,983,567,130,492,22,1215,40,399,110,331,6379
Madhya Pradesh,Rajgarh,2015,84,108,14,123,347,20,169,376,1108,482,106,312,62,931,41,314,55,376,6035
Madhya Pradesh,Rajgarh,2016,98,102,13,123,272,6,67,253,1420,620,93,334,59,1193,26,276,72,245,6093
Madhya Pradesh,Rajgarh,2017,74,87,14,155,239,24,169,307,1031,426,197,315,27,752,24,397,122,333,6108
Madhya Pradesh,Rajgarh,2018,129,171,28,141,307,14,65,447,1659,787,197,307,69,868,41,298,84,416,6946
Madhya Pradesh,Rajgarh,2019,108,107,14,207,201,7,140,331,1152,689,129,447,31,1105,69,322,96,428,6548
Madhya Pradesh,Rajgarh,2020,103,100,15,105,241,25,77,367,1023,570,109,397,39,1040,27,254,42,269,5574
Madhya Pradesh,Rajgarh,2021,89,71,20,109,218,25,118,269,1629,814,221,459,46,845,36,413,104,368,6786
Madhya Pradesh,Rajgarh,2022,136,178,19,118,349,32,121,284,1161,580,200,692,60,1457,33,320,88,504,7338
Madhya Pradesh,Ratlam,2015,86,82,16,104,182,12,65,424,761,284,149,308,44,1051,22,153,33,368,4861
Madhya Pradesh,Ratlam,2016,94,119,15,156,194,20,76,385,1219,480,52,280,35,999,44,201,31,378,5525
Madhya Pradesh,Ratlam,2017,87,112,11,139,185,10,81,322,1041,573,124,244,46,864,39,293,102,207,5232
Madhya Pradesh,Ratlam,2018,99,101,23,145,318,24,82,238,1219,751,147,260,59,951,41,317,63,316,5965
Madhya Pradesh,Ratlam,2019,119,151,26,185,296,24,73,368,1365,817,165,275,17,992,49,195,65,395,6412
Madhya Pradesh,Ratlam,2020,91,98,12,101,202,12,47,375,1151,717,151,325,24,686,17,247,82,273,5261
Madhya Pradesh,Ratlam,2021,104,116,12,94,345,9,85,276,1209,773,199,424,25,711,30,300,77,381,5944
Madhya Pradesh,Ratlam,2022,84,70,19,163,190,15,122,380,1314,555,92,554,54,1044,46,202,70,316,6077
Madhya Pradesh,Rewa,2015,82,66,12,224,337,26,114,504,1555,769,205,411,32,1246,65,198,53,497,7369
Madhya Pradesh,Rewa,2016,136,168,28,164,332,22,175,386,1654,916,79,469,29,1151,42,273,80,472,7646
Madhya Pradesh,Rewa,2017,125,122,24,161,248,27,175,472,1902,891,248,429,64,1434,43,263,84,284,8043
Madhya Pradesh,Rewa,2018,104,144,22,170,457,17,95,328,1328,607,267,448,67,1125,45,472,94,540,7544
Madhya Pradesh,Rewa,2019,151,159,21,140,308,14,85,490,1760,1008,178,518,30,1011,23,541,102,486,8233
Madhya Pradesh,Rewa,2020,106,135,26,96,348,19,157,460,938,334,198,546,59,1200,21,308,100,526,6463
Madhya Pradesh,Rewa,2021,101,116,11,138,454,31,112,290,1139,448,152,523,49,869,34,408,72,479,7113
Madhya Pradesh,Rewa,2022,133,154,18,155,400,11,192,389,1885,1116,95,772,29,1162,38,498,156,300,8614
Madhya Pradesh,Sagar,2015,144,132,31,151,395,31,218,560,1243,696,113,502,30,1032,46,466,159,611,7877
Madhya Pradesh,Sagar,2016,130,111,18,209,334,12,117,671,1297,827,257,565,102,1454,50,502,127,574,8648
Madhya Pradesh,Sagar,2017,148,168,27,270,370,29,104,649,1721,919,223,423,25,1019,57,491,86,560,8453
Madhya Pradesh,Sagar,2018,182,176,18,157,385,42,242,517,2103,1202,192,561,27,1317,40,440,69,516,9474
Madhya Pradesh,Sagar,2019,167,205,21,303,372,33,94,582,2271,901,354,496,87,1683,92,602,111,541,10272
Madhya Pradesh,Sagar,2020,129,128,19,196,443,21,122,553,1103,602,156,630,47,1344,60,293,78,329,7313
Madhya Pradesh,Sagar,2021,103,123,24,219,489,22,244,481,2028,1063,237,880,46,1108,64,447,130,724,9667
Madhya Pradesh,Sagar,2022,169,205,33,147,322,14,207,414,1454,848,259,708,27,1782,23,347,85,632,9026
Madhya Pradesh,Satna,2015,150,196,32,219,447,33,116,637,1998,1005,256,507,80,1178,71,231,45,466,8792
Madhya Pradesh,Satna,2016,95,86,20,146,344,24,108,659,1592,611,253,399,41,1319,44,284,47,462,7637
Madhya Pradesh,Satna,2017,142,177,25,126,419,19,132,679,2270,1457,147,448,32,1491,22,289,60,587,9774
Madhya Pradesh,Satna,2018,111,125,22,153,563,31,93,658,1335,550,184,497,100,1021,32,488,95,684,8466
Madhya Pradesh,Satna,2019,166,154,18,249,403,45,189,526,2098,917,147,564,60,1614,40,440,67,771,9862
Madhya Pradesh,Satna,2020,130,114,26,134,311,31,199,490,1417,595,246,580,46,1405,26,386,83,347,7637
Madhya Pradesh,Satna,2021,164,173,26,147,316,11,89,672,1255,668,194,817,89,1654,28,240,46,632,8406
Madhya Pradesh,Satna,2022,131,118,17,270,478,11,235,468,2082,1312,327,656,47,1218,48,535,97,572,9927
Madhya Pradesh,Seoni,2015,73,83,17,125,131,15,98,224,629,367,149,261,19,521,41,195,49,280,3851
Madhya Pradesh,Seoni,2016,66,67,12,71,141,10,65,286,933,537,125,252,14,613,18,147,34,303,4240
Madhya Pradesh,Seoni,2017,60,62,6,121,249,17,56,277,804,389,110,233,27,628,40,148,45,189,4042
Madhya Pradesh,Seoni,2018,52,69,7,124,253,6,91,306,689,360,132,207,23,496,19,198,46,242,3889
Madhya Pradesh,Seoni,2019,70,92,13,115,194,6,116,190,1132,707,99,222,43,738,36,176,47,335,4965
Madhya Pradesh,Seoni,2020,63,84,12,74,227,10,91,163,830,486,81,249,25,655,20,165,55,278,4060
Madhya Pradesh,Seoni,2021,58,54,8,72,148,5,81,295,646,289,90,364,24,771,17,273,67,218,4070
Madhya Pradesh,Seoni,2022,59,66,6,128,162,7,94,302,681,403,116,318,33,654,32,159,51,314,4143
Madhya Pradesh,Shahdol,2015,98,112,12,88,184,15,60,403,1306,786,137,289,62,795,21,251,37,436,5883
Madhya Pradesh,Shahdol,2016,92,75,18,184,378,11,105,255,1249,528,102,344,18,1259,32,202,57,418,6189
Madhya Pradesh,Shahdol,2017,71,86,9,161,303,6,53,421,1194,691,204,298,59,1138,48,285,89,315,6216
Madhya Pradesh,Shahdol,2018,117,159,22,161,305,16,56,438,1333,475,98,387,25,817,47,306,82,264,5922
Madhya Pradesh,Shahdol,2019,70,59,16,112,226,22,113,367,944,484,214,416,28,874,30,326,53,301,5866
Madhya Pradesh,Shahdol,2020,80,67,18,124,161,11,49,311,828,299,175,433,23,902,19,299,53,291,4855
Madhya Pradesh,Shahdol,2021,102,105,13,179,185,23,109,417,1611,1000,108,621,20,903,53,185,52,259,6842
Madhya Pradesh,Shahdol,2022,100,101,19,105,397,27,79,421,1351,613,229,685,31,1100,26,268,46,558,7110
Madhya Pradesh,Shajapur,2015,67,86,16,56,143,5,97,304,713,351,131,200,28,711,10,197,54,315,4026
Madhya Pradesh,Shajapur,2016,69,81,12,65,154,6,54,216,1015,564,103,203,16,476,14,209,45,168,4020
Madhya Pradesh,Shajapur,2017,67,75,8,69,269,15,47,296,1015,553,118,205,36,656,21,175,60,348,4628
Madhya Pradesh,Shajapur,2018,99,101,10,81,303,9,65,265,1210,520,83,245,52,615,22,301,99,229,4986
Madhya Pradesh,Shajapur,2019,68,57,14,74,213,19,92,361,994,351,46,245,30,720,16,145,33,176,4285
Madhya Pradesh,Shajapur,2020,59,54,12,65,207,7,62,204,710,327,112,345,31,668,15,206,57,156,3785
Madhya Pradesh,Shajapur,2021,60,82,7,75,186,16,48,232,968,375,44,341,19,862,15,236,44,232,4431
Madhya Pradesh,Shajapur,2022,56,58,13,109,271,17,105,211,614,363,54,330,47,624,18,171,45,227,4000
Madhya Pradesh,Sheopur,2015,27,26,6,33,81,3,20,131,286,170,45,86,14,186,9,61,11,110,1527
Madhya Pradesh,Sheopur,2016,33,33,5,33,90,7,20,82,268,131,26,99,6,270,8,99,31,94,1642
Madhya Pradesh,Sheopur,2017,33,39,3,28,77,4,25,101,403,210,25,107,13,314,7,85,16,72,1820
Madhya Pradesh,Sheopur,2018,38,53,5,53,61,3,23,121,325,175,52,121,22,285,15,90,18,112,1905
Madhya Pradesh,Sheopur,2019,24,27,5,32,104,7,25,139,447,159,33,99,6,388,9,93,18,92,1976
Madhya Pradesh,Sheopur,2020,20,17,3,37,60,1,27,120,379,202,42,120,6,231,5,64,11,112,1660
Madhya Pradesh,Sheopur,2021,36,34,5,32,57,2,48,74,374,171,48,149,17,242,8,75,16,98,1761
Madhya Pradesh,Sheopur,2022,29,27,3,29,110,3,36,151,254,105,45,138,5,319,6,65,12,129,1719
Madhya Pradesh,Shivpuri,2015,112,104,27,123,320,28,74,378,1580,1002,224,324,51,888,28,178,55,477,6857
Madhya Pradesh,Shivpuri,2016,126,105,15,159,272,20,100,362,1295,536,83,332,28,1236,29,442,77,322,6579
Madhya Pradesh,Shivpuri,2017,123,114,15,185,256,30,70,348,1781,649,169,338,35,1177,64,421,126,388,7299
Madhya Pradesh,Shivpuri,2018,99,98,22,150,370,12,104,520,1265,743,105,310,42,1055,51,387,80,292,6620
Madhya Pradesh,Shivpuri,2019,87,88,19,116,423,28,137,472,1417,514,222,486,23,1512,24,359,105,345,7448
Madhya Pradesh,Shivpuri,2020,110,136,23,123,227,18,109,310,1347,794,149,383,46,730,25,356,101,368,6139
Madhya Pradesh,Shivpuri,2021,136,155,29,217,283,12,168,381,1361,662,182,531,57,916,65,223,47,467,6860
Madhya Pradesh,Shivpuri,2022,120,100,29,194,323,12,76,428,1425,681,240,612,78,926,40,377,131,511,7283
Madhya Pradesh,Sidhi,2015,52,66,10,116,118,4,42,242,917,499,63,255,19,704,33,222,73,249,4239
Madhya Pradesh,Sidhi,2016,58,60,8,76,170,8,67,147,894,533,76,181,41,556,24,160,47,215,3848
Madhya Pradesh,Sidhi,2017,54,60,10,122,169,17,88,244,791,346,127,266,11,601,41,220,58,296,4075
Madhya Pradesh,Sidhi,2018,88,117,19,61,203,6,93,295,893,372,103,288,44,643,9,235,44,351,4479
Madhya Pradesh,Sidhi,2019,51,41,8,99,284,4,103,187,1051,616,136,248,22,657,19,243,62,246,4692
Madhya Pradesh,Sidhi,2020,73,64,8,89,131,9,53,295,734,436,99,268,40,682,28,175,58,243,4005
Madhya Pradesh,Sidhi,2021,51,51,12,120,187,5,69,336,1067,589,145,407,25,792,31,216,69,173,4934
Madhya Pradesh,Sidhi,2022,95,92,15,134,218,20,112,276,813,285,54,457,19,742,26,266,58,361,4701
Madhya Pradesh,Sihore,2015,68,71,13,88,150,8,73,344,629,308,146,257,35,883,23,190,65,314,4274
Madhya Pradesh,Sihore,2016,50,66,11,79,182,15,99,200,644,293,91,275,37,542,23,209,71,334,3856
Madhya Pradesh,Sihore,2017,63,66,12,87,299,17,79,244,802,404,90,234,35,740,16,229,40,225,4407
Madhya Pradesh,Sihore,2018,59,77,10,101,287,12,57,319,675,288,89,264,25,871,28,269,51,283,4448
Madhya Pradesh,Sihore,2019,87,93,21,78,141,16,57,292,1072,602,138,223,25,715,22,276,65,317,4887
Madhya Pradesh,Sihore,2020,56,50,9,52,200,14,84,224,927,563,131,262,22,449,12,135,39,195,3931
Madhya Pradesh,Sihore,2021,74,73,14,127,124,15,46,335,780,477,53,348,19,576,41,280,42,269,4301
Madhya Pradesh,Sihore,2022,58,77,14,80,221,11,75,228,652,421,128,355,27,514,19,231,36,169,4208
Madhya Pradesh,Tikamgarh,2015,70,64,11,101,219,13,64,220,996,558,125,235,27,499,33,120,25,316,4229
Madhya Pradesh,Tikamgarh,2016,69,84,13,73,234,6,53,313,733,337,126,251,27,783,11,250,70,151,4137
Madhya Pradesh,Tikamgarh,2017,53,61,9,76,280,6,63,196,659,280,132,239,33,543,22,263,49,282,4003
Madhya Pradesh,Tikamgarh,2018,73,74,8,127,169,15,83,287,817,531,75,222,22,571,31,205,39,319,4262
Madhya Pradesh,Tikamgarh,2019,74,90,13,98,175,12,63,201,1007,613,62,218,17,668,25,151,27,229,4345
Madhya Pradesh,Tikamgarh,2020,48,57,9,94,122,6,35,138,770,415,93,345,13,696,19,106,37,158,3646
Madhya Pradesh,Tikamgarh,2021,66,63,13,95,159,17,64,255,668,243,95,333,41,699,32,214,57,163,3816
Madhya Pradesh,Tikamgarh,2022,78,83,8,112,259,7,51,237,626,405,47,374,27,477,17,176,47,245,3843
Madhya Pradesh,Ujjain,2015,141,118,24,330,434,21,280,463,2495,1500,123,656,37,1812,79,581,94,720,11355
Madhya Pradesh,Ujjain,2016,191,221,35,181,458,27,205,590,1418,524,273,611,63,1124,46,504,97,401,9339
Madhya Pradesh,Ujjain,2017,136,190,32,210,624,22,120,818,2025,836,199,600,95,1161,46,629,192,714,10043
Madhya Pradesh,Ujjain,2018,133,182,14,233,478,27,188,889,2407,1519,164,585,56,2074,55,313,78,827,11724
Madhya Pradesh,Ujjain,2019,219,284,54,292,712,35,315,936,2848,1364,301,715,126,2197,80,682,231,531,13591
Madhya Pradesh,Ujjain,2020,158,170,33,142,498,43,129,579,2301,1238,88,920,84,1775,36,456,131,405,10511
Madhya Pradesh,Ujjain,2021,171,213,19,195,375,32,249,937,1786,877,247,1093,60,2246,38,342,79,443,10974
Madhya Pradesh,Ujjain,2022,202,236,20,263,620,16,207,730,2633,1315,252,805,62,1441,85,476,156,475,11473
Madhya Pradesh,Umariya,2015,23,29,5,37,74,7,27,67,360,212,45,84,10,337,7,80,19,101,1756
Madhya Pradesh,Umariya,2016,28,36,2,33,96,7,20,142,400,163,38,107,15,281,6,81,14,98,1829
Madhya Pradesh,Umariya,2017,25,32,4,56,103,2,38,89,353,209,58,124,10,257,9,97,22,122,1870
Madhya Pradesh,Umariya,2018,30,26,6,46,54,2,21,105,267,130,35,117,19,298,7,55,14,73,1723
Madhya Pradesh,Umariya,2019,23,28,4,58,84,2,30,133,489,287,51,95,8,214,12,117,29,81,2012
Madhya Pradesh,Umariya,2020,24,23,4,46,90,5,23,100,303,110,46,112,8,296,15,42,10,105,1569
Madhya Pradesh,Umariya,2021,27,37,4,34,83,2,29,97,410,160,45,165,10,239,7,94,14,91,1783
Madhya Pradesh,Umariya,2022,23,30,5,50,81,2,29,80,448,228,47,158,12,311,14,92,28,160,2077
Madhya Pradesh,Vidisha,2015,83,69,15,153,200,9,159,373,1518,647,227,346,42,1290,26,419,136,499,7117
Madhya Pradesh,Vidisha,2016,88,87,20,120,380,23,76,283,1217,702,175,341,71,1035,27,317,75,431,6398
Madhya Pradesh,Vidisha,2017,94,81,21,118,300,30,136,411,1285,612,129,324,39,1105,37,418,90,445,6641
Madhya Pradesh,Vidisha,2018,124,122,26,196,240,18,195,312,1097,711,170,504,55,935,54,429,135,417,7011
Madhya Pradesh,Vidisha,2019,102,104,17,181,467,23,81,313,1201,615,266,415,24,931,41,390,130,543,7358
Madhya Pradesh,Vidisha,2020,123,128,17,145,186,6,166,489,1222,441,90,470,38,1210,33,372,97,403,6491
Madhya Pradesh,Vidisha,2021,89,82,9,102,392,15,118,267,1478,903,199,578,63,994,20,264,87,288,6851
Madhya Pradesh,Vidisha,2022,104,142,21,164,342,31,138,385,1244,771,191,702,35,900,42,282,46,338,6866
Maharashtra,Ahmednagar,2015,87,79,18,138,468,18,121,381,1490,956,245,482,28,1091,21,252,44,640,7640
Maharashtra,Ahmednagar,2016,101,99,10,152,224,29,73,372,1361,702,144,367,77,1180,37,488,98,365,7066
Maharashtra,Ahmednagar,2017,92,101,22,227,293,20,200,388,1919,1054,175,448,91,1517,44,494,110,381,8720
Maharashtra,Ahmednagar,2018,166,153,29,242,568,27,106,557,2016,1093,269,457,90,1344,54,295,97,724,9507
Maharashtra,Ahmednagar,2019,154,164,27,273,546,28,105,731,1557,987,328,571,36,1319,56,474,74,572,9277
Maharashtra,Ahmednagar,2020,99,93,19,145,273,15,80,326,952,602,228,522,27,1131,29,381,81,284,6334
Maharashtra,Ahmednagar,2021,126,171,25,203,375,23,129,544,1326,576,268,604,22,991,38,326,78,448,7306
Maharashtra,Ahmednagar,2022,171,142,27,273,331,22,195,600,1447,693,300,640,27,1668,46,534,160,481,8981
Maharashtra,Akola,2015,90,115,18,104,248,11,44,265,879,465,95,256,50,599,19,204,41,286,4437
Maharashtra,Akola,2016,74,62,17,106,162,13,63,282,738,326,101,241,29,601,30,146,29,274,4296
Maharashtra,Akola,2017,73,99,11,77,162,5,98,306,1000,397,93,297,33,706,25,325,70,252,4733
Maharashtra,Akola,2018,96,110,13,83,227,18,103,258,1389,661,61,268,44,696,14,239,67,428,5537
Maharashtra,Akola,2019,95,131,23,136,160,20,77,357,840,325,138,309,41,654,46,302,58,396,4853
Maharashtra,Akola,2020,86,69,10,75,122,9,43,327,768,375,92,300,46,857,24,265,61,251,4386
Maharashtra,Akola,2021,109,116,24,157,214,7,97,393,874,515,173,536,20,616,32,343,116,387,5481
Maharashtra,Akola,2022,82,66,9,147,318,10,127,213,1140,617,99,388,36,1111,23,178,54,245,5633
Maharashtra,Amravati Commr.,2015,70,80,7,73,119,13,77,288,837,488,42,209,30,436,24,133,42,307,3799
Maharashtra,Amravati Commr.,2016,63,60,10,111,223,4,47,279,605,315,69,228,20,500,18,128,32,229,3436
Maharashtra,Amravati Commr.,2017,45,56,11,91,131,12,77,164,856,478,71,167,23,645,23,228,78,209,3866
Maharashtra,Amravati Commr.,2018,46,39,9,54,108,12,91,280,544,280,37,186,37,720,15,129,34,312,3566
Maharashtra,Amravati Commr.,2019,63,76,9,64,212,5,83,316,854,301,133,268,21,710,19,268,76,222,4309
Maharashtra,Amravati Commr.,2020,36,44,7,82,161,7,41,125,671,263,94,278,20,530,12,199,59,235,3323
Maharashtra,Amravati Commr.,2021,44,41,10,87,187,12,77,236,607,316,37,353,13,540,26,140,42,212,3499
Maharashtra,Amravati Commr.,2022,85,85,15,71,168,11,117,290,750,288,76,318,13,605,14,223,69,203,4011
Maharashtra,Amravati Rural,2015,109,99,25,110,256,28,131,410,1521,772,234,444,28,1091,23,468,138,439,7371
Maharashtra,Amravati Rural,2016,157,212,33,201,352,27,146,584,1338,501,102,376,30,1502,33,361,77,538,7659
Maharashtra,Amravati Rural,2017,129,174,18,188,309,29,218,432,1432,807,258,415,33,1069,39,276,94,335,7657
Maharashtra,Amravati Rural,2018,162,225,35,135,272,24,173,373,1978,1277,120,510,49,1473,41,304,64,374,8799
Maharashtra,Amravati Rural,2019,101,127,11,184,405,32,176,460,1422,904,203,395,91,1383,60,535,130,482,8266
Maharashtra,Amravati Rural,2020,105,88,17,185,410,12,149,275,1216,538,237,532,51,1185,46,437,100,525,7050
Maharashtra,Amravati Rural,2021,111,149,14,140,311,15,136,476,1482,734,138,742,66,1348,38,249,59,491,7821
Maharashtra,Amravati Rural,2022,101,96,17,197,493,8,215,721,1865,940,254,879,96,1805,33,562,183,471,10201
Maharashtra,Aurangabad Commr.,2015,100,138,15,138,229,6,143,239,1180,625,140,303,23,884,28,160,35,330,5474
Maharashtra,Aurangabad Commr.,2016,77,96,11,81,306,16,143,293,1212,541,155,312,17,936,16,232,46,405,5674
Maharashtra,Aurangabad Commr.,2017,105,92,25,166,205,5,77,358,1449,748,112,284,17,926,34,224,51,426,6081
Maharashtra,Aurangabad Commr.,2018,96,127,10,191,369,6,90,364,1158,688,93,299,24,961,42,276,74,429,6142
Maharashtra,Aurangabad Commr.,2019,79,83,10,174,418,14,60,430,945,409,83,411,18,734,33,365,89,411,5979
Maharashtra,Aurangabad Commr.,2020,81,107,9,95,228,13,109,294,1041,424,90,323,19,800,24,231,65,200,4774
Maharashtra,Aurangabad Commr.,2021,100,101,21,155,350,12,137,427,1014,633,125,462,42,822,46,290,43,267,5805
Maharashtra,Aurangabad Commr.,2022,109,88,24,168,365,9,70,415,1394,805,105,549,65,1169,42,227,78,340,6858
Maharashtra,Aurangabad Rural,2015,69,75,7,142,234,7,58,214,743,331,67,291,39,889,21,215,32,352,4427
Maharashtra,Aurangabad Rural,2016,69,64,12,123,223,18,115,202,1007,415,67,299,37,835,28,264,73,240,4728
Maharashtra,Aurangabad Rural,2017,73,95,13,111,146,6,124,203,1126,634,71,236,28,659,28,242,54,279,4804
Maharashtra,Aurangabad Rural,2018,59,56,10,149,245,13,56,393,1146,606,153,225,14,953,50,222,75,364,5445
Maharashtra,Aurangabad Rural,2019,100,113,14,78,286,13,97,374,1070,483,99,307,15,664,22,158,51,373,5122
Maharashtra,Aurangabad Rural,2020,57,51,11,73,214,10,55,263,941,589,124,303,25,567,19,114,24,188,4186
Maharashtra,Aurangabad Rural,2021,72,70,17,90,304,9,100,275,1203,681,140,434,41,530,17,259,64,385,5347
Maharashtra,Aurangabad Rural,2022,90,104,16,101,310,4,89,229,878,389,120,327,40,861,22,194,56,393,4901
Maharashtra,Beed,2015,89,76,17,89,296,6,113,270,1044,445,202,315,34,1057,21,327,87,461,5749
Maharashtra,Beed,2016,77,69,8,160,162,16,134,197,1236,776,76,251,53,740,42,243,72,323,5352
Maharashtra,Beed,2017,72,77,9,110,288,4,104,428,1223,449,145,335,40,749,35,198,39,214,5244
Maharashtra,Beed,2018,118,102,22,122,372,9,86,272,1422,877,73,273,55,1090,25,333,63,482,6614
Maharashtra,Beed,2019,90,123,16,155,214,12,171,410,1296,479,205,343,53,1285,39,210,52,423,6476
Maharashtra,Beed,2020,53,67,8,98,211,19,123,241,957,521,123,432,47,668,30,148,36,220,4633
Maharashtra,Beed,2021,75,66,9,148,322,18,155,246,1063,609,197,528,54,907,51,205,50,342,5863
Maharashtra,Beed,2022,103,98,15,178,255,13,128,273,1396,787,72,548,45,1176,28,254,80,388,6680
Maharashtra,Bhandara,2015,41,45,6,67,122,6,25,118,401,178,72,109,22,292,16,78,17,154,2134
Maharashtra,Bhandara,2016,37,42,7,53,71,3,23,120,441,232,80,123,20,268,8,87,18,118,2103
Maharashtra,Bhandara,2017,27,27,6,31,69,8,57,88,465,297,50,127,6,292,9,83,19,109,2074
Maharashtra,Bhandara,2018,44,55,4,78,128,5,62,157,465,261,36,164,11,318,26,157,35,177,2531
Maharashtra,Bhandara,2019,47,48,10,70,143,8,60,104,611,361,36,152,14,425,17,72,13,195,2725
Maharashtra,Bhandara,2020,35,32,3,42,62,6,23,144,386,250,57,167,17,256,7,103,30,138,2048
Maharashtra,Bhandara,2021,26,28,3,59,110,4,44,97,526,293,49,170,10,418,13,71,11,186,2445
Maharashtra,Bhandara,2022,44,51,8,48,142,5,49,145,474,269,75,234,24,361,15,93,32,151,2587
Maharashtra,Buldhana,2015,61,56,12,120,221,8,75,302,939,368,95,253,15,960,22,145,43,193,4825
Maharashtra,Buldhana,2016,100,105,14,100,202,11,56,357,1240,703,96,252,38,835,28,207,67,222,5382
Maharashtra,Buldhana,2017,77,86,16,169,157,19,62,265,822,528,136,340,29,1002,40,290,74,319,5166
Maharashtra,Buldhana,2018,99,90,15,89,269,6,70,369,1311,722,168,254,22,720,25,283,52,431,5733
Maharashtra,Buldhana,2019,107,110,16,180,363,15,111,339,1022,601,62,350,29,1006,27,345,113,363,5948
Maharashtra,Buldhana,2020,49,52,7,123,195,7,91,193,898,473,121,304,41,651,41,236,74,183,4341
Maharashtra,Buldhana,2021,87,113,19,164,294,7,55,424,820,451,189,385,20,721,54,216,57,228,5015
Maharashtra,Buldhana,2022,89,79,22,127,282,12,58,307,1322,475,98,518,52,965,19,208,50,256,5679
Maharashtra,Chandrapur,2015,92,100,15,128,216,5,67,310,888,541,118,215,16,883,31,133,25,318,4734
Maharashtra,Chandrapur,2016,73,76,17,131,191,20,80,342,771,353,114,247,57,878,23,173,41,202,4898
Maharashtra,Chandrapur,2017,77,89,14,114,299,19,95,202,897,410,131,262,14,960,30,320,90,271,4981
Maharashtra,Chandrapur,2018,68,65,12,136,221,16,105,363,960,551,155,307,23,583,24,196,29,385,4886
Maharashtra,Chandrapur,2019,80,96,18,88,166,10,85,317,1356,803,90,339,27,631,14,344,93,286,5615
Maharashtra,Chandrapur,2020,87,94,18,111,143,4,103,297,977,390,138,388,26,549,20,265,59,347,4652
Maharashtra,Chandrapur,2021,66,54,8,167,247,10,79,213,1339,646,100,532,40,902,58,191,46,373,5829
Maharashtra,Chandrapur,2022,87,112,12,142,160,22,138,385,1067,583,117,454,53,796,30,188,64,207,5316
Maharashtra,Dhule,2015,48,44,10,50,99,8,84,124,677,331,40,208,27,619,12,103,25,208,3174
Maharashtra,Dhule,2016,61,59,12,63,206,5,71,216,646,361,44,220,14,579,11,133,21,162,3354
Maharashtra,Dhule,2017,42,54,6,90,105,6,72,157,652,413,102,157,14,646,16,193,42,211,3435
Maharashtra,Dhule,2018,50,55,6,50,166,14,45,151,774,384,62,191,27,497,10,196,43,131,3326
Maharashtra,Dhule,2019,55,64,9,63,107,10,35,304,862,387,107,213,33,625,17,103,15,147,3669
Maharashtra,Dhule,2020,30,25,6,43,114,10,29,158,525,325,32,237,15,490,6,94,30,175,2701
Maharashtra,Dhule,2021,60,68,6,72,203,6,76,162,488,312,67,247,20,543,20,209,72,212,3312
Maharashtra,Dhule,2022,50,47,7,101,219,7,92,162,658,403,114,297,14,657,23,154,49,134,3680
Maharashtra,Gadchiroli,2015,18,17,3,22,57,2,11,48,145,68,27,60,5,166,3,27,7,72,888
Maharashtra,Gadchiroli,2016,18,22,3,14,27,1,21,39,246,138,13,63,8,124,3,47,10,70,1000
Maharashtra,Gadchiroli,2017,18,17,3,16,39,2,16,77,160,101,17,57,5,156,3,43,7,80,950
Maharashtra,Gadchiroli,2018,18,22,3,22,46,1,25,42,199,118,13,50,6,180,5,53,13,64,1029
Maharashtra,Gadchiroli,2019,14,15,2,23,36,4,23,70,236,149,25,63,4,133,6,35,9,68,1066
Maharashtra,Gadchiroli,2020,17,20,3,16,29,2,19,41,223,78,16,76,7,124,4,46,11,53,909
Maharashtra,Gadchiroli,2021,17,19,1,14,43,3,24,40,228,80,33,84,7,158,2,54,12,65,1015
Maharashtra,Gadchiroli,2022,19,17,3,25,34,3,12,72,184,115,29,90,10,191,7,44,7,69,1069
Maharashtra,Gondia,2015,33,45,6,26,73,5,24,71,437,170,23,118,13,300,6,111,25,145,1895
Maharashtra,Gondia,2016,26,34,6,28,106,2,47,133,396,242,27,117,12,326,4,78,22,125,1999
Maharashtra,Gondia,2017,36,45,4,53,67,4,58,131,450,200,40,111,14,346,11,108,17,106,2101
Maharashtra,Gondia,2018,28,33,3,61,118,9,27,137,535,195,37,121,9,417,10,121,37,151,2370
Maharashtra,Gondia,2019,34,36,4,40,136,2,51,89,442,234,31,145,16,324,13,137,41,99,2178
Maharashtra,Gondia,2020,22,23,2,49,94,3,29,70,374,187,41,141,7,298,15,85,13,87,1771
Maharashtra,Gondia,2021,33,45,5,45,98,4,50,88,291,184,27,204,12,268,10,115,34,155,1952
Maharashtra,Gondia,2022,45,45,7,64,98,9,29,162,331,123,31,166,18,346,20,102,30,91,2148
Maharashtra,Hingoli,2015,30,25,7,58,64,4,48,104,340,140,31,122,18,351,14,87,29,136,1865
Maharashtra,Hingoli,2016,25,32,5,35,109,5,42,104,369,220,54,97,16,358,9,87,28,156,2021
Maharashtra,Hingoli,2017,36,38,4,55,82,8,45,124,341,220,55,103,7,312,9,98,20,162,2016
Maharashtra,Hingoli,2018,35,45,5,58,63,7,46,97,547,312,57,100,10,428,17,97,23,127,2369
Maharashtra,Hingoli,2019,40,51,9,40,67,6,52,165,404,189,25,141,16,356,9,146,39,152,2223
Maharashtra,Hingoli,2020,29,32,5,52,104,6,16,130,377,136,16,150,16,270,10,107,23,140,1855
Maharashtra,Hingoli,2021,33,38,6,56,137,4,41,133,358,165,78,177,21,303,16,134,35,141,2175
Maharashtra,Hingoli,2022,38,42,6,30,61,6,19,115,415,240,49,200,9,338,6,86,17,142,2111
Maharashtra,Jalgaon,2015,117,108,20,214,370,11,64,317,1448,836,120,417,38,864,39,279,48,442,6720
Maharashtra,Jalgaon,2016,134,150,13,147,371,8,153,520,1796,740,256,475,62,1075,23,324,98,371,7718
Maharashtra,Jalgaon,2017,106,122,12,157,247,29,127,306,1856,869,198,442,43,1455,25,296,52,589,7995
Maharashtra,Jalgaon,2018,102,81,24,162,336,33,129,384,1760,1019,128,418,78,1534,53,431,136,587,8479
Maharashtra,Jalgaon,2019,131,156,14,237,279,26,109,514,1871,706,161,492,68,1444,60,423,121,430,8392
Maharashtra,Jalgaon,2020,132,114,27,157,300,25,74,456,1679,607,79,622,55,1154,30,329,103,424,7308
Maharashtra,Jalgaon,2021,104,108,21,227,320,7,101,322,1726,1119,173,723,36,941,72,331,51,524,7925
Maharashtra,Jalgaon,2022,154,191,27,115,415,27,91,394,1331,853,154,567,47,1085,20,435,100,379,7444
Maharashtra,Jalna,2015,66,75,15,53,153,7,58,257,507,271,80,184,28,614,13,139,35,156,3290
Maharashtra,Jalna,2016,81,96,11,99,245,17,69,309,957,342,118,232,20,770,29,148,51,258,4423
Maharashtra,Jalna,2017,56,51,13,63,175,11,82,262,969,440,62,219,42,731,17,254,58,215,4290
Maharashtra,Jalna,2018,60,81,9,111,244,17,54,315,827,424,77,194,39,450,17,141,23,174,3818
Maharashtra,Jalna,2019,62,77,10,93,174,8,56,258,682,245,130,177,13,579,30,218,63,180,3628
Maharashtra,Jalna,2020,56,53,10,51,115,3,67,211,906,393,54,334,21,474,8,99,25,276,3648
Maharashtra,Jalna,2021,53,45,10,104,233,3,95,147,707,322,80,353,21,727,35,199,33,213,3891
Maharashtra,Jalna,2022,54,70,13,111,136,16,103,201,1028,514,141,316,38,744,20,188,53,164,4463
Maharashtra,Kolhapur,2015,75,93,16,151,194,10,49,303,1071,608,132,323,37,738,29,250,84,224,5085
Maharashtra,Kolhapur,2016,84,108,12,124,276,23,156,403,1050,459,197,368,53,957,40,188,58,336,5699
Maharashtra,Kolhapur,2017,76,71,17,126,335,23,71,449,1095,663,170,280,35,842,26,278,94,340,5772
Maharashtra,Kolhapur,2018,71,89,13,90,240,19,60,369,1209,510,60,285,41,1031,23,345,52,436,5737
Maharashtra,Kolhapur,2019,101,119,18,179,304,13,127,466,970,440,207,381,58,865,47,296,98,222,5711
Maharashtra,Kolhapur,2020,72,94,13,162,202,21,133,407,1171,754,114,343,30,734,51,249,76,291,5622
Maharashtra,Kolhapur,2021,101,92,20,103,302,11,68,390,1196,668,83,419,56,811,34,220,40,348,5769
Maharashtra,Kolhapur,2022,125,153,14,201,200,8,154,369,1448,877,153,487,44,1174,31,339,59,415,7119
Maharashtra,Latur,2015,88,86,16,113,208,12,96,212,1147,447,73,241,28,918,25,274,63,231,4935
Maharashtra,Latur,2016,59,68,9,114,130,14,98,183,998,569,61,196,18,558,33,151,40,302,4205
Maharashtra,Latur,2017,75,60,8,136,215,8,102,351,1245,675,93,302,26,966,29,193,62,261,5515
Maharashtra,Latur,2018,80,101,8,129,207,12,71,243,1155,491,82,202,36,755,26,150,43,206,4627
Maharashtra,Latur,2019,106,139,10,90,272,10,95,425,1221,612,112,241,53,1005,17,174,53,210,5575
Maharashtra,Latur,2020,63,75,11,79,222,14,42,322,621,328,62,281,24,478,20,158,25,340,3885
Maharashtra,Latur,2021,55,74,13,124,203,6,55,300,1174,698,155,452,21,742,32,143,31,285,5199
Maharashtra,Latur,2022,56,74,7,85,169,11,134,253,766,402,60,472,30,662,25,224,55,231,4603
Maharashtra,Mumbai,2015,509,642,116,885,2414,110,400,2765,7455,4548,1006,1902,306,7322,283,2169,518,2737,41586
Maharashtra,Mumbai,2016,774,1029,188,880,2206,139,984,3124,6487,3596,834,2243,200,6594,227,1885,542,2775,40030
Maharashtra,Mumbai,2017,692,624,124,557,1178,133,777,1960,7009,3119,987,2325,141,7166,93,2218,364,2898,37492
Maharashtra,Mumbai,2018,576,735,80,611,2501,128,409,2733,10646,6722,697,2804,237,4921,111,2654,633,1722,45011
Maharashtra,Mumbai,2019,646,835,70,1116,1900,146,736,2631,9747,3712,835,2430,325,6458,344,2375,774,1993,42561
Maharashtra,Mumbai,2020,624,534,125,613,2106,144,490,1713,6427,3942,1146,2860,176,3788,136,1691,272,2025,33487
Maharashtra,Mumbai,2021,515,669,94,744,2236,79,762,2195,7172,4402,740,3106,458,8623,194,1840,289,1766,41801
Maharashtra,Mumbai,2022,586,479,65,1283,2363,132,397,2555,5949,2629,1051,2782,268,6192,378,2318,428,2473,38233
Maharashtra,Mumbai Rly.,2015,65,78,8,84,158,12,97,364,1080,513,84,216,49,863,22,166,33,321,4851
Maharashtra,Mumbai Rly.,2016,66,57,15,102,158,15,51,374,1167,633,63,278,21,709,26,281,92,188,4980
Maharashtra,Mumbai Rly.,2017,61,84,11,121,170,23,60,362,1192,483,171,260,27,636,26,168,50,304,4924
Maharashtra,Mumbai Rly.,2018,62,70,11,144,169,7,134,241,891,486,50,230,15,866,22,307,84,209,4672
Maharashtra,Mumbai Rly.,2019,65,89,11,158,179,23,63,298,963,624,146,239,32,957,48,287,80,288,5261
Maharashtra,Mumbai Rly.,2020,50,42,6,104,222,17,91,335,697,323,50,410,47,842,20,254,50,286,4471
Maharashtra,Mumbai Rly.,2021,80,97,12,84,322,5,93,395,1088,532,94,511,45,670,19,177,56,322,5317
Maharashtra,Mumbai Rly.,2022,71,71,8,124,329,5,89,415,1467,865,177,466,33,1074,27,342,55,462,6867
Maharashtra,Nagpur Commr.,2015,137,186,29,356,440,25,173,436,2227,1275,121,551,54,2363,115,392,110,495,11103
Maharashtra,Nagpur Commr.,2016,152,153,21,321,583,26,105,558,1671,1062,261,522,49,1767,60,364,57,515,10282
Maharashtra,Nagpur Commr.,2017,169,195,24,407,473,23,252,829,2121,1154,263,653,118,1562,136,428,86,723,11741
Maharashtra,Nagpur Commr.,2018,213,272,27,197,772,24,240,729,2561,1105,403,655,110,1814,32,782,130,491,12245
Maharashtra,Nagpur Commr.,2019,202,169,30,411,446,49,334,826,2010,1139,281,679,62,2256,93,553,87,537,12004
Maharashtra,Nagpur Commr.,2020,171,209,22,199,379,28,154,666,1652,648,175,920,107,1931,63,622,208,741,10258
Maharashtra,Nagpur Commr.,2021,249,230,53,286,365,33,216,778,2409,872,344,1237,92,1517,91,532,132,722,11924
Maharashtra,Nagpur Commr.,2022,154,169,37,375,392,32,126,554,2204,787,152,1184,141,2495,106,682,172,876,12403
Maharashtra,Nagpur Rly.,2015,56,58,11,73,160,9,76,127,449,265,29,191,24,442,15,164,31,157,2796
Maharashtra,Nagpur Rly.,2016,57,46,8,91,141,7,41,210,642,284,72,206,18,562,20,128,42,218,3234
Maharashtra,Nagpur Rly.,2017,61,79,9,55,117,15,41,163,838,388,33,166,25,672,17,183,50,132,3516
Maharashtra,Nagpur Rly.,2018,69,75,14,83,202,9,80,279,647,361,52,222,38,432,13,197,54,231,3556
Maharashtra,Nagpur Rly.,2019,47,60,5,52,142,5,61,272,668,337,67,189,28,591,15,162,34,282,3490
Maharashtra,Nagpur Rly.,2020,48,40,10,76,161,5,45,105,629,395,90,263,13,487,19,120,31,187,3096
Maharashtra,Nagpur Rly.,2021,54,70,6,95,118,4,76,143,634,295,49,238,28,480,17,95,30,195,3044
Maharashtra,Nagpur Rly.,2022,68,82,7,61,133,16,67,245,499,295,102,292,33,703,13,111,17,187,3423
Maharashtra,Nagpur Rural,2015,65,82,9,130,296,22,95,196,952,501,51,257,15,1019,32,152,49,233,4863
Maharashtra,Nagpur Rural,2016,98,131,20,132,241,6,136,330,829,349,151,241,33,981,36,215,49,223,4887
Maharashtra,Nagpur Rural,2017,59,80,8,115,234,10,99,406,746,414,168,348,31,849,34,331,79,227,4965
Maharashtra,Nagpur Rural,2018,83,74,11,174,257,15,107,463,1217,497,177,257,46,777,44,191,29,349,5544
Maharashtra,Nagpur Rural,2019,114,125,23,122,300,25,56,452,1467,793,178,375,64,1094,36,349,58,378,6854
Maharashtra,Nagpur Rural,2020,71,80,15,77,208,10,58,170,627,303,95,406,20,503,26,248,56,205,3966
Maharashtra,Nagpur Rural,2021,85,95,16,96,147,22,119,392,961,499,137,489,32,812,20,173,39,348,5210
Maharashtra,Nagpur Rural,2022,64,76,15,149,345,11,112,199,924,554,115,445,44,1068,41,320,59,227,5514
Maharashtra,Nanded,2015,93,117,21,85,268,19,75,300,1071,501,173,322,31,584,19,330,107,364,5194
Maharashtra,Nanded,2016,62,79,10,175,330,5,125,426,1400,578,105,324,22,949,45,222,55,301,5978
Maharashtra,Nanded,2017,106,135,11,176,208,26,107,389,1129,673,62,290,63,1001,27,260,57,397,5914
Maharashtra,Nanded,2018,80,102,11,128,320,5,90,435,1026,404,96,349,56,934,19,258,82,344,5483
Maharashtra,Nanded,2019,74,86,15,113,240,12,144,324,912,381,162,311,44,695,25,310,59,219,5128
Maharashtra,Nanded,2020,52,52,6,60,255,7,56,233,779,363,160,392,13,620,19,194,42,217,4121
Maharashtra,Nanded,2021,99,111,13,123,196,13,84,216,768,345,172,414,37,622,37,151,51,444,4969
Maharashtra,Nanded,2022,75,76,18,179,199,10,57,425,1254,735,192,448,54,1075,45,283,45,373,6388
Maharashtra,Nandurbar,2015,18,23,3,48,79,2,15,128,273,135,58,86,14,289,7,89,25,115,1626
Maharashtra,Nandurbar,2016,21,28,3,40,53,7,29,128,249,148,22,75,5,324,10,96,14,93,1566
Maharashtra,Nandurbar,2017,33,38,3,32,94,6,37,76,356,211,56,98,9,326,7,77,13,70,1772
Maharashtra,Nandurbar,2018,27,24,4,42,78,6,40,134,413,210,27,102,12,292,14,91,25,93,1859
Maharashtra,Nandurbar,2019,24,24,4,47,88,5,44,71,324,141,28,99,16,206,11,76,15,67,1557
Maharashtra,Nandurbar,2020,20,20,2,41,76,5,33,75,287,154,39,120,11,162,11,82,14,66,1397
Maharashtra,Nandurbar,2021,33,35,7,34,106,4,37,125,302,155,24,168,11,295,7,107,35,87,1807
Maharashtra,Nandurbar,2022,24,33,3,32,70,2,31,82,247,109,26,133,8,248,10,60,14,74,1528
Maharashtra,Nasik Commr.,2015,52,52,7,131,272,4,72,246,848,394,116,190,21,839,33,156,39,163,4226
Maharashtra,Nasik Commr.,2016,56,68,8,138,251,20,91,216,742,465,126,261,27,571,31,239,74,169,4205
Maharashtra,Nasik Commr.,2017,84,113,12,62,121,11,80,162,864,311,57,198,30,725,11,124,34,235,3882
Maharashtra,Nasik Commr.,2018,57,62,13,91,255,10,45,340,788,395,162,215,19,578,28,281,76,259,4297
Maharashtra,Nasik Commr.,2019,72,79,11,96,183,21,78,198,758,471,54,286,41,881,29,206,40,269,4409
Maharashtra,Nasik Commr.,2020,49,56,7,116,203,10,104,152,1008,574,43,264,41,539,20,122,19,151,4021
Maharashtra,Nasik Commr.,2021,83,95,18,93,216,19,59,295,1115,606,158,389,21,612,29,169,37,225,4838
Maharashtra,Nasik Commr.,2022,97,101,23,115,185,18,125,268,947,434,148,397,21,564,25,264,84,298,4801
Maharashtra,Nasik Rural,2015,136,129,22,201,277,12,73,301,1020,619,164,354,65,1408,34,405,125,334,6666
Maharashtra,Nasik Rural,2016,129,155,28,188,348,24,122,662,2087,1235,238,394,29,1385,37,395,64,481,9138
Maharashtra,Nasik Rural,2017,133,122,21,138,440,14,113,468,1835,992,220,432,56,1141,39,518,154,448,8442
Maharashtra,Nasik Rural,2018,119,99,17,228,403,12,97,338,2019,1123,269,468,74,999,41,295,62,434,8195
Maharashtra,Nasik Rural,2019,108,104,17,183,368,11,92,581,1851,884,144,557,32,1061,43,551,88,634,8502
Maharashtra,Nasik Rural,2020,119,160,29,197,382,28,166,389,1521,688,219,555,70,1045,47,439,114,425,7596
Maharashtra,Nasik Rural,2021,97,110,17,161,352,13,118,379,1819,1167,126,648,48,1209,27,214,44,523,8103
Maharashtra,Nasik Rural,2022,145,136,25,202,351,29,209,662,2002,1249,102,652,71,1500,50,515,145,638,9896
Maharashtra,Navi Mumbai,2015,104,97,18,177,371,6,99,271,1418,911,129,342,34,1145,56,324,96,427,6898
Maharashtra,Navi Mumbai,2016,121,155,30,183,412,6,147,399,1281,552,185,315,46,1180,52,215,74,293,6549
Maharashtra,Navi Mumbai,2017,85,96,20,181,235,18,146,416,1521,660,190,454,74,956,38,241,81,488,6875
Maharashtra,Navi Mumbai,2018,130,169,13,202,422,19,88,514,1158,648,242,404,77,960,69,401,126,489,7109
Maharashtra,Navi Mumbai,2019,125,101,22,160,392,22,169,520,1709,873,199,354,42,1336,51,318,63,436,7865
Maharashtra,Navi Mumbai,2020,88,120,17,137,169,15,74,452,998,397,182,401,51,778,20,322,76,221,5272
Maharashtra,Navi Mumbai,2021,133,115,32,124,378,26,106,349,1399,519,261,541,50,1126,35,269,74,351,6907
Maharashtra,Navi Mumbai,2022,137,151,32,226,340,29,91,394,1287,765,84,655,22,971,77,405,137,643,7524
Maharashtra,Osmanabad,2015,58,66,10,57,179,9,34,219,435,260,111,174,12,350,16,125,30,191,2841
Maharashtra,Osmanabad,2016,60,73,11,89,112,4,82,260,590,216,89,203,25,656,25,193,60,180,3381
Maharashtra,Osmanabad,2017,45,51,8,62,182,9,61,180,656,268,52,180,36,379,9,108,25,211,3111
Maharashtra,Osmanabad,2018,45,61,9,83,159,11,92,233,668,347,100,232,32,709,22,129,28,150,3619
Maharashtra,Osmanabad,2019,62,59,15,52,181,16,53,297,529,251,98,171,11,658,12,193,52,311,3541
Maharashtra,Osmanabad,2020,45,61,7,39,115,11,54,162,622,320,91,190,21,294,7,164,43,212,2818
Maharashtra,Osmanabad,2021,48,61,11,58,218,12,37,224,850,343,79,244,26,444,16,188,43,149,3521
Maharashtra,Osmanabad,2022,54,52,6,71,202,8,80,279,799,282,33,337,11,407,21,211,39,283,3656
Maharashtra,Parbhani,2015,57,46,12,112,161,8,70,222,862,528,135,227,15,703,29,170,46,278,4197
Maharashtra,Parbhani,2016,75,102,12,115,226,17,83,224,874,513,114,246,27,781,35,240,72,253,4588
Maharashtra,Parbhani,2017,61,51,7,80,265,13,70,256,791,493,112,225,21,600,19,118,40,318,4121
Maharashtra,Parbhani,2018,51,41,7,116,275,13,95,200,619,374,132,264,46,557,27,284,61,305,4077
Maharashtra,Parbhani,2019,61,51,7,128,266,17,112,308,820,320,70,272,34,728,31,234,40,173,4249
Maharashtra,Parbhani,2020,50,51,7,98,145,11,100,268,718,421,42,267,29,706,18,147,23,309,3932
Maharashtra,Parbhani,2021,66,90,7,62,160,16,74,163,690,346,102,348,26,689,16,196,50,187,3943
Maharashtra,Parbhani,2022,59,49,6,119,202,4,112,282,925,359,138,391,29,534,26,165,53,342,4411
Maharashtra,Pune Commr.,2015,197,201,47,327,779,36,463,777,3443,2078,419,857,114,2697,57,644,196,639,16301
Maharashtra,Pune Commr.,2016,233,270,30,308,563,38,186,1280,3668,1291,501,1002,114,2823,92,574,122,826,16356
Maharashtra,Pune Commr.,2017,237,206,34,337,876,39,471,1577,3979,2403,594,1066,150,2820,95,1135,381,1594,20712
Maharashtra,Pune Commr.,2018,390,359,89,491,1142,51,481,813,4129,1543,216,1276,122,2513,153,778,153,1022,18428
Maharashtra,Pune Commr.,2019,403,466,78,388,732,40,548,1727,3243,1386,664,1454,114,4332,63,1080,246,876,20893
Maharashtra,Pune Commr.,2020,244,213,25,397,660,47,393,1310,3868,2393,164,1389,75,2989,76,809,170,790,18221
Maharashtra,Pune Commr.,2021,231,239,56,387,947,57,176,939,3969,2319,272,1787,173,2238,105,799,182,1347,18726
Maharashtra,Pune Commr.,2022,273,344,38,436,1227,25,427,1248,2927,1837,648,1380,208,4098,142,1072,333,900,20387
Maharashtra,Pune Rly.,2015,16,18,3,30,63,4,12,83,181,109,15,55,5,142,9,44,11,38,978
Maharashtra,Pune Rly.,2016,16,19,2,20,34,4,20,39,141,90,29,42,5,163,4,52,14,37,861
Maharashtra,Pune Rly.,2017,12,15,2,19,47,4,24,78,173,104,36,61,11,198,3,43,12,45,1035
Maharashtra,Pune Rly.,2018,21,25,5,15,35,1,16,44,191,84,14,56,8,136,4,46,9,52,978
Maharashtra,Pune Rly.,2019,15,17,3,14,52,1,15,72,152,78,21,47,3,188,2,30,4,80,970
Maharashtra,Pune Rly.,2020,15,12,2,14,40,2,11,49,114,44,12,70,8,91,3,22,6,53,731
Maharashtra,Pune Rly.,2021,19,23,3,32,45,1,10,72,228,107,19,78,7,211,9,41,8,46,1106
Maharashtra,Pune Rly.,2022,13,11,2,16,50,4,11,66,161,81,11,81,8,144,5,37,9,43,943
Maharashtra,Pune Rural,2015,125,116,27,273,655,24,189,794,1742,885,355,648,56,1533,88,454,95,615,10159
Maharashtra,Pune Rural,2016,162,213,30,272,652,13,280,565,2586,1362,379,650,65,2191,66,405,126,521,12098
Maharashtra,Pune Rural,2017,167,231,40,281,763,44,188,468,2665,1038,229,729,82,2144,70,775,121,654,12359
Maharashtra,Pune Rural,2018,216,296,51,170,738,22,271,875,1916,826,376,712,64,1611,51,439,105,476,10891
Maharashtra,Pune Rural,2019,201,214,28,215,468,15,276,690,2341,1262,155,673,94,1452,48,427,112,728,12039
Maharashtra,Pune Rural,2020,125,163,26,317,596,41,135,707,2090,931,167,895,70,1549,47,369,103,479,10224
Maharashtra,Pune Rural,2021,168,162,29,315,645,21,138,604,2946,1858,288,863,93,1487,93,538,92,826,12859
Maharashtra,Pune Rural,2022,145,140,22,399,424,52,198,1079,2814,1089,321,1131,52,1847,138,540,113,950,13268
Maharashtra,Raigad,2015,50,65,10,69,101,6,59,149,497,176,64,183,18,415,16,95,16,192,2602
Maharashtra,Raigad,2016,48,42,9,53,146,4,62,163,444,267,92,157,10,379,9,153,52,157,2636
Maharashtra,Raigad,2017,45,57,7,80,119,6,66,225,409,201,48,128,31,578,16,83,17,150,2661
Maharashtra,Raigad,2018,57,54,7,81,161,4,50,196,509,240,92,130,12,414,27,149,51,203,2840
Maharashtra,Raigad,2019,36,31,5,91,86,7,66,151,522,284,49,192,11,598,13,96,16,123,2815
Maharashtra,Raigad,2020,34,41,6,70,123,9,31,155,443,226,53,190,24,484,19,68,10,150,2469
Maharashtra,Raigad,2021,45,62,5,49,136,12,29,126,669,305,71,259,28,510,11,153,44,220,3145
Maharashtra,Raigad,2022,51,45,6,102,104,6,48,135,582,333,110,263,25,417,20,183,54,246,3205
Maharashtra,Ratnagiri,2015,32,29,5,41,58,2,48,115,406,146,54,89,17,271,7,108,34,138,1844
Maharashtra,Ratnagiri,2016,29,29,4,35,89,2,35,125,288,133,34,92,16,250,10,77,14,101,1599
Maharashtra,Ratnagiri,2017,33,42,3,46,88,5,22,90,369,134,31,102,16,204,14,69,14,84,1667
Maharashtra,Ratnagiri,2018,33,43,7,46,96,6,17,80,461,204,19,90,13,319,11,97,27,84,1903
Maharashtra,Ratnagiri,2019,36,34,3,43,75,5,53,97,442,179,40,99,8,412,9,61,16,87,1982
Maharashtra,Ratnagiri,2020,21,24,2,27,51,6,20,59,223,83,32,111,5,318,7,71,15,128,1481
Maharashtra,Ratnagiri,2021,34,47,7,48,72,2,18,129,367,150,63,175,5,297,10,108,16,122,1915
Maharashtra,Ratnagiri,2022,37,36,6,57,96,5,27,100,463,169,69,188,19,283,13,105,22,143,2102
Maharashtra,Sangli,2015,80,102,14,128,172,12,143,333,752,371,147,310,29,862,40,161,43,286,4860
Maharashtra,Sangli,2016,114,152,27,151,249,13,74,289,1488,927,100,310,45,659,31,261,75,330,6110
Maharashtra,Sangli,2017,108,138,23,121,243,29,121,425,1222,447,224,288,49,916,26,209,68,261,5990
Maharashtra,Sangli,2018,119,139,12,179,408,16,165,287,1000,562,169,423,57,937,55,374,57,476,6331
Maharashtra,Sangli,2019,97,122,18,97,268,22,59,405,1355,721,82,319,54,1143,20,337,84,462,6496
Maharashtra,Sangli,2020,78,67,11,79,295,15,66,343,1001,513,138,383,34,720,22,311,84,398,5273
Maharashtra,Sangli,2021,91,76,9,143,365,26,126,315,1589,917,188,542,48,1064,45,336,84,295,7139
Maharashtra,Sangli,2022,108,128,17,198,189,9,104,329,1210,657,234,624,21,840,41,318,109,430,6459
Maharashtra,Satara,2015,71,92,9,143,268,6,170,432,942,464,174,394,21,782,41,257,85,403,5900
Maharashtra,Satara,2016,111,126,18,204,346,6,86,524,1104,416,83,355,43,1033,51,394,108,384,6334
Maharashtra,Satara,2017,147,128,30,152,228,13,100,617,1592,833,252,470,58,1202,48,339,116,352,7714
Maharashtra,Satara,2018,112,128,12,190,233,27,159,280,1552,887,210,329,57,1351,47,200,67,287,7066
Maharashtra,Satara,2019,118,164,21,153,352,9,71,470,1583,988,261,463,67,875,35,331,97,298,7348
Maharashtra,Satara,2020,77,84,17,89,293,14,152,273,1217,433,69,425,41,1099,21,288,43,399,5817
Maharashtra,Satara,2021,114,122,23,176,387,24,67,544,1272,694,253,650,43,1014,43,240,78,423,7123
Maharashtra,Satara,2022,132,177,25,119,270,10,126,576,1404,905,83,647,46,851,38,237,59,337,7066
Maharashtra,Sindhudurg,2015,10,10,2,22,40,3,18,69,206,86,10,49,9,123,4,38,7,57,879
Maharashtra,Sindhudurg,2016,15,20,2,14,34,4,18,38,179,102,21,51,5,122,4,33,6,64,855
Maharashtra,Sindhudurg,2017,16,15,1,17,62,1,14,46,215,127,22,64,7,135,2,31,8,66,985
Maharashtra,Sindhudurg,2018,11,12,1,21,53,2,11,53,204,101,9,60,2,182,4,25,5,47,932
Maharashtra,Sindhudurg,2019,16,13,3,19,38,2,20,56,183,82,13,46,7,140,4,58,11,42,908
Maharashtra,Sindhudurg,2020,10,8,2,13,39,2,8,51,184,77,11,72,3,123,4,41,9,42,808
Maharashtra,Sindhudurg,2021,12,10,2,23,40,0,12,56,173,86,14,67,2,99,4,35,8,66,825
Maharashtra,Sindhudurg,2022,11,12,2,22,37,4,10,52,173,80,15,67,5,156,3,34,11,55,880
Maharashtra,Solapur Commr.,2015,34,37,5,43,157,8,54,183,579,207,32,146,23,509,12,82,20,129,2617
Maharashtra,Solapur Commr.,2016,48,47,9,80,142,11,74,186,437,206,47,173,14,446,18,131,32,134,2628
Maharashtra,Solapur Commr.,2017,39,50,6,63,116,8,40,195,694,319,42,178,21,471,17,173,49,193,3048
Maharashtra,Solapur Commr.,2018,33,36,6,80,94,9,55,178,605,326,91,141,25,502,21,97,15,134,2812
Maharashtra,Solapur Commr.,2019,46,40,6,73,86,4,27,112,620,296,41,180,13,356,16,93,20,188,2687
Maharashtra,Solapur Commr.,2020,33,39,4,61,77,5,60,137,495,190,45,162,6,250,18,71,18,96,2073
Maharashtra,Solapur Commr.,2021,29,40,4,44,133,10,58,110,623,236,49,224,18,519,15,92,25,208,2791
Maharashtra,Solapur Commr.,2022,51,44,8,71,149,4,36,105,428,211,68,235,22,504,11,173,43,105,2643
Maharashtra,Solapur Rural,2015,122,160,18,137,203,25,69,275,1505,688,94,440,64,907,38,198,46,360,6272
Maharashtra,Solapur Rural,2016,101,90,21,180,374,23,69,476,1152,718,173,315,27,1184,62,363,105,285,6661
Maharashtra,Solapur Rural,2017,137,143,18,111,375,28,84,470,1660,1067,177,355,54,953,38,336,81,367,7404
Maharashtra,Solapur Rural,2018,132,168,24,117,376,31,81,382,1383,653,256,355,28,1387,35,458,148,284,7336
Maharashtra,Solapur Rural,2019,137,143,26,242,317,28,229,629,1233,758,177,389,88,1432,37,345,118,372,7847
Maharashtra,Solapur Rural,2020,111,91,26,100,257,26,131,527,1135,733,111,458,59,1199,21,262,80,297,6512
Maharashtra,Solapur Rural,2021,113,103,13,206,430,9,157,303,1357,518,153,598,52,1233,55,259,50,281,6829
Maharashtra,Solapur Rural,2022,97,89,12,190,221,22,183,523,1509,914,87,679,74,911,30,342,68,405,7446
Maharashtra,Thane Commr.,2015,183,187,42,260,446,62,181,1014,2970,1276,189,828,83,2870,59,734,207,1030,14848
Maharashtra,Thane Commr.,2016,336,295,48,255,518,27,193,870,2475,955,551,1113,175,2021,66,622,106,1126,15584
Maharashtra,Thane Commr.,2017,343,350,36,424,915,43,315,1166,3817,1785,648,836,63,3584,67,610,170,1009,18650
Maharashtra,Thane Commr.,2018,267,355,42,551,485,56,436,788,2869,1397,622,1103,185,2170,115,928,245,1168,16179
Maharashtra,Thane Commr.,2019,327,402,66,387,677,29,482,788,4047,2333,392,1084,64,3100,120,985,160,699,18719
Maharashtra,Thane Commr.,2020,234,246,33,373,915,44,299,894,2108,1301,207,1144,54,2881,101,653,189,879,14558
Maharashtra,Thane Commr.,2021,191,225,19,350,824,22,436,837,3977,2187,602,1520,104,3307,64,500,80,747,18357
Maharashtra,Thane Commr.,2022,273,313,36,501,723,85,503,750,4120,2574,289,1718,131,2176,164,1116,229,878,19243
Maharashtra,Thane Rural,2015,84,68,10,130,192,18,119,354,757,383,85,241,26,818,23,180,51,196,4333
Maharashtra,Thane Rural,2016,53,50,10,64,213,6,97,148,777,292,38,236,38,704,21,162,45,211,3693
Maharashtra,Thane Rural,2017,66,90,15,124,255,18,103,221,955,560,111,222,24,849,18,210,67,193,4683
Maharashtra,Thane Rural,2018,79,71,18,99,128,7,98,307,1051,416,126,232,15,520,26,144,36,213,4173
Maharashtra,Thane Rural,2019,75,82,14,101,235,21,107,349,1115,656,143,285,28,653,26,244,40,285,5114
Maharashtra,Thane Rural,2020,54,60,9,81,195,4,48,147,617,279,35,290,35,597,16,132,25,151,3244
Maharashtra,Thane Rural,2021,74,85,7,76,171,15,105,264,587,326,94,332,32,562,18,230,79,200,3891
Maharashtra,Thane Rural,2022,68,88,9,128,142,10,79,330,1070,672,90,418,13,796,28,244,67,302,5181
Maharashtra,Wardha,2015,72,90,7,62,138,5,53,248,741,465,106,246,15,609,11,265,92,208,4009
Maharashtra,Wardha,2016,48,54,9,118,213,16,100,284,1065,391,93,239,44,786,26,240,45,254,4607
Maharashtra,Wardha,2017,62,72,11,102,297,18,56,191,1089,548,58,231,17,520,32,203,61,354,4564
Maharashtra,Wardha,2018,68,67,12,123,191,19,66,162,716,295,43,196,32,572,24,228,71,317,3878
Maharashtra,Wardha,2019,82,76,9,107,251,16,116,325,615,243,148,239,14,725,25,199,38,242,4076
Maharashtra,Wardha,2020,48,56,10,82,154,14,83,206,678,299,99,297,33,562,27,204,38,240,3609
Maharashtra,Wardha,2021,71,92,12,71,234,13,62,346,767,312,141,318,13,668,20,134,24,206,4094
Maharashtra,Wardha,2022,76,99,10,135,147,14,104,332,700,307,146,315,30,788,29,176,40,188,4222
Maharashtra,Washim,2015,37,34,4,70,171,7,54,195,656,236,87,142,22,327,19,117,27,210,2815
Maharashtra,Washim,2016,37,38,5,44,125,3,69,217,629,338,80,146,12,402,12,111,27,194,2893
Maharashtra,Washim,2017,39,49,7,88,99,8,44,181,481,174,32,147,17,490,26,168,36,119,2643
Maharashtra,Washim,2018,50,69,5,61,135,10,43,173,641,391,38,148,9,481,10,150,42,156,3020
Maharashtra,Washim,2019,45,57,9,84,89,9,63,190,695,415,55,198,15,383,23,152,36,208,3153
Maharashtra,Washim,2020,38,49,5,44,123,9,27,196,641,405,90,195,18,306,10,98,28,125,2765
Maharashtra,Washim,2021,44,44,8,82,151,6,40,163,714,458,66,237,11,387,19,119,36,185,3178
Maharashtra,Washim,2022,47,44,10,103,167,7,43,203,483,169,71,300,12,564,26,158,25,219,3111
Maharashtra,Yavatmal,2015,210,186,46,228,681,14,149,749,1880,856,199,558,102,1813,48,498,115,912,10852
Maharashtra,Yavatmal,2016,183,232,29,298,372,44,203,588,2169,852,290,536,109,1346,51,298,69,483,9706
Maharashtra,Yavatmal,2017,176,207,26,366,670,29,174,648,2183,996,369,746,53,2091,95,484,93,870,11880
Maharashtra,Yavatmal,2018,226,252,38,369,659,15,227,493,2516,1392,107,769,80,1985,69,516,113,779,12216
Maharashtra,Yavatmal,2019,194,177,34,183,624,16,299,497,2963,1738,108,710,86,2000,41,540,84,793,12688
Maharashtra,Yavatmal,2020,186,247,34,185,594,25,170,819,1591,939,221,837,103,1394,57,507,125,440,9854
Maharashtra,Yavatmal,2021,161,208,19,162,728,21,220,716,2565,1610,193,955,84,1291,34,373,59,495,11463
Maharashtra,Yavatmal,2022,215,236,38,249,448,17,317,823,2244,1069,310,1095,63,2423,75,548,153,853,12977
Manipur,Bishnupur,2015,7,7,0,11,20,0,6,20,70,26,11,16,1,47,2,17,2,29,341
Manipur,Bishnupur,2016,5,4,0,6,17,0,3,22,54,21,5,19,2,38,1,10,2,20,301
Manipur,Bishnupur,2017,6,7,0,7,14,1,6,23,57,27,11,22,3,52,1,20,5,14,342
Manipur,Bishnupur,2018,7,8,1,5,14,1,5,13,53,22,4,20,2,47,1,13,2,14,334
Manipur,Bishnupur,2019,6,5,0,7,26,1,8,27,93,36,10,22,1,56,1,17,3,26,401
Manipur,Bishnupur,2020,3,2,0,8,10,0,7,14,73,26,9,29,0,45,1,10,1,20,301
Manipur,Bishnupur,2021,5,5,1,5,15,1,7,20,80,51,7,27,2,39,1,9,2,17,341
Manipur,Bishnupur,2022,7,5,0,6,13,1,4,22,63,39,6,32,3,54,1,17,5,20,363
Manipur,Chandel,2015,1,1,0,1,3,0,1,6,11,4,1,4,0,9,0,2,0,4,71
Manipur,Chandel,2016,1,1,0,2,3,0,1,4,19,9,2,5,0,9,0,4,1,5,78
Manipur,Chandel,2017,1,1,0,1,2,0,2,6,20,11,0,5,0,14,0,3,0,6,83
Manipur,Chandel,2018,1,1,0,1,4,0,1,5,16,9,2,3,0,13,0,2,0,4,76
Manipur,Chandel,2019,1,1,0,2,5,0,1,3,13,4,2,5,0,13,0,4,0,4,82
Manipur,Chandel,2020,1,1,0,1,2,0,0,4,12,6,0,6,0,7,0,2,0,3,61
Manipur,Chandel,2021,1,1,0,1,5,0,0,3,13,6,1,6,0,16,0,4,1,6,76
Manipur,Chandel,2022,1,1,0,1,4,0,1,4,17,10,1,7,0,15,0,5,1,4,83
Manipur,Churachandpur,2015,1,1,0,4,8,0,3,7,33,21,5,6,0,18,1,8,1,11,147
Manipur,Churachandpur,2016,1,1,0,3,5,0,4,6,25,14,4,8,0,21,0,5,1,12,155
Manipur,Churachandpur,2017,2,2,0,3,9,0,3,12,32,16,4,8,0,20,1,7,1,9,149
Manipur,Churachandpur,2018,2,1,0,4,5,0,2,7,38,16,3,7,1,23,0,8,2,9,149
Manipur,Churachandpur,2019,3,3,0,2,8,0,2,11,41,23,5,11,0,21,0,6,1,8,170
Manipur,Churachandpur,2020,2,2,0,2,8,0,2,5,27,14,4,11,1,18,0,7,1,8,130
Manipur,Churachandpur,2021,3,2,0,4,7,0,3,10,39,21,2,15,1,32,0,9,1,11,182
Manipur,Churachandpur,2022,2,2,0,3,6,0,2,11,30,13,4,15,1,18,0,6,1,7,151
Manipur,Imphal(East),2015,8,8,1,16,23,0,8,33,156,80,21,31,2,100,2,35,8,42,659
Manipur,Imphal(East),2016,9,9,1,12,38,0,6,34,158,77,8,32,2,69,1,32,9,46,628
Manipur,Imphal(East),2017,10,10,1,14,18,2,11,37,117,68,15,39,5,89,3,33,7,29,603
Manipur,Imphal(East),2018,8,8,1,9,43,2,15,31,157,72,10,37,5,123,2,26,8,38,688
Manipur,Imphal(East),2019,8,8,1,18,21,2,13,45,90,40,17,29,5,116,4,25,5,42,580
Manipur,Imphal(East),2020,8,6,1,7,31,1,13,21,76,37,12,49,1,102,2,28,6,30,502
Manipur,Imphal(East),2021,7,8,1,14,31,2,12,39,83,39,14,50,2,80,4,29,5,32,529
Manipur,Imphal(East),2022,11,10,2,12,25,1,13,42,105,46,15,55,6,106,2,39,12,27,617
Manipur,Imphal(West),2015,20,17,4,25,52,1,20,94,179,105,34,68,8,153,8,79,20,82,1139
Manipur,Imphal(West),2016,24,23,5,32,61,2,26,59,309,123,13,75,4,253,9,68,18,57,1340
Manipur,Imphal(West),2017,23,29,3,19,32,2,14,95,269,168,29,56,8,163,6,74,20,73,1244
Manipur,Imphal(West),2018,22,18,4,34,77,4,28,62,301,179,21,58,10,234,5,45,10,102,1387
Manipur,Imphal(West),2019,21,23,2,36,58,2,19,71,250,120,42,71,8,212,7,75,24,59,1277
Manipur,Imphal(West),2020,19,23,3,24,61,1,13,79,237,117,23,98,4,144,4,52,17,52,1117
Manipur,Imphal(West),2021,15,14,2,34,60,5,23,64,244,130,17,116,8,201,11,79,17,98,1315
Manipur,Imphal(West),2022,18,15,2,23,53,3,33,64,302,109,13,100,15,197,4,54,18,73,1288
Manipur,Senapati,2015,2,1,0,3,7,0,2,10,23,14,1,7,0,15,0,8,1,10,130
Manipur,Senapati,2016,2,2,0,2,7,0,3,5,34,18,3,7,0,17,0,8,2,9,137
Manipur,Senapati,2017,2,2,0,2,7,0,3,10,20,12,4,8,1,27,0,4,1,10,133
Manipur,Senapati,2018,2,2,0,2,8,0,3,6,32,16,5,8,1,18,0,7,1,7,138
Manipur,Senapati,2019,1,1,0,3,4,0,3,8,32,12,4,7,1,26,0,6,1,7,136
Manipur,Senapati,2020,1,1,0,1,3,0,1,4,18,10,3,10,0,17,0,4,1,5,102
Manipur,Senapati,2021,2,2,0,4,7,0,1,5,27,12,1,11,0,28,1,6,2,9,137
Manipur,Senapati,2022,2,2,0,3,7,0,2,6,29,18,3,10,1,26,0,4,1,8,141
Manipur,Tamenglong,2015,1,1,0,1,6,0,1,8,30,13,2,6,1,16,0,5,1,10,120
Manipur,Tamenglong,2016,2,2,0,2,4,0,3,8,19,9,4,7,0,16,0,5,0,7,127
Manipur,Tamenglong,2017,2,2,0,2,6,0,3,6,36,15,5,7,1,26,0,7,1,8,147
Manipur,Tamenglong,2018,2,1,0,4,6,0,3,8,23,9,5,9,1,20,1,5,1,9,141
Manipur,Tamenglong,2019,3,3,0,2,9,0,3,7,37,23,5,9,0,27,0,4,0,5,157
Manipur,Tamenglong,2020,2,2,0,3,7,0,2,7,29,15,3,8,1,19,0,7,2,7,130
Manipur,Tamenglong,2021,1,1,0,4,7,0,2,8,26,12,1,11,0,21,0,5,1,5,123
Manipur,Tamenglong,2022,2,2,0,2,9,0,3,12,30,16,3,12,1,18,0,10,3,8,153
Manipur,Thoubal,2015,16,20,3,27,43,2,19,67,160,58,18,46,3,193,4,50,7,59,930
Manipur,Thoubal,2016,12,11,2,14,33,2,19,43,185,75,22,59,8,138,4,51,15,48,866
Manipur,Thoubal,2017,17,23,2,25,25,2,21,41,224,87,8,50,6,148,4,40,11,64,925
Manipur,Thoubal,2018,16,17,2,14,58,4,15,75,215,78,32,54,10,183,2,51,14,42,1026
Manipur,Thoubal,2019,12,15,2,27,39,1,10,73,231,146,32,63,4,171,6,49,10,49,1072
Manipur,Thoubal,2020,11,10,2,19,35,3,20,56,140,77,9,71,5,119,2,32,5,55,776
Manipur,Thoubal,2021,15,15,1,25,41,1,12,72,194,112,25,98,4,176,8,30,6,79,1052
Manipur,Thoubal,2022,12,10,2,22,30,3,24,71,174,78,18,75,9,161,4,39,8,62,955
Manipur,Ukhrul,2015,1,1,0,1,3,0,0,4,13,7,1,3,0,9,0,3,0,3,57
Manipur,Ukhrul,2016,1,1,0,1,3,0,1,3,16,9,1,3,0,11,0,3,1,4,67
Manipur,Ukhrul,2017,1,1,0,1,1,0,0,2,15,8,1,3,0,9,0,3,0,2,59
Manipur,Ukhrul,2018,1,1,0,1,2,0,1,5,12,5,2,3,0,8,0,4,0,3,65
Manipur,Ukhrul,2019,1,1,0,1,2,0,1,3,13,7,1,4,0,8,0,2,0,5,62
Manipur,Ukhrul,2020,1,1,0,1,3,0,0,4,10,4,1,5,0,7,0,2,0,4,56
Manipur,Ukhrul,2021,1,1,0,1,2,0,1,5,13,7,2,6,0,12,0,3,1,2,66
Manipur,Ukhrul,2022,1,1,0,1,3,0,0,5,14,5,2,7,0,9,0,3,0,3,71
Meghalaya,Garo Hills East,2015,2,2,0,3,6,0,2,11,36,19,5,11,1,32,0,6,1,9,170
Meghalaya,Garo Hills East,2016,3,3,0,6,10,0,4,16,40,23,4,11,1,31,1,8,2,10,201
Meghalaya,Garo Hills East,2017,3,2,0,5,8,0,2,8,30,13,3,12,1,30,1,11,3,8,181
Meghalaya,Garo Hills East,2018,3,2,0,6,10,0,4,11,34,17,2,9,1,37,0,6,1,16,198
Meghalaya,Garo Hills East,2019,4,4,0,3,12,0,4,9,29,14,2,12,1,39,0,6,1,12,198
Meghalaya,Garo Hills East,2020,2,2,0,3,7,0,4,9,39,21,1,15,1,18,0,7,1,11,162
Meghalaya,Garo Hills East,2021,3,3,0,2,6,0,3,14,43,20,1,13,1,34,0,7,2,10,187
Meghalaya,Garo Hills East,2022,3,3,0,6,6,0,5,10,30,19,5,15,2,41,1,10,2,8,197
Meghalaya,Garo Hills South,2015,3,4,0,4,8,0,2,7,43,17,2,9,1,38,0,12,1,15,194
Meghalaya,Garo Hills South,2016,2,2,0,5,8,0,4,11,27,13,2,10,1,24,1,7,2,8,175
Meghalaya,Garo Hills South,2017,3,3,0,3,10,0,3,12,39,16,4,13,2,36,0,12,1,9,195
Meghalaya,Garo Hills South,2018,3,2,0,3,10,0,5,13,48,23,4,14,1,25,0,10,3,8,201
Meghalaya,Garo Hills South,2019,3,3,0,4,6,0,4,10,36,23,3,12,1,23,0,9,2,14,192
Meghalaya,Garo Hills South,2020,3,3,0,4,8,0,2,7,23,14,5,12,1,18,1,5,1,7,153
Meghalaya,Garo Hills South,2021,2,2,0,6,6,0,2,10,37,15,5,18,0,31,1,6,1,14,183
Meghalaya,Garo Hills South,2022,3,3,0,5,11,0,2,16,48,27,2,16,1,24,0,7,1,15,209
Meghalaya,Garo Hills West,2015,8,6,1,10,26,2,7,35,92,45,5,32,3,119,3,32,10,30,547
Meghalaya,Garo Hills West,2016,12,10,2,20,31,0,11,49,116,55,19,40,6,121,3,32,5,24,646
Meghalaya,Garo Hills West,2017,7,5,1,10,24,0,8,31,87,40,17,28,3,112,3,28,7,48,540
Meghalaya,Garo Hills West,2018,9,12,1,10,28,2,15,45,141,57,6,38,5,68,1,36,10,42,609
Meghalaya,Garo Hills West,2019,12,15,2,11,36,1,9,44,122,63,22,32,2,121,2,34,9,23,647
Meghalaya,Garo Hills West,2020,8,10,1,15,20,2,8,36,75,35,18,50,3,73,2,28,8,23,485
Meghalaya,Garo Hills West,2021,8,9,1,9,17,2,12,24,116,48,7,50,4,69,2,32,7,30,546
Meghalaya,Garo Hills West,2022,11,13,1,8,21,2,13,24,142,69,19,59,5,85,1,26,8,43,638
Meghalaya,Jaintia Hills,2015,9,12,2,12,24,0,12,34,86,48,5,29,3,51,2,18,6,29,445
Meghalaya,Jaintia Hills,2016,6,6,0,6,18,1,9,26,95,40,13,26,1,62,1,17,4,17,408
Meghalaya,Jaintia Hills,2017,8,11,1,13,14,0,4,29,110,67,10,26,4,54,4,27,5,26,472
Meghalaya,Jaintia Hills,2018,6,6,0,11,28,1,6,24,85,53,14,22,2,70,1,19,4,27,440
Meghalaya,Jaintia Hills,2019,7,7,1,14,27,1,4,26,87,39,9,21,4,74,3,20,4,36,447
Meghalaya,Jaintia Hills,2020,5,4,0,11,22,1,3,23,67,42,8,27,1,48,2,17,3,23,359
Meghalaya,Jaintia Hills,2021,6,5,0,8,22,1,10,21,78,43,8,42,3,94,1,17,3,28,455
Meghalaya,Jaintia Hills,2022,8,9,1,12,29,1,11,29,101,41,8,39,1,64,2,29,9,30,487
Meghalaya,Khasi Hills East,2015,23,31,2,40,45,2,34,91,254,146,21,89,13,272,12,46,12,109,1434
Meghalaya,Khasi Hills East,2016,27,21,5,28,75,6,38,78,226,102,24,104,17,287,9,98,16,88,1499
Meghalaya,Khasi Hills East,2017,22,20,4,37,82,3,19,102,221,109,43,67,15,186,10,82,24,100,1364
Meghalaya,Khasi Hills East,2018,30,41,7,40,92,7,37,83,399,183,26,74,11,207,12,63,10,105,1654
Meghalaya,Khasi Hills East,2019,25,30,3,38,45,3,27,62,232,131,30,99,7,199,12,74,20,83,1404
Meghalaya,Khasi Hills East,2020,18,21,4,19,79,3,15,64,216,121,40,88,12,205,6,75,17,100,1279
Meghalaya,Khasi Hills East,2021,24,20,3,25,84,4,28,134,369,183,49,110,8,313,8,72,17,73,1749
Meghalaya,Khasi Hills East,2022,30,31,3,22,51,6,14,79,336,172,31,104,12,178,4,57,9,86,1446
Meghalaya,Khasi Hills West,2015,4,3,0,4,18,0,6,19,70,30,4,14,2,53,0,15,3,12,296
Meghalaya,Khasi Hills West,2016,3,3,0,9,11,1,3,11,47,23,10,18,0,50,2,18,4,15,287
Meghalaya,Khasi Hills West,2017,4,4,0,7,19,0,5,22,80,33,7,15,1,36,1,9,2,12,300
Meghalaya,Khasi Hills West,2018,3,2,0,4,15,0,8,11,78,38,7,16,1,47,1,19,6,13,312
Meghalaya,Khasi Hills West,2019,6,5,0,4,16,0,6,14,77,41,10,16,2,62,1,17,4,18,342
Meghalaya,Khasi Hills West,2020,4,3,0,4,13,1,4,22,59,29,6,20,1,55,0,11,2,18,291
Meghalaya,Khasi Hills West,2021,5,6,1,6,19,0,6,25,67,33,4,30,2,59,1,16,3,24,350
Meghalaya,Khasi Hills West,2022,4,3,0,9,10,0,7,15,85,43,9,32,2,43,2,22,6,13,353
Meghalaya,Ri-Bhoi,2015,6,5,1,11,17,1,8,17,83,31,11,28,2,81,3,13,4,29,411
Meghalaya,Ri-Bhoi,2016,5,5,0,9,13,1,10,29,95,47,5,22,3,78,1,14,2,17,412
Meghalaya,Ri-Bhoi,2017,6,6,0,7,22,0,11,29,74,43,7,21,1,57,2,13,3,34,397
Meghalaya,Ri-Bhoi,2018,6,6,1,7,15,1,8,25,65,23,7,30,3,62,2,13,4,30,420
Meghalaya,Ri-Bhoi,2019,5,5,1,11,24,0,5,20,99,35,8,25,4,82,2,28,5,19,439
Meghalaya,Ri-Bhoi,2020,5,5,1,9,17,0,8,32,98,60,9,27,2,65,2,12,3,24,433
Meghalaya,Ri-Bhoi,2021,7,6,1,10,17,1,11,27,71,30,13,28,2,65,2,16,4,15,390
Meghalaya,Ri-Bhoi,2022,7,9,0,9,17,1,9,23,109,68,14,33,2,71,1,25,4,26,488
Mizoram,Aizawl,2015,20,24,2,24,74,2,23,131,401,143,41,77,7,204,4,95,28,80,1602
Mizoram,Aizawl,2016,24,22,3,42,76,7,29,62,415,172,30,79,8,284,9,52,9,80,1629
Mizoram,Aizawl,2017,31,27,7,40,123,5,52,79,399,184,20,124,12,261,11,82,15,74,1813
Mizoram,Aizawl,2018,31,25,6,41,71,7,36,99,436,228,19,78,5,289,10,54,12,107,1794
Mizoram,Aizawl,2019,24,31,5,35,76,7,41,119,302,140,39,104,5,354,7,78,17,144,1780
Mizoram,Aizawl,2020,19,26,3,32,90,2,20,69,349,184,27,132,13,290,6,63,10,67,1605
Mizoram,Aizawl,2021,29,37,4,50,88,7,21,136,269,142,19,119,17,275,7,98,24,76,1657
Mizoram,Aizawl,2022,20,22,4,27,83,5,22,85,296,147,62,149,18,210,9,55,12,108,1648
Mizoram,Champhai,2015,4,5,0,9,14,0,7,24,78,38,3,19,1,64,2,18,4,24,365
Mizoram,Champhai,2016,5,6,0,8,23,0,10,27,90,57,9,18,3,78,1,15,4,21,431
Mizoram,Champhai,2017,6,7,1,5,23,0,7,19,70,36,6,24,2,49,0,13,2,24,371
Mizoram,Champhai,2018,5,5,1,14,27,1,12,21,83,48,15,27,3,81,4,28,5,31,474
Mizoram,Champhai,2019,4,4,0,6,23,1,4,17,87,39,7,21,2,65,1,23,5,31,399
Mizoram,Champhai,2020,4,4,0,6,20,1,8,13,86,54,6,24,2,61,1,14,4,22,378
Mizoram,Champhai,2021,7,8,0,11,12,1,7,29,78,33,12,33,3,51,2,23,7,22,394
Mizoram,Champhai,2022,4,4,0,11,20,1,5,30,96,53,12,36,4,52,2,18,3,21,432
Mizoram,Kolasib,2015,7,7,1,6,17,1,8,18,53,26,4,21,3,54,1,11,2,27,355
Mizoram,Kolasib,2016,5,4,0,12,26,0,12,35,83,31,12,27,1,65,3,18,5,23,424
Mizoram,Kolasib,2017,4,4,0,8,25,1,10,32,81,43,10,23,3,71,2,26,7,19,426
Mizoram,Kolasib,2018,7,9,1,6,12,0,7,34,68,37,9,21,2,58,1,21,4,22,396
Mizoram,Kolasib,2019,7,9,1,9,30,1,11,30,96,50,4,26,2,69,1,13,4,22,451
Mizoram,Kolasib,2020,5,4,0,5,13,1,7,20,63,29,5,32,2,67,1,24,6,22,362
Mizoram,Kolasib,2021,7,6,1,7,12,1,6,28,98,52,13,36,4,80,2,20,4,22,454
Mizoram,Kolasib,2022,7,5,1,14,25,0,4,36,94,54,13,45,5,86,2,17,4,21,497
Mizoram,Lawngtlai,2015,2,2,0,3,5,0,3,6,23,12,3,7,1,21,0,8,1,6,130
Mizoram,Lawngtlai,2016,2,1,0,2,6,0,3,5,25,12,1,8,1,19,0,3,0,10,126
Mizoram,Lawngtlai,2017,1,1,0,1,7,0,3,6,27,12,4,7,0,21,0,5,0,6,131
Mizoram,Lawngtlai,2018,3,3,0,2,8,0,2,12,39,22,3,8,1,27,0,7,2,11,172
Mizoram,Lawngtlai,2019,2,2,0,3,8,0,4,11,35,13,3,9,0,24,0,4,0,9,152
Mizoram,Lawngtlai,2020,1,1,0,2,3,0,1,6,26,13,3,10,1,23,0,6,1,9,123
Mizoram,Lawngtlai,2021,1,1,0,4,7,0,1,7,31,19,2,10,1,19,0,7,1,6,137
Mizoram,Lawngtlai,2022,1,1,0,4,8,0,3,11,22,8,2,12,0,31,1,9,2,7,149
Mizoram,Lunglei,2015,4,4,0,4,8,0,6,20,45,28,9,12,1,41,1,10,3,20,250
Mizoram,Lunglei,2016,3,3,0,4,11,1,2,9,42,23,2,11,1,37,1,10,2,17,242
Mizoram,Lunglei,2017,4,3,0,5,13,1,5,14,60,24,7,18,1,34,1,15,3,15,267
Mizoram,Lunglei,2018,3,3,0,8,11,0,4,18,43,18,8,16,1,34,1,14,2,17,256
Mizoram,Lunglei,2019,4,4,0,6,17,0,7,11,53,21,5,13,2,32,1,15,4,22,263
Mizoram,Lunglei,2020,4,4,0,3,8,0,4,16,50,26,5,18,2,33,0,9,2,13,228
Mizoram,Lunglei,2021,3,3,0,6,12,0,6,11,56,31,6,20,1,35,1,7,1,20,256
Mizoram,Lunglei,2022,4,3,0,6,14,0,7,21,65,39,2,23,1,50,1,16,4,20,315
Mizoram,Mamit,2015,2,2,0,3,10,0,2,11,34,20,4,12,1,27,0,12,1,10,195
Mizoram,Mamit,2016,3,3,0,3,9,0,1,7,28,10,2,12,1,24,0,11,1,13,177
Mizoram,Mamit,2017,3,2,0,5,12,0,3,9,38,16,6,13,1,29,1,11,2,9,201
Mizoram,Mamit,2018,4,4,0,4,10,0,4,14,49,28,2,12,2,39,0,9,1,9,221
Mizoram,Mamit,2019,3,3,0,6,8,0,2,11,47,22,7,12,0,35,1,9,3,9,208
Mizoram,Mamit,2020,3,3,0,3,9,0,2,13,29,16,2,17,1,25,0,9,1,14,172
Mizoram,Mamit,2021,3,4,0,3,11,0,3,8,49,30,5,17,1,39,0,10,2,7,220
Mizoram,Mamit,2022,2,2,0,3,9,0,5,18,40,15,5,18,1,29,1,12,3,10,207
Mizoram,Saiha,2015,1,1,0,2,5,0,1,5,24,14,1,5,0,17,0,4,0,8,102
Mizoram,Saiha,2016,1,1,0,2,4,0,1,5,15,9,1,5,0,13,0,5,1,5,93
Mizoram,Saiha,2017,1,1,0,1,6,0,1,5,24,13,2,5,0,16,0,5,1,6,101
Mizoram,Saiha,2018,1,1,0,2,4,0,2,6,19,11,3,5,0,22,0,4,1,6,105
Mizoram,Saiha,2019,2,2,0,2,7,0,3,6,19,9,1,6,1,16,0,6,1,5,110
Mizoram,Saiha,2020,1,1,0,2,4,0,1,7,21,11,2,8,0,14,0,4,1,4,94
Mizoram,Saiha,2021,1,1,0,3,5,0,1,4,18,7,2,10,0,18,0,5,1,5,104
Mizoram,Saiha,2022,1,1,0,3,5,0,2,6,20,9,3,9,1,12,0,6,1,8,101
Mizoram,Serchhip,2015,1,1,0,4,6,0,1,7,35,18,2,7,0,26,1,4,0,7,140
Mizoram,Serchhip,2016,1,1,0,4,8,0,4,12,39,24,4,10,1,24,0,6,1,14,177
Mizoram,Serchhip,2017,3,4,0,3,6,0,4,6,27,15,6,7,1,23,0,10,2,10,164
Mizoram,Serchhip,2018,3,3,0,3,11,0,4,7,38,20,5,10,1,23,0,10,1,14,178
Mizoram,Serchhip,2019,3,3,0,4,10,0,3,7,36,22,3,9,0,28,0,7,1,7,167
Mizoram,Serchhip,2020,1,1,0,4,4,0,2,8,29,16,3,10,1,25,0,6,1,9,143
Mizoram,Serchhip,2021,3,3,0,4,9,0,4,10,31,11,3,13,1,27,0,7,1,11,161
Mizoram,Serchhip,2022,3,3,0,3,6,0,2,13,41,17,3,18,1,28,0,9,1,14,188
Nagaland,Dimapur,2015,8,9,1,20,37,1,14,31,161,81,15,36,7,102,6,48,13,53,751
Nagaland,Dimapur,2016,14,16,1,14,49,1,7,38,130,79,8,42,4,157,3,33,6,34,750
Nagaland,Dimapur,2017,14,18,2,15,41,1,8,29,168,72,17,45,6,112,3,30,5,47,741
Nagaland,Dimapur,2018,11,9,2,21,40,1,10,47,115,71,27,38,2,122,4,28,6,37,701
Nagaland,Dimapur,2019,15,18,2,19,46,3,15,39,191,84,29,38,6,148,5,47,14,54,885
Nagaland,Dimapur,2020,13,13,2,10,24,2,10,47,165,86,15,56,3,103,3,34,10,39,728
Nagaland,Dimapur,2021,14,15,2,17,31,3,18,62,122,73,15,57,6,92,5,43,11,43,739
Nagaland,Dimapur,2022,11,9,1,13,47,1,19,33,137,48,25,66,6,155,4,51,12,52,805
Nagaland,Kiphire,2015,1,1,0,1,1,0,0,2,5,3,0,2,0,4,0,1,0,1,25
Nagaland,Kiphire,2016,1,1,0,1,1,0,0,2,5,2,0,2,0,3,0,1,0,1,23
Nagaland,Kiphire,2017,1,1,0,1,1,0,0,2,5,2,0,2,0,3,0,1,0,1,23
Nagaland,Kiphire,2018,1,1,0,1,1,0,0,2,5,2,0,2,0,3,0,1,0,1,23
Nagaland,Kiphire,2019,1,1,0,1,1,0,0,2,5,2,0,2,0,3,0,1,0,1,23
Nagaland,Kiphire,2020,1,1,0,1,1,0,0,2,5,2,0,2,0,3,0,1,0,1,23
Nagaland,Kiphire,2021,1,1,0,1,1,0,0,2,5,2,0,2,0,4,0,1,0,1,24
Nagaland,Kiphire,2022,1,1,0,1,1,0,0,2,5,2,0,2,0,3,0,1,0,1,23
Nagaland,Kohima,2015,3,2,0,3,13,0,3,17,43,23,2,10,1,34,0,10,3,15,217
Nagaland,Kohima,2016,3,2,0,8,14,1,4,15,37,15,2,12,1,43,2,14,2,10,233
Nagaland,Kohima,2017,4,4,0,8,13,0,3,21,58,31,2,13,2,44,2,15,4,11,271
Nagaland,Kohima,2018,3,4,0,4,11,0,5,17,61,25,5,17,1,52,1,12,3,12,273
Nagaland,Kohima,2019,5,6,0,8,11,1,7,18,70,24,3,15,1,46,2,9,2,16,286
Nagaland,Kohima,2020,3,2,0,4,10,0,6,11,45,22,7,19,1,35,1,7,1,16,222
Nagaland,Kohima,2021,5,5,0,8,9,1,7,10,44,24,7,19,2,56,1,15,2,21,274
Nagaland,Kohima,2022,5,5,0,8,10,0,2,18,66,37,4,23,1,36,1,10,2,22,287
Nagaland,Mokokchung,2015,1,1,0,2,3,0,2,5,16,6,2,4,0,11,0,2,0,5,70
Nagaland,Mokokchung,2016,1,1,0,2,4,0,1,4,11,5,1,4,0,9,0,2,0,5,69
Nagaland,Mokokchung,2017,1,1,0,2,4,0,0,3,16,7,1,4,0,14,0,4,1,4,74
Nagaland,Mokokchung,2018,1,1,0,1,3,0,2,6,15,8,1,4,0,10,0,2,0,4,80
Nagaland,Mokokchung,2019,1,1,0,2,2,0,1,6,13,5,2,5,0,17,0,3,0,3,78
Nagaland,Mokokchung,2020,1,1,0,2,2,0,1,4,16,6,2,6,0,12,0,3,0,4,69
Nagaland,Mokokchung,2021,1,1,0,1,3,0,1,4,17,7,1,7,0,13,0,2,0,4,74
Nagaland,Mokokchung,2022,1,1,0,1,5,0,1,3,15,7,1,6,0,16,0,3,0,5,76
Nagaland,Mon,2015,1,1,0,1,1,0,0,2,6,3,0,2,0,7,0,1,0,2,37
Nagaland,Mon,2016,1,1,0,1,1,0,0,3,8,3,1,2,0,5,0,2,0,1,42
Nagaland,Mon,2017,1,1,0,1,2,0,0,2,7,2,1,2,0,8,0,1,0,2,40
Nagaland,Mon,2018,1,1,0,1,2,0,0,3,9,5,0,2,0,9,0,2,0,3,44
Nagaland,Mon,2019,1,1,0,1,1,0,1,3,8,3,0,2,0,7,0,2,0,2,46
Nagaland,Mon,2020,1,1,0,1,1,0,0,2,6,3,0,2,0,6,0,1,0,1,34
Nagaland,Mon,2021,1,1,0,1,1,0,1,3,9,4,1,3,0,5,0,2,0,1,41
Nagaland,Mon,2022,1,1,0,1,1,0,0,2,9,3,0,3,0,7,0,3,0,2,47
Nagaland,Peren,2015,1,1,0,1,1,0,0,2,5,2,0,2,0,3,0,1,0,1,23
Nagaland,Peren,2016,1,1,0,1,1,0,0,2,5,2,0,2,0,4,0,1,0,1,24
Nagaland,Peren,2017,1,1,0,1,1,0,0,2,5,2,0,2,0,4,0,1,0,1,24
Nagaland,Peren,2018,1,1,0,1,1,0,0,2,5,2,0,2,0,3,0,1,0,1,23
Nagaland,Peren,2019,1,1,0,1,1,0,0,2,5,2,0,2,0,4,0,1,0,1,24
Nagaland,Peren,2020,1,1,0,1,1,0,0,2,5,2,0,2,0,3,0,1,0,1,23
Nagaland,Peren,2021,1,1,0,1,1,0,0,2,5,2,0,2,0,4,0,1,0,1,24
Nagaland,Peren,2022,1,1,0,1,1,0,0,2,5,2,0,2,0,3,0,1,0,1,23
Nagaland,Phek,2015,1,1,0,2,3,0,1,6,13,7,0,4,0,12,0,5,1,7,82
Nagaland,Phek,2016,1,1,0,1,5,0,0,7,24,8,1,5,0,15,0,2,0,7,90
Nagaland,Phek,2017,1,1,0,3,4,0,1,7,19,11,1,4,0,13,0,5,0,5,94
Nagaland,Phek,2018,1,1,0,2,5,0,1,6,15,5,3,6,1,11,0,4,1,5,93
Nagaland,Phek,2019,1,1,0,1,5,0,0,4,21,8,1,5,0,20,0,4,1,5,93
Nagaland,Phek,2020,1,1,0,2,2,0,2,2,18,7,2,5,0,11,0,3,0,4,72
Nagaland,Phek,2021,1,1,0,3,3,0,1,7,15,5,2,8,0,15,0,3,0,7,96
Nagaland,Phek,2022,1,1,0,2,3,0,2,6,18,10,1,7,0,14,0,3,1,4,90
Nagaland,Tuensang,2015,1,1,0,1,2,0,1,4,14,9,1,2,0,8,0,3,0,3,58
Nagaland,Tuensang,2016,1,1,0,1,3,0,0,3,10,4,1,3,0,7,0,3,0,4,54
Nagaland,Tuensang,2017,1,1,0,1,3,0,0,2,8,3,1,3,0,6,0,3,0,2,54
Nagaland,Tuensang,2018,1,1,0,1,1,0,1,3,14,8,1,2,0,7,0,2,0,2,57
Nagaland,Tuensang,2019,1,1,0,1,3,0,0,4,12,6,1,3,0,11,0,3,1,4,59
Nagaland,Tuensang,2020,1,1,0,1,3,0,0,3,8,5,0,4,0,6,0,3,0,2,48
Nagaland,Tuensang,2021,1,1,0,1,2,0,1,4,10,6,0,5,0,6,0,2,0,2,50
Nagaland,Tuensang,2022,1,1,0,1,2,0,1,4,10,4,2,5,0,12,0,3,0,3,57
Nagaland,Wokha,2015,1,1,0,1,5,0,2,6,26,16,3,7,1,12,0,5,0,4,105
Nagaland,Wokha,2016,1,1,0,2,6,0,2,7,17,9,1,6,1,19,0,3,0,5,105
Nagaland,Wokha,2017,1,1,0,3,4,0,2,6,17,10,2,7,0,12,0,4,1,9,102
Nagaland,Wokha,2018,1,1,0,3,6,0,1,8,24,9,3,5,0,16,0,4,1,6,103
Nagaland,Wokha,2019,1,1,0,3,5,0,2,5,17,7,2,5,0,21,0,4,1,8,106
Nagaland,Wokha,2020,1,1,0,3,3,0,1,7,19,10,3,7,0,20,1,6,1,5,102
Nagaland,Wokha,2021,1,1,0,2,4,0,2,4,21,9,2,11,1,17,0,7,2,9,111
Nagaland,Wokha,2022,1,1,0,2,7,0,2,7,25,15,1,8,0,21,0,4,0,7,116
Nagaland,Zunheboto,2015,2,2,0,2,7,0,3,9,31,17,4,6,0,18,0,4,1,8,132
Nagaland,Zunheboto,2016,1,1,0,3,8,0,3,6,20,9,4,6,0,24,0,4,1,7,128
Nagaland,Zunheboto,2017,2,2,0,3,7,0,2,5,27,13,2,5,0,23,0,4,0,5,117
Nagaland,Zunheboto,2018,2,2,0,3,5,0,1,6,26,15,3,6,0,17,0,5,0,7,122
Nagaland,Zunheboto,2019,2,1,0,2,4,0,1,7,34,18,2,6,1,16,0,7,2,7,129
Nagaland,Zunheboto,2020,1,1,0,2,3,0,2,8,23,11,3,10,0,20,0,3,0,5,106
Nagaland,Zunheboto,2021,1,1,0,2,3,0,2,6,19,9,1,12,0,16,0,4,1,9,123
Nagaland,Zunheboto,2022,1,1,0,3,4,0,2,9,31,11,3,12,1,26,0,8,1,8,139
Odisha,Angul,2015,61,52,9,53,166,6,80,156,743,366,46,156,28,586,8,135,46,118,3240
Odisha,Angul,2016,50,62,5,106,188,8,59,285,573,270,59,171,10,396,35,128,37,228,3243
Odisha,Angul,2017,68,78,14,61,173,6,98,191,910,462,123,203,38,476,10,129,20,217,3769
Odisha,Angul,2018,48,41,6,85,116,5,96,208,661,287,63,172,35,525,27,214,48,270,3416
Odisha,Angul,2019,45,62,10,93,123,15,76,217,498,278,113,172,23,466,23,167,43,244,3321
Odisha,Angul,2020,48,42,6,41,136,8,54,208,400,140,39,232,17,389,12,86,15,152,2531
Odisha,Angul,2021,53,57,10,59,174,6,64,132,666,312,41,249,26,630,10,102,30,264,3333
Odisha,Angul,2022,59,74,14,103,228,7,95,178,760,378,109,351,32,594,20,109,18,292,3915
Odisha,Balasore,2015,61,83,11,122,283,16,96,305,1081,602,123,218,35,895,29,198,52,219,5066
Odisha,Balasore,2016,60,72,12,109,225,7,75,194,1028,597,169,230,17,704,30,262,88,266,4803
Odisha,Balasore,2017,63,82,12,118,305,16,101,385,1239,651,163,246,51,1005,36,157,33,432,5825
Odisha,Balasore,2018,65,77,10,112,287,18,126,375,917,356,68,299,30,939,19,309,101,250,5037
Odisha,Balasore,2019,76,71,9,136,332,5,90,296,1068,675,65,344,41,677,39,332,55,282,5331
Odisha,Balasore,2020,46,42,8,97,145,10,41,238,876,404,141,394,33,490,21,187,60,235,4040
Odisha,Balasore,2021,89,81,20,79,152,15,50,397,1234,471,154,443,34,700,21,269,75,341,5310
Odisha,Balasore,2022,93,109,16,79,238,16,60,380,1060,451,173,485,23,765,12,288,68,194,5190
Odisha,Baragarh,2015,39,40,9,30,80,5,31,129,531,300,69,116,14,318,7,75,16,97,2207
Odisha,Baragarh,2016,35,40,6,56,80,9,48,96,419,255,44,125,12,278,14,91,15,83,1997
Odisha,Baragarh,2017,34,33,6,53,87,6,59,167,358,161,56,128,17,277,13,122,39,113,2074
Odisha,Baragarh,2018,29,37,4,34,97,8,25,82,380,152,77,103,11,252,8,90,29,152,2022
Odisha,Baragarh,2019,41,41,4,45,126,2,39,126,380,172,57,135,14,297,12,81,14,168,2070
Odisha,Baragarh,2020,23,23,3,46,82,7,48,115,423,195,27,165,6,357,11,81,18,67,1950
Odisha,Baragarh,2021,45,36,5,52,118,5,48,85,351,222,41,173,16,338,15,70,13,114,2077
Odisha,Baragarh,2022,32,33,6,38,63,2,53,93,380,193,65,212,18,401,11,95,16,146,2152
Odisha,Berhampur,2015,27,24,4,48,103,4,40,80,396,176,47,93,16,251,9,112,17,86,1798
Odisha,Berhampur,2016,24,33,2,43,114,5,21,112,453,228,31,109,7,214,13,121,37,99,1928
Odisha,Berhampur,2017,40,43,7,52,60,9,48,128,408,205,29,126,6,372,13,99,20,152,2111
Odisha,Berhampur,2018,31,41,4,30,61,6,28,152,451,184,21,126,14,291,8,128,25,94,1983
Odisha,Berhampur,2019,43,59,6,66,85,7,60,168,361,194,58,146,20,354,13,127,32,84,2198
Odisha,Berhampur,2020,20,24,2,34,71,6,42,110,304,167,57,143,17,321,6,100,26,81,1753
Odisha,Berhampur,2021,37,32,4,48,112,2,22,122,285,131,51,159,18,328,13,113,31,135,1920
Odisha,Berhampur,2022,24,29,3,53,109,4,29,161,360,198,64,176,19,317,17,57,19,86,2011
Odisha,Bhadrak,2015,39,46,4,52,110,9,37,124,550,211,43,189,28,537,13,112,31,181,2900
Odisha,Bhadrak,2016,42,48,6,50,87,7,58,163,757,324,49,185,25,504,8,85,23,175,3006
Odisha,Bhadrak,2017,49,42,8,66,130,11,36,216,550,315,48,209,27,455,11,206,57,143,3030
Odisha,Bhadrak,2018,45,44,9,75,149,9,35,182,601,224,59,160,27,424,23,109,23,227,2899
Odisha,Bhadrak,2019,67,75,11,96,111,4,48,130,671,338,64,195,11,469,26,166,32,154,3136
Odisha,Bhadrak,2020,44,45,7,79,186,9,67,161,716,374,68,288,20,361,25,85,16,222,3174
Odisha,Bhadrak,2021,37,44,9,54,154,6,45,199,491,218,83,305,20,506,17,139,46,242,3047
Odisha,Bhadrak,2022,65,56,8,79,190,6,48,253,638,329,95,345,18,546,16,227,77,222,3713
Odisha,Bolangir,2015,45,50,5,82,108,11,77,136,710,409,49,138,17,315,14,158,50,226,2988
Odisha,Bolangir,2016,48,64,10,63,168,6,34,124,645,380,76,139,15,430,20,81,13,129,2820
Odisha,Bolangir,2017,40,51,5,84,100,2,28,138,548,200,48,166,10,515,20,149,49,107,2636
Odisha,Bolangir,2018,57,56,12,74,180,7,72,201,679,293,33,183,16,584,19,89,15,166,3146
Odisha,Bolangir,2019,62,62,14,76,132,6,75,195,746,406,43,195,29,377,16,89,30,118,3101
Odisha,Bolangir,2020,29,23,6,41,148,5,65,134,520,188,25,182,26,426,12,121,20,122,2432
Odisha,Bolangir,2021,48,59,10,41,147,7,53,118,645,279,72,265,16,357,9,141,34,208,2891
Odisha,Bolangir,2022,44,47,4,53,151,12,44,170,537,211,56,227,16,466,8,175,42,229,2877
Odisha,Boudh,2015,11,9,2,11,28,2,14,52,155,89,18,39,5,72,1,20,5,48,671
Odisha,Boudh,2016,10,8,1,16,46,1,20,59,174,75,9,42,3,112,4,34,9,44,768
Odisha,Boudh,2017,11,13,1,14,18,0,7,43,163,66,17,38,6,77,3,34,8,24,633
Odisha,Boudh,2018,11,10,1,10,21,2,18,46,162,66,11,34,3,85,3,44,12,46,682
Odisha,Boudh,2019,14,11,2,21,26,1,11,38,154,54,13,37,3,144,5,39,9,28,710
Odisha,Boudh,2020,10,8,2,15,15,1,6,20,113,50,7,49,5,85,2,31,6,24,523
Odisha,Boudh,2021,10,9,2,14,26,2,12,48,105,64,13,60,6,127,2,25,5,32,655
Odisha,Boudh,2022,8,9,0,10,40,2,11,37,187,95,22,60,6,132,3,31,9,32,795
Odisha,Cuttack,2015,49,50,7,80,153,8,28,252,666,331,63,174,13,364,17,101,24,194,2998
Odisha,Cuttack,2016,34,32,4,76,95,12,28,114,641,322,73,179,28,450,11,126,28,197,2839
Odisha,Cuttack,2017,32,37,4,80,85,10,62,132,704,406,57,178,20,478,14,157,38,195,3084
Odisha,Cuttack,2018,52,64,10,74,201,6,39,224,511,210,34,201,13,543,14,111,29,227,3101
Odisha,Cuttack,2019,43,52,5,78,131,6,49,209,768,450,35,207,20,465,18,150,36,138,3334
Odisha,Cuttack,2020,35,38,8,58,112,2,47,102,371,208,22,232,17,401,19,136,37,180,2353
Odisha,Cuttack,2021,43,53,8,81,178,10,59,122,570,324,47,197,23,378,24,108,24,140,2780
Odisha,Cuttack,2022,66,82,13,81,188,11,89,215,817,432,101,318,37,491,27,130,23,181,3770
Odisha,Deogarh,2015,10,9,1,29,44,1,16,35,132,55,23,51,10,121,5,47,14,61,865
Odisha,Deogarh,2016,13,13,3,16,54,3,24,66,168,66,36,68,10,124,4,44,15,39,994
Odisha,Deogarh,2017,18,22,3,26,31,2,13,37,156,80,10,45,7,161,6,45,8,74,921
Odisha,Deogarh,2018,14,18,3,16,66,2,24,87,150,64,38,67,5,132,2,32,8,67,973
Odisha,Deogarh,2019,23,20,3,34,76,4,23,53,208,79,26,66,3,140,7,47,8,67,1118
Odisha,Deogarh,2020,12,12,1,15,39,0,11,67,153,71,9,58,8,103,2,52,13,44,784
Odisha,Deogarh,2021,19,19,3,19,54,1,12,52,214,100,18,86,8,170,3,36,8,52,1007
Odisha,Deogarh,2022,17,23,2,23,59,1,28,63,167,62,19,78,8,226,3,34,6,84,1083
Odisha,Dhenkanal,2015,37,39,4,42,96,5,52,178,566,329,21,113,19,255,11,115,40,129,2362
Odisha,Dhenkanal,2016,42,46,6,65,128,4,28,80,310,173,23,112,14,327,20,115,25,138,1972
Odisha,Dhenkanal,2017,44,42,10,64,121,10,37,167,475,190,41,159,9,422,11,142,37,185,2501
Odisha,Dhenkanal,2018,42,46,6,62,85,10,55,186,485,218,71,117,15,436,16,88,26,150,2437
Odisha,Dhenkanal,2019,42,44,6,69,161,11,30,117,571,269,93,117,21,481,15,90,28,147,2676
Odisha,Dhenkanal,2020,25,25,4,55,121,8,43,151,402,197,40,137,7,270,12,101,17,90,1971
Odisha,Dhenkanal,2021,47,62,9,48,147,8,63,202,609,238,37,230,22,498,12,139,26,189,2930
Odisha,Dhenkanal,2022,30,37,3,39,72,8,26,134,422,219,82,201,17,464,9,111,38,157,2418
Odisha,Gajapati,2015,5,4,1,12,26,0,8,19,74,45,7,31,1,106,1,31,10,41,495
Odisha,Gajapati,2016,7,8,0,8,17,1,13,42,82,44,14,35,1,97,2,23,4,28,500
Odisha,Gajapati,2017,7,7,1,10,24,0,8,28,123,68,8,32,2,67,1,14,4,28,500
Odisha,Gajapati,2018,9,8,2,7,24,2,12,39,110,62,8,27,1,87,1,23,4,36,536
Odisha,Gajapati,2019,7,6,1,15,16,0,10,20,83,37,7,31,1,74,4,33,10,38,493
Odisha,Gajapati,2020,5,4,1,9,14,1,6,18,93,54,7,34,1,60,1,17,2,27,414
Odisha,Gajapati,2021,8,8,1,10,28,2,8,40,82,41,17,34,2,81,2,23,7,41,505
Odisha,Gajapati,2022,10,11,2,9,23,1,9,32,139,84,18,37,2,69,2,17,3,33,576
Odisha,Ganjam,2015,36,30,6,83,149,10,25,170,586,289,25,151,26,453,23,155,48,104,2738
Odisha,Ganjam,2016,39,33,5,69,106,8,31,130,411,144,26,131,27,405,12,94,14,178,2517
Odisha,Ganjam,2017,53,46,10,87,180,5,74,184,737,451,102,180,8,339,28,188,44,212,3348
Odisha,Ganjam,2018,39,45,9,101,103,7,45,244,649,384,54,179,11,373,21,145,34,151,3031
Odisha,Ganjam,2019,43,35,8,53,161,9,67,225,765,441,92,195,24,423,15,151,26,151,3311
Odisha,Ganjam,2020,43,46,10,75,112,5,65,134,672,363,41,177,11,394,17,73,12,158,2769
Odisha,Ganjam,2021,38,43,4,70,171,12,34,175,680,250,83,257,32,463,12,103,32,188,3092
Odisha,Ganjam,2022,36,41,5,46,120,4,40,199,612,313,35,217,23,403,12,168,37,232,2984
Odisha,Jagatsinghpur,2015,44,43,8,53,147,10,29,134,590,311,82,116,23,360,18,138,36,147,2635
Odisha,Jagatsinghpur,2016,51,65,9,57,135,2,38,143,431,194,73,155,26,330,9,90,28,147,2464
Odisha,Jagatsinghpur,2017,33,34,5,39,171,6,71,185,391,233,45,169,14,522,6,83,13,163,2608
Odisha,Jagatsinghpur,2018,41,33,7,48,80,7,60,137,500,228,67,148,19,541,15,129,20,193,2661
Odisha,Jagatsinghpur,2019,38,52,4,65,93,7,70,248,579,209,88,170,19,374,21,147,31,227,2880
Odisha,Jagatsinghpur,2020,41,55,8,40,65,9,46,140,399,217,73,192,16,355,12,83,18,146,2215
Odisha,Jagatsinghpur,2021,35,38,6,63,110,12,44,188,403,142,30,244,8,500,16,113,27,238,2672
Odisha,Jagatsinghpur,2022,45,38,6,59,103,2,67,139,607,337,70,207,20,328,15,100,25,201,2739
Odisha,Jajpur,2015,72,81,8,96,175,13,69,328,1179,736,153,226,31,815,18,293,84,257,5279
Odisha,Jajpur,2016,86,70,17,107,134,9,67,209,752,278,125,212,19,707,24,158,25,247,4048
Odisha,Jajpur,2017,90,104,18,116,320,9,135,396,826,505,109,256,40,684,18,281,55,259,4927
Odisha,Jajpur,2018,69,77,10,95,160,13,81,310,1077,532,171,330,54,959,15,290,61,337,5354
Odisha,Jajpur,2019,57,56,13,68,269,13,119,374,714,385,144,304,13,826,17,241,45,257,4570
Odisha,Jajpur,2020,49,51,5,116,163,17,93,347,634,333,72,333,12,604,26,256,85,347,4127
Odisha,Jajpur,2021,51,55,8,92,255,19,82,325,782,433,96,298,43,659,22,250,85,276,4450
Odisha,Jajpur,2022,85,88,19,101,147,17,81,273,928,330,64,494,39,901,23,231,74,413,5005
Odisha,Jharsuguda,2015,17,22,3,27,80,6,37,59,355,221,27,71,13,316,4,93,21,125,1714
Odisha,Jharsuguda,2016,19,17,3,33,95,7,20,94,286,101,48,89,12,184,7,87,28,87,1461
Odisha,Jharsuguda,2017,31,26,3,38,74,1,43,63,347,158,49,78,13,239,8,90,14,83,1578
Odisha,Jharsuguda,2018,27,33,4,47,106,7,27,111,300,123,32,92,16,257,11,59,11,68,1597
Odisha,Jharsuguda,2019,30,34,4,28,76,7,47,142,256,123,61,87,13,351,5,91,29,153,1793
Odisha,Jharsuguda,2020,24,21,5,23,58,4,24,83,328,212,26,116,6,270,5,44,12,83,1535
Odisha,Jharsuguda,2021,30,24,4,52,67,3,16,107,302,134,45,142,5,271,10,72,23,69,1641
Odisha,Jharsuguda,2022,25,20,5,45,51,2,30,66,355,177,29,116,7,216,7,46,15,129,1570
Odisha,Kalahandi,2015,24,25,5,49,88,4,57,141,549,244,64,106,16,376,13,123,19,96,2309
Odisha,Kalahandi,2016,27,32,3,63,113,8,30,139,593,329,30,118,13,340,21,126,30,198,2546
Odisha,Kalahandi,2017,44,46,6,64,77,5,56,183,509,226,73,132,22,472,10,87,23,185,2547
Odisha,Kalahandi,2018,46,55,11,60,119,11,34,142,536,238,87,152,22,276,13,79,21,144,2388
Odisha,Kalahandi,2019,30,40,6,47,82,9,72,182,584,217,39,150,18,509,13,142,24,178,2710
Odisha,Kalahandi,2020,30,24,5,63,90,2,19,144,366,206,49,157,14,269,18,93,14,117,1963
Odisha,Kalahandi,2021,36,31,3,54,93,10,62,203,406,218,34,235,21,296,18,109,32,123,2329
Odisha,Kalahandi,2022,50,65,7,75,89,2,34,128,607,312,37,245,19,305,25,97,18,209,2698
Odisha,Kandhamal,2015,23,23,4,37,43,3,15,98,220,96,12,72,6,229,7,42,7,51,1180
Odisha,Kandhamal,2016,17,20,2,24,33,2,28,59,215,96,14,61,9,190,7,74,23,47,1093
Odisha,Kandhamal,2017,15,20,3,32,77,3,21,103,248,121,30,60,11,206,5,70,20,87,1318
Odisha,Kandhamal,2018,17,17,3,37,83,2,30,83,266,127,32,92,9,209,7,74,11,72,1366
Odisha,Kandhamal,2019,20,19,2,20,40,3,34,66,310,135,21,80,13,185,3,46,15,64,1302
Odisha,Kandhamal,2020,13,14,1,26,47,1,28,47,227,133,28,103,5,131,6,64,15,55,1099
Odisha,Kandhamal,2021,15,18,1,20,40,3,27,70,229,112,17,99,8,270,4,71,12,65,1268
Odisha,Kandhamal,2022,19,26,4,30,36,2,32,68,320,173,31,95,5,242,4,66,15,52,1401
Odisha,Kendrapara,2015,44,54,9,70,88,5,49,135,594,379,78,123,7,413,12,76,11,92,2570
Odisha,Kendrapara,2016,43,39,8,41,112,7,36,116,400,257,50,172,24,491,11,130,45,130,2474
Odisha,Kendrapara,2017,32,39,4,79,84,2,66,217,544,299,36,157,10,547,16,127,19,152,2811
Odisha,Kendrapara,2018,50,67,11,37,92,3,69,193,357,204,88,165,26,469,10,91,31,204,2515
Odisha,Kendrapara,2019,45,40,9,84,78,10,60,219,558,320,60,140,16,302,17,90,14,134,2566
Odisha,Kendrapara,2020,36,41,5,68,77,4,51,109,464,275,41,173,16,347,14,120,23,117,2287
Odisha,Kendrapara,2021,46,38,8,41,172,9,39,135,560,355,98,234,29,482,10,123,24,163,2948
Odisha,Kendrapara,2022,45,49,6,45,149,12,46,145,524,310,62,206,28,377,8,105,35,168,2695
Odisha,Keonjhar,2015,39,49,8,70,103,4,40,158,700,382,33,165,17,528,19,92,16,160,2990
Odisha,Keonjhar,2016,39,42,9,92,118,6,68,190,531,241,100,191,11,452,14,138,24,202,2886
Odisha,Keonjhar,2017,49,43,10,49,201,3,82,211,512,209,83,168,12,574,9,189,34,166,3039
Odisha,Keonjhar,2018,57,65,8,63,86,4,47,131,550,269,59,152,17,443,12,148,34,151,2695
Odisha,Keonjhar,2019,57,69,9,64,191,6,64,147,574,209,54,201,32,582,11,150,29,195,3065
Odisha,Keonjhar,2020,44,46,7,78,146,12,35,163,530,285,95,253,27,406,20,109,23,196,2845
Odisha,Keonjhar,2021,44,40,6,48,137,5,51,117,626,313,69,225,14,548,13,103,17,192,2955
Odisha,Keonjhar,2022,33,39,5,75,112,7,49,187,585,251,36,251,15,478,16,88,17,142,2791
Odisha,Khurda,2015,48,43,6,67,70,9,55,110,432,203,65,110,21,422,13,122,21,157,2310
Odisha,Khurda,2016,55,44,9,43,89,9,56,227,671,402,83,163,20,557,9,136,34,118,3109
Odisha,Khurda,2017,45,46,8,43,137,3,48,161,409,222,72,117,15,510,6,103,19,182,2504
Odisha,Khurda,2018,29,26,6,83,92,10,49,180,419,215,61,133,25,476,17,86,14,164,2451
Odisha,Khurda,2019,47,62,10,75,176,9,71,127,557,339,48,171,26,341,18,108,21,167,2773
Odisha,Khurda,2020,44,57,10,46,137,6,32,109,560,322,79,214,10,402,10,104,27,85,2560
Odisha,Khurda,2021,33,32,5,86,93,6,38,169,516,287,84,225,25,554,15,161,35,178,2924
Odisha,Khurda,2022,50,61,11,73,94,9,46,171,497,215,91,275,28,408,18,92,15,125,2671
Odisha,Koraput,2015,22,20,3,25,54,3,26,92,319,168,23,69,10,170,4,56,18,87,1396
Odisha,Koraput,2016,29,26,5,36,81,5,30,109,279,163,53,98,16,216,11,67,14,116,1563
Odisha,Koraput,2017,23,24,5,38,44,6,29,114,222,94,32,88,16,258,8,81,16,104,1469
Odisha,Koraput,2018,31,39,5,46,73,4,28,98,267,169,43,107,5,264,9,48,9,114,1590
Odisha,Koraput,2019,26,33,5,44,102,3,43,104,283,138,51,73,13,272,13,45,13,81,1570
Odisha,Koraput,2020,21,23,3,29,60,4,12,64,251,88,38,111,12,211,8,67,23,76,1271
Odisha,Koraput,2021,20,23,2,37,58,5,19,101,381,236,41,160,8,248,5,105,20,85,1787
Odisha,Koraput,2022,31,35,7,56,80,6,31,93,347,136,27,172,11,351,10,60,14,76,1792
Odisha,Malkangir,2015,9,7,1,8,14,2,13,30,71,41,13,25,4,100,2,25,4,31,469
Odisha,Malkangir,2016,7,8,1,11,30,1,11,40,131,78,18,26,5,93,3,21,5,36,602
Odisha,Malkangir,2017,11,10,1,9,28,2,12,48,133,59,10,40,5,117,2,24,6,41,643
Odisha,Malkangir,2018,9,12,1,10,18,2,8,38,141,60,12,32,4,78,1,17,5,38,565
Odisha,Malkangir,2019,13,13,1,18,26,1,12,48,161,101,20,35,4,96,5,22,7,46,719
Odisha,Malkangir,2020,9,9,1,11,17,1,11,39,102,53,4,34,4,94,3,30,8,18,516
Odisha,Malkangir,2021,7,7,1,13,22,2,12,34,90,53,16,39,3,112,2,18,4,33,545
Odisha,Malkangir,2022,8,6,1,16,37,1,15,49,141,74,6,48,5,111,3,37,11,46,702
Odisha,Mayurbhanj,2015,51,44,5,50,117,10,27,120,466,266,100,142,16,332,12,130,38,194,2697
Odisha,Mayurbhanj,2016,61,62,8,46,146,4,67,194,512,332,75,179,23,507,14,98,19,150,2924
Odisha,Mayurbhanj,2017,54,56,10,92,169,7,79,129,491,224,118,182,29,617,27,151,38,188,3105
Odisha,Mayurbhanj,2018,70,74,10,50,199,11,85,144,579,299,68,216,26,478,15,206,51,137,3352
Odisha,Mayurbhanj,2019,40,48,7,65,137,11,72,220,696,309,68,147,23,426,9,173,52,202,3161
Odisha,Mayurbhanj,2020,47,43,6,74,94,2,57,104,584,333,46,185,17,361,16,149,46,158,2672
Odisha,Mayurbhanj,2021,62,86,7,64,189,5,30,123,675,379,37,212,10,381,13,161,28,236,3131
Odisha,Mayurbhanj,2022,50,61,6,96,168,13,63,274,802,396,120,273,28,702,24,110,34,293,4004
Odisha,Nayagarh,2015,27,23,6,38,57,1,22,87,376,190,39,77,15,318,7,83,20,75,1690
Odisha,Nayagarh,2016,34,35,7,48,63,5,22,81,446,222,26,89,6,270,15,85,29,95,1822
Odisha,Nayagarh,2017,31,28,4,28,93,7,37,95,404,181,20,97,16,227,4,87,26,111,1717
Odisha,Nayagarh,2018,31,41,6,62,94,5,52,131,296,184,38,107,8,315,12,100,28,113,1891
Odisha,Nayagarh,2019,32,32,4,57,118,4,50,103,372,230,33,124,18,310,18,117,38,120,2052
Odisha,Nayagarh,2020,21,24,3,38,69,4,30,72,361,156,51,141,15,187,5,60,9,92,1538
Odisha,Nayagarh,2021,24,25,4,45,75,5,32,97,351,211,51,148,5,225,7,89,26,92,1749
Odisha,Nayagarh,2022,29,29,6,52,73,2,18,119,293,148,42,133,8,296,16,101,22,102,1728
Odisha,Nowrangpur,2015,20,26,2,35,70,3,42,101,391,191,24,87,8,271,12,62,9,96,1675
Odisha,Nowrangpur,2016,21,25,3,47,103,4,44,149,415,263,26,116,18,220,8,79,18,78,1897
Odisha,Nowrangpur,2017,36,32,4,39,67,5,26,121,475,184,27,117,6,375,8,94,31,126,2029
Odisha,Nowrangpur,2018,34,28,6,26,86,6,37,116,318,156,22,111,11,343,7,89,14,147,1814
Odisha,Nowrangpur,2019,31,35,7,34,130,3,32,132,402,158,52,128,15,267,7,63,9,138,1924
Odisha,Nowrangpur,2020,25,32,2,43,86,2,14,79,229,121,26,139,10,259,8,56,10,72,1415
Odisha,Nowrangpur,2021,32,26,3,27,105,6,40,65,308,149,21,130,9,338,8,96,20,137,1762
Odisha,Nowrangpur,2022,20,27,3,48,52,4,17,102,454,195,30,146,14,320,13,107,21,131,1950
Odisha,Nuapada,2015,24,32,2,25,75,1,22,84,261,133,45,72,10,209,6,53,8,55,1293
Odisha,Nuapada,2016,17,18,2,37,80,3,32,88,281,116,28,90,14,159,7,43,7,80,1291
Odisha,Nuapada,2017,14,13,2,39,46,3,30,95,211,84,44,84,7,205,9,70,15,74,1222
Odisha,Nuapada,2018,15,15,2,25,62,5,29,52,211,96,21,78,5,257,7,79,20,84,1249
Odisha,Nuapada,2019,27,37,4,24,83,3,32,98,311,120,45,75,12,212,8,89,13,88,1495
Odisha,Nuapada,2020,20,27,2,29,33,1,14,49,155,64,21,101,10,132,5,63,16,85,1000
Odisha,Nuapada,2021,22,18,4,35,51,4,18,65,329,120,18,117,9,191,9,57,17,98,1363
Odisha,Nuapada,2022,18,18,4,35,56,5,38,71,331,151,40,104,13,212,12,49,12,56,1417
Odisha,Puri,2015,88,79,21,110,149,8,67,270,865,451,113,238,17,798,19,326,96,376,4802
Odisha,Puri,2016,57,54,9,142,280,17,71,318,784,359,88,296,32,873,32,183,60,194,4492
Odisha,Puri,2017,61,82,14,149,308,17,52,397,962,601,67,262,42,861,36,228,45,350,5236
Odisha,Puri,2018,87,107,20,149,249,21,58,287,978,444,124,239,54,829,32,212,34,231,4854
Odisha,Puri,2019,94,80,21,131,249,16,137,210,1323,643,59,271,35,866,41,258,56,350,5602
Odisha,Puri,2020,77,98,16,63,220,12,98,186,820,366,119,410,30,824,15,178,48,287,4495
Odisha,Puri,2021,59,72,13,107,148,7,53,388,798,518,70,357,33,804,22,228,77,205,4623
Odisha,Puri,2022,92,109,21,105,188,6,122,269,1306,614,155,520,40,1041,28,317,90,338,6111
Odisha,Rayagada,2015,28,36,6,29,83,6,37,102,334,181,22,67,6,283,9,80,16,60,1580
Odisha,Rayagada,2016,25,22,5,39,77,1,23,80,311,188,48,80,10,257,12,52,14,52,1480
Odisha,Rayagada,2017,25,31,2,30,76,1,26,70,247,125,20,70,13,246,6,91,21,92,1401
Odisha,Rayagada,2018,22,19,2,26,76,2,39,95,358,157,41,79,10,268,8,54,18,68,1545
Odisha,Rayagada,2019,27,30,6,29,67,5,38,67,318,179,26,72,12,216,6,67,18,109,1490
Odisha,Rayagada,2020,19,25,2,35,46,1,11,51,262,113,25,78,8,178,6,34,8,56,1108
Odisha,Rayagada,2021,19,18,4,41,41,2,31,72,190,75,39,104,4,228,11,64,16,50,1210
Odisha,Rayagada,2022,27,28,6,27,59,3,32,110,321,195,23,108,7,279,6,41,10,54,1527
Odisha,Rourkela,2015,50,44,9,59,100,4,71,180,408,190,44,163,10,343,10,168,55,217,2549
Odisha,Rourkela,2016,52,67,10,88,192,14,37,167,458,188,104,183,25,443,23,144,27,146,2960
Odisha,Rourkela,2017,43,44,4,53,188,4,77,209,491,276,55,162,11,582,11,141,35,244,3068
Odisha,Rourkela,2018,56,46,10,98,95,6,33,169,482,299,70,170,14,581,16,167,50,242,3053
Odisha,Rourkela,2019,37,39,4,57,116,12,44,164,432,186,109,148,27,616,15,137,44,225,2865
Odisha,Rourkela,2020,34,27,4,39,115,3,49,132,546,221,42,231,22,375,8,90,18,191,2488
Odisha,Rourkela,2021,59,78,9,50,138,7,51,260,791,312,33,304,9,391,10,167,40,157,3312
Odisha,Rourkela,2022,61,65,14,94,119,11,34,237,559,224,102,270,35,596,24,122,35,222,3298
Odisha,Sambalpur,2015,74,88,10,102,152,9,89,223,1021,546,80,235,28,510,33,265,47,237,4339
Odisha,Sambalpur,2016,87,103,9,77,142,21,51,220,1077,553,122,316,36,657,15,266,58,375,4846
Odisha,Sambalpur,2017,80,90,11,78,225,21,94,352,876,326,137,213,18,795,25,146,39,281,4466
Odisha,Sambalpur,2018,77,61,14,115,313,15,115,340,898,431,126,240,55,796,36,291,48,237,4912
Odisha,Sambalpur,2019,91,103,16,156,208,11,125,200,747,271,105,307,48,710,34,276,88,417,4864
Odisha,Sambalpur,2020,73,84,11,113,195,7,94,253,551,342,105,372,37,546,33,157,40,179,3738
Odisha,Sambalpur,2021,66,61,10,68,179,14,82,300,757,484,119,383,43,548,13,133,36,350,4259
Odisha,Sambalpur,2022,77,71,17,78,218,9,96,273,729,356,115,440,17,681,17,284,72,275,4479
Odisha,Sonepur,2015,14,15,2,21,49,3,16,60,170,104,20,49,2,148,4,47,8,35,877
Odisha,Sonepur,2016,13,13,2,28,51,2,17,54,183,76,11,46,8,129,4,29,9,61,856
Odisha,Sonepur,2017,16,18,2,21,37,2,24,36,223,110,18,58,6,122,4,30,8,65,924
Odisha,Sonepur,2018,15,14,2,15,49,3,21,56,203,78,8,51,5,168,2,25,8,55,901
Odisha,Sonepur,2019,10,9,2,19,33,3,12,42,180,79,20,48,6,152,3,28,4,59,825
Odisha,Sonepur,2020,8,9,1,13,26,2,7,55,155,59,8,65,2,119,3,34,9,29,698
Odisha,Sonepur,2021,14,16,2,21,38,0,16,38,171,76,21,73,8,104,3,36,9,65,820
Odisha,Sonepur,2022,16,13,2,14,38,2,18,36,201,97,8,66,6,129,2,37,5,50,860
Odisha,Srp(Cuttack),2015,14,16,2,18,53,2,20,54,129,52,28,44,7,166,4,27,4,59,824
Odisha,Srp(Cuttack),2016,15,13,2,23,54,2,10,33,217,100,12,50,3,100,8,29,5,72,871
Odisha,Srp(Cuttack),2017,18,21,3,31,58,4,14,38,174,65,34,60,7,129,5,36,6,81,922
Odisha,Srp(Cuttack),2018,10,10,2,18,29,2,11,48,136,50,14,59,6,128,5,46,14,42,837
Odisha,Srp(Cuttack),2019,19,24,4,27,51,3,12,49,179,86,12,59,7,168,7,38,9,56,950
Odisha,Srp(Cuttack),2020,9,11,0,17,30,1,9,31,156,72,12,62,3,114,5,27,7,49,725
Odisha,Srp(Cuttack),2021,18,21,2,24,51,3,17,73,209,106,15,78,2,182,4,40,6,42,1017
Odisha,Srp(Cuttack),2022,12,14,1,14,60,1,20,59,227,124,30,86,6,111,3,28,5,50,986
Odisha,Srp(Rourkela),2015,12,11,1,19,40,2,9,30,116,57,9,43,7,99,5,25,4,27,665
Odisha,Srp(Rourkela),2016,12,16,1,15,41,3,11,58,107,65,12,38,2,111,4,21,5,29,706
Odisha,Srp(Rourkela),2017,11,11,1,10,31,2,9,38,137,61,21,38,3,94,2,40,8,43,657
Odisha,Srp(Rourkela),2018,14,15,1,22,26,2,19,35,177,103,19,42,7,116,6,34,7,46,799
Odisha,Srp(Rourkela),2019,9,7,1,15,33,1,9,56,193,69,19,47,8,103,3,41,13,38,774
Odisha,Srp(Rourkela),2020,10,8,1,11,21,1,10,31,123,44,21,51,3,129,2,26,6,26,614
Odisha,Srp(Rourkela),2021,9,10,1,16,42,0,14,30,116,57,16,49,6,138,4,32,5,54,696
Odisha,Srp(Rourkela),2022,14,13,1,19,48,2,8,35,162,59,27,67,2,129,3,39,7,64,806
Odisha,Sundargarh,2015,34,27,6,47,97,3,26,108,324,179,66,104,14,235,9,106,20,79,1743
Odisha,Sundargarh,2016,25,22,3,39,111,4,37,104,249,149,59,95,12,333,6,70,20,76,1656
Odisha,Sundargarh,2017,26,33,3,39,84,7,50,129,416,161,31,97,18,340,10,63,15,138,1924
Odisha,Sundargarh,2018,26,28,4,42,105,2,26,93,277,159,25,103,7,371,7,78,17,155,1812
Odisha,Sundargarh,2019,37,46,7,45,67,4,55,175,312,133,30,108,17,287,8,140,39,107,2041
Odisha,Sundargarh,2020,24,19,5,48,71,6,29,88,277,178,59,156,11,328,10,79,18,68,1700
Odisha,Sundargarh,2021,35,33,5,56,75,4,40,110,262,97,59,142,19,371,10,57,9,136,1775
Odisha,Sundargarh,2022,24,27,5,52,59,7,37,123,346,188,58,160,8,324,10,123,27,94,1953
Punjab,Amritsar,2015,20,22,3,28,52,5,24,48,261,110,17,72,12,147,4,77,25,77,1210
Punjab,Amritsar,2016,18,18,3,28,60,3,22,59,269,120,44,80,7,251,6,70,20,105,1359
Punjab,Amritsar,2017,23,20,4,23,64,1,30,54,310,166,38,67,9,253,5,73,24,98,1443
Punjab,Amritsar,2018,27,27,5,22,77,4,30,90,238,91,45,79,7,219,5,83,22,71,1331
Punjab,Amritsar,2019,20,23,2,39,51,5,33,86,342,218,29,83,5,166,11,44,10,83,1442
Punjab,Amritsar,2020,15,15,2,29,58,2,23,71,266,155,32,111,3,235,5,72,20,59,1339
Punjab,Amritsar,2021,17,14,3,40,69,4,17,73,333,186,46,116,10,220,9,46,8,74,1467
Punjab,Amritsar,2022,17,18,4,23,63,5,23,93,227,123,12,107,9,275,5,70,12,103,1377
Punjab,Barnala,2015,13,13,3,24,35,2,16,62,144,55,18,58,5,104,6,44,10,71,816
Punjab,Barnala,2016,11,11,1,26,34,3,14,63,148,83,26,51,4,108,7,49,15,47,821
Punjab,Barnala,2017,16,21,2,24,48,3,23,67,145,58,32,44,9,179,5,42,9,64,920
Punjab,Barnala,2018,11,12,2,19,48,1,17,46,138,80,17,55,9,177,3,56,17,42,877
Punjab,Barnala,2019,19,23,2,30,61,2,27,50,248,148,24,66,5,208,8,52,15,50,1183
Punjab,Barnala,2020,16,19,2,23,29,2,16,56,197,97,10,72,6,113,4,29,8,31,841
Punjab,Barnala,2021,17,14,2,27,32,1,10,52,138,52,23,83,6,107,5,37,7,45,857
Punjab,Barnala,2022,12,15,2,17,30,1,14,67,192,113,19,78,4,152,3,47,12,44,948
Punjab,Batala,2015,11,12,1,17,34,2,19,84,222,81,29,59,4,160,5,39,7,56,988
Punjab,Batala,2016,18,23,2,16,65,2,30,87,226,88,19,70,4,135,4,67,16,80,1102
Punjab,Batala,2017,17,21,2,31,66,2,10,55,200,121,34,63,11,120,4,65,19,71,1059
Punjab,Batala,2018,15,20,1,16,36,4,14,50,205,113,20,71,9,190,3,33,5,62,1079
Punjab,Batala,2019,14,15,2,17,48,1,22,42,188,113,24,67,7,200,5,36,11,60,1020
Punjab,Batala,2020,12,9,2,21,43,2,15,64,203,112,21,69,6,120,6,46,10,79,973
Punjab,Batala,2021,17,15,1,20,32,4,17,87,169,96,27,95,5,167,5,62,21,69,1056
Punjab,Batala,2022,13,17,2,19,35,2,27,56,177,92,35,119,10,207,3,53,15,90,1139
Punjab,Bhatinda,2015,41,56,9,61,90,10,34,152,572,316,70,108,14,448,12,152,42,90,2604
Punjab,Bhatinda,2016,43,39,5,72,102,5,32,104,450,248,30,141,24,411,18,118,34,123,2318
Punjab,Bhatinda,2017,38,36,5,35,131,3,58,115,499,289,41,137,21,391,8,131,33,177,2492
Punjab,Bhatinda,2018,43,59,9,71,89,8,29,127,448,223,26,120,12,282,19,113,19,170,2208
Punjab,Bhatinda,2019,46,50,6,37,119,10,40,151,605,275,43,118,19,384,8,127,42,131,2548
Punjab,Bhatinda,2020,30,24,3,62,93,3,57,152,395,185,65,165,20,380,16,75,11,141,2168
Punjab,Bhatinda,2021,45,50,6,57,92,8,27,181,373,174,66,183,20,305,13,91,17,101,2160
Punjab,Bhatinda,2022,50,69,7,37,148,10,38,133,635,333,85,186,27,373,8,107,25,123,2761
Punjab,Faridkot,2015,9,11,1,12,32,1,13,36,111,40,9,44,2,109,4,30,9,57,728
Punjab,Faridkot,2016,10,13,1,20,39,1,7,58,195,104,12,51,2,148,6,40,11,54,883
Punjab,Faridkot,2017,14,16,1,23,23,1,15,55,118,46,14,38,7,137,6,44,7,42,707
Punjab,Faridkot,2018,10,8,1,14,29,2,11,33,164,102,13,49,2,112,3,24,6,41,731
Punjab,Faridkot,2019,16,13,3,15,44,1,19,37,171,79,25,40,6,112,4,51,12,54,819
Punjab,Faridkot,2020,8,10,1,19,24,2,12,32,165,72,20,66,4,81,4,39,8,43,705
Punjab,Faridkot,2021,10,11,1,23,45,2,15,51,174,97,19,76,3,132,8,36,8,54,877
Punjab,Faridkot,2022,8,8,1,16,25,2,12,50,172,91,19,74,3,106,5,25,5,30,759
Punjab,Fatehgarh Sahib,2015,19,24,1,18,63,1,17,45,191,86,11,65,3,143,3,65,18,83,997
Punjab,Fatehgarh Sahib,2016,14,12,2,26,54,3,22,83,270,174,19,63,11,200,7,62,13,47,1227
Punjab,Fatehgarh Sahib,2017,18,16,1,21,32,2,19,68,204,121,21,67,10,186,6,36,6,58,1042
Punjab,Fatehgarh Sahib,2018,20,22,4,33,64,3,20,78,178,112,41,55,11,188,10,63,19,86,1164
Punjab,Fatehgarh Sahib,2019,19,22,1,22,63,3,28,68,215,134,20,65,3,157,6,33,10,48,1105
Punjab,Fatehgarh Sahib,2020,13,11,2,27,41,2,14,40,171,110,34,63,5,165,7,27,7,72,940
Punjab,Fatehgarh Sahib,2021,16,19,1,24,52,2,13,53,194,87,13,80,8,124,7,48,13,63,1018
Punjab,Fatehgarh Sahib,2022,21,19,4,38,41,1,12,96,179,76,42,110,7,238,11,69,17,88,1233
Punjab,Ferozepur,2015,26,33,4,34,47,3,27,96,268,114,44,80,4,179,7,54,9,96,1314
Punjab,Ferozepur,2016,30,29,5,28,101,6,38,92,298,116,55,93,7,318,8,95,20,85,1642
Punjab,Ferozepur,2017,17,14,3,44,92,5,41,65,331,150,55,97,7,257,8,66,20,106,1588
Punjab,Ferozepur,2018,32,29,4,40,99,3,16,102,296,154,15,99,14,245,8,81,23,122,1607
Punjab,Ferozepur,2019,33,29,6,30,106,7,45,94,265,159,47,94,8,334,8,53,9,125,1689
Punjab,Ferozepur,2020,17,17,2,28,43,4,28,63,228,82,29,115,11,141,7,61,13,66,1120
Punjab,Ferozepur,2021,23,27,2,27,71,6,43,85,229,139,27,125,12,184,8,95,22,78,1497
Punjab,Ferozepur,2022,26,35,3,54,72,6,20,124,387,183,39,143,11,258,15,90,15,75,1795
Punjab,G.R.P,2015,8,10,1,14,28,2,12,25,93,60,9,22,5,90,3,28,7,27,511
Punjab,G.R.P,2016,6,5,1,8,17,1,11,23,92,33,8,24,3,66,1,28,7,36,434
Punjab,G.R.P,2017,8,9,1,16,32,1,6,35,122,60,9,28,3,62,3,15,3,23,507
Punjab,G.R.P,2018,8,8,1,8,21,1,7,21,94,34,5,21,3,68,1,26,4,19,438
Punjab,G.R.P,2019,7,9,1,7,20,1,7,38,98,57,18,28,1,88,2,30,8,27,518
Punjab,G.R.P,2020,5,6,0,6,18,0,6,30,85,43,9,31,1,48,1,17,4,35,404
Punjab,G.R.P,2021,7,6,1,13,20,0,7,21,101,50,13,35,3,57,4,19,4,27,456
Punjab,G.R.P,2022,9,11,1,7,24,0,13,39,131,74,7,45,1,80,1,23,5,21,564
Punjab,Gurdaspur,2015,9,11,0,24,45,2,20,33,176,72,10,42,4,157,6,47,9,51,829
Punjab,Gurdaspur,2016,10,8,2,18,40,2,20,50,199,120,13,52,3,134,5,39,7,38,873
Punjab,Gurdaspur,2017,13,10,2,23,41,2,10,74,184,115,18,42,4,111,7,36,9,77,907
Punjab,Gurdaspur,2018,15,17,3,25,35,3,16,81,153,61,28,65,8,164,8,51,17,53,941
Punjab,Gurdaspur,2019,19,22,1,16,45,3,26,38,192,122,10,54,9,119,2,46,6,49,965
Punjab,Gurdaspur,2020,16,22,3,13,43,2,8,33,130,51,24,80,7,102,2,48,10,40,765
Punjab,Gurdaspur,2021,12,10,2,14,38,2,15,55,122,64,15,82,5,121,4,47,15,45,785
Punjab,Gurdaspur,2022,13,13,1,18,30,3,13,53,170,82,30,81,9,104,4,37,10,34,832
Punjab,Hoshiarpur,2015,32,44,7,43,97,6,16,107,253,112,27,79,8,201,11,76,13,121,1601
Punjab,Hoshiarpur,2016,24,21,4,32,57,3,53,90,389,146,72,124,10,302,8,88,26,132,1852
Punjab,Hoshiarpur,2017,26,25,4,52,61,3,52,143,449,174,58,94,18,357,13,107,17,88,2020
Punjab,Hoshiarpur,2018,22,26,4,43,100,2,18,89,391,242,25,123,5,346,13,83,13,71,1877
Punjab,Hoshiarpur,2019,37,33,4,41,88,5,35,151,483,219,53,135,6,246,11,123,28,172,2156
Punjab,Hoshiarpur,2020,32,39,5,47,73,5,18,90,278,115,23,158,13,261,9,73,17,63,1541
Punjab,Hoshiarpur,2021,27,26,5,40,57,1,36,124,246,104,58,166,12,217,6,113,21,78,1635
Punjab,Hoshiarpur,2022,28,37,6,33,105,4,46,138,345,154,29,131,15,299,9,80,19,110,1861
Punjab,Jagraon,2015,11,13,1,18,34,2,22,41,160,73,11,64,5,189,3,42,7,61,900
Punjab,Jagraon,2016,15,13,2,18,32,4,9,40,183,83,15,56,4,157,5,60,17,65,908
Punjab,Jagraon,2017,13,14,2,28,49,1,27,57,153,69,32,58,5,180,6,50,13,46,994
Punjab,Jagraon,2018,14,14,2,28,52,4,17,91,200,108,12,55,9,169,7,46,9,58,1051
Punjab,Jagraon,2019,12,12,2,31,56,1,11,51,259,102,23,63,8,165,7,42,12,63,1067
Punjab,Jagraon,2020,11,15,1,13,41,1,9,46,194,78,16,61,3,142,2,29,6,40,822
Punjab,Jagraon,2021,21,24,4,21,46,2,25,46,247,118,14,97,4,164,5,64,22,41,1111
Punjab,Jagraon,2022,18,17,3,25,57,3,17,85,152,53,28,72,4,215,6,65,10,72,1049
Punjab,Jalandhar,2015,31,32,7,28,96,7,34,67,329,167,64,109,6,207,6,72,13,65,1614
Punjab,Jalandhar,2016,39,37,4,33,93,2,46,132,318,201,68,105,14,327,10,123,41,117,1978
Punjab,Jalandhar,2017,34,28,6,26,57,2,36,150,431,261,36,93,9,267,8,83,20,139,1942
Punjab,Jalandhar,2018,35,45,4,46,74,6,56,161,391,211,35,123,16,414,12,90,26,83,2112
Punjab,Jalandhar,2019,26,33,4,28,68,2,35,129,267,155,62,90,19,221,6,65,9,70,1703
Punjab,Jalandhar,2020,18,21,4,27,76,5,29,85,353,140,47,121,10,260,7,88,26,55,1574
Punjab,Jalandhar,2021,26,25,3,34,62,3,30,88,438,256,66,129,8,238,6,89,27,99,1891
Punjab,Jalandhar,2022,31,28,7,56,86,5,25,101,429,231,75,199,10,408,13,61,12,104,2172
Punjab,Kapurthala,2015,16,18,2,33,52,4,11,56,186,105,36,69,10,217,8,37,11,69,1104
Punjab,Kapurthala,2016,25,34,4,30,70,3,17,72,333,190,32,85,4,272,7,66,11,72,1513
Punjab,Kapurthala,2017,19,19,2,28,82,5,15,56,290,103,42,88,8,230,8,70,14,95,1370
Punjab,Kapurthala,2018,18,24,2,37,71,5,26,105,273,121,13,62,4,198,7,45,12,70,1282
Punjab,Kapurthala,2019,16,16,2,34,57,3,26,64,256,98,49,70,9,177,11,89,26,103,1376
Punjab,Kapurthala,2020,13,14,1,20,58,2,11,63,204,84,14,102,10,180,6,37,6,87,1062
Punjab,Kapurthala,2021,15,15,1,19,47,2,17,49,295,125,33,108,12,156,3,60,18,89,1240
Punjab,Kapurthala,2022,22,26,4,38,48,1,29,77,237,107,31,89,13,191,6,39,8,92,1244
Punjab,Khanna,2015,16,19,2,40,84,5,23,102,231,140,21,72,6,230,8,41,6,69,1298
Punjab,Khanna,2016,18,15,3,38,61,5,35,74,237,131,44,96,6,292,5,60,16,115,1453
Punjab,Khanna,2017,17,21,3,49,93,6,37,99,314,136,50,80,15,310,16,96,22,123,1703
Punjab,Khanna,2018,23,18,4,47,45,1,27,100,358,155,20,93,15,208,10,44,9,103,1493
Punjab,Khanna,2019,29,36,3,37,53,4,41,63,257,118,50,100,14,251,5,97,30,88,1531
Punjab,Khanna,2020,16,16,2,19,66,1,16,56,274,169,18,96,10,233,3,62,20,78,1339
Punjab,Khanna,2021,19,15,3,26,45,3,31,72,284,177,51,138,13,234,6,76,20,67,1476
Punjab,Khanna,2022,22,26,5,33,45,3,16,113,299,129,35,129,10,243,9,63,17,80,1483
Punjab,Ludhiana,2015,17,16,2,28,46,3,24,71,220,83,26,46,9,106,8,36,12,69,947
Punjab,Ludhiana,2016,17,16,2,21,48,3,19,41,161,95,35,47,5,183,7,48,12,50,945
Punjab,Ludhiana,2017,12,10,2,19,41,1,22,48,179,108,20,46,3,152,5,58,11,51,924
Punjab,Ludhiana,2018,17,23,3,28,50,3,24,78,243,88,26,52,10,117,5,28,8,59,997
Punjab,Ludhiana,2019,16,14,3,29,34,3,29,83,272,114,18,52,8,212,4,50,9,57,1163
Punjab,Ludhiana,2020,9,11,1,22,26,2,16,38,170,103,18,69,2,160,6,36,10,61,873
Punjab,Ludhiana,2021,14,18,2,15,35,3,29,62,219,80,21,93,7,202,4,67,20,58,1098
Punjab,Ludhiana,2022,20,17,3,35,55,1,27,66,226,85,32,85,10,157,7,43,12,49,1084
Punjab,Majitha,2015,18,14,3,13,56,3,12,64,200,88,34,42,8,177,2,60,18,39,980
Punjab,Majitha,2016,17,16,2,18,54,2,9,59,241,147,35,56,5,132,5,58,13,69,1072
Punjab,Majitha,2017,14,16,2,27,38,2,15,68,176,65,11,45,10,163,9,57,16,69,935
Punjab,Majitha,2018,17,17,2,19,26,1,24,45,205,78,21,43,4,113,6,37,9,44,836
Punjab,Majitha,2019,11,11,1,27,34,2,26,79,150,83,9,49,9,155,7,53,8,77,925
Punjab,Majitha,2020,11,14,1,13,29,1,10,66,181,106,23,78,6,108,3,25,8,57,853
Punjab,Majitha,2021,15,14,1,15,34,2,22,61,174,75,9,75,4,118,4,42,13,51,856
Punjab,Majitha,2022,12,11,1,15,57,1,17,53,185,93,10,75,7,184,4,50,8,51,960
Punjab,Mansa,2015,15,19,2,19,47,3,24,70,221,121,9,44,2,151,3,29,4,73,979
Punjab,Mansa,2016,12,16,2,15,29,3,12,61,190,120,23,47,5,113,3,42,13,67,890
Punjab,Mansa,2017,10,8,1,22,25,3,21,43,186,65,29,50,7,112,4,42,9,57,813
Punjab,Mansa,2018,20,19,4,19,55,4,18,39,210,128,36,55,2,133,2,58,15,79,1036
Punjab,Mansa,2019,14,15,1,24,29,2,15,48,171,61,14,42,8,111,5,49,16,38,875
Punjab,Mansa,2020,8,7,1,13,25,2,18,63,146,89,17,70,2,94,4,28,8,49,752
Punjab,Mansa,2021,17,18,3,23,28,2,11,42,223,85,19,66,9,114,7,47,16,53,910
Punjab,Mansa,2022,12,11,2,24,62,2,17,39,153,80,29,90,8,128,4,62,11,44,912
Punjab,Moga,2015,23,32,2,18,57,1,33,60,200,127,18,79,7,158,4,62,15,65,1160
Punjab,Moga,2016,22,21,2,31,64,1,34,84,359,182,43,87,11,268,8,74,23,68,1575
Punjab,Moga,2017,24,32,4,27,42,5,36,114,305,130,36,81,15,159,8,63,21,81,1375
Punjab,Moga,2018,28,37,3,26,58,6,41,119,218,134,38,82,10,273,5,86,24,74,1474
Punjab,Moga,2019,17,21,2,21,60,5,39,55,364,214,43,90,8,256,5,43,14,110,1569
Punjab,Moga,2020,17,14,2,25,35,1,11,51,203,93,28,92,7,200,4,40,9,55,1077
Punjab,Moga,2021,24,23,3,35,74,5,32,86,189,110,14,98,4,143,7,39,10,51,1176
Punjab,Moga,2022,27,32,3,26,89,1,24,53,223,109,21,105,7,234,5,61,17,104,1333
Punjab,Muktsar,2015,15,13,3,23,41,3,14,64,174,78,15,44,6,120,7,28,5,57,828
Punjab,Muktsar,2016,18,18,3,16,45,3,12,67,188,118,30,44,3,141,3,41,13,77,969
Punjab,Muktsar,2017,11,12,2,18,52,1,10,70,132,63,31,56,6,117,4,43,9,37,796
Punjab,Muktsar,2018,13,12,3,25,45,1,15,60,248,156,13,58,6,114,3,36,6,62,1017
Punjab,Muktsar,2019,13,14,3,28,55,3,26,51,203,80,12,58,10,195,5,58,16,57,1023
Punjab,Muktsar,2020,10,10,1,17,29,2,10,51,198,82,16,69,5,99,5,38,6,50,804
Punjab,Muktsar,2021,16,21,2,22,50,1,9,40,172,81,12,72,3,146,7,32,6,38,847
Punjab,Muktsar,2022,13,16,2,13,39,1,11,39,173,104,24,86,6,157,2,57,11,62,939
Punjab,Nawan Shahr,2015,15,19,2,19,36,1,10,55,174,84,23,56,8,133,5,24,7,64,852
Punjab,Nawan Shahr,2016,13,13,3,24,34,2,17,45,177,100,24,50,4,113,3,34,10,50,843
Punjab,Nawan Shahr,2017,16,15,2,26,45,1,12,69,186,92,21,51,6,177,4,47,15,74,994
Punjab,Nawan Shahr,2018,17,14,3,16,52,1,22,40,186,104,22,52,2,153,3,33,8,57,913
Punjab,Nawan Shahr,2019,15,12,3,16,37,4,23,82,161,60,34,56,6,178,3,30,8,42,936
Punjab,Nawan Shahr,2020,15,12,2,20,44,2,15,53,200,111,27,54,7,139,5,38,12,57,921
Punjab,Nawan Shahr,2021,16,13,2,23,45,1,21,51,224,105,23,71,3,127,4,44,14,68,981
Punjab,Nawan Shahr,2022,21,25,5,31,40,2,15,57,233,120,33,74,5,173,5,55,12,73,1126
Punjab,Patiala,2015,35,35,8,45,154,9,59,167,558,236,49,189,9,495,14,121,34,198,2910
Punjab,Patiala,2016,47,54,8,95,176,10,50,206,471,295,42,156,9,509,17,157,43,235,3018
Punjab,Patiala,2017,52,64,6,61,218,11,63,136,678,388,89,225,32,563,18,122,36,268,3506
Punjab,Patiala,2018,48,44,8,87,176,3,50,170,513,186,65,184,26,492,13,168,51,132,2862
Punjab,Patiala,2019,51,49,7,90,156,3,58,122,761,488,50,152,23,539,28,90,24,152,3296
Punjab,Patiala,2020,31,38,6,73,70,3,44,99,563,197,83,205,9,440,22,91,15,163,2503
Punjab,Patiala,2021,37,30,9,86,152,10,49,145,454,243,56,299,21,568,14,90,18,263,2991
Punjab,Patiala,2022,41,56,9,47,129,12,37,163,702,379,89,289,28,632,14,101,24,253,3479
Punjab,Ropar,2015,20,21,3,23,73,5,26,100,309,176,13,84,12,167,7,78,14,84,1393
Punjab,Ropar,2016,19,24,3,32,58,3,16,65,328,146,20,81,9,148,9,76,23,54,1291
Punjab,Ropar,2017,25,32,4,26,70,3,22,60,191,78,31,62,7,255,4,59,9,80,1192
Punjab,Ropar,2018,22,28,4,34,80,2,28,50,237,87,25,82,13,247,8,46,8,91,1270
Punjab,Ropar,2019,26,35,5,25,49,6,18,112,299,156,25,79,14,245,3,84,24,59,1457
Punjab,Ropar,2020,17,19,1,23,34,0,27,44,241,145,36,84,3,207,4,37,7,61,1139
Punjab,Ropar,2021,26,24,5,34,63,2,16,53,299,104,49,102,13,217,8,84,28,73,1393
Punjab,Ropar,2022,23,19,5,25,53,5,21,90,254,97,24,116,6,146,8,36,11,87,1214
Punjab,Sangrur,2015,27,34,4,57,129,3,33,83,368,184,41,115,22,270,11,81,22,167,1941
Punjab,Sangrur,2016,46,60,7,55,141,3,40,112,590,366,27,108,17,267,19,142,27,169,2519
Punjab,Sangrur,2017,41,39,10,75,69,10,46,168,421,239,58,134,9,423,21,91,17,91,2296
Punjab,Sangrur,2018,40,33,6,57,144,4,60,101,574,369,30,152,24,328,12,149,39,161,2619
Punjab,Sangrur,2019,45,58,9,78,82,9,57,192,610,243,76,120,20,344,15,75,21,158,2547
Punjab,Sangrur,2020,39,34,4,55,64,5,41,116,354,205,36,134,8,298,14,124,26,93,1928
Punjab,Sangrur,2021,37,50,4,71,72,9,47,159,585,307,45,190,18,343,14,68,10,144,2504
Punjab,Sangrur,2022,37,46,7,72,129,2,32,89,346,198,39,176,9,430,13,114,36,183,2281
Punjab,Tarn Taran,2015,20,25,4,38,51,4,33,98,279,98,25,60,7,232,10,72,17,72,1320
Punjab,Tarn Taran,2016,24,27,5,37,81,3,18,50,290,163,39,64,11,255,9,78,24,100,1454
Punjab,Tarn Taran,2017,25,22,4,38,54,3,27,74,242,99,16,70,9,201,9,81,23,75,1251
Punjab,Tarn Taran,2018,20,25,2,33,68,3,13,71,276,148,30,89,9,152,9,71,23,58,1285
Punjab,Tarn Taran,2019,18,23,2,23,64,4,16,56,278,163,42,68,8,177,4,67,11,93,1305
Punjab,Tarn Taran,2020,12,13,2,25,59,2,20,74,201,88,26,87,11,145,5,50,10,62,1041
Punjab,Tarn Taran,2021,26,32,3,38,51,3,33,98,353,192,44,119,4,183,7,73,21,115,1594
Punjab,Tarn Taran,2022,19,23,2,46,87,1,32,100,309,180,30,146,12,224,9,64,21,108,1624
Rajasthan,Ajmer,2015,180,251,40,220,302,13,120,663,2160,1109,136,477,71,1778,59,316,76,474,9832
Rajasthan,Ajmer,2016,133,142,23,305,457,23,175,592,1399,633,205,620,95,1289,54,361,68,396,9088
Rajasthan,Ajmer,2017,137,146,30,343,386,39,155,433,2166,1183,123,695,52,1190,110,682,209,489,10047
Rajasthan,Ajmer,2018,149,150,35,370,451,19,162,897,2322,957,338,559,105,1856,99,638,132,924,11762
Rajasthan,Ajmer,2019,215,249,41,272,335,37,283,530,2015,712,206,627,66,1761,58,552,137,911,10941
Rajasthan,Ajmer,2020,108,140,15,153,268,33,188,405,2103,764,200,777,51,1201,51,476,165,684,9095
Rajasthan,Ajmer,2021,128,161,30,275,443,17,246,737,2599,1535,307,786,84,1706,53,686,135,920,12432
Rajasthan,Ajmer,2022,177,192,27,247,493,13,239,534,1930,704,289,816,95,1940,73,517,113,563,10435
Rajasthan,Alwar,2015,239,222,33,335,474,12,225,575,1924,1221,166,701,42,2284,51,747,157,1002,12249
Rajasthan,Alwar,2016,307,348,48,495,925,53,305,918,2383,959,453,887,149,2926,151,865,252,1114,15679
Rajasthan,Alwar,2017,200,244,46,337,940,22,394,979,3102,1401,521,911,57,2035,97,744,123,750,15028
Rajasthan,Alwar,2018,301,262,30,462,613,53,216,849,2215,886,571,941,87,1984,111,482,140,1058,14558
Rajasthan,Alwar,2019,211,183,45,450,622,48,294,1239,3563,1573,485,938,72,2359,100,796,267,800,16157
Rajasthan,Alwar,2020,191,169,27,343,621,48,149,455,2172,1033,382,1158,119,2394,105,370,90,769,12252
Rajasthan,Alwar,2021,181,212,24,448,843,26,163,781,3561,1405,448,1146,128,2808,86,550,116,1159,16018
Rajasthan,Alwar,2022,239,309,34,518,840,24,178,1031,3585,1519,163,1194,120,1860,124,939,298,797,16056
Rajasthan,Banswara,2015,40,50,6,72,123,5,48,181,512,264,63,127,10,452,16,120,36,181,2699
Rajasthan,Banswara,2016,59,54,10,95,107,8,39,139,475,301,45,148,16,569,27,192,31,238,2975
Rajasthan,Banswara,2017,34,46,4,62,134,5,80,137,633,324,50,142,12,426,13,154,33,141,2872
Rajasthan,Banswara,2018,47,62,5,57,120,9,77,253,563,258,50,201,9,546,12,103,17,267,3119
Rajasthan,Banswara,2019,63,58,7,84,141,16,35,185,866,504,108,181,27,577,22,178,54,256,3864
Rajasthan,Banswara,2020,57,59,12,55,140,9,48,162,719,334,50,227,9,548,11,144,21,164,3170
Rajasthan,Banswara,2021,58,50,10,47,167,10,58,207,769,452,116,299,12,456,8,208,58,204,3652
Rajasthan,Banswara,2022,49,43,9,50,160,9,95,266,676,388,51,239,14,581,12,221,56,240,3646
Rajasthan,Baran,2015,64,76,7,164,203,17,84,393,1173,581,164,270,27,736,33,196,51,369,5347
Rajasthan,Baran,2016,60,67,7,117,181,13,124,388,1003,498,142,307,49,784,26,163,28,367,5070
Rajasthan,Baran,2017,58,78,8,99,286,10,128,273,1320,478,166,257,41,582,16,326,110,339,5288
Rajasthan,Baran,2018,79,78,16,91,207,16,129,388,1168,420,141,284,57,991,26,247,49,263,5418
Rajasthan,Baran,2019,83,78,8,159,286,11,89,356,817,355,131,248,20,863,34,159,45,344,4820
Rajasthan,Baran,2020,75,66,14,76,213,4,93,244,839,345,82,344,45,647,24,227,62,291,4293
Rajasthan,Baran,2021,107,126,20,125,220,15,133,401,1315,558,135,462,47,782,30,330,97,274,5927
Rajasthan,Baran,2022,102,99,19,127,335,21,108,240,1139,425,58,454,50,734,44,227,43,427,5383
Rajasthan,Barmer,2015,64,86,7,119,143,18,121,356,1112,490,74,261,40,651,27,248,78,278,4800
Rajasthan,Barmer,2016,103,97,13,99,271,10,134,396,925,408,181,321,19,871,24,313,106,251,5275
Rajasthan,Barmer,2017,92,122,10,154,298,19,50,374,726,324,121,321,18,575,31,318,95,186,4651
Rajasthan,Barmer,2018,63,80,13,149,263,15,121,324,1156,432,93,269,58,868,36,317,86,438,5562
Rajasthan,Barmer,2019,96,97,17,142,240,6,112,300,939,487,68,310,22,792,33,311,108,252,5063
Rajasthan,Barmer,2020,62,64,6,105,247,9,73,326,660,320,127,304,38,757,18,119,36,238,4107
Rajasthan,Barmer,2021,66,52,8,105,161,15,127,330,693,347,91,441,39,742,33,162,52,338,4561
Rajasthan,Barmer,2022,81,94,16,133,337,16,81,333,959,539,123,385,44,753,42,289,87,360,5403
Rajasthan,Bharatpur,2015,197,189,37,349,613,40,171,602,1695,765,367,538,119,1697,70,376,110,901,10756
Rajasthan,Bharatpur,2016,207,181,34,344,620,11,139,535,1868,1166,258,576,55,1828,81,376,128,701,10593
Rajasthan,Bharatpur,2017,153,157,29,179,334,19,302,615,2003,907,232,512,119,1746,36,319,69,482,10211
Rajasthan,Bharatpur,2018,211,218,40,352,382,13,188,713,2032,1225,394,640,95,1999,69,418,140,893,11733
Rajasthan,Bharatpur,2019,264,341,40,345,428,48,241,733,3220,1328,234,753,139,1692,115,491,167,999,13471
Rajasthan,Bharatpur,2020,129,171,22,154,456,20,168,627,1327,648,262,920,35,1860,34,380,71,501,9093
Rajasthan,Bharatpur,2021,163,197,36,196,664,41,116,718,1952,1210,352,829,73,2101,34,493,99,599,11450
Rajasthan,Bharatpur,2022,179,213,34,213,757,46,360,1021,2302,1348,410,1194,91,1572,53,726,179,960,13474
Rajasthan,Bhilwara,2015,142,132,21,186,425,27,159,500,1309,511,240,427,61,1060,51,340,57,348,7363
Rajasthan,Bhilwara,2016,156,131,38,186,255,18,215,424,1700,1058,196,465,43,1576,57,393,72,516,8695
Rajasthan,Bhilwara,2017,144,152,23,165,495,23,197,529,1575,676,142,424,38,1009,44,336,53,542,7679
Rajasthan,Bhilwara,2018,129,139,17,227,527,20,108,443,1492,926,137,616,50,1394,44,573,142,608,8900
Rajasthan,Bhilwara,2019,115,124,14,155,377,18,172,528,2068,889,148,576,48,1335,30,326,105,494,8749
Rajasthan,Bhilwara,2020,88,118,21,161,303,17,80,493,1324,588,85,565,43,1075,38,448,80,563,7064
Rajasthan,Bhilwara,2021,124,146,21,181,338,35,130,585,2043,980,200,723,65,1121,53,313,77,545,8810
Rajasthan,Bhilwara,2022,105,134,21,260,447,27,113,479,2187,886,231,727,36,1835,84,493,84,577,9984
Rajasthan,Bikaner,2015,87,111,16,123,329,14,78,368,1558,998,147,329,28,967,41,391,110,456,7003
Rajasthan,Bikaner,2016,107,126,25,136,333,25,129,388,1044,490,116,280,18,1119,43,227,68,321,5819
Rajasthan,Bikaner,2017,98,126,19,158,323,20,89,345,1026,611,93,300,23,1148,30,193,57,435,5929
Rajasthan,Bikaner,2018,77,65,18,176,195,27,167,293,1684,627,127,407,21,1279,55,220,67,446,6861
Rajasthan,Bikaner,2019,128,137,19,114,259,20,161,479,1063,535,217,466,26,1312,20,326,81,302,6647
Rajasthan,Bikaner,2020,100,91,18,93,260,17,141,334,887,317,97,453,53,985,25,226,71,401,5303
Rajasthan,Bikaner,2021,105,104,11,178,202,23,77,351,1322,561,186,491,53,1191,37,316,98,313,6516
Rajasthan,Bikaner,2022,85,85,14,159,259,22,92,532,1490,690,114,470,32,1230,46,296,58,440,7048
Rajasthan,Bundi,2015,64,51,13,93,263,9,64,189,597,215,109,268,42,664,32,169,50,210,3811
Rajasthan,Bundi,2016,76,98,12,68,251,4,97,214,765,443,86,253,37,567,21,165,41,271,4183
Rajasthan,Bundi,2017,56,57,12,70,220,11,94,227,1139,649,130,271,46,581,21,223,40,214,4718
Rajasthan,Bundi,2018,58,65,7,110,218,8,108,269,813,446,146,275,47,576,34,187,32,341,4373
Rajasthan,Bundi,2019,64,60,9,100,188,10,88,241,852,535,103,253,51,791,22,237,53,336,4647
Rajasthan,Bundi,2020,43,57,7,91,132,4,66,268,544,282,62,315,30,663,24,225,65,158,3567
Rajasthan,Bundi,2021,58,56,12,70,216,15,94,199,988,474,128,320,20,920,11,248,76,257,4812
Rajasthan,Bundi,2022,57,77,13,139,154,18,40,320,670,359,116,301,21,842,43,156,50,323,4306
Rajasthan,Chittorgarh,2015,71,89,17,146,312,7,53,273,926,400,64,250,40,1056,46,342,68,452,5377
Rajasthan,Chittorgarh,2016,92,80,21,116,248,14,98,447,1422,837,165,351,66,750,17,378,102,411,6502
Rajasthan,Chittorgarh,2017,72,58,16,102,186,13,78,375,1664,1078,164,351,29,991,23,205,62,454,6816
Rajasthan,Chittorgarh,2018,90,74,21,164,200,25,169,398,1205,460,76,394,29,882,36,234,41,460,5992
Rajasthan,Chittorgarh,2019,111,150,12,101,210,10,176,350,1334,605,153,309,60,1259,17,295,67,280,6459
Rajasthan,Chittorgarh,2020,81,78,15,98,280,9,77,286,1271,619,93,373,50,600,22,249,82,240,5228
Rajasthan,Chittorgarh,2021,106,119,22,106,305,14,76,425,1423,785,183,447,44,911,30,195,40,432,6519
Rajasthan,Chittorgarh,2022,117,94,21,127,238,31,143,299,1223,785,239,666,48,979,42,303,58,471,6867
Rajasthan,Churu,2015,87,111,19,82,202,20,118,260,704,425,163,254,40,511,24,144,44,216,4218
Rajasthan,Churu,2016,78,95,18,69,145,10,40,263,955,588,127,204,34,746,16,200,37,294,4512
Rajasthan,Churu,2017,80,102,17,121,204,17,79,299,1027,408,178,228,22,585,21,299,86,209,4654
Rajasthan,Churu,2018,85,71,17,115,206,16,57,226,809,286,107,212,34,596,36,253,38,310,4180
Rajasthan,Churu,2019,87,104,12,95,251,5,83,329,1171,676,69,294,25,578,21,146,30,351,4965
Rajasthan,Churu,2020,54,66,5,56,157,9,79,229,778,305,118,321,26,455,9,117,22,233,3550
Rajasthan,Churu,2021,69,77,15,89,236,15,48,201,631,293,64,321,39,810,20,147,37,187,3916
Rajasthan,Churu,2022,77,96,7,142,306,20,97,314,1156,732,64,401,23,835,24,304,69,315,5674
Rajasthan,Dausa,2015,119,102,14,164,417,18,160,463,1546,603,140,406,38,1307,39,386,87,301,7225
Rajasthan,Dausa,2016,114,123,21,174,263,8,62,504,1455,638,127,414,63,970,38,211,55,487,6632
Rajasthan,Dausa,2017,130,105,26,171,365,11,146,566,1180,569,81,445,55,1278,52,286,90,308,6813
Rajasthan,Dausa,2018,116,154,23,106,350,26,127,346,1352,644,182,395,68,1025,33,394,64,403,6689
Rajasthan,Dausa,2019,123,109,14,235,438,23,201,544,1827,653,209,370,27,1213,71,452,138,468,8150
Rajasthan,Dausa,2020,97,132,16,125,193,23,98,209,741,468,47,469,45,945,24,217,62,217,4837
Rajasthan,Dausa,2021,74,86,12,105,241,24,134,292,1662,727,213,489,28,785,32,424,77,331,6647
Rajasthan,Dausa,2022,98,111,22,122,417,6,133,284,1543,605,180,672,58,1119,24,396,132,438,7303
Rajasthan,Dholpur,2015,78,77,9,130,209,18,61,194,1149,703,150,285,39,959,26,275,68,278,5413
Rajasthan,Dholpur,2016,62,66,6,87,268,20,90,348,938,460,112,308,23,604,17,221,48,306,4741
Rajasthan,Dholpur,2017,82,77,9,146,287,16,130,318,1155,598,161,286,33,766,24,161,48,225,5200
Rajasthan,Dholpur,2018,108,150,21,144,176,8,68,294,1207,640,53,278,57,624,48,164,54,450,5317
Rajasthan,Dholpur,2019,83,110,19,129,194,11,116,446,1198,563,151,316,49,1101,27,242,71,252,5857
Rajasthan,Dholpur,2020,61,53,8,117,138,13,109,222,1023,615,41,331,17,597,33,125,30,300,4398
Rajasthan,Dholpur,2021,99,119,14,143,301,7,104,404,1195,633,181,401,41,616,37,248,83,210,5528
Rajasthan,Dholpur,2022,80,79,13,120,306,12,107,383,945,490,146,366,33,624,20,237,43,320,5022
Rajasthan,Dungarpur,2015,45,44,7,53,164,11,35,136,715,410,44,160,18,398,10,178,30,128,2969
Rajasthan,Dungarpur,2016,38,35,3,84,152,11,53,212,456,170,96,142,18,446,25,93,14,188,2663
Rajasthan,Dungarpur,2017,45,36,6,52,98,9,53,208,424,183,99,191,31,469,17,119,36,185,2699
Rajasthan,Dungarpur,2018,43,53,5,62,191,12,45,166,510,264,93,151,10,561,17,128,21,142,3008
Rajasthan,Dungarpur,2019,41,33,9,94,184,10,30,179,640,279,84,198,25,628,17,126,37,141,3184
Rajasthan,Dungarpur,2020,33,42,7,33,96,9,22,145,403,235,56,201,8,416,10,98,16,199,2365
Rajasthan,Dungarpur,2021,51,70,8,73,127,6,57,155,414,268,41,216,31,473,11,105,36,183,2746
Rajasthan,Dungarpur,2022,55,44,6,52,157,9,59,125,624,389,113,287,20,346,8,101,17,221,3065
Rajasthan,G.R.P.,2015,23,26,4,19,63,3,14,54,294,164,43,70,4,176,4,67,13,70,1276
Rajasthan,G.R.P.,2016,24,24,4,39,37,3,29,58,320,158,36,76,7,197,6,72,22,69,1361
Rajasthan,G.R.P.,2017,15,18,3,18,53,1,23,75,229,139,15,56,6,176,2,57,19,57,1129
Rajasthan,G.R.P.,2018,17,13,1,36,79,4,23,89,287,125,22,57,11,144,11,43,14,99,1254
Rajasthan,G.R.P.,2019,19,26,3,28,83,4,21,100,290,178,21,72,14,173,8,40,12,55,1341
Rajasthan,G.R.P.,2020,16,16,3,22,70,5,23,88,238,140,29,74,3,216,5,54,13,62,1231
Rajasthan,G.R.P.,2021,25,24,2,38,51,2,13,58,263,99,19,117,14,239,5,51,11,74,1285
Rajasthan,G.R.P.,2022,15,17,1,42,87,3,36,89,212,125,33,113,5,188,7,51,14,77,1321
Rajasthan,Ganganagar,2015,142,148,17,226,278,25,108,302,1696,632,94,419,58,1188,48,278,45,465,7203
Rajasthan,Ganganagar,2016,154,155,23,120,312,34,200,330,1232,496,82,354,42,1038,41,489,155,609,7014
Rajasthan,Ganganagar,2017,137,185,15,183,530,17,158,352,1945,698,243,431,77,1495,52,458,72,517,8716
Rajasthan,Ganganagar,2018,133,145,23,193,235,28,222,467,1217,693,208,424,55,1225,50,448,109,626,7739
Rajasthan,Ganganagar,2019,114,151,16,119,501,35,170,610,1593,701,239,490,57,1289,22,258,51,388,7915
Rajasthan,Ganganagar,2020,83,116,14,149,263,27,93,532,1605,857,96,583,28,922,29,381,102,301,7159
Rajasthan,Ganganagar,2021,152,168,26,191,375,10,139,342,1296,689,157,541,35,1292,39,362,61,328,7264
Rajasthan,Ganganagar,2022,143,187,32,198,260,13,79,332,2061,1337,117,797,53,1164,45,425,86,538,9058
Rajasthan,Hanumangarh,2015,90,113,13,127,358,18,99,292,1098,427,67,350,55,1112,37,215,59,209,5518
Rajasthan,Hanumangarh,2016,74,75,7,151,199,14,109,494,1142,462,211,306,65,1112,50,196,68,317,5889
Rajasthan,Hanumangarh,2017,104,85,12,179,233,26,133,483,867,499,149,385,41,1037,61,221,62,355,5769
Rajasthan,Hanumangarh,2018,102,83,23,169,342,22,148,386,1318,829,141,387,65,1256,47,357,72,323,6961
Rajasthan,Hanumangarh,2019,115,144,22,110,365,13,79,234,1396,490,81,317,52,1239,16,243,67,332,6183
Rajasthan,Hanumangarh,2020,86,77,10,88,308,14,60,244,1151,505,154,443,37,1005,30,188,47,353,5508
Rajasthan,Hanumangarh,2021,91,98,18,161,215,17,108,246,1444,660,215,409,28,1159,29,373,110,308,6501
Rajasthan,Hanumangarh,2022,98,85,19,114,265,13,106,376,1105,505,182,492,36,881,22,164,27,406,5710
Rajasthan,Jaipur,2015,390,424,57,568,1319,24,275,1032,5186,2937,300,1091,116,3051,93,1243,376,1297,22695
Rajasthan,Jaipur,2016,282,237,40,605,667,45,408,805,3114,1519,634,1025,124,2540,179,1353,385,858,19969
Rajasthan,Jaipur,2017,432,597,44,485,1178,69,565,1262,5353,1968,487,1451,82,3753,115,878,210,1095,23220
Rajasthan,Jaipur,2018,457,569,51,386,1066,67,542,1700,3913,1643,708,1315,207,4197,103,1445,297,1037,23086
Rajasthan,Jaipur,2019,360,447,46,623,926,102,530,1020,4743,2247,534,1444,169,4552,98,758,211,1921,24001
Rajasthan,Jaipur,2020,336,429,42,626,767,58,263,1238,4981,2365,462,1408,205,2561,198,833,251,921,20792
Rajasthan,Jaipur,2021,363,401,62,553,971,30,433,1146,4174,1818,249,1948,187,4053,160,881,166,1802,22704
Rajasthan,Jaipur,2022,429,486,46,767,1546,79,646,1148,4128,2301,398,2134,185,4671,149,890,277,1763,25626
Rajasthan,Jaisalmer,2015,19,25,4,29,79,1,34,124,230,128,46,80,6,269,6,71,11,117,1535
Rajasthan,Jaisalmer,2016,24,33,3,44,51,1,46,129,408,182,26,83,7,200,8,106,25,109,1720
Rajasthan,Jaisalmer,2017,33,44,8,51,66,1,40,115,366,198,44,109,15,286,11,72,21,128,1837
Rajasthan,Jaisalmer,2018,32,31,6,30,63,6,37,112,464,229,24,98,19,306,10,105,32,75,1936
Rajasthan,Jaisalmer,2019,29,38,4,25,111,6,42,95,403,197,41,88,10,223,4,83,27,117,1783
Rajasthan,Jaisalmer,2020,17,15,1,38,85,2,38,75,202,105,21,117,5,235,8,89,29,111,1389
Rajasthan,Jaisalmer,2021,22,20,5,26,49,4,19,80,402,232,48,119,6,250,4,58,17,115,1694
Rajasthan,Jaisalmer,2022,26,21,5,56,71,7,21,142,314,121,36,151,8,297,17,62,17,98,1716
Rajasthan,Jalore,2015,64,65,10,85,131,3,71,193,495,244,61,183,34,462,20,170,50,254,3222
Rajasthan,Jalore,2016,49,61,8,54,107,12,43,171,645,323,107,215,38,414,13,166,42,199,3284
Rajasthan,Jalore,2017,50,46,10,110,162,9,51,152,635,356,42,165,18,639,17,107,36,272,3354
Rajasthan,Jalore,2018,64,57,10,99,186,8,33,215,754,285,125,210,32,695,20,102,33,176,3593
Rajasthan,Jalore,2019,66,74,11,101,126,8,93,215,545,318,133,209,28,436,19,151,36,207,3549
Rajasthan,Jalore,2020,63,57,13,56,170,7,36,172,773,287,72,214,15,620,18,152,28,142,3328
Rajasthan,Jalore,2021,61,81,9,80,96,15,46,152,784,314,60,320,29,428,25,200,51,188,3409
Rajasthan,Jalore,2022,64,81,10,107,189,4,73,262,712,410,129,288,29,529,37,179,45,220,3859
Rajasthan,Jhalawar,2015,68,58,10,95,153,20,79,244,1018,528,165,216,23,966,31,224,77,307,4948
Rajasthan,Jhalawar,2016,76,70,11,173,242,5,144,409,995,558,130,257,32,626,47,234,54,351,5180
Rajasthan,Jhalawar,2017,98,118,23,164,315,25,66,293,812,478,186,377,40,898,50,236,40,242,5294
Rajasthan,Jhalawar,2018,74,101,7,178,268,20,160,481,1455,586,70,289,34,979,36,331,109,466,6456
Rajasthan,Jhalawar,2019,82,102,14,182,323,23,158,292,1334,706,205,364,59,844,44,252,82,421,6325
Rajasthan,Jhalawar,2020,63,81,14,83,133,13,67,323,780,344,102,379,25,889,15,177,33,342,4497
Rajasthan,Jhalawar,2021,69,64,9,171,219,16,94,340,1328,675,111,527,48,1023,30,175,36,364,6036
Rajasthan,Jhalawar,2022,71,94,16,121,266,10,103,437,908,367,158,437,44,1079,21,208,64,261,5442
Rajasthan,Jhunjhunu,2015,85,112,13,156,158,21,102,423,1200,629,57,335,44,632,37,184,33,248,5253
Rajasthan,Jhunjhunu,2016,81,90,12,185,375,26,89,428,1455,809,172,288,34,682,31,207,47,275,6114
Rajasthan,Jhunjhunu,2017,102,84,16,178,219,7,94,392,1218,463,225,291,57,1119,29,237,38,421,6047
Rajasthan,Jhunjhunu,2018,100,137,12,144,243,29,152,248,1529,746,90,340,39,894,22,385,64,372,6456
Rajasthan,Jhunjhunu,2019,111,122,24,150,308,17,168,444,965,407,109,324,54,1266,50,270,49,383,6109
Rajasthan,Jhunjhunu,2020,83,72,9,81,246,22,61,272,844,519,113,494,36,962,13,222,60,349,5197
Rajasthan,Jhunjhunu,2021,102,102,13,192,376,26,94,241,979,356,161,540,26,893,36,355,123,457,5955
Rajasthan,Jhunjhunu,2022,101,111,19,185,321,9,101,297,1554,612,196,552,60,1196,48,317,98,320,6974
Rajasthan,Jodhpur,2015,115,94,13,162,303,12,173,413,1095,626,238,427,60,1210,50,264,45,505,6729
Rajasthan,Jodhpur,2016,115,150,26,223,338,25,146,303,1354,781,77,400,51,1054,58,305,58,557,7040
Rajasthan,Jodhpur,2017,131,178,21,144,454,24,159,518,1314,779,98,427,58,994,47,272,64,474,7225
Rajasthan,Jodhpur,2018,122,142,16,165,338,15,144,462,1319,811,171,377,31,1410,30,336,68,469,7520
Rajasthan,Jodhpur,2019,104,138,23,125,367,32,115,362,1528,644,284,525,69,1481,34,327,80,638,8013
Rajasthan,Jodhpur,2020,90,121,15,131,305,26,158,370,1679,835,198,478,63,1013,34,335,111,299,7187
Rajasthan,Jodhpur,2021,141,157,21,252,279,34,101,589,1715,888,195,779,60,1508,76,311,57,333,8591
Rajasthan,Jodhpur,2022,144,178,26,171,489,28,200,631,1403,678,273,558,56,1043,52,414,103,601,8131
Rajasthan,Karauli,2015,86,88,20,119,178,18,113,220,759,455,118,291,29,665,35,222,60,313,4937
Rajasthan,Karauli,2016,59,67,13,130,225,19,93,243,814,459,116,307,43,1074,33,293,87,317,5131
Rajasthan,Karauli,2017,69,84,10,146,331,8,60,400,1230,735,53,257,28,885,26,270,54,394,5760
Rajasthan,Karauli,2018,80,75,16,96,186,8,62,285,930,346,182,242,48,947,23,275,52,367,4938
Rajasthan,Karauli,2019,106,98,21,150,215,10,59,336,1186,675,153,344,43,1089,47,198,43,252,5775
Rajasthan,Karauli,2020,87,94,20,81,290,15,73,336,850,382,142,426,44,812,26,157,33,198,4734
Rajasthan,Karauli,2021,83,105,8,126,172,13,52,408,1129,676,182,366,18,578,23,209,34,262,5134
Rajasthan,Karauli,2022,110,122,26,144,307,12,133,284,861,360,150,524,60,912,33,176,61,335,5372
Rajasthan,Kota,2015,106,102,13,236,284,28,164,304,1728,1032,185,492,59,1249,73,425,129,350,8021
Rajasthan,Kota,2016,136,119,15,209,331,12,193,408,1572,943,111,403,50,950,44,373,72,396,7323
Rajasthan,Kota,2017,86,80,8,211,431,30,129,541,1316,476,70,385,79,922,34,415,131,552,6925
Rajasthan,Kota,2018,133,136,17,165,315,31,116,605,1582,791,104,506,33,1385,44,322,58,530,7963
Rajasthan,Kota,2019,102,86,24,236,291,20,178,559,1603,608,233,379,24,1031,67,493,115,646,7823
Rajasthan,Kota,2020,101,138,16,187,198,14,147,448,1132,487,222,558,54,1295,49,412,70,358,6865
Rajasthan,Kota,2021,106,117,24,244,443,31,202,500,1321,522,301,827,76,1351,71,258,86,685,8337
Rajasthan,Kota,2022,141,193,15,146,377,15,112,688,2134,1218,303,632,30,1742,39,473,128,390,10014
Rajasthan,Nagaur,2015,98,101,22,191,184,19,119,327,1118,393,179,352,58,1016,29,346,106,501,6063
Rajasthan,Nagaur,2016,95,90,17,107,241,27,66,266,1279,717,93,337,18,1109,24,257,68,504,6187
Rajasthan,Nagaur,2017,106,110,12,174,290,13,152,359,996,551,220,413,18,756,55,181,63,412,5938
Rajasthan,Nagaur,2018,95,121,19,124,228,31,104,557,1811,663,81,464,53,1297,42,301,47,578,7623
Rajasthan,Nagaur,2019,106,88,17,148,306,11,145,318,1253,754,201,413,51,1370,33,387,128,542,7272
Rajasthan,Nagaur,2020,78,70,15,170,332,18,70,229,1191,697,130,530,23,763,38,196,51,349,5702
Rajasthan,Nagaur,2021,125,130,24,210,323,26,165,474,1480,783,171,593,40,972,61,191,38,381,7120
Rajasthan,Nagaur,2022,92,81,11,168,201,12,114,423,1397,498,181,509,35,1070,43,276,63,303,6433
Rajasthan,Pali,2015,80,83,13,159,284,26,144,338,1008,489,137,352,48,759,39,197,50,438,6258
Rajasthan,Pali,2016,114,131,28,119,217,20,102,547,1095,520,206,416,52,1278,34,351,67,351,6852
Rajasthan,Pali,2017,95,121,19,177,341,21,166,550,1103,460,116,320,29,1382,37,251,42,415,6615
Rajasthan,Pali,2018,115,159,26,184,343,21,181,479,1738,1021,265,494,60,1009,29,473,142,445,8239
Rajasthan,Pali,2019,164,200,18,159,417,30,153,644,1250,456,129,524,89,1478,51,366,118,631,8008
Rajasthan,Pali,2020,77,66,13,141,365,11,158,437,1394,566,184,500,63,968,23,359,105,387,6714
Rajasthan,Pali,2021,116,105,17,224,214,27,104,587,1224,782,93,560,67,971,52,219,40,408,6856
Rajasthan,Pali,2022,165,222,22,175,380,29,194,385,1918,1192,132,741,77,1275,28,233,36,643,8987
Rajasthan,Rajsamand,2015,45,50,11,63,185,14,42,140,707,301,34,179,18,459,18,132,23,120,2981
Rajasthan,Rajsamand,2016,41,44,7,66,163,3,51,203,480,192,72,199,34,511,14,166,49,254,3137
Rajasthan,Rajsamand,2017,57,70,7,93,168,10,57,232,615,236,75,176,25,566,19,118,35,130,3181
Rajasthan,Rajsamand,2018,70,82,16,103,222,11,69,244,630,266,128,202,21,420,20,172,42,165,3369
Rajasthan,Rajsamand,2019,60,68,14,92,222,7,77,190,862,391,55,173,37,446,21,177,61,153,3598
Rajasthan,Rajsamand,2020,35,42,4,77,151,7,49,108,486,248,91,253,21,413,24,161,31,99,2665
Rajasthan,Rajsamand,2021,47,49,6,68,92,6,60,178,665,361,105,254,27,408,22,154,30,213,3188
Rajasthan,Rajsamand,2022,57,57,11,81,126,10,45,164,589,345,65,274,30,580,13,152,38,171,3336
Rajasthan,Sawai Madhopur,2015,91,115,18,107,166,11,78,252,962,504,65,232,46,910,25,155,52,188,4618
Rajasthan,Sawai Madhopur,2016,71,87,13,130,170,5,106,318,885,345,137,237,22,863,19,164,45,259,4518
Rajasthan,Sawai Madhopur,2017,82,70,20,92,147,9,91,242,1084,619,118,242,31,777,30,300,82,204,4930
Rajasthan,Sawai Madhopur,2018,60,62,10,92,302,18,69,253,906,390,102,255,38,544,14,304,57,326,4467
Rajasthan,Sawai Madhopur,2019,77,84,12,162,292,18,74,353,877,538,99,267,54,633,27,292,71,409,5091
Rajasthan,Sawai Madhopur,2020,69,59,7,128,157,14,111,311,997,381,67,291,29,589,35,192,66,204,4270
Rajasthan,Sawai Madhopur,2021,80,74,9,79,264,4,120,317,1199,555,166,404,48,947,24,243,52,339,5592
Rajasthan,Sawai Madhopur,2022,55,68,8,94,181,18,126,279,725,319,86,486,34,566,32,149,38,225,4626
Rajasthan,Sikar,2015,106,142,16,114,525,26,128,430,2083,1164,88,464,41,1462,23,230,64,604,8845
Rajasthan,Sikar,2016,132,139,14,262,246,10,219,657,1440,687,123,491,72,1634,56,516,106,504,8446
Rajasthan,Sikar,2017,100,125,22,192,373,10,110,629,1327,522,126,451,58,1523,50,219,48,403,7370
Rajasthan,Sikar,2018,116,111,15,238,479,28,187,495,1864,661,148,555,93,1307,48,527,146,525,8781
Rajasthan,Sikar,2019,112,115,23,199,266,36,95,586,2197,807,202,409,76,1355,69,354,108,697,8911
Rajasthan,Sikar,2020,108,137,25,156,313,24,72,272,986,586,84,517,67,1042,26,302,63,403,6088
Rajasthan,Sikar,2021,114,108,22,139,545,34,164,537,2178,1405,110,794,53,1685,23,266,40,498,9893
Rajasthan,Sikar,2022,172,228,22,128,306,33,101,619,1982,788,124,782,47,1658,29,358,122,532,9240
Rajasthan,Sirohi,2015,47,60,8,46,145,5,36,103,588,278,78,172,26,333,14,93,19,141,2563
Rajasthan,Sirohi,2016,39,54,7,65,97,3,57,116,595,364,89,137,20,525,18,158,27,152,2890
Rajasthan,Sirohi,2017,51,65,5,42,101,9,64,166,650,368,69,148,24,412,14,85,21,186,2877
Rajasthan,Sirohi,2018,52,42,8,82,185,5,81,219,552,354,110,188,12,568,23,159,40,142,3242
Rajasthan,Sirohi,2019,36,29,4,42,82,6,44,100,476,275,86,132,25,378,13,147,35,213,2500
Rajasthan,Sirohi,2020,43,56,7,78,96,10,31,129,622,284,56,234,27,289,19,159,45,146,2675
Rajasthan,Sirohi,2021,43,59,10,63,111,10,49,199,620,375,87,231,17,455,18,116,31,191,3034
Rajasthan,Sirohi,2022,32,44,6,74,169,7,50,158,410,247,78,273,25,473,17,157,32,149,2780
Rajasthan,Tonk,2015,74,102,18,135,224,23,50,385,1163,513,94,296,49,817,39,202,38,219,5165
Rajasthan,Tonk,2016,73,99,14,106,280,20,54,361,1290,614,121,348,39,881,28,195,42,386,5682
Rajasthan,Tonk,2017,70,75,10,138,273,15,132,210,720,313,62,254,40,763,34,175,59,332,4700
Rajasthan,Tonk,2018,68,65,10,170,257,15,101,311,1177,761,180,275,29,822,52,188,55,385,5727
Rajasthan,Tonk,2019,82,71,14,107,373,20,54,270,1131,644,198,345,49,1158,27,368,85,308,6106
Rajasthan,Tonk,2020,77,90,17,114,225,7,66,329,970,427,150,385,18,636,38,158,43,343,4685
Rajasthan,Tonk,2021,99,132,19,163,326,13,108,404,1077,548,78,421,26,1037,46,324,103,350,6007
Rajasthan,Tonk,2022,115,98,15,135,299,19,60,469,1164,748,80,431,52,949,28,176,57,454,6165
Rajasthan,Udaipur,2015,185,205,32,180,407,40,282,582,1759,797,262,485,50,1884,52,578,195,455,9894
Rajasthan,Udaipur,2016,146,126,29,320,329,30,136,698,2398,1289,134,510,68,1882,68,533,118,804,11104
Rajasthan,Udaipur,2017,127,138,18,341,313,23,192,521,2535,1380,199,703,77,1369,98,719,217,727,11240
Rajasthan,Udaipur,2018,194,195,40,331,628,34,291,590,2830,1108,286,711,65,2038,82,639,131,764,12584
Rajasthan,Udaipur,2019,219,234,34,299,373,33,176,626,2084,1345,259,785,91,1415,76,497,92,831,11351
Rajasthan,Udaipur,2020,115,157,25,223,560,15,226,615,1813,845,101,878,50,1467,33,412,103,429,9371
Rajasthan,Udaipur,2021,123,134,18,337,622,30,228,630,2493,1295,189,943,52,1298,82,369,90,727,11157
Rajasthan,Udaipur,2022,238,295,28,366,456,48,235,859,2566,1379,162,966,125,1757,121,808,243,725,13163
Sikkim,East,2015,13,17,1,20,24,1,13,53,145,77,7,30,6,123,6,38,6,37,710
Sikkim,East,2016,11,15,1,20,22,1,14,33,141,71,10,34,3,106,6,25,8,27,640
Sikkim,East,2017,9,12,2,16,22,0,10,46,168,90,20,36,2,84,2,20,4,42,678
Sikkim,East,2018,12,11,2,10,23,3,14,33,166,75,16,45,4,86,3,36,8,30,688
Sikkim,East,2019,12,15,1,14,36,2,7,36,128,51,7,34,4,135,4,29,10,38,678
Sikkim,East,2020,9,8,1,13,28,1,15,38,100,64,8,55,6,117,1,37,8,28,622
Sikkim,East,2021,11,13,1,17,32,2,18,54,145,68,21,60,3,143,5,36,8,47,783
Sikkim,East,2022,14,11,2,19,33,1,19,46,159,76,14,61,2,136,3,46,12,57,813
Sikkim,North,2015,1,1,0,1,3,0,1,3,10,6,1,2,0,7,0,2,0,3,49
Sikkim,North,2016,1,1,0,1,1,0,1,3,10,5,0,3,0,7,0,2,0,3,57
Sikkim,North,2017,1,1,0,1,3,0,0,5,12,6,2,3,0,11,0,3,0,4,60
Sikkim,North,2018,1,1,0,1,3,0,0,3,9,4,0,3,0,8,0,1,0,3,58
Sikkim,North,2019,1,1,0,2,3,0,1,3,9,4,0,3,0,9,0,3,1,2,63
Sikkim,North,2020,1,1,0,1,1,0,0,3,10,3,1,4,0,6,0,2,0,2,48
Sikkim,North,2021,1,1,0,1,2,0,1,2,14,9,0,4,0,11,0,2,0,2,57
Sikkim,North,2022,1,1,0,1,2,0,0,3,9,3,1,5,0,8,0,2,0,3,56
Sikkim,South,2015,3,3,0,8,15,0,6,20,61,23,9,16,1,55,1,16,3,19,302
Sikkim,South,2016,3,3,0,5,8,0,4,19,44,16,9,15,1,50,1,9,3,11,283
Sikkim,South,2017,5,6,0,5,18,0,7,22,60,36,7,20,2,43,1,11,1,27,319
Sikkim,South,2018,4,4,0,7,22,1,7,17,93,54,9,23,3,50,2,11,1,22,382
Sikkim,South,2019,6,5,0,5,13,1,4,25,100,37,9,22,4,62,1,15,3,27,393
Sikkim,South,2020,5,4,0,8,14,0,3,12,51,32,7,22,1,35,2,12,4,19,284
Sikkim,South,2021,5,6,0,10,9,1,7,24,67,35,12,24,1,51,2,13,2,18,334
Sikkim,South,2022,6,7,1,8,21,1,7,24,65,33,10,30,3,40,1,11,3,18,336
Sikkim,West,2015,2,2,0,2,6,0,1,8,32,19,5,7,0,16,0,5,1,5,129
Sikkim,West,2016,2,2,0,2,4,0,2,10,36,18,2,7,0,24,0,8,1,9,146
Sikkim,West,2017,2,2,0,4,8,0,3,13,32,11,5,8,0,25,0,5,1,8,148
Sikkim,West,2018,1,1,0,3,5,0,1,9,33,19,1,6,0,26,0,6,1,9,142
Sikkim,West,2019,2,2,0,3,7,0,3,6,37,19,2,9,0,23,1,6,1,5,146
Sikkim,West,2020,1,1,0,4,5,0,3,5,33,19,3,9,1,23,0,4,1,8,138
Sikkim,West,2021,2,2,0,3,4,0,3,5,23,11,2,11,0,16,0,6,1,11,133
Sikkim,West,2022,2,2,0,3,7,0,1,11,20,12,1,13,1,23,0,6,1,6,133
Tamil Nadu,Ariyalur,2015,23,25,5,30,79,2,37,100,409,181,18,100,8,228,7,103,25,106,1726
Tamil Nadu,Ariyalur,2016,25,30,3,35,76,5,38,103,256,163,47,100,9,272,9,62,12,119,1677
Tamil Nadu,Ariyalur,2017,24,29,5,54,111,7,52,152,312,113,55,88,10,344,17,90,21,134,1890
Tamil Nadu,Ariyalur,2018,36,49,6,39,76,7,24,112,298,185,28,85,18,272,9,61,19,104,1688
Tamil Nadu,Ariyalur,2019,26,23,4,57,98,3,50,159,326,178,20,123,15,371,13,124,35,157,2049
Tamil Nadu,Ariyalur,2020,19,19,2,42,45,3,38,124,353,216,56,149,6,275,8,85,26,66,1743
Tamil Nadu,Ariyalur,2021,26,31,2,48,69,6,34,114,436,193,30,123,10,332,13,63,15,117,1910
Tamil Nadu,Ariyalur,2022,32,34,5,36,121,5,39,127,377,219,53,179,20,346,9,93,25,153,2159
Tamil Nadu,Chengai,2015,234,214,48,263,459,41,380,775,2177,1047,464,695,141,2062,82,627,213,1217,13752
Tamil Nadu,Chengai,2016,159,152,23,258,780,19,145,672,2996,1210,456,613,67,2367,70,410,100,920,13272
Tamil Nadu,Chengai,2017,266,228,37,276,523,30,376,878,2123,803,166,708,142,1901,66,602,148,1005,13306
Tamil Nadu,Chengai,2018,326,439,36,378,819,15,396,837,3211,1146,580,973,64,1855,105,1009,197,1345,15974
Tamil Nadu,Chengai,2019,278,356,63,215,422,23,409,1113,2835,1039,405,727,123,2182,63,553,184,1060,14101
Tamil Nadu,Chengai,2020,254,276,46,196,583,48,306,630,2354,824,300,1064,109,1815,33,787,190,817,12444
Tamil Nadu,Chengai,2021,246,243,57,251,844,30,280,910,3642,2249,434,1444,93,2570,80,502,106,814,16947
Tamil Nadu,Chengai,2022,299,245,50,416,739,52,226,1288,2944,1874,284,1203,45,3103,121,450,124,1190,16840
Tamil Nadu,Chennai,2015,271,257,47,276,656,29,245,1114,2638,1702,486,1122,173,3581,74,958,284,1331,17755
Tamil Nadu,Chennai,2016,219,267,36,328,1035,19,447,1536,2664,941,653,950,82,2241,101,762,262,861,17213
Tamil Nadu,Chennai,2017,269,273,52,569,892,60,334,952,3557,2181,445,1354,143,3373,176,938,165,1483,20044
Tamil Nadu,Chennai,2018,307,357,46,456,729,46,320,973,3053,1768,217,1219,173,2751,72,1192,332,706,17550
Tamil Nadu,Chennai,2019,372,316,61,685,1403,54,494,1566,4253,2513,437,1484,152,2835,140,1034,220,1094,22239
Tamil Nadu,Chennai,2020,275,373,65,357,652,29,322,836,3213,1696,638,1296,176,3191,109,923,237,1281,18074
Tamil Nadu,Chennai,2021,258,338,32,501,781,39,228,991,3950,2028,462,1598,65,3401,93,750,220,899,19257
Tamil Nadu,Chennai,2022,298,348,44,309,1305,74,260,1572,4865,3029,743,2067,126,4214,59,1284,358,982,24855
Tamil Nadu,Chennai Rly.,2015,11,12,2,17,25,1,17,43,142,52,16,36,3,80,3,19,5,49,626
Tamil Nadu,Chennai Rly.,2016,13,12,2,11,32,2,9,32,123,70,14,33,7,112,2,47,13,35,680
Tamil Nadu,Chennai Rly.,2017,10,13,1,16,37,1,20,53,126,61,20,46,6,105,5,35,7,29,694
Tamil Nadu,Chennai Rly.,2018,8,10,1,18,32,1,10,26,160,68,19,45,5,131,3,25,7,48,714
Tamil Nadu,Chennai Rly.,2019,13,13,2,21,48,3,20,52,119,50,13,47,3,101,5,45,8,37,705
Tamil Nadu,Chennai Rly.,2020,11,12,1,13,20,2,9,33,99,46,13,50,4,64,3,33,5,40,535
Tamil Nadu,Chennai Rly.,2021,14,13,1,23,35,2,20,53,183,93,21,64,2,129,6,39,13,58,873
Tamil Nadu,Chennai Rly.,2022,9,8,2,16,21,3,9,40,142,63,8,58,7,121,3,24,4,47,685
Tamil Nadu,Coimbatore Rural,2015,97,105,12,128,373,16,65,369,1496,922,198,283,32,886,26,337,113,223,6496
Tamil Nadu,Coimbatore Rural,2016,94,88,12,188,230,21,113,402,1115,467,96,354,29,1193,37,232,61,332,5907
Tamil Nadu,Coimbatore Rural,2017,83,108,8,125,208,9,92,236,1323,721,124,346,48,1092,21,296,84,334,6029
Tamil Nadu,Coimbatore Rural,2018,119,138,24,121,246,23,155,245,1186,718,197,320,29,928,25,249,75,353,5996
Tamil Nadu,Coimbatore Rural,2019,92,81,11,201,269,14,95,527,990,397,187,382,47,798,42,279,91,444,6219
Tamil Nadu,Coimbatore Rural,2020,79,66,15,162,276,13,121,338,1261,456,138,468,27,988,39,179,29,358,5735
Tamil Nadu,Coimbatore Rural,2021,112,116,16,155,207,26,101,366,1364,631,184,544,49,1066,53,209,31,234,6328
Tamil Nadu,Coimbatore Rural,2022,72,85,11,137,271,11,172,500,1120,688,201,521,51,727,36,392,96,515,6491
Tamil Nadu,Coimbatore Urban,2015,276,293,32,391,796,63,295,1299,4102,2647,272,1024,142,2892,100,578,168,1536,19656
Tamil Nadu,Coimbatore Urban,2016,280,231,40,454,849,55,424,794,4872,2547,459,1130,98,2598,99,905,170,1329,19977
Tamil Nadu,Coimbatore Urban,2017,273,360,52,682,1014,61,317,1633,4502,1890,467,974,144,3032,176,1091,335,1309,21336
Tamil Nadu,Coimbatore Urban,2018,337,424,76,314,1215,61,544,1438,4549,1794,569,1011,162,3443,95,1094,319,933,21454
Tamil Nadu,Coimbatore Urban,2019,439,572,100,634,1060,94,482,1098,5556,2680,722,1532,155,3196,113,1028,359,1439,24501
Tamil Nadu,Coimbatore Urban,2020,262,244,35,330,605,56,442,1322,3223,1453,435,1589,78,2564,98,922,188,1125,17274
Tamil Nadu,Coimbatore Urban,2021,331,352,38,411,686,102,205,1201,3302,1994,281,1654,130,3935,116,802,187,920,20571
Tamil Nadu,Coimbatore Urban,2022,382,465,71,642,1290,91,318,1192,3903,1422,473,1660,112,3089,107,1045,164,1724,21038
Tamil Nadu,Cuddalore,2015,214,249,43,338,345,11,132,451,2064,727,352,536,103,1677,90,514,97,400,9808
Tamil Nadu,Cuddalore,2016,140,177,15,189,555,42,235,804,1721,960,206,509,57,1327,53,361,109,519,10146
Tamil Nadu,Cuddalore,2017,189,260,30,204,605,22,267,579,1796,734,117,678,110,2176,32,461,128,711,10688
Tamil Nadu,Cuddalore,2018,154,210,16,217,571,12,274,482,2491,1024,208,576,36,1370,49,427,69,735,10475
Tamil Nadu,Cuddalore,2019,207,252,49,175,663,45,257,530,2184,1309,276,559,63,1961,29,323,100,494,11036
Tamil Nadu,Cuddalore,2020,135,140,19,176,293,25,113,518,1691,1032,260,892,46,1362,46,583,91,711,9481
Tamil Nadu,Cuddalore,2021,186,163,25,214,497,47,170,500,2084,1113,342,796,74,2150,57,388,123,799,11269
Tamil Nadu,Cuddalore,2022,215,197,51,206,544,46,229,491,1898,1164,113,994,90,1373,59,386,124,579,10255
Tamil Nadu,Dharmapuri,2015,67,63,8,141,175,4,50,251,1103,618,129,225,45,591,38,134,22,295,4598
Tamil Nadu,Dharmapuri,2016,63,55,13,149,160,7,62,246,974,574,129,336,31,771,51,332,98,390,5169
Tamil Nadu,Dharmapuri,2017,68,62,12,121,224,18,49,266,1115,663,72,317,49,969,23,148,39,211,5101
Tamil Nadu,Dharmapuri,2018,102,112,17,114,310,7,56,216,1039,557,185,325,40,674,18,206,60,434,5222
Tamil Nadu,Dharmapuri,2019,111,139,26,169,261,16,63,405,1221,776,150,326,26,1039,28,330,74,289,6223
Tamil Nadu,Dharmapuri,2020,67,91,10,113,253,13,110,165,1043,401,122,386,36,646,38,270,57,201,4604
Tamil Nadu,Dharmapuri,2021,94,93,20,101,146,12,71,212,1169,689,111,407,24,758,17,259,70,340,5264
Tamil Nadu,Dharmapuri,2022,75,87,13,107,334,14,145,319,895,400,167,464,28,983,37,296,63,453,5673
Tamil Nadu,Dindigul,2015,119,131,25,119,269,15,165,399,1199,512,159,366,37,1008,24,398,105,479,6490
Tamil Nadu,Dindigul,2016,92,108,16,195,280,24,133,432,1831,947,69,458,69,1337,56,239,74,491,7878
Tamil Nadu,Dindigul,2017,148,144,31,156,376,20,126,405,1184,606,199,400,23,878,27,441,152,394,7156
Tamil Nadu,Dindigul,2018,83,68,10,201,262,9,109,408,1498,653,177,449,74,1277,45,336,68,477,7228
Tamil Nadu,Dindigul,2019,146,193,15,128,447,16,99,580,1205,718,120,478,69,993,24,351,108,524,7291
Tamil Nadu,Dindigul,2020,67,71,16,121,204,20,119,305,1380,712,59,438,58,1058,32,212,69,287,6019
Tamil Nadu,Dindigul,2021,134,130,27,200,300,28,162,281,1101,599,126,561,68,1282,45,377,72,458,6905
Tamil Nadu,Dindigul,2022,101,80,22,162,356,12,184,428,1554,743,76,732,81,1532,52,257,72,676,8249
Tamil Nadu,Erode,2015,69,72,7,119,131,14,64,335,735,344,163,263,49,758,37,143,29,386,4387
Tamil Nadu,Erode,2016,79,93,19,94,239,9,112,335,766,390,106,344,34,686,24,161,37,271,4805
Tamil Nadu,Erode,2017,63,56,8,118,291,13,94,185,991,525,75,220,50,983,33,205,48,184,4822
Tamil Nadu,Erode,2018,108,133,12,128,271,10,63,251,1394,847,190,327,18,616,43,267,68,290,5796
Tamil Nadu,Erode,2019,63,80,10,146,159,16,46,253,1228,543,140,225,16,587,22,203,33,408,4877
Tamil Nadu,Erode,2020,55,57,6,131,262,11,107,259,923,383,105,347,16,791,29,260,75,190,4588
Tamil Nadu,Erode,2021,56,54,8,105,186,17,92,339,949,606,72,422,38,744,16,228,53,351,4985
Tamil Nadu,Erode,2022,80,101,17,75,227,7,130,320,1122,552,132,384,22,797,22,236,69,209,5242
Tamil Nadu,Kanchipuram,2015,135,125,30,206,586,23,104,564,1704,671,180,589,61,1191,46,327,93,572,8477
Tamil Nadu,Kanchipuram,2016,154,214,28,150,490,21,124,627,2084,1272,144,491,88,1089,41,454,97,647,9434
Tamil Nadu,Kanchipuram,2017,110,135,25,194,550,16,188,688,2150,1243,119,514,78,1709,67,546,160,734,10454
Tamil Nadu,Kanchipuram,2018,158,182,25,229,313,12,234,391,1775,1045,208,554,89,1334,38,332,56,539,8825
Tamil Nadu,Kanchipuram,2019,143,181,17,280,337,40,111,621,1985,744,189,503,62,1291,51,386,66,699,9018
Tamil Nadu,Kanchipuram,2020,89,119,18,133,316,10,110,519,2013,1230,142,694,63,1256,30,331,89,324,8582
Tamil Nadu,Kanchipuram,2021,177,177,39,188,317,33,267,505,1816,913,101,909,43,1444,60,589,204,393,9521
Tamil Nadu,Kanchipuram,2022,171,168,31,293,590,15,191,491,1994,909,141,843,52,1227,68,297,55,740,9573
Tamil Nadu,Kanyakumari,2015,49,50,11,92,123,18,79,288,875,344,86,272,29,795,22,273,50,207,4250
Tamil Nadu,Kanyakumari,2016,72,62,11,78,193,8,105,332,618,220,77,201,31,860,24,248,60,217,4007
Tamil Nadu,Kanyakumari,2017,70,70,8,91,142,19,86,322,747,406,128,252,20,790,30,175,43,351,4371
Tamil Nadu,Kanyakumari,2018,61,62,12,85,275,19,82,352,869,517,49,340,18,985,16,175,56,282,4982
Tamil Nadu,Kanyakumari,2019,92,84,18,87,313,10,99,369,990,388,176,311,26,648,15,325,112,443,5254
Tamil Nadu,Kanyakumari,2020,66,87,10,63,202,17,75,268,685,252,88,257,19,544,17,116,17,261,3554
Tamil Nadu,Kanyakumari,2021,67,86,12,90,156,4,94,186,692,367,172,445,40,611,28,137,30,205,4365
Tamil Nadu,Kanyakumari,2022,63,62,9,91,131,7,120,273,747,480,115,426,50,910,29,281,94,356,4899
Tamil Nadu,Karur,2015,48,63,11,43,128,9,47,175,527,198,42,125,21,350,8,87,15,156,2392
Tamil Nadu,Karur,2016,43,48,7,56,103,2,50,194,565,332,29,128,15,347,14,82,25,97,2487
Tamil Nadu,Karur,2017,35,29,7,43,93,2,67,115,408,251,83,123,18,358,12,109,32,165,2291
Tamil Nadu,Karur,2018,54,71,9,82,165,9,79,217,650,315,56,186,13,536,25,115,26,224,3233
Tamil Nadu,Karur,2019,47,45,6,49,121,8,38,185,738,429,94,175,28,493,9,120,20,141,3162
Tamil Nadu,Karur,2020,43,49,4,47,81,5,56,136,521,260,39,209,16,294,8,101,16,104,2294
Tamil Nadu,Karur,2021,45,45,10,34,155,5,52,190,401,185,53,173,10,482,10,133,43,145,2505
Tamil Nadu,Karur,2022,55,64,12,85,172,10,81,241,427,265,63,241,17,365,24,113,22,223,2889
Tamil Nadu,Madurai Rural,2015,160,166,38,292,514,36,224,681,2310,947,285,473,84,1051,79,352,120,344,9428
Tamil Nadu,Madurai Rural,2016,168,229,19,197,410,16,211,557,1940,739,220,502,71,1429,50,285,50,377,8695
Tamil Nadu,Madurai Rural,2017,141,152,18,153,281,42,122,722,2409,992,268,544,32,1780,38,608,140,797,10603
Tamil Nadu,Madurai Rural,2018,129,118,26,245,256,33,126,713,1483,778,204,580,29,1182,75,310,102,383,8415
Tamil Nadu,Madurai Rural,2019,193,252,23,190,467,29,98,666,2019,912,376,656,67,1611,31,507,131,434,10075
Tamil Nadu,Madurai Rural,2020,112,109,22,165,230,18,172,549,1706,872,139,573,36,1072,49,307,48,353,7623
Tamil Nadu,Madurai Rural,2021,110,93,21,120,530,17,126,532,1995,964,158,620,60,1455,36,369,83,627,9083
Tamil Nadu,Madurai Rural,2022,175,195,40,246,330,16,122,738,2005,1069,252,963,54,2017,85,575,195,695,11212
Tamil Nadu,Madurai Urban,2015,50,53,7,47,193,12,49,129,576,289,63,200,15,455,8,167,58,220,3038
Tamil Nadu,Madurai Urban,2016,63,72,12,78,215,5,56,259,808,482,129,199,29,637,17,156,47,192,3968
Tamil Nadu,Madurai Urban,2017,43,59,6,64,185,9,94,256,532,221,71,203,14,721,22,167,42,212,3427
Tamil Nadu,Madurai Urban,2018,41,50,6,74,136,5,70,240,846,362,106,188,15,582,19,102,24,235,3584
Tamil Nadu,Madurai Urban,2019,58,75,14,101,152,6,41,248,962,351,130,242,11,714,26,199,60,295,4220
Tamil Nadu,Madurai Urban,2020,38,31,6,65,157,4,32,200,589,233,58,224,10,342,13,166,38,193,2797
Tamil Nadu,Madurai Urban,2021,37,32,9,71,206,3,38,249,806,461,40,320,24,460,15,165,52,246,3687
Tamil Nadu,Madurai Urban,2022,67,83,11,113,110,5,97,218,691,271,89,349,42,452,39,224,42,271,3713
Tamil Nadu,Nagapattinam,2015,97,127,19,141,182,22,74,231,782,388,106,316,56,729,47,200,49,201,4696
Tamil Nadu,Nagapattinam,2016,79,86,8,108,249,18,46,378,1135,450,155,217,43,580,20,176,29,204,4659
Tamil Nadu,Nagapattinam,2017,106,140,15,153,169,10,72,302,1347,664,146,300,45,624,45,334,111,387,5724
Tamil Nadu,Nagapattinam,2018,68,59,11,148,175,14,83,311,1304,626,64,317,39,722,40,229,76,327,5368
Tamil Nadu,Nagapattinam,2019,109,123,11,134,333,14,79,464,1229,791,52,359,15,1050,28,222,49,350,6187
Tamil Nadu,Nagapattinam,2020,80,74,8,117,155,10,50,305,998,422,76,460,29,521,31,258,86,187,4512
Tamil Nadu,Nagapattinam,2021,58,52,5,157,262,19,78,410,721,279,115,474,50,789,48,331,111,388,5058
Tamil Nadu,Nagapattinam,2022,115,129,16,93,248,16,151,454,1068,423,187,424,27,1066,28,357,65,425,6087
Tamil Nadu,Namakkal,2015,69,90,11,121,278,12,60,233,709,381,144,239,33,618,30,154,29,360,4180
Tamil Nadu,Namakkal,2016,67,69,15,148,177,12,102,219,993,494,162,265,49,686,41,249,65,201,4675
Tamil Nadu,Namakkal,2017,94,117,21,124,250,15,77,187,1207,493,46,275,42,655,28,254,87,355,5000
Tamil Nadu,Namakkal,2018,56,51,12,156,143,18,73,328,925,448,59,274,31,825,51,271,66,365,4842
Tamil Nadu,Namakkal,2019,83,70,13,98,190,8,54,355,793,292,169,222,18,638,25,162,47,196,4618
Tamil Nadu,Namakkal,2020,82,112,18,131,115,15,66,279,850,297,66,326,12,782,39,146,33,182,4116
Tamil Nadu,Namakkal,2021,75,73,16,92,175,14,66,252,1080,411,106,347,41,870,14,229,79,243,4843
Tamil Nadu,Namakkal,2022,84,90,10,148,173,18,128,407,751,479,88,387,49,888,23,154,49,338,4995
Tamil Nadu,Nilgiris,2015,19,16,2,26,42,1,13,74,253,114,39,83,8,274,6,84,21,59,1323
Tamil Nadu,Nilgiris,2016,20,25,4,31,85,6,30,85,315,146,47,92,9,242,8,41,11,116,1514
Tamil Nadu,Nilgiris,2017,24,22,4,33,55,3,18,74,218,129,50,95,11,248,7,45,12,113,1376
Tamil Nadu,Nilgiris,2018,26,35,2,34,52,5,24,88,348,124,47,65,8,244,10,56,9,67,1432
Tamil Nadu,Nilgiris,2019,23,24,4,41,43,5,26,78,266,140,37,90,8,242,11,64,21,114,1439
Tamil Nadu,Nilgiris,2020,23,18,4,37,36,2,12,88,232,144,22,115,7,214,12,39,13,56,1239
Tamil Nadu,Nilgiris,2021,28,37,3,40,78,6,23,62,221,108,22,132,14,236,7,51,13,75,1377
Tamil Nadu,Nilgiris,2022,21,29,4,21,80,4,40,71,350,205,20,130,10,223,4,47,8,83,1553
Tamil Nadu,Perambalur,2015,36,46,6,40,57,5,26,92,448,263,33,99,15,354,9,51,7,83,1923
Tamil Nadu,Perambalur,2016,37,49,5,55,97,3,40,105,348,187,20,123,11,220,14,98,24,119,1821
Tamil Nadu,Perambalur,2017,37,30,6,29,102,3,56,118,334,148,37,120,11,279,7,126,41,121,1910
Tamil Nadu,Perambalur,2018,25,32,4,50,72,4,20,98,314,187,37,92,7,404,10,70,13,112,1901
Tamil Nadu,Perambalur,2019,23,24,3,54,134,7,33,93,435,222,32,108,13,419,9,106,29,122,2157
Tamil Nadu,Perambalur,2020,22,20,5,23,66,5,30,119,354,200,29,152,16,247,4,96,19,68,1699
Tamil Nadu,Perambalur,2021,34,33,6,55,93,5,27,150,443,185,51,137,19,296,14,80,16,125,2030
Tamil Nadu,Perambalur,2022,24,21,3,35,85,4,55,110,422,222,44,161,9,241,7,68,20,158,1974
Tamil Nadu,Pudukottai,2015,58,71,6,118,234,16,65,342,796,306,115,241,29,741,19,233,48,217,4258
Tamil Nadu,Pudukottai,2016,54,58,10,95,234,11,53,267,1018,449,107,299,13,769,25,284,81,264,4717
Tamil Nadu,Pudukottai,2017,79,76,8,72,182,7,84,261,914,593,147,196,15,531,12,223,48,243,4276
Tamil Nadu,Pudukottai,2018,76,91,10,82,209,16,91,200,758,440,160,262,31,879,15,270,66,292,4550
Tamil Nadu,Pudukottai,2019,90,104,20,109,184,6,65,368,1197,456,104,262,26,598,22,252,74,316,4945
Tamil Nadu,Pudukottai,2020,47,39,10,79,98,10,44,198,534,197,126,338,12,423,19,208,57,234,3268
Tamil Nadu,Pudukottai,2021,78,104,14,139,239,5,73,196,841,393,119,295,21,698,46,160,46,207,4280
Tamil Nadu,Pudukottai,2022,83,116,15,125,185,18,50,353,927,438,64,426,23,704,34,162,44,217,4596
Tamil Nadu,Ramnathapuram,2015,66,74,9,105,217,9,66,186,701,325,148,237,19,733,17,230,44,335,4127
Tamil Nadu,Ramnathapuram,2016,71,98,14,122,133,14,119,198,737,299,123,234,24,676,38,149,48,294,4149
Tamil Nadu,Ramnathapuram,2017,89,105,20,68,224,7,95,304,854,451,122,288,24,683,19,232,36,302,4546
Tamil Nadu,Ramnathapuram,2018,73,90,15,107,277,8,105,236,895,576,86,261,26,890,19,219,59,276,4838
Tamil Nadu,Ramnathapuram,2019,90,98,15,141,168,20,45,218,907,536,156,239,48,793,34,235,68,307,4766
Tamil Nadu,Ramnathapuram,2020,43,44,10,79,112,10,61,303,801,453,136,376,21,656,17,171,39,283,4139
Tamil Nadu,Ramnathapuram,2021,57,77,10,72,181,7,63,288,928,554,100,340,45,700,21,235,47,210,4516
Tamil Nadu,Ramnathapuram,2022,91,90,22,97,148,18,58,339,956,602,53,453,39,701,21,202,35,225,4816
Tamil Nadu,Salem Rural,2015,77,86,11,85,205,25,149,281,1107,397,162,344,34,878,15,384,68,338,5554
Tamil Nadu,Salem Rural,2016,110,127,23,155,369,11,108,307,1352,522,130,382,65,1134,38,257,56,362,6380
Tamil Nadu,Salem Rural,2017,124,148,15,205,223,28,138,407,1388,569,115,340,31,1150,37,213,62,367,6442
Tamil Nadu,Salem Rural,2018,141,179,22,103,403,7,181,345,1333,570,193,367,27,919,28,238,77,345,6678
Tamil Nadu,Salem Rural,2019,105,93,17,160,494,20,136,568,1111,436,215,356,24,894,29,220,68,559,7099
Tamil Nadu,Salem Rural,2020,72,60,10,86,190,6,63,294,1067,534,123,389,41,787,17,280,48,358,5164
Tamil Nadu,Salem Rural,2021,84,108,16,156,221,7,64,273,913,472,180,532,24,752,40,361,58,316,5900
Tamil Nadu,Salem Rural,2022,96,86,13,216,453,19,86,307,1760,951,147,479,69,1126,55,259,44,356,7519
Tamil Nadu,Salem Urban,2015,58,60,12,51,157,11,83,251,683,292,75,135,17,398,13,153,39,150,3059
Tamil Nadu,Salem Urban,2016,63,59,10,56,171,13,45,229,508,179,34,143,11,599,10,103,27,196,2964
Tamil Nadu,Salem Urban,2017,59,70,9,98,191,15,91,229,721,358,96,224,10,666,29,197,53,217,3802
Tamil Nadu,Salem Urban,2018,50,58,8,59,192,8,85,273,548,313,57,176,30,526,19,99,26,138,3125
Tamil Nadu,Salem Urban,2019,64,63,7,57,185,6,33,153,682,254,106,199,17,585,16,225,67,228,3431
Tamil Nadu,Salem Urban,2020,45,55,5,84,84,8,67,107,664,241,33,201,11,500,15,183,57,112,2869
Tamil Nadu,Salem Urban,2021,47,42,10,104,138,16,76,214,666,362,79,321,12,445,22,107,35,192,3378
Tamil Nadu,Salem Urban,2022,54,51,5,49,127,9,88,167,845,431,104,271,33,444,16,190,33,213,3589
Tamil Nadu,Sivagangai,2015,53,57,9,135,190,9,99,253,901,391,98,222,13,670,22,147,26,182,4061
Tamil Nadu,Sivagangai,2016,86,90,9,84,228,19,102,326,750,312,123,238,19,844,22,180,62,179,4276
Tamil Nadu,Sivagangai,2017,59,51,13,78,147,12,42,233,1040,370,123,241,24,852,25,228,54,290,4497
Tamil Nadu,Sivagangai,2018,69,72,7,119,129,3,91,241,861,305,97,243,44,794,23,129,27,200,4032
Tamil Nadu,Sivagangai,2019,71,74,9,107,263,12,104,231,820,419,83,261,32,619,21,273,86,360,4478
Tamil Nadu,Sivagangai,2020,57,55,13,105,227,4,66,244,609,214,40,333,37,512,32,159,24,217,3454
Tamil Nadu,Sivagangai,2021,67,87,9,121,138,6,80,338,684,402,100,393,15,881,38,277,79,359,4692
Tamil Nadu,Sivagangai,2022,50,57,5,143,274,20,53,235,856,341,126,337,24,880,31,261,52,290,4655
Tamil Nadu,Thanjavur,2015,124,167,20,93,289,24,81,283,997,367,140,359,70,930,28,233,60,342,5914
Tamil Nadu,Thanjavur,2016,136,128,26,104,397,13,176,508,1385,543,115,455,76,1084,23,413,109,577,7285
Tamil Nadu,Thanjavur,2017,117,95,21,168,233,20,85,525,1467,700,200,415,23,1336,51,308,74,360,7172
Tamil Nadu,Thanjavur,2018,114,112,28,205,472,27,132,311,1167,753,267,426,37,1408,34,372,118,499,7508
Tamil Nadu,Thanjavur,2019,102,125,12,198,403,28,77,624,1675,776,177,375,84,1283,69,247,49,612,8055
Tamil Nadu,Thanjavur,2020,81,101,16,197,349,25,131,485,1401,549,183,620,65,899,58,254,74,435,6786
Tamil Nadu,Thanjavur,2021,84,103,9,115,402,11,113,433,1296,805,239,574,27,1215,24,425,130,451,7440
Tamil Nadu,Thanjavur,2022,97,124,14,227,378,14,73,522,1551,975,178,682,41,1393,49,283,86,626,8384
Tamil Nadu,Theni,2015,60,71,12,104,154,11,47,361,698,319,82,280,34,903,24,257,66,295,4638
Tamil Nadu,Theni,2016,97,91,10,108,155,9,145,310,983,576,169,289,35,611,20,201,33,245,4918
Tamil Nadu,Theni,2017,80,104,12,80,281,8,79,374,983,353,194,256,27,916,13,306,86,284,5166
Tamil Nadu,Theni,2018,78,73,16,92,200,14,80,239,1049,565,203,319,44,818,19,177,45,317,5500
Tamil Nadu,Theni,2019,73,99,12,144,289,22,55,288,1395,802,60,356,43,912,48,253,73,299,6047
Tamil Nadu,Theni,2020,85,79,16,144,135,11,109,251,785,446,173,374,34,637,21,285,95,208,4545
Tamil Nadu,Theni,2021,58,68,13,111,306,11,62,210,760,451,141,430,22,685,31,227,42,331,4810
Tamil Nadu,Theni,2022,93,79,16,147,287,16,83,366,743,349,103,409,33,987,22,172,47,321,5003
Tamil Nadu,Thirunelveli Rural,2015,167,220,40,271,649,40,283,505,1629,809,143,613,93,2181,71,348,83,791,10434
Tamil Nadu,Thirunelveli Rural,2016,221,287,29,210,466,25,249,659,2706,1027,305,660,104,1421,44,495,129,764,11336
Tamil Nadu,Thirunelveli Rural,2017,235,280,38,214,689,31,118,740,1981,744,244,723,57,2090,48,606,127,746,11333
Tamil Nadu,Thirunelveli Rural,2018,188,187,34,346,791,28,368,923,2780,1015,285,681,101,2193,114,476,80,1003,13436
Tamil Nadu,Thirunelveli Rural,2019,143,139,27,193,350,45,264,739,2252,824,179,800,56,1471,58,539,185,704,11241
Tamil Nadu,Thirunelveli Rural,2020,121,144,23,245,431,24,169,427,1624,573,237,897,107,1395,84,323,79,417,9702
Tamil Nadu,Thirunelveli Rural,2021,198,249,41,222,578,26,232,596,1883,1203,370,961,54,1497,41,603,163,689,11225
Tamil Nadu,Thirunelveli Rural,2022,156,135,28,388,689,41,334,710,2422,1084,221,834,46,1794,114,503,175,632,12026
Tamil Nadu,Thirunelveli Urban,2015,25,24,3,32,89,7,29,117,276,127,55,79,11,242,9,69,12,111,1599
Tamil Nadu,Thirunelveli Urban,2016,31,31,4,47,76,4,35,89,247,114,28,93,5,224,7,84,21,146,1637
Tamil Nadu,Thirunelveli Urban,2017,26,31,3,38,104,4,18,147,380,239,25,92,9,310,9,51,15,128,1876
Tamil Nadu,Thirunelveli Urban,2018,26,26,3,45,68,5,46,115,497,197,47,112,17,354,8,59,20,145,2060
Tamil Nadu,Thirunelveli Urban,2019,34,42,6,54,82,4,41,92,401,234,52,118,10,246,9,73,14,70,1842
Tamil Nadu,Thirunelveli Urban,2020,20,24,2,48,60,7,38,110,321,123,31,132,15,273,16,95,28,120,1687
Tamil Nadu,Thirunelveli Urban,2021,24,24,5,49,91,2,37,113,449,241,18,154,14,218,8,69,23,105,1887
Tamil Nadu,Thirunelveli Urban,2022,37,41,7,29,74,8,22,106,305,189,68,165,5,280,5,95,17,75,1785
Tamil Nadu,Thiruvallur,2015,70,85,11,82,139,12,53,232,680,350,74,185,17,487,14,148,51,276,3867
Tamil Nadu,Thiruvallur,2016,61,63,12,122,146,14,94,344,762,444,90,248,27,480,20,171,44,344,4075
Tamil Nadu,Thiruvallur,2017,81,77,12,74,232,12,59,223,717,267,149,285,15,766,20,240,55,335,4390
Tamil Nadu,Thiruvallur,2018,98,90,13,144,220,19,90,387,879,395,55,336,35,613,44,212,65,388,4797
Tamil Nadu,Thiruvallur,2019,63,73,14,82,314,12,118,421,785,345,180,256,17,730,22,251,60,248,4781
Tamil Nadu,Thiruvallur,2020,70,87,15,54,147,13,93,302,862,345,122,330,11,733,8,121,28,268,4119
Tamil Nadu,Thiruvallur,2021,77,81,16,70,290,14,125,197,1144,644,55,459,46,814,16,279,78,340,5394
Tamil Nadu,Thiruvallur,2022,51,53,7,90,280,9,49,381,1072,511,51,443,17,924,19,284,62,241,5182
Tamil Nadu,Thiruvannamalai,2015,89,92,21,107,199,20,114,213,904,443,94,311,50,750,23,196,40,351,4702
Tamil Nadu,Thiruvannamalai,2016,82,68,16,69,263,12,132,389,1132,670,131,261,48,784,18,228,70,397,5436
Tamil Nadu,Thiruvannamalai,2017,89,82,18,86,233,17,86,263,778,279,145,233,50,628,20,287,65,231,4547
Tamil Nadu,Thiruvannamalai,2018,102,110,24,91,141,18,67,337,1160,671,157,316,28,760,15,163,38,210,5110
Tamil Nadu,Thiruvannamalai,2019,93,110,9,78,240,17,127,259,957,396,56,247,55,1006,16,168,28,411,4992
Tamil Nadu,Thiruvannamalai,2020,74,72,13,65,214,19,88,229,1014,633,101,353,27,524,16,154,31,225,4483
Tamil Nadu,Thiruvannamalai,2021,87,87,17,140,187,21,67,322,1153,452,113,500,26,1066,22,289,45,288,5631
Tamil Nadu,Thiruvannamalai,2022,60,80,14,124,285,11,135,416,722,324,174,405,15,698,20,281,76,404,4952
Tamil Nadu,Thiruvarur,2015,48,66,7,135,150,15,111,253,845,443,112,202,14,632,28,127,26,341,4140
Tamil Nadu,Thiruvarur,2016,80,100,17,82,189,14,65,337,601,245,138,211,20,595,24,125,35,299,3951
Tamil Nadu,Thiruvarur,2017,84,86,13,134,208,20,111,317,756,451,139,302,49,950,23,217,33,243,4794
Tamil Nadu,Thiruvarur,2018,66,87,7,77,219,10,108,363,981,389,145,334,19,865,16,198,51,290,4926
Tamil Nadu,Thiruvarur,2019,81,87,15,125,236,20,60,436,1202,588,140,326,51,1076,19,204,58,318,5777
Tamil Nadu,Thiruvarur,2020,53,48,10,102,146,5,59,161,587,342,54,367,15,548,28,174,36,178,3489
Tamil Nadu,Thiruvarur,2021,78,93,16,81,201,19,54,358,787,345,43,322,31,593,27,187,35,197,4274
Tamil Nadu,Thiruvarur,2022,63,68,10,118,239,8,124,290,868,322,75,387,18,857,28,270,88,382,4859
Tamil Nadu,Thoothugudi,2015,122,128,14,111,335,6,142,267,887,460,69,307,28,1061,32,218,41,431,5673
Tamil Nadu,Thoothugudi,2016,88,71,15,146,363,25,154,345,1054,579,116,336,37,824,42,233,38,431,5715
Tamil Nadu,Thoothugudi,2017,121,157,26,166,267,26,156,458,1069,604,223,424,63,788,31,228,55,359,6107
Tamil Nadu,Thoothugudi,2018,124,135,23,169,210,12,158,328,1477,791,159,407,27,1300,46,363,95,415,7166
Tamil Nadu,Thoothugudi,2019,140,148,32,175,447,10,196,407,1727,929,105,414,34,1387,30,449,98,347,8061
Tamil Nadu,Thoothugudi,2020,75,100,12,95,298,12,80,415,1289,613,85,521,26,976,32,336,56,288,6060
Tamil Nadu,Thoothugudi,2021,116,154,19,86,284,15,126,258,848,507,166,466,53,870,13,286,48,418,5533
Tamil Nadu,Thoothugudi,2022,97,85,13,121,396,28,121,521,1312,658,107,634,45,728,29,328,109,261,6478
Tamil Nadu,Trichy Rly.,2015,5,6,1,7,11,0,2,12,64,31,8,16,0,46,2,16,4,10,277
Tamil Nadu,Trichy Rly.,2016,2,2,0,4,14,0,3,9,54,32,7,12,1,31,0,9,2,18,235
Tamil Nadu,Trichy Rly.,2017,4,4,0,7,9,0,6,14,44,26,3,13,2,43,1,12,1,14,237
Tamil Nadu,Trichy Rly.,2018,3,2,0,4,7,1,6,11,44,28,9,12,0,50,0,11,2,17,253
Tamil Nadu,Trichy Rly.,2019,4,4,0,7,18,0,2,22,77,40,3,19,2,46,1,12,2,16,316
Tamil Nadu,Trichy Rly.,2020,3,2,0,6,8,0,2,11,46,28,2,14,0,34,1,7,2,7,202
Tamil Nadu,Trichy Rly.,2021,5,5,0,6,13,1,6,13,68,31,7,24,0,50,1,17,3,13,301
Tamil Nadu,Trichy Rly.,2022,3,4,0,4,8,1,4,20,57,30,10,26,1,54,0,13,2,14,289
Tamil Nadu,Trichy Rural,2015,85,85,21,86,259,20,121,245,640,258,95,245,40,880,21,260,59,336,4371
Tamil Nadu,Trichy Rural,2016,76,99,14,113,264,6,48,354,748,303,115,280,14,1003,32,212,63,359,4793
Tamil Nadu,Trichy Rural,2017,66,86,9,80,269,7,93,239,1197,634,136,269,40,893,26,253,57,246,5250
Tamil Nadu,Trichy Rural,2018,64,81,11,146,174,6,110,282,948,349,88,261,51,800,26,287,57,186,4614
Tamil Nadu,Trichy Rural,2019,96,116,18,89,197,20,120,227,1030,603,61,329,46,887,22,169,46,383,5156
Tamil Nadu,Trichy Rural,2020,69,77,16,56,155,14,84,145,965,440,101,263,14,524,19,194,30,155,3849
Tamil Nadu,Trichy Rural,2021,61,78,8,75,289,6,59,376,1070,497,126,456,37,709,24,175,40,348,5118
Tamil Nadu,Trichy Rural,2022,78,94,17,149,208,20,51,212,1237,622,50,437,43,650,46,249,66,195,5091
Tamil Nadu,Trichy Urban,2015,54,71,13,83,161,4,83,222,673,247,88,142,9,566,27,150,40,251,3303
Tamil Nadu,Trichy Urban,2016,65,56,9,96,207,8,34,146,591,381,124,188,25,385,20,98,30,227,3161
Tamil Nadu,Trichy Urban,2017,36,42,4,79,185,6,54,259,682,393,50,175,28,538,18,122,26,150,3297
Tamil Nadu,Trichy Urban,2018,35,31,3,95,172,4,85,236,493,186,97,179,21,529,29,198,30,166,3020
Tamil Nadu,Trichy Urban,2019,47,40,8,116,167,3,87,298,581,209,62,190,36,482,35,224,60,195,3375
Tamil Nadu,Trichy Urban,2020,53,48,7,77,126,8,34,230,653,282,91,243,25,456,26,105,29,167,3054
Tamil Nadu,Trichy Urban,2021,61,73,6,60,130,11,53,204,577,236,75,239,32,543,20,130,20,126,3047
Tamil Nadu,Trichy Urban,2022,70,87,15,90,109,12,69,258,663,373,43,292,16,669,15,110,27,247,3649
Tamil Nadu,Vellore,2015,146,130,30,172,533,26,176,704,1887,1021,386,491,102,2157,51,575,155,734,11011
Tamil Nadu,Vellore,2016,235,264,41,226,482,36,171,792,1938,1027,268,573,96,2494,78,768,191,1029,12490
Tamil Nadu,Vellore,2017,234,205,38,329,558,17,290,796,1822,1017,278,776,83,2094,93,601,182,918,12090
Tamil Nadu,Vellore,2018,220,247,52,385,492,38,302,1049,2253,809,491,643,65,2063,97,555,163,663,12551
Tamil Nadu,Vellore,2019,168,206,17,253,551,29,153,785,3078,1917,163,624,73,2708,62,386,67,909,14015
Tamil Nadu,Vellore,2020,148,158,14,149,299,22,198,503,1567,746,195,936,58,1430,27,618,146,504,9074
Tamil Nadu,Vellore,2021,131,154,16,186,734,22,191,676,2244,1168,106,1143,118,1752,41,383,120,548,11326
Tamil Nadu,Vellore,2022,153,140,32,203,770,21,161,481,2370,1506,408,942,73,2358,68,399,108,993,12990
Tamil Nadu,Villupuram,2015,173,193,18,230,347,41,206,513,2336,1366,253,597,57,1710,34,615,206,807,11065
Tamil Nadu,Villupuram,2016,171,142,25,265,625,46,286,555,1821,1042,284,491,121,1429,86,496,149,835,10400
Tamil Nadu,Villupuram,2017,127,144,17,253,363,13,156,530,1929,1215,394,696,55,1398,81,524,104,839,10394
Tamil Nadu,Villupuram,2018,209,202,26,210,713,43,250,968,2659,1505,112,613,47,1699,72,576,109,695,12348
Tamil Nadu,Villupuram,2019,140,130,24,335,565,13,291,668,2202,1345,354,741,106,1806,79,780,231,874,12423
Tamil Nadu,Villupuram,2020,150,207,19,245,397,33,195,824,2437,871,336,871,86,1733,63,361,119,524,10881
Tamil Nadu,Villupuram,2021,175,160,26,293,523,14,160,878,2827,1602,161,935,44,2240,66,660,133,813,13270
Tamil Nadu,Villupuram,2022,208,238,46,294,332,40,222,779,1974,1237,378,836,83,1434,88,561,95,452,10819
Tamil Nadu,Virudhunagar,2015,95,132,14,152,161,20,80,377,1241,483,75,313,30,742,33,175,41,250,5113
Tamil Nadu,Virudhunagar,2016,63,85,6,76,268,21,72,194,1042,608,73,264,45,940,24,275,88,278,5084
Tamil Nadu,Virudhunagar,2017,85,103,10,159,181,19,138,237,867,411,169,333,14,980,42,222,45,382,5092
Tamil Nadu,Virudhunagar,2018,80,69,9,104,213,18,55,361,1056,543,85,278,39,919,23,213,36,247,5061
Tamil Nadu,Virudhunagar,2019,94,126,22,154,232,20,47,391,1290,542,102,320,37,799,51,154,30,217,5329
Tamil Nadu,Virudhunagar,2020,43,45,8,110,232,14,61,150,830,412,81,337,40,708,23,164,49,307,4161
Tamil Nadu,Virudhunagar,2021,88,114,17,92,272,16,87,335,1154,404,132,446,29,606,32,229,61,317,5067
Tamil Nadu,Virudhunagar,2022,73,76,17,172,295,13,63,253,1062,595,133,531,54,844,50,194,42,453,5709
Tripura,Dhalai,2015,5,5,0,8,16,1,8,15,81,32,11,23,1,54,1,21,6,18,382
Tripura,Dhalai,2016,4,3,0,10,12,1,9,33,71,33,13,28,2,47,1,26,5,29,397
Tripura,Dhalai,2017,8,8,1,12,18,1,5,16,90,32,14,22,3,58,3,25,7,18,398
Tripura,Dhalai,2018,5,5,0,9,16,1,5,21,98,39,14,18,3,69,2,14,2,30,409
Tripura,Dhalai,2019,5,4,0,9,21,0,12,24,83,52,14,27,4,83,1,27,5,29,465
Tripura,Dhalai,2020,5,5,1,5,14,1,4,16,62,23,4,26,1,61,0,13,3,24,314
Tripura,Dhalai,2021,7,8,1,6,17,1,8,34,74,47,5,43,4,86,1,14,4,36,458
Tripura,Dhalai,2022,4,4,0,7,23,1,5,30,58,21,12,33,1,56,1,13,3,30,389
Tripura,North,2015,7,9,1,10,28,1,10,42,84,35,13,31,4,97,2,28,6,37,522
Tripura,North,2016,9,7,1,16,25,1,16,31,139,66,16,29,3,123,2,37,10,35,650
Tripura,North,2017,10,9,1,10,16,2,7,33,121,66,13,25,3,102,2,29,7,47,582
Tripura,North,2018,9,12,0,11,20,0,7,24,115,68,16,27,1,88,2,22,3,35,566
Tripura,North,2019,10,9,2,20,24,0,15,52,132,47,23,31,6,88,4,25,5,23,605
Tripura,North,2020,7,8,1,11,29,1,4,24,122,77,8,34,4,61,3,28,8,37,537
Tripura,North,2021,11,15,1,10,25,0,8,42,93,57,16,54,1,106,2,21,4,45,589
Tripura,North,2022,11,9,2,16,31,0,7,23,91,55,20,50,5,103,3,33,11,28,580
Tripura,South,2015,8,9,0,20,43,2,18,39,101,55,19,33,5,138,3,39,7,56,690
Tripura,South,2016,11,12,1,19,52,3,8,31,156,63,28,50,6,164,3,48,8,63,838
Tripura,South,2017,9,7,1,10,34,2,11,32,137,78,25,49,6,129,2,33,6,59,733
Tripura,South,2018,15,20,2,14,41,2,16,58,186,102,26,40,5,157,3,51,7,47,909
Tripura,South,2019,10,13,2,13,28,3,8,54,157,72,25,42,8,127,4,30,8,54,836
Tripura,South,2020,11,14,1,15,37,1,11,33,143,83,21,66,4,99,3,23,7,35,703
Tripura,South,2021,15,20,1,13,42,3,13,65,133,55,25,58,4,93,3,36,9,38,736
Tripura,South,2022,10,13,1,26,51,2,19,63,158,89,31,76,5,103,6,30,5,43,849
Tripura,West,2015,38,41,4,41,90,8,29,139,342,133,43,123,5,243,11,114,30,132,1830
Tripura,West,2016,22,24,3,53,90,4,44,136,518,236,63,97,21,350,15,74,13,87,2127
Tripura,West,2017,30,41,3,37,67,6,47,118,320,143,26,98,9,306,10,59,10,143,1726
Tripura,West,2018,25,32,5,35,110,3,29,155,468,288,36,126,18,272,6,60,15,140,2095
Tripura,West,2019,32,37,3,51,103,4,34,114,302,113,46,127,17,240,16,61,11,136,1795
Tripura,West,2020,19,16,4,54,84,3,18,67,422,158,34,147,13,286,10,55,14,99,1739
Tripura,West,2021,37,34,7,42,119,5,21,83,295,155,23,143,9,261,10,98,31,147,1810
Tripura,West,2022,37,33,4,50,58,3,51,134,501,255,49,152,15,348,7,86,25,135,2214
Uttar Pradesh,Agra,2015,162,220,28,156,400,28,296,675,2423,1218,307,658,60,1468,44,593,181,811,11263
Uttar Pradesh,Agra,2016,184,208,26,249,530,40,272,594,2833,1302,168,722,116,2266,72,397,59,644,12283
Uttar Pradesh,Agra,2017,235,199,46,369,410,34,277,852,2240,892,360,668,43,1573,94,652,108,892,11829
Uttar Pradesh,Agra,2018,164,161,26,372,655,30,124,790,2198,904,306,720,47,1449,110,608,101,1010,11589
Uttar Pradesh,Agra,2019,202,189,38,232,879,49,288,1138,2236,1145,157,810,142,2493,75,609,183,582,13419
Uttar Pradesh,Agra,2020,132,128,15,349,337,19,187,904,2538,929,222,771,76,2027,79,541,136,742,11684
Uttar Pradesh,Agra,2021,240,328,54,393,615,51,271,600,1935,1158,353,895,107,2405,111,707,173,817,12917
Uttar Pradesh,Agra,2022,174,238,39,187,573,40,197,649,3167,2015,190,1164,126,2556,61,600,195,653,14650
Uttar Pradesh,Aligarh,2015,178,202,39,279,370,32,167,686,1648,752,217,434,56,1824,61,440,95,669,9497
Uttar Pradesh,Aligarh,2016,113,155,14,266,620,42,182,759,2158,804,106,515,57,1291,70,621,149,745,10071
Uttar Pradesh,Aligarh,2017,113,95,24,304,541,12,267,488,1899,1167,322,561,72,1219,57,390,97,383,9458
Uttar Pradesh,Aligarh,2018,221,263,25,265,402,12,267,913,1891,958,233,655,54,2224,44,561,141,528,11207
Uttar Pradesh,Aligarh,2019,207,272,23,365,556,48,130,555,2542,1222,191,662,122,1303,97,424,104,521,10940
Uttar Pradesh,Aligarh,2020,112,112,12,231,520,24,176,694,1591,875,151,770,58,1445,77,449,119,443,9035
Uttar Pradesh,Aligarh,2021,135,148,32,215,414,35,110,797,1475,785,159,879,74,1564,50,578,106,633,9598
Uttar Pradesh,Aligarh,2022,194,221,45,166,617,11,193,838,1632,888,212,918,121,1440,40,600,153,527,10357
Uttar Pradesh,Allahabad,2015,222,273,50,277,604,52,139,884,2610,1451,240,696,38,1825,55,356,105,719,12163
Uttar Pradesh,Allahabad,2016,214,223,48,192,571,21,229,485,2470,1483,291,657,64,2141,53,526,120,725,11980
Uttar Pradesh,Allahabad,2017,133,113,27,184,500,45,293,572,1744,975,166,680,43,1339,50,459,89,656,9864
Uttar Pradesh,Allahabad,2018,233,207,42,365,448,26,213,574,1722,641,221,696,91,1342,124,709,206,766,11160
Uttar Pradesh,Allahabad,2019,129,152,30,255,611,14,289,593,2807,1137,385,535,67,1775,40,637,129,857,12015
Uttar Pradesh,Allahabad,2020,193,160,43,156,440,18,102,506,1497,746,329,913,30,1663,31,561,172,551,9537
Uttar Pradesh,Allahabad,2021,124,149,22,167,643,38,150,847,2553,1405,139,785,77,1297,37,591,120,581,11247
Uttar Pradesh,Allahabad,2022,153,177,29,328,746,28,236,853,2988,1554,397,1100,98,1324,74,557,137,484,12908
Uttar Pradesh,Ambedkar Nagar,2015,16,14,2,36,63,3,18,54,239,151,19,73,7,163,8,71,14,109,1344
Uttar Pradesh,Ambedkar Nagar,2016,18,18,2,39,76,6,21,107,200,116,18,80,14,263,6,74,11,76,1341
Uttar Pradesh,Ambedkar Nagar,2017,28,30,6,50,45,3,39,109,308,159,49,84,6,295,15,46,11,60,1566
Uttar Pradesh,Ambedkar Nagar,2018,24,30,5,39,85,6,35,108,225,84,28,77,4,262,10,51,15,93,1403
Uttar Pradesh,Ambedkar Nagar,2019,24,29,4,33,61,1,34,91,291,121,15,83,11,256,8,69,20,113,1478
Uttar Pradesh,Ambedkar Nagar,2020,27,33,5,22,85,4,32,53,233,91,41,131,15,221,5,43,6,108,1345
Uttar Pradesh,Ambedkar Nagar,2021,18,16,3,46,88,5,32,101,372,165,59,131,10,267,9,83,26,90,1748
Uttar Pradesh,Ambedkar Nagar,2022,25,28,2,47,95,2,30,75,287,116,31,103,9,266,11,55,15,81,1488
Uttar Pradesh,Auraiya,2015,23,22,2,59,56,7,37,107,352,132,54,102,20,354,19,93,27,84,1811
Uttar Pradesh,Auraiya,2016,40,46,9,27,56,3,52,81,330,131,30,101,10,283,8,119,18,86,1833
Uttar Pradesh,Auraiya,2017,41,57,4,35,141,4,43,169,352,221,64,127,16,315,10,123,23,142,2194
Uttar Pradesh,Auraiya,2018,33,27,6,62,73,2,48,125,451,193,40,117,21,261,13,130,21,125,2030
Uttar Pradesh,Auraiya,2019,35,43,3,68,72,3,52,93,495,285,22,103,14,418,16,135,36,110,2296
Uttar Pradesh,Auraiya,2020,25,29,5,49,96,3,16,130,385,139,60,162,11,251,15,51,15,71,1753
Uttar Pradesh,Auraiya,2021,40,38,7,53,71,3,40,138,523,288,28,188,8,361,17,99,30,89,2305
Uttar Pradesh,Auraiya,2022,35,28,5,47,113,4,28,115,381,138,45,149,15,246,10,115,28,172,1987
Uttar Pradesh,Azamgarh,2015,54,52,7,93,94,3,69,153,569,368,118,163,35,590,15,190,47,168,3240
Uttar Pradesh,Azamgarh,2016,62,58,9,78,120,7,32,232,551,327,115,186,23,430,21,158,44,159,3048
Uttar Pradesh,Azamgarh,2017,46,57,10,80,92,9,73,241,448,207,71,150,26,601,27,195,44,176,2991
Uttar Pradesh,Azamgarh,2018,42,40,5,75,167,14,100,138,848,513,123,245,36,457,16,111,21,221,3682
Uttar Pradesh,Azamgarh,2019,51,50,5,49,201,5,87,278,809,300,33,150,27,431,9,163,34,254,3407
Uttar Pradesh,Azamgarh,2020,32,35,6,73,175,9,39,210,482,243,69,252,22,411,15,166,40,146,2807
Uttar Pradesh,Azamgarh,2021,54,50,9,108,189,5,36,256,505,214,102,237,18,610,23,134,42,133,3197
Uttar Pradesh,Azamgarh,2022,71,87,7,56,155,4,50,283,725,257,66,273,39,556,17,104,29,263,3546
Uttar Pradesh,Badaun,2015,48,57,4,92,142,13,73,239,626,237,36,170,34,534,14,140,33,168,3110
Uttar Pradesh,Badaun,2016,41,42,8,70,122,6,67,132,668,426,54,206,29,410,10,182,36,160,3197
Uttar Pradesh,Badaun,2017,69,72,9,81,143,13,61,196,615,336,123,212,14,600,16,204,63,194,3512
Uttar Pradesh,Badaun,2018,59,74,10,90,160,11,77,267,538,189,103,186,24,674,19,189,37,252,3454
Uttar Pradesh,Badaun,2019,56,73,7,112,195,5,70,196,535,271,52,219,35,616,35,166,56,261,3453
Uttar Pradesh,Badaun,2020,49,49,8,77,170,13,43,186,717,291,91,204,8,524,14,92,18,124,3084
Uttar Pradesh,Badaun,2021,59,62,13,101,177,15,52,282,654,392,104,252,31,719,20,213,60,284,3981
Uttar Pradesh,Badaun,2022,41,55,5,100,182,11,74,184,665,396,124,317,19,667,21,135,37,159,3694
Uttar Pradesh,Baghpat,2015,32,38,5,46,95,7,50,136,523,190,69,112,13,285,12,98,25,97,2120
Uttar Pradesh,Baghpat,2016,34,34,7,47,130,3,45,96,350,168,53,134,11,290,9,102,26,160,1982
Uttar Pradesh,Baghpat,2017,28,23,6,54,99,7,57,90,486,272,22,118,19,379,17,74,24,121,2184
Uttar Pradesh,Baghpat,2018,40,38,4,34,104,4,20,131,495,192,46,115,19,387,9,89,24,133,2170
Uttar Pradesh,Baghpat,2019,41,33,5,67,109,7,62,140,386,225,75,150,16,390,20,146,44,187,2423
Uttar Pradesh,Baghpat,2020,21,19,3,32,113,7,31,109,320,188,65,149,13,292,8,118,40,147,1935
Uttar Pradesh,Baghpat,2021,39,52,8,35,119,2,44,154,371,223,23,178,15,385,11,128,36,86,2199
Uttar Pradesh,Baghpat,2022,41,43,9,47,63,2,21,113,492,313,74,209,16,307,8,66,20,176,2323
Uttar Pradesh,Bahraich,2015,38,44,8,40,141,10,33,126,415,156,81,124,18,328,8,147,27,115,2250
Uttar Pradesh,Bahraich,2016,48,40,11,78,67,8,29,133,518,320,25,111,18,322,15,112,38,131,2360
Uttar Pradesh,Bahraich,2017,45,48,6,59,76,4,37,116,644,231,60,136,14,445,17,157,54,118,2617
Uttar Pradesh,Bahraich,2018,30,28,4,81,170,9,60,130,655,306,76,146,13,315,19,76,13,189,2699
Uttar Pradesh,Bahraich,2019,46,37,5,61,158,4,38,139,624,232,26,163,21,524,10,128,27,201,2813
Uttar Pradesh,Bahraich,2020,32,43,4,33,139,6,41,123,464,197,62,189,15,255,9,113,20,165,2220
Uttar Pradesh,Bahraich,2021,37,49,8,65,110,6,30,179,559,278,84,200,22,417,20,72,13,134,2619
Uttar Pradesh,Bahraich,2022,53,71,10,76,137,8,61,198,429,267,47,217,32,386,15,184,51,178,2824
Uttar Pradesh,Ballia,2015,33,42,5,28,96,7,42,127,485,281,23,90,17,285,9,64,16,144,2076
Uttar Pradesh,Ballia,2016,31,36,4,46,105,6,36,144,266,136,33,87,14,241,11,108,19,68,1702
Uttar Pradesh,Ballia,2017,27,36,5,27,113,4,23,95,435,260,49,108,11,327,4,113,27,136,2058
Uttar Pradesh,Ballia,2018,35,46,7,52,72,9,54,101,293,134,68,118,16,393,17,117,27,107,1950
Uttar Pradesh,Ballia,2019,36,34,5,60,103,5,53,151,457,280,20,100,5,273,13,69,22,113,2077
Uttar Pradesh,Ballia,2020,32,26,3,31,51,3,37,91,345,193,50,134,5,288,10,47,12,84,1680
Uttar Pradesh,Ballia,2021,32,28,4,57,125,7,45,102,363,157,36,172,15,247,18,124,31,133,1988
Uttar Pradesh,Ballia,2022,25,24,5,39,70,2,39,126,417,179,49,157,18,412,10,132,35,126,2158
Uttar Pradesh,Balrampur,2015,11,10,1,17,31,2,12,47,131,75,21,28,3,96,2,35,6,47,659
Uttar Pradesh,Balrampur,2016,12,16,1,14,41,2,12,50,99,48,7,31,5,118,2,34,6,32,630
Uttar Pradesh,Balrampur,2017,11,14,1,11,40,2,15,24,151,78,7,37,5,116,3,24,5,26,657
Uttar Pradesh,Balrampur,2018,9,12,1,13,33,2,10,41,111,55,10,35,4,72,2,31,5,36,591
Uttar Pradesh,Balrampur,2019,9,9,1,14,34,2,13,55,162,78,8,32,4,113,3,36,10,56,735
Uttar Pradesh,Balrampur,2020,6,5,0,17,30,1,5,32,77,30,17,51,3,97,5,33,5,20,512
Uttar Pradesh,Balrampur,2021,13,15,1,13,30,1,15,46,106,67,6,63,5,129,4,32,5,44,690
Uttar Pradesh,Balrampur,2022,10,11,1,14,25,2,11,37,156,63,18,51,6,117,4,19,6,25,669
Uttar Pradesh,Banda,2015,42,35,4,36,100,3,58,102,558,358,29,109,14,407,10,65,16,125,2373
Uttar Pradesh,Banda,2016,31,38,5,48,104,4,41,99,477,236,43,106,11,418,8,103,32,127,2232
Uttar Pradesh,Banda,2017,49,63,8,53,157,11,26,115,515,309,86,133,24,493,12,116,33,175,2715
Uttar Pradesh,Banda,2018,42,57,5,68,94,9,46,91,525,227,44,129,21,439,16,73,21,129,2341
Uttar Pradesh,Banda,2019,33,46,5,50,67,5,57,92,507,205,33,111,20,319,13,105,35,114,2133
Uttar Pradesh,Banda,2020,31,36,5,33,56,7,51,85,426,243,44,196,11,318,6,64,16,165,2071
Uttar Pradesh,Banda,2021,31,33,4,58,124,6,56,141,478,212,29,158,9,446,9,136,27,114,2389
Uttar Pradesh,Banda,2022,28,26,5,38,103,6,27,126,410,230,61,186,7,382,7,87,14,134,2190
Uttar Pradesh,Barabanki,2015,46,57,11,56,167,9,64,182,401,213,30,145,9,404,8,130,44,201,2644
Uttar Pradesh,Barabanki,2016,52,55,5,72,147,3,61,151,643,415,40,141,20,346,13,137,44,234,2979
Uttar Pradesh,Barabanki,2017,47,65,10,72,85,12,81,219,415,158,107,136,31,597,22,98,15,225,2806
Uttar Pradesh,Barabanki,2018,56,62,13,52,179,10,44,151,572,285,76,189,26,558,10,98,19,202,3032
Uttar Pradesh,Barabanki,2019,42,41,7,86,150,4,65,159,477,258,55,136,9,548,28,116,38,226,2860
Uttar Pradesh,Barabanki,2020,33,32,5,77,103,7,58,95,551,246,37,234,12,444,26,128,35,108,2571
Uttar Pradesh,Barabanki,2021,50,50,8,74,98,8,56,178,528,229,88,241,20,482,21,162,42,133,2833
Uttar Pradesh,Barabanki,2022,36,43,8,99,147,6,35,170,646,411,66,251,17,447,27,175,30,220,3268
Uttar Pradesh,Bareilly,2015,97,80,11,126,250,17,172,288,1643,830,81,369,85,1011,27,260,84,572,7201
Uttar Pradesh,Bareilly,2016,126,102,17,170,314,10,105,528,1789,1054,224,352,44,1263,40,471,141,389,8201
Uttar Pradesh,Bareilly,2017,132,127,14,146,426,22,111,309,1519,747,92,447,62,1388,47,422,76,286,7446
Uttar Pradesh,Bareilly,2018,149,178,24,241,276,34,169,588,1723,1090,251,531,24,1413,65,380,110,537,8907
Uttar Pradesh,Bareilly,2019,97,91,11,192,504,11,210,553,1878,1055,179,375,46,1355,54,287,77,572,8673
Uttar Pradesh,Bareilly,2020,74,69,13,138,215,29,67,278,1001,411,102,554,41,772,21,350,108,463,5975
Uttar Pradesh,Bareilly,2021,118,105,14,246,359,14,91,519,1707,791,276,637,54,1563,65,327,63,508,8576
Uttar Pradesh,Bareilly,2022,149,160,22,211,392,21,80,572,1293,519,100,616,80,878,56,413,126,550,7280
Uttar Pradesh,Basti,2015,10,12,1,25,42,1,9,65,134,63,16,53,7,126,6,50,14,39,784
Uttar Pradesh,Basti,2016,16,18,1,16,55,2,11,60,167,63,24,55,9,131,4,55,11,46,866
Uttar Pradesh,Basti,2017,9,7,1,14,47,3,15,66,196,108,15,46,6,151,2,24,4,47,878
Uttar Pradesh,Basti,2018,9,12,1,20,48,1,12,64,121,49,18,43,3,168,6,24,4,57,797
Uttar Pradesh,Basti,2019,14,17,3,22,46,1,12,48,167,79,18,45,5,118,5,44,7,34,805
Uttar Pradesh,Basti,2020,11,14,2,14,33,1,16,56,169,80,14,61,3,103,2,34,6,54,767
Uttar Pradesh,Basti,2021,15,16,1,25,38,2,12,38,210,130,25,67,4,170,3,31,5,45,960
Uttar Pradesh,Basti,2022,11,8,1,24,36,2,14,35,145,58,10,69,2,160,4,29,10,35,862
Uttar Pradesh,Bijnor,2015,50,65,8,79,188,6,87,135,743,328,42,163,31,437,14,176,56,168,3297
Uttar Pradesh,Bijnor,2016,44,44,10,109,176,14,79,170,753,327,46,212,27,692,24,191,59,173,3683
Uttar Pradesh,Bijnor,2017,44,41,9,120,118,9,43,323,756,348,115,179,35,767,39,245,74,268,4084
Uttar Pradesh,Bijnor,2018,66,75,7,119,124,18,58,221,621,285,93,231,21,584,22,193,33,244,3822
Uttar Pradesh,Bijnor,2019,78,70,8,131,209,18,119,277,1088,431,145,216,32,840,27,275,86,297,4951
Uttar Pradesh,Bijnor,2020,42,38,8,98,198,13,63,181,585,287,79,294,18,525,15,124,35,191,3258
Uttar Pradesh,Bijnor,2021,48,47,8,60,147,15,88,207,691,360,44,319,41,635,11,160,55,298,3783
Uttar Pradesh,Bijnor,2022,70,56,8,69,161,4,49,171,562,212,98,326,36,506,18,216,70,232,3744
Uttar Pradesh,Bulandshahar,2015,71,92,12,69,260,5,54,239,854,417,129,225,34,979,16,175,44,218,4574
Uttar Pradesh,Bulandshahar,2016,98,106,24,96,176,7,142,403,1297,791,173,314,37,789,22,152,51,245,5655
Uttar Pradesh,Bulandshahar,2017,100,126,13,126,225,18,124,236,1388,856,99,397,46,917,29,376,131,333,6367
Uttar Pradesh,Bulandshahar,2018,105,85,14,157,295,10,134,312,1257,665,60,366,38,831,50,309,63,421,5944
Uttar Pradesh,Bulandshahar,2019,83,115,16,183,241,10,62,392,888,387,74,315,58,1096,42,302,101,329,5488
Uttar Pradesh,Bulandshahar,2020,56,47,6,100,229,19,111,260,1156,605,165,407,29,659,23,187,63,219,4967
Uttar Pradesh,Bulandshahar,2021,99,107,11,98,269,24,138,275,1129,525,111,411,20,851,31,202,31,248,5444
Uttar Pradesh,Bulandshahar,2022,90,109,10,122,279,18,138,260,864,369,209,480,62,977,25,235,52,437,5567
Uttar Pradesh,Chandoli,2015,17,15,2,41,92,2,39,104,214,131,47,65,4,215,8,89,24,62,1375
Uttar Pradesh,Chandoli,2016,19,16,3,43,78,4,37,103,290,165,43,94,7,179,8,61,19,78,1445
Uttar Pradesh,Chandoli,2017,27,28,6,25,65,3,16,89,255,120,28,79,7,256,8,98,29,92,1443
Uttar Pradesh,Chandoli,2018,26,30,3,52,111,7,19,78,250,105,64,107,18,252,16,97,24,134,1641
Uttar Pradesh,Chandoli,2019,21,27,2,40,56,3,22,75,236,96,49,75,11,186,7,86,14,69,1490
Uttar Pradesh,Chandoli,2020,16,17,2,36,37,5,22,93,198,97,45,106,9,218,5,40,8,58,1196
Uttar Pradesh,Chandoli,2021,25,21,2,46,94,1,33,89,390,204,28,115,5,217,7,88,13,65,1662
Uttar Pradesh,Chandoli,2022,26,20,4,31,81,6,24,102,362,166,31,169,15,282,5,96,32,104,1800
Uttar Pradesh,Chitrakoot Dham,2015,10,9,2,13,46,3,15,58,203,79,9,59,4,119,3,42,13,70,884
Uttar Pradesh,Chitrakoot Dham,2016,14,11,3,19,34,4,18,42,197,101,29,58,4,109,4,53,11,59,895
Uttar Pradesh,Chitrakoot Dham,2017,17,18,1,27,53,3,11,67,143,81,21,46,2,161,8,58,14,36,898
Uttar Pradesh,Chitrakoot Dham,2018,17,15,3,16,47,2,8,38,135,85,29,59,4,137,4,56,15,63,859
Uttar Pradesh,Chitrakoot Dham,2019,19,22,4,22,63,1,27,84,224,90,38,60,10,188,7,65,19,56,1143
Uttar Pradesh,Chitrakoot Dham,2020,9,10,1,19,41,2,20,34,175,88,20,73,5,154,2,42,10,51,874
Uttar Pradesh,Chitrakoot Dham,2021,19,15,2,20,29,2,19,38,201,96,13,94,6,107,5,58,13,36,906
Uttar Pradesh,Chitrakoot Dham,2022,17,23,2,33,43,2,14,70,205,77,30,103,8,128,7,33,5,56,1003
Uttar Pradesh,Deoria,2015,34,47,6,28,84,4,47,104,310,162,47,82,18,270,6,59,12,119,1708
Uttar Pradesh,Deoria,2016,39,37,5,45,65,4,45,159,501,240,36,113,7,335,10,110,37,84,2143
Uttar Pradesh,Deoria,2017,30,32,5,62,56,6,35,146,463,205,33,108,21,365,13,95,24,125,2096
Uttar Pradesh,Deoria,2018,31,30,5,48,60,5,25,120,462,249,50,122,6,221,8,119,38,82,1946
Uttar Pradesh,Deoria,2019,22,26,3,43,109,6,40,144,439,279,57,126,10,353,13,113,18,131,2202
Uttar Pradesh,Deoria,2020,22,25,4,43,67,7,39,107,383,168,29,129,14,303,11,63,21,123,1798
Uttar Pradesh,Deoria,2021,24,25,5,36,82,4,26,87,386,177,46,187,8,339,7,113,25,162,2010
Uttar Pradesh,Deoria,2022,32,41,3,58,114,4,40,105,376,195,48,176,11,288,10,116,21,97,2005
Uttar Pradesh,Etah,2015,39,34,7,80,108,5,35,224,603,326,68,193,27,347,16,137,46,222,2930
Uttar Pradesh,Etah,2016,42,38,8,63,188,14,50,120,676,438,91,198,31,459,12,125,33,191,3204
Uttar Pradesh,Etah,2017,63,59,9,81,117,4,63,159,757,452,66,169,34,438,17,197,43,160,3365
Uttar Pradesh,Etah,2018,50,68,9,55,118,11,47,126,715,298,30,176,26,651,9,112,17,241,3205
Uttar Pradesh,Etah,2019,52,72,12,76,176,5,38,282,794,351,109,179,32,515,25,226,46,176,3667
Uttar Pradesh,Etah,2020,35,29,5,50,77,9,49,121,492,189,88,194,28,463,8,96,27,136,2506
Uttar Pradesh,Etah,2021,40,49,8,72,110,3,74,205,656,414,35,213,25,354,24,187,59,229,3168
Uttar Pradesh,Etah,2022,41,49,8,96,103,6,61,305,665,357,106,281,20,446,16,192,46,299,3607
Uttar Pradesh,Etawah,2015,35,28,4,74,150,12,56,248,593,304,65,185,15,487,17,88,30,172,2979
Uttar Pradesh,Etawah,2016,51,47,7,85,116,5,45,134,630,226,56,172,13,378,16,139,34,214,2850
Uttar Pradesh,Etawah,2017,48,65,8,103,101,14,65,146,471,257,51,169,31,389,15,101,27,164,3088
Uttar Pradesh,Etawah,2018,55,53,8,61,98,4,53,267,464,248,37,191,16,401,20,136,41,144,3018
Uttar Pradesh,Etawah,2019,46,56,5,92,152,13,63,131,768,392,100,185,25,639,14,143,37,215,3557
Uttar Pradesh,Etawah,2020,51,59,7,78,92,5,30,184,485,170,66,203,12,357,15,148,32,164,2627
Uttar Pradesh,Etawah,2021,58,53,10,45,189,13,78,237,419,270,58,289,30,544,8,146,44,121,3018
Uttar Pradesh,Etawah,2022,37,48,4,84,128,3,64,186,784,509,77,284,15,519,17,147,49,154,3539
Uttar Pradesh,Faizabad,2015,35,47,7,65,113,6,58,193,479,240,49,157,14,496,19,104,24,129,2581
Uttar Pradesh,Faizabad,2016,34,40,7,51,99,11,25,136,684,314,25,154,16,517,17,88,25,221,2835
Uttar Pradesh,Faizabad,2017,42,52,8,65,151,12,53,163,702,324,53,159,19,393,20,121,35,199,2966
Uttar Pradesh,Faizabad,2018,58,70,6,89,134,13,42,167,655,242,59,200,23,554,16,134,25,213,3136
Uttar Pradesh,Faizabad,2019,53,63,8,48,194,3,49,216,713,289,74,164,28,373,9,142,25,157,3058
Uttar Pradesh,Faizabad,2020,42,44,9,44,102,4,61,189,477,293,83,185,17,285,13,78,23,94,2364
Uttar Pradesh,Faizabad,2021,33,30,7,58,81,9,47,126,523,204,100,211,20,521,20,102,25,177,2676
Uttar Pradesh,Faizabad,2022,35,36,4,87,166,4,87,249,603,258,81,237,25,521,19,98,20,170,3139
Uttar Pradesh,Fatehgarh,2015,40,50,6,38,73,7,49,112,542,327,69,135,9,300,5,80,18,102,2271
Uttar Pradesh,Fatehgarh,2016,32,40,7,40,143,4,25,130,502,251,63,118,25,467,10,147,38,191,2554
Uttar Pradesh,Fatehgarh,2017,45,44,7,52,135,7,54,114,553,195,71,119,16,416,11,66,16,178,2425
Uttar Pradesh,Fatehgarh,2018,43,44,9,54,134,9,44,187,613,319,73,138,13,335,10,82,27,134,2641
Uttar Pradesh,Fatehgarh,2019,44,60,8,79,100,6,39,212,499,178,45,118,10,499,13,76,21,165,2526
Uttar Pradesh,Fatehgarh,2020,41,35,6,50,75,8,39,174,527,186,52,155,16,375,7,96,20,105,2280
Uttar Pradesh,Fatehgarh,2021,36,41,6,36,130,8,35,147,460,209,41,223,22,359,6,148,44,97,2376
Uttar Pradesh,Fatehgarh,2022,30,34,3,76,70,7,38,131,551,307,30,240,15,449,18,116,17,149,2624
Uttar Pradesh,Fatehpur,2015,32,31,6,44,142,6,48,185,475,210,101,171,16,445,14,176,35,135,2666
Uttar Pradesh,Fatehpur,2016,54,61,10,73,97,5,73,204,723,298,42,157,11,499,19,189,37,234,3202
Uttar Pradesh,Fatehpur,2017,60,78,7,77,104,7,78,195,590,268,64,208,18,394,26,102,26,226,2970
Uttar Pradesh,Fatehpur,2018,48,48,6,65,148,9,70,128,580,274,114,210,34,363,21,179,34,237,3026
Uttar Pradesh,Fatehpur,2019,35,42,6,41,137,10,67,119,588,230,89,173,18,382,13,83,25,237,2759
Uttar Pradesh,Fatehpur,2020,33,33,5,52,150,8,25,171,470,293,25,251,19,521,14,118,18,98,2665
Uttar Pradesh,Fatehpur,2021,53,49,5,76,102,13,33,125,453,160,30,211,33,487,23,163,47,246,2863
Uttar Pradesh,Fatehpur,2022,56,67,11,91,179,3,58,183,613,326,81,267,28,362,29,89,16,198,3074
Uttar Pradesh,Firozabad,2015,91,108,12,81,164,17,58,327,939,469,49,264,14,782,27,269,52,224,4602
Uttar Pradesh,Firozabad,2016,89,95,18,115,292,10,97,234,932,365,155,326,51,995,33,188,57,360,5104
Uttar Pradesh,Firozabad,2017,97,79,22,78,178,17,123,225,983,344,119,226,48,980,25,186,57,388,4881
Uttar Pradesh,Firozabad,2018,98,100,12,78,325,17,87,436,882,385,130,330,34,966,14,271,52,324,5301
Uttar Pradesh,Firozabad,2019,69,57,15,168,277,11,56,435,1049,644,104,344,47,941,35,231,77,409,5744
Uttar Pradesh,Firozabad,2020,71,76,10,136,242,12,108,282,1065,396,123,340,38,840,25,129,32,163,4686
Uttar Pradesh,Firozabad,2021,80,76,8,76,197,9,54,186,763,479,135,416,12,811,15,285,51,170,4447
Uttar Pradesh,Firozabad,2022,98,94,16,71,295,7,118,233,854,347,149,468,36,599,14,278,79,279,4714
Uttar Pradesh,G.R.P.,2015,94,128,16,211,268,32,98,477,1718,1023,254,466,43,1212,40,374,115,505,8056
Uttar Pradesh,G.R.P.,2016,120,105,19,195,297,18,95,448,1269,600,132,423,35,858,39,403,97,470,6604
Uttar Pradesh,G.R.P.,2017,85,69,10,168,452,26,145,439,1680,884,141,433,61,863,53,428,83,599,7624
Uttar Pradesh,G.R.P.,2018,155,132,18,108,384,17,199,347,1887,1221,153,354,60,1329,28,365,111,312,8240
Uttar Pradesh,G.R.P.,2019,126,168,29,204,303,23,161,501,1521,569,242,429,74,1179,60,288,53,518,7475
Uttar Pradesh,G.R.P.,2020,121,132,14,144,288,13,165,331,1132,664,65,516,53,732,23,245,52,409,5943
Uttar Pradesh,G.R.P.,2021,145,195,27,194,291,26,202,558,1089,681,266,649,69,1066,57,248,77,595,7491
Uttar Pradesh,G.R.P.,2022,113,108,17,124,502,9,201,390,1868,1183,212,680,40,1332,38,450,152,683,9249
Uttar Pradesh,Gautambudh Nagar,2015,187,234,44,149,295,30,262,737,2318,885,378,650,111,1386,44,510,137,510,10320
Uttar Pradesh,Gautambudh Nagar,2016,165,221,34,245,491,46,134,629,1730,710,342,610,107,1254,75,460,79,549,9704
Uttar Pradesh,Gautambudh Nagar,2017,194,187,19,276,475,23,272,728,1979,1076,159,611,117,2076,80,374,56,488,10736
Uttar Pradesh,Gautambudh Nagar,2018,142,116,26,165,416,37,195,539,2188,1231,412,631,86,1493,46,328,84,856,10551
Uttar Pradesh,Gautambudh Nagar,2019,189,155,38,369,766,30,219,898,2629,1351,310,638,61,2080,128,586,96,788,13088
Uttar Pradesh,Gautambudh Nagar,2020,164,159,27,246,441,17,159,761,2238,895,288,898,78,1153,78,434,79,349,9767
Uttar Pradesh,Gautambudh Nagar,2021,180,154,19,201,418,28,155,446,1962,1158,101,763,35,1939,52,383,71,468,9961
Uttar Pradesh,Gautambudh Nagar,2022,192,268,27,236,666,14,168,939,2383,892,269,1071,48,1501,47,481,142,642,11714
Uttar Pradesh,Ghaziabad,2015,219,205,25,220,605,36,282,753,2954,1433,156,606,69,1286,69,363,79,855,11805
Uttar Pradesh,Ghaziabad,2016,225,218,28,263,343,49,225,1009,2616,1649,166,677,127,1721,56,460,98,614,12254
Uttar Pradesh,Ghaziabad,2017,150,169,32,305,480,11,241,630,2558,1139,303,715,43,2198,62,364,65,555,11588
Uttar Pradesh,Ghaziabad,2018,220,273,45,291,773,30,152,474,2951,1182,282,823,101,2386,44,811,157,704,13448
Uttar Pradesh,Ghaziabad,2019,216,265,24,243,601,15,202,882,3118,1204,124,589,69,2341,49,524,180,997,13359
Uttar Pradesh,Ghaziabad,2020,149,132,18,258,523,38,265,454,1612,854,310,925,57,1797,66,397,85,802,10101
Uttar Pradesh,Ghaziabad,2021,151,144,15,260,363,19,121,686,2319,1088,164,1088,67,1891,79,547,95,693,11461
Uttar Pradesh,Ghaziabad,2022,202,210,24,346,706,56,248,656,2260,963,365,1006,126,1383,94,511,162,843,11868
Uttar Pradesh,Ghazipur,2015,29,25,6,30,80,9,37,130,306,173,58,100,5,366,7,118,40,154,1963
Uttar Pradesh,Ghazipur,2016,40,51,4,73,69,10,47,156,462,203,32,152,10,372,18,112,25,142,2296
Uttar Pradesh,Ghazipur,2017,27,23,3,69,69,5,56,89,592,356,55,125,16,267,15,74,25,110,2302
Uttar Pradesh,Ghazipur,2018,30,35,5,57,79,3,65,103,379,234,46,113,21,333,12,155,33,111,2256
Uttar Pradesh,Ghazipur,2019,31,36,7,39,78,4,26,101,371,168,67,147,12,442,13,96,27,153,2132
Uttar Pradesh,Ghazipur,2020,21,28,4,30,66,7,34,126,297,133,34,181,13,381,7,67,18,133,1849
Uttar Pradesh,Ghazipur,2021,47,49,7,38,80,2,50,113,423,239,31,160,21,447,9,67,14,134,2261
Uttar Pradesh,Ghazipur,2022,39,41,6,69,71,6,41,137,476,226,67,185,13,340,13,80,14,188,2345
Uttar Pradesh,Gonda,2015,26,20,6,47,115,8,60,157,465,266,70,106,10,298,14,102,17,131,2238
Uttar Pradesh,Gonda,2016,37,37,5,44,99,8,58,126,424,155,49,122,17,368,8,82,20,92,2248
Uttar Pradesh,Gonda,2017,33,28,4,78,156,3,34,191,597,221,80,147,26,311,13,100,22,163,2559
Uttar Pradesh,Gonda,2018,47,54,5,70,83,8,62,193,355,183,58,112,24,299,14,144,48,203,2317
Uttar Pradesh,Gonda,2019,50,53,6,51,153,11,66,183,478,262,60,157,20,326,8,164,41,138,2600
Uttar Pradesh,Gonda,2020,30,34,3,49,81,7,38,124,368,154,55,194,6,342,13,84,18,136,2008
Uttar Pradesh,Gonda,2021,43,35,5,53,145,3,61,94,458,227,73,181,7,328,14,119,28,188,2388
Uttar Pradesh,Gonda,2022,30,36,6,66,127,7,40,197,415,209,72,203,22,454,15,100,34,161,2537
Uttar Pradesh,Gorakhpur,2015,79,81,15,105,223,19,55,326,857,477,60,285,22,1008,35,275,58,239,4963
Uttar Pradesh,Gorakhpur,2016,72,68,9,119,223,11,114,410,793,355,52,222,49,916,19,254,51,404,4827
Uttar Pradesh,Gorakhpur,2017,110,130,22,168,227,12,88,271,794,448,177,312,46,939,44,232,37,437,5259
Uttar Pradesh,Gorakhpur,2018,100,93,15,172,358,17,142,292,1051,608,109,268,37,786,36,235,74,376,5545
Uttar Pradesh,Gorakhpur,2019,106,97,24,131,222,24,96,251,830,331,115,378,44,813,34,327,103,258,5343
Uttar Pradesh,Gorakhpur,2020,75,74,18,91,278,19,124,329,822,532,77,443,28,796,17,176,37,249,4815
Uttar Pradesh,Gorakhpur,2021,91,77,11,146,242,8,144,423,1258,591,181,514,27,678,43,339,117,212,5867
Uttar Pradesh,Gorakhpur,2022,69,60,13,135,165,25,60,376,1035,626,141,551,51,960,26,208,53,351,5729
Uttar Pradesh,Hamirpur,2015,13,11,2,22,45,2,16,78,213,114,40,60,3,147,6,62,17,66,1074
Uttar Pradesh,Hamirpur,2016,20,26,3,20,54,3,10,55,209,93,18,63,11,203,6,45,12,57,1052
Uttar Pradesh,Hamirpur,2017,20,17,4,32,69,1,28,89,215,97,14,65,8,175,7,44,7,53,1098
Uttar Pradesh,Hamirpur,2018,21,21,2,18,53,2,14,61,305,148,26,54,7,230,6,43,11,77,1268
Uttar Pradesh,Hamirpur,2019,19,20,3,32,40,4,16,65,217,98,31,74,10,233,10,47,10,62,1155
Uttar Pradesh,Hamirpur,2020,16,20,2,16,58,2,16,65,146,58,31,89,8,169,2,45,13,37,932
Uttar Pradesh,Hamirpur,2021,19,23,3,30,66,1,14,58,261,92,32,117,13,139,7,55,14,77,1187
Uttar Pradesh,Hamirpur,2022,20,17,4,34,53,3,17,49,167,66,16,74,12,222,7,67,17,56,1056
Uttar Pradesh,Hardoi,2015,36,30,7,65,137,4,37,250,578,239,80,140,16,352,20,170,34,241,2864
Uttar Pradesh,Hardoi,2016,65,80,12,86,92,6,77,263,693,403,46,192,16,526,17,162,40,123,3349
Uttar Pradesh,Hardoi,2017,53,67,10,103,173,15,64,140,671,277,34,221,13,458,23,145,35,277,3273
Uttar Pradesh,Hardoi,2018,62,76,6,98,127,15,39,194,524,192,100,193,23,510,30,157,31,233,3345
Uttar Pradesh,Hardoi,2019,66,69,9,63,207,16,99,250,852,408,88,236,11,664,17,232,62,282,4161
Uttar Pradesh,Hardoi,2020,47,56,10,41,124,12,51,223,528,279,49,244,9,457,10,155,29,206,2912
Uttar Pradesh,Hardoi,2021,41,43,9,49,204,11,90,267,482,189,120,229,24,673,9,140,21,129,3201
Uttar Pradesh,Hardoi,2022,60,70,12,74,210,9,50,217,827,359,73,283,30,529,23,200,67,258,3858
Uttar Pradesh,Hathras,2015,34,27,4,50,103,10,27,192,404,211,36,109,18,472,13,135,41,145,2354
Uttar Pradesh,Hathras,2016,40,38,9,77,115,10,32,172,451,176,71,151,15,386,16,120,41,154,2406
Uttar Pradesh,Hathras,2017,51,45,6,73,107,11,56,217,639,363,52,180,14,349,24,101,21,188,2874
Uttar Pradesh,Hathras,2018,53,57,12,55,169,5,75,136,677,299,85,173,14,423,19,101,21,139,2907
Uttar Pradesh,Hathras,2019,33,44,7,50,127,8,27,151,677,239,61,173,14,346,10,82,13,141,2572
Uttar Pradesh,Hathras,2020,31,29,7,36,66,8,36,143,473,173,32,182,9,277,6,69,20,150,2108
Uttar Pradesh,Hathras,2021,41,40,7,60,167,12,58,108,690,405,95,260,8,461,19,136,29,174,3156
Uttar Pradesh,Hathras,2022,52,65,9,59,151,6,63,211,612,254,69,252,24,336,20,87,20,198,2864
Uttar Pradesh,J.P.Nagar,2015,33,45,6,38,68,2,44,119,313,153,68,128,13,269,11,93,29,161,1863
Uttar Pradesh,J.P.Nagar,2016,23,22,4,58,62,2,43,75,419,170,44,99,7,295,11,91,18,149,1858
Uttar Pradesh,J.P.Nagar,2017,30,35,3,42,67,4,49,120,535,190,28,118,20,397,12,120,30,78,2165
Uttar Pradesh,J.P.Nagar,2018,37,46,6,61,77,8,35,88,409,145,64,112,21,296,9,93,21,87,1892
Uttar Pradesh,J.P.Nagar,2019,28,36,3,51,58,3,21,80,436,247,42,112,7,385,7,96,28,122,2033
Uttar Pradesh,J.P.Nagar,2020,24,22,5,26,59,4,35,109,339,155,28,121,17,253,6,51,11,125,1627
Uttar Pradesh,J.P.Nagar,2021,37,35,6,53,122,7,53,134,404,186,63,135,18,327,14,126,20,85,2097
Uttar Pradesh,J.P.Nagar,2022,23,22,5,29,70,3,41,99,336,150,63,151,8,225,7,57,15,142,1749
Uttar Pradesh,Jalaun,2015,15,12,3,27,42,3,16,45,222,125,28,51,5,164,8,41,13,36,978
Uttar Pradesh,Jalaun,2016,12,12,2,14,44,3,13,60,217,84,28,53,9,174,2,39,10,37,949
Uttar Pradesh,Jalaun,2017,11,13,2,13,58,0,24,60,229,122,20,61,5,126,4,58,19,57,1010
Uttar Pradesh,Jalaun,2018,19,18,3,17,60,2,18,49,222,78,25,48,4,132,5,50,13,54,992
Uttar Pradesh,Jalaun,2019,19,25,2,31,53,4,27,80,256,157,27,58,7,180,7,41,11,41,1163
Uttar Pradesh,Jalaun,2020,13,16,3,19,30,1,17,44,139,52,11,83,7,142,5,43,12,31,786
Uttar Pradesh,Jalaun,2021,15,14,3,26,59,0,16,62,184,66,13,69,4,152,8,42,8,47,917
Uttar Pradesh,Jalaun,2022,18,22,3,20,64,2,21,58,195,125,9,80,9,176,3,50,15,38,1051
Uttar Pradesh,Jaunpur,2015,43,35,10,42,102,9,57,142,457,263,89,128,10,382,7,114,30,201,2483
Uttar Pradesh,Jaunpur,2016,50,61,11,56,97,10,27,112,512,217,78,154,12,334,9,160,25,118,2510
Uttar Pradesh,Jaunpur,2017,46,62,7,81,124,10,47,165,687,402,74,162,10,421,19,125,35,167,3014
Uttar Pradesh,Jaunpur,2018,36,45,6,56,88,11,51,118,476,172,82,150,19,465,9,127,35,151,2530
Uttar Pradesh,Jaunpur,2019,44,42,10,54,129,10,34,200,445,187,59,131,11,502,18,172,38,213,2673
Uttar Pradesh,Jaunpur,2020,43,45,5,53,68,7,54,145,354,174,57,214,22,382,14,71,12,138,2172
Uttar Pradesh,Jaunpur,2021,47,53,8,50,100,10,46,221,431,159,43,238,16,536,12,164,55,103,2673
Uttar Pradesh,Jaunpur,2022,40,39,4,55,100,3,49,112,736,278,65,226,17,441,13,136,47,240,3003
Uttar Pradesh,Jhansi,2015,36,43,6,53,73,2,36,171,469,168,38,131,21,385,16,113,35,100,2182
Uttar Pradesh,Jhansi,2016,44,57,10,55,128,2,57,92,373,191,29,129,21,407,18,137,26,105,2208
Uttar Pradesh,Jhansi,2017,43,57,4,44,130,9,50,183,378,144,30,143,25,329,6,136,32,127,2221
Uttar Pradesh,Jhansi,2018,29,25,6,67,153,6,39,97,402,145,77,157,22,353,15,87,28,167,2205
Uttar Pradesh,Jhansi,2019,36,43,8,53,131,5,35,186,630,289,75,122,10,448,13,135,22,111,2692
Uttar Pradesh,Jhansi,2020,31,31,3,54,102,2,43,77,413,227,66,192,16,286,15,61,16,103,2006
Uttar Pradesh,Jhansi,2021,46,59,7,53,151,6,27,169,358,224,45,229,23,475,15,131,43,108,2500
Uttar Pradesh,Jhansi,2022,32,34,5,55,123,6,52,181,563,210,88,223,6,371,11,98,24,89,2502
Uttar Pradesh,Kannauj,2015,27,33,6,36,104,5,47,103,553,202,29,124,16,292,11,108,19,122,2137
Uttar Pradesh,Kannauj,2016,28,38,4,54,102,6,42,99,448,274,43,140,22,394,15,94,32,103,2253
Uttar Pradesh,Kannauj,2017,45,40,8,66,152,2,30,167,345,211,30,114,22,300,16,130,28,90,2225
Uttar Pradesh,Kannauj,2018,35,47,6,55,122,5,60,151,395,203,61,147,24,338,15,119,30,142,2449
Uttar Pradesh,Kannauj,2019,51,55,11,82,144,7,43,164,503,208,91,162,12,467,13,103,18,152,2648
Uttar Pradesh,Kannauj,2020,26,27,4,52,67,6,27,113,313,143,76,209,10,285,14,124,33,139,1959
Uttar Pradesh,Kannauj,2021,44,42,9,53,84,3,30,160,360,191,54,197,7,338,15,111,25,124,2397
Uttar Pradesh,Kannauj,2022,34,38,5,66,115,2,27,141,537,196,95,188,25,522,11,115,31,214,2721
Uttar Pradesh,Kanpur Dehat,2015,29,26,4,53,86,6,29,144,418,174,37,109,12,368,14,77,15,109,2020
Uttar Pradesh,Kanpur Dehat,2016,46,51,10,72,71,6,32,159,597,325,58,107,25,351,17,140,29,152,2572
Uttar Pradesh,Kanpur Dehat,2017,34,37,4,57,133,10,49,138,365,176,54,121,25,380,12,77,21,169,2275
Uttar Pradesh,Kanpur Dehat,2018,38,39,8,72,171,8,41,211,565,332,51,159,19,333,18,76,13,123,2659
Uttar Pradesh,Kanpur Dehat,2019,36,48,4,83,118,2,30,126,406,215,69,150,23,373,15,106,20,163,2393
Uttar Pradesh,Kanpur Dehat,2020,31,32,5,41,80,2,46,77,354,198,27,196,17,275,8,119,18,165,1973
Uttar Pradesh,Kanpur Dehat,2021,46,61,8,72,146,7,63,171,553,257,40,177,8,289,22,92,15,103,2485
Uttar Pradesh,Kanpur Dehat,2022,31,35,7,63,126,8,43,112,434,267,38,217,15,302,16,166,58,173,2467
Uttar Pradesh,Kanpur Nagar,2015,127,166,29,194,519,24,244,619,2161,920,213,517,78,1478,58,352,57,791,9867
Uttar Pradesh,Kanpur Nagar,2016,117,145,20,249,377,34,127,607,2518,1134,162,668,82,1647,85,350,92,650,10469
Uttar Pradesh,Kanpur Nagar,2017,142,165,31,241,345,19,279,772,2087,1163,142,492,47,1257,70,399,125,689,9861
Uttar Pradesh,Kanpur Nagar,2018,163,170,18,199,393,37,148,874,2058,867,354,671,107,2024,41,595,109,744,11099
Uttar Pradesh,Kanpur Nagar,2019,146,118,21,280,519,38,207,605,1896,997,141,584,108,2016,46,504,123,631,10382
Uttar Pradesh,Kanpur Nagar,2020,166,222,31,229,311,28,133,652,1342,732,153,846,27,1557,71,461,75,576,8820
Uttar Pradesh,Kanpur Nagar,2021,165,148,22,197,553,22,201,443,1574,869,184,934,62,1132,32,479,119,612,9107
Uttar Pradesh,Kanpur Nagar,2022,184,228,34,330,366,22,188,585,1921,943,133,763,92,2062,101,646,123,782,10971
Uttar Pradesh,Kaushambi,2015,37,44,4,35,70,7,42,139,408,154,52,115,24,413,10,85,24,135,2112
Uttar Pradesh,Kaushambi,2016,41,38,8,67,64,2,33,80,400,241,36,134,20,329,21,76,18,124,2023
Uttar Pradesh,Kaushambi,2017,44,36,4,54,144,9,29,195,380,184,29,118,9,390,15,84,18,133,2204
Uttar Pradesh,Kaushambi,2018,44,54,7,68,81,8,48,163,577,252,43,119,9,293,14,95,25,99,2309
Uttar Pradesh,Kaushambi,2019,31,30,4,60,143,9,62,176,463,293,83,121,21,305,15,135,34,150,2475
Uttar Pradesh,Kaushambi,2020,30,27,6,37,106,8,42,110,494,278,66,162,10,379,6,63,10,89,2193
Uttar Pradesh,Kaushambi,2021,33,39,4,52,73,9,23,153,480,233,41,179,15,262,11,81,16,139,2138
Uttar Pradesh,Kaushambi,2022,44,61,8,54,85,8,35,136,443,264,66,177,17,458,13,86,17,148,2446
Uttar Pradesh,Khiri,2015,63,61,10,77,140,11,64,287,621,342,74,201,24,618,21,199,69,200,3596
Uttar Pradesh,Khiri,2016,59,79,10,92,171,14,43,152,601,309,46,218,33,557,23,158,42,302,3415
Uttar Pradesh,Khiri,2017,52,64,10,90,201,13,51,214,861,316,117,179,11,435,14,223,47,280,3700
Uttar Pradesh,Khiri,2018,65,63,7,113,128,8,61,154,839,394,126,182,27,711,38,212,35,285,4000
Uttar Pradesh,Khiri,2019,61,70,11,87,259,5,68,345,964,490,91,218,36,798,19,242,68,324,4782
Uttar Pradesh,Khiri,2020,55,73,10,79,179,4,73,277,751,377,70,317,21,538,23,133,30,155,3634
Uttar Pradesh,Khiri,2021,64,78,9,82,121,16,105,326,758,265,64,361,32,713,25,214,50,282,4127
Uttar Pradesh,Khiri,2022,69,57,17,87,240,8,120,215,713,322,140,301,33,843,20,184,62,357,4394
Uttar Pradesh,Kushi Nagar,2015,26,26,3,55,108,2,35,129,500,225,29,128,18,223,14,82,15,158,2044
Uttar Pradesh,Kushi Nagar,2016,32,28,3,54,113,2,38,135,522,284,22,100,9,330,16,88,29,141,2244
Uttar Pradesh,Kushi Nagar,2017,24,32,4,54,53,6,32,138,286,113,41,105,14,289,12,86,28,126,1775
Uttar Pradesh,Kushi Nagar,2018,43,36,9,65,113,3,52,138,516,250,28,127,18,313,17,89,30,163,2314
Uttar Pradesh,Kushi Nagar,2019,40,32,6,62,134,8,58,145,413,161,47,144,21,387,11,65,18,186,2261
Uttar Pradesh,Kushi Nagar,2020,24,32,5,44,102,5,18,118,319,113,30,142,11,306,7,46,12,63,1618
Uttar Pradesh,Kushi Nagar,2021,24,32,5,36,120,2,22,156,353,155,49,163,10,275,10,131,43,109,1997
Uttar Pradesh,Kushi Nagar,2022,37,50,4,68,107,9,58,118,470,285,21,179,12,252,20,100,24,177,2290
Uttar Pradesh,Lalitpur,2015,17,20,3,23,65,2,19,45,182,94,28,66,10,130,6,29,7,38,939
Uttar Pradesh,Lalitpur,2016,14,19,1,17,59,2,23,82,238,153,9,51,8,145,3,28,4,71,1066
Uttar Pradesh,Lalitpur,2017,22,20,4,38,74,3,20,94,225,139,14,60,7,181,8,72,13,88,1248
Uttar Pradesh,Lalitpur,2018,16,20,2,17,48,3,23,53,150,77,22,55,8,144,5,50,8,53,1001
Uttar Pradesh,Lalitpur,2019,21,22,2,30,65,2,20,59,200,87,17,83,5,241,9,39,6,77,1191
Uttar Pradesh,Lalitpur,2020,14,18,2,24,36,1,15,40,129,67,31,82,2,172,3,32,8,71,870
Uttar Pradesh,Lalitpur,2021,18,19,2,24,38,4,15,47,220,84,25,81,5,167,6,71,19,86,1098
Uttar Pradesh,Lalitpur,2022,15,15,2,27,53,2,26,49,230,123,24,94,6,152,6,62,17,81,1135
Uttar Pradesh,Lucknow,2015,261,253,55,423,930,20,230,1134,2420,1369,486,988,118,2087,108,1012,227,861,15193
Uttar Pradesh,Lucknow,2016,248,334,52,231,798,44,221,662,4100,1671,439,950,69,2857,77,586,138,990,16675
Uttar Pradesh,Lucknow,2017,225,263,54,411,766,51,301,874,3905,1824,235,924,76,3035,114,725,113,734,17140
Uttar Pradesh,Lucknow,2018,362,400,62,503,934,72,314,741,2588,1202,495,959,106,2586,142,1052,258,1026,16742
Uttar Pradesh,Lucknow,2019,292,274,52,376,765,66,408,1311,4731,2543,668,1169,136,2482,99,849,279,1107,20162
Uttar Pradesh,Lucknow,2020,229,234,26,203,560,55,255,987,2232,1167,384,913,116,2345,70,691,117,1128,13609
Uttar Pradesh,Lucknow,2021,288,252,69,422,855,24,443,1425,3925,1527,404,1678,105,2245,79,646,132,911,17960
Uttar Pradesh,Lucknow,2022,233,257,44,491,1124,24,416,865,3702,1591,315,1699,81,3521,79,964,279,728,19138
Uttar Pradesh,Maharajganj,2015,24,30,5,33,87,3,28,68,274,177,18,75,4,236,9,48,11,96,1414
Uttar Pradesh,Maharajganj,2016,24,31,2,39,78,4,18,65,214,91,29,78,8,159,9,54,8,60,1272
Uttar Pradesh,Maharajganj,2017,26,28,2,42,54,2,36,111,325,171,47,87,6,234,9,59,13,53,1496
Uttar Pradesh,Maharajganj,2018,24,26,5,20,53,5,28,56,277,102,14,73,12,204,4,45,8,83,1271
Uttar Pradesh,Maharajganj,2019,19,16,1,43,85,2,34,98,191,77,44,74,13,251,14,41,9,89,1288
Uttar Pradesh,Maharajganj,2020,15,16,1,28,55,2,21,84,164,81,17,92,4,149,6,59,9,87,1042
Uttar Pradesh,Maharajganj,2021,21,20,3,36,79,1,16,77,237,98,19,83,5,232,11,46,14,64,1235
Uttar Pradesh,Maharajganj,2022,21,22,2,29,73,5,20,95,264,133,38,132,4,177,8,62,19,87,1378
Uttar Pradesh,Mahoba,2015,12,11,2,17,30,2,9,64,226,143,35,60,10,191,2,42,13,53,1055
Uttar Pradesh,Mahoba,2016,14,13,3,16,49,2,9,49,160,87,23,57,4,145,3,37,12,57,861
Uttar Pradesh,Mahoba,2017,11,14,2,22,54,2,12,35,125,52,29,52,9,175,6,50,16,35,822
Uttar Pradesh,Mahoba,2018,18,19,4,19,38,1,10,81,190,76,15,57,6,132,5,37,9,63,930
Uttar Pradesh,Mahoba,2019,18,14,2,29,27,4,15,37,228,83,9,51,6,181,9,38,6,42,935
Uttar Pradesh,Mahoba,2020,11,8,1,11,40,2,9,49,165,87,20,69,2,130,2,41,8,60,829
Uttar Pradesh,Mahoba,2021,11,10,1,23,54,3,21,50,158,85,29,59,4,101,4,40,10,33,825
Uttar Pradesh,Mahoba,2022,17,15,2,16,41,2,20,55,179,101,20,61,3,153,5,51,8,44,921
Uttar Pradesh,Mainpuri,2015,45,62,6,75,73,4,31,177,441,278,32,161,9,438,20,122,30,118,2470
Uttar Pradesh,Mainpuri,2016,49,49,5,60,131,5,24,194,643,261,65,133,20,313,14,88,24,150,2593
Uttar Pradesh,Mainpuri,2017,45,38,9,52,105,8,27,198,469,253,70,128,26,370,17,106,27,113,2634
Uttar Pradesh,Mainpuri,2018,35,28,8,89,106,4,59,104,578,361,91,178,10,340,21,152,33,122,2704
Uttar Pradesh,Mainpuri,2019,45,54,10,84,206,12,47,123,752,430,103,155,16,490,19,171,49,137,3350
Uttar Pradesh,Mainpuri,2020,38,33,7,38,118,3,64,164,526,191,60,219,9,346,6,135,33,122,2438
Uttar Pradesh,Mainpuri,2021,34,39,5,45,113,8,30,209,669,369,102,186,11,381,9,174,56,146,2972
Uttar Pradesh,Mainpuri,2022,54,68,11,44,88,5,55,244,610,319,64,278,29,544,11,204,56,189,3312
Uttar Pradesh,Mathura,2015,75,64,17,123,148,20,102,291,831,370,133,249,29,754,40,325,75,327,4729
Uttar Pradesh,Mathura,2016,73,88,14,77,185,7,112,257,708,371,81,286,39,639,17,255,81,418,4700
Uttar Pradesh,Mathura,2017,100,105,21,176,192,20,55,446,1055,509,99,321,39,914,59,218,40,254,5405
Uttar Pradesh,Mathura,2018,83,98,11,119,303,11,167,455,1014,611,197,377,25,1217,20,248,40,283,6132
Uttar Pradesh,Mathura,2019,94,86,10,127,225,23,134,233,1319,781,66,355,19,1165,19,171,52,284,5977
Uttar Pradesh,Mathura,2020,97,113,19,121,240,7,91,208,750,343,161,386,17,643,19,174,50,237,4580
Uttar Pradesh,Mathura,2021,107,129,22,160,256,17,134,443,1187,615,111,537,57,742,31,246,39,300,5888
Uttar Pradesh,Mathura,2022,83,74,18,158,270,22,55,243,1121,696,179,548,64,1126,54,351,98,401,6378
Uttar Pradesh,Mau,2015,33,44,5,29,98,2,37,133,414,187,52,95,16,220,7,58,11,141,1848
Uttar Pradesh,Mau,2016,26,23,3,54,87,6,41,104,428,185,68,105,18,319,10,93,29,96,1966
Uttar Pradesh,Mau,2017,39,43,7,31,72,2,24,136,445,243,38,107,18,338,6,99,15,101,2037
Uttar Pradesh,Mau,2018,20,16,4,32,59,4,19,82,383,247,41,107,19,248,7,70,11,131,1752
Uttar Pradesh,Mau,2019,41,41,5,61,122,4,23,155,467,230,25,102,14,300,13,77,16,143,2134
Uttar Pradesh,Mau,2020,20,25,4,46,72,3,19,118,339,154,56,135,12,205,14,49,15,71,1569
Uttar Pradesh,Mau,2021,24,22,4,58,107,7,21,106,369,194,19,134,17,394,15,85,22,107,1984
Uttar Pradesh,Mau,2022,32,33,4,65,70,4,52,89,524,200,50,177,8,234,18,84,14,169,2117
Uttar Pradesh,Meerut,2015,213,185,31,339,767,34,244,896,2984,1158,436,621,107,2367,97,549,175,539,13410
Uttar Pradesh,Meerut,2016,175,186,27,389,396,18,153,984,1909,1033,354,639,46,2292,71,614,183,630,11865
Uttar Pradesh,Meerut,2017,232,187,56,285,801,30,174,1044,2369,969,231,581,78,1798,97,668,199,690,12297
Uttar Pradesh,Meerut,2018,198,188,34,358,535,31,314,896,3049,1581,189,758,102,1904,69,423,132,581,13160
Uttar Pradesh,Meerut,2019,162,171,35,395,695,35,346,671,2612,1109,179,843,117,1978,68,550,183,702,12669
Uttar Pradesh,Meerut,2020,127,132,24,211,538,25,227,656,2243,970,218,658,80,1326,43,494,75,777,10180
Uttar Pradesh,Meerut,2021,230,268,40,324,595,36,213,635,1729,819,385,1077,65,1286,83,402,113,851,10754
Uttar Pradesh,Meerut,2022,230,232,56,348,585,28,320,463,1934,827,199,827,50,1752,120,464,145,887,11220
Uttar Pradesh,Mirzapur,2015,14,18,2,13,37,1,20,49,185,75,20,43,8,138,2,43,7,67,855
Uttar Pradesh,Mirzapur,2016,17,13,4,27,50,0,10,64,182,111,22,53,5,167,7,50,8,59,968
Uttar Pradesh,Mirzapur,2017,14,16,1,15,38,2,11,77,234,129,17,54,8,119,3,46,9,54,981
Uttar Pradesh,Mirzapur,2018,10,11,1,13,25,3,9,43,180,72,9,45,6,121,3,37,9,65,842
Uttar Pradesh,Mirzapur,2019,11,14,1,24,30,1,19,51,181,97,32,42,5,174,7,33,9,40,899
Uttar Pradesh,Mirzapur,2020,14,12,1,21,35,2,18,31,120,49,17,49,3,94,6,35,6,39,676
Uttar Pradesh,Mirzapur,2021,18,20,4,22,26,1,12,45,160,72,12,83,9,159,5,31,5,55,866
Uttar Pradesh,Mirzapur,2022,15,17,2,21,31,2,20,48,162,104,21,76,4,202,4,28,6,47,954
Uttar Pradesh,Moradabad,2015,75,69,13,78,228,5,57,173,963,384,165,234,19,569,17,275,65,195,4231
Uttar Pradesh,Moradabad,2016,54,54,13,149,151,4,57,251,1115,661,155,268,41,818,32,187,32,349,5043
Uttar Pradesh,Moradabad,2017,75,86,15,96,193,5,86,204,724,442,114,227,25,740,29,251,44,190,4542
Uttar Pradesh,Moradabad,2018,51,56,12,100,242,20,65,325,701,361,53,208,23,519,30,270,42,307,4318
Uttar Pradesh,Moradabad,2019,61,71,14,101,143,16,71,287,962,484,95,248,56,937,19,219,48,299,4833
Uttar Pradesh,Moradabad,2020,80,106,12,70,245,15,76,330,1009,468,110,360,23,487,22,196,50,308,4549
Uttar Pradesh,Moradabad,2021,80,105,18,126,199,13,125,224,1189,501,96,460,23,574,24,264,50,386,5139
Uttar Pradesh,Moradabad,2022,58,59,14,162,294,8,97,395,1018,424,124,373,27,827,48,223,54,275,5188
Uttar Pradesh,Muzaffarnagar,2015,58,47,7,105,264,19,97,265,1164,633,121,251,20,610,29,260,40,240,4872
Uttar Pradesh,Muzaffarnagar,2016,60,63,11,126,201,7,102,303,873,456,54,204,23,789,19,217,66,338,4534
Uttar Pradesh,Muzaffarnagar,2017,93,122,11,103,293,10,100,283,1085,409,132,204,29,538,32,290,53,242,4668
Uttar Pradesh,Muzaffarnagar,2018,87,105,18,120,308,21,141,280,780,428,114,229,25,866,27,255,72,421,5006
Uttar Pradesh,Muzaffarnagar,2019,95,93,17,86,154,16,120,296,1090,547,83,294,20,772,23,239,69,268,4971
Uttar Pradesh,Muzaffarnagar,2020,65,72,9,84,188,7,63,205,852,308,120,355,43,657,26,115,36,319,4085
Uttar Pradesh,Muzaffarnagar,2021,68,87,14,92,124,10,41,226,827,519,89,404,45,481,30,160,40,318,4175
Uttar Pradesh,Muzaffarnagar,2022,58,49,8,112,157,9,130,223,1319,555,125,509,56,954,20,164,36,220,5419
Uttar Pradesh,Pilibhit,2015,61,52,12,77,152,12,38,283,673,331,84,158,33,456,12,160,54,157,3280
Uttar Pradesh,Pilibhit,2016,66,68,8,108,135,13,81,157,876,319,118,209,21,463,19,177,37,139,3498
Uttar Pradesh,Pilibhit,2017,63,80,14,98,129,13,77,172,614,292,107,164,34,540,31,154,41,179,3282
Uttar Pradesh,Pilibhit,2018,52,69,11,105,129,7,83,200,557,261,102,223,26,465,35,96,27,253,3184
Uttar Pradesh,Pilibhit,2019,47,59,6,83,183,9,73,217,563,276,57,180,14,480,25,192,55,257,3241
Uttar Pradesh,Pilibhit,2020,45,44,9,82,154,8,77,180,742,314,98,204,29,551,15,107,32,168,3261
Uttar Pradesh,Pilibhit,2021,40,46,6,102,141,3,32,165,565,212,89,304,18,624,30,160,46,184,3221
Uttar Pradesh,Pilibhit,2022,44,48,6,114,151,15,63,233,947,407,44,274,23,541,17,149,35,231,3876
Uttar Pradesh,Pratapgarh,2015,86,100,15,106,245,18,104,313,680,267,139,272,34,730,35,210,62,306,4328
Uttar Pradesh,Pratapgarh,2016,84,103,16,76,183,6,97,304,1045,385,157,246,41,761,20,266,40,243,4714
Uttar Pradesh,Pratapgarh,2017,85,87,17,92,290,20,93,201,974,372,52,214,39,649,16,203,31,207,4265
Uttar Pradesh,Pratapgarh,2018,98,125,20,133,235,11,135,390,991,630,78,319,30,810,34,162,44,229,5186
Uttar Pradesh,Pratapgarh,2019,71,72,12,118,306,17,56,341,744,403,53,240,55,837,39,293,88,368,4814
Uttar Pradesh,Pratapgarh,2020,61,55,9,112,128,13,93,211,838,328,64,322,16,686,26,225,77,309,4150
Uttar Pradesh,Pratapgarh,2021,73,94,7,129,179,18,86,239,845,337,69,414,41,816,22,208,32,264,4513
Uttar Pradesh,Pratapgarh,2022,62,52,12,86,166,5,93,351,1143,629,154,398,46,820,19,168,54,366,5328
Uttar Pradesh,Raibareilly,2015,26,32,4,34,98,8,47,135,299,125,33,100,18,250,10,114,38,113,1961
Uttar Pradesh,Raibareilly,2016,28,25,6,47,69,5,56,137,397,208,87,132,9,401,10,133,24,107,2211
Uttar Pradesh,Raibareilly,2017,47,53,7,72,86,6,45,137,570,207,67,124,25,468,11,90,20,142,2519
Uttar Pradesh,Raibareilly,2018,34,33,5,52,84,9,51,99,452,224,70,113,8,438,13,152,52,91,2318
Uttar Pradesh,Raibareilly,2019,26,32,2,66,139,3,29,97,484,305,39,137,8,486,18,102,29,91,2429
Uttar Pradesh,Raibareilly,2020,39,32,6,33,109,2,51,99,520,290,51,179,8,242,10,58,9,135,2155
Uttar Pradesh,Raibareilly,2021,27,31,2,68,115,2,43,157,482,229,59,228,11,417,11,142,37,166,2552
Uttar Pradesh,Raibareilly,2022,32,35,4,54,82,4,56,146,372,237,48,165,11,408,15,144,28,134,2307
Uttar Pradesh,Rampur,2015,27,24,5,35,74,3,30,127,439,240,72,91,5,360,9,121,42,79,2061
Uttar Pradesh,Rampur,2016,29,38,5,43,79,6,50,82,338,151,61,112,14,410,8,97,25,79,1932
Uttar Pradesh,Rampur,2017,40,45,9,66,110,10,23,111,512,195,53,145,11,299,14,78,15,104,2187
Uttar Pradesh,Rampur,2018,43,34,9,54,109,8,66,199,569,305,28,115,27,383,10,133,32,139,2604
Uttar Pradesh,Rampur,2019,28,33,3,36,137,4,30,94,547,280,48,158,9,284,9,88,19,196,2339
Uttar Pradesh,Rampur,2020,25,22,3,51,68,2,42,131,370,157,28,165,16,238,11,60,16,84,1740
Uttar Pradesh,Rampur,2021,27,30,5,65,65,6,56,141,310,135,59,155,11,242,11,110,19,164,1978
Uttar Pradesh,Rampur,2022,36,47,5,48,105,3,23,153,440,275,58,185,24,311,16,82,15,149,2291
Uttar Pradesh,Saharanpur,2015,60,58,9,112,128,19,126,191,1172,538,111,208,40,716,24,258,74,179,4662
Uttar Pradesh,Saharanpur,2016,85,75,18,108,222,11,105,280,987,421,70,264,22,819,32,146,28,246,4580
Uttar Pradesh,Saharanpur,2017,54,53,12,148,277,13,115,261,1201,724,148,223,19,778,24,246,61,252,5289
Uttar Pradesh,Saharanpur,2018,78,96,11,79,179,15,69,426,946,494,130,326,23,745,26,275,76,230,4966
Uttar Pradesh,Saharanpur,2019,65,74,7,131,214,21,85,325,1190,428,79,335,15,587,26,266,58,229,4861
Uttar Pradesh,Saharanpur,2020,76,72,17,101,193,4,53,264,709,355,124,276,33,565,24,158,35,232,3821
Uttar Pradesh,Saharanpur,2021,73,60,10,153,154,5,140,394,727,320,84,468,41,954,47,150,22,312,4820
Uttar Pradesh,Saharanpur,2022,100,98,23,130,194,12,138,372,1042,403,94,510,24,869,38,344,79,346,5572
Uttar Pradesh,Sant Kabirnagar,2015,14,18,1,23,39,2,12,37,157,97,11,46,4,89,5,26,6,55,745
Uttar Pradesh,Sant Kabirnagar,2016,10,11,1,15,26,2,12,51,113,54,18,43,8,143,2,48,15,67,750
Uttar Pradesh,Sant Kabirnagar,2017,12,13,2,28,46,1,16,45,130,57,15,50,10,124,5,36,8,69,835
Uttar Pradesh,Sant Kabirnagar,2018,9,7,1,18,29,2,12,62,116,42,12,53,8,165,5,40,12,56,762
Uttar Pradesh,Sant Kabirnagar,2019,15,20,2,30,40,3,11,36,139,68,17,63,3,184,6,36,9,46,900
Uttar Pradesh,Sant Kabirnagar,2020,11,13,2,17,30,2,8,44,145,51,6,64,7,104,5,39,6,52,703
Uttar Pradesh,Sant Kabirnagar,2021,15,16,3,13,40,2,18,71,131,46,22,61,5,121,3,41,6,65,823
Uttar Pradesh,Sant Kabirnagar,2022,17,15,3,12,25,3,16,56,206,131,13,65,3,110,2,42,6,32,877
Uttar Pradesh,Shahjahanpur,2015,43,57,8,95,130,9,43,227,555,297,124,225,10,595,29,231,70,202,3454
Uttar Pradesh,Shahjahanpur,2016,74,100,17,90,175,13,59,246,819,459,61,190,32,466,26,141,47,258,3791
Uttar Pradesh,Shahjahanpur,2017,42,51,7,108,139,4,99,140,621,302,115,243,37,415,24,168,26,294,3390
Uttar Pradesh,Shahjahanpur,2018,55,71,9,113,181,8,40,152,699,359,86,195,19,447,36,157,50,280,3634
Uttar Pradesh,Shahjahanpur,2019,46,48,11,68,108,14,63,207,782,505,75,190,41,537,14,150,33,173,3602
Uttar Pradesh,Shahjahanpur,2020,33,35,4,72,112,4,42,158,620,318,51,286,25,559,11,174,48,143,3095
Uttar Pradesh,Shahjahanpur,2021,58,78,8,105,200,10,69,250,794,505,79,259,24,636,17,152,41,175,3954
Uttar Pradesh,Shahjahanpur,2022,63,75,10,52,236,15,34,271,934,558,96,304,22,443,13,194,34,255,4133
Uttar Pradesh,Shrawasti,2015,18,25,4,15,54,3,15,53,201,76,12,62,5,167,3,59,10,42,954
Uttar Pradesh,Shrawasti,2016,15,12,3,18,29,1,16,68,165,70,18,44,6,110,5,49,10,37,792
Uttar Pradesh,Shrawasti,2017,20,24,2,30,57,2,11,76,216,122,18,47,4,167,8,47,12,52,1053
Uttar Pradesh,Shrawasti,2018,15,15,3,18,34,2,20,41,150,95,24,45,5,173,5,34,7,65,880
Uttar Pradesh,Shrawasti,2019,13,15,2,19,49,1,13,44,229,92,17,58,6,150,5,35,6,74,959
Uttar Pradesh,Shrawasti,2020,13,13,1,22,44,1,15,63,133,67,16,54,6,94,4,33,7,57,751
Uttar Pradesh,Shrawasti,2021,11,10,2,16,47,1,14,44,152,71,11,67,9,113,4,54,15,42,866
Uttar Pradesh,Shrawasti,2022,16,16,3,18,49,3,24,62,163,87,19,86,7,119,6,61,9,69,958
Uttar Pradesh,Sidharthnagar,2015,15,18,3,19,44,2,21,47,213,105,30,42,3,168,4,41,10,72,984
Uttar Pradesh,Sidharthnagar,2016,11,12,2,24,29,1,9,53,158,96,12,53,7,118,5,32,8,71,823
Uttar Pradesh,Sidharthnagar,2017,13,10,1,14,40,3,21,57,158,71,9,55,9,168,2,32,9,35,867
Uttar Pradesh,Sidharthnagar,2018,13,13,1,27,58,2,23,49,244,146,35,43,5,153,5,59,11,46,1067
Uttar Pradesh,Sidharthnagar,2019,13,12,1,23,51,4,15,53,252,102,16,53,4,178,6,49,13,54,1035
Uttar Pradesh,Sidharthnagar,2020,15,12,1,16,47,3,19,44,167,102,13,68,3,93,2,26,7,31,775
Uttar Pradesh,Sidharthnagar,2021,12,12,2,12,46,3,15,57,121,69,9,55,3,130,3,47,13,50,774
Uttar Pradesh,Sidharthnagar,2022,12,11,2,28,57,1,22,76,217,96,30,69,9,175,6,44,12,50,1056
Uttar Pradesh,Sitapur,2015,81,69,10,133,123,16,82,329,1032,640,49,253,47,553,45,244,49,199,4558
Uttar Pradesh,Sitapur,2016,53,62,7,65,184,10,49,156,683,293,149,229,29,684,21,160,40,213,3812
Uttar Pradesh,Sitapur,2017,93,107,18,116,272,16,80,298,741,478,78,271,43,832,20,269,93,204,4684
Uttar Pradesh,Sitapur,2018,74,91,12,83,290,9,45,368,793,307,107,231,31,840,21,286,47,176,4433
Uttar Pradesh,Sitapur,2019,79,64,18,69,148,5,70,211,989,362,72,235,24,566,23,286,67,192,4255
Uttar Pradesh,Sitapur,2020,51,49,5,55,137,14,105,269,683,418,50,302,20,706,10,206,43,209,3864
Uttar Pradesh,Sitapur,2021,53,58,6,120,148,16,105,311,693,333,149,317,33,599,31,150,42,341,4111
Uttar Pradesh,Sitapur,2022,55,44,7,83,169,5,41,235,731,269,52,414,42,593,22,154,51,247,4146
Uttar Pradesh,Sonbhadra,2015,11,11,2,12,51,2,21,59,135,60,19,54,3,158,2,29,9,67,823
Uttar Pradesh,Sonbhadra,2016,11,14,1,17,38,1,13,41,206,99,18,39,8,101,5,37,9,60,831
Uttar Pradesh,Sonbhadra,2017,12,12,2,21,47,2,10,73,195,89,8,48,7,174,3,32,5,65,928
Uttar Pradesh,Sonbhadra,2018,17,20,2,24,37,2,16,44,199,73,27,47,9,158,6,26,6,35,870
Uttar Pradesh,Sonbhadra,2019,17,20,3,24,38,2,17,72,214,90,10,59,7,181,6,56,12,37,999
Uttar Pradesh,Sonbhadra,2020,13,10,1,12,40,1,12,52,127,74,11,66,5,132,2,19,6,52,730
Uttar Pradesh,Sonbhadra,2021,16,21,2,17,37,1,15,64,174,74,10,77,9,133,4,53,16,64,910
Uttar Pradesh,Sonbhadra,2022,18,19,2,23,33,1,9,48,190,98,32,73,7,130,7,48,11,71,950
Uttar Pradesh,St.Ravidasnagar,2015,10,11,2,13,18,1,8,30,107,41,13,33,5,107,3,37,12,40,573
Uttar Pradesh,St.Ravidasnagar,2016,10,11,1,16,36,1,7,27,139,83,16,38,1,112,5,28,9,42,669
Uttar Pradesh,St.Ravidasnagar,2017,12,16,2,11,44,1,14,54,124,67,10,40,5,80,2,21,6,52,659
Uttar Pradesh,St.Ravidasnagar,2018,8,6,1,14,38,2,15,50,124,71,15,35,5,139,2,44,10,33,708
Uttar Pradesh,St.Ravidasnagar,2019,7,7,1,19,21,1,8,35,107,59,16,35,3,102,6,35,11,48,617
Uttar Pradesh,St.Ravidasnagar,2020,10,10,1,16,31,1,8,25,133,52,7,40,5,70,3,21,4,39,554
Uttar Pradesh,St.Ravidasnagar,2021,13,16,1,19,32,0,15,33,147,72,16,67,4,135,4,24,4,48,749
Uttar Pradesh,St.Ravidasnagar,2022,12,9,1,21,24,3,8,59,113,39,25,54,3,105,6,24,5,56,694
Uttar Pradesh,Sultanpur,2015,33,27,6,50,95,4,47,220,544,312,72,125,22,510,14,163,25,136,2773
Uttar Pradesh,Sultanpur,2016,34,37,8,64,151,3,72,109,548,338,99,135,17,536,13,171,31,121,2865
Uttar Pradesh,Sultanpur,2017,57,75,8,41,132,9,43,180,399,228,51,143,12,538,13,90,27,216,2660
Uttar Pradesh,Sultanpur,2018,36,35,3,58,145,6,63,193,470,200,59,158,9,476,12,106,20,128,2797
Uttar Pradesh,Sultanpur,2019,33,39,5,90,104,10,50,169,695,334,93,127,20,390,27,160,45,110,2891
Uttar Pradesh,Sultanpur,2020,34,46,6,65,143,5,28,137,583,279,59,175,17,309,13,83,26,88,2416
Uttar Pradesh,Sultanpur,2021,40,51,5,84,166,12,72,170,466,221,73,261,20,334,16,81,26,201,2687
Uttar Pradesh,Sultanpur,2022,36,46,6,78,181,3,56,204,602,347,81,243,33,598,21,115,19,162,3256
Uttar Pradesh,Unnao,2015,67,77,16,105,196,17,66,257,684,301,67,191,22,712,29,210,59,267,3887
Uttar Pradesh,Unnao,2016,80,74,11,65,240,7,56,214,842,389,137,233,11,697,18,171,39,174,4013
Uttar Pradesh,Unnao,2017,49,49,12,63,166,6,93,231,703,305,55,194,28,810,14,159,26,162,3734
Uttar Pradesh,Unnao,2018,81,101,14,105,240,17,47,306,783,355,95,179,28,532,33,115,39,158,3785
Uttar Pradesh,Unnao,2019,89,82,17,65,201,19,123,190,1063,659,123,204,33,628,10,267,45,194,4646
Uttar Pradesh,Unnao,2020,61,82,13,51,142,5,78,197,797,361,126,312,34,715,14,187,58,200,3923
Uttar Pradesh,Unnao,2021,47,49,11,68,195,7,76,242,787,467,74,325,29,728,12,226,36,277,4192
Uttar Pradesh,Unnao,2022,84,111,14,97,193,7,49,202,974,546,55,283,19,820,31,205,66,230,4559
Uttar Pradesh,Varanasi,2015,63,85,9,89,179,9,66,187,1066,668,125,235,32,802,18,272,69,286,4860
Uttar Pradesh,Varanasi,2016,66,58,16,91,235,13,106,388,681,326,91,227,18,572,27,185,53,173,4323
Uttar Pradesh,Varanasi,2017,70,94,9,117,156,6,92,313,1092,613,46,256,22,678,23,236,44,373,4909
Uttar Pradesh,Varanasi,2018,79,97,9,68,145,12,88,196,1040,505,111,216,15,517,11,143,45,273,4268
Uttar Pradesh,Varanasi,2019,73,83,16,158,229,21,88,201,1108,530,163,306,16,755,39,276,96,286,5149
Uttar Pradesh,Varanasi,2020,72,85,15,64,255,5,81,168,627,380,86,320,37,559,13,216,50,278,3884
Uttar Pradesh,Varanasi,2021,76,73,14,108,281,14,118,346,1221,508,144,390,31,690,33,303,59,367,5439
Uttar Pradesh,Varanasi,2022,52,62,7,94,202,14,56,220,684,248,86,347,38,528,19,237,53,299,4217
Uttarakhand,Almora,2015,2,2,0,3,6,0,3,8,41,21,4,7,1,27,0,10,3,12,173
Uttarakhand,Almora,2016,2,1,0,4,5,0,1,8,33,20,5,7,1,30,1,4,1,10,155
Uttarakhand,Almora,2017,2,2,0,4,9,0,2,6,27,11,1,8,1,23,1,5,1,7,157
Uttarakhand,Almora,2018,2,1,0,4,7,0,2,13,33,12,4,7,1,24,1,7,1,8,151
Uttarakhand,Almora,2019,3,3,0,5,10,0,2,10,38,23,3,10,1,22,1,10,2,12,179
Uttarakhand,Almora,2020,2,2,0,2,6,0,3,5,20,10,2,11,0,20,0,4,0,6,135
Uttarakhand,Almora,2021,2,1,0,3,9,0,1,10,25,10,2,13,0,20,0,9,2,7,143
Uttarakhand,Almora,2022,2,2,0,2,9,0,2,9,35,22,5,11,0,23,0,10,3,8,165
Uttarakhand,Bageshwar,2015,1,1,0,2,3,0,1,3,20,11,1,4,0,11,0,2,0,3,83
Uttarakhand,Bageshwar,2016,1,1,0,1,2,0,0,6,22,7,2,5,0,17,0,2,0,4,82
Uttarakhand,Bageshwar,2017,1,1,0,1,3,0,1,4,12,7,1,5,0,14,0,2,0,3,79
Uttarakhand,Bageshwar,2018,1,1,0,2,5,0,1,4,17,8,2,5,0,14,0,4,1,7,86
Uttarakhand,Bageshwar,2019,1,1,0,2,4,0,1,6,16,7,1,6,0,10,0,4,1,6,86
Uttarakhand,Bageshwar,2020,1,1,0,1,2,0,1,4,13,6,2,6,0,10,0,4,1,5,73
Uttarakhand,Bageshwar,2021,1,1,0,1,3,0,1,5,13,6,1,5,0,12,0,3,0,3,79
Uttarakhand,Bageshwar,2022,1,1,0,2,5,0,1,6,22,8,2,6,0,18,0,3,0,6,93
Uttarakhand,Chamoli,2015,2,2,0,2,6,0,3,11,28,14,3,8,0,23,0,6,1,7,135
Uttarakhand,Chamoli,2016,2,2,0,2,5,0,2,7,26,12,2,8,0,24,0,4,1,6,123
Uttarakhand,Chamoli,2017,2,2,0,2,4,0,2,6,32,12,3,6,1,24,0,6,1,5,129
Uttarakhand,Chamoli,2018,2,2,0,3,8,0,2,8,23,12,4,9,0,27,1,6,1,11,140
Uttarakhand,Chamoli,2019,2,1,0,4,4,0,2,8,34,22,2,7,1,20,0,6,1,9,144
Uttarakhand,Chamoli,2020,1,1,0,3,4,0,1,6,27,14,3,8,0,21,0,6,1,7,118
Uttarakhand,Chamoli,2021,2,2,0,3,4,0,3,12,35,21,2,13,0,21,1,8,1,11,160
Uttarakhand,Chamoli,2022,2,1,0,3,9,0,3,10,30,18,3,13,0,26,0,9,2,8,159
Uttarakhand,Champawat,2015,1,1,0,2,3,0,2,6,19,10,1,4,0,14,0,4,0,7,91
Uttarakhand,Champawat,2016,2,2,0,2,4,0,1,8,16,6,2,4,1,18,0,4,1,4,102
Uttarakhand,Champawat,2017,1,1,0,3,6,0,1,6,25,10,1,5,1,15,0,6,2,7,105
Uttarakhand,Champawat,2018,1,1,0,3,6,0,2,9,18,8,4,6,0,22,0,7,2,7,115
Uttarakhand,Champawat,2019,1,1,0,3,6,0,1,6,27,10,1,7,0,21,0,4,0,7,111
Uttarakhand,Champawat,2020,1,1,0,1,2,0,2,6,19,11,1,7,0,15,0,4,1,7,91
Uttarakhand,Champawat,2021,1,1,0,2,5,0,1,6,15,6,2,8,0,14,0,5,0,6,99
Uttarakhand,Champawat,2022,2,2,0,4,7,0,3,9,28,10,2,10,0,21,1,4,0,9,129
Uttarakhand,Dehradun,2015,33,39,7,74,114,6,42,90,567,353,82,122,18,326,23,141,31,154,2557
Uttarakhand,Dehradun,2016,37,51,9,36,122,12,50,214,455,234,64,167,24,298,11,162,41,110,2463
Uttarakhand,Dehradun,2017,47,47,5,63,92,2,36,172,515,226,68,134,24,437,9,89,28,121,2468
Uttarakhand,Dehradun,2018,42,56,6,68,160,9,49,154,388,207,89,147,8,299,16,135,43,166,2401
Uttarakhand,Dehradun,2019,34,44,6,81,111,6,30,187,656,231,45,175,10,564,20,81,25,123,2825
Uttarakhand,Dehradun,2020,44,38,10,56,116,3,61,135,455,219,26,193,23,426,19,77,15,123,2350
Uttarakhand,Dehradun,2021,33,43,4,48,119,3,27,180,398,204,29,259,12,305,11,168,44,195,2504
Uttarakhand,Dehradun,2022,30,39,3,52,150,3,67,151,613,267,37,246,29,418,8,153,26,146,2805
Uttarakhand,Haridwar,2015,55,70,7,91,170,13,37,184,732,329,86,154,13,507,27,189,51,160,3287
Uttarakhand,Haridwar,2016,43,44,7,72,118,3,77,118,632,334,39,189,18,380,19,126,29,113,2764
Uttarakhand,Haridwar,2017,48,64,11,79,139,11,65,222,835,388,115,153,26,658,21,151,22,191,3649
Uttarakhand,Haridwar,2018,57,60,7,80,98,9,75,228,826,296,37,188,10,564,17,101,15,241,3381
Uttarakhand,Haridwar,2019,60,82,13,57,118,14,59,149,577,275,81,235,33,399,18,160,44,148,3305
Uttarakhand,Haridwar,2020,41,54,9,69,143,6,59,197,608,347,29,223,11,424,10,149,24,209,3005
Uttarakhand,Haridwar,2021,43,47,7,101,156,12,41,146,720,255,77,286,29,608,29,106,26,195,3337
Uttarakhand,Haridwar,2022,39,33,6,103,159,6,56,142,609,235,31,314,29,616,31,118,20,216,3215
Uttarakhand,Nainital,2015,18,23,3,21,50,4,17,89,201,104,14,81,9,162,6,54,17,101,1182
Uttarakhand,Nainital,2016,19,21,3,31,77,4,29,54,255,115,16,60,8,197,5,71,18,82,1238
Uttarakhand,Nainital,2017,23,31,3,31,59,4,31,92,213,132,18,64,7,236,9,82,15,61,1286
Uttarakhand,Nainital,2018,25,30,5,33,77,5,12,103,246,135,47,86,13,213,10,80,22,86,1411
Uttarakhand,Nainital,2019,24,20,3,43,92,5,30,82,296,176,30,90,5,206,15,85,25,68,1494
Uttarakhand,Nainital,2020,19,24,3,27,33,2,15,47,258,94,37,95,10,189,6,39,7,82,1127
Uttarakhand,Nainital,2021,16,15,1,37,44,1,35,82,311,120,32,90,6,217,6,37,12,99,1346
Uttarakhand,Nainital,2022,15,12,3,22,55,3,16,76,331,123,43,94,11,197,5,41,13,77,1322
Uttarakhand,Pauri Garhwal,2015,4,3,0,4,13,1,8,24,79,34,3,14,2,35,1,11,1,14,293
Uttarakhand,Pauri Garhwal,2016,5,6,0,6,11,1,3,21,67,28,6,15,1,44,1,16,5,19,301
Uttarakhand,Pauri Garhwal,2017,4,3,0,6,21,0,4,20,72,39,12,16,3,59,1,17,2,13,339
Uttarakhand,Pauri Garhwal,2018,5,5,0,10,15,1,5,19,55,34,4,23,3,63,3,17,3,25,343
Uttarakhand,Pauri Garhwal,2019,6,5,1,7,15,0,4,22,84,41,5,20,2,49,1,14,2,17,345
Uttarakhand,Pauri Garhwal,2020,4,4,0,8,8,0,4,17,59,37,2,21,0,44,1,12,3,16,277
Uttarakhand,Pauri Garhwal,2021,4,4,0,10,16,0,7,25,68,43,9,22,3,48,2,12,1,15,332
Uttarakhand,Pauri Garhwal,2022,7,8,0,11,12,0,3,14,84,33,9,27,2,72,3,20,6,15,376
Uttarakhand,Pithoragarh,2015,1,1,0,2,8,0,2,10,33,13,4,7,0,24,0,3,0,6,132
Uttarakhand,Pithoragarh,2016,1,1,0,2,4,0,1,9,25,14,3,6,1,17,0,4,0,6,117
Uttarakhand,Pithoragarh,2017,2,1,0,3,5,0,1,7,30,17,3,7,0,28,0,8,2,5,139
Uttarakhand,Pithoragarh,2018,1,1,0,2,4,0,1,5,35,22,4,6,1,26,0,6,0,10,143
Uttarakhand,Pithoragarh,2019,2,2,0,2,8,0,3,7,22,10,2,9,1,23,0,8,1,8,135
Uttarakhand,Pithoragarh,2020,1,1,0,3,4,0,3,7,27,16,3,10,0,13,0,6,1,8,118
Uttarakhand,Pithoragarh,2021,2,2,0,2,6,0,1,10,33,13,4,11,1,21,0,4,0,5,134
Uttarakhand,Pithoragarh,2022,1,1,0,2,7,0,1,10,23,12,3,8,0,25,0,6,1,8,126
Uttarakhand,Rudra Prayag,2015,1,1,0,2,3,0,1,5,17,6,2,5,0,14,0,5,1,8,104
Uttarakhand,Rudra Prayag,2016,1,1,0,2,6,0,1,4,16,6,2,5,0,18,0,5,1,5,107
Uttarakhand,Rudra Prayag,2017,2,2,0,3,4,0,2,4,17,9,1,6,0,21,0,4,1,8,99
Uttarakhand,Rudra Prayag,2018,2,2,0,3,3,0,3,7,21,9,2,5,1,22,1,7,1,6,111
Uttarakhand,Rudra Prayag,2019,2,2,0,3,7,0,2,6,30,16,2,7,0,22,0,4,0,6,125
Uttarakhand,Rudra Prayag,2020,1,1,0,2,5,0,1,3,19,8,1,8,0,15,0,3,0,7,89
Uttarakhand,Rudra Prayag,2021,1,1,0,1,5,0,1,6,21,8,2,9,0,18,0,6,1,6,100
Uttarakhand,Rudra Prayag,2022,1,1,0,3,4,0,1,5,24,11,4,8,1,17,0,6,1,7,109
Uttarakhand,Tehri Garhwal,2015,1,1,0,2,7,0,1,11,32,20,4,9,1,18,0,9,2,6,144
Uttarakhand,Tehri Garhwal,2016,1,1,0,3,7,0,3,11,40,18,2,9,1,22,1,8,2,8,158
Uttarakhand,Tehri Garhwal,2017,2,1,0,3,5,0,3,9,30,16,2,10,1,23,0,9,3,9,154
Uttarakhand,Tehri Garhwal,2018,2,2,0,2,9,0,1,12,22,12,2,10,0,19,0,7,2,7,150
Uttarakhand,Tehri Garhwal,2019,2,2,0,3,9,0,3,9,25,15,1,7,1,18,0,5,1,13,148
Uttarakhand,Tehri Garhwal,2020,2,1,0,2,5,0,3,9,22,8,4,12,0,21,0,6,1,10,126
Uttarakhand,Tehri Garhwal,2021,2,2,0,3,5,0,1,6,32,15,2,13,0,27,0,7,2,11,149
Uttarakhand,Tehri Garhwal,2022,1,1,0,3,9,0,2,7,43,24,5,14,1,26,0,5,1,13,178
Uttarakhand,Udhamsingh Nagar,2015,26,36,6,61,103,9,41,110,440,240,50,130,10,413,17,111,22,165,2315
Uttarakhand,Udhamsingh Nagar,2016,47,59,7,42,105,9,62,109,456,234,64,152,16,369,11,87,14,187,2356
Uttarakhand,Udhamsingh Nagar,2017,41,41,5,35,77,7,57,136,483,292,73,144,22,406,11,90,16,177,2447
Uttarakhand,Udhamsingh Nagar,2018,49,63,10,37,107,6,26,145,396,253,84,141,16,461,10,153,29,101,2472
Uttarakhand,Udhamsingh Nagar,2019,30,38,5,73,114,5,52,187,412,196,90,139,27,415,15,143,35,140,2479
Uttarakhand,Udhamsingh Nagar,2020,27,33,5,40,130,9,39,162,355,156,21,163,22,414,13,83,19,155,2139
Uttarakhand,Udhamsingh Nagar,2021,42,39,9,58,131,9,47,184,618,351,71,186,14,518,9,78,23,152,2902
Uttarakhand,Udhamsingh Nagar,2022,36,29,4,88,186,11,29,128,509,254,59,276,13,597,28,83,21,120,2882
Uttarakhand,Uttarkashi,2015,1,1,0,3,5,0,1,6,16,9,1,4,0,14,0,4,1,4,94
Uttarakhand,Uttarkashi,2016,1,1,0,2,4,0,1,8,28,15,1,7,1,21,0,3,0,6,114
Uttarakhand,Uttarkashi,2017,1,1,0,3,5,0,2,7,20,7,3,7,0,19,0,3,0,4,109
Uttarakhand,Uttarkashi,2018,2,1,0,1,3,0,1,6,17,8,2,5,0,14,0,6,1,5,103
Uttarakhand,Uttarkashi,2019,2,1,0,2,3,0,1,8,27,13,4,6,0,20,0,5,1,7,116
Uttarakhand,Uttarkashi,2020,1,1,0,1,4,0,1,4,22,11,1,7,0,17,0,4,1,4,91
Uttarakhand,Uttarkashi,2021,1,1,0,3,5,0,2,6,23,8,1,9,1,22,0,5,1,5,109
Uttarakhand,Uttarkashi,2022,2,2,0,3,4,0,2,5,23,8,1,10,0,20,0,4,1,6,108
West Bengal,24 Parganas North,2015,235,292,30,364,813,36,322,1107,2703,1695,479,942,42,2146,81,573,190,788,14885
West Bengal,24 Parganas North,2016,195,166,47,374,616,58,350,922,3648,1645,482,862,94,2644,73,857,138,857,16029
West Bengal,24 Parganas North,2017,216,298,44,289,720,27,275,1164,2883,1112,416,865,118,2043,71,618,99,806,14111
West Bengal,24 Parganas North,2018,345,350,39,321,533,69,200,1059,3982,2172,209,885,74,2099,110,828,143,1228,17049
West Bengal,24 Parganas North,2019,201,194,38,266,777,24,303,993,4037,1762,186,796,89,3392,56,608,121,698,17023
West Bengal,24 Parganas North,2020,218,204,32,354,721,17,147,1061,3470,2208,300,985,85,1722,68,604,122,564,14769
West Bengal,24 Parganas North,2021,208,239,23,273,555,60,350,960,2428,934,517,1136,91,2319,52,604,95,1070,13977
West Bengal,24 Parganas North,2022,277,262,32,234,496,60,406,928,3651,1828,169,1242,178,3286,59,509,93,1105,17070
West Bengal,24 Parganas South,2015,210,180,35,248,907,78,282,1462,3868,2500,203,1051,127,2720,55,1117,243,1434,19180
West Bengal,24 Parganas South,2016,356,416,87,404,551,22,310,1213,3839,1625,386,1012,62,2935,73,570,197,1418,18094
West Bengal,24 Parganas South,2017,214,287,37,255,985,20,452,878,3799,2229,464,999,144,3218,57,558,164,914,18052
West Bengal,24 Parganas South,2018,212,211,46,511,984,25,363,1433,3831,1689,564,1115,115,3647,94,525,157,771,18904
West Bengal,24 Parganas South,2019,401,362,90,628,830,29,486,1222,3466,1453,297,1119,163,3100,165,1016,185,854,19253
West Bengal,24 Parganas South,2020,209,282,42,415,556,48,160,1111,3387,1810,399,1077,145,2236,125,822,273,1222,16497
West Bengal,24 Parganas South,2021,316,334,54,495,856,45,241,688,3873,2214,446,1530,114,3285,103,968,150,1232,19303
West Bengal,24 Parganas South,2022,240,329,26,320,1255,65,459,911,4961,2950,190,1890,102,3942,89,1235,217,1154,23041
West Bengal,Asansol,2015,101,92,21,117,327,7,59,450,1036,530,72,247,41,797,25,153,51,225,5104
West Bengal,Asansol,2016,90,97,10,175,204,6,140,387,802,302,138,317,47,997,55,277,95,227,5341
West Bengal,Asansol,2017,119,103,21,109,255,19,112,279,1001,354,214,280,51,890,29,217,59,224,5461
West Bengal,Asansol,2018,115,157,26,157,371,13,67,285,1332,509,176,374,37,838,46,304,81,382,6070
West Bengal,Asansol,2019,80,98,17,176,349,13,52,403,1265,632,92,279,43,771,41,343,119,447,5986
West Bengal,Asansol,2020,66,81,16,117,266,13,93,340,868,545,77,398,50,942,28,212,42,268,5086
West Bengal,Asansol,2021,79,68,19,138,325,9,69,358,919,585,194,388,26,872,35,249,41,315,5486
West Bengal,Asansol,2022,75,104,16,151,307,21,75,382,979,368,173,516,32,1132,47,305,64,420,5985
West Bengal,Bankura,2015,56,55,10,74,126,9,31,213,738,380,122,169,30,469,19,161,51,275,3457
West Bengal,Bankura,2016,71,93,15,105,205,5,52,142,690,401,77,167,22,689,24,218,37,230,3747
West Bengal,Bankura,2017,42,47,8,70,134,7,40,225,728,463,44,157,23,478,14,153,24,154,3269
West Bengal,Bankura,2018,61,80,10,91,216,11,70,215,797,459,79,180,29,561,24,194,35,245,3855
West Bengal,Bankura,2019,59,74,9,79,136,11,81,164,543,277,77,173,15,421,14,101,29,153,3357
West Bengal,Bankura,2020,56,77,13,92,145,12,62,200,543,320,91,228,9,495,29,185,35,211,3248
West Bengal,Bankura,2021,56,75,13,95,184,4,70,232,626,283,96,237,20,406,17,158,53,213,3328
West Bengal,Bankura,2022,46,55,11,67,128,10,60,257,890,377,56,292,26,458,12,194,29,215,3691
West Bengal,Birbhum,2015,80,74,9,63,171,12,57,160,977,397,95,269,21,801,12,165,54,228,4207
West Bengal,Birbhum,2016,76,88,11,92,213,11,111,206,640,399,68,263,25,730,21,195,40,328,4088
West Bengal,Birbhum,2017,72,60,15,96,179,5,60,157,685,363,83,268,20,700,26,234,44,271,3899
West Bengal,Birbhum,2018,84,104,18,118,281,8,102,387,742,436,102,298,15,797,21,161,40,365,4758
West Bengal,Birbhum,2019,77,103,11,107,235,4,53,264,1107,664,100,257,24,571,23,210,55,188,4666
West Bengal,Birbhum,2020,71,73,10,72,183,6,60,229,582,331,114,279,15,522,19,132,42,256,3498
West Bengal,Birbhum,2021,48,66,7,66,222,11,55,321,803,380,89,281,26,821,18,212,71,322,4400
West Bengal,Birbhum,2022,84,84,16,98,193,19,42,263,780,316,155,371,31,731,31,154,47,186,4220
West Bengal,Burdwan,2015,165,155,35,134,519,23,84,598,2155,933,254,416,60,1361,46,268,45,666,9094
West Bengal,Burdwan,2016,123,151,12,242,450,26,141,444,1834,796,184,498,50,1525,73,272,87,513,8610
West Bengal,Burdwan,2017,109,139,26,145,291,37,102,559,1933,739,162,487,35,1576,33,354,58,365,8724
West Bengal,Burdwan,2018,121,144,17,195,556,36,174,720,1662,594,296,621,96,1151,52,387,122,769,9016
West Bengal,Burdwan,2019,141,124,26,186,612,32,168,575,1719,683,219,550,93,1595,35,447,121,358,9026
West Bengal,Burdwan,2020,123,127,15,152,279,21,175,374,1675,694,95,701,57,1124,37,219,47,496,7402
West Bengal,Burdwan,2021,162,163,26,217,376,15,152,429,2303,1052,247,637,68,1590,72,567,139,354,9868
West Bengal,Burdwan,2022,169,145,24,253,588,30,137,553,2077,748,210,810,75,1376,41,541,105,602,9860
West Bengal,Coochbehar,2015,86,77,19,104,299,22,152,383,1221,700,93,288,62,1024,33,209,65,256,5922
West Bengal,Coochbehar,2016,103,137,20,93,218,14,106,246,874,542,145,395,58,946,30,237,44,422,5814
West Bengal,Coochbehar,2017,100,112,16,124,356,14,93,374,849,440,94,382,31,1101,36,296,67,494,5811
West Bengal,Coochbehar,2018,99,116,13,122,379,26,149,408,949,410,83,367,49,1150,38,168,32,400,5777
West Bengal,Coochbehar,2019,126,154,20,113,291,14,95,532,1453,568,229,320,25,1078,33,196,63,255,6498
West Bengal,Coochbehar,2020,77,64,8,147,301,21,83,393,1032,447,141,354,17,819,46,207,47,221,5094
West Bengal,Coochbehar,2021,72,76,10,181,220,20,83,395,1012,629,61,538,33,1150,42,201,46,338,5948
West Bengal,Coochbehar,2022,94,102,17,89,194,18,111,334,988,381,118,475,52,769,26,310,73,267,5564
West Bengal,Dakshin Dinajpur,2015,48,47,5,67,81,4,24,119,494,185,63,123,12,530,20,125,35,115,2460
West Bengal,Dakshin Dinajpur,2016,49,44,10,46,168,3,56,111,397,237,53,135,21,414,8,154,32,113,2465
West Bengal,Dakshin Dinajpur,2017,33,28,7,72,187,7,36,149,456,196,37,195,16,417,11,81,25,191,2723
West Bengal,Dakshin Dinajpur,2018,43,35,5,42,112,4,62,120,626,245,67,157,28,427,13,76,11,140,2581
West Bengal,Dakshin Dinajpur,2019,59,51,8,54,90,12,63,159,453,289,32,191,32,605,16,190,53,137,2922
West Bengal,Dakshin Dinajpur,2020,25,24,3,32,78,5,39,93,391,203,39,173,18,314,7,115,38,93,2006
West Bengal,Dakshin Dinajpur,2021,54,43,10,58,148,11,61,165,547,217,48,217,16,342,15,163,48,227,2781
West Bengal,Dakshin Dinajpur,2022,34,36,3,83,110,9,46,209,488,312,93,205,22,319,21,91,14,156,2640
West Bengal,Darjeeling,2015,38,51,8,68,182,4,67,114,613,288,41,154,15,392,13,182,60,109,2792
West Bengal,Darjeeling,2016,43,44,7,47,102,9,28,207,658,379,55,162,16,344,10,129,38,126,2770
West Bengal,Darjeeling,2017,54,55,11,39,133,8,49,102,651,252,58,174,26,515,11,151,47,203,2915
West Bengal,Darjeeling,2018,55,50,10,92,122,5,56,134,478,191,85,168,23,371,17,97,30,182,2919
West Bengal,Darjeeling,2019,57,64,10,86,160,3,74,143,621,320,43,158,15,469,20,110,20,125,2895
West Bengal,Darjeeling,2020,42,58,8,48,100,10,65,114,604,237,82,234,7,306,11,131,42,130,2568
West Bengal,Darjeeling,2021,56,45,13,77,104,7,46,133,699,302,71,265,10,494,20,91,27,129,2985
West Bengal,Darjeeling,2022,42,53,9,66,161,5,58,187,455,211,76,245,19,361,17,125,43,184,2703
West Bengal,Hooghly,2015,188,241,29,199,618,19,139,414,1795,774,178,473,67,1169,58,377,126,729,9392
West Bengal,Hooghly,2016,140,140,32,261,309,19,232,359,1883,662,338,636,68,1760,45,275,54,735,9284
West Bengal,Hooghly,2017,170,171,24,220,444,35,232,586,1840,795,127,581,36,1204,47,536,143,473,9315
West Bengal,Hooghly,2018,181,218,29,303,558,29,161,434,2401,1028,360,703,52,1581,89,640,178,835,11277
West Bengal,Hooghly,2019,212,222,25,303,608,28,301,426,2348,1251,227,729,63,1406,93,345,106,584,10813
West Bengal,Hooghly,2020,97,90,20,214,276,12,126,551,1507,763,280,583,78,1363,38,458,88,384,8043
West Bengal,Hooghly,2021,131,176,17,261,653,40,138,401,2224,862,131,769,67,1831,91,601,103,812,10743
West Bengal,Hooghly,2022,177,241,19,227,665,48,145,817,2837,1780,314,1064,105,1715,68,635,136,459,13030
West Bengal,Howrah,2015,71,77,13,150,205,8,123,390,1177,505,158,321,49,1009,37,162,44,410,5679
West Bengal,Howrah,2016,74,88,11,73,165,22,60,398,1179,567,123,250,21,916,18,197,62,297,5225
West Bengal,Howrah,2017,85,91,16,166,349,18,130,385,1038,425,69,276,15,728,43,234,68,328,5217
West Bengal,Howrah,2018,69,74,12,89,385,19,119,319,1263,693,181,323,56,965,28,183,62,321,6002
West Bengal,Howrah,2019,106,131,16,130,193,9,146,473,1233,655,93,343,30,856,30,326,69,290,5960
West Bengal,Howrah,2020,71,88,11,141,141,14,128,240,950,491,88,464,52,735,37,301,82,302,5017
West Bengal,Howrah,2021,86,102,14,124,217,17,93,352,1174,582,157,396,50,1024,22,276,93,212,5723
West Bengal,Howrah,2022,95,132,22,177,364,27,133,313,1010,384,64,541,50,730,37,365,101,412,5801
West Bengal,Howrah City,2015,127,156,25,94,400,30,158,259,1162,419,120,396,32,1263,32,202,59,346,6194
West Bengal,Howrah City,2016,123,139,14,123,220,7,152,359,1608,613,120,381,79,811,32,228,53,399,6680
West Bengal,Howrah City,2017,139,181,21,100,254,16,106,501,1813,711,230,370,54,865,34,333,79,465,7252
West Bengal,Howrah City,2018,151,124,33,228,233,24,183,303,1091,672,173,367,70,1308,76,417,109,532,7125
West Bengal,Howrah City,2019,84,101,20,175,409,24,113,446,1280,554,187,476,26,917,41,245,82,450,6940
West Bengal,Howrah City,2020,105,88,25,124,293,6,63,508,1113,411,225,540,67,941,20,333,72,420,6201
West Bengal,Howrah City,2021,129,172,14,170,420,31,119,555,1654,845,214,552,46,1370,50,399,121,276,8094
West Bengal,Howrah City,2022,118,123,14,265,401,7,107,562,1924,1186,194,693,65,1512,74,414,82,615,9500
West Bengal,Howrah G.R.P.,2015,10,11,1,21,35,1,15,36,110,39,21,32,7,140,5,41,6,27,659
West Bengal,Howrah G.R.P.,2016,9,12,1,18,31,2,10,50,193,114,19,41,3,145,4,38,10,33,839
West Bengal,Howrah G.R.P.,2017,10,13,1,21,27,2,19,35,99,48,13,35,7,139,6,37,11,36,656
West Bengal,Howrah G.R.P.,2018,10,9,2,21,43,0,20,55,165,80,15,43,6,108,6,38,6,52,784
West Bengal,Howrah G.R.P.,2019,9,8,1,19,22,1,7,29,156,97,26,38,6,113,5,28,5,35,726
West Bengal,Howrah G.R.P.,2020,6,5,0,16,30,1,10,41,150,57,13,43,1,121,2,22,5,24,632
West Bengal,Howrah G.R.P.,2021,13,14,2,11,35,2,19,64,194,80,8,54,4,104,3,33,8,47,804
West Bengal,Howrah G.R.P.,2022,10,13,1,12,36,0,13,54,148,75,11,76,5,129,2,28,8,43,771
West Bengal,Jalpaiguri,2015,68,79,16,98,124,16,106,172,658,411,134,182,42,609,15,239,37,227,3779
West Bengal,Jalpaiguri,2016,85,74,10,108,201,4,98,307,821,363,70,261,43,479,28,137,30,332,4041
West Bengal,Jalpaiguri,2017,70,62,13,132,247,8,67,318,830,485,115,252,28,539,41,218,70,355,4472
West Bengal,Jalpaiguri,2018,85,116,14,142,142,8,87,231,1159,541,92,257,23,581,39,166,40,372,4729
West Bengal,Jalpaiguri,2019,49,59,10,82,148,15,86,268,902,548,112,280,35,814,19,172,58,237,4509
West Bengal,Jalpaiguri,2020,49,45,10,64,209,9,65,278,910,349,133,269,15,568,10,178,60,247,3970
West Bengal,Jalpaiguri,2021,68,56,16,96,196,19,92,293,822,349,156,382,41,668,14,213,45,217,4364
West Bengal,Jalpaiguri,2022,65,79,14,127,185,20,56,239,836,342,143,375,42,637,19,298,100,379,4623
West Bengal,Kolkata,2015,333,391,77,406,1205,78,421,1379,3996,2136,625,1852,281,5100,130,810,196,1185,26261
West Bengal,Kolkata,2016,650,661,76,995,1546,80,790,2241,6399,3855,437,1488,125,6324,163,1126,174,1358,32935
West Bengal,Kolkata,2017,489,526,82,437,1874,129,626,2265,6835,3343,1022,1560,288,4480,95,1186,245,1182,30725
West Bengal,Kolkata,2018,614,495,122,542,1311,83,858,2039,7712,4513,577,1528,118,4288,175,1480,278,1971,33167
West Bengal,Kolkata,2019,645,693,72,983,1373,58,568,1490,5224,2138,938,1877,322,4215,252,1740,341,2328,31261
West Bengal,Kolkata,2020,330,436,51,707,1504,32,647,1689,6413,3494,703,2513,207,3713,197,1133,301,2045,29954
West Bengal,Kolkata,2021,460,395,62,930,2077,104,728,2624,8080,4192,427,2367,140,5667,280,1907,391,2085,37485
West Bengal,Kolkata,2022,604,734,88,585,1054,109,340,2298,5308,2346,422,2643,202,6164,136,1825,347,1514,31025
West Bengal,Malda,2015,105,128,21,173,242,25,158,357,1647,928,122,407,36,1215,52,349,89,476,7450
West Bengal,Malda,2016,107,96,20,154,321,11,116,324,1461,786,162,458,46,1374,47,436,97,358,7343
West Bengal,Malda,2017,113,136,24,179,245,11,115,556,1788,879,148,337,76,885,45,410,96,409,7426
West Bengal,Malda,2018,104,132,10,159,252,32,67,346,1799,676,172,386,60,885,42,350,66,580,7118
West Bengal,Malda,2019,119,159,20,220,442,14,200,398,1487,804,95,364,73,1465,61,366,61,624,8110
West Bengal,Malda,2020,84,70,12,150,184,19,150,239,1260,647,65,513,34,1020,45,406,78,458,6307
West Bengal,Malda,2021,91,118,18,121,299,10,83,304,1282,550,219,491,42,1292,29,239,52,342,6543
West Bengal,Malda,2022,159,159,20,214,305,16,230,666,2018,947,176,834,29,1580,38,535,135,431,9656
West Bengal,Midnapur,2015,53,60,10,70,146,10,101,198,1174,421,69,241,34,541,18,247,73,294,4412
West Bengal,Midnapur,2016,77,106,9,81,163,6,112,401,999,461,182,330,29,598,20,227,45,240,4881
West Bengal,Midnapur,2017,98,128,20,154,342,10,79,436,1124,456,169,243,34,922,39,214,72,354,5632
West Bengal,Midnapur,2018,86,75,14,146,328,12,54,335,1043,389,187,315,28,884,39,272,58,391,5465
West Bengal,Midnapur,2019,70,94,10,161,355,8,143,359,868,308,170,300,45,1054,48,187,37,219,5202
West Bengal,Midnapur,2020,96,79,20,70,257,11,129,333,906,539,89,323,19,967,13,249,46,291,5108
West Bengal,Midnapur,2021,71,80,11,87,247,11,128,261,1156,650,83,340,32,549,27,205,49,237,4907
West Bengal,Midnapur,2022,87,88,13,110,173,11,58,387,1350,478,73,433,16,1053,30,167,42,386,5727
West Bengal,Murshidabad,2015,240,325,58,380,649,42,386,730,3521,1572,622,868,72,2750,119,1017,273,1401,17376
West Bengal,Murshidabad,2016,277,312,29,272,707,67,379,853,2705,974,184,1098,100,3117,78,666,195,1120,15906
West Bengal,Murshidabad,2017,198,268,34,272,972,35,237,855,3826,1630,646,1007,139,2879,57,867,278,1145,17802
West Bengal,Murshidabad,2018,229,204,52,358,933,65,167,1184,3523,1548,478,928,81,3238,59,676,141,989,17355
West Bengal,Murshidabad,2019,265,298,56,394,1070,61,324,1064,3973,2329,251,960,144,2985,118,1083,164,1102,19007
West Bengal,Murshidabad,2020,172,161,32,347,876,56,292,844,3101,1677,252,1296,66,2084,85,949,215,1202,15760
West Bengal,Murshidabad,2021,274,256,44,348,791,29,306,843,4364,2044,573,1377,141,3169,69,832,233,1376,19518
West Bengal,Murshidabad,2022,342,468,50,437,968,18,391,1593,4490,1911,204,1715,87,2501,98,1123,337,1116,20535
West Bengal,Nadia,2015,204,188,40,230,549,38,146,1093,2089,1248,142,686,126,1866,52,741,128,609,12456
West Bengal,Nadia,2016,219,223,30,380,799,29,137,936,2899,1658,303,679,56,2284,116,592,123,857,14120
West Bengal,Nadia,2017,262,251,38,237,487,61,228,878,3164,1216,219,876,59,2734,63,823,270,545,14275
West Bengal,Nadia,2018,182,206,30,390,923,61,391,867,2796,1623,212,931,154,2868,120,710,218,1041,15721
West Bengal,Nadia,2019,227,236,33,223,622,47,250,1102,2233,1264,459,773,56,2579,58,770,228,939,14064
West Bengal,Nadia,2020,167,215,39,336,647,19,145,624,1604,915,224,786,33,2041,101,441,108,779,10720
West Bengal,Nadia,2021,203,270,44,348,816,25,266,600,2627,1335,281,1085,129,1719,79,731,252,775,13353
West Bengal,Nadia,2022,213,212,42,434,492,36,240,832,3153,1827,269,1315,59,1969,94,470,108,782,14600
West Bengal,Purulia,2015,27,28,2,42,60,8,18,120,484,256,34,93,5,265,10,67,15,131,1939
West Bengal,Purulia,2016,29,24,3,31,104,8,36,126,482,274,19,110,14,381,5,74,13,124,2150
West Bengal,Purulia,2017,31,32,7,43,77,8,53,116,440,173,36,122,16,353,13,105,24,78,1998
West Bengal,Purulia,2018,31,32,6,39,122,5,52,134,408,149,34,120,7,454,11,83,23,140,2161
West Bengal,Purulia,2019,42,51,7,67,115,9,34,159,578,316,32,130,10,424,22,119,27,159,2613
West Bengal,Purulia,2020,27,28,3,36,90,3,30,73,303,121,16,164,13,328,10,99,32,127,1739
West Bengal,Purulia,2021,33,30,7,53,72,7,57,154,468,300,57,160,7,383,14,60,15,147,2316
West Bengal,Purulia,2022,32,30,5,55,84,7,21,120,361,160,55,163,14,419,16,110,29,133,2103
West Bengal,Sealdah G.R.P.,2015,12,16,1,25,30,3,9,70,237,133,13,44,6,179,6,34,11,71,1036
West Bengal,Sealdah G.R.P.,2016,18,22,2,24,51,2,16,62,202,104,21,66,9,167,8,69,15,79,1092
West Bengal,Sealdah G.R.P.,2017,16,18,2,23,30,2,12,80,234,122,19,59,4,170,3,68,22,58,1089
West Bengal,Sealdah G.R.P.,2018,12,12,2,29,39,2,23,77,278,161,27,69,9,162,5,61,12,54,1185
West Bengal,Sealdah G.R.P.,2019,13,16,1,16,52,1,11,48,196,74,25,54,10,197,4,71,14,48,1061
West Bengal,Sealdah G.R.P.,2020,11,14,1,26,28,2,19,70,144,87,12,74,3,129,5,43,11,32,829
West Bengal,Sealdah G.R.P.,2021,18,23,2,33,34,1,28,92,172,71,16,76,10,187,10,42,14,78,1061
West Bengal,Sealdah G.R.P.,2022,19,23,3,37,38,3,13,47,210,106,23,84,11,178,7,54,14,59,1111
West Bengal,Siliguri G.R.P.,2015,5,5,0,13,19,1,8,30,107,58,8,22,1,78,3,18,6,21,461
West Bengal,Siliguri G.R.P.,2016,8,9,1,13,25,1,5,29,107,44,11,19,2,75,2,20,5,27,461
West Bengal,Siliguri G.R.P.,2017,6,7,0,8,17,1,9,26,69,29,10,26,2,80,1,23,5,28,402
West Bengal,Siliguri G.R.P.,2018,6,5,1,7,18,1,12,25,88,56,6,20,2,51,2,16,3,33,417
West Bengal,Siliguri G.R.P.,2019,7,6,0,10,22,0,4,32,84,44,10,22,2,59,1,28,7,24,425
West Bengal,Siliguri G.R.P.,2020,5,4,0,5,22,0,6,25,82,48,9,35,3,48,0,11,1,27,380
West Bengal,Siliguri G.R.P.,2021,7,9,1,7,13,1,4,27,112,63,11,37,1,82,2,22,5,20,485
West Bengal,Siliguri G.R.P.,2022,8,6,0,7,24,1,5,27,109,60,8,37,3,65,2,24,5,34,485
West Bengal,Uttar Dinajpur,2015,165,134,18,246,316,43,140,708,1942,997,338,576,53,1608,52,324,66,806,9882
West Bengal,Uttar Dinajpur,2016,204,168,38,216,547,16,159,493,1868,1202,272,659,100,1972,67,516,179,709,10840
West Bengal,Uttar Dinajpur,2017,137,182,19,253,400,37,207,532,2356,1493,332,474,50,1312,83,479,120,652,10491
West Bengal,Uttar Dinajpur,2018,194,185,26,286,397,19,251,771,1647,965,352,548,74,1384,90,440,116,924,10531
West Bengal,Uttar Dinajpur,2019,207,213,25,191,709,41,187,755,2791,1624,324,652,75,1734,36,352,74,619,12128
West Bengal,Uttar Dinajpur,2020,147,126,21,240,251,23,117,701,2031,924,288,655,87,1093,38,407,124,400,8848
West Bengal,Uttar Dinajpur,2021,135,137,20,208,513,36,254,605,2313,1100,270,922,57,1289,62,348,91,531,10266
West Bengal,Uttar Dinajpur,2022,190,209,23,302,346,15,185,495,2321,993,249,727,111,1805,89,438,100,713,10769
Andaman & Nicobar Islands,Andaman,2015,11,13,2,17,30,2,13,49,133,72,10,52,3,150,3,29,9,42,822
Andaman & Nicobar Islands,Andaman,2016,13,11,2,19,57,2,16,34,177,81,10,52,7,140,5,35,9,69,862
Andaman & Nicobar Islands,Andaman,2017,10,10,1,14,52,2,17,39,155,98,14,55,4,95,3,38,7,42,774
Andaman & Nicobar Islands,Andaman,2018,12,12,2,24,38,2,16,40,223,112,14,55,4,161,7,61,12,49,976
Andaman & Nicobar Islands,Andaman,2019,19,15,3,26,29,3,27,63,182,113,26,63,5,161,5,29,6,46,964
Andaman & Nicobar Islands,Andaman,2020,11,14,2,12,32,2,7,42,111,69,23,66,7,133,4,44,11,41,730
Andaman & Nicobar Islands,Andaman,2021,18,15,2,25,37,2,17,67,144,57,10,80,6,130,3,33,5,41,890
Andaman & Nicobar Islands,Andaman,2022,19,15,3,14,54,1,26,37,236,140,13,69,4,139,4,59,19,63,1047
Andaman & Nicobar Islands,Nicobar,2015,1,1,0,1,1,0,0,2,5,2,1,2,0,3,0,1,0,2,29
Andaman & Nicobar Islands,Nicobar,2016,1,1,0,1,1,0,0,2,5,2,0,2,0,5,0,1,0,1,32
Andaman & Nicobar Islands,Nicobar,2017,1,1,0,1,1,0,0,2,7,4,1,2,0,4,0,1,0,2,31
Andaman & Nicobar Islands,Nicobar,2018,1,1,0,1,1,0,0,2,8,3,1,2,0,6,0,1,0,2,33
Andaman & Nicobar Islands,Nicobar,2019,1,1,0,1,1,0,0,2,8,4,1,2,0,6,0,2,0,1,36
Andaman & Nicobar Islands,Nicobar,2020,1,1,0,1,1,0,0,2,6,3,1,2,0,4,0,1,0,2,29
Andaman & Nicobar Islands,Nicobar,2021,1,1,0,1,1,0,0,2,8,4,0,3,0,6,0,1,0,2,34
Andaman & Nicobar Islands,Nicobar,2022,1,1,0,1,1,0,0,2,9,5,1,2,0,4,0,2,0,2,36
Chandigarh,Chandigarh,2015,57,59,10,105,125,10,71,230,748,465,85,238,35,846,24,121,41,157,4014
Chandigarh,Chandigarh,2016,72,62,17,101,271,5,105,182,617,367,56,219,21,764,35,193,55,173,3961
Chandigarh,Chandigarh,2017,69,63,11,93,164,8,68,178,624,402,44,228,16,514,15,204,32,215,4055
Chandigarh,Chandigarh,2018,92,92,15,75,161,8,126,206,1059,527,154,310,23,796,16,139,28,281,4759
Chandigarh,Chandigarh,2019,70,85,9,144,287,19,111,210,860,491,168,284,24,783,24,185,51,199,4638
Chandigarh,Chandigarh,2020,55,56,10,123,180,7,104,300,740,345,60,295,20,759,30,229,71,249,4176
Chandigarh,Chandigarh,2021,75,88,14,110,257,18,51,279,689,249,95,305,32,772,25,232,72,342,4283
Chandigarh,Chandigarh,2022,57,51,10,113,207,21,104,263,755,438,73,405,36,555,35,138,24,207,4363
Dadra & Nagar Haveli,D And N Haveli,2015,4,3,0,9,16,0,7,17,59,35,6,17,2,51,2,20,3,16,316
Dadra & Nagar Haveli,D And N Haveli,2016,5,6,0,7,18,0,10,25,79,41,6,18,3,76,2,14,3,27,393
Dadra & Nagar Haveli,D And N Haveli,2017,6,7,1,7,17,1,4,22,72,42,7,18,1,49,1,10,2,24,339
Dadra & Nagar Haveli,D And N Haveli,2018,7,6,0,9,16,1,10,21,95,54,8,22,2,56,2,22,5,29,420
Dadra & Nagar Haveli,D And N Haveli,2019,7,6,1,8,23,1,6,19,96,36,8,20,3,71,2,21,3,16,402
Dadra & Nagar Haveli,D And N Haveli,2020,5,5,1,9,12,0,6,25,55,21,7,25,2,53,2,14,2,23,313
Dadra & Nagar Haveli,D And N Haveli,2021,4,3,0,9,18,1,6,15,83,51,11,29,2,56,2,15,4,17,373
Dadra & Nagar Haveli,D And N Haveli,2022,5,5,1,11,24,1,9,28,91,38,12,29,2,53,2,20,4,27,415
Daman & Diu,Daman,2015,3,3,0,4,9,0,4,11,54,23,4,11,1,32,1,8,1,9,207
Daman & Diu,Daman,2016,3,2,0,3,9,0,4,13,50,21,2,14,1,26,0,10,3,14,205
Daman & Diu,Daman,2017,4,3,0,7,12,0,6,12,62,38,6,12,2,27,1,12,3,16,256
Daman & Diu,Daman,2018,3,3,0,5,8,0,4,12,58,26,4,16,2,36,1,7,1,12,236
Daman & Diu,Daman,2019,3,3,0,7,11,0,2,13,43,15,6,11,2,35,2,9,2,12,225
Daman & Diu,Daman,2020,3,2,0,5,7,0,4,12,44,28,2,19,1,33,0,10,1,10,209
Daman & Diu,Daman,2021,4,4,0,4,7,0,3,16,52,25,6,17,2,41,0,12,3,10,237
Daman & Diu,Daman,2022,3,2,0,3,12,0,3,18,42,22,4,18,0,31,0,11,2,12,217
Daman & Diu,Diu,2015,1,1,0,1,1,0,0,2,8,3,1,2,0,7,0,1,0,2,34
Daman & Diu,Diu,2016,1,1,0,1,2,0,0,2,10,5,0,2,0,8,0,2,0,3,42
Daman & Diu,Diu,2017,1,1,0,1,1,0,0,2,9,3,0,2,0,6,0,1,0,2,35
Daman & Diu,Diu,2018,1,1,0,1,2,0,0,3,6,2,0,2,0,4,0,2,0,1,38
Daman & Diu,Diu,2019,1,1,0,1,1,0,1,3,6,3,1,2,0,6,0,2,0,2,38
Daman & Diu,Diu,2020,1,1,0,1,2,0,0,2,7,3,1,3,0,3,0,1,0,1,30
Daman & Diu,Diu,2021,1,1,0,1,1,0,0,2,6,2,0,3,0,6,0,2,0,1,35
Daman & Diu,Diu,2022,1,1,0,1,2,0,0,3,7,2,0,4,0,7,0,1,0,2,42
Delhi,Central,2015,158,143,35,231,447,19,248,736,2734,1081,171,722,58,1787,71,397,124,553,11356
Delhi,Central,2016,187,243,28,304,677,28,180,910,2212,1031,135,546,115,1459,99,525,108,668,11066
Delhi,Central,2017,215,271,48,182,495,21,309,497,2474,1362,183,714,40,2064,43,589,94,757,11998
Delhi,Central,2018,217,215,32,401,499,57,235,964,1837,768,323,676,82,2310,122,763,140,549,12239
Delhi,Central,2019,175,157,40,214,920,54,239,1068,2374,1118,501,918,108,2286,67,707,206,975,14101
Delhi,Central,2020,166,136,22,198,504,15,245,464,2810,1303,275,758,84,2007,32,550,162,524,11799
Delhi,Central,2021,208,253,29,333,755,21,238,567,2064,1253,166,1107,50,1739,116,430,132,904,12123
Delhi,Central,2022,156,208,31,195,706,28,291,539,3134,1892,289,1138,93,1909,53,442,144,1002,14031
Delhi,East,2015,344,305,50,522,1380,72,524,1538,6361,2692,663,1442,129,3043,100,895,276,1480,25238
Delhi,East,2016,476,444,108,598,861,39,387,1235,7018,3458,510,1446,159,4149,148,1671,381,1387,28506
Delhi,East,2017,419,563,100,773,1053,46,462,2290,6248,3987,1093,1482,190,4467,168,1155,312,2186,31111
Delhi,East,2018,523,730,90,449,1316,115,359,1651,4447,2611,968,1866,261,4241,110,952,250,1442,28140
Delhi,East,2019,531,672,127,675,1428,30,750,1524,6014,2567,342,1389,214,5663,162,894,265,2334,29606
Delhi,East,2020,506,665,105,367,1535,88,428,1235,4748,2600,403,2433,204,2830,114,994,152,2048,24941
Delhi,East,2021,309,350,51,803,1595,45,566,1256,4973,2548,529,2039,241,5342,231,841,238,1812,27581
Delhi,East,2022,493,400,112,842,1434,108,453,1256,6077,3069,738,2163,292,4913,152,1709,334,1671,30112
Delhi,G.R.P.(Rly),2015,38,44,7,66,109,6,64,195,598,355,28,138,22,357,18,96,15,113,2596
Delhi,G.R.P.(Rly),2016,31,32,7,60,94,9,29,99,580,203,72,141,9,416,11,115,26,131,2383
Delhi,G.R.P.(Rly),2017,50,52,5,63,159,6,37,163,634,271,41,176,27,380,11,117,20,202,2792
Delhi,G.R.P.(Rly),2018,46,41,9,59,137,5,53,177,547,294,43,125,16,399,20,123,21,118,2575
Delhi,G.R.P.(Rly),2019,48,63,11,62,92,11,62,99,390,178,66,132,8,331,20,134,34,159,2448
Delhi,G.R.P.(Rly),2020,40,54,8,28,108,6,31,147,465,195,45,162,13,319,8,75,24,146,2160
Delhi,G.R.P.(Rly),2021,42,39,7,43,112,11,57,165,486,197,44,227,11,476,12,139,28,154,2615
Delhi,G.R.P.(Rly),2022,42,52,6,52,91,10,65,183,541,262,31,229,17,395,11,96,33,132,2611
Delhi,I.G.I. Airport,2015,14,13,2,13,44,2,8,33,111,71,24,41,4,126,2,33,10,51,706
Delhi,I.G.I. Airport,2016,14,11,2,18,28,2,17,29,173,98,23,46,3,144,5,36,11,30,788
Delhi,I.G.I. Airport,2017,14,16,2,21,31,3,11,46,123,62,10,36,2,120,4,35,9,55,732
Delhi,I.G.I. Airport,2018,9,7,1,19,46,3,8,54,154,95,19,52,4,107,3,24,4,40,760
Delhi,I.G.I. Airport,2019,13,11,1,16,46,1,9,72,197,86,13,42,9,147,3,29,5,67,888
Delhi,I.G.I. Airport,2020,7,8,1,17,37,1,7,50,107,49,21,42,4,77,2,33,9,32,590
Delhi,I.G.I. Airport,2021,9,10,1,24,27,1,12,55,125,49,10,73,3,151,5,40,10,51,764
Delhi,I.G.I. Airport,2022,11,15,1,24,55,3,13,52,126,76,32,76,7,111,5,45,15,66,856
Delhi,New Delhi,2015,38,50,6,84,138,10,64,188,781,352,76,184,22,567,18,193,39,209,3496
Delhi,New Delhi,2016,56,73,7,90,146,12,63,215,784,312,65,213,31,577,19,115,18,142,3389
Delhi,New Delhi,2017,45,60,10,67,200,7,94,142,897,433,85,217,31,602,17,182,53,154,3796
Delhi,New Delhi,2018,44,48,5,101,113,11,64,157,903,399,53,222,12,535,18,129,42,246,3605
Delhi,New Delhi,2019,51,51,9,56,152,9,53,281,825,357,111,210,10,617,11,214,49,194,3753
Delhi,New Delhi,2020,33,39,3,87,180,5,69,120,553,326,88,278,26,567,16,175,35,213,3203
Delhi,New Delhi,2021,52,42,6,113,103,13,45,275,805,285,79,293,20,487,26,206,31,214,3584
Delhi,New Delhi,2022,45,39,4,75,158,11,92,282,639,337,51,292,23,557,13,201,40,180,3557
Delhi,North,2015,173,179,36,331,703,30,168,734,1789,1057,421,629,57,1887,112,601,144,475,11128
Delhi,North,2016,198,198,21,367,690,57,226,865,2222,1179,475,577,98,2236,75,434,100,488,12303
Delhi,North,2017,216,300,50,276,480,53,250,839,2563,1332,392,809,105,2117,80,400,99,501,12551
Delhi,North,2018,192,205,30,280,696,13,292,722,2478,1565,145,746,78,2474,85,479,152,1012,13497
Delhi,North,2019,288,308,31,229,598,63,355,750,3744,1361,407,795,55,1772,54,907,273,625,14650
Delhi,North,2020,122,137,12,201,624,11,263,804,1792,676,350,748,82,1660,39,404,80,765,10276
Delhi,North,2021,198,198,37,368,853,30,273,956,2237,1215,190,1244,93,2197,97,440,150,570,13219
Delhi,North,2022,240,332,28,295,626,33,144,547,2025,1012,173,1088,53,1937,69,870,136,539,12565
Delhi,North East,2015,46,50,7,81,182,13,70,199,666,385,136,214,18,451,17,229,57,229,3679
Delhi,North East,2016,83,76,8,95,170,7,81,305,759,376,54,272,32,523,27,204,35,252,3964
Delhi,North East,2017,86,100,9,150,175,14,84,216,926,475,143,286,16,833,47,174,37,180,4605
Delhi,North East,2018,85,99,17,62,191,13,41,273,652,292,98,244,21,613,18,168,31,263,4090
Delhi,North East,2019,82,74,9,94,173,11,82,339,1224,763,103,280,21,807,17,250,70,272,5354
Delhi,North East,2020,57,66,8,105,182,5,61,206,743,381,69,342,25,510,25,140,35,157,3610
Delhi,North East,2021,84,75,12,116,258,20,102,363,716,260,96,365,42,663,28,250,84,288,4471
Delhi,North East,2022,74,100,10,108,258,4,135,330,1265,601,100,384,39,666,33,250,54,192,5291
Delhi,North West,2015,167,144,20,166,312,23,278,465,1789,1081,370,709,85,1938,36,547,163,459,10395
Delhi,North West,2016,203,199,50,188,688,40,237,631,2076,1084,377,514,112,2056,41,676,218,564,11494
Delhi,North West,2017,177,157,19,316,700,16,143,456,2737,1570,289,533,56,1274,105,460,122,579,11266
Delhi,North West,2018,188,169,42,276,454,50,223,582,2396,1438,310,713,65,2102,89,551,121,683,12098
Delhi,North West,2019,200,191,27,204,452,50,245,649,2246,1203,389,680,47,1681,45,351,103,882,11214
Delhi,North West,2020,118,150,17,232,420,42,178,453,2184,1313,314,889,76,1754,43,292,97,446,10333
Delhi,North West,2021,200,160,49,274,400,44,245,527,2133,1337,206,969,83,1583,48,424,75,913,11204
Delhi,North West,2022,182,233,36,182,390,29,323,1013,2042,1290,312,1084,97,1722,43,763,126,478,12042
Delhi,S.T.F.,2015,1,1,0,2,6,0,1,5,13,7,2,4,0,14,0,3,0,4,91
Delhi,S.T.F.,2016,1,1,0,1,4,0,1,7,23,8,1,4,0,18,0,3,0,5,94
Delhi,S.T.F.,2017,1,1,0,2,7,0,1,6,27,14,3,5,0,15,0,4,0,7,108
Delhi,S.T.F.,2018,1,1,0,2,4,0,2,4,24,8,2,4,0,20,0,3,0,4,94
Delhi,S.T.F.,2019,2,2,0,2,3,0,1,4,25,11,2,5,1,14,0,6,1,9,110
Delhi,S.T.F.,2020,1,1,0,1,3,0,1,3,14,7,2,8,0,10,0,2,0,6,83
Delhi,S.T.F.,2021,2,2,0,2,5,0,1,4,15,6,1,10,0,17,0,5,0,5,100
Delhi,S.T.F.,2022,2,1,0,3,7,0,2,5,26,10,1,8,1,15,0,5,1,4,108
Delhi,South,2015,428,367,76,531,1488,41,558,1063,4539,2861,430,1413,165,2981,108,1309,299,1825,24139
Delhi,South,2016,290,402,53,544,942,93,624,1505,4534,1981,656,1433,201,3394,139,939,315,2008,23705
Delhi,South,2017,496,614,56,655,924,45,244,997,4803,2805,718,1219,234,4865,163,1122,377,1535,25289
Delhi,South,2018,414,390,74,755,963,38,606,1997,4644,1675,469,1447,227,5388,229,1177,352,1240,27188
Delhi,South,2019,402,412,42,498,1648,66,556,1087,5349,3457,565,1719,145,5169,89,944,261,1248,27464
Delhi,South,2020,383,498,58,444,1235,81,404,1460,5095,2059,311,1821,86,2683,104,1491,343,1399,23202
Delhi,South,2021,308,382,70,392,1388,73,510,1701,5569,3036,575,2056,140,2911,66,1639,522,1959,26871
Delhi,South,2022,321,298,59,753,1642,124,297,1667,4471,2415,334,2550,213,3748,215,1627,534,2048,27286
Delhi,South West,2015,102,121,16,188,418,25,126,331,992,545,159,306,45,926,46,184,51,401,6129
Delhi,South West,2016,98,101,12,180,371,12,101,351,990,348,214,406,40,1237,62,266,77,279,6015
Delhi,South West,2017,106,92,25,186,369,28,141,534,1546,922,113,350,35,1341,34,436,69,581,7916
Delhi,South West,2018,80,69,19,102,452,30,102,338,1373,768,215,417,19,1340,30,386,125,589,7440
Delhi,South West,2019,131,111,28,202,436,21,73,471,1099,519,244,345,53,1008,33,415,98,477,6730
Delhi,South West,2020,65,82,7,159,314,7,147,351,1063,478,80,456,41,971,51,297,56,238,5621
Delhi,South West,2021,80,93,19,134,208,28,88,461,1612,759,221,532,68,781,25,379,92,315,6837
Delhi,South West,2022,125,102,24,110,390,16,72,422,1694,788,120,565,55,870,35,282,57,361,7036
Delhi,West,2015,474,519,84,697,1331,109,364,1406,6504,4029,553,1295,155,4926,153,1588,388,1883,30017
Delhi,West,2016,542,614,81,641,1597,86,411,1377,5778,2135,321,1716,238,4900,172,1159,293,1390,27275
Delhi,West,2017,383,446,81,422,1202,26,356,1876,7127,4551,825,1449,298,5465,132,956,308,2101,31832
Delhi,West,2018,534,712,72,862,1815,36,641,2169,7926,5036,1154,1701,200,5303,134,1349,457,1598,36070
Delhi,West,2019,648,861,146,773,1034,117,864,1854,5506,2765,773,1906,252,4583,262,1066,159,1799,29795
Delhi,West,2020,338,433,42,347,752,49,497,1190,5809,2631,783,2113,218,2604,116,1377,218,1464,24212
Delhi,West,2021,328,457,52,617,1136,87,467,1270,6354,4062,582,2452,214,4768,131,1659,521,1460,30639
Delhi,West,2022,439,399,87,636,1366,57,704,2171,5878,2483,580,2203,174,3539,107,1435,394,1187,27674
Lakshadweep,Lakshadweep,2015,1,1,0,1,3,0,1,4,15,6,2,5,0,12,0,4,0,4,76
Lakshadweep,Lakshadweep,2016,1,1,0,1,4,0,2,6,21,9,1,4,0,16,0,4,1,5,89
Lakshadweep,Lakshadweep,2017,1,1,0,1,3,0,1,7,19,8,3,5,1,17,0,4,1,6,91
Lakshadweep,Lakshadweep,2018,1,1,0,2,4,0,1,5,20,11,2,5,0,14,0,5,1,5,91
Lakshadweep,Lakshadweep,2019,1,1,0,1,4,0,1,7,22,8,1,5,1,17,0,4,0,4,90
Lakshadweep,Lakshadweep,2020,1,1,0,2,4,0,2,5,12,5,1,5,0,14,0,2,0,6,73
Lakshadweep,Lakshadweep,2021,1,1,0,1,3,0,1,7,20,7,2,8,0,12,0,5,0,5,86
Lakshadweep,Lakshadweep,2022,1,1,0,1,4,0,1,3,16,6,1,6,0,14,0,5,0,5,91
Puducherry,Pondicherry,2015,98,129,15,141,145,20,106,345,734,427,77,328,36,585,41,225,64,259,4567
Puducherry,Pondicherry,2016,87,117,18,95,255,5,92,248,1080,683,156,221,46,812,19,178,40,205,5001
Puducherry,Pondicherry,2017,83,76,12,172,262,14,56,414,1340,702,98,332,41,1026,53,286,47,371,6123
Puducherry,Pondicherry,2018,93,111,22,145,236,13,74,286,1288,792,89,239,34,958,29,167,54,366,5717
Puducherry,Pondicherry,2019,103,95,19,173,227,7,148,321,1203,754,168,304,54,924,59,252,65,428,6060
Puducherry,Pondicherry,2020,58,53,14,83,188,12,48,204,579,335,70,384,28,579,14,147,30,330,3860
Puducherry,Pondicherry,2021,77,102,9,102,156,9,92,273,1139,519,196,470,20,788,17,257,67,445,5481
Puducherry,Pondicherry,2022,113,97,16,168,333,17,144,440,1283,742,151,476,18,648,45,342,118,257,6195
Chhattisgarh,Kabirdham,2015,25,28,3,24,91,3,41,104,439,276,16,98,14,222,6,60,15,66,1771
Chhattisgarh,Kabirdham,2016,18,23,4,34,99,6,25,99,397,246,40,100,13,241,8,106,25,135,1851
Chhattisgarh,Kabirdham,2017,25,20,5,25,52,3,33,126,407,151,56,88,7,344,7,59,10,144,1807
Chhattisgarh,Kabirdham,2018,29,24,5,54,67,6,38,147,397,183,20,103,13,388,10,106,21,151,2032
Chhattisgarh,Kabirdham,2019,32,28,5,56,106,5,24,126,256,126,31,115,6,363,9,69,20,77,1706
Chhattisgarh,Kabirdham,2020,22,17,3,26,75,1,19,107,295,127,53,160,12,191,8,48,8,125,1523
Chhattisgarh,Kabirdham,2021,22,19,3,48,54,8,39,127,440,159,44,157,18,309,15,98,20,78,1906
Chhattisgarh,Kabirdham,2022,26,25,5,33,126,7,38,139,308,152,53,183,5,313,6,79,19,138,1929
Jammu & Kashmir,Handwara,2015,12,13,2,21,29,1,12,30,124,43,14,43,6,104,6,29,8,40,629
Jammu & Kashmir,Handwara,2016,10,8,1,16,21,2,18,28,138,81,16,37,6,105,4,36,10,36,666
Jammu & Kashmir,Handwara,2017,12,12,2,18,28,1,9,41,103,37,17,40,4,101,5,40,7,39,604
Jammu & Kashmir,Handwara,2018,13,17,2,14,34,2,7,35,134,83,17,33,6,127,3,24,7,57,713
Jammu & Kashmir,Handwara,2019,10,8,1,11,20,1,11,31,143,63,15,32,7,129,2,30,6,46,660
Jammu & Kashmir,Handwara,2020,10,11,1,16,35,1,12,21,137,56,7,44,4,96,4,16,3,45,595
Jammu & Kashmir,Handwara,2021,13,11,1,21,24,2,14,34,123,49,13,56,6,113,3,32,10,29,646
Jammu & Kashmir,Handwara,2022,11,12,1,14,33,2,14,49,117,58,19,51,6,132,3,37,8,52,718
West Bengal,Kharagpur G.R.P.,2015,5,5,0,10,20,0,5,25,52,31,3,17,1,62,3,15,3,24,331
West Bengal,Kharagpur G.R.P.,2016,7,8,1,6,17,1,7,23,74,35,8,22,1,60,0,19,4,27,370
West Bengal,Kharagpur G.R.P.,2017,5,6,1,9,18,1,6,13,48,27,5,20,1,41,2,19,3,17,324
West Bengal,Kharagpur G.R.P.,2018,4,4,0,9,18,0,6,27,54,30,8,16,1,48,1,18,5,13,317
West Bengal,Kharagpur G.R.P.,2019,6,6,1,6,12,1,9,17,52,30,10,22,1,47,2,12,2,29,340
West Bengal,Kharagpur G.R.P.,2020,6,7,1,8,17,1,6,16,54,24,8,21,2,64,2,19,3,24,327
West Bengal,Kharagpur G.R.P.,2021,6,5,1,11,21,0,6,20,80,38,9,25,2,51,1,10,2,26,364
West Bengal,Kharagpur G.R.P.,2022,7,9,1,10,20,1,6,20,58,24,3,27,2,59,1,13,4,18,336
West Bengal,Paschim Midnapur,2015,75,103,11,110,168,13,86,415,819,365,111,296,16,883,16,182,50,288,4757
West Bengal,Paschim Midnapur,2016,78,82,19,112,201,6,69,329,1396,881,87,324,23,948,36,279,96,278,6024
West Bengal,Paschim Midnapur,2017,82,104,10,82,361,24,101,332,1063,372,66,285,29,790,26,186,43,465,5258
West Bengal,Paschim Midnapur,2018,84,108,19,138,344,20,113,421,1182,678,99,320,50,959,25,374,117,355,6236
West Bengal,Paschim Midnapur,2019,101,108,24,180,332,8,115,433,1437,906,190,355,19,1038,35,227,69,375,6812
West Bengal,Paschim Midnapur,2020,69,82,7,137,138,12,110,388,903,411,152,415,22,606,25,171,37,269,4630
West Bengal,Paschim Midnapur,2021,91,111,9,164,162,24,67,398,843,515,122,492,32,1010,29,314,56,255,5454
West Bengal,Paschim Midnapur,2022,88,111,20,96,378,13,89,250,1117,477,129,561,60,756,27,343,56,377,5795
West Bengal,Purab Midnapur,2015,107,108,15,181,254,11,107,496,923,401,170,382,28,717,35,183,32,343,5538
West Bengal,Purab Midnapur,2016,89,102,17,97,339,17,70,390,980,560,71,264,47,1073,14,278,86,241,5528
West Bengal,Purab Midnapur,2017,108,92,13,139,355,23,75,337,1534,760,124,288,18,760,27,210,46,259,6056
West Bengal,Purab Midnapur,2018,85,85,17,121,357,30,116,517,1041,492,224,307,38,1197,31,229,67,277,6145
West Bengal,Purab Midnapur,2019,81,67,15,190,363,18,170,423,1473,940,139,443,30,806,50,420,104,371,7040
West Bengal,Purab Midnapur,2020,78,73,16,80,153,6,113,357,724,388,97,455,18,989,15,199,59,403,4902
West Bengal,Purab Midnapur,2021,84,95,11,151,231,26,153,287,1611,980,220,496,47,1155,26,351,80,280,7173
West Bengal,Purab Midnapur,2022,116,116,24,88,364,18,123,271,1340,727,188,486,32,1138,21,289,58,518,6788
Delhi,Spl Cell,2015,1,1,0,1,1,0,0,2,5,2,0,2,0,3,0,1,0,1,23
Delhi,Spl Cell,2016,1,1,0,1,1,0,0,2,5,2,0,2,0,3,0,1,0,1,23
Delhi,Spl Cell,2017,1,1,0,1,1,0,0,2,5,2,0,2,0,4,0,1,0,1,24
Delhi,Spl Cell,2018,1,1,0,1,1,0,0,2,5,3,0,2,0,3,0,1,0,1,24
Delhi,Spl Cell,2019,1,1,0,1,1,0,0,2,5,2,0,2,0,3,0,1,0,1,23
Delhi,Spl Cell,2020,1,1,0,1,1,0,0,2,5,3,0,2,0,3,0,1,0,1,24
Delhi,Spl Cell,2021,1,1,0,1,1,0,0,2,5,2,0,2,0,3,0,1,0,1,23
Delhi,Spl Cell,2022,1,1,0,1,1,0,0,2,5,3,0,2,0,3,0,1,0,1,24
Andhra Pradesh,Cyberabad,2015,381,417,68,317,1176,77,532,1720,4527,2932,707,941,145,3613,100,1008,159,1344,23041
Andhra Pradesh,Cyberabad,2016,352,383,81,513,1261,81,221,1309,4754,2555,543,1183,179,4565,166,806,273,1166,23643
Andhra Pradesh,Cyberabad,2017,419,505,86,694,1233,60,542,1888,5723,3361,826,1164,144,3126,159,1404,220,1564,26446
Andhra Pradesh,Cyberabad,2018,331,327,71,554,1445,79,228,1072,3358,1829,803,1430,248,4815,91,993,195,1859,23038
Andhra Pradesh,Cyberabad,2019,339,352,78,784,1570,97,641,1444,3979,1855,899,1496,188,4094,180,1364,299,1843,24935
Andhra Pradesh,Cyberabad,2020,348,315,79,505,685,83,416,945,4624,2717,425,1783,75,3559,135,600,110,1088,21031
Andhra Pradesh,Cyberabad,2021,269,318,27,470,858,70,250,1224,4095,1899,355,1645,82,4061,151,1314,236,1233,21714
Andhra Pradesh,Cyberabad,2022,304,261,58,655,1109,98,574,1790,5749,2225,302,2159,285,3381,210,742,158,1902,25534
Arunachal Pradesh,K/Kumey,2015,1,1,0,1,2,0,1,3,9,5,1,2,0,6,0,2,0,2,42
Arunachal Pradesh,K/Kumey,2016,1,1,0,1,2,0,0,2,9,5,1,2,0,6,0,1,0,2,40
Arunachal Pradesh,K/Kumey,2017,1,1,0,1,2,0,1,2,8,3,1,2,0,8,0,2,0,3,47
Arunachal Pradesh,K/Kumey,2018,1,1,0,1,1,0,1,3,7,2,1,3,0,5,0,2,0,2,46
Arunachal Pradesh,K/Kumey,2019,1,1,0,1,2,0,0,4,9,4,1,2,0,6,0,1,0,2,48
Arunachal Pradesh,K/Kumey,2020,1,1,0,1,1,0,0,2,6,2,0,3,0,7,0,1,0,2,36
Arunachal Pradesh,K/Kumey,2021,1,1,0,1,1,0,0,2,8,3,1,3,0,5,0,2,0,2,41
Arunachal Pradesh,K/Kumey,2022,1,1,0,1,2,0,1,3,11,4,0,3,0,8,0,1,0,2,44
Arunachal Pradesh,Upper Dibang Valley,2015,1,1,0,1,1,0,0,2,5,2,0,2,0,3,0,1,0,1,23
Arunachal Pradesh,Upper Dibang Valley,2016,1,1,0,1,1,0,0,2,5,2,0,2,0,3,0,1,0,1,23
Arunachal Pradesh,Upper Dibang Valley,2017,1,1,0,1,1,0,0,2,5,2,0,2,0,3,0,1,0,1,23
Arunachal Pradesh,Upper Dibang Valley,2018,1,1,0,1,1,0,0,2,5,2,0,2,0,3,0,1,0,1,23
Arunachal Pradesh,Upper Dibang Valley,2019,1,1,0,1,1,0,0,2,5,2,0,2,0,3,0,1,0,1,23
Arunachal Pradesh,Upper Dibang Valley,2020,1,1,0,1,1,0,0,2,5,3,0,2,0,3,0,1,0,1,24
Arunachal Pradesh,Upper Dibang Valley,2021,1,1,0,1,1,0,0,2,5,2,0,2,0,3,0,1,0,1,23
Arunachal Pradesh,Upper Dibang Valley,2022,1,1,0,1,1,0,0,2,5,2,0,2,0,3,0,1,0,1,23
Chhattisgarh,Narayanpur,2015,4,3,0,5,7,0,5,18,44,24,8,14,0,28,1,6,1,10,218
Chhattisgarh,Narayanpur,2016,3,3,0,5,10,1,3,17,57,20,3,17,1,37,1,10,1,21,251
Chhattisgarh,Narayanpur,2017,4,3,0,6,14,0,6,11,48,20,5,13,1,35,1,9,2,14,234
Chhattisgarh,Narayanpur,2018,4,3,0,6,10,0,5,20,65,27,3,16,2,50,1,9,2,18,277
Chhattisgarh,Narayanpur,2019,5,6,0,6,7,0,6,11,62,39,2,11,2,38,1,12,2,20,265
Chhattisgarh,Narayanpur,2020,4,4,0,6,13,0,4,10,36,15,4,20,1,35,1,13,3,9,208
Chhattisgarh,Narayanpur,2021,4,5,0,5,13,0,3,11,49,24,9,19,2,50,0,12,2,10,255
Chhattisgarh,Narayanpur,2022,5,5,0,4,15,1,6,19,64,30,3,27,1,47,0,10,1,23,301
Kerala,Ernakulam Commr.,2015,300,357,43,359,672,42,388,1390,4115,2541,536,1111,174,3448,108,1134,331,799,20282
Kerala,Ernakulam Commr.,2016,294,294,46,528,989,68,221,1149,3423,1440,432,1272,182,2727,109,1028,334,1377,18646
Kerala,Ernakulam Commr.,2017,398,322,91,663,729,93,324,891,2950,1851,654,927,130,2794,107,647,112,1645,19104
Kerala,Ernakulam Commr.,2018,397,481,51,565,1145,64,273,943,4599,1682,377,1023,213,3287,194,1173,214,1164,20590
Kerala,Ernakulam Commr.,2019,388,399,63,583,650,46,325,1597,4778,1734,673,1288,73,3717,135,665,232,1012,21075
Kerala,Ernakulam Commr.,2020,230,288,37,226,853,53,157,944,3911,2227,392,1178,137,2770,69,868,298,1167,17952
Kerala,Ernakulam Commr.,2021,298,354,51,390,967,83,519,1096,5384,3262,788,1658,70,4099,108,1062,238,1148,24533
Kerala,Ernakulam Commr.,2022,375,487,44,473,910,56,551,984,4514,2574,440,1783,129,2871,112,1031,277,1775,22371
Kerala,Ernakulam Rural,2015,470,564,70,510,1257,27,384,1213,4035,2140,788,1307,162,3877,79,1355,323,1762,23654
Kerala,Ernakulam Rural,2016,307,300,38,680,1340,79,629,1804,5026,3153,652,1291,65,4695,162,1173,238,1548,26390
Kerala,Ernakulam Rural,2017,395,421,80,768,1444,72,366,1351,4407,2334,830,1598,196,4723,264,1455,256,1086,25376
Kerala,Ernakulam Rural,2018,492,679,65,549,1488,93,533,1139,3604,2323,284,1142,116,4001,171,1320,217,1264,22900
Kerala,Ernakulam Rural,2019,278,278,51,397,673,102,463,1036,5403,2047,596,1459,70,4809,127,713,133,1549,23487
Kerala,Ernakulam Rural,2020,232,259,23,506,847,52,455,804,3172,1853,191,1857,134,2974,111,1063,370,1500,19006
Kerala,Ernakulam Rural,2021,305,341,47,506,1326,102,300,1685,4093,2366,745,2112,165,3889,102,724,200,1686,23806
Kerala,Ernakulam Rural,2022,440,607,87,582,1469,114,655,1438,4431,2113,539,1964,288,4219,99,1336,347,1264,25620
Kerala,Kozhikode Commr.,2015,83,112,15,118,247,18,119,256,1129,590,146,312,39,1100,31,237,59,362,5731
Kerala,Kozhikode Commr.,2016,61,72,13,117,267,7,118,280,891,455,160,242,46,794,37,258,72,335,4943
Kerala,Kozhikode Commr.,2017,115,153,11,93,376,9,109,355,898,484,201,297,50,1003,30,325,73,457,5853
Kerala,Kozhikode Commr.,2018,98,120,16,110,263,15,88,372,827,472,158,244,55,959,35,178,53,313,5124
Kerala,Kozhikode Commr.,2019,87,121,9,76,172,10,56,410,793,328,61,299,15,1027,25,183,38,309,5033
Kerala,Kozhikode Commr.,2020,62,79,9,120,229,7,106,226,875,403,111,401,12,695,18,277,67,173,4496
Kerala,Kozhikode Commr.,2021,73,93,15,140,166,7,111,298,785,432,170,474,22,585,37,280,69,224,4680
Kerala,Kozhikode Commr.,2022,97,124,14,129,235,8,152,477,1266,602,223,432,29,836,39,182,57,338,6088
Kerala,Kozhikode Rural,2015,73,63,8,92,282,20,123,271,1002,578,112,277,44,991,24,332,50,419,5525
Kerala,Kozhikode Rural,2016,103,109,20,189,271,12,74,241,1136,629,199,338,61,757,65,286,67,258,5675
Kerala,Kozhikode Rural,2017,118,112,18,174,378,21,116,526,947,553,113,438,64,1116,47,251,58,386,6355
Kerala,Kozhikode Rural,2018,128,113,28,155,306,7,144,437,1285,525,210,385,29,850,42,357,104,415,6406
Kerala,Kozhikode Rural,2019,122,126,16,133,364,18,90,269,1512,738,191,333,41,1064,34,190,56,350,6510
Kerala,Kozhikode Rural,2020,75,89,9,178,327,17,121,261,821,442,140,495,61,781,28,203,69,265,5177
Kerala,Kozhikode Rural,2021,95,84,13,123,344,7,124,314,1474,517,102,444,43,1211,34,280,56,383,6570
Kerala,Kozhikode Rural,2022,127,120,28,177,358,6,107,264,1084,602,188,629,44,974,41,253,82,468,6443
Kerala,Trivandrum Commr.,2015,185,232,35,356,798,17,227,776,2846,1584,151,906,86,2903,114,838,184,832,15110
Kerala,Trivandrum Commr.,2016,219,259,21,245,846,58,284,597,3470,1475,487,725,95,2048,59,625,115,928,14638
Kerala,Trivandrum Commr.,2017,272,229,47,369,656,36,216,1035,3575,1672,476,832,74,2591,57,485,147,591,15418
Kerala,Trivandrum Commr.,2018,185,220,35,278,1010,59,427,868,2247,1008,559,852,76,2813,45,839,146,825,14695
Kerala,Trivandrum Commr.,2019,281,337,35,249,759,19,304,1101,2831,1438,579,803,67,3355,64,515,78,751,15868
Kerala,Trivandrum Commr.,2020,215,228,43,353,670,22,337,724,2047,1013,140,1178,110,1805,109,767,168,541,12233
Kerala,Trivandrum Commr.,2021,226,238,48,417,495,14,244,959,3319,1675,361,1231,114,1785,130,543,85,1088,15024
Kerala,Trivandrum Commr.,2022,299,367,65,360,506,53,282,977,2868,1788,301,1070,139,3141,73,848,216,1010,16521
Kerala,Trivandrum Rural,2015,153,183,31,229,679,44,230,708,2111,810,426,647,111,2575,52,723,245,1018,12752
Kerala,Trivandrum Rural,2016,218,245,44,230,829,48,378,843,2372,1480,132,833,115,2531,76,758,173,692,13913
Kerala,Trivandrum Rural,2017,204,178,36,313,440,51,397,989,3248,1792,259,854,136,1900,78,928,221,1036,15068
Kerala,Trivandrum Rural,2018,185,201,41,200,463,49,173,722,3050,1148,207,716,116,2564,63,832,239,833,13732
Kerala,Trivandrum Rural,2019,282,254,60,321,779,60,196,840,2064,1103,374,776,117,2805,106,464,117,597,13758
Kerala,Trivandrum Rural,2020,202,212,21,327,535,14,113,790,2167,1357,308,1033,44,1789,68,609,199,650,11951
Kerala,Trivandrum Rural,2021,159,210,16,431,842,22,226,944,3437,1410,206,1261,73,2562,85,441,111,1127,15531
Kerala,Trivandrum Rural,2022,298,382,58,226,931,49,193,1041,4015,2385,209,1426,71,1834,61,729,244,1128,17463
Madhya Pradesh,Anuppur,2015,50,43,5,63,88,4,67,177,636,272,95,131,23,409,18,185,43,139,2855
Madhya Pradesh,Anuppur,2016,50,47,6,60,173,12,63,235,738,269,81,180,26,516,17,96,24,192,3229
Madhya Pradesh,Anuppur,2017,48,63,8,51,162,6,55,165,725,357,106,200,30,390,16,194,60,194,3266
Madhya Pradesh,Anuppur,2018,40,49,4,80,148,10,30,194,651,293,81,165,25,396,18,196,40,115,2964
Madhya Pradesh,Anuppur,2019,39,35,7,74,132,11,82,144,689,304,56,197,15,498,19,158,28,248,3217
Madhya Pradesh,Anuppur,2020,43,52,8,67,95,6,64,91,398,218,27,208,25,438,17,89,15,177,2379
Madhya Pradesh,Anuppur,2021,56,53,9,75,180,12,38,125,582,278,96,257,33,404,24,203,62,248,3187
Madhya Pradesh,Anuppur,2022,35,46,4,54,104,10,81,139,609,271,77,233,15,373,14,85,21,169,2812
Madhya Pradesh,Ashok Nagar,2015,58,66,5,73,107,14,91,288,633,262,75,186,28,429,14,154,49,159,3298
Madhya Pradesh,Ashok Nagar,2016,57,79,9,79,235,7,90,160,613,291,71,200,31,421,20,174,55,253,3455
Madhya Pradesh,Ashok Nagar,2017,58,73,9,117,197,9,52,201,667,303,103,223,26,521,36,129,43,273,3603
Madhya Pradesh,Ashok Nagar,2018,70,60,7,117,255,10,113,215,993,542,108,255,36,663,26,150,47,296,4554
Madhya Pradesh,Ashok Nagar,2019,56,74,10,120,216,7,88,236,870,328,86,189,27,681,26,215,58,328,4191
Madhya Pradesh,Ashok Nagar,2020,50,50,5,67,123,10,65,236,688,356,95,281,23,550,22,103,33,118,3309
Madhya Pradesh,Ashok Nagar,2021,59,49,8,78,121,13,62,259,601,352,121,368,29,500,21,237,36,294,3722
Madhya Pradesh,Ashok Nagar,2022,51,61,12,128,229,6,103,329,1016,485,74,388,29,736,38,150,39,154,4599
Madhya Pradesh,Burhanpur,2015,33,36,5,54,84,9,23,86,491,251,28,92,16,313,16,93,14,122,2043
Madhya Pradesh,Burhanpur,2016,29,34,6,62,82,2,52,88,530,188,77,135,13,464,18,126,38,152,2419
Madhya Pradesh,Burhanpur,2017,28,27,4,41,147,8,55,102,327,175,86,107,10,294,12,65,10,107,2161
Madhya Pradesh,Burhanpur,2018,38,41,8,76,136,8,46,162,346,193,69,165,13,315,15,117,30,154,2308
Madhya Pradesh,Burhanpur,2019,46,39,5,52,67,5,50,155,446,160,62,121,21,409,9,89,21,170,2258
Madhya Pradesh,Burhanpur,2020,30,24,5,58,97,7,28,158,333,205,64,199,15,321,10,58,14,148,2057
Madhya Pradesh,Burhanpur,2021,31,35,5,60,104,8,57,179,562,340,75,165,8,423,15,99,23,118,2624
Madhya Pradesh,Burhanpur,2022,39,46,5,48,62,3,21,125,538,244,68,197,10,351,10,98,30,124,2330
Tamil Nadu,Krishnagiri,2015,96,83,22,75,297,24,85,316,1316,727,171,321,55,901,15,302,54,431,6047
Tamil Nadu,Krishnagiri,2016,84,69,10,164,295,14,58,464,1575,824,222,351,54,1120,53,246,50,285,6791
Tamil Nadu,Krishnagiri,2017,114,137,20,189,413,12,66,366,972,485,107,365,50,1072,53,326,100,388,6122
Tamil Nadu,Krishnagiri,2018,74,64,15,127,357,26,157,321,1096,570,112,322,59,710,37,351,109,373,5705
Tamil Nadu,Krishnagiri,2019,117,111,28,113,217,10,87,243,1579,760,161,350,66,1197,35,183,31,291,6451
Tamil Nadu,Krishnagiri,2020,98,133,23,113,224,16,103,334,961,599,121,364,34,806,29,171,36,329,5182
Tamil Nadu,Krishnagiri,2021,72,68,11,159,224,25,109,434,1201,478,70,526,34,796,40,219,65,383,5740
Tamil Nadu,Krishnagiri,2022,104,124,13,113,355,26,75,461,894,326,143,457,39,761,35,310,107,267,5421
Assam,Baska,2015,16,21,3,24,54,0,18,62,193,117,10,62,3,179,4,41,7,63,1011
Assam,Baska,2016,19,21,4,32,34,1,24,63,253,105,21,65,4,142,5,41,10,59,1047
Assam,Baska,2017,14,12,1,14,45,4,14,76,162,71,29,57,10,116,3,46,8,39,912
Assam,Baska,2018,20,22,2,25,46,3,12,62,174,83,36,65,7,184,4,35,6,69,1004
Assam,Baska,2019,12,13,1,28,35,1,23,74,172,67,25,59,4,146,9,47,8,74,948
Assam,Baska,2020,11,12,1,27,44,3,22,44,136,71,19,59,5,128,9,44,12,70,837
Assam,Baska,2021,14,11,2,32,60,1,12,37,231,144,30,86,5,137,7,46,14,47,1055
Assam,Baska,2022,14,13,3,22,58,1,24,43,218,113,15,81,8,110,5,60,19,79,1023
Assam,Chirang,2015,15,19,1,18,56,2,11,42,226,116,18,51,3,152,2,53,13,66,992
Assam,Chirang,2016,14,17,3,31,40,1,15,76,159,70,26,65,5,165,5,63,21,60,976
Assam,Chirang,2017,15,19,2,31,39,2,22,49,233,151,9,64,10,145,9,36,6,67,1052
Assam,Chirang,2018,15,16,2,21,42,1,10,62,186,113,19,46,3,188,4,32,10,40,944
Assam,Chirang,2019,18,19,2,26,55,4,31,77,250,98,13,57,10,182,7,47,13,63,1132
Assam,Chirang,2020,13,14,1,14,27,2,22,41,187,100,20,58,6,99,4,47,15,59,849
Assam,Chirang,2021,17,15,2,14,29,3,22,62,206,119,10,79,6,157,4,58,9,47,988
Assam,Chirang,2022,19,25,2,30,61,1,14,85,189,116,23,83,9,144,8,36,10,47,1049
Assam,Udalguri,2015,20,18,4,25,96,6,32,124,214,107,44,75,9,206,5,87,13,103,1396
Assam,Udalguri,2016,21,18,2,26,92,3,32,114,324,168,40,74,15,296,5,58,12,80,1602
Assam,Udalguri,2017,19,20,4,36,63,3,35,127,273,131,47,83,14,248,9,74,25,106,1538
Assam,Udalguri,2018,19,23,4,44,52,7,37,126,370,216,57,108,9,301,14,47,10,63,1741
Assam,Udalguri,2019,33,43,3,52,64,5,25,67,345,158,31,81,10,246,16,49,14,131,1619
Assam,Udalguri,2020,18,14,3,44,52,3,28,68,275,161,32,142,12,252,8,46,13,71,1450
Assam,Udalguri,2021,31,39,7,42,59,1,22,78,430,266,47,173,16,352,11,96,29,117,2065
Assam,Udalguri,2022,36,41,6,59,77,7,37,112,289,170,57,134,19,345,18,111,37,121,1942
Chhattisgarh,Surajpur,2015,32,44,3,52,99,6,24,164,382,142,29,108,7,237,10,88,20,150,1874
Chhattisgarh,Surajpur,2016,22,17,4,31,57,7,18,84,364,140,50,124,7,263,7,92,18,126,1783
Chhattisgarh,Surajpur,2017,25,31,5,36,95,7,49,167,474,226,70,105,18,255,6,113,27,165,2160
Chhattisgarh,Surajpur,2018,36,38,6,29,80,9,50,149,315,192,31,121,19,303,9,77,13,82,1874
Chhattisgarh,Surajpur,2019,35,46,4,40,70,7,41,151,513,237,75,129,17,301,6,68,20,100,2144
Chhattisgarh,Surajpur,2020,30,37,4,42,93,7,47,121,432,252,58,134,16,291,10,86,17,133,2058
Chhattisgarh,Surajpur,2021,38,41,6,60,124,2,53,105,406,206,39,144,10,264,14,58,10,129,1976
Chhattisgarh,Surajpur,2022,31,34,3,55,139,2,45,156,450,279,74,154,21,352,14,63,21,185,2387
Haryana,Mewat,2015,58,57,10,59,91,11,71,154,636,327,50,136,11,372,15,80,27,181,2744
Haryana,Mewat,2016,34,45,4,39,169,3,35,149,373,197,95,128,7,372,6,78,22,137,2463
Haryana,Mewat,2017,51,42,12,82,163,10,58,136,757,424,59,165,18,454,25,141,46,148,3208
Haryana,Mewat,2018,59,61,8,58,107,2,60,229,505,318,87,158,10,566,16,159,52,203,3067
Haryana,Mewat,2019,34,44,6,55,111,6,43,133,484,251,38,165,12,422,15,180,46,233,2675
Haryana,Mewat,2020,39,38,6,46,141,8,33,158,463,292,25,213,17,490,15,77,13,192,2609
Haryana,Mewat,2021,35,38,4,62,97,8,41,235,494,240,92,258,29,540,16,170,38,136,2936
Haryana,Mewat,2022,50,41,5,69,87,11,74,108,476,206,59,273,22,537,11,153,44,158,2766
Punjab,Ferozpur,2015,23,22,3,39,40,6,38,69,308,196,50,91,10,231,9,45,10,74,1459
Punjab,Ferozpur,2016,18,17,3,38,76,4,39,66,333,185,29,87,14,240,8,79,16,84,1544
Punjab,Ferozpur,2017,25,20,2,36,68,2,35,76,256,134,49,66,5,269,5,64,18,57,1386
Punjab,Ferozpur,2018,19,21,4,48,46,5,32,84,334,215,14,97,10,289,16,98,28,65,1638
Punjab,Ferozpur,2019,29,25,4,25,45,3,29,97,345,158,52,67,9,292,7,41,13,115,1560
Punjab,Ferozpur,2020,23,20,3,39,78,2,17,49,278,174,12,112,9,218,9,70,11,64,1363
Punjab,Ferozpur,2021,15,17,3,20,74,5,31,98,294,153,17,133,9,172,4,82,24,58,1399
Punjab,Ferozpur,2022,21,21,4,35,80,2,33,69,411,158,50,127,17,227,9,81,24,114,1708
Tamil Nadu,Viluppuram,2015,138,174,23,167,386,28,76,408,1434,512,172,435,41,1143,50,367,65,566,7158
Tamil Nadu,Viluppuram,2016,95,99,15,105,293,21,98,331,996,620,124,381,50,1214,17,397,135,418,6337
Tamil Nadu,Viluppuram,2017,108,128,22,210,429,18,145,282,1194,686,152,421,27,1090,51,208,59,287,6482
Tamil Nadu,Viluppuram,2018,95,107,10,203,326,11,83,474,1518,610,210,382,25,1299,65,292,57,314,7047
Tamil Nadu,Viluppuram,2019,96,91,21,99,193,14,109,425,1111,523,132,337,34,1336,15,348,78,471,6380
Tamil Nadu,Viluppuram,2020,80,69,19,87,311,10,76,322,1212,734,114,377,42,941,23,292,60,294,5843
Tamil Nadu,Viluppuram,2021,77,87,11,213,323,22,181,531,1216,493,75,503,67,992,38,264,51,333,6470
Tamil Nadu,Viluppuram,2022,96,129,20,217,223,29,161,565,1120,523,167,631,44,1351,51,439,66,470,7265
Delhi,Igi Airport,2015,9,11,0,8,28,1,9,22,71,39,14,26,5,68,1,27,4,40,469
Delhi,Igi Airport,2016,7,8,1,9,29,2,6,24,83,52,13,24,4,88,3,22,5,26,473
Delhi,Igi Airport,2017,7,9,1,15,31,1,8,35,109,42,11,30,2,89,2,30,5,19,519
Delhi,Igi Airport,2018,10,8,1,11,30,1,9,40,100,47,7,35,4,98,3,16,2,39,541
Delhi,Igi Airport,2019,7,7,1,18,23,1,12,37,100,38,16,39,5,97,3,27,9,46,570
Delhi,Igi Airport,2020,8,9,0,10,15,0,10,17,73,35,7,44,5,56,2,14,3,22,443
Delhi,Igi Airport,2021,6,7,1,13,18,0,8,43,92,57,10,45,3,81,3,30,7,21,522
Delhi,Igi Airport,2022,10,10,1,11,21,2,4,34,117,55,14,49,3,92,1,24,5,36,562
Delhi,North-East,2015,445,392,91,704,1271,95,477,1343,5281,2328,709,1318,284,3155,153,1647,521,2091,26062
Delhi,North-East,2016,443,565,82,560,921,30,344,1627,5122,2624,430,1277,270,5424,111,1124,300,1206,26359
Delhi,North-East,2017,497,563,104,662,1666,123,304,1598,6366,3172,412,1472,249,3769,191,1748,399,1504,28598
Delhi,North-East,2018,495,504,58,510,1530,31,753,2301,4347,2633,428,1856,232,5105,89,1116,323,1053,27310
Delhi,North-East,2019,410,516,61,576,1242,64,320,1338,4618,1978,744,1511,296,5748,132,1042,302,1678,27584
Delhi,North-East,2020,404,556,50,666,883,40,472,1908,4184,1509,291,1803,246,3552,205,1479,445,1574,23506
Delhi,North-East,2021,432,467,83,763,821,112,463,2279,4665,2021,899,2326,168,3153,174,1334,342,2170,26494
Delhi,North-East,2022,507,549,100,391,1369,101,669,1609,5695,2164,568,2317,260,4392,61,1547,349,1130,27641
Delhi,North-West,2015,280,384,40,387,926,88,347,1042,5039,2409,219,1154,232,3897,105,774,163,1100,21584
Delhi,North-West,2016,275,315,50,517,968,40,296,1625,3566,1673,619,1162,131,4278,150,1278,273,1366,21702
Delhi,North-West,2017,341,366,35,431,1378,36,476,1658,3722,1840,238,1005,210,3864,78,1199,284,1812,22065
Delhi,North-West,2018,410,404,47,379,1089,45,492,1669,5959,2995,309,1488,230,4588,98,1412,244,1707,26834
Delhi,North-West,2019,349,398,48,709,1211,61,298,1022,4439,1645,333,1115,109,3008,107,817,264,1516,20925
Delhi,North-West,2020,354,413,86,311,946,79,284,908,3648,1534,408,1222,51,2439,50,703,191,668,16767
Delhi,North-West,2021,343,276,64,331,1305,103,372,1909,3272,2055,365,1703,66,3111,107,676,209,1203,21251
Delhi,North-West,2022,431,542,56,727,804,22,521,1479,4040,1453,775,1996,64,3120,136,876,141,977,21519
Delhi,South-West,2015,277,341,45,386,805,31,389,1083,3019,1959,387,961,84,2610,100,966,183,831,16569
Delhi,South-West,2016,291,397,68,239,493,41,332,607,3064,1268,182,1027,48,2292,47,942,281,849,14849
Delhi,South-West,2017,314,359,65,510,621,68,250,1102,2898,1081,405,823,55,3270,149,862,176,1209,16630
Delhi,South-West,2018,341,292,61,453,936,18,443,937,3004,1876,271,1107,156,3028,111,841,161,823,17185
Delhi,South-West,2019,293,316,53,273,601,74,205,1363,2847,1193,586,1084,88,2587,74,477,142,1354,15981
Delhi,South-West,2020,293,248,66,422,559,35,344,968,3730,1319,487,1338,91,1877,113,671,152,1205,15938
Delhi,South-West,2021,304,406,55,397,700,59,175,1220,2881,1177,295,1538,102,2289,96,555,116,603,15192
Delhi,South-West,2022,356,353,47,519,651,75,217,1192,3594,1381,293,1738,128,2890,157,822,234,1044,18133
Andhra Pradesh,Vijayawada City,2015,94,128,15,183,287,26,199,655,1266,685,237,397,40,1026,44,503,120,322,7624
Andhra Pradesh,Vijayawada City,2016,187,215,25,192,508,44,224,788,2174,1318,126,553,86,1888,40,539,183,602,11018
Andhra Pradesh,Vijayawada City,2017,178,167,26,195,579,26,97,720,1510,592,283,445,48,1197,42,379,73,691,8509
Andhra Pradesh,Vijayawada City,2018,158,156,37,158,434,28,162,562,1623,903,163,465,58,1418,50,516,84,640,8941
Andhra Pradesh,Vijayawada City,2019,141,176,16,250,313,13,129,424,2271,930,141,606,32,1360,51,577,170,692,9681
Andhra Pradesh,Vijayawada City,2020,117,122,22,129,497,7,115,563,1159,507,124,624,60,1515,43,281,68,610,7649
Andhra Pradesh,Vijayawada City,2021,161,213,25,141,378,21,109,719,2416,934,291,722,103,1888,32,447,101,692,10716
Andhra Pradesh,Vijayawada City,2022,188,165,36,313,298,20,208,701,1935,1053,332,823,46,1666,75,360,113,731,10477
Haryana,Palwal,2015,58,58,6,57,152,14,93,294,736,281,62,199,26,664,18,186,44,179,3646
Haryana,Palwal,2016,53,69,8,104,212,11,43,278,591,216,34,232,29,680,32,196,34,161,3477
Haryana,Palwal,2017,45,61,5,62,228,8,38,146,723,256,69,222,37,569,20,110,29,159,3434
Haryana,Palwal,2018,68,75,15,63,142,11,62,164,650,394,130,186,25,558,14,182,30,149,3556
Haryana,Palwal,2019,46,58,6,94,124,17,78,275,620,318,124,199,26,542,32,218,69,272,3650
Haryana,Palwal,2020,48,54,9,79,165,7,31,149,694,430,40,323,33,383,21,172,40,143,3271
Haryana,Palwal,2021,71,90,9,75,194,5,89,251,952,613,97,307,23,644,18,230,56,288,4523
Haryana,Palwal,2022,64,59,8,53,203,15,97,293,696,368,65,342,35,616,8,137,23,232,3825
Jammu & Kashmir,Border District,2015,8,9,1,13,24,2,13,51,109,69,14,33,7,144,3,32,10,31,690
Jammu & Kashmir,Border District,2016,11,12,1,13,39,2,9,44,123,50,13,44,3,88,4,41,12,37,682
Jammu & Kashmir,Border District,2017,10,8,1,19,40,1,10,57,166,81,25,43,5,146,3,36,12,39,805
Jammu & Kashmir,Border District,2018,10,12,1,19,32,1,6,42,117,52,13,46,3,95,5,46,13,51,674
Jammu & Kashmir,Border District,2019,11,12,2,26,51,2,17,54,180,112,13,40,6,128,4,34,6,57,873
Jammu & Kashmir,Border District,2020,7,8,1,14,34,1,10,30,153,95,18,41,2,101,2,25,6,26,656
Jammu & Kashmir,Border District,2021,10,12,1,16,36,1,12,47,98,54,25,62,3,95,5,22,3,43,639
Jammu & Kashmir,Border District,2022,15,14,3,11,27,3,19,60,121,58,13,74,4,115,1,21,5,47,714
Maharashtra,Mumbai Commr.,2015,834,1069,148,1404,2262,206,696,2913,6401,3339,1082,2141,127,8570,377,1655,274,1957,41657
Maharashtra,Mumbai Commr.,2016,799,1104,171,1357,2691,137,863,2732,8824,4496,1334,2850,218,7962,370,1835,320,2186,46316
Maharashtra,Mumbai Commr.,2017,733,694,161,1176,1576,90,1071,2864,10984,4609,1095,2341,315,6910,357,1525,427,3770,47146
Maharashtra,Mumbai Commr.,2018,882,1186,117,1423,2745,157,973,3429,7218,2585,1123,2448,463,5416,242,2623,668,3596,43539
Maharashtra,Mumbai Commr.,2019,769,850,80,934,2182,184,1002,2575,8913,4917,857,2495,153,7757,242,1417,321,3663,46077
Maharashtra,Mumbai Commr.,2020,750,930,162,906,2120,104,492,2337,7418,4706,403,2816,174,7185,250,1821,485,1654,39914
Maharashtra,Mumbai Commr.,2021,691,653,81,979,2097,170,726,3735,7241,4671,1444,4257,340,5642,166,1551,349,1815,43821
Maharashtra,Mumbai Commr.,2022,936,1228,166,1355,2279,162,1155,3021,9102,4353,496,4958,212,9279,416,2756,732,3433,53032
Manipur,Imphal East,2015,13,17,1,21,36,1,12,46,160,101,19,58,8,100,5,51,10,71,853
Manipur,Imphal East,2016,18,18,3,21,37,2,24,38,154,97,23,55,3,144,4,42,8,62,889
Manipur,Imphal East,2017,15,15,2,18,53,1,16,45,224,85,29,58,4,108,4,40,13,51,912
Manipur,Imphal East,2018,11,11,1,23,43,1,20,48,236,151,22,58,6,135,7,45,8,68,1028
Manipur,Imphal East,2019,19,22,2,26,42,1,19,59,245,89,21,49,9,200,6,49,15,79,1101
Manipur,Imphal East,2020,13,13,2,12,37,2,8,57,203,79,21,65,3,113,3,38,12,57,847
Manipur,Imphal East,2021,17,21,3,18,54,1,10,42,138,84,26,92,8,141,6,46,12,61,910
Manipur,Imphal East,2022,19,25,4,27,41,3,18,70,146,65,30,90,7,145,6,45,11,46,935
Manipur,Imphal West,2015,30,36,6,34,54,3,27,129,332,126,29,89,9,218,5,70,16,128,1560
Manipur,Imphal West,2016,32,40,6,50,102,6,35,84,256,126,23,84,12,220,13,62,11,100,1495
Manipur,Imphal West,2017,22,21,3,46,108,5,48,130,364,236,65,116,9,271,9,57,15,132,1906
Manipur,Imphal West,2018,24,26,2,43,107,6,33,81,359,127,40,107,15,329,12,90,13,124,1786
Manipur,Imphal West,2019,22,22,4,30,60,4,44,76,449,230,54,107,13,358,7,112,33,90,1971
Manipur,Imphal West,2020,19,15,3,26,58,2,39,88,385,139,57,135,8,308,8,77,25,68,1677
Manipur,Imphal West,2021,33,39,5,24,82,6,38,109,412,209,55,150,14,211,5,64,18,76,1790
Manipur,Imphal West,2022,24,30,4,43,78,8,37,146,302,163,34,189,16,318,9,84,28,76,1859
Punjab,Sas Ngr,2015,33,36,5,66,163,9,35,245,637,370,66,133,26,576,14,97,18,116,3059
Punjab,Sas Ngr,2016,50,48,6,45,147,4,67,239,735,443,100,166,32,370,13,164,53,256,3376
Punjab,Sas Ngr,2017,57,56,6,59,94,3,57,177,496,281,54,207,24,441,16,147,30,208,2944
Punjab,Sas Ngr,2018,47,64,7,94,177,12,51,252,583,277,126,220,32,719,18,210,47,263,3697
Punjab,Sas Ngr,2019,57,62,12,69,183,5,76,264,596,385,36,177,28,401,13,211,43,222,3308
Punjab,Sas Ngr,2020,30,37,5,80,124,6,27,199,422,272,82,186,13,459,22,78,21,142,2580
Punjab,Sas Ngr,2021,63,78,12,98,184,3,51,191,698,365,70,324,33,398,18,161,43,278,3556
Punjab,Sas Ngr,2022,52,63,5,48,139,12,65,136,874,502,45,260,14,554,15,221,48,177,3709
Rajasthan,Jaipur East,2015,133,156,25,289,517,34,210,516,2542,1071,306,589,107,1196,61,567,101,468,10279
Rajasthan,Jaipur East,2016,182,199,31,279,551,35,285,476,1878,1120,130,693,43,1393,54,370,83,895,10257
Rajasthan,Jaipur East,2017,177,172,18,298,321,45,221,442,1724,809,303,617,34,2040,85,363,93,882,10118
Rajasthan,Jaipur East,2018,211,205,27,190,557,38,141,845,2546,1520,163,565,92,1826,50,329,85,818,11718
Rajasthan,Jaipur East,2019,228,270,50,252,476,38,313,601,2960,1605,391,593,36,2135,72,326,90,685,12729
Rajasthan,Jaipur East,2020,153,128,20,209,274,12,202,593,1540,642,204,646,47,1081,49,496,86,409,7952
Rajasthan,Jaipur East,2021,179,218,37,215,637,27,162,712,1649,767,267,779,44,1542,51,641,131,879,10406
Rajasthan,Jaipur East,2022,192,266,27,314,688,41,141,440,2398,1273,273,1034,54,1706,107,577,122,856,12002
Rajasthan,Jaipur North,2015,71,88,7,110,214,15,119,201,763,413,94,293,42,805,33,150,25,385,4481
Rajasthan,Jaipur North,2016,50,49,5,117,167,9,87,311,855,387,78,216,47,566,36,128,28,242,4164
Rajasthan,Jaipur North,2017,96,95,18,131,197,22,78,213,834,495,172,284,33,898,30,264,44,325,4945
Rajasthan,Jaipur North,2018,79,95,11,89,179,7,55,234,1126,706,162,211,17,808,19,216,75,374,5105
Rajasthan,Jaipur North,2019,70,65,9,114,231,6,104,273,1150,606,188,315,42,684,18,296,71,320,5297
Rajasthan,Jaipur North,2020,67,75,7,81,202,16,96,244,1050,537,73,337,46,558,23,169,48,197,4417
Rajasthan,Jaipur North,2021,87,96,18,103,276,17,77,259,734,276,92,451,36,708,27,203,66,338,4492
Rajasthan,Jaipur North,2022,78,106,19,135,166,5,107,349,1209,502,185,413,43,962,27,290,80,314,5695
Rajasthan,Jaipur Rural,2015,85,74,12,104,409,26,158,543,1436,754,105,443,70,1186,29,270,53,387,7178
Rajasthan,Jaipur Rural,2016,90,125,19,239,432,8,153,382,1371,837,179,507,45,1105,78,280,87,333,7367
Rajasthan,Jaipur Rural,2017,124,134,18,210,407,16,144,506,2054,1272,293,532,69,1537,44,435,118,387,9417
Rajasthan,Jaipur Rural,2018,117,104,22,184,283,25,74,495,1889,739,100,334,42,983,33,367,88,372,7291
Rajasthan,Jaipur Rural,2019,137,110,21,223,464,13,179,472,1826,681,153,543,26,1489,55,480,141,539,8774
Rajasthan,Jaipur Rural,2020,105,126,10,162,321,17,138,259,1084,396,229,560,26,865,47,227,70,286,5956
Rajasthan,Jaipur Rural,2021,114,153,15,146,275,24,200,462,1546,702,121,670,62,1108,47,292,60,437,7566
Rajasthan,Jaipur Rural,2022,136,127,32,137,364,28,170,401,1691,787,197,735,75,880,44,209,53,544,7655
Rajasthan,Jaipur South,2015,91,88,20,199,263,7,163,362,1163,478,221,416,45,1052,45,373,124,452,6459
Rajasthan,Jaipur South,2016,138,176,21,164,333,21,180,545,1190,444,110,382,53,1281,56,238,47,422,6803
Rajasthan,Jaipur South,2017,85,68,19,130,235,11,90,434,1556,867,196,383,47,1018,20,262,52,433,6835
Rajasthan,Jaipur South,2018,84,92,18,239,383,24,159,335,1467,713,272,419,45,915,53,360,120,571,7299
Rajasthan,Jaipur South,2019,92,120,11,163,413,24,148,436,1528,660,211,468,23,1317,44,342,108,372,7475
Rajasthan,Jaipur South,2020,96,125,15,119,189,18,135,500,1148,559,154,487,58,901,27,371,103,280,6147
Rajasthan,Jaipur South,2021,91,117,14,175,263,9,71,556,1815,738,79,575,33,1137,43,322,103,411,7529
Rajasthan,Jaipur South,2022,143,149,19,245,383,22,103,645,1472,629,196,604,71,1554,79,243,57,291,7986
Rajasthan,Jodhpur City,2015,85,101,14,120,131,6,109,256,1001,509,83,255,34,686,28,247,56,221,4584
Rajasthan,Jodhpur City,2016,72,65,16,73,211,10,65,208,813,289,103,263,26,867,23,268,46,370,4599
Rajasthan,Jodhpur City,2017,71,81,10,111,213,9,81,279,1039,447,54,238,17,896,23,184,47,269,4893
Rajasthan,Jodhpur City,2018,69,73,9,74,139,10,69,351,827,467,167,291,25,597,20,264,74,292,4481
Rajasthan,Jodhpur City,2019,94,104,16,86,341,22,143,274,1058,472,143,292,36,1122,19,288,68,394,5750
Rajasthan,Jodhpur City,2020,57,51,6,116,213,10,64,206,708,422,73,308,21,650,19,212,43,271,3988
Rajasthan,Jodhpur City,2021,75,71,17,132,203,5,81,339,730,314,79,507,57,988,28,247,49,322,4972
Rajasthan,Jodhpur City,2022,83,85,13,76,160,21,123,225,979,559,126,342,20,603,14,150,50,358,4662
Rajasthan,Jodhpur Rural,2015,60,50,11,72,168,5,82,192,533,244,86,153,11,472,14,100,25,229,2934
Rajasthan,Jodhpur Rural,2016,59,53,7,54,197,10,39,177,639,354,79,204,28,599,9,110,19,174,3268
Rajasthan,Jodhpur Rural,2017,48,44,7,74,176,3,58,199,667,273,60,191,15,489,24,194,31,257,3246
Rajasthan,Jodhpur Rural,2018,47,48,6,90,93,4,76,237,823,327,49,175,11,577,27,156,30,273,3507
Rajasthan,Jodhpur Rural,2019,66,62,9,57,132,11,87,223,574,294,53,198,11,594,13,209,32,222,3319
Rajasthan,Jodhpur Rural,2020,37,38,4,71,131,9,37,96,383,240,81,243,23,387,22,144,27,127,2459
Rajasthan,Jodhpur Rural,2021,65,79,6,75,162,3,46,189,780,463,61,300,28,400,11,198,41,163,3517
Rajasthan,Jodhpur Rural,2022,62,61,13,78,112,11,31,222,567,270,107,279,15,536,19,114,29,227,3184
Rajasthan,Kota City,2015,105,102,19,143,340,20,129,277,1131,661,168,356,43,1068,36,325,61,266,6046
Rajasthan,Kota City,2016,115,153,22,193,214,17,165,313,1313,645,88,328,47,1205,34,298,62,250,6349
Rajasthan,Kota City,2017,71,72,11,134,227,19,136,373,1329,804,118,267,37,979,41,342,68,338,6157
Rajasthan,Kota City,2018,130,148,15,133,315,15,67,306,1448,743,189,432,21,808,27,195,60,452,6435
Rajasthan,Kota City,2019,74,62,16,186,180,21,77,424,935,450,133,352,36,1173,51,182,51,263,5766
Rajasthan,Kota City,2020,85,84,8,75,169,6,47,278,790,473,89,447,48,927,12,287,54,358,4943
Rajasthan,Kota City,2021,82,109,17,84,168,12,153,346,1304,660,156,478,39,931,25,252,75,363,6033
Rajasthan,Kota City,2022,95,128,22,127,401,15,71,552,1300,465,158,659,67,914,37,299,100,533,6896
Rajasthan,Kota Rural,2015,44,48,9,41,95,4,31,201,571,356,84,139,28,391,7,172,45,241,2917
Rajasthan,Kota Rural,2016,46,50,8,79,190,8,56,226,628,368,68,158,12,590,26,141,39,177,3293
Rajasthan,Kota Rural,2017,41,47,6,48,158,11,59,174,517,302,60,140,9,599,10,112,22,213,2960
Rajasthan,Kota Rural,2018,52,68,8,94,158,4,46,130,780,334,38,146,29,367,24,178,47,225,3153
Rajasthan,Kota Rural,2019,38,42,5,72,132,5,40,199,824,445,95,174,22,569,20,198,30,199,3555
Rajasthan,Kota Rural,2020,45,46,5,66,84,3,31,113,531,202,92,230,8,485,13,150,26,192,2673
Rajasthan,Kota Rural,2021,39,45,4,44,89,12,52,147,575,239,75,234,13,535,12,95,25,187,2822
Rajasthan,Kota Rural,2022,46,55,6,96,147,5,35,174,722,452,101,304,13,578,18,105,22,134,3457
Delhi,Grp(Rly),2015,15,12,3,27,84,4,16,115,322,201,22,94,8,168,4,49,14,84,1438
Delhi,Grp(Rly),2016,21,28,2,42,60,1,20,87,222,140,39,80,14,189,10,58,16,59,1274
Delhi,Grp(Rly),2017,22,30,5,34,79,1,18,79,293,182,22,94,13,269,8,77,15,66,1516
Delhi,Grp(Rly),2018,16,19,2,25,52,5,31,71,303,138,41,94,9,203,6,68,21,102,1407
Delhi,Grp(Rly),2019,26,25,4,22,67,4,40,114,394,209,50,99,6,189,4,53,17,65,1603
Delhi,Grp(Rly),2020,22,30,3,22,37,1,21,45,264,171,25,111,9,170,7,55,18,91,1264
Delhi,Grp(Rly),2021,15,19,2,34,69,4,37,106,210,90,36,110,14,190,7,73,16,62,1284
Delhi,Grp(Rly),2022,29,27,5,40,45,2,41,67,250,146,37,149,16,232,11,57,11,89,1464
Delhi,Stf,2015,1,1,0,1,1,0,0,2,5,2,0,2,0,3,0,1,0,1,23
Delhi,Stf,2016,1,1,0,1,1,0,0,2,5,2,0,2,0,4,0,1,0,1,24
Delhi,Stf,2017,1,1,0,1,1,0,0,2,5,3,0,2,0,3,0,1,0,1,24
Delhi,Stf,2018,1,1,0,1,1,0,0,2,5,2,0,2,0,3,0,1,0,1,23
Delhi,Stf,2019,1,1,0,1,1,0,0,2,5,2,0,2,0,3,0,1,0,1,23
Delhi,Stf,2020,1,1,0,1,1,0,0,2,5,2,0,2,0,3,0,1,0,1,23
Delhi,Stf,2021,1,1,0,1,1,0,0,2,5,2,0,2,0,3,0,1,0,1,23
Delhi,Stf,2022,1,1,0,1,1,0,0,2,5,3,0,2,0,3,0,1,0,1,24
Puducherry,Karaikal,2015,12,15,1,12,30,1,17,39,175,108,19,44,3,122,3,30,6,33,764
Puducherry,Karaikal,2016,13,14,1,12,42,1,7,30,151,64,8,45,6,131,3,33,6,39,708
Puducherry,Karaikal,2017,14,16,2,26,49,1,22,44,121,69,13,41,8,117,3,45,14,52,775
Puducherry,Karaikal,2018,13,11,3,16,29,3,17,40,170,83,16,44,7,126,3,37,7,59,795
Puducherry,Karaikal,2019,12,9,1,12,52,2,13,66,131,68,18,50,4,143,2,48,11,64,826
Puducherry,Karaikal,2020,11,9,2,14,36,1,8,42,124,63,9,61,4,113,2,25,5,33,648
Puducherry,Karaikal,2021,12,12,2,14,30,2,20,30,179,101,16,55,4,128,4,29,5,54,800
Puducherry,Karaikal,2022,14,14,2,16,41,1,16,51,140,65,23,72,7,106,5,47,14,49,794
Jharkhand,Khunti,2015,6,5,0,10,19,0,11,28,81,42,4,21,2,81,1,27,4,27,430
Jharkhand,Khunti,2016,6,5,0,8,17,2,10,18,119,56,8,23,3,92,1,25,7,25,491
Jharkhand,Khunti,2017,8,6,1,12,20,1,11,32,124,70,15,33,3,97,2,31,6,38,582
Jharkhand,Khunti,2018,9,8,1,8,23,2,11,44,131,58,14,35,3,60,1,33,9,30,554
Jharkhand,Khunti,2019,7,9,0,8,30,1,7,39,122,53,10,30,1,81,1,21,7,35,528
Jharkhand,Khunti,2020,8,10,1,11,25,0,6,19,92,34,10,29,1,52,3,11,3,27,399
Jharkhand,Khunti,2021,8,10,0,12,23,1,10,28,100,35,5,40,3,78,3,16,5,21,475
Jharkhand,Khunti,2022,7,8,1,12,14,2,6,30,97,60,17,34,4,88,2,24,6,38,520
Jharkhand,Ramgarh,2015,23,19,2,34,95,7,28,96,448,204,33,100,8,271,6,108,33,127,1886
Jharkhand,Ramgarh,2016,33,42,3,30,114,5,44,118,388,220,35,99,19,318,10,78,26,106,1937
Jharkhand,Ramgarh,2017,24,31,5,46,81,3,33,95,235,94,31,77,9,294,14,48,10,80,1486
Jharkhand,Ramgarh,2018,27,24,3,28,111,8,43,93,315,162,51,91,14,265,4,74,21,81,1732
Jharkhand,Ramgarh,2019,32,35,7,56,113,6,40,116,340,172,35,122,13,329,17,66,12,106,1878
Jharkhand,Ramgarh,2020,19,20,3,39,66,2,14,88,227,130,32,115,8,175,12,70,10,62,1323
Jharkhand,Ramgarh,2021,20,16,4,45,107,5,25,102,357,136,17,118,14,340,8,79,20,98,1754
Jharkhand,Ramgarh,2022,33,31,5,45,111,7,32,142,453,236,55,190,11,305,12,80,17,125,2162
Nagaland,Longleng,2015,1,1,0,1,1,0,0,2,5,2,0,2,0,4,0,1,0,1,24
Nagaland,Longleng,2016,1,1,0,1,1,0,0,2,5,2,0,2,0,3,0,1,0,1,23
Nagaland,Longleng,2017,1,1,0,1,1,0,0,2,5,2,0,2,0,3,0,1,0,1,23
Nagaland,Longleng,2018,1,1,0,1,1,0,0,2,5,2,0,2,0,3,0,1,0,1,23
Nagaland,Longleng,2019,1,1,0,1,1,0,0,2,5,2,0,2,0,3,0,1,0,1,23
Nagaland,Longleng,2020,1,1,0,1,1,0,0,2,5,3,0,2,0,3,0,1,0,1,24
Nagaland,Longleng,2021,1,1,0,1,1,0,0,2,5,3,0,2,0,4,0,1,0,1,25
Nagaland,Longleng,2022,1,1,0,1,1,0,0,2,5,2,0,2,0,3,0,1,0,1,23
Punjab,Amritsar Rural,2015,25,28,5,44,69,7,33,119,259,105,42,79,4,269,15,97,19,65,1501
Punjab,Amritsar Rural,2016,27,32,5,25,87,4,17,87,300,127,52,94,15,283,5,100,22,99,1599
Punjab,Amritsar Rural,2017,23,18,4,44,104,4,43,114,387,140,26,104,12,324,13,81,13,120,1810
Punjab,Amritsar Rural,2018,28,38,4,43,71,2,26,86,406,151,38,97,12,231,11,90,27,93,1693
Punjab,Amritsar Rural,2019,34,43,3,37,88,3,17,69,441,272,44,91,14,199,11,75,12,71,1761
Punjab,Amritsar Rural,2020,25,22,5,30,61,2,25,52,298,105,34,101,13,266,8,57,14,50,1354
Punjab,Amritsar Rural,2021,35,40,4,30,58,3,43,123,290,135,22,149,16,271,5,49,13,65,1605
Punjab,Amritsar Rural,2022,21,26,3,47,64,2,44,152,280,138,67,142,9,219,14,74,14,140,1715
Andaman & Nicobar Islands,A And N Islands,2015,18,15,2,22,59,3,18,66,236,86,16,61,5,189,5,59,13,47,1053
Andaman & Nicobar Islands,A And N Islands,2016,16,22,2,15,29,2,12,42,249,91,35,61,8,150,2,51,11,52,984
Andaman & Nicobar Islands,A And N Islands,2017,14,17,2,31,31,4,20,55,249,98,28,55,10,149,9,45,13,63,1033
Andaman & Nicobar Islands,A And N Islands,2018,13,14,2,13,36,1,16,56,235,129,13,44,4,171,2,35,11,52,977
Andaman & Nicobar Islands,A And N Islands,2019,14,18,1,24,62,3,22,56,269,149,27,70,11,134,3,50,15,50,1124
Andaman & Nicobar Islands,A And N Islands,2020,15,19,1,25,32,2,9,67,212,131,23,63,4,143,6,53,9,70,1001
Andaman & Nicobar Islands,A And N Islands,2021,17,17,3,17,48,1,24,36,193,120,9,85,7,141,5,36,9,54,944
Andaman & Nicobar Islands,A And N Islands,2022,18,23,4,17,37,2,13,63,178,109,34,71,9,174,3,51,14,72,1030
Delhi,Outer,2015,428,344,97,483,921,104,771,1307,5861,3259,1041,1317,81,5179,144,1430,486,1599,28858
Delhi,Outer,2016,584,604,127,425,1718,121,488,1689,6951,2829,602,1376,121,3580,135,1705,335,2222,29735
Delhi,Outer,2017,612,583,105,552,1988,97,742,1313,6806,2802,693,2009,249,3986,95,1771,406,2374,31479
Delhi,Outer,2018,468,577,98,1120,1476,116,325,2096,8571,5540,1204,1774,330,6052,173,2259,480,1409,38914
Delhi,Outer,2019,565,715,111,735,1174,60,900,1905,7149,4099,485,2061,328,6007,176,1845,303,2057,35447
Delhi,Outer,2020,443,499,105,731,1632,50,548,1661,4398,1844,883,2122,148,3329,111,1574,437,1450,25785
Delhi,Outer,2021,502,407,83,942,1557,123,476,1474,7234,2958,941,2795,102,4861,228,863,140,1810,31755
Delhi,Outer,2022,592,633,110,673,2029,31,513,1544,6821,3741,451,3017,297,4456,202,1280,212,2348,33645
Gujarat,Tapi,2015,16,13,1,30,50,2,22,46,288,166,14,62,11,219,10,69,23,45,1241
Gujarat,Tapi,2016,16,22,3,20,49,1,11,88,246,133,31,57,4,198,6,60,18,80,1197
Gujarat,Tapi,2017,14,14,2,32,52,1,20,48,290,104,29,62,8,188,10,68,10,73,1181
Gujarat,Tapi,2018,15,18,3,26,43,5,20,59,227,80,15,81,11,248,6,74,23,48,1174
Gujarat,Tapi,2019,13,10,1,34,69,4,25,89,238,120,42,72,3,154,8,69,14,50,1178
Gujarat,Tapi,2020,14,13,3,22,43,3,10,61,232,112,18,89,3,138,6,49,11,45,1001
Gujarat,Tapi,2021,19,23,2,24,52,3,11,40,211,100,33,81,9,125,5,66,14,42,1010
Gujarat,Tapi,2022,19,21,2,21,46,2,11,68,298,124,33,93,12,248,5,51,9,71,1306
Jammu & Kashmir,Bandipora,2015,9,9,1,14,36,2,18,51,133,81,10,36,6,92,2,26,8,42,672
Jammu & Kashmir,Bandipora,2016,14,18,1,15,42,2,18,52,122,66,27,40,7,147,4,37,8,33,757
Jammu & Kashmir,Bandipora,2017,10,13,1,12,40,2,14,30,159,102,17,37,6,98,3,41,7,31,716
Jammu & Kashmir,Bandipora,2018,8,9,1,13,38,1,11,56,102,44,15,44,6,90,3,29,9,32,656
Jammu & Kashmir,Bandipora,2019,8,7,0,23,49,3,9,28,189,66,17,34,5,109,7,24,7,49,740
Jammu & Kashmir,Bandipora,2020,8,10,1,13,19,0,8,33,120,73,21,43,3,102,3,30,9,43,621
Jammu & Kashmir,Bandipora,2021,9,10,1,14,18,2,16,39,147,83,12,50,7,101,4,43,11,45,704
Jammu & Kashmir,Bandipora,2022,11,13,1,18,43,2,7,55,164,101,10,55,3,89,5,43,7,31,755
Jammu & Kashmir,Kishtwar,2015,5,6,0,11,12,1,10,24,83,33,11,24,1,51,2,17,5,32,384
Jammu & Kashmir,Kishtwar,2016,8,7,1,11,18,1,6,29,79,44,4,27,3,65,2,26,6,18,419
Jammu & Kashmir,Kishtwar,2017,7,6,1,8,17,1,5,21,112,68,8,24,1,58,1,21,7,37,468
Jammu & Kashmir,Kishtwar,2018,5,5,0,12,13,1,10,18,111,39,4,24,4,76,2,26,8,38,461
Jammu & Kashmir,Kishtwar,2019,7,7,0,11,29,1,9,32,77,33,18,25,2,82,1,28,5,29,468
Jammu & Kashmir,Kishtwar,2020,4,4,0,12,12,1,7,29,94,38,9,38,3,72,2,14,2,20,414
Jammu & Kashmir,Kishtwar,2021,7,5,0,12,25,0,12,32,100,38,5,36,1,75,2,28,4,21,467
Jammu & Kashmir,Kishtwar,2022,5,5,0,14,18,1,4,25,108,60,11,37,1,75,2,16,4,38,490
Jammu & Kashmir,Samba,2015,9,8,1,12,32,2,13,64,127,67,16,38,5,114,3,22,3,44,716
Jammu & Kashmir,Samba,2016,12,14,2,24,36,1,21,48,116,74,25,50,6,106,8,25,4,44,736
Jammu & Kashmir,Samba,2017,14,17,2,21,48,2,19,61,137,53,24,35,7,106,3,26,4,35,719
Jammu & Kashmir,Samba,2018,12,13,1,23,26,1,18,32,173,87,25,41,6,125,6,28,5,34,764
Jammu & Kashmir,Samba,2019,16,16,2,18,31,3,15,69,187,111,19,48,8,112,4,54,10,61,903
Jammu & Kashmir,Samba,2020,12,15,2,18,36,1,10,29,126,44,20,56,2,106,3,38,8,44,659
Jammu & Kashmir,Samba,2021,10,9,2,13,40,3,19,47,139,70,10,64,3,110,2,46,9,47,748
Jammu & Kashmir,Samba,2022,15,19,1,23,26,1,7,30,144,62,25,70,4,145,5,50,8,33,776
Jammu & Kashmir,Shopian,2015,7,8,0,15,22,1,6,39,114,70,14,31,4,84,4,21,7,25,544
Jammu & Kashmir,Shopian,2016,11,8,1,13,21,2,11,24,89,46,12,36,5,120,3,29,6,46,567
Jammu & Kashmir,Shopian,2017,11,11,2,16,33,0,7,43,85,47,5,36,4,66,5,32,6,32,548
Jammu & Kashmir,Shopian,2018,10,11,2,12,34,2,10,34,127,78,20,30,2,117,2,29,8,42,658
Jammu & Kashmir,Shopian,2019,6,5,1,11,18,0,13,26,87,45,6,36,6,91,2,28,5,46,554
Jammu & Kashmir,Shopian,2020,8,7,1,13,19,1,6,24,71,37,16,37,3,83,2,27,5,20,446
Jammu & Kashmir,Shopian,2021,10,12,1,11,35,1,12,29,133,82,16,54,2,82,3,24,3,32,623
Jammu & Kashmir,Shopian,2022,8,6,1,16,34,2,7,29,133,49,7,54,5,100,4,34,10,25,609
Karnataka,Cbpura,2015,42,53,8,40,131,9,66,187,552,357,38,122,26,307,9,69,20,116,2499
Karnataka,Cbpura,2016,42,41,7,71,94,9,70,118,576,231,37,132,19,513,17,143,34,171,2680
Karnataka,Cbpura,2017,31,30,6,62,162,3,68,112,702,367,85,166,13,436,13,151,25,223,3033
Karnataka,Cbpura,2018,41,40,6,87,101,9,32,154,624,354,73,152,11,330,22,129,25,151,2722
Karnataka,Cbpura,2019,62,63,8,90,140,4,55,160,513,222,62,149,32,609,22,106,24,231,2977
Karnataka,Cbpura,2020,37,50,8,58,123,2,40,114,512,272,32,151,11,328,20,127,36,93,2318
Karnataka,Cbpura,2021,40,50,7,93,153,2,70,238,498,196,63,231,12,596,21,85,27,183,2972
Karnataka,Cbpura,2022,35,46,7,52,190,9,56,214,764,457,58,251,25,392,16,98,17,147,3265
Karnataka,Ramanagar,2015,56,57,10,109,248,18,133,191,1017,427,64,309,42,922,29,283,51,350,5000
Karnataka,Ramanagar,2016,62,58,13,133,257,4,122,223,842,357,90,302,21,718,35,198,40,337,4445
Karnataka,Ramanagar,2017,66,65,10,132,129,13,69,257,997,373,62,261,39,837,27,291,45,295,4601
Karnataka,Ramanagar,2018,92,106,13,87,210,10,66,287,872,493,142,256,30,622,21,153,26,281,4429
Karnataka,Ramanagar,2019,74,97,15,101,265,16,123,399,1172,639,131,309,47,880,27,146,48,416,5606
Karnataka,Ramanagar,2020,51,49,6,93,266,12,114,212,933,547,86,352,39,849,23,143,36,341,4745
Karnataka,Ramanagar,2021,61,65,11,91,255,5,118,406,1250,580,159,438,38,650,30,205,59,376,5487
Karnataka,Ramanagar,2022,82,80,12,164,275,17,96,429,1140,606,143,426,22,998,56,338,93,391,6107
Madhya Pradesh,Alirajpur,2015,23,21,4,22,61,4,18,102,207,102,22,57,12,191,4,62,18,60,1195
Madhya Pradesh,Alirajpur,2016,25,24,2,26,41,5,18,93,327,155,38,60,14,221,6,84,26,58,1409
Madhya Pradesh,Alirajpur,2017,18,25,3,22,55,3,29,104,188,77,40,79,9,220,7,38,12,77,1193
Madhya Pradesh,Alirajpur,2018,20,17,3,37,91,2,14,53,341,144,40,66,11,237,9,74,25,73,1454
Madhya Pradesh,Alirajpur,2019,23,29,3,25,56,5,23,108,276,176,23,81,4,171,4,74,14,58,1340
Madhya Pradesh,Alirajpur,2020,18,20,2,30,52,1,16,61,205,113,28,90,6,222,9,74,15,93,1221
Madhya Pradesh,Alirajpur,2021,16,20,2,17,40,4,16,100,278,118,36,92,3,222,4,36,12,89,1278
Madhya Pradesh,Alirajpur,2022,21,27,2,30,71,5,18,103,216,136,54,108,5,276,9,75,23,62,1448
Madhya Pradesh,Singrauli,2015,54,57,5,94,172,12,56,190,796,359,115,226,28,570,19,228,66,256,3837
Madhya Pradesh,Singrauli,2016,55,52,6,72,122,16,38,171,574,356,50,205,39,702,18,205,47,318,3623
Madhya Pradesh,Singrauli,2017,64,55,7,89,192,7,78,185,669,273,68,196,36,733,24,108,31,232,3555
Madhya Pradesh,Singrauli,2018,69,82,10,132,261,7,44,180,999,424,77,218,45,696,46,150,47,252,4311
Madhya Pradesh,Singrauli,2019,80,68,15,105,131,9,93,192,628,239,142,261,12,807,26,115,22,196,3776
Madhya Pradesh,Singrauli,2020,57,56,12,61,195,4,85,259,813,349,88,312,28,380,11,161,45,212,3578
Madhya Pradesh,Singrauli,2021,78,85,19,67,154,12,42,265,628,313,39,356,40,506,19,168,32,312,3804
Madhya Pradesh,Singrauli,2022,53,61,8,80,200,16,74,260,722,387,123,349,47,480,25,146,48,348,4020
Manipur,Cid,2015,12,15,1,20,36,2,13,42,139,62,8,34,5,86,3,35,11,43,658
Manipur,Cid,2016,7,6,1,20,20,1,11,53,107,52,25,39,3,94,5,34,9,25,630
Manipur,Cid,2017,14,15,3,15,42,3,16,62,127,53,14,42,6,99,2,37,8,35,696
Manipur,Cid,2018,11,9,2,18,44,0,15,45,190,87,14,36,2,132,5,40,13,45,814
Manipur,Cid,2019,11,12,1,18,38,3,12,43,196,113,16,51,7,90,6,35,5,62,830
Manipur,Cid,2020,9,7,0,16,22,1,10,44,77,45,7,52,2,102,2,15,4,33,524
Manipur,Cid,2021,13,15,2,15,43,2,10,27,102,62,20,48,4,134,2,39,8,48,688
Manipur,Cid,2022,11,11,2,15,31,2,10,56,123,65,10,63,3,100,4,42,10,45,703
Odisha,Dcp Bbsr,2015,120,156,26,113,478,20,168,464,1414,552,233,443,59,1216,23,227,42,583,7374
Odisha,Dcp Bbsr,2016,141,149,26,117,256,20,205,516,1698,850,94,491,48,1066,22,411,90,452,7717
Odisha,Dcp Bbsr,2017,111,106,26,167,223,25,193,376,2016,862,274,418,28,895,34,313,99,589,7854
Odisha,Dcp Bbsr,2018,119,110,23,103,249,13,74,416,1761,867,75,331,22,1199,17,395,132,542,7455
Odisha,Dcp Bbsr,2019,88,114,13,120,432,17,204,416,1173,417,194,464,55,1076,33,260,45,404,7107
Odisha,Dcp Bbsr,2020,73,81,8,108,304,17,156,297,1537,906,139,463,45,920,37,378,63,364,6753
Odisha,Dcp Bbsr,2021,152,186,31,171,377,31,91,586,1342,839,201,637,83,1257,49,389,63,540,8103
Odisha,Dcp Bbsr,2022,133,182,28,264,340,38,231,637,1530,710,278,599,57,1670,75,459,128,618,9137
Odisha,Dcp Ctc,2015,37,45,9,56,145,11,35,134,633,342,70,208,12,499,13,161,44,135,3028
Odisha,Dcp Ctc,2016,39,31,7,48,141,9,38,252,726,403,54,176,29,602,12,138,30,113,3271
Odisha,Dcp Ctc,2017,55,62,8,68,165,8,43,268,625,281,89,221,19,636,13,164,30,229,3467
Odisha,Dcp Ctc,2018,48,39,11,94,213,11,84,217,476,307,98,207,25,391,16,151,30,224,3104
Odisha,Dcp Ctc,2019,69,78,9,115,126,13,97,178,568,327,122,236,33,655,19,220,68,224,3660
Odisha,Dcp Ctc,2020,33,32,5,55,116,11,61,147,606,336,40,184,11,389,15,102,18,208,2741
Odisha,Dcp Ctc,2021,57,70,7,46,136,10,83,137,587,214,72,276,30,547,13,213,53,230,3242
Odisha,Dcp Ctc,2022,47,59,5,91,210,7,36,216,655,361,52,224,17,464,16,147,27,214,3312
Punjab,Ludhiana Rural,2015,22,30,4,32,71,3,19,82,178,75,15,68,5,175,5,65,10,46,1062
Punjab,Ludhiana Rural,2016,17,13,2,40,50,5,32,85,227,135,40,76,3,227,6,45,8,57,1250
Punjab,Ludhiana Rural,2017,23,22,2,37,56,2,30,103,245,112,17,76,4,162,9,61,17,63,1213
Punjab,Ludhiana Rural,2018,21,20,4,19,57,2,13,69,195,90,38,65,4,184,3,75,16,61,1136
Punjab,Ludhiana Rural,2019,25,25,2,42,72,2,19,58,278,113,18,60,10,206,11,40,6,104,1275
Punjab,Ludhiana Rural,2020,11,12,2,14,68,2,11,64,271,152,32,72,9,215,2,55,15,87,1241
Punjab,Ludhiana Rural,2021,20,16,2,26,65,5,23,58,293,158,32,107,9,158,6,47,15,82,1296
Punjab,Ludhiana Rural,2022,22,27,4,41,58,2,35,89,266,133,22,135,15,197,7,43,7,62,1354
Punjab,Sbs Nagar,2015,10,12,1,20,21,1,15,41,112,62,16,42,4,154,3,30,8,47,704
Punjab,Sbs Nagar,2016,13,12,1,15,26,2,6,48,100,35,9,33,4,115,5,24,3,27,639
Punjab,Sbs Nagar,2017,12,13,2,18,34,2,19,43,118,43,16,53,5,111,5,25,5,45,756
Punjab,Sbs Nagar,2018,13,13,1,21,45,0,8,63,189,72,16,48,6,148,3,30,5,39,828
Punjab,Sbs Nagar,2019,10,8,1,23,33,2,7,38,202,126,24,44,2,126,7,31,8,33,842
Punjab,Sbs Nagar,2020,7,6,1,10,23,2,12,40,96,59,18,57,6,118,1,20,6,51,620
Punjab,Sbs Nagar,2021,11,9,2,21,23,3,17,53,131,52,20,64,4,134,3,48,16,58,776
Punjab,Sbs Nagar,2022,10,12,1,24,33,1,22,60,127,73,28,64,7,124,6,23,7,55,788
Rajasthan,Pratapgarh,2015,43,52,6,86,184,8,70,201,544,249,63,196,17,640,14,124,20,203,3165
Rajasthan,Pratapgarh,2016,43,52,7,98,98,6,45,200,777,417,61,220,31,680,29,107,26,172,3549
Rajasthan,Pratapgarh,2017,67,73,8,66,133,5,47,279,877,367,56,190,30,689,20,122,30,253,3784
Rajasthan,Pratapgarh,2018,59,60,7,52,142,5,90,262,643,295,50,187,19,664,8,200,32,238,3496
Rajasthan,Pratapgarh,2019,59,72,13,60,189,7,88,255,747,367,124,216,26,490,13,193,46,201,3641
Rajasthan,Pratapgarh,2020,44,55,7,77,126,3,72,185,576,309,77,267,16,592,21,122,26,160,3150
Rajasthan,Pratapgarh,2021,61,54,10,48,107,11,66,155,549,213,51,250,27,566,15,114,24,263,3066
Rajasthan,Pratapgarh,2022,68,87,11,82,158,9,86,135,753,311,81,343,22,455,27,202,54,272,3660
Tamil Nadu,Chennaisuburban,2015,165,183,36,276,356,28,210,772,2233,1250,208,615,46,1916,91,328,62,801,10953
Tamil Nadu,Chennaisuburban,2016,156,173,35,134,330,37,114,760,1920,1071,169,438,102,1692,45,600,116,637,9818
Tamil Nadu,Chennaisuburban,2017,174,152,35,148,295,45,244,504,1986,1229,265,576,80,1735,35,493,140,862,10466
Tamil Nadu,Chennaisuburban,2018,173,174,42,205,450,12,207,486,1941,1116,221,437,78,1667,32,450,70,521,9635
Tamil Nadu,Chennaisuburban,2019,125,135,20,333,361,33,127,699,2827,1804,349,739,33,1796,83,408,104,644,12175
Tamil Nadu,Chennaisuburban,2020,171,221,40,142,332,27,140,697,1319,684,176,787,28,1018,33,360,111,712,8420
Tamil Nadu,Chennaisuburban,2021,146,202,18,215,515,12,248,372,1788,883,156,684,90,1904,53,567,90,425,9682
Tamil Nadu,Chennaisuburban,2022,221,232,36,316,682,24,289,807,2719,1089,133,892,87,1945,62,698,154,446,12394
Uttar Pradesh,Kanshiram Nagar,2015,17,14,2,40,39,2,14,96,305,116,21,79,11,168,6,70,20,83,1276
Uttar Pradesh,Kanshiram Nagar,2016,23,22,5,35,70,4,13,85,324,117,43,76,10,178,5,45,10,60,1299
Uttar Pradesh,Kanshiram Nagar,2017,22,19,4,41,64,4,30,95,207,111,28,72,6,168,7,57,19,98,1237
Uttar Pradesh,Kanshiram Nagar,2018,25,27,5,42,82,4,22,58,330,138,24,79,14,176,8,55,16,110,1410
Uttar Pradesh,Kanshiram Nagar,2019,23,19,3,21,73,6,37,116,276,174,21,89,13,248,3,69,11,56,1458
Uttar Pradesh,Kanshiram Nagar,2020,15,13,2,28,68,4,30,91,288,175,13,112,7,189,9,54,15,71,1345
Uttar Pradesh,Kanshiram Nagar,2021,26,22,6,34,61,5,28,83,308,135,26,93,12,176,5,79,26,94,1407
Uttar Pradesh,Kanshiram Nagar,2022,18,17,3,41,50,4,30,69,261,117,15,90,8,199,6,69,15,84,1279
Delhi,Caw,2015,4,4,0,5,13,0,2,9,41,23,3,11,2,36,0,12,3,17,215
Delhi,Caw,2016,4,3,0,2,8,0,2,10,47,27,2,13,1,28,0,11,2,12,201
Delhi,Caw,2017,2,1,0,5,7,0,3,9,43,17,2,10,2,28,1,7,2,11,217
Delhi,Caw,2018,4,4,0,5,11,0,6,12,49,23,8,13,0,29,0,13,2,19,231
Delhi,Caw,2019,4,4,0,4,11,1,5,18,45,24,6,14,2,28,0,11,3,11,224
Delhi,Caw,2020,2,1,0,5,6,0,1,12,32,18,6,17,0,24,1,11,2,15,179
Delhi,Caw,2021,2,2,0,6,6,0,4,14,48,17,4,18,1,32,2,12,2,13,222
Delhi,Caw,2022,4,4,0,4,9,1,6,10,43,17,9,19,1,36,0,16,4,19,237
Delhi,Crime Branch,2015,1,1,0,1,3,0,1,3,13,7,1,2,0,7,0,3,0,2,53
Delhi,Crime Branch,2016,1,1,0,1,2,0,0,2,13,8,0,3,0,8,0,3,0,3,53
Delhi,Crime Branch,2017,1,1,0,1,2,0,0,4,8,5,0,3,0,11,0,1,0,3,53
Delhi,Crime Branch,2018,1,1,0,1,1,0,1,2,10,4,0,3,0,8,0,2,0,4,54
Delhi,Crime Branch,2019,1,1,0,1,2,0,1,4,13,6,1,3,0,9,0,2,0,4,56
Delhi,Crime Branch,2020,1,1,0,1,2,0,0,3,11,4,1,4,0,8,0,2,0,2,48
Delhi,Crime Branch,2021,1,1,0,1,2,0,1,2,14,6,1,3,0,8,0,3,0,2,52
Delhi,Crime Branch,2022,1,1,0,1,3,0,1,4,12,4,1,5,0,13,0,3,0,2,63
Delhi,Eow,2015,1,1,0,2,5,0,1,7,16,6,3,5,0,18,0,5,1,5,92
Delhi,Eow,2016,1,1,0,2,5,0,2,7,19,12,2,5,1,20,0,3,0,5,98
Delhi,Eow,2017,1,1,0,1,4,0,2,7,22,12,1,5,0,13,0,6,1,5,98
Delhi,Eow,2018,1,1,0,2,4,0,2,6,21,11,2,6,0,13,0,4,0,8,97
Delhi,Eow,2019,1,1,0,2,5,0,1,6,24,12,1,6,0,17,0,2,0,4,96
Delhi,Eow,2020,1,1,0,2,4,0,1,4,19,7,0,8,0,10,0,4,1,4,81
Delhi,Eow,2021,1,1,0,2,4,0,2,3,16,8,2,7,0,14,0,3,1,3,85
Delhi,Eow,2022,1,1,0,2,4,0,2,3,17,6,2,7,0,14,0,4,1,3,92
Delhi,South-East,2015,344,444,36,349,909,32,200,1601,3548,1804,457,1373,200,3867,78,772,204,946,20049
Delhi,South-East,2016,432,415,49,745,1010,95,321,1838,5873,2511,340,1490,256,3273,148,1084,300,1315,24754
Delhi,South-East,2017,462,420,89,709,1081,75,565,1753,3377,2157,822,1060,241,4798,138,983,204,1627,23844
Delhi,South-East,2018,364,414,60,437,658,29,566,1334,5071,2024,574,1225,102,2951,103,1380,298,1777,22416
Delhi,South-East,2019,373,394,54,633,1211,40,469,2004,4361,2592,378,1287,248,3882,116,749,182,1402,23719
Delhi,South-East,2020,215,199,28,305,1189,35,232,789,4577,1948,523,1519,208,3095,95,818,240,1156,19824
Delhi,South-East,2021,414,555,46,567,706,57,297,1660,4624,2306,515,1853,59,2927,176,1151,198,1077,22108
Delhi,South-East,2022,270,329,30,633,1126,84,355,1719,5290,2901,593,1709,179,3268,153,1412,478,1101,24780
Puducherry,Puducherry,2015,61,66,7,45,89,6,54,154,480,187,75,157,11,424,13,118,27,171,2830
Puducherry,Puducherry,2016,35,45,6,81,115,13,52,215,808,371,80,183,26,592,16,186,40,229,3531
Puducherry,Puducherry,2017,50,66,8,86,189,6,87,290,721,414,124,193,31,573,24,223,39,159,3773
Puducherry,Puducherry,2018,60,66,8,103,142,9,73,153,542,220,69,161,36,712,22,208,59,243,3390
Puducherry,Puducherry,2019,54,69,11,91,204,6,77,218,849,336,94,226,34,449,18,124,23,152,3562
Puducherry,Puducherry,2020,49,56,6,44,118,10,47,187,454,291,65,254,25,341,11,104,32,148,2721
Puducherry,Puducherry,2021,46,48,9,103,197,5,49,156,618,240,75,330,24,666,25,121,30,135,3345
Puducherry,Puducherry,2022,50,51,7,84,207,12,60,227,764,294,53,266,24,518,19,178,49,156,3481
Arunachal Pradesh,Anjaw,2015,1,1,0,1,1,0,0,2,5,2,0,2,0,4,0,1,0,1,27
Arunachal Pradesh,Anjaw,2016,1,1,0,1,1,0,0,2,8,3,1,2,0,6,0,1,0,1,32
Arunachal Pradesh,Anjaw,2017,1,1,0,1,1,0,0,2,7,3,0,2,0,5,0,1,0,2,30
Arunachal Pradesh,Anjaw,2018,1,1,0,1,1,0,0,2,7,3,0,2,0,6,0,1,0,2,33
Arunachal Pradesh,Anjaw,2019,1,1,0,1,1,0,0,2,6,3,0,2,0,4,0,1,0,1,33
Arunachal Pradesh,Anjaw,2020,1,1,0,1,1,0,0,2,7,4,1,2,0,4,0,1,0,1,30
Arunachal Pradesh,Anjaw,2021,1,1,0,1,1,0,0,2,8,4,0,2,0,4,0,2,0,2,32
Arunachal Pradesh,Anjaw,2022,1,1,0,1,1,0,0,2,8,5,0,2,0,5,0,1,0,2,33
Himachal Pradesh,Baddipolicedist,2015,11,10,1,13,35,2,16,48,109,49,8,39,3,108,3,39,8,24,613
Himachal Pradesh,Baddipolicedist,2016,9,9,0,20,22,1,8,42,148,75,6,40,4,106,6,32,4,56,681
Himachal Pradesh,Baddipolicedist,2017,11,10,1,22,34,2,7,49,115,67,14,43,5,146,6,45,13,38,732
Himachal Pradesh,Baddipolicedist,2018,11,14,1,15,47,1,14,61,128,53,27,48,7,142,3,38,9,40,764
Himachal Pradesh,Baddipolicedist,2019,12,10,2,19,46,2,9,42,131,71,25,33,6,114,5,38,11,47,727
Himachal Pradesh,Baddipolicedist,2020,10,12,2,15,32,2,5,36,142,50,14,53,3,79,2,35,11,38,626
Himachal Pradesh,Baddipolicedist,2021,9,7,1,10,26,2,12,28,133,69,12,46,6,98,2,26,5,29,633
Himachal Pradesh,Baddipolicedist,2022,14,11,3,23,41,1,12,33,181,78,8,58,3,97,7,46,10,29,759
Himachal Pradesh,Cid,2015,7,9,1,11,31,0,8,43,112,53,7,35,1,96,2,31,6,21,551
Himachal Pradesh,Cid,2016,8,9,0,18,18,2,6,26,96,46,8,34,5,109,3,31,8,34,541
Himachal Pradesh,Cid,2017,9,10,2,18,39,2,9,43,142,71,13,31,5,112,3,19,5,27,645
Himachal Pradesh,Cid,2018,11,15,2,12,21,0,17,32,112,70,10,35,3,87,1,38,9,46,610
Himachal Pradesh,Cid,2019,11,12,2,19,32,1,10,24,140,86,10,34,6,82,3,36,10,52,660
Himachal Pradesh,Cid,2020,10,12,1,13,18,1,5,20,135,67,7,48,5,92,2,24,7,37,577
Himachal Pradesh,Cid,2021,7,8,1,18,21,0,11,28,88,32,17,40,1,87,4,24,5,35,549
Himachal Pradesh,Cid,2022,9,10,2,12,28,2,14,41,167,89,22,53,4,102,3,33,10,30,721
Jammu & Kashmir,Railways Kmr,2015,4,4,0,10,15,1,7,26,52,32,3,18,2,53,2,21,4,19,320
Jammu & Kashmir,Railways Kmr,2016,4,4,0,6,12,0,4,20,58,25,6,17,3,62,1,10,2,23,301
Jammu & Kashmir,Railways Kmr,2017,5,5,0,5,14,1,8,18,49,24,7,19,3,42,0,14,3,23,298
Jammu & Kashmir,Railways Kmr,2018,5,4,0,10,16,0,6,20,63,29,3,19,0,65,1,11,3,18,318
Jammu & Kashmir,Railways Kmr,2019,6,6,0,5,24,0,8,29,83,52,11,24,2,75,1,14,4,21,417
Jammu & Kashmir,Railways Kmr,2020,4,4,0,4,9,0,7,14,56,35,5,23,2,33,0,9,3,18,263
Jammu & Kashmir,Railways Kmr,2021,6,6,0,4,19,0,7,14,78,36,9,31,2,41,1,17,3,17,339
Jammu & Kashmir,Railways Kmr,2022,4,4,0,8,22,0,3,29,81,50,9,27,3,46,2,19,4,29,390
Tamil Nadu,Tiruppur,2015,52,67,5,65,192,6,77,282,1061,476,91,203,32,470,19,243,43,325,4296
Tamil Nadu,Tiruppur,2016,52,61,10,108,263,19,81,208,664,247,87,252,28,827,25,178,55,285,4055
Tamil Nadu,Tiruppur,2017,91,91,13,107,280,17,92,298,1165,730,151,263,52,943,31,192,40,296,5553
Tamil Nadu,Tiruppur,2018,96,87,16,132,238,23,144,302,802,470,154,293,41,592,34,161,46,234,4856
Tamil Nadu,Tiruppur,2019,57,60,8,114,178,20,58,320,805,321,174,285,44,588,30,209,33,241,4428
Tamil Nadu,Tiruppur,2020,76,88,10,63,171,19,108,169,817,499,128,411,22,785,12,198,53,296,4519
Tamil Nadu,Tiruppur,2021,93,120,10,106,157,17,120,286,951,457,64,408,26,887,22,266,40,349,5050
Tamil Nadu,Tiruppur,2022,94,125,9,155,279,10,121,232,1278,676,122,513,35,900,49,167,39,325,5844
Andhra Pradesh,Guntur Urban,2015,97,92,13,137,313,16,156,445,1301,546,73,415,29,841,44,221,52,441,6243
Andhra Pradesh,Guntur Urban,2016,83,86,15,201,403,20,138,481,1048,647,139,426,33,1120,57,422,118,390,6781
Andhra Pradesh,Guntur Urban,2017,124,141,25,113,316,10,125,366,1759,641,175,325,74,1363,19,394,74,299,7320
Andhra Pradesh,Guntur Urban,2018,119,111,16,91,346,14,162,429,943,372,96,311,50,1171,16,317,110,282,6018
Andhra Pradesh,Guntur Urban,2019,140,122,24,111,228,30,93,419,1743,895,219,475,46,878,33,345,64,330,7234
Andhra Pradesh,Guntur Urban,2020,65,76,15,96,215,10,139,418,1414,758,66,554,63,808,22,205,60,353,6131
Andhra Pradesh,Guntur Urban,2021,109,108,16,130,402,16,144,349,1395,704,70,525,36,1385,38,209,70,576,7281
Andhra Pradesh,Guntur Urban,2022,85,111,13,122,389,19,194,520,1499,972,272,622,64,837,26,315,70,338,7502
Andhra Pradesh,Rajahmundry,2015,49,48,6,81,113,10,57,130,553,219,54,150,25,418,13,149,38,100,2575
Andhra Pradesh,Rajahmundry,2016,57,78,6,77,146,8,38,208,518,286,69,140,27,500,20,86,23,220,2900
Andhra Pradesh,Rajahmundry,2017,33,41,5,80,118,5,26,146,536,201,32,133,16,435,20,151,25,169,2546
Andhra Pradesh,Rajahmundry,2018,53,67,9,83,129,10,49,162,776,279,114,198,25,433,23,105,19,209,3182
Andhra Pradesh,Rajahmundry,2019,55,47,6,44,92,10,69,165,651,401,105,150,31,358,14,130,28,150,2906
Andhra Pradesh,Rajahmundry,2020,28,35,6,50,155,8,50,143,461,164,67,241,16,522,13,151,39,183,2688
Andhra Pradesh,Rajahmundry,2021,45,48,7,90,131,7,31,223,500,198,55,252,18,339,25,122,29,181,2761
Andhra Pradesh,Rajahmundry,2022,61,69,11,67,200,6,55,130,479,209,56,268,17,497,20,103,25,256,2967
Andhra Pradesh,Tirupathi Urban,2015,70,90,12,84,232,14,57,301,910,505,78,243,29,651,28,141,40,304,4308
Andhra Pradesh,Tirupathi Urban,2016,58,79,11,123,256,7,68,221,871,398,98,284,21,663,32,214,40,353,4391
Andhra Pradesh,Tirupathi Urban,2017,66,85,7,117,173,16,101,223,740,436,147,190,43,516,28,159,29,328,3968
Andhra Pradesh,Tirupathi Urban,2018,78,86,8,149,153,10,49,174,878,522,113,215,25,662,51,239,45,183,4288
Andhra Pradesh,Tirupathi Urban,2019,48,63,10,111,194,8,57,284,900,534,154,197,46,799,26,123,38,329,4508
Andhra Pradesh,Tirupathi Urban,2020,75,79,16,56,138,14,70,175,815,520,67,362,13,762,13,238,36,173,4153
Andhra Pradesh,Tirupathi Urban,2021,52,61,5,124,141,12,105,259,946,605,135,407,12,802,36,219,52,195,4741
Andhra Pradesh,Tirupathi Urban,2022,63,83,7,148,165,13,54,225,1082,596,98,411,36,709,30,219,68,284,4950
Andhra Pradesh,Warangal Urban,2015,96,99,14,127,151,11,98,388,1038,514,82,217,43,918,26,248,84,185,4997
Andhra Pradesh,Warangal Urban,2016,81,93,15,125,268,7,122,363,846,407,59,227,42,554,28,149,37,278,4544
Andhra Pradesh,Warangal Urban,2017,63,71,15,160,177,6,130,383,907,457,81,289,43,694,38,225,43,414,4889
Andhra Pradesh,Warangal Urban,2018,89,122,18,91,159,16,97,271,1229,505,167,276,49,929,22,148,32,336,5293
Andhra Pradesh,Warangal Urban,2019,83,95,8,83,312,5,97,406,1254,635,164,279,27,1029,26,308,54,323,5900
Andhra Pradesh,Warangal Urban,2020,60,83,6,75,152,8,111,258,995,557,65,289,13,782,12,225,48,287,4613
Andhra Pradesh,Warangal Urban,2021,101,81,23,81,232,13,96,435,1102,652,155,467,19,592,15,160,51,266,5267
Andhra Pradesh,Warangal Urban,2022,101,102,24,134,299,6,155,396,1475,901,125,457,51,1182,33,273,44,451,7017
Arunachal Pradesh,Rural,2015,1,1,0,1,5,0,2,8,16,7,3,6,1,13,0,4,1,5,107
Arunachal Pradesh,Rural,2016,2,2,0,1,7,0,2,8,27,13,3,5,0,18,0,3,0,8,115
Arunachal Pradesh,Rural,2017,2,1,0,1,3,0,2,9,19,7,2,6,0,20,0,6,1,9,117
Arunachal Pradesh,Rural,2018,1,1,0,1,6,0,3,6,30,11,1,7,1,23,0,4,0,6,118
Arunachal Pradesh,Rural,2019,1,1,0,4,9,0,3,11,25,13,4,8,0,20,1,7,1,5,132
Arunachal Pradesh,Rural,2020,1,1,0,3,3,0,3,7,17,8,3,9,0,20,0,6,1,4,108
Arunachal Pradesh,Rural,2021,2,2,0,3,3,0,2,7,26,12,3,9,0,17,0,7,1,7,117
Arunachal Pradesh,Rural,2022,2,2,0,1,7,0,2,6,21,11,2,9,0,16,0,4,0,6,117
Gujarat,Cid Crime,2015,8,10,1,16,31,2,7,41,97,61,6,28,3,70,3,22,7,38,556
Gujarat,Cid Crime,2016,11,10,1,17,17,0,14,22,102,46,14,30,5,94,4,31,9,36,544
Gujarat,Cid Crime,2017,10,12,1,10,28,0,17,52,138,64,17,35,3,111,2,37,10,55,694
Gujarat,Cid Crime,2018,9,9,1,18,34,2,16,37,146,93,10,39,5,80,2,22,3,51,666
Gujarat,Cid Crime,2019,12,12,1,22,30,1,8,52,136,62,11,34,7,79,4,23,7,32,645
Gujarat,Cid Crime,2020,11,13,2,12,20,1,6,28,86,47,17,39,3,62,2,32,9,23,505
Gujarat,Cid Crime,2021,8,7,1,14,26,2,17,29,101,58,22,48,6,123,4,35,7,48,648
Gujarat,Cid Crime,2022,13,17,2,18,35,3,9,51,146,85,13,48,2,101,5,21,3,33,704
Jammu & Kashmir,Crime Kashmir,2015,1,1,0,1,2,0,0,2,7,4,0,2,0,6,0,1,0,2,34
Jammu & Kashmir,Crime Kashmir,2016,1,1,0,1,1,0,0,2,8,3,0,2,0,6,0,1,0,2,33
Jammu & Kashmir,Crime Kashmir,2017,1,1,0,1,1,0,0,2,5,2,0,2,0,4,0,1,0,2,33
Jammu & Kashmir,Crime Kashmir,2018,1,1,0,1,2,0,0,2,8,3,0,2,0,6,0,1,0,2,33
Jammu & Kashmir,Crime Kashmir,2019,1,1,0,1,1,0,0,2,6,3,0,2,0,5,0,2,0,1,36
Jammu & Kashmir,Crime Kashmir,2020,1,1,0,1,1,0,0,2,5,2,0,2,0,4,0,1,0,1,27
Jammu & Kashmir,Crime Kashmir,2021,1,1,0,1,1,0,0,2,9,3,0,3,0,6,0,1,0,1,34
Jammu & Kashmir,Crime Kashmir,2022,1,1,0,1,1,0,0,2,9,3,1,3,0,6,0,1,0,1,34
Jammu & Kashmir,Sopore,2015,13,13,2,13,41,2,10,45,98,58,16,44,6,137,3,21,4,56,678
Jammu & Kashmir,Sopore,2016,7,9,1,19,21,3,6,51,162,70,23,32,5,129,6,37,12,49,739
Jammu & Kashmir,Sopore,2017,9,11,2,9,40,1,7,55,120,70,10,39,4,81,2,42,7,27,639
Jammu & Kashmir,Sopore,2018,12,14,1,22,40,3,7,65,168,88,18,51,7,155,3,49,12,64,892
Jammu & Kashmir,Sopore,2019,11,14,1,13,31,1,10,32,204,84,16,56,8,156,4,27,7,41,833
Jammu & Kashmir,Sopore,2020,10,13,1,10,25,2,13,47,104,59,21,44,4,83,2,22,5,27,573
Jammu & Kashmir,Sopore,2021,10,13,1,17,43,2,7,56,119,67,7,59,6,141,2,41,12,50,754
Jammu & Kashmir,Sopore,2022,13,13,2,24,49,2,19,52,155,92,15,57,3,127,7,49,8,44,842
Karnataka,Yadgiri,2015,29,31,3,53,56,4,30,138,289,103,21,94,6,193,12,90,20,136,1583
Karnataka,Yadgiri,2016,18,19,4,44,46,4,27,59,269,100,31,70,7,225,10,64,9,81,1466
Karnataka,Yadgiri,2017,27,29,6,51,75,5,42,110,377,167,27,102,5,327,8,89,24,153,1885
Karnataka,Yadgiri,2018,35,39,4,51,111,3,37,149,273,137,51,93,7,223,8,77,13,74,1761
Karnataka,Yadgiri,2019,28,26,3,56,127,1,22,97,318,133,61,92,16,249,17,64,10,138,1832
Karnataka,Yadgiri,2020,25,20,2,41,98,4,42,119,267,139,52,132,4,246,12,63,13,99,1596
Karnataka,Yadgiri,2021,28,37,3,26,89,5,18,74,459,209,48,130,10,275,7,50,16,103,1834
Karnataka,Yadgiri,2022,31,32,6,38,116,6,19,86,430,172,44,156,19,250,9,76,19,84,1846
Punjab,Cp Amritsar,2015,29,28,6,40,110,5,38,82,358,137,20,123,7,241,10,62,9,175,1947
Punjab,Cp Amritsar,2016,31,40,7,46,129,8,32,180,571,363,29,121,12,330,10,142,35,130,2529
Punjab,Cp Amritsar,2017,48,48,6,39,127,3,30,173,498,244,23,154,9,364,13,99,15,198,2422
Punjab,Cp Amritsar,2018,28,31,6,44,69,5,56,151,384,216,56,148,19,314,13,92,31,106,2201
Punjab,Cp Amritsar,2019,28,34,3,73,114,9,52,191,434,158,62,119,23,264,24,141,38,143,2240
Punjab,Cp Amritsar,2020,22,30,4,59,112,8,33,155,493,175,48,182,14,259,14,87,27,144,2138
Punjab,Cp Amritsar,2021,34,45,3,44,137,2,38,173,623,325,56,248,10,502,12,153,53,176,2980
Punjab,Cp Amritsar,2022,46,37,8,74,145,9,59,121,667,411,81,194,27,417,14,168,51,124,3015
Punjab,Cp Jalandhar,2015,41,39,9,68,134,7,38,96,546,209,76,130,19,275,12,128,21,145,2288
Punjab,Cp Jalandhar,2016,42,46,7,54,73,4,26,152,365,172,55,139,12,382,18,117,25,110,2113
Punjab,Cp Jalandhar,2017,44,45,9,41,138,4,71,116,488,244,56,118,7,513,7,77,21,143,2502
Punjab,Cp Jalandhar,2018,52,59,10,41,106,4,43,119,399,220,73,126,21,441,13,96,18,146,2393
Punjab,Cp Jalandhar,2019,36,40,3,72,147,6,45,191,343,183,75,138,16,429,11,118,32,161,2380
Punjab,Cp Jalandhar,2020,21,28,4,48,120,4,18,96,481,174,19,159,5,238,11,92,19,140,1944
Punjab,Cp Jalandhar,2021,44,51,10,34,108,3,40,82,435,219,26,200,7,246,7,74,13,98,2045
Punjab,Cp Jalandhar,2022,35,45,6,75,100,11,57,113,476,203,87,196,20,405,13,76,19,210,2499
Punjab,Cp Ludhiana,2015,54,56,11,107,228,14,73,163,684,289,115,220,27,619,36,202,38,274,3766
Punjab,Cp Ludhiana,2016,47,65,8,122,119,10,56,285,827,352,108,248,25,594,22,237,64,274,4004
Punjab,Cp Ludhiana,2017,69,63,9,96,128,11,98,315,894,558,145,253,36,674,19,258,77,235,4510
Punjab,Cp Ludhiana,2018,66,53,14,83,256,13,75,173,928,481,134,279,45,835,27,176,51,300,4594
Punjab,Cp Ludhiana,2019,78,69,17,109,156,8,90,177,757,478,94,251,32,504,26,185,60,285,3942
Punjab,Cp Ludhiana,2020,54,46,8,91,191,12,32,130,708,413,71,268,21,646,26,139,45,228,3577
Punjab,Cp Ludhiana,2021,59,79,9,124,238,8,58,288,911,494,108,309,12,877,33,179,43,200,4632
Punjab,Cp Ludhiana,2022,71,85,7,127,173,11,85,214,707,326,92,352,44,748,26,164,41,258,4194
Punjab,Jalandhar Rural,2015,26,25,5,32,39,5,28,69,193,114,37,78,6,181,10,55,17,99,1219
Punjab,Jalandhar Rural,2016,16,13,1,29,49,2,22,60,181,89,24,78,11,168,4,63,10,65,1166
Punjab,Jalandhar Rural,2017,24,32,5,18,36,5,11,80,307,110,26,63,5,244,4,59,12,99,1313
Punjab,Jalandhar Rural,2018,20,26,4,23,52,3,16,61,206,104,45,80,8,163,4,37,10,62,1196
Punjab,Jalandhar Rural,2019,29,37,5,46,64,3,19,60,271,97,46,89,10,246,7,72,24,105,1434
Punjab,Jalandhar Rural,2020,17,18,2,20,39,3,17,51,159,80,23,94,9,191,3,45,8,61,992
Punjab,Jalandhar Rural,2021,18,22,2,28,57,2,36,82,271,122,34,138,14,165,5,75,15,85,1365
Punjab,Jalandhar Rural,2022,25,30,4,28,39,1,29,56,324,188,36,109,9,248,5,80,18,79,1494
Rajasthan,G.R.P. Ajmer,2015,12,9,2,15,33,2,14,67,178,78,18,43,2,96,4,28,4,34,769
Rajasthan,G.R.P. Ajmer,2016,14,16,3,15,59,2,20,45,194,111,16,57,2,133,3,53,15,49,938
Rajasthan,G.R.P. Ajmer,2017,19,22,3,22,44,1,14,45,185,86,28,48,7,177,6,30,7,35,911
Rajasthan,G.R.P. Ajmer,2018,11,14,2,19,35,1,11,54,213,94,27,57,6,194,3,58,11,36,979
Rajasthan,G.R.P. Ajmer,2019,17,14,3,31,65,1,23,66,260,144,18,68,10,145,10,62,12,63,1160
Rajasthan,G.R.P. Ajmer,2020,14,11,3,11,43,2,11,36,188,76,16,72,5,112,3,48,10,62,827
Rajasthan,G.R.P. Ajmer,2021,17,23,3,19,59,1,12,61,169,76,32,75,8,157,6,43,7,46,945
Rajasthan,G.R.P. Ajmer,2022,15,14,2,24,35,1,25,62,195,98,30,102,4,163,7,33,8,56,1019
Rajasthan,G.R.P. Jodhpur,2015,2,2,0,3,6,0,2,16,32,15,7,9,1,32,0,10,2,11,187
Rajasthan,G.R.P. Jodhpur,2016,4,4,0,6,6,0,4,17,46,24,5,11,1,40,1,12,1,18,232
Rajasthan,G.R.P. Jodhpur,2017,4,4,0,5,7,0,5,13,51,18,6,13,2,35,1,13,3,16,227
Rajasthan,G.R.P. Jodhpur,2018,5,5,0,7,8,1,6,13,62,28,2,13,2,34,1,13,2,10,246
Rajasthan,G.R.P. Jodhpur,2019,4,5,0,5,13,0,6,14,58,23,5,12,1,31,1,8,2,15,238
Rajasthan,G.R.P. Jodhpur,2020,3,3,0,5,9,0,1,10,25,12,3,16,1,30,1,7,2,7,165
Rajasthan,G.R.P. Jodhpur,2021,4,4,0,6,11,0,6,17,48,24,6,19,1,48,1,6,1,12,247
Rajasthan,G.R.P. Jodhpur,2022,2,2,0,6,8,0,4,18,38,22,2,21,2,31,1,13,3,10,232
Tripura,G.R.P.,2015,7,6,1,9,17,0,4,32,60,33,10,26,3,82,2,17,2,19,388
Tripura,G.R.P.,2016,6,7,1,8,30,2,13,40,117,41,6,24,3,94,1,14,3,19,496
Tripura,G.R.P.,2017,9,11,1,7,17,1,12,21,124,75,16,23,1,68,2,22,5,30,515
Tripura,G.R.P.,2018,8,6,1,13,23,1,12,39,106,49,6,23,5,61,3,22,5,20,480
Tripura,G.R.P.,2019,6,6,1,14,27,2,9,19,117,72,8,31,1,90,4,21,3,34,533
Tripura,G.R.P.,2020,4,4,0,8,10,0,8,30,57,35,11,32,2,51,2,11,3,15,346
Tripura,G.R.P.,2021,8,9,1,6,21,1,5,33,71,24,6,42,2,81,1,22,4,28,427
Tripura,G.R.P.,2022,7,7,1,13,29,1,9,21,129,61,14,44,5,96,2,20,3,20,555
Uttar Pradesh,Csm Nagar,2015,29,29,3,53,109,6,43,124,395,207,25,107,11,341,11,106,25,132,2007
Uttar Pradesh,Csm Nagar,2016,19,20,3,38,90,2,36,133,286,137,42,96,16,221,10,77,11,85,1546
Uttar Pradesh,Csm Nagar,2017,24,19,3,35,65,2,45,121,387,179,49,95,9,372,7,66,20,84,1846
Uttar Pradesh,Csm Nagar,2018,26,31,4,55,121,3,32,120,385,222,26,93,19,295,19,104,19,122,1965
Uttar Pradesh,Csm Nagar,2019,26,36,4,33,90,2,17,88,332,117,38,114,9,228,9,68,20,123,1627
Uttar Pradesh,Csm Nagar,2020,25,33,2,30,80,2,39,120,311,172,35,100,13,226,8,41,11,113,1565
Uttar Pradesh,Csm Nagar,2021,35,30,5,44,112,4,42,142,418,188,63,138,11,293,8,63,11,114,1975
Uttar Pradesh,Csm Nagar,2022,36,36,4,31,84,7,25,139,430,225,68,176,16,206,6,78,18,126,1967
Uttar Pradesh,Ramabai Nagar,2015,28,28,6,73,81,4,49,121,440,240,53,102,10,427,12,97,26,124,2241
Uttar Pradesh,Ramabai Nagar,2016,25,30,3,60,119,7,29,165,490,232,65,125,23,370,12,141,30,114,2356
Uttar Pradesh,Ramabai Nagar,2017,36,48,4,48,132,6,26,105,315,143,42,113,20,275,9,101,23,116,2053
Uttar Pradesh,Ramabai Nagar,2018,34,32,4,79,88,7,42,206,432,167,52,133,27,321,26,90,30,205,2342
Uttar Pradesh,Ramabai Nagar,2019,39,46,7,59,157,2,40,103,532,243,39,153,25,434,11,114,33,157,2560
Uttar Pradesh,Ramabai Nagar,2020,32,31,4,45,118,8,54,88,466,271,21,195,17,355,12,116,20,123,2250
Uttar Pradesh,Ramabai Nagar,2021,38,30,4,43,135,9,60,141,438,248,32,231,17,357,8,101,22,124,2368
Uttar Pradesh,Ramabai Nagar,2022,39,33,7,55,95,10,36,163,496,240,64,162,24,448,8,75,15,125,2428
Chhattisgarh,Gariyaband,2015,13,17,2,22,41,3,23,55,146,80,27,60,3,133,4,52,10,77,903
Chhattisgarh,Gariyaband,2016,15,18,2,16,33,1,10,75,145,83,26,48,9,131,4,55,12,74,941
Chhattisgarh,Gariyaband,2017,14,16,2,16,35,2,27,71,216,137,18,54,7,144,4,34,10,49,1035
Chhattisgarh,Gariyaband,2018,19,16,2,34,49,2,15,92,157,85,38,74,11,185,9,50,16,50,1059
Chhattisgarh,Gariyaband,2019,17,14,2,34,55,3,32,67,256,104,24,82,4,172,6,52,18,78,1195
Chhattisgarh,Gariyaband,2020,12,9,1,12,28,3,22,61,124,72,14,83,8,169,2,30,8,36,813
Chhattisgarh,Gariyaband,2021,23,24,3,37,40,1,12,75,242,155,41,113,5,133,9,42,7,76,1198
Chhattisgarh,Gariyaband,2022,23,29,3,25,59,2,25,101,258,160,43,83,6,202,5,35,7,97,1332
Gujarat,Kutch (East(G)),2015,63,83,15,74,202,4,47,242,509,185,39,188,29,360,15,167,57,231,2968
Gujarat,Kutch (East(G)),2016,38,45,3,102,156,14,67,144,709,339,109,166,36,429,32,129,35,240,3256
Gujarat,Kutch (East(G)),2017,44,39,7,89,196,9,54,177,750,441,100,172,11,493,29,161,42,252,3519
Gujarat,Kutch (East(G)),2018,62,85,6,58,156,8,89,262,579,297,104,158,10,399,17,207,68,188,3202
Gujarat,Kutch (East(G)),2019,48,42,9,93,101,15,34,236,871,502,101,220,38,393,26,172,33,225,3644
Gujarat,Kutch (East(G)),2020,38,35,9,80,161,10,53,153,719,286,59,267,17,473,12,149,44,137,3104
Gujarat,Kutch (East(G)),2021,64,77,9,79,108,9,40,124,565,360,64,255,12,590,27,131,20,206,3204
Gujarat,Kutch (East(G)),2022,62,57,9,102,132,5,61,252,526,327,77,322,11,520,24,117,32,261,3381
Gujarat,Kutch (West-Bhuj),2015,39,37,6,44,89,3,39,143,476,205,40,117,7,275,11,65,15,108,2078
Gujarat,Kutch (West-Bhuj),2016,37,34,4,55,101,9,30,196,536,291,64,118,14,398,15,79,18,205,2551
Gujarat,Kutch (West-Bhuj),2017,27,32,3,74,89,7,32,142,525,328,85,124,24,409,19,103,27,188,2569
Gujarat,Kutch (West-Bhuj),2018,36,44,6,57,113,6,39,179,378,154,26,131,9,501,15,132,20,208,2418
Gujarat,Kutch (West-Bhuj),2019,55,73,6,58,153,7,32,131,457,262,74,156,9,556,8,102,19,108,2659
Gujarat,Kutch (West-Bhuj),2020,33,27,3,39,57,4,32,76,457,207,72,134,8,316,12,70,21,105,1950
Gujarat,Kutch (West-Bhuj),2021,42,44,8,62,68,5,61,123,540,307,77,163,9,451,19,133,21,181,2629
Gujarat,Kutch (West-Bhuj),2022,49,63,8,68,109,7,46,125,585,227,47,201,11,420,19,139,44,159,2685
Gujarat,W.Rly Ahmedabad,2015,11,11,2,17,29,2,6,25,141,73,15,29,5,91,4,35,7,39,627
Gujarat,W.Rly Ahmedabad,2016,13,17,1,22,25,1,14,48,114,48,12,47,7,84,6,31,7,56,684
Gujarat,W.Rly Ahmedabad,2017,8,10,1,18,40,1,17,41,135,49,23,38,5,86,2,31,9,50,655
Gujarat,W.Rly Ahmedabad,2018,12,14,1,21,38,2,16,32,165,82,11,41,4,112,3,21,7,36,716
Gujarat,W.Rly Ahmedabad,2019,10,13,1,26,44,2,11,66,172,88,9,48,7,94,7,23,6,46,785
Gujarat,W.Rly Ahmedabad,2020,8,9,1,17,28,2,7,22,118,60,20,51,4,107,5,16,3,40,600
Gujarat,W.Rly Ahmedabad,2021,10,9,1,16,19,3,6,50,115,46,13,52,5,122,3,35,11,36,644
Gujarat,W.Rly Ahmedabad,2022,10,13,2,16,34,1,19,45,133,78,26,71,6,94,2,44,11,32,748
Gujarat,W.Rly Vadodara,2015,25,26,5,19,41,3,29,64,219,142,16,65,13,213,3,58,13,75,1217
Gujarat,W.Rly Vadodara,2016,17,15,1,19,62,2,30,105,268,122,14,82,14,219,6,75,13,86,1338
Gujarat,W.Rly Vadodara,2017,23,29,3,19,82,5,34,85,219,77,48,83,13,178,6,51,12,79,1277
Gujarat,W.Rly Vadodara,2018,19,17,2,19,70,4,27,93,207,96,26,68,7,251,6,79,26,106,1317
Gujarat,W.Rly Vadodara,2019,21,26,3,25,94,3,31,75,258,148,43,75,13,276,7,57,14,82,1458
Gujarat,W.Rly Vadodara,2020,13,17,1,30,56,4,12,94,186,103,23,99,12,215,6,43,12,73,1157
Gujarat,W.Rly Vadodara,2021,26,25,6,24,65,4,36,104,210,117,45,95,13,244,5,86,24,110,1428
Gujarat,W.Rly Vadodara,2022,22,22,3,23,69,4,41,102,374,146,32,123,14,235,6,75,12,86,1600
Jammu & Kashmir,Railways Jammu,2015,1,1,0,1,1,0,0,2,5,2,0,2,0,4,0,1,0,1,24
Jammu & Kashmir,Railways Jammu,2016,1,1,0,1,1,0,0,2,5,2,0,2,0,4,0,1,0,1,24
Jammu & Kashmir,Railways Jammu,2017,1,1,0,1,1,0,0,2,5,3,0,2,0,4,0,1,0,1,25
Jammu & Kashmir,Railways Jammu,2018,1,1,0,1,1,0,0,2,5,2,0,2,0,3,0,1,0,1,23
Jammu & Kashmir,Railways Jammu,2019,1,1,0,1,1,0,0,2,5,2,0,2,0,3,0,1,0,1,23
Jammu & Kashmir,Railways Jammu,2020,1,1,0,1,1,0,0,2,5,2,0,2,0,3,0,1,0,1,23
Jammu & Kashmir,Railways Jammu,2021,1,1,0,1,1,0,0,2,5,3,0,2,0,3,0,1,0,1,24
Jammu & Kashmir,Railways Jammu,2022,1,1,0,1,1,0,0,2,5,3,0,2,0,4,0,1,0,1,25
Jammu & Kashmir,Railways Kashmir,2015,1,1,0,1,1,0,0,2,5,2,0,2,0,3,0,1,0,1,23
Jammu & Kashmir,Railways Kashmir,2016,1,1,0,1,1,0,0,2,5,2,0,2,0,3,0,1,0,1,23
Jammu & Kashmir,Railways Kashmir,2017,1,1,0,1,1,0,0,2,5,2,0,2,0,3,0,1,0,1,23
Jammu & Kashmir,Railways Kashmir,2018,1,1,0,1,1,0,0,2,5,3,0,2,0,3,0,1,0,1,24
Jammu & Kashmir,Railways Kashmir,2019,1,1,0,1,1,0,0,2,5,2,0,2,0,3,0,1,0,1,23
Jammu & Kashmir,Railways Kashmir,2020,1,1,0,1,1,0,0,2,5,2,0,2,0,4,0,1,0,1,24
Jammu & Kashmir,Railways Kashmir,2021,1,1,0,1,1,0,0,2,5,3,0,2,0,3,0,1,0,1,24
Jammu & Kashmir,Railways Kashmir,2022,1,1,0,1,1,0,0,2,5,2,0,2,0,3,0,1,0,1,23
Karnataka,Mangalore City,2015,51,58,6,55,207,11,87,230,471,204,46,159,30,380,11,168,35,133,3076
Karnataka,Mangalore City,2016,65,64,10,52,179,13,41,244,648,237,77,215,34,415,17,202,70,166,3242
Karnataka,Mangalore City,2017,46,45,8,54,145,7,90,152,813,361,117,171,25,402,14,159,47,245,3361
Karnataka,Mangalore City,2018,60,75,9,49,195,12,49,131,800,388,105,192,28,445,12,178,50,200,3436
Karnataka,Mangalore City,2019,48,50,7,48,184,11,61,207,718,288,97,178,18,518,8,128,36,247,3309
Karnataka,Mangalore City,2020,45,55,10,49,125,5,63,116,727,305,84,200,26,356,15,184,32,210,3006
Karnataka,Mangalore City,2021,47,44,7,97,201,13,69,289,677,243,100,302,32,446,30,150,43,282,3569
Karnataka,Mangalore City,2022,70,66,10,103,168,17,39,277,523,193,108,330,29,601,31,184,63,240,3573
Kerala,Kollam Commr.,2015,180,179,41,243,581,43,129,676,2701,975,362,561,121,1676,73,489,160,764,11488
Kerala,Kollam Commr.,2016,150,156,18,261,592,9,162,456,1456,817,111,454,72,1640,59,393,115,696,9074
Kerala,Kollam Commr.,2017,132,106,24,306,673,50,153,767,2040,1007,222,674,96,1420,88,657,177,417,10527
Kerala,Kollam Commr.,2018,212,260,24,174,702,44,232,510,2116,1049,202,577,87,1404,48,566,174,516,11083
Kerala,Kollam Commr.,2019,152,156,21,275,416,50,263,916,2169,1100,305,556,33,2008,50,348,98,587,11145
Kerala,Kollam Commr.,2020,104,105,12,276,510,35,173,639,1964,919,223,695,90,1761,82,274,80,675,9840
Kerala,Kollam Commr.,2021,137,145,19,361,358,21,233,435,2271,1277,339,962,63,2055,59,704,173,594,11764
Kerala,Kollam Commr.,2022,224,271,33,226,327,26,208,457,2164,1340,404,880,113,1826,52,461,95,577,11245
Kerala,Kollam Rural,2015,169,140,25,133,419,16,136,396,1279,786,244,565,55,1278,31,317,75,493,8159
Kerala,Kollam Rural,2016,125,102,20,268,311,35,162,709,1561,934,300,410,53,1330,85,373,122,672,8782
Kerala,Kollam Rural,2017,174,179,22,122,492,33,131,621,1356,576,230,447,68,1101,22,320,70,346,7941
Kerala,Kollam Rural,2018,174,172,21,153,399,42,199,453,1756,898,284,507,59,1694,33,544,95,696,9581
Kerala,Kollam Rural,2019,162,216,25,325,641,17,177,500,1772,765,109,647,84,1468,106,319,93,486,9573
Kerala,Kollam Rural,2020,158,200,31,176,321,26,208,436,1799,760,253,651,53,1612,29,306,100,517,8800
Kerala,Kollam Rural,2021,163,189,26,268,484,23,159,483,1994,1078,251,734,98,1044,81,302,82,623,9325
Kerala,Kollam Rural,2022,124,141,17,217,455,36,114,403,1914,1240,199,783,94,1432,47,504,137,464,9664
Kerala,Thrissur Commr.,2015,131,180,28,180,278,23,116,517,1511,734,170,424,69,957,42,327,84,393,7094
Kerala,Thrissur Commr.,2016,92,124,9,168,311,23,103,305,1993,1182,285,377,30,1193,50,229,57,573,8189
Kerala,Thrissur Commr.,2017,119,105,28,237,396,22,209,552,1639,806,89,440,77,1279,55,269,77,501,7970
Kerala,Thrissur Commr.,2018,145,116,32,203,504,33,142,605,2136,778,251,471,71,995,43,336,77,372,8454
Kerala,Thrissur Commr.,2019,97,78,14,218,467,33,144,655,1576,727,136,543,78,1115,43,506,113,508,8263
Kerala,Thrissur Commr.,2020,85,115,14,170,384,29,95,261,1303,767,150,574,61,1135,39,279,58,323,6735
Kerala,Thrissur Commr.,2021,106,132,13,202,505,26,186,522,1730,988,140,564,61,1164,67,443,76,491,8516
Kerala,Thrissur Commr.,2022,147,188,26,177,430,25,102,480,1386,648,124,516,59,1350,34,441,126,531,7853
Kerala,Thrissur Rural,2015,284,273,69,544,1316,78,261,1275,4152,2447,420,1379,125,3360,183,1273,365,1740,22577
Kerala,Thrissur Rural,2016,466,601,78,632,1249,80,401,938,3600,2173,522,1422,186,3279,207,1545,434,1041,22250
Kerala,Thrissur Rural,2017,409,490,87,719,1243,42,438,979,5262,2152,824,1230,111,3979,219,726,198,1764,24036
Kerala,Thrissur Rural,2018,511,674,91,801,1366,115,295,1614,4135,2184,346,1588,108,5145,244,1238,280,1341,25603
Kerala,Thrissur Rural,2019,465,503,114,575,1592,116,677,1580,5273,2676,590,1319,253,5145,146,905,248,1237,27053
Kerala,Thrissur Rural,2020,353,488,53,310,1036,51,453,1588,4752,2029,288,1458,123,2151,89,1243,311,1578,21036
Kerala,Thrissur Rural,2021,297,322,51,663,1134,50,400,975,4915,2177,705,2135,140,4430,209,1463,443,1455,25126
Kerala,Thrissur Rural,2022,412,501,72,587,764,56,447,1112,4089,2284,588,1840,273,4368,163,1186,361,1777,24345
Punjab,Fazilka,2015,18,25,2,28,46,3,14,53,165,77,10,66,7,136,9,38,11,47,951
Punjab,Fazilka,2016,10,9,2,26,48,1,14,70,155,55,26,59,7,145,4,34,7,40,882
Punjab,Fazilka,2017,19,22,4,18,49,3,18,83,172,70,36,49,9,121,3,56,11,83,970
Punjab,Fazilka,2018,14,16,2,24,68,2,18,83,225,92,27,63,7,192,4,69,22,76,1158
Punjab,Fazilka,2019,15,19,2,31,53,3,12,87,167,70,37,66,6,167,8,60,10,53,1064
Punjab,Fazilka,2020,13,13,2,23,47,1,23,43,159,95,16,66,5,169,4,46,10,40,892
Punjab,Fazilka,2021,12,12,1,18,50,4,12,53,248,142,18,86,7,177,4,39,10,64,1102
Punjab,Fazilka,2022,17,20,2,17,45,2,20,64,272,110,38,73,9,201,5,44,10,79,1178
Punjab,Pathankot,2015,9,9,1,14,25,1,18,32,97,57,10,32,7,76,4,35,7,28,630
Punjab,Pathankot,2016,9,7,1,19,30,1,7,29,105,62,10,29,4,116,4,35,5,39,601
Punjab,Pathankot,2017,10,12,2,20,35,1,6,42,167,88,20,31,3,74,3,36,7,47,694
Punjab,Pathankot,2018,10,8,1,21,36,1,17,52,141,80,15,39,1,135,3,28,9,45,739
Punjab,Pathankot,2019,14,15,2,23,33,3,9,31,149,69,13,48,4,144,5,46,14,33,760
Punjab,Pathankot,2020,6,8,0,12,36,2,8,22,93,34,10,52,5,89,2,29,9,33,529
Punjab,Pathankot,2021,9,10,1,17,36,1,10,34,131,85,21,46,4,81,5,33,10,33,653
Punjab,Pathankot,2022,8,7,0,20,43,2,17,54,154,93,20,51,2,112,4,22,4,42,748
Rajasthan,G.R.P.Ajmer,2015,42,33,6,76,146,5,53,102,578,225,41,111,7,324,24,143,27,137,2410
Rajasthan,G.R.P.Ajmer,2016,36,30,8,60,90,7,34,141,347,154,30,151,9,384,9,131,24,133,2238
Rajasthan,G.R.P.Ajmer,2017,53,66,10,52,151,5,50,148,384,137,98,137,24,481,17,81,13,109,2462
Rajasthan,G.R.P.Ajmer,2018,55,48,8,71,139,12,76,111,479,174,41,164,20,549,18,126,37,153,2682
Rajasthan,G.R.P.Ajmer,2019,33,43,3,74,86,8,70,116,401,209,63,141,11,532,11,158,25,194,2547
Rajasthan,G.R.P.Ajmer,2020,35,39,5,66,129,10,25,156,503,273,35,187,12,346,15,93,17,117,2381
Rajasthan,G.R.P.Ajmer,2021,40,34,4,47,95,3,42,171,380,222,38,245,25,499,9,103,28,99,2449
Rajasthan,G.R.P.Ajmer,2022,56,75,13,91,128,9,71,249,673,362,69,247,17,450,30,93,14,231,3302
Rajasthan,G.R.P.Jodhpur,2015,5,6,0,7,8,0,5,23,51,24,5,19,2,60,1,12,4,23,297
Rajasthan,G.R.P.Jodhpur,2016,3,2,0,7,13,1,3,14,52,22,9,21,3,65,1,12,4,24,311
Rajasthan,G.R.P.Jodhpur,2017,5,4,0,8,13,0,5,15,47,28,7,16,1,49,1,11,3,26,297
Rajasthan,G.R.P.Jodhpur,2018,7,7,1,6,11,1,8,31,54,22,11,20,3,48,1,23,3,15,361
Rajasthan,G.R.P.Jodhpur,2019,4,3,0,10,14,1,4,25,63,22,11,18,1,59,2,22,6,14,358
Rajasthan,G.R.P.Jodhpur,2020,3,3,0,5,12,0,3,22,43,18,5,24,2,37,0,9,2,10,252
Rajasthan,G.R.P.Jodhpur,2021,5,4,1,6,19,1,8,16,67,32,12,31,3,54,1,23,6,23,363
Rajasthan,G.R.P.Jodhpur,2022,5,4,0,9,19,1,4,18,82,41,7,27,3,69,2,14,4,25,386
Rajasthan,Jaipur West,2015,110,118,22,207,253,18,147,299,1223,497,193,368,45,1523,57,280,78,360,6950
Rajasthan,Jaipur West,2016,125,158,13,246,231,21,123,572,1457,909,178,359,46,1296,70,433,73,666,8090
Rajasthan,Jaipur West,2017,114,99,15,264,544,13,106,747,2252,835,186,559,54,1358,83,402,110,375,9364
Rajasthan,Jaipur West,2018,165,208,20,171,364,31,151,543,2088,1041,267,495,93,1092,41,249,73,409,8737
Rajasthan,Jaipur West,2019,146,122,20,177,507,32,135,440,1903,934,305,551,69,1291,46,388,78,329,8629
Rajasthan,Jaipur West,2020,141,173,20,172,292,16,198,500,1713,726,273,590,21,1144,37,251,42,362,7703
Rajasthan,Jaipur West,2021,155,125,21,130,298,11,100,625,1814,700,140,590,39,1153,44,422,75,650,8204
Rajasthan,Jaipur West,2022,152,198,18,218,409,13,170,651,1539,555,128,823,84,996,45,426,102,387,8108
Tripura,Grp,2015,1,1,0,1,1,0,0,2,5,3,0,2,0,3,0,1,0,1,24
Tripura,Grp,2016,1,1,0,1,1,0,0,2,5,2,0,2,0,3,0,1,0,1,23
Tripura,Grp,2017,1,1,0,1,1,0,0,2,5,2,0,2,0,3,0,1,0,1,23
Tripura,Grp,2018,1,1,0,1,1,0,0,2,5,2,0,2,0,3,0,1,0,1,23
Tripura,Grp,2019,1,1,0,1,1,0,0,2,5,2,0,2,0,4,0,1,0,1,24
Tripura,Grp,2020,1,1,0,1,1,0,0,2,5,2,0,2,0,3,0,1,0,1,23
Tripura,Grp,2021,1,1,0,1,1,0,0,2,5,2,0,2,0,3,0,1,0,1,23
Tripura,Grp,2022,1,1,0,1,1,0,0,2,5,2,0,2,0,4,0,1,0,1,24
Uttar Pradesh,Bhim Nagar,2015,33,38,7,44,106,8,20,163,432,173,36,108,10,312,7,88,15,147,2031
Uttar Pradesh,Bhim Nagar,2016,30,41,6,52,79,7,54,98,517,259,73,128,16,271,8,67,17,120,2159
Uttar Pradesh,Bhim Nagar,2017,47,40,8,75,128,5,30,150,439,269,60,117,16,447,15,86,27,104,2388
Uttar Pradesh,Bhim Nagar,2018,41,33,9,55,97,7,43,145,522,246,51,113,18,355,19,73,17,119,2270
Uttar Pradesh,Bhim Nagar,2019,34,45,5,38,84,6,25,132,583,317,60,115,12,475,11,127,40,181,2618
Uttar Pradesh,Bhim Nagar,2020,30,30,5,47,70,1,18,86,440,212,34,149,6,199,8,82,16,81,1763
Uttar Pradesh,Bhim Nagar,2021,33,42,4,51,64,5,24,106,311,109,64,175,21,330,14,80,19,101,2020
Uttar Pradesh,Bhim Nagar,2022,28,32,3,79,115,4,34,182,373,189,67,177,22,353,20,139,48,160,2367
Uttar Pradesh,Panchshil Nagar,2015,28,26,3,28,57,4,36,153,325,179,58,92,15,302,5,87,16,130,1804
Uttar Pradesh,Panchshil Nagar,2016,36,42,4,49,124,8,49,127,447,162,55,98,14,356,14,85,28,141,2126
Uttar Pradesh,Panchshil Nagar,2017,37,39,4,51,60,3,46,130,488,203,23,117,17,311,14,86,25,112,2046
Uttar Pradesh,Panchshil Nagar,2018,32,31,4,37,138,5,55,162,539,242,48,117,24,329,5,132,41,84,2340
Uttar Pradesh,Panchshil Nagar,2019,37,49,3,62,135,6,44,94,332,203,41,125,10,294,12,104,36,96,2048
Uttar Pradesh,Panchshil Nagar,2020,33,30,3,42,115,2,35,84,323,178,59,131,12,274,9,84,20,95,1780
Uttar Pradesh,Panchshil Nagar,2021,29,23,4,45,99,2,28,122,291,174,60,189,9,285,12,104,22,153,1936
Uttar Pradesh,Panchshil Nagar,2022,37,33,5,62,86,3,30,149,512,204,28,173,21,378,15,60,16,157,2252
Uttar Pradesh,Prabuddh Nagar,2015,27,32,5,43,49,5,25,67,335,172,48,79,12,230,12,86,22,106,1562
Uttar Pradesh,Prabuddh Nagar,2016,17,17,3,41,78,4,23,78,286,125,31,92,8,237,6,64,20,61,1389
Uttar Pradesh,Prabuddh Nagar,2017,25,33,3,35,96,1,40,90,358,202,29,76,14,229,10,89,27,105,1671
Uttar Pradesh,Prabuddh Nagar,2018,24,28,5,51,99,5,36,115,346,215,35,93,16,205,13,85,24,74,1690
Uttar Pradesh,Prabuddh Nagar,2019,24,33,4,23,73,4,19,75,303,134,52,67,6,302,6,65,16,120,1536
Uttar Pradesh,Prabuddh Nagar,2020,14,17,2,32,69,4,21,67,277,134,33,92,10,226,5,35,6,47,1265
Uttar Pradesh,Prabuddh Nagar,2021,26,26,3,36,50,2,35,72,310,199,17,111,6,225,11,50,7,68,1442
Uttar Pradesh,Prabuddh Nagar,2022,26,30,5,37,70,5,24,59,321,136,45,135,10,208,11,56,13,67,1465
Assam,Baksa,2015,10,10,2,26,26,2,23,66,210,106,27,56,9,115,4,24,7,44,886
Assam,Baksa,2016,15,13,2,25,30,2,18,66,230,100,14,42,6,131,4,37,6,40,907
Assam,Baksa,2017,10,10,1,13,42,1,22,48,179,81,23,43,8,161,3,52,13,62,886
Assam,Baksa,2018,17,16,2,20,35,1,11,52,202,92,25,57,5,139,5,34,10,46,901
Assam,Baksa,2019,10,10,1,29,34,3,23,55,226,85,13,47,6,169,8,30,8,75,958
Assam,Baksa,2020,13,16,1,20,43,2,14,38,101,65,17,70,5,116,5,23,5,31,685
Assam,Baksa,2021,13,11,1,19,51,0,17,62,136,54,13,58,6,97,5,42,7,36,765
Assam,Baksa,2022,17,23,2,29,57,4,9,48,136,86,10,74,9,153,9,38,5,41,898
Assam,Bieo,2015,6,7,0,6,17,1,5,17,82,52,8,16,2,44,1,14,3,25,352
Assam,Bieo,2016,5,5,0,7,10,0,4,12,48,23,7,20,3,65,2,12,2,24,304
Assam,Bieo,2017,5,5,0,7,10,1,6,21,66,25,5,19,1,56,1,20,3,15,338
Assam,Bieo,2018,6,4,1,6,17,1,5,14,66,23,3,22,3,63,1,14,4,17,344
Assam,Bieo,2019,6,7,1,8,10,1,8,17,66,38,11,16,1,48,2,13,3,22,333
Assam,Bieo,2020,4,3,0,9,11,0,7,25,51,26,9,31,1,41,2,16,4,16,300
Assam,Bieo,2021,3,2,0,6,12,0,5,17,60,33,3,26,3,51,1,12,3,21,305
Assam,Bieo,2022,5,4,1,8,18,0,9,24,53,30,8,24,1,55,2,16,2,20,330
Assam,Hamren,2015,3,3,0,9,13,0,7,23,60,28,5,15,3,58,1,15,4,24,311
Assam,Hamren,2016,6,5,1,7,15,1,3,11,55,29,3,19,1,43,1,10,3,14,279
Assam,Hamren,2017,5,5,0,9,14,1,5,20,56,36,7,17,2,33,1,10,2,21,282
Assam,Hamren,2018,3,2,0,5,15,0,3,24,70,25,10,19,1,43,1,13,4,12,291
Assam,Hamren,2019,4,5,0,6,16,0,7,18,79,28,8,18,2,43,1,12,2,20,313
Assam,Hamren,2020,4,3,0,5,8,0,2,16,42,25,6,24,0,49,0,13,2,12,244
Assam,Hamren,2021,3,2,0,6,16,0,5,10,54,29,8,19,1,31,1,16,4,11,253
Assam,Hamren,2022,4,5,0,5,15,0,8,16,66,36,9,31,3,36,0,9,3,23,313
Chhattisgarh,Balod,2015,21,27,3,42,63,5,23,65,318,137,43,78,13,245,10,82,28,119,1544
Chhattisgarh,Balod,2016,29,38,4,51,85,5,24,90,304,130,32,77,11,317,12,108,22,86,1658
Chhattisgarh,Balod,2017,32,38,7,30,75,7,42,69,343,136,63,93,11,223,5,100,23,135,1697
Chhattisgarh,Balod,2018,26,32,2,43,69,7,31,84,401,172,18,83,8,254,8,55,17,82,1657
Chhattisgarh,Balod,2019,33,28,3,52,64,6,41,117,358,232,46,100,17,290,12,76,19,71,1801
Chhattisgarh,Balod,2020,21,21,4,33,80,5,40,59,247,141,35,141,10,289,11,47,11,94,1502
Chhattisgarh,Balod,2021,33,30,4,24,97,6,35,107,251,133,41,142,15,252,4,61,19,122,1608
Chhattisgarh,Balod,2022,31,42,4,33,56,6,23,119,344,170,39,128,9,250,5,100,33,94,1730
Chhattisgarh,Baloda Bazar,2015,45,41,10,62,115,8,39,209,615,302,49,159,25,393,18,143,32,210,2830
Chhattisgarh,Baloda Bazar,2016,31,38,4,37,127,5,41,179,375,189,25,138,25,335,5,93,25,89,2228
Chhattisgarh,Baloda Bazar,2017,49,51,5,36,156,10,51,188,449,291,63,127,23,378,11,149,44,119,2550
Chhattisgarh,Baloda Bazar,2018,53,48,12,71,109,9,45,201,427,153,81,143,23,440,17,82,20,119,2432
Chhattisgarh,Baloda Bazar,2019,42,54,4,75,160,12,54,169,761,378,69,158,27,491,14,171,28,245,3332
Chhattisgarh,Baloda Bazar,2020,32,26,6,55,98,7,55,82,516,318,33,197,16,355,17,127,38,120,2396
Chhattisgarh,Baloda Bazar,2021,46,56,11,56,108,6,28,161,590,370,82,220,28,431,12,90,30,146,2850
Chhattisgarh,Baloda Bazar,2022,44,35,8,46,178,4,47,190,530,283,98,186,13,360,14,152,24,128,2722
Chhattisgarh,Bemetara,2015,22,27,2,45,68,2,28,70,283,147,52,93,9,255,8,99,25,75,1529
Chhattisgarh,Bemetara,2016,22,26,3,42,55,3,36,91,368,143,37,79,13,254,12,62,18,90,1655
Chhattisgarh,Bemetara,2017,34,43,5,44,102,6,46,142,254,107,52,106,16,326,9,103,21,84,1741
Chhattisgarh,Bemetara,2018,24,31,5,40,71,2,20,94,469,271,44,88,12,244,6,88,28,124,1919
Chhattisgarh,Bemetara,2019,27,29,3,27,65,6,27,109,356,224,54,83,14,314,4,55,12,95,1739
Chhattisgarh,Bemetara,2020,28,37,5,22,42,3,21,98,356,194,39,114,15,213,6,57,17,112,1584
Chhattisgarh,Bemetara,2021,25,22,5,39,57,3,25,86,283,159,30,152,6,295,6,68,20,76,1625
Chhattisgarh,Bemetara,2022,33,30,5,25,67,3,17,127,268,140,58,160,7,330,6,70,17,128,1736
Chhattisgarh,Kondagaon,2015,16,20,1,27,30,3,14,73,216,107,19,48,8,141,8,27,5,54,940
Chhattisgarh,Kondagaon,2016,16,18,2,29,32,1,10,35,198,89,24,52,9,173,9,55,13,47,942
Chhattisgarh,Kondagaon,2017,13,11,1,28,27,0,20,67,188,90,18,40,9,108,8,53,17,37,858
Chhattisgarh,Kondagaon,2018,15,15,3,15,40,1,20,76,244,150,27,45,9,141,3,46,9,77,1070
Chhattisgarh,Kondagaon,2019,14,15,2,17,55,1,9,56,229,80,20,43,6,116,2,36,8,55,891
Chhattisgarh,Kondagaon,2020,9,9,2,23,30,3,11,58,159,78,27,61,8,133,7,40,11,42,820
Chhattisgarh,Kondagaon,2021,14,12,2,19,56,0,23,63,130,50,12,67,9,129,5,47,14,65,840
Chhattisgarh,Kondagaon,2022,16,17,3,21,46,1,16,69,248,119,36,80,8,163,6,59,19,57,1121
Chhattisgarh,Mungeli,2015,24,31,5,32,38,5,28,101,304,175,42,74,9,244,9,71,12,108,1498
Chhattisgarh,Mungeli,2016,25,34,4,18,62,1,27,89,299,194,46,73,12,209,2,48,11,51,1385
Chhattisgarh,Mungeli,2017,15,16,1,30,83,1,24,108,219,136,44,77,9,171,8,47,8,64,1247
Chhattisgarh,Mungeli,2018,17,22,3,42,66,1,22,51,343,174,33,74,14,245,12,45,11,62,1426
Chhattisgarh,Mungeli,2019,30,31,3,46,89,1,27,87,292,179,39,98,14,237,11,79,20,123,1620
Chhattisgarh,Mungeli,2020,19,18,4,25,42,1,26,54,278,107,19,109,5,159,5,58,19,49,1153
Chhattisgarh,Mungeli,2021,19,25,3,35,88,2,13,86,222,83,50,137,9,228,9,39,13,81,1333
Chhattisgarh,Mungeli,2022,17,15,2,41,85,1,20,94,355,164,42,116,5,174,6,48,10,67,1466
Chhattisgarh,Sukma,2015,4,4,0,3,11,1,2,18,48,31,6,11,1,48,0,14,4,14,254
Chhattisgarh,Sukma,2016,4,3,0,5,18,0,4,20,51,30,10,16,3,39,1,15,4,11,273
Chhattisgarh,Sukma,2017,3,2,0,5,16,1,7,16,43,15,7,14,2,48,1,13,2,19,261
Chhattisgarh,Sukma,2018,3,4,0,6,9,0,4,18,41,16,8,18,0,52,1,17,5,22,272
Chhattisgarh,Sukma,2019,3,2,0,7,14,0,4,16,64,38,3,14,1,47,1,9,2,20,284
Chhattisgarh,Sukma,2020,4,3,0,7,8,0,6,12,39,15,3,22,1,38,1,8,1,17,233
Chhattisgarh,Sukma,2021,5,5,0,4,8,1,4,16,60,22,7,24,2,54,0,9,1,18,279
Chhattisgarh,Sukma,2022,3,3,0,7,10,1,5,12,59,32,9,25,1,50,1,11,2,14,283
Haryana,Ambala Rural,2015,21,24,3,30,47,5,12,63,202,93,30,74,8,261,7,47,7,104,1222
Haryana,Ambala Rural,2016,19,24,3,25,78,5,30,67,188,82,14,74,9,182,6,55,12,93,1138
Haryana,Ambala Rural,2017,16,19,2,40,68,3,24,51,261,95,22,66,13,215,10,78,20,78,1264
Haryana,Ambala Rural,2018,22,27,5,38,87,4,36,62,296,184,46,85,5,248,10,87,22,69,1531
Haryana,Ambala Rural,2019,24,21,3,26,65,4,21,70,277,173,13,67,13,214,7,48,16,100,1345
Haryana,Ambala Rural,2020,13,10,1,19,54,2,23,57,206,127,15,93,8,200,6,57,11,81,1126
Haryana,Ambala Rural,2021,21,21,3,27,50,2,21,81,244,118,26,95,10,197,4,74,15,56,1231
Haryana,Ambala Rural,2022,19,26,3,20,77,1,24,100,343,123,23,116,5,183,6,85,20,56,1421
Haryana,Ambala Urban,2015,35,39,4,48,143,7,37,170,587,298,64,118,7,283,13,122,28,124,2447
Haryana,Ambala Urban,2016,34,32,5,49,78,8,40,139,373,156,39,125,12,478,10,140,48,138,2427
Haryana,Ambala Urban,2017,47,47,10,47,123,3,41,191,668,387,54,165,10,530,13,100,21,110,2939
Haryana,Ambala Urban,2018,31,25,6,41,110,7,24,96,479,184,64,161,15,372,8,92,22,165,2328
Haryana,Ambala Urban,2019,42,40,6,77,155,7,64,108,404,167,30,151,25,396,22,125,31,210,2567
Haryana,Ambala Urban,2020,43,58,5,45,74,9,36,167,458,296,70,190,15,394,7,141,22,172,2510
Haryana,Ambala Urban,2021,33,44,4,37,74,3,24,135,369,148,76,198,13,321,6,118,36,109,2421
Haryana,Ambala Urban,2022,54,71,13,52,78,4,46,124,613,244,101,224,19,352,15,157,34,157,2748
Jammu & Kashmir,Railways Katra,2015,5,6,1,10,15,0,6,22,72,34,7,16,1,49,3,11,2,14,317
Jammu & Kashmir,Railways Katra,2016,5,6,0,6,13,0,6,20,66,33,4,18,3,60,1,12,1,22,317
Jammu & Kashmir,Railways Katra,2017,4,4,0,8,10,0,8,22,72,33,9,19,2,50,2,15,3,25,329
Jammu & Kashmir,Railways Katra,2018,4,3,0,5,11,1,9,25,83,37,5,23,2,62,1,22,3,16,362
Jammu & Kashmir,Railways Katra,2019,6,7,1,11,10,1,4,26,55,25,3,20,3,46,2,19,3,25,337
Jammu & Kashmir,Railways Katra,2020,5,6,0,9,13,0,5,16,62,25,8,26,2,56,2,16,2,11,304
Jammu & Kashmir,Railways Katra,2021,6,8,1,9,13,1,5,23,70,27,11,27,2,66,2,18,5,15,355
Jammu & Kashmir,Railways Katra,2022,4,3,0,5,10,1,8,20,62,30,12,22,2,54,0,18,5,20,321
Rajasthan,Jodhpur East,2015,40,33,6,78,123,9,59,279,544,288,72,156,19,524,26,217,47,256,3250
Rajasthan,Jodhpur East,2016,64,69,11,68,156,7,36,208,694,384,37,171,12,406,15,122,30,175,3260
Rajasthan,Jodhpur East,2017,42,46,4,72,111,4,82,242,808,395,73,220,13,668,20,216,60,257,3816
Rajasthan,Jodhpur East,2018,45,37,6,78,105,9,71,263,641,293,61,193,11,449,17,172,41,275,3226
Rajasthan,Jodhpur East,2019,75,100,8,84,175,12,39,283,656,400,83,220,31,687,24,197,55,311,3962
Rajasthan,Jodhpur East,2020,33,45,6,46,123,12,61,114,429,237,32,237,25,485,14,88,25,162,2546
Rajasthan,Jodhpur East,2021,60,76,10,64,206,10,70,275,726,410,77,244,37,700,14,185,28,148,3824
Rajasthan,Jodhpur East,2022,64,51,11,103,150,17,55,253,883,421,50,370,36,595,21,114,26,202,3945
Rajasthan,Jodhpur West,2015,65,73,9,70,122,14,71,266,529,231,136,175,13,517,10,242,50,215,3500
Rajasthan,Jodhpur West,2016,69,69,13,80,203,5,35,251,496,202,47,161,14,557,21,126,25,271,3192
Rajasthan,Jodhpur West,2017,58,56,14,116,221,5,96,247,600,266,123,256,28,555,38,129,26,150,3595
Rajasthan,Jodhpur West,2018,68,65,6,96,128,18,57,186,750,368,110,220,44,715,15,136,30,164,3801
Rajasthan,Jodhpur West,2019,74,92,10,94,221,13,51,260,630,376,49,198,42,679,23,218,47,233,3865
Rajasthan,Jodhpur West,2020,51,57,12,46,199,13,82,178,665,392,66,280,31,405,7,109,23,250,3294
Rajasthan,Jodhpur West,2021,51,62,6,75,160,5,39,216,809,440,83,290,14,577,14,120,30,238,3732
Rajasthan,Jodhpur West,2022,68,87,14,127,143,17,42,312,637,230,134,293,33,662,35,235,81,336,4063
Tripura,Gomati,2015,14,17,2,30,37,3,10,80,171,84,10,63,8,120,10,50,10,66,919
Tripura,Gomati,2016,13,12,2,22,46,2,15,64,249,112,22,64,10,170,3,60,20,58,1080
Tripura,Gomati,2017,17,22,3,14,50,1,23,51,172,65,13,52,9,164,3,43,13,50,943
Tripura,Gomati,2018,18,19,2,24,40,4,15,42,206,87,31,56,3,194,4,38,11,43,972
Tripura,Gomati,2019,19,25,3,32,59,3,28,58,268,153,28,55,4,177,10,56,11,47,1182
Tripura,Gomati,2020,12,11,2,24,43,3,9,52,145,84,23,72,5,123,8,33,11,46,821
Tripura,Gomati,2021,15,17,2,20,41,3,24,36,182,110,16,88,10,144,4,36,12,49,944
Tripura,Gomati,2022,12,14,1,29,43,3,20,53,247,103,28,88,2,113,6,35,8,59,1004
Tripura,Khowai,2015,7,8,0,7,21,0,5,25,78,41,14,23,1,52,1,16,2,33,399
Tripura,Khowai,2016,7,8,1,9,20,1,12,26,81,36,16,26,2,62,3,27,5,22,452
Tripura,Khowai,2017,5,6,1,14,30,0,11,28,86,38,13,25,4,71,2,23,7,24,453
Tripura,Khowai,2018,7,8,1,10,22,1,12,33,122,43,8,33,3,78,3,18,5,42,520
Tripura,Khowai,2019,6,7,1,15,19,1,11,40,75,41,5,24,2,104,3,29,7,35,497
Tripura,Khowai,2020,5,6,0,13,22,0,11,21,101,44,8,33,1,77,3,17,3,22,444
Tripura,Khowai,2021,9,12,1,11,31,0,10,38,84,45,12,47,2,74,2,31,9,25,514
Tripura,Khowai,2022,6,5,0,9,30,1,7,36,95,41,11,39,3,67,1,23,4,30,474
Tripura,Sipahijala,2015,10,8,1,22,32,3,12,58,174,69,21,44,5,136,4,24,5,60,794
Tripura,Sipahijala,2016,13,11,1,24,38,1,21,33,138,68,19,42,6,95,7,50,15,60,752
Tripura,Sipahijala,2017,16,17,2,21,33,0,22,51,170,102,18,37,8,113,3,34,10,68,840
Tripura,Sipahijala,2018,15,18,2,21,26,2,12,52,141,91,10,55,7,157,3,43,7,43,869
Tripura,Sipahijala,2019,17,18,2,29,46,2,23,74,150,64,33,52,8,108,4,49,8,67,884
Tripura,Sipahijala,2020,9,9,1,24,30,2,19,35,181,89,26,70,2,88,4,27,8,44,773
Tripura,Sipahijala,2021,10,10,1,22,25,2,21,53,120,73,25,59,3,104,6,26,8,30,726
Tripura,Sipahijala,2022,13,10,1,14,59,2,20,66,172,67,30,91,10,120,4,59,13,75,955
Tripura,Unakoti,2015,8,6,1,12,15,0,6,32,85,40,11,24,1,86,3,20,6,34,455
Tripura,Unakoti,2016,11,15,2,13,24,2,12,26,132,81,15,30,4,87,4,29,9,30,601
Tripura,Unakoti,2017,7,7,1,12,23,2,6,33,68,35,13,24,1,73,4,14,2,33,450
Tripura,Unakoti,2018,7,7,1,13,27,2,5,27,111,58,9,26,1,74,2,16,4,20,481
Tripura,Unakoti,2019,10,8,2,15,19,1,6,28,144,70,11,37,5,79,3,36,6,44,603
Tripura,Unakoti,2020,7,6,1,12,13,0,11,32,103,57,4,30,1,50,2,21,3,21,434
Tripura,Unakoti,2021,10,10,2,11,21,0,14,30,110,49,18,41,4,77,2,20,3,27,522
Tripura,Unakoti,2022,7,7,0,9,16,0,9,33,106,51,6,46,2,95,2,18,5,23,507
West Bengal,Bdn Cp,2015,30,30,5,75,83,8,33,172,660,383,32,118,21,511,14,120,20,208,2879
West Bengal,Bdn Cp,2016,42,52,9,74,184,12,32,127,670,265,81,161,27,561,23,192,30,204,3166
West Bengal,Bdn Cp,2017,47,45,7,73,95,9,50,237,455,168,29,178,23,415,14,99,23,165,2702
West Bengal,Bdn Cp,2018,60,61,8,73,183,12,85,185,544,265,39,189,33,615,13,156,37,220,3207
West Bengal,Bdn Cp,2019,45,42,9,59,89,14,86,170,573,315,37,196,15,428,14,175,42,155,2967
West Bengal,Bdn Cp,2020,40,41,5,65,118,4,44,127,417,149,32,227,18,316,22,77,16,150,2187
West Bengal,Bdn Cp,2021,37,32,7,72,154,10,39,121,573,204,107,269,25,555,14,156,54,122,2968
West Bengal,Bdn Cp,2022,46,45,8,43,173,6,27,173,693,366,67,242,21,518,13,121,25,195,3181
West Bengal,Bkp Cp,2015,125,172,14,183,203,21,101,571,1464,750,231,358,56,915,30,426,66,442,7115
West Bengal,Bkp Cp,2016,112,130,16,180,450,32,176,558,1633,915,176,375,70,1340,37,247,63,362,7880
West Bengal,Bkp Cp,2017,93,76,18,227,466,30,126,276,1523,844,249,461,58,1026,64,312,94,563,7509
West Bengal,Bkp Cp,2018,143,144,31,263,257,14,136,367,1590,786,277,399,58,1578,76,374,129,315,8102
West Bengal,Bkp Cp,2019,114,98,27,185,306,15,189,591,1367,633,119,446,80,891,32,373,107,440,7059
West Bengal,Bkp Cp,2020,118,129,16,190,243,23,112,284,1103,476,177,508,64,1212,60,207,34,433,6226
West Bengal,Bkp Cp,2021,111,91,26,192,271,18,168,429,1651,689,125,748,76,1109,49,255,61,312,7433
West Bengal,Bkp Cp,2022,148,202,30,112,318,32,189,413,1737,1083,130,733,86,1463,33,491,163,582,9058
West Bengal,Jhargram,2015,8,7,0,18,45,2,18,55,161,98,13,37,7,87,2,26,7,55,747
West Bengal,Jhargram,2016,13,12,1,25,53,1,18,67,213,111,29,52,4,165,6,49,14,33,980
West Bengal,Jhargram,2017,15,13,2,24,46,2,23,32,200,96,18,51,3,130,6,33,11,58,881
West Bengal,Jhargram,2018,11,13,2,23,35,1,17,35,142,63,9,41,2,112,4,47,14,57,740
West Bengal,Jhargram,2019,11,13,1,17,50,0,22,43,190,112,12,42,2,129,5,49,15,37,868
West Bengal,Jhargram,2020,7,8,1,19,24,2,6,47,118,49,11,53,4,90,5,19,5,48,605
West Bengal,Jhargram,2021,11,10,2,17,24,0,18,51,143,81,26,72,8,106,4,48,15,63,807
West Bengal,Jhargram,2022,10,8,2,26,48,3,22,43,158,86,15,74,7,112,6,25,5,37,836
West Bengal,Siliguri_Pc,2015,79,104,15,103,170,24,98,361,1033,639,150,277,50,701,32,261,75,210,5134
West Bengal,Siliguri_Pc,2016,100,139,23,142,373,7,94,362,1505,779,194,344,52,975,26,229,75,317,6557
West Bengal,Siliguri_Pc,2017,111,113,19,162,314,27,136,244,885,478,76,343,17,1040,31,245,56,393,5728
West Bengal,Siliguri_Pc,2018,82,88,16,194,354,25,80,399,1150,479,75,395,31,859,67,191,45,354,5727
West Bengal,Siliguri_Pc,2019,82,65,15,187,375,27,141,242,1244,670,224,391,51,764,51,237,52,381,6072
West Bengal,Siliguri_Pc,2020,71,89,13,150,172,15,86,334,1182,427,55,416,48,985,48,304,101,225,5431
West Bengal,Siliguri_Pc,2021,114,126,13,120,279,12,55,396,1027,573,151,423,50,1128,33,268,84,319,5956
West Bengal,Siliguri_Pc,2022,130,138,30,149,326,8,63,266,1233,757,165,451,40,1275,41,248,62,366,6646
Andaman & Nicobar Islands,Car,2015,1,1,0,1,1,0,0,2,5,2,0,2,0,4,0,1,0,1,24
Andaman & Nicobar Islands,Car,2016,1,1,0,1,1,0,0,2,5,2,0,2,0,4,0,1,0,1,25
Andaman & Nicobar Islands,Car,2017,1,1,0,1,1,0,0,2,5,2,0,2,0,5,0,1,0,2,27
Andaman & Nicobar Islands,Car,2018,1,1,0,1,1,0,0,2,6,3,0,2,0,5,0,1,0,1,27
Andaman & Nicobar Islands,Car,2019,1,1,0,1,1,0,0,2,5,2,0,2,0,5,0,1,0,1,26
Andaman & Nicobar Islands,Car,2020,1,1,0,1,1,0,0,2,5,2,0,2,0,3,0,1,0,1,23
Andaman & Nicobar Islands,Car,2021,1,1,0,1,1,0,0,2,6,3,0,2,0,3,0,1,0,1,26
Andaman & Nicobar Islands,Car,2022,1,1,0,1,1,0,0,2,5,2,0,2,0,3,0,1,0,1,27
Andaman & Nicobar Islands,North,2015,2,2,0,2,9,0,2,12,28,17,4,10,0,21,0,7,1,14,162
Andaman & Nicobar Islands,North,2016,2,1,0,3,6,0,1,7,44,23,5,8,1,29,0,6,1,8,169
Andaman & Nicobar Islands,North,2017,2,2,0,4,6,0,4,11,33,19,4,11,0,27,1,9,2,13,171
Andaman & Nicobar Islands,North,2018,3,3,0,3,9,0,3,11,30,16,2,12,1,30,0,12,3,8,182
Andaman & Nicobar Islands,North,2019,3,3,0,3,8,0,3,16,35,17,7,12,0,36,0,10,2,13,196
Andaman & Nicobar Islands,North,2020,2,2,0,4,5,0,2,11,24,10,2,15,0,21,0,9,2,10,143
Andaman & Nicobar Islands,North,2021,2,2,0,3,5,0,3,10,32,20,5,17,0,23,0,7,1,8,171
Andaman & Nicobar Islands,North,2022,3,3,0,2,8,0,2,9,44,17,2,15,1,28,0,6,1,12,177
Andaman & Nicobar Islands,South,2015,8,8,1,15,24,2,11,22,104,46,5,25,3,86,3,20,5,18,473
Andaman & Nicobar Islands,South,2016,6,8,0,12,26,1,10,27,110,57,4,23,3,63,3,21,6,23,467
Andaman & Nicobar Islands,South,2017,9,11,1,7,32,1,11,37,123,62,17,27,3,70,1,22,5,31,542
Andaman & Nicobar Islands,South,2018,8,9,1,7,32,1,5,39,105,55,13,30,5,89,1,14,4,40,529
Andaman & Nicobar Islands,South,2019,7,5,0,14,15,0,7,22,104,53,5,32,3,67,4,15,4,23,492
Andaman & Nicobar Islands,South,2020,7,6,1,7,16,1,7,32,58,27,14,34,1,55,1,14,2,18,386
Andaman & Nicobar Islands,South,2021,9,12,1,10,28,1,10,20,101,58,7,37,3,99,2,18,5,19,511
Andaman & Nicobar Islands,South,2022,6,7,0,13,27,1,6,25,76,40,8,36,4,55,4,17,5,19,463
Arunachal Pradesh,Longding,2015,2,1,0,2,3,0,1,4,17,8,3,5,0,17,0,4,1,5,97
Arunachal Pradesh,Longding,2016,1,1,0,2,5,0,1,5,22,13,2,6,0,14,0,3,0,7,96
Arunachal Pradesh,Longding,2017,2,1,0,2,3,0,2,7,27,13,1,6,0,16,0,6,1,6,108
Arunachal Pradesh,Longding,2018,1,1,0,3,4,0,2,6,30,13,2,7,0,17,0,5,0,7,114
Arunachal Pradesh,Longding,2019,2,2,0,3,6,0,1,5,19,7,1,5,0,13,0,3,0,4,106
Arunachal Pradesh,Longding,2020,1,1,0,2,5,0,1,6,14,8,1,7,0,14,0,3,0,5,89
Arunachal Pradesh,Longding,2021,1,1,0,3,5,0,3,4,25,11,3,9,0,12,0,7,1,7,107
Arunachal Pradesh,Longding,2022,1,1,0,2,4,0,1,6,26,15,2,10,0,19,0,5,1,8,117
Assam,Stf,2015,1,1,0,1,1,0,0,2,5,2,0,2,0,3,0,1,0,1,23
Assam,Stf,2016,1,1,0,1,1,0,0,2,5,2,0,2,0,4,0,1,0,1,24
Assam,Stf,2017,1,1,0,1,1,0,0,2,5,2,0,2,0,3,0,1,0,1,23
Assam,Stf,2018,1,1,0,1,1,0,0,2,5,3,0,2,0,4,0,1,0,1,25
Assam,Stf,2019,1,1,0,1,1,0,0,2,5,2,0,2,0,3,0,1,0,1,23
Assam,Stf,2020,1,1,0,1,1,0,0,2,5,2,0,2,0,3,0,1,0,1,23
Assam,Stf,2021,1,1,0,1,1,0,0,2,5,2,0,2,0,3,0,1,0,1,23
Assam,Stf,2022,1,1,0,1,1,0,0,2,5,3,0,2,0,3,0,1,0,1,24
Haryana,I&P Haryana,2015,11,14,2,16,44,1,12,33,133,85,12,32,6,133,5,32,10,30,709
Haryana,I&P Haryana,2016,11,14,2,13,25,2,15,33,135,65,21,38,4,107,4,44,10,44,684
Haryana,I&P Haryana,2017,15,15,2,14,40,2,13,32,117,49,17,49,7,158,2,30,8,52,753
Haryana,I&P Haryana,2018,13,13,2,15,39,0,12,47,138,67,26,53,7,147,3,34,8,40,777
Haryana,I&P Haryana,2019,9,11,1,22,34,2,21,40,188,84,15,50,6,91,3,45,15,47,798
Haryana,I&P Haryana,2020,9,11,1,8,30,2,12,44,107,64,15,41,3,101,2,18,4,41,596
Haryana,I&P Haryana,2021,11,13,1,16,41,1,11,42,153,69,15,71,2,123,4,48,7,57,793
Haryana,I&P Haryana,2022,8,7,1,24,31,3,11,57,118,51,11,57,4,105,6,44,6,50,706
Madhya Pradesh,Agar,2015,22,23,3,46,102,4,45,124,297,108,34,103,18,209,14,55,10,116,1637
Madhya Pradesh,Agar,2016,21,26,5,36,61,4,48,133,417,209,25,94,20,375,7,77,14,119,1953
Madhya Pradesh,Agar,2017,26,32,5,65,75,4,52,156,295,112,23,119,10,366,21,131,40,132,1946
Madhya Pradesh,Agar,2018,28,35,4,36,73,7,48,142,493,206,26,105,20,382,7,106,35,115,2148
Madhya Pradesh,Agar,2019,35,48,4,37,57,3,29,85,305,155,66,117,7,343,12,69,11,99,1748
Madhya Pradesh,Agar,2020,22,28,3,29,52,4,40,124,381,226,56,161,4,302,6,103,35,74,1875
Madhya Pradesh,Agar,2021,28,31,4,26,69,4,25,142,360,226,38,161,14,271,4,79,16,147,1898
Madhya Pradesh,Agar,2022,27,30,5,48,77,7,35,84,322,185,58,152,11,382,13,99,31,163,2002
Meghalaya,Garo Hills North,2015,3,3,0,4,9,0,2,7,40,19,4,8,1,25,0,5,1,8,173
Meghalaya,Garo Hills North,2016,2,1,0,5,7,0,2,8,40,21,4,8,1,36,0,8,1,16,187
Meghalaya,Garo Hills North,2017,3,2,0,3,6,0,3,16,45,17,4,11,0,26,0,9,2,9,183
Meghalaya,Garo Hills North,2018,2,1,0,7,13,0,2,16,53,21,2,12,1,40,1,8,2,16,227
Meghalaya,Garo Hills North,2019,3,2,0,5,7,1,3,10,30,16,7,12,0,26,1,11,2,8,203
Meghalaya,Garo Hills North,2020,2,2,0,4,8,0,3,8,32,19,2,12,0,25,0,4,1,6,149
Meghalaya,Garo Hills North,2021,2,2,0,4,6,0,2,14,39,21,2,17,0,30,0,8,1,10,184
Meghalaya,Garo Hills North,2022,3,3,0,4,9,0,2,9,29,10,2,16,2,21,1,8,1,10,180
Meghalaya,Garo Hills South W.,2015,1,1,0,2,4,0,1,7,25,11,1,5,0,18,0,6,1,6,102
Meghalaya,Garo Hills South W.,2016,1,1,0,2,5,0,0,5,15,8,2,5,0,10,0,2,0,5,89
Meghalaya,Garo Hills South W.,2017,1,1,0,2,4,0,1,6,17,10,2,5,0,17,0,3,0,7,95
Meghalaya,Garo Hills South W.,2018,2,1,0,1,4,0,2,6,28,15,3,5,0,19,0,6,1,8,116
Meghalaya,Garo Hills South W.,2019,1,1,0,2,5,0,1,6,19,8,1,5,0,21,0,4,1,8,100
Meghalaya,Garo Hills South W.,2020,1,1,0,1,3,0,1,3,21,9,2,7,0,13,0,4,0,3,80
Meghalaya,Garo Hills South W.,2021,1,1,0,2,2,0,1,7,20,8,2,8,0,17,0,3,0,4,95
Meghalaya,Garo Hills South W.,2022,1,1,0,3,5,0,2,7,25,9,3,9,0,20,0,5,1,5,110
Meghalaya,Jaintia Hills East,2015,5,4,0,7,17,0,6,26,44,25,3,16,2,46,2,16,5,16,298
Meghalaya,Jaintia Hills East,2016,4,4,0,7,12,0,8,27,74,33,6,14,2,40,1,18,2,15,312
Meghalaya,Jaintia Hills East,2017,6,5,1,9,16,0,6,24,66,42,7,19,3,56,3,15,2,23,350
Meghalaya,Jaintia Hills East,2018,4,4,0,5,14,0,5,13,50,32,6,20,1,54,1,16,4,23,298
Meghalaya,Jaintia Hills East,2019,5,6,1,8,18,1,9,13,51,21,10,17,1,62,2,14,2,25,318
Meghalaya,Jaintia Hills East,2020,5,4,1,6,9,0,5,15,48,30,6,23,1,50,1,11,2,20,276
Meghalaya,Jaintia Hills East,2021,4,4,0,4,15,0,6,19,64,35,3,23,1,55,1,15,3,16,313
Meghalaya,Jaintia Hills East,2022,5,6,0,11,17,0,6,23,85,30,11,26,1,42,1,15,4,18,351
Meghalaya,Jaintia Hills West,2015,4,3,0,10,11,1,6,13,63,25,11,17,2,63,3,20,5,19,321
Meghalaya,Jaintia Hills West,2016,3,3,0,9,21,0,6,21,61,22,10,21,3,43,2,17,5,13,314
Meghalaya,Jaintia Hills West,2017,6,8,0,6,18,1,3,14,80,40,9,20,3,61,1,11,2,17,350
Meghalaya,Jaintia Hills West,2018,3,4,0,10,19,1,8,25,50,19,7,16,2,63,3,11,2,22,310
Meghalaya,Jaintia Hills West,2019,6,5,1,10,13,0,4,13,49,30,9,21,2,40,1,14,4,13,323
Meghalaya,Jaintia Hills West,2020,5,5,0,3,12,0,4,16,53,31,10,20,2,51,0,12,3,13,277
Meghalaya,Jaintia Hills West,2021,6,7,0,11,17,0,9,17,57,34,7,33,1,59,3,21,3,19,353
Meghalaya,Jaintia Hills West,2022,4,5,0,10,18,0,4,23,82,51,7,29,3,66,3,21,4,20,400
Meghalaya,Khasi Hills South W.,2015,1,1,0,2,3,0,2,3,21,9,0,4,0,14,0,4,0,4,79
Meghalaya,Khasi Hills South W.,2016,1,1,0,2,5,0,1,6,23,9,2,4,0,12,0,6,1,7,93
Meghalaya,Khasi Hills South W.,2017,1,1,0,2,5,0,1,7,25,14,1,6,1,15,0,5,1,3,101
Meghalaya,Khasi Hills South W.,2018,1,1,0,2,6,0,1,7,17,6,1,6,0,13,0,5,1,5,98
Meghalaya,Khasi Hills South W.,2019,1,1,0,1,6,0,1,7,22,12,1,6,0,16,0,5,1,4,97
Meghalaya,Khasi Hills South W.,2020,1,1,0,1,4,0,1,5,15,7,1,7,0,12,0,4,1,4,74
Meghalaya,Khasi Hills South W.,2021,1,1,0,2,2,0,1,4,15,5,3,6,0,12,0,2,0,5,84
Meghalaya,Khasi Hills South W.,2022,1,1,0,2,3,0,2,7,26,14,3,7,0,20,0,3,0,4,107
Mizoram,Spl Narcotic,2015,9,11,2,11,37,0,6,30,151,53,12,35,3,94,1,26,8,31,602
Mizoram,Spl Narcotic,2016,8,6,1,14,19,1,5,29,142,75,17,34,1,85,2,21,5,37,583
Mizoram,Spl Narcotic,2017,9,9,1,17,28,1,7,26,122,77,7,30,2,109,2,19,5,29,583
Mizoram,Spl Narcotic,2018,12,12,2,19,42,2,11,45,164,95,6,44,3,107,3,33,5,40,743
Mizoram,Spl Narcotic,2019,11,11,2,10,32,1,14,53,165,80,12,32,7,81,2,36,9,51,702
Mizoram,Spl Narcotic,2020,9,12,1,11,14,1,12,32,103,57,15,39,4,64,2,20,5,21,492
Mizoram,Spl Narcotic,2021,8,7,1,20,22,1,11,32,95,50,10,61,5,98,3,35,9,42,608
Mizoram,Spl Narcotic,2022,9,7,1,17,30,1,16,29,119,73,15,65,5,142,3,20,4,31,688
Mizoram,Traffic Ps,2015,1,1,0,1,1,0,0,2,5,2,0,2,0,3,0,1,0,1,23
Mizoram,Traffic Ps,2016,1,1,0,1,1,0,0,2,5,2,0,2,0,3,0,1,0,1,23
Mizoram,Traffic Ps,2017,1,1,0,1,1,0,0,2,5,2,0,2,0,3,0,1,0,1,23
Mizoram,Traffic Ps,2018,1,1,0,1,1,0,0,2,5,2,0,2,0,3,0,1,0,1,23
Mizoram,Traffic Ps,2019,1,1,0,1,1,0,0,2,5,3,0,2,0,3,0,1,0,1,24
Mizoram,Traffic Ps,2020,1,1,0,1,1,0,0,2,5,2,0,2,0,3,0,1,0,1,23
Mizoram,Traffic Ps,2021,1,1,0,1,1,0,0,2,5,3,0,2,0,3,0,1,0,1,24
Mizoram,Traffic Ps,2022,1,1,0,1,1,0,0,2,5,3,0,2,0,3,0,1,0,1,24
Rajasthan,Discom,2015,9,7,2,9,19,1,11,29,100,59,17,34,2,80,2,26,7,23,509
Rajasthan,Discom,2016,7,7,1,8,28,2,10,39,110,49,15,24,3,68,2,20,5,38,503
Rajasthan,Discom,2017,7,8,1,9,19,2,5,32,108,51,12,24,2,86,2,28,9,39,512
Rajasthan,Discom,2018,7,7,0,10,21,1,13,46,126,61,8,33,2,84,1,20,5,31,559
Rajasthan,Discom,2019,6,6,1,13,22,0,6,45,128,48,9,34,1,91,3,18,5,33,545
Rajasthan,Discom,2020,7,7,1,8,19,1,8,17,62,34,6,39,1,57,2,22,7,33,394
Rajasthan,Discom,2021,6,6,0,15,31,1,9,25,80,31,17,37,2,63,2,29,8,26,465
Rajasthan,Discom,2022,11,10,1,8,35,2,10,44,143,65,14,40,5,108,2,29,9,33,647
Uttar Pradesh,Amethi,2015,28,24,3,53,110,7,24,106,351,167,47,116,5,352,8,106,18,136,1910
Uttar Pradesh,Amethi,2016,21,28,2,41,65,4,43,123,278,167,15,72,13,223,13,50,9,63,1484
Uttar Pradesh,Amethi,2017,32,41,4,55,50,2,22,98,319,118,64,111,12,284,11,80,12,116,1676
Uttar Pradesh,Amethi,2018,33,36,7,27,98,5,43,76,288,168,57,80,7,301,6,84,17,114,1687
Uttar Pradesh,Amethi,2019,31,40,5,52,113,6,35,163,287,148,33,111,14,343,16,65,15,109,1863
Uttar Pradesh,Amethi,2020,28,35,6,32,69,1,15,67,290,132,41,134,12,179,8,84,16,87,1434
Uttar Pradesh,Amethi,2021,24,25,4,49,99,4,16,125,364,139,49,129,13,328,15,61,17,90,1778
Uttar Pradesh,Amethi,2022,34,42,5,33,62,4,29,140,379,148,68,168,17,321,9,103,16,103,1950
Uttar Pradesh,Amroha,2015,38,34,9,42,163,3,53,113,607,299,85,194,12,460,6,160,32,150,2869
Uttar Pradesh,Amroha,2016,37,33,6,84,154,12,69,130,710,441,66,172,14,421,22,186,41,138,3168
Uttar Pradesh,Amroha,2017,58,65,8,97,151,7,50,199,752,347,68,163,18,388,22,162,31,206,3250
Uttar Pradesh,Amroha,2018,45,62,10,72,133,13,73,138,692,322,72,151,30,402,18,186,38,155,3052
Uttar Pradesh,Amroha,2019,44,43,7,54,95,13,77,140,703,378,92,175,19,488,15,137,37,161,3188
Uttar Pradesh,Amroha,2020,32,33,7,58,89,12,49,222,576,227,97,233,10,514,16,97,25,120,2809
Uttar Pradesh,Amroha,2021,66,81,8,53,130,12,55,169,607,221,64,317,21,395,8,151,35,190,3217
Uttar Pradesh,Amroha,2022,59,77,9,118,213,5,79,249,843,524,63,252,17,701,18,146,45,197,4133
Uttar Pradesh,Hapur,2015,25,22,3,42,86,8,33,76,359,176,24,119,15,381,10,62,18,135,1868
Uttar Pradesh,Hapur,2016,28,24,5,54,123,3,38,112,499,264,71,100,17,332,13,128,43,161,2316
Uttar Pradesh,Hapur,2017,29,31,3,71,113,3,44,84,315,138,34,107,20,357,23,66,10,95,2067
Uttar Pradesh,Hapur,2018,32,39,5,45,125,7,22,108,517,319,49,104,20,406,11,120,22,107,2343
Uttar Pradesh,Hapur,2019,44,48,8,61,92,5,38,104,581,231,79,157,21,374,19,116,25,107,2443
Uttar Pradesh,Hapur,2020,35,37,7,52,81,6,30,90,398,227,51,141,6,364,16,102,27,145,2080
Uttar Pradesh,Hapur,2021,42,50,6,38,107,3,47,102,309,182,74,161,18,301,11,76,12,102,1978
Uttar Pradesh,Hapur,2022,28,24,3,59,123,6,33,129,451,197,44,207,22,369,18,89,14,171,2291
Uttar Pradesh,Kasganj,2015,24,23,5,21,66,1,19,102,185,112,28,80,10,182,6,59,13,104,1216
Uttar Pradesh,Kasganj,2016,16,19,2,22,83,1,23,115,296,132,13,68,7,218,5,68,14,78,1385
Uttar Pradesh,Kasganj,2017,20,27,3,29,49,5,32,83,250,91,39,80,10,172,9,83,25,59,1271
Uttar Pradesh,Kasganj,2018,25,28,2,22,58,2,38,109,248,109,26,70,16,302,6,63,11,95,1438
Uttar Pradesh,Kasganj,2019,24,31,4,43,84,4,20,118,383,145,40,78,8,285,9,82,13,111,1689
Uttar Pradesh,Kasganj,2020,18,18,3,28,36,5,28,77,219,114,32,98,13,237,8,57,19,86,1271
Uttar Pradesh,Kasganj,2021,26,24,5,41,42,5,15,83,286,164,46,108,10,176,13,62,16,97,1404
Uttar Pradesh,Kasganj,2022,21,26,4,26,71,2,18,91,320,127,47,142,14,285,6,77,13,110,1609
Uttar Pradesh,Sambhal,2015,46,41,10,72,142,7,22,90,331,133,58,131,23,338,22,126,31,151,2194
Uttar Pradesh,Sambhal,2016,44,52,8,58,144,8,35,125,553,249,76,147,7,292,14,97,26,147,2399
Uttar Pradesh,Sambhal,2017,44,59,6,65,116,10,37,194,394,247,32,158,28,343,17,74,22,209,2425
Uttar Pradesh,Sambhal,2018,52,65,12,46,83,5,58,187,383,155,28,147,25,341,15,101,25,128,2419
Uttar Pradesh,Sambhal,2019,35,42,4,50,96,5,22,124,496,258,43,153,23,399,17,93,19,115,2332
Uttar Pradesh,Sambhal,2020,40,33,7,35,59,3,21,113,499,285,73,141,19,270,11,125,42,132,2199
Uttar Pradesh,Sambhal,2021,40,44,6,63,80,5,68,124,412,147,58,238,12,288,11,117,18,137,2361
Uttar Pradesh,Sambhal,2022,48,57,11,78,151,6,28,214,404,154,92,206,17,420,19,146,28,188,2629
Uttar Pradesh,Shamli,2015,22,30,4,56,115,7,46,145,390,186,19,94,6,355,14,57,13,117,1930
Uttar Pradesh,Shamli,2016,29,38,3,26,92,6,20,110,458,297,42,116,7,317,6,70,20,118,2037
Uttar Pradesh,Shamli,2017,28,23,5,53,116,5,48,152,466,274,53,91,17,213,9,118,21,77,2033
Uttar Pradesh,Shamli,2018,25,21,6,39,104,3,58,104,437,212,36,126,7,266,11,97,14,157,2016
Uttar Pradesh,Shamli,2019,25,25,3,35,117,8,56,103,411,216,63,101,16,236,6,114,35,113,1968
Uttar Pradesh,Shamli,2020,25,32,3,39,83,3,39,102,233,140,52,143,9,201,8,82,27,108,1548
Uttar Pradesh,Shamli,2021,31,37,4,49,105,4,21,114,410,258,28,172,16,237,13,107,18,117,2013
Uttar Pradesh,Shamli,2022,31,35,4,42,68,4,52,85,450,283,60,166,6,304,13,129,44,154,2212
Dadra & Nagar Haveli,D&N Haveli,2015,6,6,1,6,12,1,5,21,71,35,8,16,2,60,1,19,4,17,336
Dadra & Nagar Haveli,D&N Haveli,2016,4,5,0,6,11,0,5,13,43,24,7,17,1,56,1,13,2,20,287
Dadra & Nagar Haveli,D&N Haveli,2017,3,3,0,6,18,0,4,13,46,23,10,14,1,36,1,9,1,15,276
Dadra & Nagar Haveli,D&N Haveli,2018,5,6,0,8,21,0,8,27,50,18,12,23,2,51,1,19,3,18,325
Dadra & Nagar Haveli,D&N Haveli,2019,4,3,0,6,10,1,4,14,52,32,12,17,1,53,1,21,4,24,326
Dadra & Nagar Haveli,D&N Haveli,2020,3,3,0,7,14,0,2,20,62,23,4,20,1,34,1,11,3,18,261
Dadra & Nagar Haveli,D&N Haveli,2021,6,5,1,10,12,1,8,21,71,44,9,22,1,43,2,15,3,21,341
Dadra & Nagar Haveli,D&N Haveli,2022,4,5,0,9,18,0,4,26,52,22,9,29,1,70,2,14,3,20,337
Delhi,Metro Rail,2015,25,28,3,57,129,2,41,97,507,215,54,121,15,345,9,61,15,78,2081
Delhi,Metro Rail,2016,24,29,5,52,107,5,37,148,363,174,54,118,9,344,16,95,28,94,1964
Delhi,Metro Rail,2017,35,29,4,64,98,2,26,91,327,129,19,112,5,281,14,94,18,101,1944
Delhi,Metro Rail,2018,34,47,3,40,132,3,42,116,535,249,26,120,16,436,11,85,26,115,2356
Delhi,Metro Rail,2019,33,37,4,60,106,5,57,138,476,276,44,133,6,300,14,83,18,144,2226
Delhi,Metro Rail,2020,24,27,5,55,85,4,31,120,368,157,58,146,7,217,14,86,26,112,1797
Delhi,Metro Rail,2021,26,21,4,65,84,4,22,81,435,232,40,195,17,256,19,120,41,139,2087
Delhi,Metro Rail,2022,41,42,7,44,71,5,24,174,570,211,23,189,14,457,13,108,28,102,2441
Andhra Pradesh,Guntakal Railway,2015,15,20,2,22,51,3,12,57,205,88,16,61,4,192,7,61,19,68,1037
Andhra Pradesh,Guntakal Railway,2016,11,9,1,19,59,3,9,72,203,96,24,54,9,138,4,48,10,67,966
Andhra Pradesh,Guntakal Railway,2017,15,13,2,27,35,2,13,51,237,151,35,49,6,160,6,51,7,46,1052
Andhra Pradesh,Guntakal Railway,2018,11,12,1,19,39,3,19,44,159,89,17,59,8,198,4,61,13,50,943
Andhra Pradesh,Guntakal Railway,2019,17,17,1,31,64,4,19,48,148,82,9,55,3,137,7,36,12,53,935
Andhra Pradesh,Guntakal Railway,2020,17,19,1,25,41,1,13,53,196,125,9,70,3,151,3,30,5,71,959
Andhra Pradesh,Guntakal Railway,2021,15,12,2,17,31,3,11,44,158,94,33,85,7,208,2,33,8,71,979
Andhra Pradesh,Guntakal Railway,2022,16,18,3,25,49,4,20,52,152,54,28,91,5,178,5,58,11,38,947
Andhra Pradesh,Vijayawada Railway,2015,47,57,11,39,159,7,51,93,500,263,34,132,20,478,9,99,20,145,2514
Andhra Pradesh,Vijayawada Railway,2016,41,49,6,37,89,10,61,97,386,136,65,132,26,345,9,102,18,142,2335
Andhra Pradesh,Vijayawada Railway,2017,32,27,7,38,137,10,62,96,356,169,51,120,9,465,12,70,18,120,2221
Andhra Pradesh,Vijayawada Railway,2018,46,40,4,54,96,9,53,103,409,219,40,129,25,331,16,112,19,145,2509
Andhra Pradesh,Vijayawada Railway,2019,36,46,7,68,158,5,33,114,578,329,28,180,17,366,12,181,56,132,2752
Andhra Pradesh,Vijayawada Railway,2020,23,18,5,31,112,8,33,103,395,193,59,136,17,399,8,59,12,98,1985
Andhra Pradesh,Vijayawada Railway,2021,34,30,4,85,145,10,32,195,522,205,99,254,24,339,15,137,27,186,2722
Andhra Pradesh,Vijayawada Railway,2022,48,60,9,78,166,5,28,189,400,151,94,196,11,299,17,129,40,138,2495
Arunachal Pradesh,Crime Branch,2015,2,1,0,7,12,0,2,20,39,22,7,12,2,36,1,14,4,20,235
Arunachal Pradesh,Crime Branch,2016,3,3,0,6,11,1,4,15,45,22,7,13,0,46,1,12,3,20,247
Arunachal Pradesh,Crime Branch,2017,4,4,0,8,13,0,4,18,54,33,4,17,2,50,1,10,2,21,284
Arunachal Pradesh,Crime Branch,2018,3,3,0,6,11,0,4,11,44,17,6,15,2,37,2,15,3,20,246
Arunachal Pradesh,Crime Branch,2019,3,3,0,5,10,0,3,10,53,23,8,16,2,39,1,8,1,12,249
Arunachal Pradesh,Crime Branch,2020,3,2,0,4,6,0,3,18,55,20,7,18,1,43,1,7,2,13,234
Arunachal Pradesh,Crime Branch,2021,3,4,0,4,13,0,7,20,65,40,2,26,1,47,1,12,4,10,296
Arunachal Pradesh,Crime Branch,2022,5,4,1,7,17,1,3,11,53,28,7,21,2,52,1,13,3,20,290
Arunachal Pradesh,Kukung Kumey,2015,1,1,0,1,3,0,1,4,13,5,1,3,0,11,0,2,0,2,56
Arunachal Pradesh,Kukung Kumey,2016,1,1,0,1,3,0,1,4,15,7,1,3,0,10,0,2,0,4,61
Arunachal Pradesh,Kukung Kumey,2017,1,1,0,1,4,0,0,3,11,6,2,3,0,8,0,4,0,4,65
Arunachal Pradesh,Kukung Kumey,2018,1,1,0,2,3,0,0,2,12,6,2,4,0,10,0,4,0,5,63
Arunachal Pradesh,Kukung Kumey,2019,1,1,0,2,3,0,1,4,10,5,2,4,0,9,0,3,0,4,67
Arunachal Pradesh,Kukung Kumey,2020,1,1,0,1,2,0,1,2,12,5,1,4,0,7,0,2,0,1,49
Arunachal Pradesh,Kukung Kumey,2021,1,1,0,1,2,0,1,4,12,4,1,5,0,11,0,2,0,3,57
Arunachal Pradesh,Kukung Kumey,2022,1,1,0,1,4,0,1,4,10,3,2,4,0,13,0,3,0,3,66
Arunachal Pradesh,Lower Dibang Valley,2015,2,1,0,3,3,0,2,6,19,11,2,7,0,19,0,5,1,7,103
Arunachal Pradesh,Lower Dibang Valley,2016,2,2,0,3,4,0,1,5,29,11,4,6,0,23,0,5,0,5,117
Arunachal Pradesh,Lower Dibang Valley,2017,1,1,0,2,7,0,1,7,29,15,4,8,1,17,0,7,1,6,124
Arunachal Pradesh,Lower Dibang Valley,2018,1,1,0,2,6,0,1,10,20,7,4,6,1,15,0,7,1,8,129
Arunachal Pradesh,Lower Dibang Valley,2019,1,1,0,3,7,0,1,10,31,15,1,7,0,24,0,5,0,4,127
Arunachal Pradesh,Lower Dibang Valley,2020,1,1,0,1,5,0,2,4,17,9,2,10,0,14,0,4,0,5,104
Arunachal Pradesh,Lower Dibang Valley,2021,1,1,0,2,5,0,1,9,25,10,4,11,1,14,0,7,2,8,120
Arunachal Pradesh,Lower Dibang Valley,2022,1,1,0,2,6,0,1,6,22,11,4,13,1,28,0,4,1,8,130
Arunachal Pradesh,Papum Pare City,2015,9,9,1,20,34,1,14,56,196,80,9,50,7,96,4,45,12,41,790
Arunachal Pradesh,Papum Pare City,2016,13,17,1,19,39,3,18,52,200,101,25,40,7,120,5,38,7,60,877
Arunachal Pradesh,Papum Pare City,2017,16,19,2,25,38,1,11,60,225,107,27,52,2,135,6,33,11,60,952
Arunachal Pradesh,Papum Pare City,2018,18,21,3,14,39,3,9,63,175,81,32,48,7,142,3,37,7,39,865
Arunachal Pradesh,Papum Pare City,2019,12,11,1,23,37,1,18,65,162,76,29,57,7,145,6,43,7,66,892
Arunachal Pradesh,Papum Pare City,2020,10,12,2,15,21,3,18,55,189,88,24,66,5,106,3,39,8,59,826
Arunachal Pradesh,Papum Pare City,2021,11,13,2,24,25,0,9,64,194,86,17,61,3,128,5,42,9,67,879
Arunachal Pradesh,Papum Pare City,2022,9,9,2,21,23,3,16,53,193,120,27,57,6,103,6,53,18,65,898
Arunachal Pradesh,Papum Pare Rural,2015,1,1,0,3,5,0,1,9,24,15,2,5,1,14,0,7,1,7,114
Arunachal Pradesh,Papum Pare Rural,2016,2,2,0,1,4,0,1,5,23,14,1,6,0,22,0,7,1,9,114
Arunachal Pradesh,Papum Pare Rural,2017,1,1,0,3,5,0,2,8,24,12,1,7,0,15,1,4,1,9,122
Arunachal Pradesh,Papum Pare Rural,2018,2,1,0,2,6,0,2,8,30,14,3,7,1,24,0,3,0,9,128
Arunachal Pradesh,Papum Pare Rural,2019,1,1,0,3,7,0,2,8,30,10,1,7,0,19,0,4,1,5,117
Arunachal Pradesh,Papum Pare Rural,2020,1,1,0,2,4,0,1,4,15,7,2,6,1,17,0,3,0,7,92
Arunachal Pradesh,Papum Pare Rural,2021,2,1,0,2,6,0,1,6,28,12,4,9,0,22,0,7,1,7,125
Arunachal Pradesh,Papum Pare Rural,2022,1,1,0,3,6,0,1,9,30,17,3,11,1,15,0,6,1,8,131
Assam,G. R. P.,2015,8,9,1,7,26,1,11,28,112,68,14,30,2,54,2,14,3,23,481
Assam,G. R. P.,2016,6,5,1,11,26,0,7,33,109,38,13,29,1,52,2,13,3,17,429
Assam,G. R. P.,2017,9,9,1,6,31,1,9,33,93,45,17,25,2,70,1,15,4,27,465
Assam,G. R. P.,2018,10,8,2,8,16,2,5,26,131,81,10,33,4,93,1,16,5,20,548
Assam,G. R. P.,2019,7,9,0,9,32,0,11,38,85,31,12,24,1,78,1,33,10,37,490
Assam,G. R. P.,2020,5,5,0,10,23,0,5,24,63,24,6,39,4,59,1,22,4,28,392
Assam,G. R. P.,2021,7,6,1,10,25,1,7,29,104,45,16,32,3,53,2,17,4,36,464
Assam,G. R. P.,2022,7,7,0,15,17,0,12,19,113,42,5,46,2,78,3,26,5,31,497
Assam,N. C. Hills,2015,4,3,0,5,13,1,6,31,67,40,11,17,1,53,1,18,2,22,349
Assam,N. C. Hills,2016,7,5,1,10,21,1,4,15,105,56,6,24,3,47,3,12,3,27,406
Assam,N. C. Hills,2017,6,7,1,5,16,1,9,28,53,34,7,18,3,42,1,18,6,27,339
Assam,N. C. Hills,2018,5,4,1,9,25,1,5,20,75,48,6,22,3,67,2,19,4,26,398
Assam,N. C. Hills,2019,5,5,0,6,28,0,5,35,73,42,4,26,2,68,1,12,2,16,403
Assam,N. C. Hills,2020,4,4,0,7,21,1,3,23,61,24,10,29,3,56,1,14,3,14,330
Assam,N. C. Hills,2021,7,9,1,10,16,1,9,19,71,28,5,33,2,45,1,17,4,29,358
Assam,N. C. Hills,2022,6,7,0,11,19,1,5,31,82,41,10,37,2,54,2,13,3,29,408
Bihar,Jamalpur Railway,2015,5,4,0,11,28,1,8,25,83,43,5,32,5,81,3,18,2,30,451
Bihar,Jamalpur Railway,2016,7,9,0,14,25,1,10,20,121,56,6,26,2,77,4,27,4,33,511
Bihar,Jamalpur Railway,2017,8,7,1,12,24,2,7,37,120,50,4,29,3,77,3,20,4,28,502
Bihar,Jamalpur Railway,2018,6,4,0,7,33,0,14,36,76,46,6,28,5,97,1,24,6,21,496
Bihar,Jamalpur Railway,2019,9,9,1,12,22,0,10,23,91,40,9,34,4,108,2,17,3,36,505
Bihar,Jamalpur Railway,2020,4,5,0,12,23,1,4,22,104,64,4,31,2,59,3,22,7,28,451
Bihar,Jamalpur Railway,2021,8,6,1,6,14,1,12,19,88,47,11,36,3,93,1,22,4,20,458
Bihar,Jamalpur Railway,2022,6,4,1,11,27,1,12,21,76,48,12,47,3,60,2,16,4,24,456
Bihar,Katihar Railway,2015,8,7,1,13,20,0,7,22,63,34,10,23,1,56,2,21,4,33,420
Bihar,Katihar Railway,2016,8,7,1,11,23,1,11,36,100,40,15,23,4,66,3,28,7,31,477
Bihar,Katihar Railway,2017,9,12,1,12,29,1,5,18,96,39,12,29,2,62,1,13,2,18,424
Bihar,Katihar Railway,2018,9,7,1,12,20,0,6,22,101,35,7,21,1,61,2,19,6,29,437
Bihar,Katihar Railway,2019,7,8,1,14,19,0,11,30,90,39,7,25,2,57,2,17,3,28,472
Bihar,Katihar Railway,2020,6,5,1,7,25,1,4,21,97,34,10,35,2,70,2,15,3,17,413
Bihar,Katihar Railway,2021,7,6,1,8,31,1,11,35,72,39,14,41,3,66,1,21,6,35,466
Bihar,Katihar Railway,2022,7,9,0,15,21,1,9,20,94,37,7,38,2,99,4,17,4,29,482
Bihar,Muzaffarpur Railway,2015,12,12,2,23,40,3,18,36,189,109,27,41,7,121,4,35,8,37,828
Bihar,Muzaffarpur Railway,2016,15,18,2,18,27,0,16,45,196,87,9,47,2,141,6,47,15,37,833
Bihar,Muzaffarpur Railway,2017,16,13,2,21,48,3,15,59,132,69,27,53,4,111,5,35,9,48,785
Bihar,Muzaffarpur Railway,2018,16,19,3,23,49,3,21,39,183,100,14,41,8,123,7,34,8,34,859
Bihar,Muzaffarpur Railway,2019,13,11,3,18,44,3,18,31,125,78,26,39,2,163,4,26,8,47,774
Bihar,Muzaffarpur Railway,2020,9,9,1,13,41,0,14,46,142,80,14,59,6,129,3,32,8,54,752
Bihar,Muzaffarpur Railway,2021,12,16,1,16,23,0,17,40,202,121,26,67,8,162,4,36,6,43,911
Bihar,Muzaffarpur Railway,2022,14,13,3,17,25,3,13,52,148,94,21,69,7,136,4,57,14,73,886
Bihar,Patna Railway,2015,29,40,3,50,58,8,45,141,450,168,39,122,14,304,9,59,9,88,1900
Bihar,Patna Railway,2016,30,24,5,46,97,6,33,68,442,283,47,80,18,266,10,94,25,75,1898
Bihar,Patna Railway,2017,25,23,4,48,124,7,27,86,369,152,35,126,9,384,13,84,21,110,1915
Bihar,Patna Railway,2018,29,37,7,53,94,7,50,103,356,193,28,87,10,299,13,78,18,144,1879
Bihar,Patna Railway,2019,33,41,4,45,130,5,30,94,387,214,49,99,18,383,10,80,15,109,2029
Bihar,Patna Railway,2020,32,35,7,24,97,8,17,84,265,117,58,120,18,347,7,77,14,72,1642
Bihar,Patna Railway,2021,27,30,5,64,114,8,19,106,479,199,30,144,7,383,10,110,24,117,2166
Bihar,Patna Railway,2022,28,36,4,54,84,2,38,112,331,128,24,203,16,390,8,141,27,88,2088
Bihar,Economic Offences Unit,2015,1,1,0,1,1,0,0,2,5,2,0,2,0,3,0,1,0,1,23
Bihar,Economic Offences Unit,2016,1,1,0,1,1,0,0,2,5,2,0,2,0,3,0,1,0,1,23
Bihar,Economic Offences Unit,2017,1,1,0,1,1,0,0,2,5,2,0,2,0,3,0,1,0,1,23
Bihar,Economic Offences Unit,2018,1,1,0,1,1,0,0,2,5,2,0,2,0,3,0,1,0,1,23
Bihar,Economic Offences Unit,2019,1,1,0,1,1,0,0,2,5,2,0,2,0,3,0,1,0,1,23
Bihar,Economic Offences Unit,2020,1,1,0,1,1,0,0,2,5,2,0,2,0,3,0,1,0,1,23
Bihar,Economic Offences Unit,2021,1,1,0,1,1,0,0,2,5,2,0,2,0,3,0,1,0,1,23
Bihar,Economic Offences Unit,2022,1,1,0,1,1,0,0,2,5,2,0,2,0,3,0,1,0,1,23
Bihar,Anti Terrorist Squad,2015,5,5,1,8,24,1,9,21,101,49,4,20,2,63,2,17,5,22,413
Bihar,Anti Terrorist Squad,2016,4,3,0,6,27,1,11,21,104,63,11,23,1,76,1,19,6,18,453
Bihar,Anti Terrorist Squad,2017,6,7,1,11,17,2,5,33,99,50,16,22,3,71,3,16,4,18,448
Bihar,Anti Terrorist Squad,2018,8,10,0,11,24,0,10,33,93,40,14,24,1,88,3,26,8,29,485
Bihar,Anti Terrorist Squad,2019,7,9,1,15,24,1,13,33,108,66,13,26,2,61,5,30,4,23,506
Bihar,Anti Terrorist Squad,2020,7,9,1,8,10,0,10,21,75,37,6,28,2,73,1,18,3,22,381
Bihar,Anti Terrorist Squad,2021,4,4,0,8,21,1,3,18,85,34,4,32,4,79,2,18,3,32,408
Bihar,Anti Terrorist Squad,2022,8,6,1,14,21,1,4,22,115,67,5,34,3,54,3,21,7,21,471
Chhattisgarh,Balodbazar,2015,51,42,6,56,129,4,79,140,460,243,74,149,16,571,17,106,34,221,2961
Chhattisgarh,Balodbazar,2016,65,72,14,77,119,13,88,169,637,223,46,230,27,614,19,185,53,244,3447
Chhattisgarh,Balodbazar,2017,47,54,6,68,194,4,72,249,669,295,57,217,29,514,18,129,21,276,3383
Chhattisgarh,Balodbazar,2018,56,49,8,76,183,11,67,217,952,396,138,197,36,730,26,152,35,309,4162
Chhattisgarh,Balodbazar,2019,44,49,8,71,231,10,77,197,813,303,122,165,26,466,11,162,25,214,3502
Chhattisgarh,Balodbazar,2020,51,41,7,63,104,4,32,205,638,335,46,245,19,523,18,172,35,199,3140
Chhattisgarh,Balodbazar,2021,55,60,6,93,200,10,38,173,516,234,38,358,14,442,14,112,17,298,3355
Chhattisgarh,Balodbazar,2022,60,66,9,72,196,4,90,306,873,439,52,308,33,623,20,194,40,262,4178
Chhattisgarh,Bemetra,2015,32,27,4,47,91,4,36,80,287,101,55,85,8,348,9,55,13,85,1778
Chhattisgarh,Bemetra,2016,25,30,2,28,111,6,40,155,472,211,38,108,8,248,5,85,23,98,1966
Chhattisgarh,Bemetra,2017,34,41,5,43,67,5,19,124,259,129,53,118,17,300,10,68,15,91,1659
Chhattisgarh,Bemetra,2018,21,25,3,51,84,3,23,108,476,244,68,120,18,291,13,75,12,76,1973
Chhattisgarh,Bemetra,2019,33,44,7,28,79,6,29,106,482,204,21,102,22,323,7,57,13,119,1964
Chhattisgarh,Bemetra,2020,26,24,3,23,50,4,37,72,371,189,16,125,10,213,7,78,15,119,1602
Chhattisgarh,Bemetra,2021,35,40,4,29,78,7,52,102,365,145,21,187,11,364,6,57,12,133,1926
Chhattisgarh,Bemetra,2022,37,46,8,36,99,8,35,89,409,260,66,178,12,413,10,111,24,119,2250
Chhattisgarh,G. R. P. Raipur,2015,8,9,0,11,28,3,12,47,154,85,21,36,4,104,2,21,5,26,670
Chhattisgarh,G. R. P. Raipur,2016,10,12,1,18,29,2,11,30,120,65,12,38,6,80,4,44,15,44,635
Chhattisgarh,G. R. P. Raipur,2017,10,10,1,13,43,1,12,32,119,45,6,41,2,99,4,32,6,44,628
Chhattisgarh,G. R. P. Raipur,2018,13,11,1,16,21,2,13,59,159,63,17,43,5,129,3,34,10,38,738
Chhattisgarh,G. R. P. Raipur,2019,9,10,1,21,23,3,9,40,148,54,17,46,2,102,7,41,6,33,759
Chhattisgarh,G. R. P. Raipur,2020,9,11,2,13,34,1,12,45,97,54,16,52,4,86,2,32,7,45,603
Chhattisgarh,G. R. P. Raipur,2021,14,14,3,18,42,1,9,32,129,75,21,47,3,126,5,20,5,27,688
Chhattisgarh,G. R. P. Raipur,2022,14,13,1,15,39,2,18,50,159,65,18,63,5,100,4,46,8,65,797
Chhattisgarh,Mungali,2015,13,16,1,27,53,0,19,40,150,54,17,43,6,121,5,56,9,42,892
Chhattisgarh,Mungali,2016,18,17,4,20,42,2,17,82,206,84,23,61,8,138,3,30,5,71,977
Chhattisgarh,Mungali,2017,17,20,2,16,46,3,28,91,278,145,39,59,12,218,4,39,12,76,1256
Chhattisgarh,Mungali,2018,15,13,1,19,63,3,28,48,215,117,30,54,4,164,4,70,15,74,1092
Chhattisgarh,Mungali,2019,18,23,4,33,48,1,22,68,160,98,11,52,4,188,7,72,11,62,1052
Chhattisgarh,Mungali,2020,13,12,1,25,53,2,14,41,219,80,31,71,2,140,8,33,7,61,931
Chhattisgarh,Mungali,2021,11,10,2,30,63,4,28,68,147,61,28,88,8,172,4,53,11,51,980
Chhattisgarh,Mungali,2022,20,23,3,24,67,4,27,83,285,112,37,109,12,216,4,42,11,93,1330
Goa,C. I. D.,2015,1,1,0,3,7,0,2,6,24,13,2,7,0,25,0,5,1,11,126
Goa,C. I. D.,2016,2,1,0,2,9,0,3,10,40,23,5,9,0,22,0,9,2,8,166
Goa,C. I. D.,2017,2,1,0,2,8,0,3,12,34,17,2,9,0,30,0,7,1,13,164
Goa,C. I. D.,2018,1,1,0,3,9,0,3,11,22,14,4,9,1,30,0,4,0,12,145
Goa,C. I. D.,2019,3,2,0,5,6,0,3,12,26,14,1,8,1,19,1,9,2,7,161
Goa,C. I. D.,2020,2,2,0,2,8,0,1,6,23,10,1,10,0,17,0,7,1,6,126
Goa,C. I. D.,2021,3,2,0,5,7,0,3,11,23,10,2,12,1,33,1,8,1,13,158
Goa,C. I. D.,2022,1,1,0,4,8,0,2,12,33,17,1,13,1,22,0,8,1,7,153
Gujarat,Ahmedabad City,2015,309,310,49,437,1033,38,381,908,3125,1982,485,915,71,2994,74,925,169,1199,17782
Gujarat,Ahmedabad City,2016,249,282,39,554,883,65,358,1421,4683,2618,464,878,175,3511,187,804,279,956,20951
Gujarat,Ahmedabad City,2017,249,316,39,263,937,60,253,1256,4138,1581,304,782,89,2610,58,847,229,978,17279
Gujarat,Ahmedabad City,2018,335,318,81,455,1127,86,492,1578,2922,1151,684,874,55,3889,145,1146,238,1007,19236
Gujarat,Ahmedabad City,2019,355,496,68,549,905,76,515,1191,4218,2569,554,1218,145,2996,130,815,236,1572,21229
Gujarat,Ahmedabad City,2020,275,347,61,305,822,17,241,1048,2488,1015,489,1242,43,2773,75,899,187,629,14981
Gujarat,Ahmedabad City,2021,221,205,53,400,850,26,291,631,2414,1069,454,1341,102,2877,90,646,221,1038,15478
Gujarat,Ahmedabad City,2022,327,289,62,439,1175,27,418,1044,3406,2045,227,1437,191,3590,96,936,311,1227,19851
Gujarat,Arvalli,2015,72,85,11,60,149,6,84,285,994,512,43,261,12,649,13,250,39,163,4244
Gujarat,Arvalli,2016,68,78,10,123,195,15,66,301,739,321,83,250,37,775,27,190,46,332,4261
Gujarat,Arvalli,2017,64,87,12,107,275,17,54,173,1168,645,168,237,46,617,36,131,40,205,4722
Gujarat,Arvalli,2018,57,48,9,152,178,21,78,314,749,273,101,274,47,617,37,262,86,374,4453
Gujarat,Arvalli,2019,79,66,10,110,293,15,136,239,1287,468,96,264,22,750,33,223,62,331,5192
Gujarat,Arvalli,2020,67,79,12,61,206,4,88,269,686,251,56,264,24,637,11,113,33,263,3625
Gujarat,Arvalli,2021,85,102,21,66,186,19,45,236,892,451,123,412,18,502,10,216,48,319,4346
Gujarat,Arvalli,2022,69,74,9,129,292,20,61,316,1000,365,75,355,22,604,22,182,59,210,4492
Gujarat,Banaskantha,2015,56,68,10,125,256,11,76,258,714,455,60,224,31,784,42,233,40,378,4490
Gujarat,Banaskantha,2016,92,126,14,110,210,5,90,210,923,442,173,279,31,841,21,264,90,370,5042
Gujarat,Banaskantha,2017,67,92,15,116,219,20,115,325,831,348,121,270,39,921,22,302,83,417,5032
Gujarat,Banaskantha,2018,100,119,15,92,173,22,136,212,1253,669,75,225,53,956,19,269,42,367,5490
Gujarat,Banaskantha,2019,93,76,11,139,348,21,57,350,1304,573,117,362,26,748,33,298,70,214,5616
Gujarat,Banaskantha,2020,87,109,15,105,139,12,115,231,786,278,141,411,40,628,35,157,40,353,4330
Gujarat,Banaskantha,2021,63,66,12,161,237,18,102,249,1214,771,85,446,28,927,24,214,70,209,5608
Gujarat,Banaskantha,2022,60,59,13,119,250,23,61,364,733,357,134,483,26,747,23,304,95,270,4826
Gujarat,Botad,2015,11,15,1,23,43,3,20,60,220,119,15,57,4,163,7,49,10,59,1000
Gujarat,Botad,2016,11,14,2,21,55,4,17,49,186,93,8,43,6,116,5,28,4,45,884
Gujarat,Botad,2017,17,16,2,12,24,3,12,60,213,116,32,51,2,172,3,45,11,58,970
Gujarat,Botad,2018,16,15,1,25,27,0,11,69,141,55,26,43,2,179,4,49,12,50,849
Gujarat,Botad,2019,11,8,1,22,38,3,18,46,158,74,35,51,9,193,6,61,19,47,936
Gujarat,Botad,2020,16,17,2,17,25,3,10,67,204,73,16,65,8,127,3,37,10,40,854
Gujarat,Botad,2021,15,18,2,22,31,2,21,34,195,86,10,69,6,116,5,54,10,57,873
Gujarat,Botad,2022,16,16,2,24,40,2,11,60,181,115,26,89,7,101,6,52,11,56,940
Gujarat,Chhotaudepur,2015,22,29,5,27,83,3,20,78,330,195,18,71,10,169,8,77,18,89,1431
Gujarat,Chhotaudepur,2016,14,17,2,20,50,2,17,82,262,97,16,74,12,207,6,74,23,78,1231
Gujarat,Chhotaudepur,2017,20,21,4,19,70,6,18,57,297,165,17,74,12,241,2,82,17,111,1428
Gujarat,Chhotaudepur,2018,20,23,4,30,62,6,35,73,289,114,51,74,4,222,7,65,14,98,1395
Gujarat,Chhotaudepur,2019,19,18,4,29,54,6,20,102,212,128,23,70,6,221,9,82,18,105,1309
Gujarat,Chhotaudepur,2020,22,22,2,31,40,5,13,45,273,103,39,84,4,230,9,33,9,94,1223
Gujarat,Chhotaudepur,2021,17,21,4,27,62,6,36,100,358,202,43,110,6,213,4,88,20,77,1590
Gujarat,Chhotaudepur,2022,17,19,3,27,48,3,24,102,238,147,24,136,8,213,8,43,14,63,1342
Gujarat,C. I. D. Crime,2015,3,2,0,5,11,0,5,16,40,22,3,12,2,39,1,6,1,16,214
Gujarat,C. I. D. Crime,2016,4,3,0,6,6,0,5,18,32,13,6,13,2,27,1,10,2,11,202
Gujarat,C. I. D. Crime,2017,4,5,0,7,9,0,4,12,35,17,6,14,1,43,1,8,1,17,215
Gujarat,C. I. D. Crime,2018,3,3,0,3,9,0,5,17,33,12,5,11,2,36,0,8,1,15,212
Gujarat,C. I. D. Crime,2019,4,5,0,6,9,0,3,14,37,19,7,12,1,27,2,13,3,19,220
Gujarat,C. I. D. Crime,2020,3,3,0,2,8,0,3,13,42,17,4,16,1,24,0,11,2,9,185
Gujarat,C. I. D. Crime,2021,3,3,0,7,10,0,5,10,48,28,7,18,1,41,1,13,3,12,242
Gujarat,C. I. D. Crime,2022,2,2,0,4,9,0,4,13,52,18,7,16,1,28,0,10,3,16,217
Gujarat,Dang,2015,5,6,1,5,15,1,6,16,50,32,5,16,1,57,1,15,4,23,300
Gujarat,Dang,2016,5,5,1,5,9,0,8,13,52,19,9,13,2,56,1,14,2,21,277
Gujarat,Dang,2017,5,4,0,9,19,0,5,26,48,23,7,18,2,51,1,21,6,16,313
Gujarat,Dang,2018,5,4,0,6,11,0,6,22,82,52,9,18,1,60,1,16,2,17,357
Gujarat,Dang,2019,7,8,1,5,21,1,3,26,88,40,9,19,1,55,1,14,4,15,368
Gujarat,Dang,2020,3,3,0,8,15,0,4,17,49,30,3,25,2,47,1,8,2,15,273
Gujarat,Dang,2021,5,5,0,6,17,0,8,16,82,36,3,21,1,40,1,17,3,17,322
Gujarat,Dang,2022,6,8,1,8,17,0,8,24,51,21,9,26,3,63,2,13,2,20,331
Gujarat,Devbhumi Dwarka,2015,24,27,5,29,45,2,25,51,226,108,21,74,8,201,9,71,22,77,1193
Gujarat,Devbhumi Dwarka,2016,19,22,4,26,60,3,17,65,291,151,34,72,3,168,7,58,16,80,1257
Gujarat,Devbhumi Dwarka,2017,24,23,3,29,48,1,28,66,329,177,34,84,11,242,9,83,13,103,1490
Gujarat,Devbhumi Dwarka,2018,26,25,2,34,66,4,36,90,268,102,19,73,5,226,5,56,9,92,1328
Gujarat,Devbhumi Dwarka,2019,26,31,6,29,86,6,17,92,290,152,42,66,8,225,7,40,9,99,1434
Gujarat,Devbhumi Dwarka,2020,17,18,3,24,63,4,16,82,163,61,37,80,9,150,4,51,11,76,1020
Gujarat,Devbhumi Dwarka,2021,16,15,2,19,38,4,14,72,294,130,13,97,4,152,5,67,20,74,1207
Gujarat,Devbhumi Dwarka,2022,25,33,4,22,37,2,23,86,237,90,26,108,7,167,4,80,19,92,1240
Gujarat,Gir Somnath,2015,18,23,4,44,82,3,30,77,204,124,46,74,12,219,8,80,26,97,1369
Gujarat,Gir Somnath,2016,20,17,3,23,60,5,35,86,384,219,38,96,13,281,6,70,19,129,1721
Gujarat,Gir Somnath,2017,31,31,7,40,93,2,43,132,404,247,39,80,16,303,12,59,13,116,1904
Gujarat,Gir Somnath,2018,28,35,6,29,87,1,29,114,347,184,24,108,18,201,6,91,24,136,1702
Gujarat,Gir Somnath,2019,28,29,6,29,64,7,41,105,470,173,57,98,13,316,5,61,20,121,1900
Gujarat,Gir Somnath,2020,19,20,3,37,73,6,33,63,364,161,42,115,13,189,8,63,14,86,1510
Gujarat,Gir Somnath,2021,24,23,2,26,87,3,25,70,313,175,43,115,6,199,8,100,27,84,1557
Gujarat,Gir Somnath,2022,33,45,6,48,62,4,25,123,432,164,37,166,11,311,12,73,18,113,1940
Gujarat,Kachchh East(G),2015,51,52,6,87,115,8,62,256,844,391,41,198,18,417,16,108,37,258,3438
Gujarat,Kachchh East(G),2016,62,69,15,56,205,7,81,288,921,415,46,204,18,433,17,127,23,293,3788
Gujarat,Kachchh East(G),2017,48,66,10,64,178,16,52,163,816,354,89,213,25,593,22,167,54,315,3777
Gujarat,Kachchh East(G),2018,65,73,12,66,227,5,43,289,585,325,141,228,42,709,18,163,37,264,3828
Gujarat,Kachchh East(G),2019,56,72,11,137,172,7,86,287,745,462,125,236,48,821,44,152,50,165,4288
Gujarat,Kachchh East(G),2020,49,61,10,84,151,5,78,182,744,263,73,268,35,597,14,206,49,206,3530
Gujarat,Kachchh East(G),2021,65,72,12,113,229,8,53,277,780,430,96,325,32,453,35,119,25,139,3762
Gujarat,Kachchh East(G),2022,53,48,11,71,142,17,115,181,926,413,41,384,16,725,22,239,78,275,4354
Gujarat,Kachchh West(B),2015,31,31,5,65,85,6,39,166,646,331,69,136,20,409,16,77,26,127,2652
Gujarat,Kachchh West(B),2016,32,41,4,70,76,7,30,126,390,245,71,151,22,422,12,80,22,150,2461
Gujarat,Kachchh West(B),2017,31,42,7,73,108,11,49,116,581,304,55,162,9,394,18,140,23,160,2678
Gujarat,Kachchh West(B),2018,42,43,6,72,81,2,70,158,451,289,37,138,31,419,13,145,37,106,2653
Gujarat,Kachchh West(B),2019,51,54,5,96,127,2,32,167,707,365,45,139,19,435,32,142,36,139,3008
Gujarat,Kachchh West(B),2020,32,39,5,47,125,6,31,172,324,167,48,205,6,382,11,94,28,79,2091
Gujarat,Kachchh West(B),2021,28,33,6,56,113,5,56,152,467,172,29,216,21,344,10,121,26,150,2352
Gujarat,Kachchh West(B),2022,50,54,9,85,164,10,71,184,670,313,58,188,12,519,26,114,28,217,3157
Gujarat,Kheda,2015,55,75,13,87,228,13,98,305,547,265,116,208,40,587,18,219,63,252,3724
Gujarat,Kheda,2016,69,62,16,95,136,4,114,325,912,343,68,237,21,761,17,129,34,235,4152
Gujarat,Kheda,2017,71,62,12,125,133,5,81,198,969,598,113,212,20,810,31,197,56,281,4538
Gujarat,Kheda,2018,59,61,6,133,221,10,107,245,1022,505,69,257,24,629,28,160,39,226,4375
Gujarat,Kheda,2019,67,90,11,95,295,7,80,302,1087,632,145,283,20,807,26,226,60,197,5065
Gujarat,Kheda,2020,51,56,7,106,180,14,45,244,747,478,87,346,24,582,19,159,30,287,3982
Gujarat,Kheda,2021,48,62,5,115,169,3,49,262,628,329,125,388,29,645,28,244,40,288,4016
Gujarat,Kheda,2022,53,52,12,107,255,12,110,225,725,298,151,309,32,754,24,217,67,303,4287
Gujarat,Mahisagar,2015,13,12,3,17,31,1,28,48,237,122,40,50,8,161,3,59,16,91,1093
Gujarat,Mahisagar,2016,16,14,2,21,50,4,27,66,170,108,37,72,8,225,4,54,12,87,1133
Gujarat,Mahisagar,2017,19,21,1,26,48,1,16,90,300,189,30,60,6,235,5,65,18,92,1388
Gujarat,Mahisagar,2018,25,31,6,32,60,5,15,48,215,105,36,82,7,143,8,67,11,57,1199
Gujarat,Mahisagar,2019,21,26,4,35,78,4,17,88,298,145,30,82,12,175,6,73,13,49,1337
Gujarat,Mahisagar,2020,11,9,1,31,29,2,13,67,247,143,34,82,9,142,5,59,16,50,1093
Gujarat,Mahisagar,2021,22,28,3,32,60,3,11,96,188,94,25,102,11,238,11,37,7,72,1209
Gujarat,Mahisagar,2022,19,25,3,28,72,5,28,50,336,215,26,113,6,153,8,78,22,54,1425
Gujarat,Morbi,2015,40,50,7,61,140,8,63,202,410,235,87,146,25,441,15,98,32,140,2545
Gujarat,Morbi,2016,45,61,4,40,124,11,48,108,463,180,41,150,26,305,12,103,18,128,2430
Gujarat,Morbi,2017,48,43,6,63,112,2,52,107,497,273,70,141,27,289,19,160,46,126,2430
Gujarat,Morbi,2018,56,62,9,70,104,3,62,194,477,226,89,146,21,579,23,163,44,218,2951
Gujarat,Morbi,2019,37,34,4,56,161,6,30,161,540,294,83,152,18,460,13,90,25,165,2804
Gujarat,Morbi,2020,43,36,10,52,66,6,49,114,402,180,58,169,18,292,16,138,21,118,2211
Gujarat,Morbi,2021,36,31,7,68,78,11,61,126,527,310,70,197,23,551,13,99,24,197,2806
Gujarat,Morbi,2022,39,32,7,51,170,4,57,113,537,242,55,250,24,335,9,122,33,142,2630
Gujarat,Rajkot City,2015,80,75,8,59,147,17,58,214,943,544,122,258,19,444,14,119,37,255,3966
Gujarat,Rajkot City,2016,69,61,7,115,145,15,34,273,549,302,41,182,12,721,22,154,33,239,3491
Gujarat,Rajkot City,2017,64,73,11,117,151,13,92,195,873,306,48,188,14,536,40,121,20,194,3779
Gujarat,Rajkot City,2018,76,81,18,62,122,6,49,194,591,243,101,194,23,800,17,265,51,233,3899
Gujarat,Rajkot City,2019,88,81,8,99,270,9,50,358,822,402,169,216,24,544,19,214,41,318,4381
Gujarat,Rajkot City,2020,38,42,4,54,153,4,57,216,599,270,45,306,20,563,12,196,59,132,3241
Gujarat,Rajkot City,2021,75,79,13,82,226,16,93,248,907,564,88,329,35,515,23,256,71,255,4479
Gujarat,Rajkot City,2022,68,59,11,107,152,5,105,337,763,279,103,303,22,597,26,257,52,331,4161
Gujarat,Sabarkantha,2015,130,140,25,118,216,7,77,272,1243,704,76,333,64,1037,26,303,93,509,6279
Gujarat,Sabarkantha,2016,102,82,20,152,240,25,63,449,954,346,188,315,67,1286,31,263,44,309,6046
Gujarat,Sabarkantha,2017,122,113,27,122,374,24,86,418,921,551,225,339,26,828,25,308,96,254,5754
Gujarat,Sabarkantha,2018,99,95,17,130,343,20,180,542,1382,879,153,410,31,1053,34,230,42,351,6949
Gujarat,Sabarkantha,2019,102,96,17,214,431,9,70,306,1658,783,82,360,32,1052,74,324,56,422,7016
Gujarat,Sabarkantha,2020,70,87,17,104,324,18,87,430,854,412,131,457,15,604,17,332,61,350,5105
Gujarat,Sabarkantha,2021,99,125,13,146,385,30,175,568,1497,778,174,539,39,1196,43,265,51,298,7399
Gujarat,Sabarkantha,2022,83,88,12,175,404,32,139,358,1022,373,101,507,76,1019,58,397,124,499,6581
Gujarat,Surat City,2015,104,129,21,181,203,18,153,288,1358,819,65,273,41,868,55,309,51,221,5938
Gujarat,Surat City,2016,75,85,14,137,257,24,102,439,1307,646,137,407,30,1156,37,197,60,456,6422
Gujarat,Surat City,2017,105,133,10,170,327,11,162,244,1204,614,202,297,48,1161,32,383,83,368,6402
Gujarat,Surat City,2018,114,141,15,93,215,12,76,494,1096,455,218,285,44,1129,28,341,78,347,6026
Gujarat,Surat City,2019,86,98,10,172,269,23,95,299,1231,602,72,405,32,910,49,205,49,270,5858
Gujarat,Surat City,2020,64,86,9,136,250,14,85,404,1021,399,69,393,33,571,22,297,84,381,4993
Gujarat,Surat City,2021,105,137,15,162,244,25,150,274,1180,624,199,487,40,980,26,313,102,471,6352
Gujarat,Surat City,2022,126,110,22,176,361,31,121,563,1129,477,217,496,21,1300,27,428,115,308,6968
Gujarat,Vadodara City,2015,270,344,35,418,532,38,220,856,2230,1394,309,823,134,2215,139,426,147,753,13195
Gujarat,Vadodara City,2016,160,138,37,200,612,51,277,1121,2081,955,464,823,53,2873,66,517,82,1062,13574
Gujarat,Vadodara City,2017,267,278,32,208,545,23,175,1010,3480,1629,334,724,123,1995,58,849,245,1097,14979
Gujarat,Vadodara City,2018,237,215,38,412,641,59,233,1086,2445,1509,275,829,132,2254,75,459,89,1270,14399
Gujarat,Vadodara City,2019,276,267,39,535,881,52,405,1006,3598,1787,500,740,173,2175,173,542,174,724,16348
Gujarat,Vadodara City,2020,138,168,21,293,738,32,186,788,2749,1346,121,807,126,2129,59,670,203,568,12809
Gujarat,Vadodara City,2021,228,315,43,376,808,32,389,764,3029,1321,445,1243,166,2287,124,887,182,769,15562
Gujarat,Vadodara City,2022,200,199,39,536,627,23,290,767,3139,1724,464,1623,74,2685,112,499,128,1096,16556
Gujarat,W.Rly  Ahmedabad,2015,16,18,2,18,41,1,19,44,116,42,17,37,5,145,5,36,11,45,756
Gujarat,W.Rly  Ahmedabad,2016,13,13,1,19,38,1,12,32,163,59,16,39,2,143,5,48,13,50,781
Gujarat,W.Rly  Ahmedabad,2017,10,8,1,17,25,2,13,37,207,131,29,38,5,126,3,43,9,36,856
Gujarat,W.Rly  Ahmedabad,2018,15,12,2,26,51,4,11,35,174,102,25,53,4,157,8,50,15,60,930
Gujarat,W.Rly  Ahmedabad,2019,18,23,3,26,28,3,10,48,224,145,33,61,3,162,6,41,12,54,1039
Gujarat,W.Rly  Ahmedabad,2020,9,10,1,20,23,1,14,57,159,93,19,51,7,87,3,26,8,49,739
Gujarat,W.Rly  Ahmedabad,2021,14,18,1,13,25,0,18,35,188,100,20,79,5,142,3,57,19,51,912
Gujarat,W.Rly  Ahmedabad,2022,13,13,2,17,36,1,21,63,240,93,11,69,6,120,3,36,10,53,938
Haryana,Ambala (Rural),2015,25,32,5,41,52,3,19,89,198,115,14,70,12,194,11,47,9,66,1199
Haryana,Ambala (Rural),2016,17,21,2,23,84,4,36,59,234,99,37,68,5,152,6,40,6,102,1237
Haryana,Ambala (Rural),2017,25,34,2,19,73,3,30,100,255,104,46,76,4,201,5,65,16,95,1335
Haryana,Ambala (Rural),2018,17,20,3,29,49,2,14,66,291,172,16,71,3,152,5,49,13,51,1202
Haryana,Ambala (Rural),2019,24,24,4,40,84,5,19,81,315,179,29,62,11,267,8,90,22,97,1556
Haryana,Ambala (Rural),2020,19,20,3,16,53,1,14,59,281,129,13,100,4,190,2,55,11,46,1167
Haryana,Ambala (Rural),2021,21,24,2,28,50,4,22,96,253,158,43,98,6,193,6,55,12,83,1335
Haryana,Ambala (Rural),2022,26,27,3,23,79,5,25,88,213,79,37,130,13,183,6,40,12,61,1232
Haryana,Ambala (Urban),2015,29,39,5,58,152,7,54,132,565,357,28,132,13,413,15,81,23,175,2614
Haryana,Ambala (Urban),2016,39,46,7,44,107,4,46,101,343,215,42,114,8,438,10,108,36,135,2168
Haryana,Ambala (Urban),2017,38,35,9,73,77,2,60,118,635,296,56,142,14,313,23,99,27,194,2554
Haryana,Ambala (Urban),2018,46,58,5,61,141,4,44,199,548,279,39,154,15,548,9,153,29,201,2909
Haryana,Ambala (Urban),2019,54,61,9,92,181,7,38,141,421,247,51,192,15,511,25,142,39,235,2868
Haryana,Ambala (Urban),2020,36,36,5,49,69,4,50,91,475,285,39,201,18,318,13,131,22,106,2241
Haryana,Ambala (Urban),2021,29,25,7,67,107,10,67,174,533,275,61,204,29,347,18,92,20,128,2562
Haryana,Ambala (Urban),2022,35,34,5,40,110,9,42,184,576,361,87,184,15,392,12,137,29,140,2738
Haryana,G. R. P.,2015,13,13,2,38,58,2,29,96,269,152,27,75,10,241,8,40,6,88,1336
Haryana,G. R. P.,2016,17,19,3,37,86,3,18,108,214,127,13,80,15,169,10,67,12,60,1283
Haryana,G. R. P.,2017,27,34,5,36,49,2,18,86,254,91,38,60,14,258,12,72,20,101,1364
Haryana,G. R. P.,2018,19,19,4,23,53,3,25,74,245,137,33,61,11,231,5,52,14,68,1260
Haryana,G. R. P.,2019,19,23,2,31,65,2,29,62,306,151,21,86,9,172,9,83,15,72,1358
Haryana,G. R. P.,2020,15,19,2,31,37,1,12,48,186,85,16,113,7,161,8,54,18,96,1069
Haryana,G. R. P.,2021,20,25,2,30,59,5,23,80,243,107,25,86,11,178,9,62,20,63,1218
Haryana,G. R. P.,2022,18,23,3,33,44,4,27,84,301,162,29,88,10,243,7,57,10,65,1387
Haryana,Mahendergarh,2015,40,43,8,49,144,3,49,137,404,152,26,113,21,331,16,144,46,145,2333
Haryana,Mahendergarh,2016,45,60,7,44,143,9,49,184,574,216,42,162,12,438,10,103,27,139,2623
Haryana,Mahendergarh,2017,34,27,4,50,154,5,28,162,340,196,38,134,23,416,14,135,44,101,2261
Haryana,Mahendergarh,2018,45,46,8,64,139,2,71,227,455,293,64,153,16,314,19,151,28,217,2692
Haryana,Mahendergarh,2019,43,57,7,79,127,6,37,103,420,173,43,123,29,449,19,137,34,143,2503
Haryana,Mahendergarh,2020,47,43,6,32,91,6,39,131,512,265,21,219,20,274,5,65,15,85,2197
Haryana,Mahendergarh,2021,52,53,12,37,141,7,41,153,395,213,35,181,24,512,9,154,44,114,2547
Haryana,Mahendergarh,2022,59,56,10,69,122,11,54,142,733,377,73,297,26,511,22,174,56,187,3393
Haryana,Irrigation & Power,2015,2,2,0,4,8,0,4,16,40,20,4,13,1,24,1,7,2,10,191
Haryana,Irrigation & Power,2016,3,3,0,3,9,0,1,14,52,21,6,11,0,42,0,13,2,17,226
Haryana,Irrigation & Power,2017,2,2,0,3,6,0,4,10,34,19,6,11,2,24,0,11,1,15,198
Haryana,Irrigation & Power,2018,4,3,0,7,12,0,6,13,61,35,7,13,1,38,1,12,4,20,271
Haryana,Irrigation & Power,2019,3,3,0,3,14,0,6,17,59,34,2,14,2,50,0,14,2,20,277
Haryana,Irrigation & Power,2020,2,1,0,5,12,0,5,12,32,12,5,19,1,25,0,12,3,14,188
Haryana,Irrigation & Power,2021,2,2,0,4,12,0,5,15,33,11,4,18,0,37,1,7,1,14,209
Haryana,Irrigation & Power,2022,4,4,0,6,8,0,6,11,40,17,6,16,1,38,1,7,1,16,228
Himachal Pradesh,Baddi,2015,13,16,2,13,43,1,16,36,168,95,26,39,2,113,1,42,10,45,785
Himachal Pradesh,Baddi,2016,14,16,2,9,33,1,9,48,170,72,24,44,4,119,2,32,8,50,754
Himachal Pradesh,Baddi,2017,10,12,2,20,27,0,8,30,154,63,15,37,4,112,3,26,8,41,694
Himachal Pradesh,Baddi,2018,13,16,1,12,30,3,12,45,134,65,28,41,7,114,2,50,16,31,730
Himachal Pradesh,Baddi,2019,10,8,1,24,36,1,10,62,197,69,21,43,6,127,6,26,6,46,811
Himachal Pradesh,Baddi,2020,11,13,1,12,38,1,13,27,159,80,22,61,2,126,4,20,6,28,710
Himachal Pradesh,Baddi,2021,14,16,1,17,40,1,20,56,139,55,20,53,4,133,5,31,10,28,747
Himachal Pradesh,Baddi,2022,9,9,1,14,40,1,13,49,133,80,8,53,7,89,3,35,6,39,715
Himachal Pradesh,C. I. D.,2015,7,5,1,6,13,1,7,24,106,38,9,20,1,60,1,21,5,30,414
Himachal Pradesh,C. I. D.,2016,7,7,1,10,25,1,10,20,120,62,17,29,1,97,2,23,5,30,535
Himachal Pradesh,C. I. D.,2017,10,12,2,14,29,0,10,27,81,37,15,32,2,63,2,23,5,23,474
Himachal Pradesh,C. I. D.,2018,8,11,1,11,24,2,14,42,118,41,10,28,3,61,2,19,5,30,503
Himachal Pradesh,C. I. D.,2019,11,13,2,15,32,1,9,40,106,56,16,30,3,80,2,31,5,36,563
Himachal Pradesh,C. I. D.,2020,4,5,0,11,17,0,5,16,64,30,12,34,4,49,2,15,4,25,354
Himachal Pradesh,C. I. D.,2021,6,7,1,12,22,0,5,37,77,42,16,35,2,57,2,21,6,24,437
Himachal Pradesh,C. I. D.,2022,8,10,0,9,17,1,9,37,115,58,18,47,3,86,1,32,5,29,555
Himachal Pradesh,G. R. P.,2015,2,1,0,4,10,0,3,15,47,26,3,11,1,38,0,7,2,15,212
Himachal Pradesh,G. R. P.,2016,2,2,0,4,8,0,2,13,40,22,4,10,2,41,0,7,1,13,200
Himachal Pradesh,G. R. P.,2017,3,2,0,3,6,0,2,15,46,29,2,10,1,28,0,12,2,17,207
Himachal Pradesh,G. R. P.,2018,4,3,0,5,7,0,5,9,41,25,4,12,2,33,0,7,2,17,209
Himachal Pradesh,G. R. P.,2019,2,1,0,4,12,0,5,18,51,26,2,12,2,35,0,12,3,10,226
Himachal Pradesh,G. R. P.,2020,2,1,0,5,6,0,3,12,43,26,3,13,1,34,1,9,2,13,198
Himachal Pradesh,G. R. P.,2021,2,1,0,3,10,0,3,9,31,18,5,14,0,27,0,8,1,16,202
Himachal Pradesh,G. R. P.,2022,3,4,0,6,8,0,3,12,49,18,7,22,1,39,1,12,3,14,233
Himachal Pradesh,Lahaul & Spiti,2015,1,1,0,2,3,0,1,3,21,13,1,5,0,15,0,3,0,6,86
Himachal Pradesh,Lahaul & Spiti,2016,2,2,0,2,4,0,2,8,24,10,1,5,0,15,0,5,0,5,99
Himachal Pradesh,Lahaul & Spiti,2017,1,1,0,2,5,0,1,3,14,6,3,4,0,10,0,2,0,6,86
Himachal Pradesh,Lahaul & Spiti,2018,1,1,0,1,6,0,1,6,15,9,1,4,0,17,0,3,0,3,89
Himachal Pradesh,Lahaul & Spiti,2019,1,1,0,2,6,0,2,7,26,12,2,6,1,13,0,5,1,8,107
Himachal Pradesh,Lahaul & Spiti,2020,1,1,0,1,3,0,1,4,18,7,0,5,0,14,0,3,0,3,71
Himachal Pradesh,Lahaul & Spiti,2021,1,1,0,1,6,0,1,5,15,9,2,9,0,15,0,4,0,6,94
Himachal Pradesh,Lahaul & Spiti,2022,2,1,0,2,7,0,1,7,22,9,1,9,1,17,0,4,1,7,106
Jharkhand,Dhanbad Railway,2015,7,8,1,12,21,0,6,21,105,45,9,34,2,103,1,29,7,23,505
Jharkhand,Dhanbad Railway,2016,9,11,1,11,29,1,5,47,145,64,20,27,5,107,3,37,7,41,650
Jharkhand,Dhanbad Railway,2017,7,8,1,9,35,2,8,47,158,79,7,31,6,92,2,17,2,36,632
Jharkhand,Dhanbad Railway,2018,8,7,1,9,29,1,9,37,106,37,19,39,4,90,2,32,9,33,555
Jharkhand,Dhanbad Railway,2019,9,11,1,17,41,2,13,50,117,60,18,42,3,111,2,36,7,53,683
Jharkhand,Dhanbad Railway,2020,9,7,1,15,18,2,10,25,131,56,7,39,4,64,2,15,3,20,500
Jharkhand,Dhanbad Railway,2021,8,9,1,12,24,1,6,39,118,64,16,49,3,75,2,18,5,35,563
Jharkhand,Dhanbad Railway,2022,11,10,1,16,31,2,12,30,138,55,8,41,3,112,2,26,5,45,630
Jharkhand,Jamshedpur Railway,2015,4,3,0,8,8,0,5,22,44,26,5,16,2,49,2,16,4,19,280
Jharkhand,Jamshedpur Railway,2016,4,3,0,5,11,0,6,11,67,31,5,12,3,35,1,17,3,21,275
Jharkhand,Jamshedpur Railway,2017,3,2,0,8,19,0,4,19,70,38,3,14,2,44,1,15,3,24,311
Jharkhand,Jamshedpur Railway,2018,6,6,1,9,12,1,7,27,82,53,12,17,3,55,1,18,4,24,386
Jharkhand,Jamshedpur Railway,2019,5,5,0,10,16,0,8,24,79,38,3,20,3,55,2,15,4,28,361
Jharkhand,Jamshedpur Railway,2020,4,3,0,5,11,0,2,18,35,16,4,18,2,48,0,11,1,10,227
Jharkhand,Jamshedpur Railway,2021,6,6,0,6,10,0,8,22,62,37,7,27,1,53,1,17,4,17,329
Jharkhand,Jamshedpur Railway,2022,5,4,1,10,10,1,3,14,80,29,9,24,1,67,2,11,1,21,341
Karnataka,Bengaluru City,2015,457,497,99,904,1050,116,458,1945,8332,3956,747,2148,357,5976,284,2340,635,1496,36814
Karnataka,Bengaluru City,2016,728,596,87,690,1518,41,866,1700,7788,2802,1100,1900,388,5547,200,2088,439,1624,35999
Karnataka,Bengaluru City,2017,587,649,142,1194,1372,88,415,2722,7839,5070,1360,2293,387,7321,387,1875,429,2780,42333
Karnataka,Bengaluru City,2018,573,619,66,793,1368,179,777,3170,7394,4004,413,1868,276,7144,165,1302,371,1995,37948
Karnataka,Bengaluru City,2019,733,761,85,847,2550,71,579,1873,7482,4614,697,2238,233,5481,130,2506,544,1987,39268
Karnataka,Bengaluru City,2020,565,536,83,577,1243,93,381,1278,7771,3590,480,2146,270,6309,154,971,270,2247,33329
Karnataka,Bengaluru City,2021,452,434,100,657,2017,97,566,3113,6116,2234,1095,2848,215,6437,164,1307,338,2434,37302
Karnataka,Bengaluru City,2022,630,769,78,852,1696,90,425,2126,9476,5450,426,3479,439,5610,257,1455,224,1652,41327
Karnataka,Bengaluru District,2015,96,127,23,186,334,9,100,361,1169,650,93,374,26,1033,64,231,38,365,6078
Karnataka,Bengaluru District,2016,77,82,16,157,247,20,84,473,1111,600,76,276,53,974,29,184,40,483,5806
Karnataka,Bengaluru District,2017,91,98,19,114,187,20,160,337,1436,562,211,326,40,1124,24,373,113,461,6566
Karnataka,Bengaluru District,2018,75,82,9,180,350,19,120,559,1381,708,69,393,37,1036,29,330,63,303,6676
Karnataka,Bengaluru District,2019,124,158,29,118,237,9,97,537,1429,674,161,333,57,1220,21,197,68,262,6638
Karnataka,Bengaluru District,2020,96,117,15,119,209,14,72,277,1207,633,66,466,42,611,40,209,35,321,5251
Karnataka,Bengaluru District,2021,95,80,10,134,232,8,123,269,1447,711,192,499,55,968,41,340,57,302,6506
Karnataka,Bengaluru District,2022,85,96,21,198,352,14,88,520,1400,895,64,592,36,1153,39,263,66,406,7205
Karnataka,Belagavi District,2015,70,71,7,140,163,21,130,309,1183,565,187,283,25,686,27,162,50,375,5200
Karnataka,Belagavi District,2016,63,80,7,171,275,21,117,326,807,514,157,339,50,898,31,160,49,226,5029
Karnataka,Belagavi District,2017,112,101,23,117,391,26,129,393,1540,628,65,348,44,970,19,350,76,472,6650
Karnataka,Belagavi District,2018,88,115,21,92,279,9,113,436,909,488,150,274,59,880,30,301,82,405,5612
Karnataka,Belagavi District,2019,121,158,26,92,200,13,57,408,986,609,136,335,48,936,27,247,67,293,5780
Karnataka,Belagavi District,2020,73,65,14,116,205,11,113,337,1152,635,111,486,21,614,25,206,49,361,5277
Karnataka,Belagavi District,2021,78,108,17,159,248,23,115,224,1228,726,206,450,51,1103,28,286,99,398,6346
Karnataka,Belagavi District,2022,73,90,15,204,377,6,165,429,1255,576,168,625,46,1150,44,222,68,281,6678
Karnataka,Ballari,2015,66,73,12,111,154,7,37,247,659,412,118,246,33,769,33,210,72,302,4106
Karnataka,Ballari,2016,55,60,12,62,183,8,89,197,626,291,92,228,10,535,9,141,35,277,3438
Karnataka,Ballari,2017,76,90,9,114,232,5,67,272,791,402,48,206,31,451,26,221,33,188,3808
Karnataka,Ballari,2018,74,76,17,113,190,12,85,221,896,488,129,220,19,566,22,102,19,297,4057
Karnataka,Ballari,2019,59,72,6,109,123,4,94,206,572,256,142,196,17,614,27,193,33,292,3702
Karnataka,Ballari,2020,59,75,12,61,188,13,56,129,427,190,77,264,14,363,19,105,28,119,2821
Karnataka,Ballari,2021,55,47,12,127,246,6,106,280,879,564,129,323,35,506,42,245,50,239,4457
Karnataka,Ballari,2022,60,83,7,71,221,15,55,232,611,386,129,301,30,764,16,243,50,193,3994
Karnataka,Vijayapura,2015,47,59,9,52,127,4,67,217,834,474,112,148,25,404,16,163,37,128,3381
Karnataka,Vijayapura,2016,56,57,11,60,211,12,84,124,800,401,88,165,36,616,10,163,47,158,3558
Karnataka,Vijayapura,2017,53,61,5,81,124,8,61,156,556,266,76,157,11,629,27,193,38,127,3068
Karnataka,Vijayapura,2018,48,62,8,118,161,10,39,147,843,461,133,179,25,564,38,114,31,304,3813
Karnataka,Vijayapura,2019,39,33,6,93,104,12,74,232,485,175,85,154,11,550,26,115,22,279,3148
Karnataka,Vijayapura,2020,37,51,6,81,136,7,52,127,659,252,98,222,15,411,15,178,59,157,2951
Karnataka,Vijayapura,2021,59,55,9,86,132,14,37,149,708,430,101,297,26,463,25,90,22,179,3325
Karnataka,Vijayapura,2022,41,53,8,89,202,11,102,258,865,518,122,320,37,617,24,207,71,263,4330
Karnataka,Chikkaballapura,2015,55,71,7,53,84,10,59,121,542,302,39,174,23,459,11,167,26,151,2738
Karnataka,Chikkaballapura,2016,41,46,5,70,147,3,55,185,489,185,41,159,12,460,22,145,48,221,2709
Karnataka,Chikkaballapura,2017,35,40,7,87,146,9,60,200,668,260,36,165,9,445,24,100,18,174,2891
Karnataka,Chikkaballapura,2018,56,45,6,88,169,9,71,142,556,215,75,176,31,564,25,173,39,219,3068
Karnataka,Chikkaballapura,2019,59,81,9,56,96,3,80,227,757,408,90,192,32,442,14,87,26,243,3322
Karnataka,Chikkaballapura,2020,43,47,8,56,114,8,49,195,590,371,68,207,14,297,14,74,12,207,2722
Karnataka,Chikkaballapura,2021,49,44,8,43,157,6,67,200,523,283,36,219,23,490,7,158,53,191,2927
Karnataka,Chikkaballapura,2022,40,43,6,62,149,3,66,164,712,281,106,288,9,413,11,156,49,142,3117
Karnataka,Chikkamagaluru,2015,63,56,11,74,112,4,34,273,459,215,67,176,19,452,24,170,50,213,3043
Karnataka,Chikkamagaluru,2016,47,65,7,52,92,4,53,193,605,360,120,209,26,618,9,139,43,166,3264
Karnataka,Chikkamagaluru,2017,64,77,13,96,183,12,87,137,691,348,122,203,33,488,26,96,19,178,3349
Karnataka,Chikkamagaluru,2018,69,69,7,65,147,8,90,166,523,197,98,203,29,413,14,123,33,288,3355
Karnataka,Chikkamagaluru,2019,45,61,10,106,135,15,47,258,886,331,65,208,23,441,36,236,66,199,3683
Karnataka,Chikkamagaluru,2020,44,49,7,53,116,4,46,126,548,345,96,199,12,421,13,182,30,191,2883
Karnataka,Chikkamagaluru,2021,53,45,6,80,212,10,63,222,520,206,115,272,25,418,22,191,48,243,3215
Karnataka,Chikkamagaluru,2022,66,80,10,104,111,8,94,248,735,331,84,310,27,575,26,104,26,169,3604
Karnataka,Dakshina Kannada,2015,35,48,3,69,101,4,44,114,403,144,68,109,19,383,23,102,24,108,2102
Karnataka,Dakshina Kannada,2016,32,39,3,47,73,2,35,152,531,218,80,117,7,284,8,70,14,155,2195
Karnataka,Dakshina Kannada,2017,30,39,6,58,105,8,29,120,386,136,87,153,22,460,17,92,14,119,2369
Karnataka,Dakshina Kannada,2018,44,60,8,52,76,5,42,163,609,264,64,116,20,496,14,113,26,106,2621
Karnataka,Dakshina Kannada,2019,51,53,7,82,104,7,63,151,379,225,72,144,15,452,23,76,16,165,2441
Karnataka,Dakshina Kannada,2020,36,45,8,60,104,10,39,88,390,191,54,194,17,293,15,81,23,160,2114
Karnataka,Dakshina Kannada,2021,38,49,6,78,107,7,47,117,619,228,90,234,12,428,25,150,35,106,2727
Karnataka,Dakshina Kannada,2022,38,52,8,73,133,4,57,103,646,286,88,218,11,514,11,145,39,171,2951
Karnataka,Dharwad,2015,23,25,4,23,70,4,20,94,253,136,16,77,5,245,4,38,8,65,1295
Karnataka,Dharwad,2016,18,14,3,32,84,5,27,102,328,144,12,82,9,239,10,48,10,55,1405
Karnataka,Dharwad,2017,24,33,2,39,61,3,32,103,213,77,19,83,11,182,13,56,8,78,1247
Karnataka,Dharwad,2018,21,20,2,22,53,1,22,68,331,117,37,90,13,264,6,53,9,102,1441
Karnataka,Dharwad,2019,16,16,2,24,49,5,26,88,356,177,39,73,8,197,4,73,13,103,1466
Karnataka,Dharwad,2020,18,17,2,24,54,4,30,89,212,128,19,111,13,175,3,44,8,101,1223
Karnataka,Dharwad,2021,27,32,3,36,44,5,13,111,344,221,48,106,11,206,11,58,16,108,1593
Karnataka,Dharwad,2022,23,30,3,31,55,2,31,100,351,214,52,150,16,285,5,85,22,65,1735
Karnataka,Kalaburgi,2015,86,78,11,70,210,19,110,199,924,434,109,291,24,957,15,298,50,335,4877
Karnataka,Kalaburgi,2016,103,128,14,142,215,10,103,415,1086,452,80,273,40,953,34,271,86,412,5541
Karnataka,Kalaburgi,2017,81,77,18,122,274,15,110,183,846,522,107,258,39,815,36,145,38,217,4586
Karnataka,Kalaburgi,2018,66,83,9,155,172,7,100,243,1145,502,96,345,42,615,28,285,57,249,4925
Karnataka,Kalaburgi,2019,102,107,15,133,340,7,57,211,1197,541,168,354,38,794,27,341,71,373,5640
Karnataka,Kalaburgi,2020,52,69,5,117,200,15,49,172,855,375,145,380,11,790,31,184,48,268,4325
Karnataka,Kalaburgi,2021,111,99,19,125,344,14,102,302,843,420,52,402,34,872,24,175,46,268,5101
Karnataka,Kalaburgi,2022,71,61,11,119,380,6,126,440,883,439,196,576,17,1045,30,216,63,413,5910
Karnataka,Hubballi Dharwad City,2015,38,38,4,37,136,5,38,179,491,258,37,117,24,359,10,89,21,184,2375
Karnataka,Hubballi Dharwad City,2016,36,29,5,53,111,8,48,128,426,180,30,109,18,335,16,101,28,108,2054
Karnataka,Hubballi Dharwad City,2017,41,33,9,59,122,3,54,91,508,263,50,104,16,401,11,67,15,120,2291
Karnataka,Hubballi Dharwad City,2018,32,43,5,49,70,8,40,124,487,316,49,97,16,310,7,85,26,166,2229
Karnataka,Hubballi Dharwad City,2019,41,40,9,67,98,9,60,135,532,298,51,109,18,390,17,111,35,188,2546
Karnataka,Hubballi Dharwad City,2020,37,30,5,48,101,6,35,74,489,188,49,137,10,319,10,77,24,143,2058
Karnataka,Hubballi Dharwad City,2021,37,36,3,60,135,10,24,179,391,147,75,185,11,288,10,90,29,90,2231
Karnataka,Hubballi Dharwad City,2022,39,37,9,82,86,4,54,135,638,382,42,230,12,442,15,146,24,162,2896
Karnataka,Mangaluru City,2015,67,58,12,71,176,10,38,149,650,229,60,167,24,690,22,194,42,267,3423
Karnataka,Mangaluru City,2016,41,34,7,49,223,9,36,249,560,323,98,192,33,558,16,103,23,196,3308
Karnataka,Mangaluru City,2017,58,58,10,102,116,10,55,282,503,246,49,167,21,653,22,149,43,252,3299
Karnataka,Mangaluru City,2018,50,62,9,106,182,16,94,268,804,441,110,227,15,757,16,163,26,149,4038
Karnataka,Mangaluru City,2019,43,47,5,72,140,6,97,185,685,341,87,205,36,502,22,143,45,276,3443
Karnataka,Mangaluru City,2020,53,52,7,77,138,3,61,154,470,209,64,280,13,345,14,109,36,188,2669
Karnataka,Mangaluru City,2021,71,84,11,65,183,4,91,178,856,476,100,249,10,542,15,172,38,206,3862
Karnataka,Mangaluru City,2022,65,86,12,51,160,5,50,198,858,409,54,255,28,644,16,167,50,264,3862
Karnataka,Mysuru City,2015,49,58,10,81,103,11,67,145,560,352,90,163,15,462,26,179,39,120,2999
Karnataka,Mysuru City,2016,51,62,12,58,179,13,51,123,560,228,71,172,10,473,9,87,26,232,2823
Karnataka,Mysuru City,2017,63,53,13,99,140,3,67,127,628,259,50,147,10,481,32,159,41,122,3036
Karnataka,Mysuru City,2018,46,49,4,49,96,6,65,233,787,293,61,157,15,636,14,126,22,144,3257
Karnataka,Mysuru City,2019,55,75,10,51,175,7,31,123,495,279,38,152,9,513,15,150,50,249,3008
Karnataka,Mysuru City,2020,40,40,5,74,119,4,51,131,460,196,39,264,30,491,20,146,49,174,2732
Karnataka,Mysuru City,2021,53,62,13,62,185,10,44,119,698,343,52,213,29,587,12,128,27,129,3178
Karnataka,Mysuru City,2022,48,62,6,95,130,8,50,239,606,360,42,326,10,691,18,139,25,228,3570
Karnataka,Mysuru District,2015,64,77,14,75,297,5,90,237,1112,581,112,298,43,625,16,166,56,368,4879
Karnataka,Mysuru District,2016,93,107,20,112,238,8,108,247,1213,567,125,326,20,662,18,149,38,295,5036
Karnataka,Mysuru District,2017,82,106,11,143,162,14,113,291,670,409,137,274,15,702,46,262,81,267,4431
Karnataka,Mysuru District,2018,102,97,13,126,343,6,136,392,1172,522,83,335,49,979,29,328,92,349,5891
Karnataka,Mysuru District,2019,100,111,24,127,288,6,108,314,1363,765,180,305,45,1039,34,318,75,294,6237
Karnataka,Mysuru District,2020,61,61,14,127,215,4,38,322,713,460,73,338,34,770,34,140,38,209,4197
Karnataka,Mysuru District,2021,93,93,16,105,239,11,112,222,731,401,48,463,19,727,35,161,44,321,4692
Karnataka,Mysuru District,2022,106,141,18,166,202,19,127,318,1363,715,110,455,37,805,36,284,66,216,5922
Karnataka,K.Railways,2015,29,23,3,34,70,6,40,64,237,85,59,111,5,264,5,101,16,138,1556
Karnataka,K.Railways,2016,31,26,7,32,98,3,25,72,327,206,47,88,8,271,4,88,18,139,1725
Karnataka,K.Railways,2017,33,36,5,34,96,3,21,150,469,285,45,112,12,250,11,55,16,147,2035
Karnataka,K.Railways,2018,33,41,4,63,111,6,50,95,418,172,53,95,7,299,12,108,20,145,2010
Karnataka,K.Railways,2019,22,18,2,46,64,7,49,78,463,181,56,104,19,313,12,54,14,120,1886
Karnataka,K.Railways,2020,29,26,5,27,85,2,22,126,315,149,28,142,14,196,9,49,8,98,1557
Karnataka,K.Railways,2021,32,44,6,53,96,2,26,97,352,221,19,148,17,381,10,111,25,91,2009
Karnataka,K.Railways,2022,22,23,2,31,115,4,43,116,429,276,54,150,18,288,5,64,18,147,2073
Karnataka,Tumakuru,2015,90,114,10,128,172,15,72,205,999,489,163,258,26,865,25,140,40,317,4789
Karnataka,Tumakuru,2016,100,125,14,106,152,17,78,264,1263,709,87,343,56,1106,36,196,33,404,5846
Karnataka,Tumakuru,2017,93,121,10,106,317,21,65,258,1041,518,110,323,20,589,23,290,85,290,4960
Karnataka,Tumakuru,2018,66,59,8,118,208,16,122,458,1211,766,167,317,34,899,41,161,26,438,5903
Karnataka,Tumakuru,2019,120,97,21,160,223,22,151,341,1406,532,55,274,61,1015,36,293,63,404,6107
Karnataka,Tumakuru,2020,65,85,8,141,271,12,95,345,1151,593,159,343,37,647,43,211,41,354,5231
Karnataka,Tumakuru,2021,93,105,13,141,280,23,71,233,1224,620,129,501,20,850,45,220,49,245,5638
Karnataka,Tumakuru,2022,93,86,13,184,337,7,65,466,1278,824,69,434,41,661,59,277,47,355,6101
Karnataka,Uttara Kannada,2015,49,52,11,85,114,13,75,194,673,331,94,217,15,605,23,158,35,250,3447
Karnataka,Uttara Kannada,2016,39,52,6,48,120,13,30,223,424,189,62,164,13,432,9,109,29,171,2700
Karnataka,Uttara Kannada,2017,38,42,9,58,193,9,56,188,738,379,62,166,13,583,15,99,25,221,3332
Karnataka,Uttara Kannada,2018,49,47,8,68,120,5,36,146,496,290,47,213,24,586,14,153,33,144,3072
Karnataka,Uttara Kannada,2019,50,58,10,56,142,11,62,285,749,482,60,209,27,512,15,153,38,288,3705
Karnataka,Uttara Kannada,2020,55,46,8,57,82,6,40,220,716,428,37,186,20,470,15,81,21,208,3080
Karnataka,Uttara Kannada,2021,45,58,9,49,178,4,51,230,562,217,77,311,35,479,10,160,50,182,3166
Karnataka,Uttara Kannada,2022,65,57,8,82,154,12,60,166,758,443,85,337,30,531,26,189,57,218,3771
Karnataka,Belagavi City,2015,47,65,9,36,95,5,36,95,413,188,69,113,24,327,11,153,40,147,2281
Karnataka,Belagavi City,2016,46,53,9,48,100,4,40,129,562,257,96,173,9,449,11,131,26,149,2683
Karnataka,Belagavi City,2017,36,44,6,40,167,10,27,132,479,238,89,161,26,447,7,107,26,117,2537
Karnataka,Belagavi City,2018,37,36,9,95,192,13,40,137,717,356,105,162,29,339,23,139,26,203,3080
Karnataka,Belagavi City,2019,50,50,10,90,110,9,57,138,597,267,82,141,14,353,26,91,20,134,2916
Karnataka,Belagavi City,2020,45,48,8,62,129,5,32,99,616,332,69,191,9,293,19,113,29,185,2629
Karnataka,Belagavi City,2021,37,35,7,49,111,2,30,141,498,200,75,257,9,503,9,170,57,133,2713
Karnataka,Belagavi City,2022,63,74,15,56,116,10,36,259,785,335,73,290,31,466,13,131,37,117,3343
Kerala,Crime Branch,2015,2,2,0,5,6,0,2,10,35,16,3,12,1,34,0,11,2,13,181
Kerala,Crime Branch,2016,2,2,0,3,9,0,2,13,35,15,5,10,0,37,0,9,2,11,183
Kerala,Crime Branch,2017,2,1,0,5,7,0,5,15,41,17,5,10,0,37,1,13,3,9,200
Kerala,Crime Branch,2018,3,4,0,4,10,0,6,17,51,25,5,11,1,40,0,9,2,10,231
Kerala,Crime Branch,2019,4,3,0,4,13,0,3,13,33,11,5,10,1,41,1,13,2,10,206
Kerala,Crime Branch,2020,3,3,0,3,5,0,4,13,39,24,4,14,1,25,0,9,1,10,181
Kerala,Crime Branch,2021,2,2,0,4,9,0,2,15,40,15,3,17,1,29,1,7,1,10,185
Kerala,Crime Branch,2022,3,2,0,3,9,0,3,11,32,16,5,20,2,25,0,10,1,10,195
Madhya Pradesh,Bhopal Railway,2015,61,67,11,107,129,14,35,284,785,452,47,176,36,731,24,236,54,151,3913
Madhya Pradesh,Bhopal Railway,2016,66,87,10,50,195,13,97,260,791,378,124,227,25,414,8,149,26,157,3584
Madhya Pradesh,Bhopal Railway,2017,65,62,7,60,126,11,56,278,649,243,68,200,12,516,15,131,35,266,3592
Madhya Pradesh,Bhopal Railway,2018,61,84,10,66,223,16,98,354,762,484,85,245,29,813,15,187,47,180,4379
Madhya Pradesh,Bhopal Railway,2019,64,57,10,104,128,5,105,278,1051,467,126,253,15,900,32,247,68,369,4918
Madhya Pradesh,Bhopal Railway,2020,59,54,12,45,128,3,78,226,508,214,107,238,22,436,8,109,29,246,3004
Madhya Pradesh,Bhopal Railway,2021,64,58,13,84,126,8,83,207,765,373,133,263,26,478,14,137,33,147,3615
Madhya Pradesh,Bhopal Railway,2022,57,57,12,75,253,19,77,205,737,356,140,438,27,672,12,276,72,313,4424
Madhya Pradesh,Datia,2015,58,60,6,61,157,10,35,216,780,274,53,149,13,631,14,155,51,175,3329
Madhya Pradesh,Datia,2016,37,37,6,58,150,9,61,148,589,318,107,204,35,504,9,163,36,231,3162
Madhya Pradesh,Datia,2017,56,76,13,74,144,3,31,245,639,264,56,140,18,622,19,90,29,254,3204
Madhya Pradesh,Datia,2018,37,33,8,84,204,3,64,215,719,419,73,168,29,534,21,208,38,232,3538
Madhya Pradesh,Datia,2019,61,69,6,99,112,11,30,170,835,527,44,205,21,622,33,128,29,261,3716
Madhya Pradesh,Datia,2020,52,71,7,63,165,6,55,113,426,208,47,217,26,335,10,117,27,199,2649
Madhya Pradesh,Datia,2021,59,69,12,66,166,9,81,193,562,301,100,294,11,342,22,97,25,157,2979
Madhya Pradesh,Datia,2022,42,50,4,88,99,14,66,269,587,353,65,307,27,674,26,209,67,135,3573
Madhya Pradesh,Indore Railway,2015,15,19,2,27,31,3,9,73,171,63,17,53,9,195,5,31,4,44,906
Madhya Pradesh,Indore Railway,2016,15,15,1,16,46,1,19,35,236,111,24,41,5,143,5,28,9,67,947
Madhya Pradesh,Indore Railway,2017,11,14,2,19,55,1,20,82,143,78,18,52,7,152,4,63,10,72,941
Madhya Pradesh,Indore Railway,2018,22,28,2,33,50,2,30,50,297,172,21,75,6,185,10,53,16,71,1282
Madhya Pradesh,Indore Railway,2019,19,17,2,18,34,1,26,47,218,94,20,70,10,145,3,53,16,58,999
Madhya Pradesh,Indore Railway,2020,14,19,2,15,27,1,13,53,166,102,17,63,6,139,5,29,5,58,860
Madhya Pradesh,Indore Railway,2021,15,18,2,18,38,1,17,56,244,115,12,71,10,173,4,30,6,72,1040
Madhya Pradesh,Indore Railway,2022,21,26,3,18,30,3,25,69,180,98,23,97,10,181,4,65,19,38,1054
Madhya Pradesh,Jabalpur Railway,2015,42,33,9,48,77,3,57,174,441,174,23,101,13,369,7,122,23,177,2202
Madhya Pradesh,Jabalpur Railway,2016,40,47,4,64,136,2,49,136,505,223,29,113,17,329,11,61,16,107,2193
Madhya Pradesh,Jabalpur Railway,2017,40,33,6,40,115,6,57,97,347,172,41,112,12,413,6,89,14,90,1984
Madhya Pradesh,Jabalpur Railway,2018,43,35,10,66,72,8,59,152,395,226,53,126,15,406,11,118,35,139,2288
Madhya Pradesh,Jabalpur Railway,2019,36,29,6,55,144,2,32,106,494,230,79,124,12,312,13,119,29,153,2293
Madhya Pradesh,Jabalpur Railway,2020,33,38,4,35,112,2,29,91,443,238,31,129,16,237,5,69,22,77,1879
Madhya Pradesh,Jabalpur Railway,2021,42,52,5,53,73,4,43,139,353,159,60,140,18,293,17,60,20,141,1961
Madhya Pradesh,Jabalpur Railway,2022,45,39,11,50,148,8,62,130,417,169,74,166,12,394,13,84,27,117,2286
Madhya Pradesh,Khargone,2015,66,65,14,105,179,6,88,258,851,369,172,248,28,825,33,285,57,263,4585
Madhya Pradesh,Khargone,2016,91,93,12,82,184,6,85,366,1140,715,70,311,36,644,27,344,87,406,5465
Madhya Pradesh,Khargone,2017,80,67,15,86,286,9,139,459,1208,440,88,353,16,626,22,222,43,270,5203
Madhya Pradesh,Khargone,2018,64,85,7,100,321,23,109,366,1260,583,170,306,57,1061,25,167,46,437,5917
Madhya Pradesh,Khargone,2019,86,103,16,125,303,5,124,240,1465,918,174,275,37,974,38,314,99,404,6507
Madhya Pradesh,Khargone,2020,78,85,8,103,161,17,47,214,715,397,43,327,36,789,17,263,41,180,4122
Madhya Pradesh,Khargone,2021,90,99,15,119,274,21,50,419,779,484,85,513,21,858,35,309,90,203,5184
Madhya Pradesh,Khargone,2022,67,71,15,105,252,16,133,375,821,326,94,523,52,951,25,246,80,223,5285
Madhya Pradesh,Sehore,2015,67,86,13,146,165,13,61,268,1203,425,137,290,54,937,38,288,65,374,5409
Madhya Pradesh,Sehore,2016,100,123,23,102,319,26,121,492,1362,507,141,297,20,1067,20,346,85,276,6273
Madhya Pradesh,Sehore,2017,90,115,20,182,354,18,145,358,1278,458,74,336,56,793,47,298,61,473,5951
Madhya Pradesh,Sehore,2018,121,164,18,146,207,21,102,434,1049,446,91,369,43,1071,24,295,85,277,5827
Madhya Pradesh,Sehore,2019,86,104,11,185,286,18,71,276,891,557,81,273,22,1003,47,212,67,223,5361
Madhya Pradesh,Sehore,2020,89,81,10,130,153,14,105,320,1004,608,159,411,42,680,26,185,43,197,4889
Madhya Pradesh,Sehore,2021,84,76,11,155,307,7,91,279,1224,642,90,536,60,976,52,225,62,244,5891
Madhya Pradesh,Sehore,2022,90,101,13,169,201,6,148,292,955,604,202,570,71,856,38,313,61,265,6030
Madhya Pradesh,Umaria,2015,51,52,12,62,165,7,26,184,659,367,30,154,17,451,15,130,37,155,2928
Madhya Pradesh,Umaria,2016,44,43,10,55,100,9,57,174,552,212,24,115,22,383,13,88,15,131,2400
Madhya Pradesh,Umaria,2017,41,46,6,44,127,10,42,128,496,282,69,143,16,357,7,107,34,117,2504
Madhya Pradesh,Umaria,2018,52,51,12,67,169,2,47,131,475,209,101,129,20,310,11,180,37,118,2584
Madhya Pradesh,Umaria,2019,39,33,8,40,119,10,33,204,516,180,98,132,28,553,11,82,13,116,2596
Madhya Pradesh,Umaria,2020,28,27,5,71,70,3,23,114,438,180,34,163,13,399,20,64,15,110,2085
Madhya Pradesh,Umaria,2021,40,46,8,52,131,9,67,156,520,336,65,240,11,475,18,150,37,203,2909
Madhya Pradesh,Umaria,2022,48,45,7,42,101,3,50,133,633,402,53,262,14,451,9,111,37,136,2901
Madhya Pradesh,Cyber Cell,2015,4,4,0,4,10,1,4,18,58,37,3,16,2,51,0,13,3,24,295
Madhya Pradesh,Cyber Cell,2016,5,6,0,9,10,0,5,14,64,24,10,19,3,64,2,13,4,17,313
Madhya Pradesh,Cyber Cell,2017,3,2,0,5,18,1,4,16,70,36,8,15,2,47,1,15,4,18,308
Madhya Pradesh,Cyber Cell,2018,5,6,1,10,19,0,8,14,83,36,11,19,1,62,1,18,4,19,364
Madhya Pradesh,Cyber Cell,2019,5,6,0,10,13,1,8,20,55,26,9,18,2,51,2,17,4,17,310
Madhya Pradesh,Cyber Cell,2020,5,6,0,5,15,0,2,21,56,26,3,23,3,32,1,14,4,20,275
Madhya Pradesh,Cyber Cell,2021,5,6,0,5,12,1,5,23,61,33,4,32,3,56,1,13,4,14,324
Madhya Pradesh,Cyber Cell,2022,5,5,0,6,17,0,5,13,69,26,12,24,3,61,1,13,2,13,331
Maharashtra,Mumbai Railway,2015,98,112,18,168,292,22,123,365,1363,511,134,280,40,1161,48,203,65,227,6048
Maharashtra,Mumbai Railway,2016,113,124,21,93,329,22,105,228,1390,685,59,318,46,917,21,341,54,446,6104
Maharashtra,Mumbai Railway,2017,113,134,20,118,207,9,156,385,1374,818,60,311,63,843,40,305,68,471,6348
Maharashtra,Mumbai Railway,2018,99,137,18,198,402,8,71,293,1392,762,115,357,36,949,41,332,115,376,6634
Maharashtra,Mumbai Railway,2019,127,145,27,170,254,10,131,313,1574,778,95,362,68,1136,43,204,67,403,6779
Maharashtra,Mumbai Railway,2020,86,82,17,121,198,8,121,278,790,309,91,400,20,665,39,285,89,395,4661
Maharashtra,Mumbai Railway,2021,109,133,20,133,216,11,90,462,1149,463,180,565,49,703,41,306,56,275,5777
Maharashtra,Mumbai Railway,2022,89,85,16,204,345,25,127,375,1290,728,150,438,52,1178,39,198,55,258,6539
Maharashtra,Nagpur Railway,2015,40,53,7,59,102,5,57,124,629,221,120,157,23,663,19,150,50,125,3073
Maharashtra,Nagpur Railway,2016,52,69,12,70,169,5,39,201,498,243,87,173,15,645,12,163,48,227,3207
Maharashtra,Nagpur Railway,2017,75,80,11,110,244,14,92,140,924,407,91,172,23,747,31,155,38,281,4159
Maharashtra,Nagpur Railway,2018,77,81,12,82,192,10,56,313,756,389,70,261,12,482,18,250,77,276,3979
Maharashtra,Nagpur Railway,2019,58,75,10,94,186,7,83,232,948,450,59,214,26,478,22,169,52,200,3877
Maharashtra,Nagpur Railway,2020,53,59,9,70,121,3,63,137,475,199,55,285,26,549,20,187,33,167,2919
Maharashtra,Nagpur Railway,2021,56,63,11,94,134,13,38,220,728,462,87,294,26,694,19,104,27,206,3751
Maharashtra,Nagpur Railway,2022,61,82,13,126,261,9,96,294,728,389,147,388,40,469,28,247,76,176,4193
Maharashtra,Palghar,2015,107,147,17,129,226,27,138,334,889,543,66,279,53,1180,42,269,41,484,5792
Maharashtra,Palghar,2016,97,121,14,171,264,18,79,400,1221,614,98,359,41,900,34,328,80,302,5979
Maharashtra,Palghar,2017,102,130,23,87,373,23,117,219,1270,578,142,364,27,947,26,270,54,356,5913
Maharashtra,Palghar,2018,118,106,19,146,196,6,112,382,1560,768,178,435,36,1278,34,200,43,319,6852
Maharashtra,Palghar,2019,95,106,23,146,349,29,66,286,1574,783,170,326,61,804,43,423,97,480,6801
Maharashtra,Palghar,2020,77,73,19,162,238,11,82,408,1141,680,177,458,37,596,38,260,81,322,5557
Maharashtra,Palghar,2021,75,103,14,116,294,17,84,354,1092,461,188,439,38,1143,29,308,90,329,5975
Maharashtra,Palghar,2022,136,161,19,193,283,8,118,443,1640,1009,132,574,22,1176,33,205,61,283,7443
Maharashtra,Pune Railway,2015,20,24,3,21,77,2,16,53,198,118,23,65,7,177,5,57,16,93,1175
Maharashtra,Pune Railway,2016,16,17,3,25,56,5,20,82,184,106,46,59,7,246,4,73,19,83,1226
Maharashtra,Pune Railway,2017,17,18,3,39,56,3,13,65,262,119,30,76,12,153,13,73,20,59,1221
Maharashtra,Pune Railway,2018,17,21,3,41,57,2,22,76,326,128,21,64,9,238,12,41,14,62,1349
Maharashtra,Pune Railway,2019,24,23,5,26,49,4,16,100,345,122,53,91,5,253,6,94,26,114,1567
Maharashtra,Pune Railway,2020,17,23,3,37,55,3,18,63,263,164,42,87,3,155,8,66,19,92,1280
Maharashtra,Pune Railway,2021,15,14,3,30,64,5,14,98,201,82,35,95,5,219,5,66,13,84,1226
Maharashtra,Pune Railway,2022,19,15,2,31,85,6,24,124,222,143,23,122,7,241,10,62,13,109,1474
Manipur,C. I. D.,2015,2,1,0,4,11,0,5,11,42,26,7,9,1,35,0,12,2,12,208
Manipur,C. I. D.,2016,4,3,0,3,10,0,2,15,32,12,2,10,2,40,0,6,1,9,198
Manipur,C. I. D.,2017,2,2,0,3,7,0,3,15,32,14,5,12,1,34,0,7,2,11,197
Manipur,C. I. D.,2018,3,3,0,6,10,0,5,13,34,12,7,11,2,38,1,10,1,12,199
Manipur,C. I. D.,2019,2,2,0,5,9,0,3,10,46,25,5,10,1,29,1,7,1,15,199
Manipur,C. I. D.,2020,3,3,0,3,7,0,4,9,42,15,2,17,0,33,0,9,3,15,190
Manipur,C. I. D.,2021,3,3,0,5,11,0,2,7,28,10,6,18,1,39,1,7,1,10,183
Manipur,C. I. D.,2022,3,2,0,3,9,0,4,13,51,26,5,14,0,26,0,13,2,13,212
Meghalaya,Garo Hills South West,2015,1,1,0,2,3,0,1,3,12,6,2,4,0,13,0,2,0,5,68
Meghalaya,Garo Hills South West,2016,1,1,0,1,3,0,1,2,17,10,1,3,0,14,0,2,0,4,69
Meghalaya,Garo Hills South West,2017,1,1,0,1,4,0,1,4,13,6,0,3,0,15,0,4,1,3,74
Meghalaya,Garo Hills South West,2018,1,1,0,1,2,0,1,3,14,8,1,4,0,12,0,4,0,2,67
Meghalaya,Garo Hills South West,2019,1,1,0,1,2,0,1,5,11,4,2,3,0,11,0,4,1,5,71
Meghalaya,Garo Hills South West,2020,1,1,0,1,1,0,1,4,15,6,1,4,0,11,0,3,0,4,61
Meghalaya,Garo Hills South West,2021,1,1,0,1,3,0,1,5,16,7,2,5,0,10,0,3,0,3,68
Meghalaya,Garo Hills South West,2022,1,1,0,1,3,0,1,3,13,6,1,6,0,14,0,2,0,5,70
Meghalaya,Khasi Hills South West,2015,1,1,0,2,3,0,1,5,13,8,1,5,0,15,0,4,1,5,76
Meghalaya,Khasi Hills South West,2016,1,1,0,1,2,0,1,5,14,6,2,4,0,9,0,3,0,3,71
Meghalaya,Khasi Hills South West,2017,1,1,0,2,2,0,1,4,20,11,1,5,0,9,0,2,0,5,75
Meghalaya,Khasi Hills South West,2018,1,1,0,2,4,0,1,5,16,10,1,4,0,15,0,5,1,7,85
Meghalaya,Khasi Hills South West,2019,1,1,0,2,2,0,1,7,21,8,1,5,0,17,0,2,0,3,86
Meghalaya,Khasi Hills South West,2020,1,1,0,1,3,0,1,4,10,4,1,5,0,10,0,2,0,4,68
Meghalaya,Khasi Hills South West,2021,1,1,0,2,2,0,1,4,14,5,1,8,0,13,0,2,0,6,84
Meghalaya,Khasi Hills South West,2022,1,1,0,2,5,0,2,6,15,6,2,6,0,10,0,3,0,6,76
Mizoram,Spl Traffic,2015,1,1,0,1,1,0,0,2,5,2,0,2,0,3,0,1,0,1,23
Mizoram,Spl Traffic,2016,1,1,0,1,1,0,0,2,5,2,0,2,0,3,0,1,0,1,23
Mizoram,Spl Traffic,2017,1,1,0,1,1,0,0,2,5,2,0,2,0,3,0,1,0,1,23
Mizoram,Spl Traffic,2018,1,1,0,1,1,0,0,2,5,2,0,2,0,4,0,1,0,1,24
Mizoram,Spl Traffic,2019,1,1,0,1,1,0,0,2,5,2,0,2,0,4,0,1,0,1,24
Mizoram,Spl Traffic,2020,1,1,0,1,1,0,0,2,5,2,0,2,0,3,0,1,0,1,23
Mizoram,Spl Traffic,2021,1,1,0,1,1,0,0,2,5,2,0,2,0,3,0,1,0,1,23
Mizoram,Spl Traffic,2022,1,1,0,1,1,0,0,2,5,2,0,2,0,3,0,1,0,1,23
Odisha,Malkangiri,2015,5,5,1,7,22,1,4,20,107,55,10,31,2,64,1,15,2,36,453
Odisha,Malkangiri,2016,6,6,1,15,26,1,10,32,125,77,12,31,2,100,4,14,2,34,567
Odisha,Malkangiri,2017,8,9,0,10,16,1,7,28,115,62,16,29,4,77,2,23,7,25,502
Odisha,Malkangiri,2018,8,6,1,16,24,0,7,25,91,47,12,32,5,87,4,32,9,32,508
Odisha,Malkangiri,2019,10,10,1,11,31,1,7,39,124,44,5,26,2,70,3,23,5,40,521
Odisha,Malkangiri,2020,8,11,1,11,12,1,4,23,94,45,10,38,4,77,2,13,2,33,449
Odisha,Malkangiri,2021,6,7,1,8,31,0,4,20,99,60,8,50,4,73,1,24,5,33,503
Odisha,Malkangiri,2022,9,9,1,15,17,0,13,27,122,78,16,39,2,66,4,26,4,20,536
Odisha,Nabarangpur,2015,25,25,4,25,60,5,32,134,327,151,17,108,16,345,4,78,13,98,1715
Odisha,Nabarangpur,2016,26,22,6,57,91,6,30,147,438,187,43,99,6,317,14,75,14,153,2006
Odisha,Nabarangpur,2017,21,16,3,60,101,5,23,83,307,172,62,105,19,285,11,93,21,129,1777
Odisha,Nabarangpur,2018,25,30,3,57,87,5,45,115,413,160,62,95,10,405,10,95,20,123,2037
Odisha,Nabarangpur,2019,40,53,7,30,85,8,50,140,423,166,39,96,9,277,9,113,27,119,1978
Odisha,Nabarangpur,2020,19,19,1,26,81,5,17,111,234,147,48,106,4,257,4,45,7,94,1438
Odisha,Nabarangpur,2021,27,30,3,35,112,3,43,99,469,279,60,148,10,381,7,115,38,109,2242
Odisha,Nabarangpur,2022,37,41,5,36,103,6,52,85,463,176,47,173,9,289,5,77,21,125,2019
Odisha,Srp (Cuttack),2015,18,20,3,14,48,2,17,73,199,93,32,54,7,154,4,59,15,43,985
Odisha,Srp (Cuttack),2016,16,19,2,30,33,1,17,77,234,112,33,45,7,176,5,40,10,46,1039
Odisha,Srp (Cuttack),2017,15,14,2,20,56,4,10,82,227,107,27,67,4,168,6,29,6,83,1068
Odisha,Srp (Cuttack),2018,15,18,2,32,58,3,12,55,254,111,25,65,9,198,9,65,20,63,1156
Odisha,Srp (Cuttack),2019,15,20,2,31,74,1,25,63,297,192,31,59,10,237,4,51,13,85,1380
Odisha,Srp (Cuttack),2020,13,17,2,15,39,2,20,36,143,58,32,74,4,134,4,47,13,48,823
Odisha,Srp (Cuttack),2021,17,16,3,33,57,2,12,58,276,124,34,112,3,130,7,34,9,55,1139
Odisha,Srp (Cuttack),2022,23,30,3,36,74,3,11,75,192,100,32,90,3,151,7,55,16,82,1143
Odisha,Srp (Rourkela),2015,13,13,1,18,29,0,10,41,121,68,16,41,4,147,4,45,12,50,738
Odisha,Srp (Rourkela),2016,12,11,1,17,34,1,20,62,126,59,18,49,7,105,4,48,14,41,735
Odisha,Srp (Rourkela),2017,15,19,2,14,49,0,7,38,176,95,26,41,6,125,4,25,8,57,821
Odisha,Srp (Rourkela),2018,16,20,2,25,31,1,13,61,121,61,24,45,7,122,6,34,10,45,757
Odisha,Srp (Rourkela),2019,10,11,1,15,43,1,8,47,208,102,18,39,9,126,5,29,8,37,832
Odisha,Srp (Rourkela),2020,8,8,1,20,27,2,10,38,167,61,7,57,3,107,5,23,3,46,687
Odisha,Srp (Rourkela),2021,9,10,1,22,27,3,20,43,135,51,14,70,4,124,6,38,7,37,726
Odisha,Srp (Rourkela),2022,13,17,1,21,42,1,12,59,210,130,17,68,8,156,3,26,7,37,942
Punjab,Bathinda,2015,30,37,6,36,121,10,21,189,496,185,83,132,15,461,12,95,24,164,2435
Punjab,Bathinda,2016,46,54,10,60,142,9,36,123,580,211,49,130,13,330,18,111,38,160,2460
Punjab,Bathinda,2017,30,24,5,75,127,9,36,167,401,145,53,133,17,353,17,128,38,120,2390
Punjab,Bathinda,2018,43,41,5,72,162,11,29,105,476,218,75,149,8,531,25,158,35,142,2661
Punjab,Bathinda,2019,34,36,8,83,106,8,48,164,411,256,67,174,12,395,23,151,30,142,2513
Punjab,Bathinda,2020,27,32,3,47,136,6,34,124,419,197,66,175,9,431,8,81,19,124,2241
Punjab,Bathinda,2021,40,43,6,34,139,7,47,163,452,198,25,184,25,440,10,83,14,117,2367
Punjab,Bathinda,2022,44,42,6,53,91,9,45,189,454,161,51,188,16,456,15,143,47,152,2510
Punjab,G. R. P.,2015,5,5,0,8,21,1,10,35,76,34,13,20,3,81,2,26,6,32,437
Punjab,G. R. P.,2016,6,7,0,12,17,0,10,16,63,24,11,24,4,51,2,20,3,25,376
Punjab,G. R. P.,2017,6,7,0,9,12,1,5,24,65,40,10,28,4,81,3,20,5,30,410
Punjab,G. R. P.,2018,8,9,1,14,16,1,5,36,72,45,4,27,4,74,3,14,2,19,417
Punjab,G. R. P.,2019,9,10,2,9,20,1,5,21,67,42,14,27,3,71,2,27,5,17,428
Punjab,G. R. P.,2020,4,4,0,5,21,1,5,20,68,35,6,25,1,44,1,21,3,15,326
Punjab,G. R. P.,2021,6,5,1,7,12,0,10,17,73,34,10,31,3,51,2,27,7,25,387
Punjab,G. R. P.,2022,8,10,1,11,30,0,12,39,74,40,11,41,1,69,2,27,8,25,477
Punjab,Sas Nagar,2015,47,51,8,76,124,3,39,183,372,142,31,149,11,376,25,94,16,167,2372
Punjab,Sas Nagar,2016,38,43,7,90,103,6,53,178,629,393,94,187,14,567,19,171,38,119,3142
Punjab,Sas Nagar,2017,43,34,9,71,161,9,44,180,413,245,49,155,17,383,18,123,33,143,2493
Punjab,Sas Nagar,2018,45,42,7,54,132,3,63,177,584,212,72,132,27,469,15,155,45,127,2745
Punjab,Sas Nagar,2019,47,38,8,82,110,3,43,169,508,329,65,147,15,537,26,166,39,230,2998
Punjab,Sas Nagar,2020,41,50,8,33,129,8,24,183,318,169,26,199,24,310,11,97,29,84,2117
Punjab,Sas Nagar,2021,39,34,9,64,127,8,62,189,529,342,57,250,30,563,20,175,34,241,3189
Punjab,Sas Nagar,2022,41,48,9,57,98,11,35,231,430,169,99,260,12,560,14,103,21,163,2760
Rajasthan,Praapgarh,2015,56,68,12,99,190,7,54,233,721,444,72,206,16,576,21,214,33,275,3795
Rajasthan,Praapgarh,2016,70,83,10,53,179,13,80,146,715,443,126,175,25,606,13,157,46,152,3585
Rajasthan,Praapgarh,2017,45,46,9,58,211,16,98,214,738,323,47,228,30,497,19,141,38,312,3591
Rajasthan,Praapgarh,2018,78,78,16,124,256,10,43,157,631,258,69,216,35,555,27,232,58,170,3688
Rajasthan,Praapgarh,2019,43,52,7,67,157,14,41,207,979,537,97,178,26,476,11,119,33,144,3718
Rajasthan,Praapgarh,2020,36,43,6,49,176,6,38,124,622,363,53,243,15,594,7,91,31,164,3069
Rajasthan,Praapgarh,2021,44,45,5,84,213,14,52,175,683,348,105,327,10,664,21,186,62,170,3736
Rajasthan,Praapgarh,2022,45,44,5,96,175,5,36,169,886,350,34,339,33,456,17,161,53,167,3563
Sikkim,Cid,2015,8,8,1,9,17,1,9,18,71,28,9,23,3,53,2,19,5,29,385
Sikkim,Cid,2016,7,5,1,10,14,0,8,29,67,43,12,24,2,78,3,22,7,32,420
Sikkim,Cid,2017,7,6,1,9,15,1,11,26,87,43,12,20,2,73,1,20,3,24,419
Sikkim,Cid,2018,4,5,0,11,21,1,4,19,100,63,5,20,2,56,2,19,4,30,420
Sikkim,Cid,2019,5,6,0,11,18,1,10,35,65,33,14,21,1,51,3,13,3,22,406
Sikkim,Cid,2020,4,4,0,6,19,0,8,15,78,29,9,27,2,54,1,19,4,23,349
Sikkim,Cid,2021,7,8,1,8,25,0,9,25,79,30,12,29,4,59,2,21,3,25,403
Sikkim,Cid,2022,6,5,0,12,26,0,7,21,110,62,16,34,3,87,1,12,2,37,505
Tamil Nadu,Coimbatore,2015,68,71,9,116,177,6,120,284,1181,674,159,348,17,1036,23,270,56,317,5702
Tamil Nadu,Coimbatore,2016,76,62,8,167,237,20,52,386,958,534,201,299,42,867,25,250,75,316,5346
Tamil Nadu,Coimbatore,2017,103,113,19,101,243,5,101,416,1063,601,182,260,42,706,30,320,65,251,5369
Tamil Nadu,Coimbatore,2018,89,116,10,113,245,22,149,419,1366,703,171,277,38,741,26,187,57,245,5797
Tamil Nadu,Coimbatore,2019,69,80,17,149,346,15,133,320,1514,909,126,325,44,1115,31,280,87,381,6766
Tamil Nadu,Coimbatore,2020,98,110,21,89,288,11,56,311,1280,637,188,408,26,680,20,261,39,342,5600
Tamil Nadu,Coimbatore,2021,87,92,14,121,312,17,106,258,1147,407,160,560,32,1047,30,318,78,294,5931
Tamil Nadu,Coimbatore,2022,75,78,12,125,334,6,97,430,1075,608,147,571,57,869,37,223,76,335,5951
Tamil Nadu,Coimbatore City,2015,63,53,8,105,204,14,118,221,1004,471,113,234,12,665,19,138,39,303,4388
Tamil Nadu,Coimbatore City,2016,75,69,13,156,325,21,63,308,1040,479,132,281,22,764,34,173,40,328,5027
Tamil Nadu,Coimbatore City,2017,96,77,21,155,324,16,57,237,914,416,130,237,48,859,25,319,53,419,5133
Tamil Nadu,Coimbatore City,2018,103,102,16,88,179,9,85,432,836,380,130,358,15,806,17,191,31,248,5011
Tamil Nadu,Coimbatore City,2019,71,69,16,90,234,6,74,234,1247,749,98,305,28,829,30,207,42,238,5252
Tamil Nadu,Coimbatore City,2020,51,42,7,102,233,15,87,298,997,557,57,355,12,786,28,131,31,182,4526
Tamil Nadu,Coimbatore City,2021,86,109,20,86,299,9,108,227,842,508,67,366,17,910,29,182,30,236,4772
Tamil Nadu,Coimbatore City,2022,95,81,19,96,246,20,67,214,863,422,149,464,56,847,16,355,114,280,5180
Tamil Nadu,Madurai,2015,157,199,25,180,543,28,269,506,1404,599,321,645,62,1676,47,337,52,761,9158
Tamil Nadu,Madurai,2016,139,186,23,193,529,35,192,663,1639,904,341,598,101,1212,47,331,52,637,9156
Tamil Nadu,Madurai,2017,145,139,26,282,523,33,191,705,1767,829,326,659,61,1768,48,331,82,421,9762
Tamil Nadu,Madurai,2018,207,171,38,302,611,30,135,712,2430,915,305,678,105,1810,49,316,48,607,10936
Tamil Nadu,Madurai,2019,169,144,18,217,399,19,130,457,1435,586,277,496,29,1532,56,408,67,495,8876
Tamil Nadu,Madurai,2020,136,117,20,191,285,17,162,437,1124,629,184,610,78,1089,46,224,74,629,7311
Tamil Nadu,Madurai,2021,191,206,21,150,618,36,247,474,2597,1283,125,734,50,1478,46,633,186,641,11137
Tamil Nadu,Madurai,2022,144,121,34,262,703,16,202,794,2189,1292,367,848,78,1861,52,558,194,652,11879
Tamil Nadu,Madurai City,2015,62,65,12,89,188,5,85,156,468,215,65,155,14,466,14,179,56,160,3070
Tamil Nadu,Madurai City,2016,67,83,10,94,121,9,57,171,639,404,37,183,34,515,26,184,29,217,3355
Tamil Nadu,Madurai City,2017,68,63,12,70,120,15,86,266,900,421,123,206,15,611,16,227,65,183,4026
Tamil Nadu,Madurai City,2018,56,54,6,101,136,8,93,328,661,330,58,254,45,537,30,133,33,159,3797
Tamil Nadu,Madurai City,2019,61,50,8,114,161,14,88,260,739,476,49,199,36,556,38,155,43,284,3918
Tamil Nadu,Madurai City,2020,59,57,5,65,192,3,63,114,642,261,89,215,15,494,15,84,19,157,2962
Tamil Nadu,Madurai City,2021,63,83,15,104,120,13,106,202,645,412,61,363,28,619,15,223,67,229,3908
Tamil Nadu,Madurai City,2022,56,63,13,115,239,12,53,261,953,610,128,329,23,564,18,156,35,245,4386
Tamil Nadu,Railway Chennai,2015,14,12,1,22,33,1,19,63,131,52,21,42,3,138,6,34,6,36,742
Tamil Nadu,Railway Chennai,2016,12,15,2,17,37,1,9,42,118,64,24,48,8,148,5,44,12,32,747
Tamil Nadu,Railway Chennai,2017,15,19,1,28,57,3,23,34,221,122,24,56,7,140,7,41,13,60,995
Tamil Nadu,Railway Chennai,2018,17,16,2,16,43,1,15,50,224,129,25,62,7,152,2,51,13,37,994
Tamil Nadu,Railway Chennai,2019,14,14,2,25,29,2,9,42,243,88,35,59,8,151,7,38,8,69,978
Tamil Nadu,Railway Chennai,2020,14,16,2,17,25,1,10,46,114,74,21,57,7,135,5,37,9,56,746
Tamil Nadu,Railway Chennai,2021,11,12,1,18,58,1,24,47,208,79,25,82,7,181,4,39,6,48,980
Tamil Nadu,Railway Chennai,2022,12,14,2,27,36,3,25,60,193,98,22,94,5,137,9,33,7,48,959
Tamil Nadu,Railway Trichy,2015,4,5,0,4,10,0,5,16,70,36,8,16,1,38,1,12,3,19,286
Tamil Nadu,Railway Trichy,2016,4,5,0,6,12,1,4,12,45,17,8,15,1,50,1,15,5,16,254
Tamil Nadu,Railway Trichy,2017,4,4,0,6,12,0,5,16,78,48,8,16,0,46,2,17,4,21,329
Tamil Nadu,Railway Trichy,2018,4,4,0,8,12,1,5,14,48,23,3,16,2,52,1,16,2,18,271
Tamil Nadu,Railway Trichy,2019,5,4,1,8,15,0,8,22,51,31,4,16,1,59,1,17,4,21,311
Tamil Nadu,Railway Trichy,2020,3,3,0,7,13,0,5,16,36,20,6,17,2,30,1,12,2,9,228
Tamil Nadu,Railway Trichy,2021,4,5,0,4,16,0,7,14,51,22,8,23,1,36,0,11,1,24,273
Tamil Nadu,Railway Trichy,2022,6,7,0,8,12,1,5,22,63,22,11,30,3,53,2,18,4,21,333
Tamil Nadu,Salem,2015,84,79,19,121,278,6,51,423,1278,788,63,318,32,760,34,285,68,269,5674
Tamil Nadu,Salem,2016,90,122,9,162,185,16,99,380,773,493,162,256,42,706,26,287,57,281,5087
Tamil Nadu,Salem,2017,71,95,10,166,325,24,106,291,1212,581,87,323,52,910,53,295,86,224,5682
Tamil Nadu,Salem,2018,115,110,20,176,320,22,151,255,892,434,75,320,43,784,31,280,72,386,5295
Tamil Nadu,Salem,2019,66,90,13,96,248,13,86,345,1353,769,85,313,22,969,20,292,98,464,6159
Tamil Nadu,Salem,2020,61,65,10,129,140,15,97,185,626,388,111,340,14,497,23,227,57,187,3968
Tamil Nadu,Salem,2021,108,143,11,130,359,16,85,358,820,320,100,516,55,1099,37,284,91,265,5574
Tamil Nadu,Salem,2022,70,90,14,98,238,18,144,419,1116,455,112,532,42,1056,24,255,62,234,5758
Tamil Nadu,Salem City,2015,65,77,8,95,223,15,122,271,791,468,159,289,13,723,26,270,85,214,4597
Tamil Nadu,Salem City,2016,99,82,17,118,326,14,95,308,1232,435,135,233,44,886,26,162,25,306,5250
Tamil Nadu,Salem City,2017,96,110,10,110,214,9,138,331,1295,584,133,318,53,1049,23,283,58,336,5868
Tamil Nadu,Salem City,2018,92,107,20,155,278,13,126,366,1137,627,180,248,56,613,26,238,36,258,5290
Tamil Nadu,Salem City,2019,84,77,19,177,240,17,62,273,1095,563,207,270,27,822,52,262,63,271,5380
Tamil Nadu,Salem City,2020,73,71,15,124,242,7,110,173,816,476,57,333,40,784,23,252,52,202,4422
Tamil Nadu,Salem City,2021,82,73,19,156,348,25,99,355,1356,509,73,387,58,860,33,209,70,438,5930
Tamil Nadu,Salem City,2022,100,134,16,160,337,19,101,312,962,493,126,435,23,591,36,200,55,396,5221
Tamil Nadu,Thirunelveli,2015,97,90,15,256,295,33,109,555,1230,656,314,500,67,1690,74,495,85,559,8322
Tamil Nadu,Thirunelveli,2016,138,149,20,155,269,16,237,397,1532,769,239,538,37,1300,24,457,149,389,8300
Tamil Nadu,Thirunelveli,2017,118,143,17,305,481,11,190,628,2061,1162,129,541,83,1195,49,464,131,808,9884
Tamil Nadu,Thirunelveli,2018,176,202,21,198,398,27,88,777,1449,651,152,505,57,1669,58,545,190,766,9241
Tamil Nadu,Thirunelveli,2019,219,297,45,234,472,11,240,765,1831,918,307,614,33,2080,44,344,57,684,10733
Tamil Nadu,Thirunelveli,2020,167,142,35,129,541,23,231,489,2315,902,133,861,64,1793,41,576,98,591,10380
Tamil Nadu,Thirunelveli,2021,123,139,28,302,593,26,152,486,2367,1063,122,708,39,1483,89,402,98,580,10138
Tamil Nadu,Thirunelveli,2022,145,156,26,173,428,12,210,694,2308,925,154,970,42,1563,46,530,151,463,10479
Tamil Nadu,Thirunelveli City,2015,27,35,6,24,101,3,32,130,432,234,26,97,16,216,7,70,21,98,1810
Tamil Nadu,Thirunelveli City,2016,33,42,6,41,80,2,20,132,355,155,54,114,8,272,11,97,26,122,1825
Tamil Nadu,Thirunelveli City,2017,33,31,3,56,94,3,38,141,392,188,24,94,9,246,11,71,12,108,1819
Tamil Nadu,Thirunelveli City,2018,27,27,4,28,89,7,42,90,272,118,58,93,17,230,8,87,29,114,1744
Tamil Nadu,Thirunelveli City,2019,38,46,6,53,124,2,30,100,499,271,42,112,13,327,17,55,8,109,2122
Tamil Nadu,Thirunelveli City,2020,24,24,5,48,93,4,14,59,234,146,40,138,15,236,10,52,10,95,1453
Tamil Nadu,Thirunelveli City,2021,23,20,5,44,77,6,24,102,346,134,24,160,14,341,6,90,23,143,1822
Tamil Nadu,Thirunelveli City,2022,22,28,3,63,92,2,26,103,505,181,37,188,21,225,21,112,21,136,2063
Tamil Nadu,Tiruppur City,2015,53,66,5,49,104,12,75,123,462,219,36,155,28,473,17,155,24,116,2575
Tamil Nadu,Tiruppur City,2016,48,44,11,69,114,6,64,165,655,251,28,191,12,370,11,149,45,200,2855
Tamil Nadu,Tiruppur City,2017,46,57,5,44,129,11,49,201,740,402,71,190,25,574,12,174,33,115,3281
Tamil Nadu,Tiruppur City,2018,43,47,8,90,157,9,47,233,571,287,61,174,25,505,19,115,24,165,2992
Tamil Nadu,Tiruppur City,2019,59,53,7,91,83,3,31,181,732,313,82,157,18,459,23,114,20,168,3004
Tamil Nadu,Tiruppur City,2020,33,43,3,58,136,11,29,111,585,376,34,202,26,389,14,75,18,146,2651
Tamil Nadu,Tiruppur City,2021,43,52,8,77,128,13,47,167,439,164,29,277,12,408,24,140,28,203,2654
Tamil Nadu,Tiruppur City,2022,40,46,6,45,108,9,40,196,478,188,56,278,16,496,11,79,24,125,2635
Tamil Nadu,Trichy,2015,77,73,15,119,194,6,71,418,826,521,86,301,26,737,18,220,64,289,4880
Tamil Nadu,Trichy,2016,62,56,13,97,287,9,100,410,1322,700,122,253,54,695,33,249,78,401,5664
Tamil Nadu,Trichy,2017,107,135,26,152,168,19,103,451,1305,509,154,337,58,791,42,209,36,372,5728
Tamil Nadu,Trichy,2018,98,124,22,83,238,12,66,252,1205,453,120,303,26,988,27,288,45,409,5499
Tamil Nadu,Trichy,2019,80,75,17,87,325,17,151,369,971,575,141,286,39,673,18,210,67,441,5426
Tamil Nadu,Trichy,2020,67,84,8,76,195,5,87,244,711,414,47,447,13,576,26,283,93,265,4262
Tamil Nadu,Trichy,2021,78,80,18,88,353,6,104,289,1047,512,115,421,27,903,29,241,45,453,5620
Tamil Nadu,Trichy,2022,86,69,19,138,242,7,95,468,1169,694,69,575,61,712,21,190,47,413,5923
Tamil Nadu,Trichy City,2015,59,81,12,57,185,14,83,206,556,315,42,147,20,557,8,171,43,135,3147
Tamil Nadu,Trichy City,2016,47,48,10,103,95,8,85,126,677,428,32,203,26,365,27,108,30,268,3137
Tamil Nadu,Trichy City,2017,67,74,11,86,134,13,77,145,794,354,36,222,15,534,25,117,27,283,3539
Tamil Nadu,Trichy City,2018,75,76,15,106,195,8,88,272,639,381,50,187,19,468,32,184,53,246,3623
Tamil Nadu,Trichy City,2019,40,40,5,96,133,8,36,263,738,422,123,198,16,680,28,112,32,229,3698
Tamil Nadu,Trichy City,2020,39,48,7,77,96,3,59,201,500,268,82,247,32,392,23,96,15,191,2785
Tamil Nadu,Trichy City,2021,49,61,4,102,105,5,52,221,798,307,44,225,10,445,25,197,50,263,3428
Tamil Nadu,Trichy City,2022,46,39,8,130,204,4,58,232,911,389,63,353,19,664,33,187,61,158,4125
Tamil Nadu,Cyber Cell,2015,5,5,0,9,19,1,7,25,50,20,12,20,1,57,2,21,3,28,332
Tamil Nadu,Cyber Cell,2016,4,5,0,7,18,1,5,20,65,26,4,22,1,53,1,21,6,22,327
Tamil Nadu,Cyber Cell,2017,5,6,0,8,16,1,4,28,63,27,6,20,3,39,1,11,3,29,327
Tamil Nadu,Cyber Cell,2018,5,6,0,6,18,1,8,30,78,49,7,24,1,43,0,20,5,23,376
Tamil Nadu,Cyber Cell,2019,6,6,0,10,18,1,9,21,80,38,4,16,1,47,3,12,3,24,348
Tamil Nadu,Cyber Cell,2020,3,4,0,5,15,0,4,14,70,35,4,27,1,38,1,14,2,19,294
Tamil Nadu,Cyber Cell,2021,6,5,1,6,16,1,4,19,97,50,6,35,4,62,1,20,3,29,417
Tamil Nadu,Cyber Cell,2022,7,5,1,9,13,0,5,14,97,36,11,28,4,53,2,22,6,18,384
Tamil Nadu,Other Units,2015,3,4,0,4,11,0,4,22,43,21,6,17,1,49,0,17,4,14,265
Tamil Nadu,Other Units,2016,5,6,0,4,11,0,4,11,75,27,5,19,1,34,1,18,3,22,286
Tamil Nadu,Other Units,2017,4,3,0,8,13,1,4,20,47,17,7,14,2,43,2,10,2,25,291
Tamil Nadu,Other Units,2018,4,3,0,7,9,0,8,15,55,30,6,22,1,67,1,15,4,21,315
Tamil Nadu,Other Units,2019,7,9,1,7,17,0,4,16,68,39,7,23,3,53,1,12,3,24,345
Tamil Nadu,Other Units,2020,4,5,0,6,10,1,7,14,53,24,8,21,2,37,1,16,4,18,271
Tamil Nadu,Other Units,2021,4,5,0,8,13,0,3,13,77,40,10,21,1,53,1,9,2,22,325
Tamil Nadu,Other Units,2022,5,6,0,8,17,0,8,15,65,28,8,25,2,48,2,17,4,17,318
Telangana,Adilabad,2015,124,122,18,141,266,30,88,425,1000,479,129,326,54,1332,48,296,66,413,6371
Telangana,Adilabad,2016,125,172,17,96,417,8,102,436,1547,676,78,308,46,934,32,379,96,301,6681
Telangana,Adilabad,2017,128,157,17,168,378,7,142,336,1578,793,120,344,19,982,58,216,70,262,6728
Telangana,Adilabad,2018,90,82,21,136,322,28,154,279,1042,572,235,478,63,1314,35,392,121,547,6948
Telangana,Adilabad,2019,132,122,16,161,414,15,102,388,1510,922,72,447,23,1108,53,325,90,589,7473
Telangana,Adilabad,2020,81,65,16,168,317,11,74,303,1163,456,71,553,18,965,36,227,65,377,5902
Telangana,Adilabad,2021,94,86,21,109,339,19,136,298,1496,751,73,440,55,973,21,396,114,244,6567
Telangana,Adilabad,2022,129,132,30,111,355,22,75,387,1278,808,78,612,72,913,27,377,75,564,7005
Telangana,Cyberabad,2015,286,394,43,443,617,91,413,929,3916,1669,582,1191,79,2450,89,1043,249,767,18379
Telangana,Cyberabad,2016,372,299,83,480,1273,67,489,1775,4952,2706,708,1151,80,4409,108,916,157,1199,24286
Telangana,Cyberabad,2017,282,226,48,697,1103,26,573,1122,5668,2911,582,1315,198,3131,179,1426,259,1075,23969
Telangana,Cyberabad,2018,301,304,58,436,1346,21,539,1040,3966,2299,207,1427,65,2551,86,848,205,1148,20417
Telangana,Cyberabad,2019,410,539,57,548,1143,55,254,1282,4826,2585,393,1547,252,2996,90,689,231,1316,22588
Telangana,Cyberabad,2020,316,323,77,333,1147,80,361,1385,4413,2316,215,1227,117,2648,83,550,189,844,19121
Telangana,Cyberabad,2021,283,329,46,577,1063,76,544,1391,4812,2623,231,1901,213,2903,131,1300,331,1706,23675
Telangana,Cyberabad,2022,339,391,72,641,733,50,332,930,5962,2641,656,2142,111,4505,223,928,142,1737,25762
Telangana,Hyderabad City,2015,334,394,82,434,1126,35,265,1019,3080,1704,555,1170,160,3462,67,709,146,1588,19780
Telangana,Hyderabad City,2016,384,484,61,631,1014,89,375,1674,5182,2238,598,984,170,2473,97,966,254,800,21344
Telangana,Hyderabad City,2017,305,387,73,582,663,84,397,1935,5543,3103,811,1168,154,4419,116,963,263,1740,25988
Telangana,Hyderabad City,2018,341,456,64,404,994,102,392,1350,5268,3375,429,1162,123,4560,63,1122,283,1040,24785
Telangana,Hyderabad City,2019,320,426,73,532,806,85,585,1456,3607,1438,810,1434,133,3444,96,904,269,1517,23479
Telangana,Hyderabad City,2020,349,434,70,400,511,18,217,1239,3453,1537,650,1219,115,2042,101,919,236,1059,17026
Telangana,Hyderabad City,2021,332,437,80,326,1257,84,313,1592,2879,1362,317,1378,77,3876,113,989,322,1468,20005
Telangana,Hyderabad City,2022,284,265,52,361,1312,46,417,1308,3997,2504,377,2379,108,3479,78,775,259,884,22194
Telangana,Karimnagar,2015,139,157,30,231,470,23,182,855,1774,904,150,648,35,2003,80,614,113,804,10652
Telangana,Karimnagar,2016,164,160,26,306,658,11,295,704,1860,1177,335,548,101,1568,94,367,98,583,10561
Telangana,Karimnagar,2017,134,166,22,170,408,32,107,810,1634,710,379,679,94,2004,36,662,102,632,10283
Telangana,Karimnagar,2018,182,222,23,289,513,48,286,777,1659,916,193,655,101,1680,96,653,104,722,10785
Telangana,Karimnagar,2019,136,124,23,226,357,16,218,769,2096,1068,108,648,113,2074,77,341,53,740,10708
Telangana,Karimnagar,2020,143,143,19,180,426,34,198,736,1993,995,226,832,94,1548,47,321,106,583,9935
Telangana,Karimnagar,2021,171,191,34,287,398,32,109,550,1803,902,148,837,59,1164,43,434,98,530,9523
Telangana,Karimnagar,2022,135,171,23,201,488,43,267,474,1750,1128,236,1023,67,2447,54,770,175,499,11632
Telangana,Khammam,2015,190,232,36,316,424,20,249,980,1850,782,271,573,72,2509,98,530,148,812,11841
Telangana,Khammam,2016,231,294,43,292,703,30,117,735,2687,1382,346,680,66,2054,91,535,163,708,12807
Telangana,Khammam,2017,234,255,30,298,778,51,286,1057,2826,1284,256,788,124,1525,104,726,115,854,13373
Telangana,Khammam,2018,178,197,43,238,397,13,258,635,3272,2046,416,713,40,2221,45,587,132,1050,14276
Telangana,Khammam,2019,197,237,28,455,413,42,175,605,3137,1105,224,807,111,1746,131,676,213,962,13411
Telangana,Khammam,2020,158,201,26,197,517,17,252,533,1426,518,247,779,49,1407,48,633,209,462,9385
Telangana,Khammam,2021,177,212,42,383,550,34,191,838,2584,1433,421,1179,125,1969,107,715,194,912,13743
Telangana,Khammam,2022,181,225,23,404,838,27,167,776,3013,1750,426,1213,153,2524,124,876,284,1082,16095
Telangana,Mahaboob Nagar,2015,133,167,25,180,322,10,206,567,1803,947,314,401,69,1686,45,246,60,560,8932
Telangana,Mahaboob Nagar,2016,120,164,27,142,303,19,190,624,1485,670,110,412,26,1346,22,376,63,566,7775
Telangana,Mahaboob Nagar,2017,121,108,30,229,375,18,137,360,1868,863,93,435,59,1291,65,533,99,498,8361
Telangana,Mahaboob Nagar,2018,146,141,28,134,284,34,231,569,1700,770,110,426,27,1155,45,351,92,385,7903
Telangana,Mahaboob Nagar,2019,138,169,21,242,387,34,121,487,2341,995,332,515,103,1909,64,281,63,733,10250
Telangana,Mahaboob Nagar,2020,129,109,17,198,412,31,178,556,1406,605,232,610,86,1376,68,270,58,307,7735
Telangana,Mahaboob Nagar,2021,146,169,28,248,345,9,201,491,1667,1013,238,730,75,1504,38,260,50,324,8673
Telangana,Mahaboob Nagar,2022,120,118,21,216,346,19,93,740,2114,1306,258,738,93,1158,33,298,88,547,9602
Telangana,Medak,2015,82,113,14,187,240,32,132,416,1649,1061,146,463,64,959,57,241,67,460,7369
Telangana,Medak,2016,113,125,24,200,288,8,138,476,1610,605,271,351,45,1242,67,400,137,317,7483
Telangana,Medak,2017,139,188,33,212,334,14,106,563,1466,570,100,489,38,942,71,383,66,314,7359
Telangana,Medak,2018,125,105,13,204,463,29,168,536,2041,1283,79,419,42,1072,48,441,119,468,8839
Telangana,Medak,2019,176,211,36,258,512,25,207,649,1499,616,175,595,71,1314,69,502,84,618,8901
Telangana,Medak,2020,90,84,17,141,389,24,80,475,1433,519,141,472,45,1095,47,221,46,404,6624
Telangana,Medak,2021,136,166,19,238,503,21,103,354,1194,476,169,723,27,1136,46,349,63,489,7344
Telangana,Medak,2022,131,150,15,274,318,31,224,548,1214,730,124,736,55,1129,51,546,105,451,8035
Telangana,Nalgonda,2015,117,112,12,288,494,22,129,543,1759,832,237,627,113,1996,82,464,93,547,9904
Telangana,Nalgonda,2016,181,247,23,315,321,27,165,625,2045,1289,304,527,45,1932,63,304,50,558,10477
Telangana,Nalgonda,2017,125,102,28,334,374,37,146,660,1617,609,308,702,61,1621,106,460,92,529,10441
Telangana,Nalgonda,2018,133,142,25,248,677,44,141,808,2242,1240,204,579,108,2177,77,420,137,738,11660
Telangana,Nalgonda,2019,156,216,21,277,512,36,187,617,2583,1244,392,688,74,1516,87,610,100,476,11445
Telangana,Nalgonda,2020,137,177,33,243,536,25,245,485,1461,903,131,778,65,1172,58,563,192,365,8835
Telangana,Nalgonda,2021,188,246,32,287,475,11,167,584,1919,699,113,726,102,1339,83,298,99,757,9501
Telangana,Nalgonda,2022,210,270,29,277,352,24,206,805,2733,1578,326,1034,81,2121,75,372,124,920,13122
Telangana,Nizamabad,2015,159,183,27,227,513,12,132,360,1778,917,150,499,72,1258,74,486,157,483,8622
Telangana,Nizamabad,2016,158,174,27,258,461,19,132,381,1863,824,286,422,32,1147,78,407,119,480,8434
Telangana,Nizamabad,2017,156,188,16,172,238,25,101,310,1828,824,267,494,38,1053,51,280,62,322,7502
Telangana,Nizamabad,2018,116,159,26,170,401,25,148,598,1916,783,174,507,70,1304,27,332,59,403,8371
Telangana,Nizamabad,2019,133,138,16,233,544,21,155,646,1949,893,165,532,69,1707,70,426,78,568,9626
Telangana,Nizamabad,2020,124,119,22,160,379,7,121,423,1056,429,175,620,33,1149,49,395,62,437,6669
Telangana,Nizamabad,2021,111,99,21,172,324,34,176,376,1193,646,238,574,48,1019,49,262,66,431,7593
Telangana,Nizamabad,2022,141,118,14,266,390,13,159,516,1217,605,217,709,79,1254,44,536,175,315,7932
Telangana,Ranga Reddy,2015,40,32,8,44,137,8,32,202,487,270,45,142,9,408,13,80,13,138,2450
Telangana,Ranga Reddy,2016,30,35,4,59,140,11,40,120,550,224,50,181,17,494,12,83,19,131,2583
Telangana,Ranga Reddy,2017,51,65,8,48,129,5,29,170,464,240,82,175,8,425,15,114,18,175,2661
Telangana,Ranga Reddy,2018,33,45,4,85,86,11,34,189,504,325,105,153,20,596,25,186,30,216,3060
Telangana,Ranga Reddy,2019,58,67,12,73,191,8,57,209,703,281,99,191,29,382,12,114,25,214,3154
Telangana,Ranga Reddy,2020,26,23,6,68,87,2,32,174,462,273,54,159,11,284,14,113,28,187,2316
Telangana,Ranga Reddy,2021,47,61,10,39,76,7,51,156,519,279,57,170,14,280,11,152,28,201,2506
Telangana,Ranga Reddy,2022,36,45,6,96,157,11,49,137,431,214,106,232,21,384,23,150,26,133,2758
Telangana,Secunderabad Railway,2015,31,30,5,37,64,7,17,111,347,196,38,95,13,247,6,77,18,104,1682
Telangana,Secunderabad Railway,2016,28,33,3,27,56,4,44,114,404,182,43,78,17,305,6,75,25,130,1804
Telangana,Secunderabad Railway,2017,32,38,3,38,60,6,48,84,308,186,21,101,19,288,9,62,11,137,1705
Telangana,Secunderabad Railway,2018,33,43,4,26,65,2,29,127,390,217,62,89,5,231,4,69,23,141,1809
Telangana,Secunderabad Railway,2019,30,41,5,58,103,7,20,122,489,286,63,113,20,347,18,62,15,125,2201
Telangana,Secunderabad Railway,2020,29,38,5,26,78,4,18,70,250,130,29,107,17,224,6,72,15,112,1453
Telangana,Secunderabad Railway,2021,28,29,5,44,92,7,34,94,427,265,61,122,5,190,10,87,27,105,1869
Telangana,Secunderabad Railway,2022,35,42,8,35,65,4,28,144,477,304,20,170,9,242,5,67,16,146,2085
Telangana,Warangal,2015,88,89,20,99,306,19,64,411,816,513,155,272,22,846,28,283,82,333,5161
Telangana,Warangal,2016,57,52,8,101,276,19,57,333,960,419,79,321,34,771,28,233,69,404,4898
Telangana,Warangal,2017,92,119,14,95,181,13,56,282,841,373,161,229,45,591,15,301,54,285,4750
Telangana,Warangal,2018,92,100,18,113,163,20,106,185,1104,458,181,229,43,824,32,271,79,327,5028
Telangana,Warangal,2019,69,68,7,177,282,8,64,368,1148,528,76,295,17,1000,52,357,105,377,5779
Telangana,Warangal,2020,61,53,12,76,143,16,76,289,1017,575,94,293,39,692,24,245,44,276,4616
Telangana,Warangal,2021,75,87,13,75,289,13,78,220,921,356,170,420,33,940,22,140,41,377,4935
Telangana,Warangal,2022,93,99,13,179,241,19,64,373,1355,575,94,400,48,758,41,181,35,410,5773
Telangana,Warangal Urban,2015,49,41,5,85,187,12,105,175,690,313,125,244,30,646,18,192,53,332,3861
Telangana,Warangal Urban,2016,67,80,14,90,251,15,43,171,656,239,86,224,40,635,29,140,28,180,4117
Telangana,Warangal Urban,2017,67,93,11,127,229,13,41,257,849,450,115,237,32,569,26,134,31,309,4209
Telangana,Warangal Urban,2018,73,65,15,96,145,12,59,288,895,537,42,200,37,604,21,172,54,281,4186
Telangana,Warangal Urban,2019,92,94,19,147,294,16,120,197,955,506,95,254,44,726,46,140,29,327,4778
Telangana,Warangal Urban,2020,63,51,9,107,197,14,34,210,742,345,117,310,36,621,37,117,33,271,3792
Telangana,Warangal Urban,2021,80,64,19,139,250,13,88,281,942,508,125,303,32,564,47,141,22,177,4397
Telangana,Warangal Urban,2022,63,64,12,128,231,11,135,330,1076,540,146,493,36,605,35,277,50,220,5150
Tripura,G. R. P.,2015,1,1,0,1,1,0,0,2,5,2,0,2,0,3,0,1,0,1,23
Tripura,G. R. P.,2016,1,1,0,1,1,0,0,2,5,2,0,2,0,3,0,1,0,1,23
Tripura,G. R. P.,2017,1,1,0,1,1,0,0,2,5,2,0,2,0,3,0,1,0,1,23
Tripura,G. R. P.,2018,1,1,0,1,1,0,0,2,5,3,0,2,0,3,0,1,0,1,24
Tripura,G. R. P.,2019,1,1,0,1,1,0,0,2,5,2,0,2,0,3,0,1,0,1,23
Tripura,G. R. P.,2020,1,1,0,1,1,0,0,2,5,2,0,2,0,3,0,1,0,1,23
Tripura,G. R. P.,2021,1,1,0,1,1,0,0,2,5,2,0,2,0,3,0,1,0,1,23
Tripura,G. R. P.,2022,1,1,0,1,1,0,0,2,5,2,0,2,0,3,0,1,0,1,23
Tripura,Kowai,2015,4,3,0,4,14,1,3,13,76,36,11,18,1,49,1,10,1,20,318
Tripura,Kowai,2016,6,6,1,9,10,0,3,29,76,46,10,17,2,57,3,9,1,25,359
Tripura,Kowai,2017,5,6,1,8,23,1,5,31,59,35,14,25,1,56,1,12,2,18,364
Tripura,Kowai,2018,6,6,0,6,20,0,4,20,69,35,7,25,2,45,1,20,6,32,364
Tripura,Kowai,2019,7,9,1,9,23,0,5,28,61,35,8,25,3,77,2,22,6,18,394
Tripura,Kowai,2020,6,8,1,5,19,1,6,19,51,29,5,26,2,41,0,10,2,11,287
Tripura,Kowai,2021,6,4,0,6,21,1,6,25,84,30,6,34,1,65,1,13,3,16,378
Tripura,Kowai,2022,5,5,0,10,16,0,5,19,78,48,7,28,1,47,1,23,5,32,397
Uttar Pradesh,Chitrakoot,2015,15,13,3,16,31,2,14,39,175,84,24,49,5,166,3,62,12,40,967
Uttar Pradesh,Chitrakoot,2016,13,11,1,24,34,5,26,45,289,136,33,58,12,142,6,51,10,70,1129
Uttar Pradesh,Chitrakoot,2017,15,19,3,19,41,1,19,49,271,164,29,78,6,185,4,53,12,55,1194
Uttar Pradesh,Chitrakoot,2018,17,16,2,22,38,5,22,48,206,108,41,61,6,233,7,53,11,74,1129
Uttar Pradesh,Chitrakoot,2019,22,22,3,33,69,2,28,62,271,162,36,73,12,177,7,36,7,86,1269
Uttar Pradesh,Chitrakoot,2020,12,13,1,14,29,4,12,51,171,63,25,74,9,194,3,64,11,50,940
Uttar Pradesh,Chitrakoot,2021,18,20,2,25,44,2,15,49,273,165,21,72,11,126,8,61,14,84,1159
Uttar Pradesh,Chitrakoot,2022,16,20,2,36,39,4,30,54,181,72,11,113,3,165,9,45,14,84,1062
Uttar Pradesh,G. R. P.,2015,102,117,16,203,286,23,176,535,2135,928,195,434,93,1746,31,488,103,623,9439
Uttar Pradesh,G. R. P.,2016,170,181,25,165,480,31,230,666,1687,596,349,447,53,1402,56,452,142,770,9215
Uttar Pradesh,G. R. P.,2017,118,110,28,204,519,41,190,513,1796,1050,337,498,74,1289,47,551,180,577,9423
Uttar Pradesh,G. R. P.,2018,172,139,41,169,331,16,110,524,1554,948,110,464,90,1505,27,373,112,503,9258
Uttar Pradesh,G. R. P.,2019,209,250,26,212,568,28,178,551,1498,870,283,681,62,1483,58,624,199,619,9845
Uttar Pradesh,G. R. P.,2020,155,193,25,225,516,12,199,590,2256,1021,265,812,53,1037,74,299,68,376,9414
Uttar Pradesh,G. R. P.,2021,149,127,35,152,562,9,191,643,1822,645,92,967,73,1668,46,398,119,700,9752
Uttar Pradesh,G. R. P.,2022,190,212,33,171,554,9,107,700,1570,778,181,859,108,1899,33,384,122,486,9839
West Bengal,North 24 Parganas,2015,243,301,50,325,529,70,284,598,3089,1249,247,787,93,2562,67,984,315,911,14817
West Bengal,North 24 Parganas,2016,278,245,54,266,873,31,348,800,2630,1580,395,863,76,3151,42,498,90,1440,16599
West Bengal,North 24 Parganas,2017,258,343,32,483,1154,34,454,726,3529,2040,646,1140,133,2729,158,827,233,1012,18526
West Bengal,North 24 Parganas,2018,363,340,46,539,709,74,216,1224,3473,1687,293,795,79,2740,142,871,225,1434,17728
West Bengal,North 24 Parganas,2019,236,257,52,431,892,27,313,1086,4509,2425,508,1077,200,3392,79,1105,326,1439,20868
West Bengal,North 24 Parganas,2020,283,253,46,298,670,29,266,1055,3050,1570,506,1442,130,2101,73,875,251,631,15669
West Bengal,North 24 Parganas,2021,227,185,39,413,1067,20,440,1196,2756,1458,289,1203,93,2501,83,894,189,800,16191
West Bengal,North 24 Parganas,2022,308,341,72,397,876,16,376,1100,3869,1599,257,1509,154,3384,88,998,200,676,18624
West Bengal,South 24 Parganas,2015,255,226,62,477,875,54,330,860,3456,1400,655,1403,187,3300,93,624,210,1541,19938
West Bengal,South 24 Parganas,2016,468,563,79,642,985,87,463,1879,5907,2317,424,1500,169,3717,110,974,293,1937,25795
West Bengal,South 24 Parganas,2017,270,338,36,652,1265,78,554,1174,4122,1735,369,1457,222,4373,114,996,153,1705,22774
West Bengal,South 24 Parganas,2018,391,507,62,372,1190,121,269,2023,5284,1871,482,1501,283,3835,113,1109,365,2000,25428
West Bengal,South 24 Parganas,2019,329,425,56,369,1541,109,421,1059,6114,2573,711,1174,93,3069,97,1523,411,1473,24916
West Bengal,South 24 Parganas,2020,363,412,79,494,1056,85,307,1472,4231,2246,440,1933,227,2619,95,999,203,1731,21956
West Bengal,South 24 Parganas,2021,281,248,44,369,869,99,313,1032,5245,2007,370,2222,110,2848,73,849,244,1438,22641
West Bengal,South 24 Parganas,2022,315,434,69,885,1420,75,692,1800,4977,3177,865,2638,168,3258,200,1250,277,1525,27836
West Bengal,Alipurduar,2015,66,79,16,62,121,15,82,244,621,310,75,173,34,711,9,165,51,256,3588
West Bengal,Alipurduar,2016,74,84,10,113,204,15,53,152,650,378,98,222,37,750,36,118,39,283,3865
West Bengal,Alipurduar,2017,79,96,17,108,268,6,51,214,904,355,56,245,23,812,18,270,55,260,4422
West Bengal,Alipurduar,2018,60,79,10,60,146,6,61,317,778,357,51,208,29,509,12,186,42,255,3719
West Bengal,Alipurduar,2019,51,46,8,120,164,11,64,320,878,372,40,227,12,461,32,193,32,308,3900
West Bengal,Alipurduar,2020,44,47,9,94,98,12,43,228,620,231,84,328,38,690,20,140,26,207,3447
West Bengal,Alipurduar,2021,59,76,6,107,124,8,56,215,988,348,81,305,24,532,25,151,35,217,3897
West Bengal,Alipurduar,2022,65,55,12,107,225,15,76,179,598,218,151,331,11,793,31,247,44,220,3951
West Bengal,Asansol-Durgapur Pc,2015,75,101,12,112,331,15,85,387,872,479,55,273,51,955,22,325,62,217,5157
West Bengal,Asansol-Durgapur Pc,2016,76,102,18,145,206,12,77,375,1430,755,169,256,29,1085,33,201,64,461,6271
West Bengal,Asansol-Durgapur Pc,2017,86,112,10,87,335,14,69,205,735,274,83,266,38,731,14,232,71,270,4900
West Bengal,Asansol-Durgapur Pc,2018,83,67,8,147,219,12,74,237,1515,614,160,267,25,791,33,194,46,225,5543
West Bengal,Asansol-Durgapur Pc,2019,111,89,26,172,272,11,115,400,1156,671,77,268,49,1101,50,252,73,248,5903
West Bengal,Asansol-Durgapur Pc,2020,56,58,5,112,141,15,55,279,944,442,48,392,28,517,22,270,81,267,4342
West Bengal,Asansol-Durgapur Pc,2021,72,83,11,104,274,6,111,430,1330,660,96,366,23,811,17,247,65,291,5734
West Bengal,Asansol-Durgapur Pc,2022,67,77,8,163,229,8,78,399,1037,465,154,391,62,983,47,178,27,336,5502
West Bengal,Barrackpur Pc,2015,141,131,19,228,439,23,223,456,1978,785,244,494,81,1448,46,325,88,644,8960
West Bengal,Barrackpur Pc,2016,155,139,21,145,509,29,215,399,1371,522,263,482,51,1575,42,297,97,622,8277
West Bengal,Barrackpur Pc,2017,145,193,15,184,495,11,148,515,1776,873,301,545,51,1042,53,398,70,526,8605
West Bengal,Barrackpur Pc,2018,128,175,23,278,464,36,108,599,2138,924,197,575,64,1732,73,381,101,644,10027
West Bengal,Barrackpur Pc,2019,173,175,31,297,518,33,263,610,2197,850,231,717,57,2088,45,568,176,843,11375
West Bengal,Barrackpur Pc,2020,118,139,16,209,314,8,153,534,1781,788,135,599,25,1478,34,450,80,440,8394
West Bengal,Barrackpur Pc,2021,160,168,16,205,422,17,107,489,1895,742,159,849,48,1249,40,443,80,649,8940
West Bengal,Barrackpur Pc,2022,121,121,25,175,545,19,131,816,2027,959,195,853,85,1965,30,521,121,419,10489
West Bengal,Bidhannagar Pc,2015,45,54,10,79,141,6,87,134,696,266,56,171,17,458,13,145,45,158,3019
West Bengal,Bidhannagar Pc,2016,71,87,15,113,195,14,62,172,669,282,109,207,12,497,21,175,46,137,3371
West Bengal,Bidhannagar Pc,2017,56,67,13,53,163,13,80,141,772,331,41,184,11,480,12,117,23,209,3229
West Bengal,Bidhannagar Pc,2018,43,51,9,84,146,7,53,181,886,386,132,224,39,573,23,168,35,169,3735
West Bengal,Bidhannagar Pc,2019,41,54,8,62,143,11,58,270,891,312,90,245,18,615,12,136,38,142,3665
West Bengal,Bidhannagar Pc,2020,56,68,13,60,85,13,63,162,744,400,31,256,21,393,9,127,39,217,3168
West Bengal,Bidhannagar Pc,2021,57,60,7,58,115,8,53,191,814,365,47,240,10,635,16,115,39,226,3535
West Bengal,Bidhannagar Pc,2022,52,54,8,93,154,5,106,301,716,261,103,378,33,502,25,134,24,271,3758
West Bengal,Howrah G. R. P.,2015,70,70,13,122,176,23,95,378,1099,565,152,280,22,644,24,247,65,225,5012
West Bengal,Howrah G. R. P.,2016,100,115,22,106,187,13,122,381,1215,705,200,330,25,776,19,202,41,398,5720
West Bengal,Howrah G. R. P.,2017,73,68,11,108,318,11,82,441,1096,514,203,382,49,661,19,345,57,397,5644
West Bengal,Howrah G. R. P.,2018,83,107,15,159,266,23,133,239,1326,572,96,356,42,1159,28,222,70,252,6016
West Bengal,Howrah G. R. P.,2019,93,119,12,110,210,14,119,280,1183,546,84,334,20,1217,20,186,39,252,5848
West Bengal,Howrah G. R. P.,2020,91,122,15,96,197,14,55,314,1200,646,74,476,17,928,14,292,97,279,5590
West Bengal,Howrah G. R. P.,2021,93,125,17,185,207,24,97,523,931,498,192,438,67,972,30,372,117,255,6049
West Bengal,Howrah G. R. P.,2022,113,98,13,154,338,21,117,351,1543,790,143,573,22,1021,46,223,54,398,6870
West Bengal,Howrah Pc,2015,106,139,17,171,314,20,85,288,1129,629,182,375,27,931,44,411,130,330,6814
West Bengal,Howrah Pc,2016,126,176,23,194,395,11,73,406,1729,988,150,392,55,1013,29,391,61,472,7657
West Bengal,Howrah Pc,2017,81,85,9,105,361,24,100,516,1694,1065,213,448,42,1118,32,324,58,302,7518
West Bengal,Howrah Pc,2018,131,127,23,176,235,11,111,506,1200,463,117,397,28,1368,40,372,102,292,6704
West Bengal,Howrah Pc,2019,124,167,29,122,489,17,106,300,1582,839,189,346,66,1175,22,323,103,444,7520
West Bengal,Howrah Pc,2020,84,79,13,112,384,16,115,308,1083,486,81,471,36,899,21,221,62,266,5585
West Bengal,Howrah Pc,2021,125,160,28,209,376,13,181,600,1282,826,270,727,23,958,50,377,97,561,7912
West Bengal,Howrah Pc,2022,97,77,14,242,301,14,131,505,1847,857,257,628,84,1500,38,380,130,420,8597
West Bengal,Howrah Rural,2015,9,7,1,17,33,1,10,28,121,65,10,45,6,131,5,31,4,38,661
West Bengal,Howrah Rural,2016,14,14,2,12,41,3,8,54,107,49,18,37,2,105,4,44,11,46,704
West Bengal,Howrah Rural,2017,13,11,2,22,43,2,17,33,148,54,22,42,6,132,4,52,8,52,778
West Bengal,Howrah Rural,2018,16,20,3,16,28,2,16,30,180,110,14,47,8,93,3,41,12,44,797
West Bengal,Howrah Rural,2019,16,16,2,19,44,2,17,33,146,68,20,46,3,128,3,40,7,44,766
West Bengal,Howrah Rural,2020,9,10,1,19,34,0,13,55,164,88,23,63,6,120,5,38,7,38,788
West Bengal,Howrah Rural,2021,11,9,1,25,45,3,21,64,186,95,17,68,4,132,8,43,8,41,894
West Bengal,Howrah Rural,2022,9,11,1,20,32,1,8,54,149,58,31,75,5,145,6,54,17,47,840
West Bengal,Jhargram Police District,2015,15,18,3,18,46,1,13,69,143,53,27,48,7,158,4,41,10,41,839
West Bengal,Jhargram Police District,2016,14,17,2,22,59,3,19,41,166,80,25,56,7,116,7,58,10,47,880
West Bengal,Jhargram Police District,2017,19,24,2,24,39,2,14,52,189,74,33,47,6,151,3,63,10,51,940
West Bengal,Jhargram Police District,2018,18,15,2,18,31,2,22,38,207,76,10,69,5,183,4,31,4,66,962
West Bengal,Jhargram Police District,2019,15,13,3,21,30,1,22,40,185,74,25,52,3,154,3,63,20,47,963
West Bengal,Jhargram Police District,2020,14,14,2,12,24,1,8,63,159,98,27,69,4,161,1,23,6,42,839
West Bengal,Jhargram Police District,2021,12,13,1,13,51,0,22,64,187,67,18,78,8,183,3,56,16,64,986
West Bengal,Jhargram Police District,2022,13,13,2,28,48,4,24,67,217,130,25,79,8,148,9,57,18,50,1067
West Bengal,Kharagpur G. R. P.,2015,5,4,1,7,15,1,4,24,48,25,4,19,3,59,1,13,3,16,321
West Bengal,Kharagpur G. R. P.,2016,6,7,1,6,18,0,6,26,52,24,7,22,3,67,1,12,3,22,342
West Bengal,Kharagpur G. R. P.,2017,4,4,0,10,25,0,6,32,74,46,9,18,2,55,1,15,2,27,384
West Bengal,Kharagpur G. R. P.,2018,7,6,0,10,24,1,6,16,98,49,4,19,3,73,2,19,3,19,416
West Bengal,Kharagpur G. R. P.,2019,5,6,0,10,16,0,4,28,79,29,15,24,4,52,2,25,7,26,405
West Bengal,Kharagpur G. R. P.,2020,6,7,1,6,10,1,3,27,88,34,12,27,3,57,1,12,2,21,366
West Bengal,Kharagpur G. R. P.,2021,6,5,1,5,17,1,7,15,51,32,9,34,1,49,1,17,2,20,329
West Bengal,Kharagpur G. R. P.,2022,6,7,1,10,19,1,7,27,81,31,6,32,2,52,1,18,4,32,395
West Bengal,Paschim Medinipur,2015,68,64,7,177,362,9,130,457,1315,811,192,361,49,963,45,381,77,320,6641
West Bengal,Paschim Medinipur,2016,108,118,18,215,390,13,123,516,1176,583,248,387,64,1375,51,374,59,433,7194
West Bengal,Paschim Medinipur,2017,99,105,12,98,332,8,133,437,1274,581,142,397,24,736,23,275,95,426,6065
West Bengal,Paschim Medinipur,2018,82,83,9,179,245,17,76,468,958,440,188,353,18,811,55,261,81,275,6031
West Bengal,Paschim Medinipur,2019,78,91,15,152,221,18,78,446,1393,612,119,340,41,1127,29,196,43,285,6480
West Bengal,Paschim Medinipur,2020,118,139,13,188,300,13,123,439,869,418,188,494,43,934,35,251,77,296,5784
West Bengal,Paschim Medinipur,2021,132,177,21,118,385,22,78,271,1404,563,141,653,57,813,27,230,35,508,6560
West Bengal,Paschim Medinipur,2022,151,137,17,215,276,27,167,438,1177,524,163,750,61,919,61,424,81,633,7286
West Bengal,Purab Medinipur,2015,98,126,10,95,379,29,182,523,1527,806,73,409,59,832,25,279,66,511,6983
West Bengal,Purab Medinipur,2016,142,129,17,193,471,24,204,384,1945,877,111,480,78,1415,61,409,89,617,8736
West Bengal,Purab Medinipur,2017,148,192,23,178,294,14,122,506,1147,639,248,459,68,1452,42,389,107,352,7485
West Bengal,Purab Medinipur,2018,163,194,23,196,418,33,232,478,1778,637,194,559,90,1406,37,310,81,663,8659
West Bengal,Purab Medinipur,2019,121,125,24,230,345,38,133,538,1388,833,252,393,60,1011,60,295,88,389,8042
West Bengal,Purab Medinipur,2020,137,120,24,117,376,22,72,562,1187,578,232,535,47,967,36,296,101,463,6837
West Bengal,Purab Medinipur,2021,101,104,14,136,251,7,170,308,1548,894,275,683,34,1424,26,389,112,535,8059
West Bengal,Purab Medinipur,2022,97,104,20,230,313,18,196,370,1595,806,295,827,58,1533,68,266,61,667,8685
West Bengal,Sealdah G. R. P.,2015,14,18,2,19,33,2,24,48,157,84,34,62,9,158,5,53,15,64,939
West Bengal,Sealdah G. R. P.,2016,21,19,2,23,47,2,25,75,211,90,19,65,4,194,4,35,5,49,1037
West Bengal,Sealdah G. R. P.,2017,13,17,2,19,62,3,25,42,178,111,11,71,5,139,5,53,8,65,1044
West Bengal,Sealdah G. R. P.,2018,13,12,2,34,50,5,11,82,304,154,44,73,9,222,7,53,15,80,1337
West Bengal,Sealdah G. R. P.,2019,16,13,2,37,46,1,19,76,229,114,37,75,9,180,6,44,11,87,1183
West Bengal,Sealdah G. R. P.,2020,15,14,2,23,55,3,17,40,215,104,15,65,3,140,5,46,9,66,958
West Bengal,Sealdah G. R. P.,2021,21,19,4,32,59,3,21,51,167,107,43,86,13,189,7,61,11,64,1123
West Bengal,Sealdah G. R. P.,2022,22,30,3,24,66,4,12,64,187,114,31,102,10,201,6,66,12,55,1173
West Bengal,Siliguri G. R. P.,2015,6,5,1,10,18,0,9,14,60,26,10,19,2,51,2,17,3,18,327
West Bengal,Siliguri G. R. P.,2016,5,5,1,10,14,1,5,27,89,50,10,20,2,42,2,19,2,25,380
West Bengal,Siliguri G. R. P.,2017,6,7,1,10,10,0,7,30,76,30,6,19,2,67,2,17,2,22,366
West Bengal,Siliguri G. R. P.,2018,5,4,0,11,10,0,8,27,93,46,5,19,3,74,2,17,3,19,397
West Bengal,Siliguri G. R. P.,2019,5,5,1,11,25,1,3,16,90,54,12,20,3,66,2,25,7,17,417
West Bengal,Siliguri G. R. P.,2020,5,5,0,4,13,1,3,20,63,33,4,21,1,60,0,16,4,21,316
West Bengal,Siliguri G. R. P.,2021,5,5,0,8,11,1,8,16,68,30,12,26,1,59,2,22,5,22,353
West Bengal,Siliguri G. R. P.,2022,5,6,0,8,19,1,9,26,58,31,12,29,1,52,2,24,7,15,358
West Bengal,Siliguri Pc,2015,76,69,10,102,289,16,68,343,707,402,88,235,28,858,18,293,46,245,4545
West Bengal,Siliguri Pc,2016,65,77,9,114,151,14,99,340,793,318,133,311,41,708,18,164,33,360,4737
West Bengal,Siliguri Pc,2017,82,108,12,140,317,5,73,447,852,390,162,287,25,845,48,171,45,432,5224
West Bengal,Siliguri Pc,2018,81,66,13,175,215,23,125,339,1364,482,66,385,61,796,29,280,54,372,5746
West Bengal,Siliguri Pc,2019,83,84,18,159,297,9,132,292,1111,581,170,269,34,738,50,276,55,371,5507
West Bengal,Siliguri Pc,2020,50,43,12,85,174,18,114,245,1126,598,80,346,16,772,15,192,32,289,4814
West Bengal,Siliguri Pc,2021,56,60,8,119,160,19,70,264,842,535,59,470,53,640,22,159,54,246,4610
West Bengal,Siliguri Pc,2022,114,101,17,189,376,14,148,313,1434,676,114,420,57,740,53,364,68,474,6519
Andaman & Nicobar Islands,South Andaman,2015,9,7,1,11,24,2,10,30,91,37,20,27,2,107,3,33,7,22,525
Andaman & Nicobar Islands,South Andaman,2016,7,6,1,10,20,2,10,45,93,46,7,38,2,126,2,30,10,49,591
Andaman & Nicobar Islands,South Andaman,2017,13,17,3,16,41,2,12,48,134,48,21,43,2,91,3,27,4,34,653
Andaman & Nicobar Islands,South Andaman,2018,9,10,0,12,34,0,7,37,149,91,16,32,4,129,2,22,3,38,685
Andaman & Nicobar Islands,South Andaman,2019,8,7,1,11,34,0,14,26,92,43,23,31,2,106,1,28,5,40,600
Andaman & Nicobar Islands,South Andaman,2020,10,12,2,15,21,1,8,27,97,45,15,43,1,78,4,32,5,27,517
Andaman & Nicobar Islands,South Andaman,2021,8,9,1,10,27,1,10,38,145,83,10,57,2,126,2,34,7,36,693
Andaman & Nicobar Islands,South Andaman,2022,8,10,1,10,19,1,15,40,120,56,12,55,4,96,3,19,5,52,622
Andaman & Nicobar Islands,North & Middle Andaman,2015,2,1,0,4,8,0,4,14,35,18,1,9,1,21,0,7,2,15,169
Andaman & Nicobar Islands,North & Middle Andaman,2016,2,1,0,3,9,0,2,13,35,20,6,9,0,28,0,10,1,6,169
Andaman & Nicobar Islands,North & Middle Andaman,2017,2,1,0,4,9,0,4,10,41,24,4,8,1,36,0,8,2,9,188
Andaman & Nicobar Islands,North & Middle Andaman,2018,3,3,0,5,11,0,4,15,37,16,2,9,1,25,1,11,2,12,183
Andaman & Nicobar Islands,North & Middle Andaman,2019,3,4,0,4,6,0,3,14,47,19,5,11,1,23,0,11,2,16,198
Andaman & Nicobar Islands,North & Middle Andaman,2020,2,1,0,2,8,0,1,8,28,15,1,12,1,22,0,4,0,7,134
Andaman & Nicobar Islands,North & Middle Andaman,2021,3,3,0,5,11,0,4,7,39,24,2,15,1,31,1,9,1,13,194
Andaman & Nicobar Islands,North & Middle Andaman,2022,3,2,0,4,12,0,3,11,39,15,5,15,0,26,1,6,1,8,189
Delhi,Metro,2015,99,101,19,96,277,6,136,252,1161,724,71,344,51,857,33,321,99,265,5638
Delhi,Metro,2016,105,134,15,91,200,17,122,200,816,285,104,299,47,1012,18,262,79,352,4887
Delhi,Metro,2017,74,100,18,75,298,18,84,219,993,542,75,240,50,635,13,232,64,251,4654
Delhi,Metro,2018,100,95,10,148,258,15,110,240,1215,671,84,275,40,663,44,276,68,266,5302
Delhi,Metro,2019,91,121,13,116,376,14,155,426,1528,604,136,294,42,757,22,257,46,240,6057
Delhi,Metro,2020,77,90,10,97,173,8,72,174,1123,503,85,335,30,592,17,137,42,204,4388
Delhi,Metro,2021,72,85,8,87,211,17,59,378,1134,501,96,343,44,576,28,207,38,318,4884
Delhi,Metro,2022,99,111,23,94,304,5,65,311,1214,436,178,416,25,859,19,198,45,261,5431
Delhi,Railway,2015,59,62,5,103,159,5,74,268,731,456,93,228,25,586,30,102,20,281,3781
Delhi,Railway,2016,62,62,8,71,206,8,43,219,700,329,59,171,39,399,20,177,41,200,3302
Delhi,Railway,2017,62,58,14,90,137,11,41,190,676,272,78,232,23,668,23,111,32,260,3491
Delhi,Railway,2018,78,106,9,109,156,15,93,305,950,563,45,214,22,803,18,125,35,171,4365
Delhi,Railway,2019,72,96,15,75,245,17,100,212,917,573,144,190,38,784,11,253,52,235,4573
Delhi,Railway,2020,57,63,11,78,147,13,43,146,618,380,58,255,16,521,15,170,56,180,3259
Delhi,Railway,2021,56,75,11,57,133,9,70,192,630,380,100,286,18,700,13,139,32,162,3564
Delhi,Railway,2022,49,66,5,67,158,12,95,281,931,581,79,298,30,571,11,234,53,160,4187
Delhi,Spuwac,2015,3,2,0,3,8,0,2,6,27,14,3,9,1,21,0,9,2,10,163
Delhi,Spuwac,2016,3,3,0,3,5,0,1,12,26,14,6,11,0,22,0,6,1,13,160
Delhi,Spuwac,2017,3,2,0,4,10,0,5,12,48,23,2,9,2,34,1,10,2,12,206
Delhi,Spuwac,2018,3,3,0,3,10,0,4,13,35,15,6,12,0,27,1,11,2,14,187
Delhi,Spuwac,2019,2,2,0,4,7,0,2,10,48,20,2,9,0,24,0,11,3,15,186
Delhi,Spuwac,2020,2,2,0,3,4,0,1,10,22,11,3,12,0,29,0,5,1,9,137
Delhi,Spuwac,2021,2,2,0,4,5,0,2,11,34,19,6,12,1,32,1,8,1,7,173
Delhi,Spuwac,2022,3,2,0,5,6,0,3,16,38,17,5,16,1,35,1,9,2,8,195
Delhi,Vigilance,2015,7,6,0,18,22,1,7,24,159,74,7,32,2,130,5,28,4,33,650
Delhi,Vigilance,2016,13,16,2,21,27,0,8,50,176,70,16,37,4,105,3,43,10,47,745
Delhi,Vigilance,2017,9,12,2,19,46,1,6,36,169,68,12,40,4,85,3,34,10,46,704
Delhi,Vigilance,2018,9,10,1,16,42,3,9,41,143,61,14,42,2,129,2,37,10,39,713
Delhi,Vigilance,2019,11,11,1,16,31,1,14,54,121,55,8,43,5,137,4,20,5,40,672
Delhi,Vigilance,2020,7,7,0,14,21,1,13,39,134,58,12,38,5,71,3,29,6,29,562
Delhi,Vigilance,2021,9,9,1,13,35,1,14,45,125,60,16,57,5,112,3,39,11,49,696
Delhi,Vigilance,2022,13,10,1,23,30,0,15,40,170,86,24,64,5,105,4,45,7,50,796
