STATE_UT,DISTRICT,YEAR,FINANCIAL_FRAUD_CASES,CYBER_STALKING_HARASSMENT,IDENTITY_THEFT_CHEATING,HACKING_MALWARE,TOTAL_CYBER_CRIMES
Andhra Pradesh,Adilabad,2017,1,0,0,0,1
Andhra Pradesh,Adilabad,2018,3,0,0,0,3
Andhra Pradesh,Adilabad,2019,3,0,0,0,3
Andhra Pradesh,Adilabad,2020,6,1,1,0,8
Andhra Pradesh,Adilabad,2021,9,2,1,1,13
Andhra Pradesh,Adilabad,2022,13,3,2,1,19
Andhra Pradesh,Anantapur,2017,8,1,1,1,11
Andhra Pradesh,Anantapur,2018,13,3,2,1,19
Andhra Pradesh,Anantapur,2019,20,4,3,2,29
Andhra Pradesh,Anantapur,2020,26,6,4,3,39
Andhra Pradesh,Anantapur,2021,43,10,8,5,66
Andhra Pradesh,Anantapur,2022,65,15,12,8,100
Andhra Pradesh,Chittoor,2017,2,0,0,0,2
Andhra Pradesh,Chittoor,2018,2,0,0,0,2
Andhra Pradesh,Chittoor,2019,4,0,0,0,4
Andhra Pradesh,Chittoor,2020,6,1,1,0,8
Andhra Pradesh,Chittoor,2021,10,2,1,1,14
Andhra Pradesh,Chittoor,2022,14,3,2,1,20
Andhra Pradesh,Cuddapah,2017,15,3,2,1,21
Andhra Pradesh,Cuddapah,2018,24,5,4,3,36
Andhra Pradesh,Cuddapah,2019,27,6,5,3,41
Andhra Pradesh,Cuddapah,2020,46,10,8,5,69
Andhra Pradesh,Cuddapah,2021,61,14,11,7,93
Andhra Pradesh,Cuddapah,2022,86,19,15,10,130
Andhra Pradesh,East Godavari,2017,8,1,1,1,11
Andhra Pradesh,East Godavari,2018,11,2,2,1,16
Andhra Pradesh,East Godavari,2019,17,4,3,2,26
Andhra Pradesh,East Godavari,2020,26,6,4,3,39
Andhra Pradesh,East Godavari,2021,35,8,6,4,53
Andhra Pradesh,East Godavari,2022,42,9,7,5,63
Andhra Pradesh,Guntakal Rly.,2017,7,1,1,0,9
Andhra Pradesh,Guntakal Rly.,2018,9,2,1,1,13
Andhra Pradesh,Guntakal Rly.,2019,15,3,2,1,21
Andhra Pradesh,Guntakal Rly.,2020,23,5,4,2,34
Andhra Pradesh,Guntakal Rly.,2021,31,7,5,3,46
Andhra Pradesh,Guntakal Rly.,2022,41,9,7,5,62
Andhra Pradesh,Guntur,2017,17,3,3,2,25
Andhra Pradesh,Guntur,2018,26,6,4,3,39
Andhra Pradesh,Guntur,2019,37,8,6,4,55
Andhra Pradesh,Guntur,2020,45,10,8,5,68
Andhra Pradesh,Guntur,2021,87,20,16,10,133
Andhra Pradesh,Guntur,2022,116,26,21,14,177
Andhra Pradesh,Hyderabad City,2017,31,7,5,3,46
Andhra Pradesh,Hyderabad City,2018,51,11,9,6,77
Andhra Pradesh,Hyderabad City,2019,83,19,15,10,127
Andhra Pradesh,Hyderabad City,2020,129,29,23,15,196
Andhra Pradesh,Hyderabad City,2021,186,42,34,22,284
Andhra Pradesh,Hyderabad City,2022,249,57,46,30,382
Andhra Pradesh,Karimnagar,2017,4,1,0,0,5
Andhra Pradesh,Karimnagar,2018,6,1,1,0,8
Andhra Pradesh,Karimnagar,2019,11,2,2,1,16
Andhra Pradesh,Karimnagar,2020,12,2,2,1,17
Andhra Pradesh,Karimnagar,2021,25,5,4,3,37
Andhra Pradesh,Karimnagar,2022,31,7,5,3,46
Andhra Pradesh,Khammam,2017,7,1,1,0,9
Andhra Pradesh,Khammam,2018,10,2,1,1,14
Andhra Pradesh,Khammam,2019,13,3,2,1,19
Andhra Pradesh,Khammam,2020,21,5,4,2,32
Andhra Pradesh,Khammam,2021,22,5,4,2,33
Andhra Pradesh,Khammam,2022,35,8,6,4,53
Andhra Pradesh,Krishna,2017,4,0,0,0,4
Andhra Pradesh,Krishna,2018,7,1,1,0,9
Andhra Pradesh,Krishna,2019,8,1,1,1,11
Andhra Pradesh,Krishna,2020,17,4,3,2,26
Andhra Pradesh,Krishna,2021,22,5,4,2,33
Andhra Pradesh,Krishna,2022,26,6,4,3,39
Andhra Pradesh,Kurnool,2017,13,3,2,1,19
Andhra Pradesh,Kurnool,2018,28,6,5,3,42
Andhra Pradesh,Kurnool,2019,30,7,5,3,45
Andhra Pradesh,Kurnool,2020,57,13,10,7,87
Andhra Pradesh,Kurnool,2021,64,14,11,7,96
Andhra Pradesh,Kurnool,2022,96,22,17,11,146
Andhra Pradesh,Mahaboobnagar,2017,13,3,2,1,19
Andhra Pradesh,Mahaboobnagar,2018,14,3,2,1,20
Andhra Pradesh,Mahaboobnagar,2019,21,4,3,2,30
Andhra Pradesh,Mahaboobnagar,2020,39,9,7,4,59
Andhra Pradesh,Mahaboobnagar,2021,43,10,8,5,66
Andhra Pradesh,Mahaboobnagar,2022,69,16,12,8,105
Andhra Pradesh,Medak,2017,5,1,1,0,7
Andhra Pradesh,Medak,2018,8,1,1,1,11
Andhra Pradesh,Medak,2019,11,2,2,1,16
Andhra Pradesh,Medak,2020,20,4,3,2,29
Andhra Pradesh,Medak,2021,20,4,3,2,29
Andhra Pradesh,Medak,2022,39,9,7,4,59
Andhra Pradesh,Nalgonda,2017,10,2,1,1,14
Andhra Pradesh,Nalgonda,2018,16,3,2,1,22
Andhra Pradesh,Nalgonda,2019,21,4,3,2,30
Andhra Pradesh,Nalgonda,2020,34,7,6,4,51
Andhra Pradesh,Nalgonda,2021,41,9,7,5,62
Andhra Pradesh,Nalgonda,2022,66,15,12,8,101
Andhra Pradesh,Nellore,2017,13,3,2,1,19
Andhra Pradesh,Nellore,2018,20,4,3,2,29
Andhra Pradesh,Nellore,2019,26,6,4,3,39
Andhra Pradesh,Nellore,2020,46,10,8,5,69
Andhra Pradesh,Nellore,2021,56,12,10,6,84
Andhra Pradesh,Nellore,2022,64,14,11,7,96
Andhra Pradesh,Nizamabad,2017,17,4,3,2,26
Andhra Pradesh,Nizamabad,2018,19,4,3,2,28
Andhra Pradesh,Nizamabad,2019,38,8,7,4,57
Andhra Pradesh,Nizamabad,2020,48,11,8,5,72
Andhra Pradesh,Nizamabad,2021,64,14,11,7,96
Andhra Pradesh,Nizamabad,2022,91,21,16,11,139
Andhra Pradesh,Prakasham,2017,18,4,3,2,27
Andhra Pradesh,Prakasham,2018,21,4,3,2,30
Andhra Pradesh,Prakasham,2019,32,7,6,4,49
Andhra Pradesh,Prakasham,2020,60,13,11,7,91
Andhra Pradesh,Prakasham,2021,67,15,12,8,102
Andhra Pradesh,Prakasham,2022,104,24,19,12,159
Andhra Pradesh,Ranga Reddy,2017,6,1,1,0,8
Andhra Pradesh,Ranga Reddy,2018,11,2,2,1,16
Andhra Pradesh,Ranga Reddy,2019,13,3,2,1,19
Andhra Pradesh,Ranga Reddy,2020,19,4,3,2,28
Andhra Pradesh,Ranga Reddy,2021,32,7,6,4,49
Andhra Pradesh,Ranga Reddy,2022,38,8,7,4,57
Andhra Pradesh,Secunderabad Rly.,2017,15,3,2,1,21
Andhra Pradesh,Secunderabad Rly.,2018,15,3,2,1,21
Andhra Pradesh,Secunderabad Rly.,2019,22,5,4,2,33
Andhra Pradesh,Secunderabad Rly.,2020,45,10,8,5,68
Andhra Pradesh,Secunderabad Rly.,2021,49,11,9,6,75
Andhra Pradesh,Secunderabad Rly.,2022,72,16,13,8,109
Andhra Pradesh,Srikakulam,2017,7,1,1,0,9
Andhra Pradesh,Srikakulam,2018,9,2,1,1,13
Andhra Pradesh,Srikakulam,2019,15,3,2,1,21
Andhra Pradesh,Srikakulam,2020,19,4,3,2,28
Andhra Pradesh,Srikakulam,2021,34,8,6,4,52
Andhra Pradesh,Srikakulam,2022,39,9,7,4,59
Andhra Pradesh,Vijayawada,2017,5,1,1,0,7
Andhra Pradesh,Vijayawada,2018,7,1,1,0,9
Andhra Pradesh,Vijayawada,2019,8,2,1,1,12
Andhra Pradesh,Vijayawada,2020,14,3,2,1,20
Andhra Pradesh,Vijayawada,2021,18,4,3,2,27
Andhra Pradesh,Vijayawada,2022,32,7,5,3,47
Andhra Pradesh,Vijayawada Rly.,2017,17,3,3,2,25
Andhra Pradesh,Vijayawada Rly.,2018,23,5,4,2,34
Andhra Pradesh,Vijayawada Rly.,2019,32,7,6,4,49
Andhra Pradesh,Vijayawada Rly.,2020,47,10,8,5,70
Andhra Pradesh,Vijayawada Rly.,2021,87,20,16,10,133
Andhra Pradesh,Vijayawada Rly.,2022,114,26,21,14,175
Andhra Pradesh,Visakha Rural,2017,8,1,1,1,11
Andhra Pradesh,Visakha Rural,2018,13,3,2,1,19
Andhra Pradesh,Visakha Rural,2019,19,4,3,2,28
Andhra Pradesh,Visakha Rural,2020,22,5,4,2,33
Andhra Pradesh,Visakha Rural,2021,30,7,5,3,45
Andhra Pradesh,Visakha Rural,2022,45,10,8,5,68
Andhra Pradesh,Visakhapatnam,2017,8,2,1,1,12
Andhra Pradesh,Visakhapatnam,2018,13,3,2,1,19
Andhra Pradesh,Visakhapatnam,2019,18,4,3,2,27
Andhra Pradesh,Visakhapatnam,2020,24,5,4,2,35
Andhra Pradesh,Visakhapatnam,2021,40,9,7,5,61
Andhra Pradesh,Visakhapatnam,2022,42,9,7,5,63
Andhra Pradesh,Vizianagaram,2017,8,1,1,1,11
Andhra Pradesh,Vizianagaram,2018,9,2,1,1,13
Andhra Pradesh,Vizianagaram,2019,17,3,3,2,25
Andhra Pradesh,Vizianagaram,2020,24,5,4,3,36
Andhra Pradesh,Vizianagaram,2021,33,7,6,4,50
Andhra Pradesh,Vizianagaram,2022,40,9,7,4,60
Andhra Pradesh,Warangal,2017,13,3,2,1,19
Andhra Pradesh,Warangal,2018,25,5,4,3,37
Andhra Pradesh,Warangal,2019,33,7,6,4,50
Andhra Pradesh,Warangal,2020,42,9,7,5,63
Andhra Pradesh,Warangal,2021,82,19,15,10,126
Andhra Pradesh,Warangal,2022,106,24,19,13,162
Andhra Pradesh,West Godavari,2017,3,0,0,0,3
Andhra Pradesh,West Godavari,2018,4,0,0,0,4
Andhra Pradesh,West Godavari,2019,6,1,1,0,8
Andhra Pradesh,West Godavari,2020,10,2,1,1,14
Andhra Pradesh,West Godavari,2021,16,3,3,2,24
Andhra Pradesh,West Godavari,2022,19,4,3,2,28
Arunachal Pradesh,Changlang,2017,2,0,0,0,2
Arunachal Pradesh,Changlang,2018,3,0,0,0,3
Arunachal Pradesh,Changlang,2019,4,1,0,0,5
Arunachal Pradesh,Changlang,2020,9,2,1,1,13
Arunachal Pradesh,Changlang,2021,12,2,2,1,17
Arunachal Pradesh,Changlang,2022,15,3,2,1,21
Arunachal Pradesh,Dibang Valley,2017,13,3,2,1,19
Arunachal Pradesh,Dibang Valley,2018,16,3,2,1,22
Arunachal Pradesh,Dibang Valley,2019,27,6,4,3,40
Arunachal Pradesh,Dibang Valley,2020,38,8,7,4,57
Arunachal Pradesh,Dibang Valley,2021,46,10,8,5,69
Arunachal Pradesh,Dibang Valley,2022,82,19,15,10,126
Arunachal Pradesh,Kameng East,2017,3,0,0,0,3
Arunachal Pradesh,Kameng East,2018,3,0,0,0,3
Arunachal Pradesh,Kameng East,2019,4,1,0,0,5
Arunachal Pradesh,Kameng East,2020,10,2,1,1,14
Arunachal Pradesh,Kameng East,2021,10,2,1,1,14
Arunachal Pradesh,Kameng East,2022,17,4,3,2,26
Arunachal Pradesh,Kameng West,2017,13,3,2,1,19
Arunachal Pradesh,Kameng West,2018,18,4,3,2,27
Arunachal Pradesh,Kameng West,2019,36,8,6,4,54
Arunachal Pradesh,Kameng West,2020,45,10,8,5,68
Arunachal Pradesh,Kameng West,2021,70,16,13,8,107
Arunachal Pradesh,Kameng West,2022,95,22,17,11,145
Arunachal Pradesh,Lohit,2017,10,2,1,1,14
Arunachal Pradesh,Lohit,2018,16,3,3,2,24
Arunachal Pradesh,Lohit,2019,18,4,3,2,27
Arunachal Pradesh,Lohit,2020,37,8,6,4,55
Arunachal Pradesh,Lohit,2021,45,10,8,5,68
Arunachal Pradesh,Lohit,2022,69,16,12,8,105
Arunachal Pradesh,Papum Pare,2017,17,3,3,2,25
Arunachal Pradesh,Papum Pare,2018,21,4,3,2,30
Arunachal Pradesh,Papum Pare,2019,29,6,5,3,43
Arunachal Pradesh,Papum Pare,2020,46,10,8,5,69
Arunachal Pradesh,Papum Pare,2021,74,17,13,9,113
Arunachal Pradesh,Papum Pare,2022,100,23,18,12,153
Arunachal Pradesh,Siang East,2017,8,2,1,1,12
Arunachal Pradesh,Siang East,2018,14,3,2,1,20
Arunachal Pradesh,Siang East,2019,21,5,4,2,32
Arunachal Pradesh,Siang East,2020,30,7,5,3,45
Arunachal Pradesh,Siang East,2021,42,9,7,5,63
Arunachal Pradesh,Siang East,2022,64,14,11,7,96
Arunachal Pradesh,Siang Upper,2017,9,2,1,1,13
Arunachal Pradesh,Siang Upper,2018,11,2,2,1,16
Arunachal Pradesh,Siang Upper,2019,18,4,3,2,27
Arunachal Pradesh,Siang Upper,2020,28,6,5,3,42
Arunachal Pradesh,Siang Upper,2021,44,10,8,5,67
Arunachal Pradesh,Siang Upper,2022,56,13,10,7,86
Arunachal Pradesh,Siang West,2017,4,0,0,0,4
Arunachal Pradesh,Siang West,2018,7,1,1,0,9
Arunachal Pradesh,Siang West,2019,7,1,1,0,9
Arunachal Pradesh,Siang West,2020,15,3,2,1,21
Arunachal Pradesh,Siang West,2021,20,4,3,2,29
Arunachal Pradesh,Siang West,2022,28,6,5,3,42
Arunachal Pradesh,Subansiri Lower,2017,12,2,2,1,17
Arunachal Pradesh,Subansiri Lower,2018,18,4,3,2,27
Arunachal Pradesh,Subansiri Lower,2019,21,4,3,2,30
Arunachal Pradesh,Subansiri Lower,2020,40,9,7,4,60
Arunachal Pradesh,Subansiri Lower,2021,46,10,8,5,69
Arunachal Pradesh,Subansiri Lower,2022,83,19,15,10,127
Arunachal Pradesh,Subansiri Upper,2017,8,2,1,1,12
Arunachal Pradesh,Subansiri Upper,2018,13,3,2,1,19
Arunachal Pradesh,Subansiri Upper,2019,25,5,4,3,37
Arunachal Pradesh,Subansiri Upper,2020,36,8,6,4,54
Arunachal Pradesh,Subansiri Upper,2021,40,9,7,4,60
Arunachal Pradesh,Subansiri Upper,2022,67,15,12,8,102
Arunachal Pradesh,Tawang,2017,14,3,2,1,20
Arunachal Pradesh,Tawang,2018,15,3,2,1,21
Arunachal Pradesh,Tawang,2019,24,5,4,2,35
Arunachal Pradesh,Tawang,2020,44,10,8,5,67
Arunachal Pradesh,Tawang,2021,53,12,9,6,80
Arunachal Pradesh,Tawang,2022,66,15,12,8,101
Arunachal Pradesh,Tirap,2017,11,2,2,1,16
Arunachal Pradesh,Tirap,2018,14,3,2,1,20
Arunachal Pradesh,Tirap,2019,28,6,5,3,42
Arunachal Pradesh,Tirap,2020,33,7,6,4,50
Arunachal Pradesh,Tirap,2021,60,14,11,7,92
Arunachal Pradesh,Tirap,2022,82,18,15,10,125
Assam,Barpeta,2017,18,4,3,2,27
Assam,Barpeta,2018,18,4,3,2,27
Assam,Barpeta,2019,30,7,5,3,45
Assam,Barpeta,2020,49,11,9,6,75
Assam,Barpeta,2021,69,16,12,8,105
Assam,Barpeta,2022,88,20,16,10,134
Assam,Bongaigaon,2017,3,0,0,0,3
Assam,Bongaigaon,2018,6,1,1,0,8
Assam,Bongaigaon,2019,8,2,1,1,12
Assam,Bongaigaon,2020,14,3,2,1,20
Assam,Bongaigaon,2021,20,4,3,2,29
Assam,Bongaigaon,2022,24,5,4,3,36
Assam,C.I.D.,2017,1,0,0,0,1
Assam,C.I.D.,2018,2,0,0,0,2
Assam,C.I.D.,2019,4,1,0,0,5
Assam,C.I.D.,2020,6,1,1,0,8
Assam,C.I.D.,2021,10,2,1,1,14
Assam,C.I.D.,2022,10,2,1,1,14
Assam,Cachar,2017,17,3,3,2,25
Assam,Cachar,2018,20,4,3,2,29
Assam,Cachar,2019,27,6,5,3,41
Assam,Cachar,2020,42,9,7,5,63
Assam,Cachar,2021,68,15,12,8,103
Assam,Cachar,2022,95,22,17,11,145
Assam,Darrang,2017,4,1,0,0,5
Assam,Darrang,2018,7,1,1,0,9
Assam,Darrang,2019,10,2,1,1,14
Assam,Darrang,2020,14,3,2,1,20
Assam,Darrang,2021,19,4,3,2,28
Assam,Darrang,2022,26,6,4,3,39
Assam,Dhemaji,2017,9,2,1,1,13
Assam,Dhemaji,2018,13,3,2,1,19
Assam,Dhemaji,2019,18,4,3,2,27
Assam,Dhemaji,2020,31,7,5,3,46
Assam,Dhemaji,2021,45,10,8,5,68
Assam,Dhemaji,2022,59,13,11,7,90
Assam,Dhubri,2017,10,2,1,1,14
Assam,Dhubri,2018,10,2,1,1,14
Assam,Dhubri,2019,17,4,3,2,26
Assam,Dhubri,2020,28,6,5,3,42
Assam,Dhubri,2021,34,8,6,4,52
Assam,Dhubri,2022,60,13,11,7,91
Assam,Dibrugarh,2017,1,0,0,0,1
Assam,Dibrugarh,2018,2,0,0,0,2
Assam,Dibrugarh,2019,3,0,0,0,3
Assam,Dibrugarh,2020,7,1,1,0,9
Assam,Dibrugarh,2021,7,1,1,0,9
Assam,Dibrugarh,2022,12,2,2,1,17
Assam,G.R.P.,2017,3,0,0,0,3
Assam,G.R.P.,2018,4,0,0,0,4
Assam,G.R.P.,2019,4,1,0,0,5
Assam,G.R.P.,2020,8,1,1,1,11
Assam,G.R.P.,2021,14,3,2,1,20
Assam,G.R.P.,2022,17,4,3,2,26
Assam,Goalpara,2017,15,3,2,1,21
Assam,Goalpara,2018,25,5,4,3,37
Assam,Goalpara,2019,36,8,6,4,54
Assam,Goalpara,2020,65,15,12,8,100
Assam,Goalpara,2021,80,18,14,9,121
Assam,Goalpara,2022,105,24,19,12,160
Assam,Golaghat,2017,5,1,1,0,7
Assam,Golaghat,2018,8,2,1,1,12
Assam,Golaghat,2019,11,2,2,1,16
Assam,Golaghat,2020,19,4,3,2,28
Assam,Golaghat,2021,27,6,5,3,41
Assam,Golaghat,2022,38,8,7,4,57
Assam,Guwahati City,2017,5,1,0,0,6
Assam,Guwahati City,2018,5,1,1,0,7
Assam,Guwahati City,2019,9,2,1,1,13
Assam,Guwahati City,2020,17,4,3,2,26
Assam,Guwahati City,2021,17,4,3,2,26
Assam,Guwahati City,2022,28,6,5,3,42
Assam,Hailakandi,2017,3,0,0,0,3
Assam,Hailakandi,2018,4,0,0,0,4
Assam,Hailakandi,2019,8,1,1,1,11
Assam,Hailakandi,2020,12,2,2,1,17
Assam,Hailakandi,2021,17,3,3,2,25
Assam,Hailakandi,2022,22,5,4,2,33
Assam,Jorhat,2017,13,3,2,1,19
Assam,Jorhat,2018,16,3,3,2,24
Assam,Jorhat,2019,30,7,5,3,45
Assam,Jorhat,2020,33,7,6,4,50
Assam,Jorhat,2021,45,10,8,5,68
Assam,Jorhat,2022,81,18,15,10,124
Assam,Kamrup,2017,11,2,2,1,16
Assam,Kamrup,2018,15,3,2,1,21
Assam,Kamrup,2019,28,6,5,3,42
Assam,Kamrup,2020,44,10,8,5,67
Assam,Kamrup,2021,48,11,8,5,72
Assam,Kamrup,2022,83,19,15,10,127
Assam,Karbi Anglong,2017,8,1,1,1,11
Assam,Karbi Anglong,2018,13,3,2,1,19
Assam,Karbi Anglong,2019,21,5,4,2,32
Assam,Karbi Anglong,2020,26,6,4,3,39
Assam,Karbi Anglong,2021,49,11,9,6,75
Assam,Karbi Anglong,2022,63,14,11,7,95
Assam,Karimganj,2017,10,2,1,1,14
Assam,Karimganj,2018,10,2,2,1,15
Assam,Karimganj,2019,18,4,3,2,27
Assam,Karimganj,2020,24,5,4,3,36
Assam,Karimganj,2021,35,8,6,4,53
Assam,Karimganj,2022,64,14,11,7,96
Assam,Kokrajhar,2017,5,1,0,0,6
Assam,Kokrajhar,2018,6,1,1,0,8
Assam,Kokrajhar,2019,9,2,1,1,13
Assam,Kokrajhar,2020,19,4,3,2,28
Assam,Kokrajhar,2021,22,5,4,2,33
Assam,Kokrajhar,2022,32,7,6,4,49
Assam,Lakhimpur,2017,9,2,1,1,13
Assam,Lakhimpur,2018,13,3,2,1,19
Assam,Lakhimpur,2019,20,4,3,2,29
Assam,Lakhimpur,2020,26,6,4,3,39
Assam,Lakhimpur,2021,33,7,6,4,50
Assam,Lakhimpur,2022,50,11,9,6,76
Assam,Morigaon,2017,9,2,1,1,13
Assam,Morigaon,2018,17,4,3,2,26
Assam,Morigaon,2019,24,5,4,3,36
Assam,Morigaon,2020,36,8,6,4,54
Assam,Morigaon,2021,41,9,7,5,62
Assam,Morigaon,2022,61,14,11,7,93
Assam,N.C.Hills,2017,7,1,1,0,9
Assam,N.C.Hills,2018,8,1,1,1,11
Assam,N.C.Hills,2019,14,3,2,1,20
Assam,N.C.Hills,2020,21,4,3,2,30
Assam,N.C.Hills,2021,34,7,6,4,51
Assam,N.C.Hills,2022,35,8,6,4,53
Assam,Nagaon,2017,8,2,1,1,12
Assam,Nagaon,2018,9,2,1,1,13
Assam,Nagaon,2019,16,3,3,2,24
Assam,Nagaon,2020,28,6,5,3,42
Assam,Nagaon,2021,29,6,5,3,43
Assam,Nagaon,2022,52,12,9,6,79
Assam,Nalbari,2017,10,2,1,1,14
Assam,Nalbari,2018,13,3,2,1,19
Assam,Nalbari,2019,16,3,3,2,24
Assam,Nalbari,2020,29,6,5,3,43
Assam,Nalbari,2021,41,9,7,5,62
Assam,Nalbari,2022,61,14,11,7,93
Assam,R.P.O.,2017,4,1,0,0,5
Assam,R.P.O.,2018,7,1,1,0,9
Assam,R.P.O.,2019,10,2,1,1,14
Assam,R.P.O.,2020,17,3,3,2,25
Assam,R.P.O.,2021,22,5,4,2,33
Assam,R.P.O.,2022,28,6,5,3,42
Assam,Sibsagar,2017,16,3,3,2,24
Assam,Sibsagar,2018,22,5,4,2,33
Assam,Sibsagar,2019,29,6,5,3,43
Assam,Sibsagar,2020,56,13,10,6,85
Assam,Sibsagar,2021,82,18,15,10,125
Assam,Sibsagar,2022,96,22,17,11,146
Assam,Sonitpur,2017,10,2,2,1,15
Assam,Sonitpur,2018,11,2,2,1,16
Assam,Sonitpur,2019,22,5,4,2,33
Assam,Sonitpur,2020,29,6,5,3,43
Assam,Sonitpur,2021,35,8,6,4,53
Assam,Sonitpur,2022,52,12,9,6,79
Assam,Tinsukia,2017,12,2,2,1,17
Assam,Tinsukia,2018,20,4,3,2,29
Assam,Tinsukia,2019,26,6,4,3,39
Assam,Tinsukia,2020,41,9,7,5,62
Assam,Tinsukia,2021,60,13,11,7,91
Assam,Tinsukia,2022,89,20,16,11,136
Bihar,Araria,2017,13,3,2,1,19
Bihar,Araria,2018,19,4,3,2,28
Bihar,Araria,2019,33,7,6,4,50
Bihar,Araria,2020,49,11,9,6,75
Bihar,Araria,2021,57,13,10,7,87
Bihar,Araria,2022,83,19,15,10,127
Bihar,Arwal,2017,12,2,2,1,17
Bihar,Arwal,2018,18,4,3,2,27
Bihar,Arwal,2019,33,7,6,4,50
Bihar,Arwal,2020,47,10,8,5,70
Bihar,Arwal,2021,71,16,13,8,108
Bihar,Arwal,2022,97,22,18,12,149
Bihar,Aurangabad,2017,14,3,2,1,20
Bihar,Aurangabad,2018,19,4,3,2,28
Bihar,Aurangabad,2019,22,5,4,2,33
Bihar,Aurangabad,2020,43,10,8,5,66
Bihar,Aurangabad,2021,48,11,8,5,72
Bihar,Aurangabad,2022,71,16,13,8,108
Bihar,Bagaha,2017,16,3,3,2,24
Bihar,Bagaha,2018,23,5,4,2,34
Bihar,Bagaha,2019,28,6,5,3,42
Bihar,Bagaha,2020,46,10,8,5,69
Bihar,Bagaha,2021,82,19,15,10,126
Bihar,Bagaha,2022,103,23,19,12,157
Bihar,Banka,2017,6,1,1,0,8
Bihar,Banka,2018,9,2,1,1,13
Bihar,Banka,2019,18,4,3,2,27
Bihar,Banka,2020,29,6,5,3,43
Bihar,Banka,2021,41,9,7,5,62
Bihar,Banka,2022,45,10,8,5,68
Bihar,Begusarai,2017,11,2,2,1,16
Bihar,Begusarai,2018,18,4,3,2,27
Bihar,Begusarai,2019,28,6,5,3,42
Bihar,Begusarai,2020,43,10,8,5,66
Bihar,Begusarai,2021,60,13,11,7,91
Bihar,Begusarai,2022,75,17,13,9,114
Bihar,Bettiah,2017,7,1,1,0,9
Bihar,Bettiah,2018,10,2,1,1,14
Bihar,Bettiah,2019,20,4,3,2,29
Bihar,Bettiah,2020,26,6,4,3,39
Bihar,Bettiah,2021,47,10,8,5,70
Bihar,Bettiah,2022,57,13,10,7,87
Bihar,Bhabhua,2017,15,3,2,1,21
Bihar,Bhabhua,2018,19,4,3,2,28
Bihar,Bhabhua,2019,34,7,6,4,51
Bihar,Bhabhua,2020,43,10,8,5,66
Bihar,Bhabhua,2021,61,14,11,7,93
Bihar,Bhabhua,2022,94,21,17,11,143
Bihar,Bhagalpur,2017,6,1,1,0,8
Bihar,Bhagalpur,2018,7,1,1,0,9
Bihar,Bhagalpur,2019,15,3,2,1,21
Bihar,Bhagalpur,2020,18,4,3,2,27
Bihar,Bhagalpur,2021,26,6,4,3,39
Bihar,Bhagalpur,2022,40,9,7,4,60
Bihar,Bhojpur,2017,9,2,1,1,13
Bihar,Bhojpur,2018,13,3,2,1,19
Bihar,Bhojpur,2019,20,4,3,2,29
Bihar,Bhojpur,2020,24,5,4,3,36
Bihar,Bhojpur,2021,45,10,8,5,68
Bihar,Bhojpur,2022,61,14,11,7,93
Bihar,Buxar,2017,17,4,3,2,26
Bihar,Buxar,2018,19,4,3,2,28
Bihar,Buxar,2019,30,6,5,3,44
Bihar,Buxar,2020,45,10,8,5,68
Bihar,Buxar,2021,66,15,12,8,101
Bihar,Buxar,2022,116,26,21,14,177
Bihar,Darbhanga,2017,1,0,0,0,1
Bihar,Darbhanga,2018,2,0,0,0,2
Bihar,Darbhanga,2019,2,0,0,0,2
Bihar,Darbhanga,2020,4,1,0,0,5
Bihar,Darbhanga,2021,6,1,1,0,8
Bihar,Darbhanga,2022,7,1,1,0,9
Bihar,Gaya,2017,17,3,3,2,25
Bihar,Gaya,2018,26,6,4,3,39
Bihar,Gaya,2019,36,8,6,4,54
Bihar,Gaya,2020,56,12,10,6,84
Bihar,Gaya,2021,65,15,12,8,100
Bihar,Gaya,2022,90,20,16,11,137
Bihar,Gopalganj,2017,13,3,2,1,19
Bihar,Gopalganj,2018,23,5,4,2,34
Bihar,Gopalganj,2019,34,7,6,4,51
Bihar,Gopalganj,2020,53,12,9,6,80
Bihar,Gopalganj,2021,57,13,10,7,87
Bihar,Gopalganj,2022,71,16,13,8,108
Bihar,Jamalpur Rly.,2017,14,3,2,1,20
Bihar,Jamalpur Rly.,2018,25,5,4,3,37
Bihar,Jamalpur Rly.,2019,34,7,6,4,51
Bihar,Jamalpur Rly.,2020,58,13,10,7,88
Bihar,Jamalpur Rly.,2021,79,18,14,9,120
Bihar,Jamalpur Rly.,2022,114,26,21,14,175
Bihar,Jamui,2017,15,3,2,1,21
Bihar,Jamui,2018,21,4,3,2,30
Bihar,Jamui,2019,35,8,6,4,53
Bihar,Jamui,2020,46,10,8,5,69
Bihar,Jamui,2021,52,12,9,6,79
Bihar,Jamui,2022,85,19,15,10,129
Bihar,Jehanabad,2017,2,0,0,0,2
Bihar,Jehanabad,2018,2,0,0,0,2
Bihar,Jehanabad,2019,4,1,0,0,5
Bihar,Jehanabad,2020,6,1,1,0,8
Bihar,Jehanabad,2021,10,2,1,1,14
Bihar,Jehanabad,2022,14,3,2,1,20
Bihar,Katihar,2017,13,3,2,1,19
Bihar,Katihar,2018,20,4,3,2,29
Bihar,Katihar,2019,24,5,4,3,36
Bihar,Katihar,2020,43,9,7,5,64
Bihar,Katihar,2021,67,15,12,8,102
Bihar,Katihar,2022,71,16,13,8,108
Bihar,Katihar Rly.,2017,8,2,1,1,12
Bihar,Katihar Rly.,2018,15,3,2,1,21
Bihar,Katihar Rly.,2019,20,4,3,2,29
Bihar,Katihar Rly.,2020,34,8,6,4,52
Bihar,Katihar Rly.,2021,50,11,9,6,76
Bihar,Katihar Rly.,2022,59,13,10,7,89
Bihar,Khagaria,2017,13,3,2,1,19
Bihar,Khagaria,2018,22,5,4,2,33
Bihar,Khagaria,2019,32,7,5,3,47
Bihar,Khagaria,2020,49,11,9,6,75
Bihar,Khagaria,2021,59,13,11,7,90
Bihar,Khagaria,2022,83,19,15,10,127
Bihar,Kishanganj,2017,4,1,0,0,5
Bihar,Kishanganj,2018,7,1,1,0,9
Bihar,Kishanganj,2019,10,2,1,1,14
Bihar,Kishanganj,2020,16,3,3,2,24
Bihar,Kishanganj,2021,24,5,4,3,36
Bihar,Kishanganj,2022,31,7,5,3,46
Bihar,Lakhisarai,2017,14,3,2,1,20
Bihar,Lakhisarai,2018,16,3,3,2,24
Bihar,Lakhisarai,2019,22,5,4,2,33
Bihar,Lakhisarai,2020,43,10,8,5,66
Bihar,Lakhisarai,2021,66,15,12,8,101
Bihar,Lakhisarai,2022,84,19,15,10,128
Bihar,Madhepura,2017,1,0,0,0,1
Bihar,Madhepura,2018,2,0,0,0,2
Bihar,Madhepura,2019,2,0,0,0,2
Bihar,Madhepura,2020,4,1,0,0,5
Bihar,Madhepura,2021,5,1,0,0,6
Bihar,Madhepura,2022,6,1,1,0,8
Bihar,Madhubani,2017,12,2,2,1,17
Bihar,Madhubani,2018,19,4,3,2,28
Bihar,Madhubani,2019,26,6,4,3,39
Bihar,Madhubani,2020,43,10,8,5,66
Bihar,Madhubani,2021,54,12,10,6,82
Bihar,Madhubani,2022,76,17,14,9,116
Bihar,Motihari,2017,7,1,1,0,9
Bihar,Motihari,2018,14,3,2,1,20
Bihar,Motihari,2019,15,3,2,1,21
Bihar,Motihari,2020,31,7,5,3,46
Bihar,Motihari,2021,41,9,7,5,62
Bihar,Motihari,2022,49,11,9,6,75
Bihar,Munger,2017,5,1,0,0,6
Bihar,Munger,2018,8,1,1,1,11
Bihar,Munger,2019,12,2,2,1,17
Bihar,Munger,2020,20,4,3,2,29
Bihar,Munger,2021,25,5,4,3,37
Bihar,Munger,2022,36,8,6,4,54
Bihar,Muzaffarpur,2017,16,3,2,1,22
Bihar,Muzaffarpur,2018,23,5,4,2,34
Bihar,Muzaffarpur,2019,31,7,5,3,46
Bihar,Muzaffarpur,2020,53,12,9,6,80
Bihar,Muzaffarpur,2021,62,14,11,7,94
Bihar,Muzaffarpur,2022,115,26,21,14,176
Bihar,Muzaffarpur Rly.,2017,11,2,2,1,16
Bihar,Muzaffarpur Rly.,2018,15,3,2,1,21
Bihar,Muzaffarpur Rly.,2019,20,4,3,2,29
Bihar,Muzaffarpur Rly.,2020,35,8,6,4,53
Bihar,Muzaffarpur Rly.,2021,48,11,8,5,72
Bihar,Muzaffarpur Rly.,2022,52,12,9,6,79
Bihar,Nalanda,2017,6,1,1,0,8
Bihar,Nalanda,2018,7,1,1,0,9
Bihar,Nalanda,2019,12,2,2,1,17
Bihar,Nalanda,2020,20,4,3,2,29
Bihar,Nalanda,2021,23,5,4,2,34
Bihar,Nalanda,2022,37,8,6,4,55
Bihar,Naugachia,2017,7,1,1,0,9
Bihar,Naugachia,2018,12,2,2,1,17
Bihar,Naugachia,2019,16,3,2,1,22
Bihar,Naugachia,2020,23,5,4,2,34
Bihar,Naugachia,2021,43,10,8,5,66
Bihar,Naugachia,2022,51,11,9,6,77
Bihar,Nawadah,2017,9,2,1,1,13
Bihar,Nawadah,2018,17,4,3,2,26
Bihar,Nawadah,2019,21,5,4,2,32
Bihar,Nawadah,2020,36,8,6,4,54
Bihar,Nawadah,2021,54,12,10,6,82
Bihar,Nawadah,2022,73,16,13,8,110
Bihar,Patna,2017,11,2,2,1,16
Bihar,Patna,2018,17,4,3,2,26
Bihar,Patna,2019,20,4,3,2,29
Bihar,Patna,2020,31,7,5,3,46
Bihar,Patna,2021,53,12,9,6,80
Bihar,Patna,2022,62,14,11,7,94
Bihar,Patna Rly.,2017,11,2,2,1,16
Bihar,Patna Rly.,2018,13,3,2,1,19
Bihar,Patna Rly.,2019,17,4,3,2,26
Bihar,Patna Rly.,2020,33,7,6,4,50
Bihar,Patna Rly.,2021,38,8,7,4,57
Bihar,Patna Rly.,2022,65,15,12,8,100
Bihar,Purnea,2017,18,4,3,2,27
Bihar,Purnea,2018,19,4,3,2,28
Bihar,Purnea,2019,35,8,6,4,53
Bihar,Purnea,2020,46,10,8,5,69
Bihar,Purnea,2021,69,16,12,8,105
Bihar,Purnea,2022,102,23,18,12,155
Bihar,Rohtas,2017,16,3,3,2,24
Bihar,Rohtas,2018,23,5,4,2,34
Bihar,Rohtas,2019,35,8,6,4,53
Bihar,Rohtas,2020,41,9,7,5,62
Bihar,Rohtas,2021,52,12,9,6,79
Bihar,Rohtas,2022,72,16,13,8,109
Bihar,Saharsa,2017,6,1,1,0,8
Bihar,Saharsa,2018,9,2,1,1,13
Bihar,Saharsa,2019,17,4,3,2,26
Bihar,Saharsa,2020,27,6,4,3,40
Bihar,Saharsa,2021,31,7,5,3,46
Bihar,Saharsa,2022,53,12,9,6,80
Bihar,Samastipur,2017,1,0,0,0,1
Bihar,Samastipur,2018,2,0,0,0,2
Bihar,Samastipur,2019,2,0,0,0,2
Bihar,Samastipur,2020,3,0,0,0,3
Bihar,Samastipur,2021,5,1,1,0,7
Bihar,Samastipur,2022,9,2,1,1,13
Bihar,Saran,2017,2,0,0,0,2
Bihar,Saran,2018,4,1,0,0,5
Bihar,Saran,2019,7,1,1,0,9
Bihar,Saran,2020,9,2,1,1,13
Bihar,Saran,2021,17,4,3,2,26
Bihar,Saran,2022,23,5,4,2,34
Bihar,Sheikhpura,2017,14,3,2,1,20
Bihar,Sheikhpura,2018,26,6,4,3,39
Bihar,Sheikhpura,2019,35,8,6,4,53
Bihar,Sheikhpura,2020,56,13,10,6,85
Bihar,Sheikhpura,2021,83,19,15,10,127
Bihar,Sheikhpura,2022,97,22,18,12,149
Bihar,Sheohar,2017,5,1,1,0,7
Bihar,Sheohar,2018,8,1,1,1,11
Bihar,Sheohar,2019,14,3,2,1,20
Bihar,Sheohar,2020,22,5,4,2,33
Bihar,Sheohar,2021,27,6,5,3,41
Bihar,Sheohar,2022,34,7,6,4,51
Bihar,Sitamarhi,2017,10,2,1,1,14
Bihar,Sitamarhi,2018,20,4,3,2,29
Bihar,Sitamarhi,2019,27,6,5,3,41
Bihar,Sitamarhi,2020,35,8,6,4,53
Bihar,Sitamarhi,2021,46,10,8,5,69
Bihar,Sitamarhi,2022,65,15,12,8,100
Bihar,Siwan,2017,4,1,0,0,5
Bihar,Siwan,2018,5,1,0,0,6
Bihar,Siwan,2019,7,1,1,0,9
Bihar,Siwan,2020,12,2,2,1,17
Bihar,Siwan,2021,21,5,4,2,32
Bihar,Siwan,2022,24,5,4,3,36
Bihar,Supaul,2017,2,0,0,0,2
Bihar,Supaul,2018,3,0,0,0,3
Bihar,Supaul,2019,4,1,0,0,5
Bihar,Supaul,2020,7,1,1,0,9
Bihar,Supaul,2021,8,2,1,1,12
Bihar,Supaul,2022,10,2,1,1,14
Bihar,Vaishali,2017,10,2,1,1,14
Bihar,Vaishali,2018,13,3,2,1,19
Bihar,Vaishali,2019,21,5,4,2,32
Bihar,Vaishali,2020,32,7,6,4,49
Bihar,Vaishali,2021,44,10,8,5,67
Bihar,Vaishali,2022,76,17,14,9,116
Chhattisgarh,Balrampur,2017,14,3,2,1,20
Chhattisgarh,Balrampur,2018,22,5,4,2,33
Chhattisgarh,Balrampur,2019,33,7,6,4,50
Chhattisgarh,Balrampur,2020,38,8,7,4,57
Chhattisgarh,Balrampur,2021,69,16,12,8,105
Chhattisgarh,Balrampur,2022,98,22,18,12,150
Chhattisgarh,Bilaspur,2017,8,1,1,1,11
Chhattisgarh,Bilaspur,2018,14,3,2,1,20
Chhattisgarh,Bilaspur,2019,21,5,4,2,32
Chhattisgarh,Bilaspur,2020,36,8,6,4,54
Chhattisgarh,Bilaspur,2021,48,11,9,6,74
Chhattisgarh,Bilaspur,2022,58,13,10,7,88
Chhattisgarh,Bizapur,2017,3,0,0,0,3
Chhattisgarh,Bizapur,2018,4,1,0,0,5
Chhattisgarh,Bizapur,2019,7,1,1,0,9
Chhattisgarh,Bizapur,2020,10,2,1,1,14
Chhattisgarh,Bizapur,2021,18,4,3,2,27
Chhattisgarh,Bizapur,2022,24,5,4,3,36
Chhattisgarh,Dantewara,2017,12,2,2,1,17
Chhattisgarh,Dantewara,2018,16,3,3,2,24
Chhattisgarh,Dantewara,2019,27,6,4,3,40
Chhattisgarh,Dantewara,2020,48,11,9,6,74
Chhattisgarh,Dantewara,2021,67,15,12,8,102
Chhattisgarh,Dantewara,2022,70,16,13,8,107
Chhattisgarh,Dhamtari,2017,8,1,1,1,11
Chhattisgarh,Dhamtari,2018,10,2,1,1,14
Chhattisgarh,Dhamtari,2019,14,3,2,1,20
Chhattisgarh,Dhamtari,2020,22,5,4,2,33
Chhattisgarh,Dhamtari,2021,35,8,6,4,53
Chhattisgarh,Dhamtari,2022,53,12,9,6,80
Chhattisgarh,Durg,2017,13,3,2,1,19
Chhattisgarh,Durg,2018,16,3,3,2,24
Chhattisgarh,Durg,2019,21,5,4,2,32
Chhattisgarh,Durg,2020,43,10,8,5,66
Chhattisgarh,Durg,2021,57,13,10,7,87
Chhattisgarh,Durg,2022,87,20,16,10,133
Chhattisgarh,Grp Raipur,2017,13,3,2,1,19
Chhattisgarh,Grp Raipur,2018,21,4,3,2,30
Chhattisgarh,Grp Raipur,2019,32,7,6,4,49
Chhattisgarh,Grp Raipur,2020,49,11,9,6,75
Chhattisgarh,Grp Raipur,2021,68,15,12,8,103
Chhattisgarh,Grp Raipur,2022,89,20,16,11,136
Chhattisgarh,Jagdalpur,2017,13,3,2,1,19
Chhattisgarh,Jagdalpur,2018,22,5,4,2,33
Chhattisgarh,Jagdalpur,2019,27,6,5,3,41
Chhattisgarh,Jagdalpur,2020,50,11,9,6,76
Chhattisgarh,Jagdalpur,2021,62,14,11,7,94
Chhattisgarh,Jagdalpur,2022,78,18,14,9,119
Chhattisgarh,Janjgir,2017,2,0,0,0,2
Chhattisgarh,Janjgir,2018,3,0,0,0,3
Chhattisgarh,Janjgir,2019,4,1,0,0,5
Chhattisgarh,Janjgir,2020,9,2,1,1,13
Chhattisgarh,Janjgir,2021,11,2,2,1,16
Chhattisgarh,Janjgir,2022,18,4,3,2,27
Chhattisgarh,Jashpur,2017,7,1,1,0,9
Chhattisgarh,Jashpur,2018,11,2,2,1,16
Chhattisgarh,Jashpur,2019,14,3,2,1,20
Chhattisgarh,Jashpur,2020,27,6,5,3,41
Chhattisgarh,Jashpur,2021,29,6,5,3,43
Chhattisgarh,Jashpur,2022,49,11,9,6,75
Chhattisgarh,Kanker,2017,11,2,2,1,16
Chhattisgarh,Kanker,2018,16,3,3,2,24
Chhattisgarh,Kanker,2019,20,4,3,2,29
Chhattisgarh,Kanker,2020,35,8,6,4,53
Chhattisgarh,Kanker,2021,54,12,10,6,82
Chhattisgarh,Kanker,2022,63,14,11,7,95
Chhattisgarh,Kawardha,2017,6,1,1,0,8
Chhattisgarh,Kawardha,2018,8,1,1,1,11
Chhattisgarh,Kawardha,2019,9,2,1,1,13
Chhattisgarh,Kawardha,2020,15,3,2,1,21
Chhattisgarh,Kawardha,2021,26,6,4,3,39
Chhattisgarh,Kawardha,2022,37,8,6,4,55
Chhattisgarh,Korba,2017,12,2,2,1,17
Chhattisgarh,Korba,2018,19,4,3,2,28
Chhattisgarh,Korba,2019,21,4,3,2,30
Chhattisgarh,Korba,2020,40,9,7,4,60
Chhattisgarh,Korba,2021,43,10,8,5,66
Chhattisgarh,Korba,2022,62,14,11,7,94
Chhattisgarh,Koriya,2017,13,3,2,1,19
Chhattisgarh,Koriya,2018,22,5,4,2,33
Chhattisgarh,Koriya,2019,29,6,5,3,43
Chhattisgarh,Koriya,2020,54,12,10,6,82
Chhattisgarh,Koriya,2021,68,15,12,8,103
Chhattisgarh,Koriya,2022,74,17,13,9,113
Chhattisgarh,Mahasamund,2017,15,3,2,1,21
Chhattisgarh,Mahasamund,2018,23,5,4,2,34
Chhattisgarh,Mahasamund,2019,28,6,5,3,42
Chhattisgarh,Mahasamund,2020,61,14,11,7,93
Chhattisgarh,Mahasamund,2021,78,18,14,9,119
Chhattisgarh,Mahasamund,2022,105,24,19,13,161
Chhattisgarh,Raigarh,2017,3,0,0,0,3
Chhattisgarh,Raigarh,2018,4,1,0,0,5
Chhattisgarh,Raigarh,2019,7,1,1,0,9
Chhattisgarh,Raigarh,2020,9,2,1,1,13
Chhattisgarh,Raigarh,2021,18,4,3,2,27
Chhattisgarh,Raigarh,2022,19,4,3,2,28
Chhattisgarh,Raipur,2017,7,1,1,0,9
Chhattisgarh,Raipur,2018,11,2,2,1,16
Chhattisgarh,Raipur,2019,12,2,2,1,17
Chhattisgarh,Raipur,2020,25,5,4,3,37
Chhattisgarh,Raipur,2021,29,6,5,3,43
Chhattisgarh,Raipur,2022,43,10,8,5,66
Chhattisgarh,Rajnandgaon,2017,2,0,0,0,2
Chhattisgarh,Rajnandgaon,2018,2,0,0,0,2
Chhattisgarh,Rajnandgaon,2019,4,1,0,0,5
Chhattisgarh,Rajnandgaon,2020,5,1,1,0,7
Chhattisgarh,Rajnandgaon,2021,9,2,1,1,13
Chhattisgarh,Rajnandgaon,2022,13,3,2,1,19
Chhattisgarh,Sarguja,2017,15,3,2,1,21
Chhattisgarh,Sarguja,2018,21,5,4,2,32
Chhattisgarh,Sarguja,2019,26,6,4,3,39
Chhattisgarh,Sarguja,2020,52,12,9,6,79
Chhattisgarh,Sarguja,2021,59,13,11,7,90
Chhattisgarh,Sarguja,2022,96,22,17,11,146
Goa,North Goa,2017,8,1,1,0,10
Goa,North Goa,2018,11,2,2,1,16
Goa,North Goa,2019,12,2,2,1,17
Goa,North Goa,2020,25,5,4,3,37
Goa,North Goa,2021,31,7,5,3,46
Goa,North Goa,2022,47,11,8,5,71
Goa,South Goa,2017,7,1,1,0,9
Goa,South Goa,2018,12,2,2,1,17
Goa,South Goa,2019,15,3,2,1,21
Goa,South Goa,2020,23,5,4,2,34
Goa,South Goa,2021,45,10,8,5,68
Goa,South Goa,2022,49,11,9,6,75
Gujarat,Ahmedabad Commr.,2017,33,7,6,4,50
Gujarat,Ahmedabad Commr.,2018,43,10,8,5,66
Gujarat,Ahmedabad Commr.,2019,76,17,14,9,116
Gujarat,Ahmedabad Commr.,2020,106,24,19,13,162
Gujarat,Ahmedabad Commr.,2021,166,38,30,20,254
Gujarat,Ahmedabad Commr.,2022,261,60,48,32,401
Gujarat,Ahmedabad Rural,2017,81,18,14,9,122
Gujarat,Ahmedabad Rural,2018,89,20,16,11,136
Gujarat,Ahmedabad Rural,2019,155,35,28,19,237
Gujarat,Ahmedabad Rural,2020,237,54,43,29,363
Gujarat,Ahmedabad Rural,2021,369,85,68,45,567
Gujarat,Ahmedabad Rural,2022,386,89,71,47,593
Gujarat,Ahwa-Dang,2017,12,2,2,1,17
Gujarat,Ahwa-Dang,2018,17,4,3,2,26
Gujarat,Ahwa-Dang,2019,26,6,4,3,39
Gujarat,Ahwa-Dang,2020,53,12,9,6,80
Gujarat,Ahwa-Dang,2021,72,16,13,8,109
Gujarat,Ahwa-Dang,2022,74,17,13,9,113
Gujarat,Amreli,2017,18,4,3,2,27
Gujarat,Amreli,2018,27,6,5,3,41
Gujarat,Amreli,2019,30,6,5,3,44
Gujarat,Amreli,2020,53,12,9,6,80
Gujarat,Amreli,2021,88,20,16,10,134
Gujarat,Amreli,2022,114,26,21,14,175
Gujarat,Anand,2017,7,1,1,0,9
Gujarat,Anand,2018,11,2,2,1,16
Gujarat,Anand,2019,16,3,3,2,24
Gujarat,Anand,2020,24,5,4,2,35
Gujarat,Anand,2021,42,9,7,5,63
Gujarat,Anand,2022,61,14,11,7,93
Gujarat,Bharuch,2017,17,4,3,2,26
Gujarat,Bharuch,2018,25,5,4,3,37
Gujarat,Bharuch,2019,29,6,5,3,43
Gujarat,Bharuch,2020,56,13,10,6,85
Gujarat,Bharuch,2021,78,18,14,9,119
Gujarat,Bharuch,2022,103,23,19,12,157
Gujarat,Bhavnagar,2017,5,1,0,0,6
Gujarat,Bhavnagar,2018,6,1,1,0,8
Gujarat,Bhavnagar,2019,10,2,1,1,14
Gujarat,Bhavnagar,2020,13,3,2,1,19
Gujarat,Bhavnagar,2021,22,5,4,2,33
Gujarat,Bhavnagar,2022,33,7,6,4,50
Gujarat,Dahod,2017,10,2,2,1,15
Gujarat,Dahod,2018,13,3,2,1,19
Gujarat,Dahod,2019,19,4,3,2,28
Gujarat,Dahod,2020,32,7,6,4,49
Gujarat,Dahod,2021,53,12,9,6,80
Gujarat,Dahod,2022,56,13,10,6,85
Gujarat,Gandhinagar,2017,13,3,2,1,19
Gujarat,Gandhinagar,2018,18,4,3,2,27
Gujarat,Gandhinagar,2019,29,6,5,3,43
Gujarat,Gandhinagar,2020,47,10,8,5,70
Gujarat,Gandhinagar,2021,64,14,11,7,96
Gujarat,Gandhinagar,2022,74,17,13,9,113
Gujarat,Himatnagar,2017,16,3,3,2,24
Gujarat,Himatnagar,2018,18,4,3,2,27
Gujarat,Himatnagar,2019,27,6,5,3,41
Gujarat,Himatnagar,2020,54,12,10,6,82
Gujarat,Himatnagar,2021,57,13,10,7,87
Gujarat,Himatnagar,2022,98,22,18,12,150
Gujarat,Jamnagar,2017,13,3,2,1,19
Gujarat,Jamnagar,2018,18,4,3,2,27
Gujarat,Jamnagar,2019,23,5,4,2,34
Gujarat,Jamnagar,2020,41,9,7,5,62
Gujarat,Jamnagar,2021,44,10,8,5,67
Gujarat,Jamnagar,2022,65,15,12,8,100
Gujarat,Junagadh,2017,16,3,3,2,24
Gujarat,Junagadh,2018,19,4,3,2,28
Gujarat,Junagadh,2019,26,6,4,3,39
Gujarat,Junagadh,2020,40,9,7,5,61
Gujarat,Junagadh,2021,56,13,10,6,85
Gujarat,Junagadh,2022,76,17,14,9,116
Gujarat,Kheda North,2017,10,2,1,1,14
Gujarat,Kheda North,2018,12,2,2,1,17
Gujarat,Kheda North,2019,21,4,3,2,30
Gujarat,Kheda North,2020,32,7,6,4,49
Gujarat,Kheda North,2021,52,12,9,6,79
Gujarat,Kheda North,2022,65,15,12,8,100
Gujarat,Kutch,2017,2,0,0,0,2
Gujarat,Kutch,2018,2,0,0,0,2
Gujarat,Kutch,2019,3,0,0,0,3
Gujarat,Kutch,2020,5,1,1,0,7
Gujarat,Kutch,2021,10,2,1,1,14
Gujarat,Kutch,2022,13,3,2,1,19
Gujarat,Mehsana,2017,4,0,0,0,4
Gujarat,Mehsana,2018,6,1,1,0,8
Gujarat,Mehsana,2019,9,2,1,1,13
Gujarat,Mehsana,2020,14,3,2,1,20
Gujarat,Mehsana,2021,16,3,3,2,24
Gujarat,Mehsana,2022,28,6,5,3,42
Gujarat,Narmada,2017,6,1,1,0,8
Gujarat,Narmada,2018,9,2,1,1,13
Gujarat,Narmada,2019,12,2,2,1,17
Gujarat,Narmada,2020,17,4,3,2,26
Gujarat,Narmada,2021,23,5,4,2,34
Gujarat,Narmada,2022,32,7,5,3,47
Gujarat,Navsari,2017,10,2,1,1,14
Gujarat,Navsari,2018,16,3,3,2,24
Gujarat,Navsari,2019,19,4,3,2,28
Gujarat,Navsari,2020,32,7,6,4,49
Gujarat,Navsari,2021,52,12,9,6,79
Gujarat,Navsari,2022,64,14,11,7,96
Gujarat,Palanpur,2017,11,2,2,1,16
Gujarat,Palanpur,2018,17,4,3,2,26
Gujarat,Palanpur,2019,24,5,4,3,36
Gujarat,Palanpur,2020,46,10,8,5,69
Gujarat,Palanpur,2021,56,13,10,6,85
Gujarat,Palanpur,2022,82,19,15,10,126
Gujarat,Panchmahal,2017,14,3,2,1,20
Gujarat,Panchmahal,2018,18,4,3,2,27
Gujarat,Panchmahal,2019,29,6,5,3,43
Gujarat,Panchmahal,2020,46,10,8,5,69
Gujarat,Panchmahal,2021,64,14,11,7,96
Gujarat,Panchmahal,2022,96,22,17,11,146
Gujarat,Patan,2017,1,0,0,0,1
Gujarat,Patan,2018,3,0,0,0,3
Gujarat,Patan,2019,4,1,0,0,5
Gujarat,Patan,2020,6,1,1,0,8
Gujarat,Patan,2021,10,2,1,1,14
Gujarat,Patan,2022,12,2,2,1,17
Gujarat,Porbandar,2017,12,2,2,1,17
Gujarat,Porbandar,2018,19,4,3,2,28
Gujarat,Porbandar,2019,30,7,5,3,45
Gujarat,Porbandar,2020,44,10,8,5,67
Gujarat,Porbandar,2021,55,12,10,6,83
Gujarat,Porbandar,2022,83,19,15,10,127
Gujarat,Rajkot Commr.,2017,49,11,9,6,75
Gujarat,Rajkot Commr.,2018,66,15,12,8,101
Gujarat,Rajkot Commr.,2019,120,27,22,14,183
Gujarat,Rajkot Commr.,2020,185,42,34,22,283
Gujarat,Rajkot Commr.,2021,255,58,47,31,391
Gujarat,Rajkot Commr.,2022,285,65,52,35,437
Gujarat,Rajkot Rural,2017,1,0,0,0,1
Gujarat,Rajkot Rural,2018,2,0,0,0,2
Gujarat,Rajkot Rural,2019,4,0,0,0,4
Gujarat,Rajkot Rural,2020,6,1,1,0,8
Gujarat,Rajkot Rural,2021,9,2,1,1,13
Gujarat,Rajkot Rural,2022,10,2,1,1,14
Gujarat,Surat Commr.,2017,87,20,16,10,133
Gujarat,Surat Commr.,2018,95,22,17,11,145
Gujarat,Surat Commr.,2019,133,30,24,16,203
Gujarat,Surat Commr.,2020,211,48,39,26,324
Gujarat,Surat Commr.,2021,282,65,52,34,433
Gujarat,Surat Commr.,2022,520,120,96,64,800
Gujarat,Surat Rural,2017,7,1,1,0,9
Gujarat,Surat Rural,2018,9,2,1,1,13
Gujarat,Surat Rural,2019,11,2,2,1,16
Gujarat,Surat Rural,2020,22,5,4,2,33
Gujarat,Surat Rural,2021,35,8,6,4,53
Gujarat,Surat Rural,2022,47,10,8,5,70
Gujarat,Surendranagar,2017,4,1,0,0,5
Gujarat,Surendranagar,2018,7,1,1,0,9
Gujarat,Surendranagar,2019,9,2,1,1,13
Gujarat,Surendranagar,2020,20,4,3,2,29
Gujarat,Surendranagar,2021,25,5,4,3,37
Gujarat,Surendranagar,2022,37,8,6,4,55
Gujarat,Vadodara Commr.,2017,79,18,14,9,120
Gujarat,Vadodara Commr.,2018,117,27,21,14,179
Gujarat,Vadodara Commr.,2019,153,35,28,18,234
Gujarat,Vadodara Commr.,2020,227,52,41,27,347
Gujarat,Vadodara Commr.,2021,323,74,59,39,495
Gujarat,Vadodara Commr.,2022,472,109,87,58,726
Gujarat,Vadodara Rural,2017,4,1,0,0,5
Gujarat,Vadodara Rural,2018,6,1,1,0,8
Gujarat,Vadodara Rural,2019,7,1,1,0,9
Gujarat,Vadodara Rural,2020,13,3,2,1,19
Gujarat,Vadodara Rural,2021,20,4,3,2,29
Gujarat,Vadodara Rural,2022,29,6,5,3,43
Gujarat,Valsad,2017,9,2,1,1,13
Gujarat,Valsad,2018,14,3,2,1,20
Gujarat,Valsad,2019,24,5,4,2,35
Gujarat,Valsad,2020,31,7,5,3,46
Gujarat,Valsad,2021,43,10,8,5,66
Gujarat,Valsad,2022,82,19,15,10,126
Gujarat,W.Rly,2017,10,2,1,1,14
Gujarat,W.Rly,2018,12,2,2,1,17
Gujarat,W.Rly,2019,22,5,4,2,33
Gujarat,W.Rly,2020,35,8,6,4,53
Gujarat,W.Rly,2021,40,9,7,5,61
Gujarat,W.Rly,2022,49,11,9,6,75
Haryana,Ambala,2017,12,2,2,1,17
Haryana,Ambala,2018,17,4,3,2,26
Haryana,Ambala,2019,19,4,3,2,28
Haryana,Ambala,2020,35,8,6,4,53
Haryana,Ambala,2021,51,11,9,6,77
Haryana,Ambala,2022,78,18,14,9,119
Haryana,Bhiwani,2017,2,0,0,0,2
Haryana,Bhiwani,2018,2,0,0,0,2
Haryana,Bhiwani,2019,5,1,0,0,6
Haryana,Bhiwani,2020,6,1,1,0,8
Haryana,Bhiwani,2021,10,2,1,1,14
Haryana,Bhiwani,2022,14,3,2,1,20
Haryana,Faridabad,2017,7,1,1,0,9
Haryana,Faridabad,2018,11,2,2,1,16
Haryana,Faridabad,2019,17,3,3,2,25
Haryana,Faridabad,2020,23,5,4,2,34
Haryana,Faridabad,2021,34,7,6,4,51
Haryana,Faridabad,2022,40,9,7,4,60
Haryana,Fatehabad,2017,18,4,3,2,27
Haryana,Fatehabad,2018,26,6,4,3,39
Haryana,Fatehabad,2019,30,7,5,3,45
Haryana,Fatehabad,2020,48,11,8,5,72
Haryana,Fatehabad,2021,73,16,13,9,111
Haryana,Fatehabad,2022,87,20,16,10,133
Haryana,Grp,2017,2,0,0,0,2
Haryana,Grp,2018,3,0,0,0,3
Haryana,Grp,2019,4,1,0,0,5
Haryana,Grp,2020,7,1,1,0,9
Haryana,Grp,2021,12,2,2,1,17
Haryana,Grp,2022,17,3,3,2,25
Haryana,Gurgaon,2017,57,13,10,7,87
Haryana,Gurgaon,2018,74,17,13,9,113
Haryana,Gurgaon,2019,106,24,19,13,162
Haryana,Gurgaon,2020,147,34,27,18,226
Haryana,Gurgaon,2021,242,55,44,29,370
Haryana,Gurgaon,2022,282,65,52,34,433
Haryana,Hissar,2017,15,3,2,1,21
Haryana,Hissar,2018,17,3,3,2,25
Haryana,Hissar,2019,29,6,5,3,43
Haryana,Hissar,2020,38,8,7,4,57
Haryana,Hissar,2021,59,13,11,7,90
Haryana,Hissar,2022,76,17,14,9,116
Haryana,Jhajjar,2017,4,0,0,0,4
Haryana,Jhajjar,2018,7,1,1,0,9
Haryana,Jhajjar,2019,8,1,1,1,11
Haryana,Jhajjar,2020,15,3,2,1,21
Haryana,Jhajjar,2021,17,4,3,2,26
Haryana,Jhajjar,2022,24,5,4,2,35
Haryana,Jind,2017,7,1,1,0,9
Haryana,Jind,2018,12,2,2,1,17
Haryana,Jind,2019,17,4,3,2,26
Haryana,Jind,2020,29,6,5,3,43
Haryana,Jind,2021,36,8,6,4,54
Haryana,Jind,2022,47,10,8,5,70
Haryana,Kaithal,2017,2,0,0,0,2
Haryana,Kaithal,2018,3,0,0,0,3
Haryana,Kaithal,2019,6,1,1,0,8
Haryana,Kaithal,2020,7,1,1,0,9
Haryana,Kaithal,2021,14,3,2,1,20
Haryana,Kaithal,2022,18,4,3,2,27
Haryana,Karnal,2017,13,3,2,1,19
Haryana,Karnal,2018,18,4,3,2,27
Haryana,Karnal,2019,24,5,4,3,36
Haryana,Karnal,2020,44,10,8,5,67
Haryana,Karnal,2021,66,15,12,8,101
Haryana,Karnal,2022,91,21,16,11,139
Haryana,Kurukshetra,2017,12,2,2,1,17
Haryana,Kurukshetra,2018,17,4,3,2,26
Haryana,Kurukshetra,2019,30,7,5,3,45
Haryana,Kurukshetra,2020,49,11,9,6,75
Haryana,Kurukshetra,2021,68,15,12,8,103
Haryana,Kurukshetra,2022,93,21,17,11,142
Haryana,Mahendragarh,2017,7,1,1,0,9
Haryana,Mahendragarh,2018,12,2,2,1,17
Haryana,Mahendragarh,2019,16,3,3,2,24
Haryana,Mahendragarh,2020,28,6,5,3,42
Haryana,Mahendragarh,2021,38,8,7,4,57
Haryana,Mahendragarh,2022,61,14,11,7,93
Haryana,Panchkula,2017,4,1,0,0,5
Haryana,Panchkula,2018,7,1,1,0,9
Haryana,Panchkula,2019,10,2,1,1,14
Haryana,Panchkula,2020,14,3,2,1,20
Haryana,Panchkula,2021,23,5,4,2,34
Haryana,Panchkula,2022,33,7,6,4,50
Haryana,Panipat,2017,13,3,2,1,19
Haryana,Panipat,2018,18,4,3,2,27
Haryana,Panipat,2019,33,7,6,4,50
Haryana,Panipat,2020,53,12,9,6,80
Haryana,Panipat,2021,72,16,13,8,109
Haryana,Panipat,2022,83,19,15,10,127
Haryana,Rewari,2017,1,0,0,0,1
Haryana,Rewari,2018,1,0,0,0,1
Haryana,Rewari,2019,3,0,0,0,3
Haryana,Rewari,2020,4,1,0,0,5
Haryana,Rewari,2021,6,1,1,0,8
Haryana,Rewari,2022,9,2,1,1,13
Haryana,Rohtak,2017,14,3,2,1,20
Haryana,Rohtak,2018,15,3,2,1,21
Haryana,Rohtak,2019,22,5,4,2,33
Haryana,Rohtak,2020,33,7,6,4,50
Haryana,Rohtak,2021,51,11,9,6,77
Haryana,Rohtak,2022,90,20,16,11,137
Haryana,Sirsa,2017,3,0,0,0,3
Haryana,Sirsa,2018,4,0,0,0,4
Haryana,Sirsa,2019,6,1,1,0,8
Haryana,Sirsa,2020,9,2,1,1,13
Haryana,Sirsa,2021,17,3,3,2,25
Haryana,Sirsa,2022,21,4,3,2,30
Haryana,Sonipat,2017,14,3,2,1,20
Haryana,Sonipat,2018,17,3,3,2,25
Haryana,Sonipat,2019,27,6,5,3,41
Haryana,Sonipat,2020,42,9,7,5,63
Haryana,Sonipat,2021,75,17,13,9,114
Haryana,Sonipat,2022,97,22,18,12,149
Haryana,Yamunanagar,2017,2,0,0,0,2
Haryana,Yamunanagar,2018,4,1,0,0,5
Haryana,Yamunanagar,2019,8,1,1,1,11
Haryana,Yamunanagar,2020,12,2,2,1,17
Haryana,Yamunanagar,2021,13,3,2,1,19
Haryana,Yamunanagar,2022,24,5,4,3,36
Himachal Pradesh,Bilaspur,2017,5,1,1,0,7
Himachal Pradesh,Bilaspur,2018,6,1,1,0,8
Himachal Pradesh,Bilaspur,2019,13,3,2,1,19
Himachal Pradesh,Bilaspur,2020,16,3,2,1,22
Himachal Pradesh,Bilaspur,2021,26,6,4,3,39
Himachal Pradesh,Bilaspur,2022,36,8,6,4,54
Himachal Pradesh,Chamba,2017,5,1,1,0,7
Himachal Pradesh,Chamba,2018,8,1,1,1,11
Himachal Pradesh,Chamba,2019,10,2,2,1,15
Himachal Pradesh,Chamba,2020,18,4,3,2,27
Himachal Pradesh,Chamba,2021,21,5,4,2,32
Himachal Pradesh,Chamba,2022,40,9,7,4,60
Himachal Pradesh,G.R.P.,2017,2,0,0,0,2
Himachal Pradesh,G.R.P.,2018,4,0,0,0,4
Himachal Pradesh,G.R.P.,2019,6,1,1,0,8
Himachal Pradesh,G.R.P.,2020,10,2,1,1,14
Himachal Pradesh,G.R.P.,2021,17,4,3,2,26
Himachal Pradesh,G.R.P.,2022,24,5,4,3,36
Himachal Pradesh,Hamirpur,2017,3,0,0,0,3
Himachal Pradesh,Hamirpur,2018,4,0,0,0,4
Himachal Pradesh,Hamirpur,2019,7,1,1,0,9
Himachal Pradesh,Hamirpur,2020,10,2,1,1,14
Himachal Pradesh,Hamirpur,2021,13,3,2,1,19
Himachal Pradesh,Hamirpur,2022,19,4,3,2,28
Himachal Pradesh,Kangra,2017,5,1,0,0,6
Himachal Pradesh,Kangra,2018,7,1,1,0,9
Himachal Pradesh,Kangra,2019,12,2,2,1,17
Himachal Pradesh,Kangra,2020,21,4,3,2,30
Himachal Pradesh,Kangra,2021,29,6,5,3,43
Himachal Pradesh,Kangra,2022,31,7,5,3,46
Himachal Pradesh,Kinnaur,2017,6,1,1,0,8
Himachal Pradesh,Kinnaur,2018,11,2,2,1,16
Himachal Pradesh,Kinnaur,2019,15,3,2,1,21
Himachal Pradesh,Kinnaur,2020,20,4,3,2,29
Himachal Pradesh,Kinnaur,2021,36,8,6,4,54
Himachal Pradesh,Kinnaur,2022,49,11,9,6,75
Himachal Pradesh,Kullu,2017,16,3,3,2,24
Himachal Pradesh,Kullu,2018,22,5,4,2,33
Himachal Pradesh,Kullu,2019,34,7,6,4,51
Himachal Pradesh,Kullu,2020,49,11,9,6,75
Himachal Pradesh,Kullu,2021,55,12,10,6,83
Himachal Pradesh,Kullu,2022,75,17,13,9,114
Himachal Pradesh,Lahaul-Spiti,2017,14,3,2,1,20
Himachal Pradesh,Lahaul-Spiti,2018,26,6,4,3,39
Himachal Pradesh,Lahaul-Spiti,2019,29,6,5,3,43
Himachal Pradesh,Lahaul-Spiti,2020,51,11,9,6,77
Himachal Pradesh,Lahaul-Spiti,2021,65,15,12,8,100
Himachal Pradesh,Lahaul-Spiti,2022,94,21,17,11,143
Himachal Pradesh,Mandi,2017,7,1,1,0,9
Himachal Pradesh,Mandi,2018,10,2,1,1,14
Himachal Pradesh,Mandi,2019,13,3,2,1,19
Himachal Pradesh,Mandi,2020,27,6,5,3,41
Himachal Pradesh,Mandi,2021,33,7,6,4,50
Himachal Pradesh,Mandi,2022,48,11,9,6,74
Himachal Pradesh,Shimla,2017,10,2,2,1,15
Himachal Pradesh,Shimla,2018,15,3,2,1,21
Himachal Pradesh,Shimla,2019,20,4,3,2,29
Himachal Pradesh,Shimla,2020,43,10,8,5,66
Himachal Pradesh,Shimla,2021,50,11,9,6,76
Himachal Pradesh,Shimla,2022,71,16,13,8,108
Himachal Pradesh,Sirmaur,2017,9,2,1,1,13
Himachal Pradesh,Sirmaur,2018,14,3,2,1,20
Himachal Pradesh,Sirmaur,2019,18,4,3,2,27
Himachal Pradesh,Sirmaur,2020,34,7,6,4,51
Himachal Pradesh,Sirmaur,2021,34,7,6,4,51
Himachal Pradesh,Sirmaur,2022,57,13,10,7,87
Himachal Pradesh,Solan,2017,6,1,1,0,8
Himachal Pradesh,Solan,2018,10,2,1,1,14
Himachal Pradesh,Solan,2019,17,3,3,2,25
Himachal Pradesh,Solan,2020,20,4,3,2,29
Himachal Pradesh,Solan,2021,30,7,5,3,45
Himachal Pradesh,Solan,2022,45,10,8,5,68
Himachal Pradesh,Una,2017,11,2,2,1,16
Himachal Pradesh,Una,2018,16,3,3,2,24
Himachal Pradesh,Una,2019,22,5,4,2,33
Himachal Pradesh,Una,2020,40,9,7,5,61
Himachal Pradesh,Una,2021,59,13,11,7,90
Himachal Pradesh,Una,2022,76,17,14,9,116
Jammu & Kashmir,Anantnag,2017,8,1,1,1,11
Jammu & Kashmir,Anantnag,2018,10,2,1,1,14
Jammu & Kashmir,Anantnag,2019,15,3,2,1,21
Jammu & Kashmir,Anantnag,2020,31,7,5,3,46
Jammu & Kashmir,Anantnag,2021,35,8,6,4,53
Jammu & Kashmir,Anantnag,2022,62,14,11,7,94
Jammu & Kashmir,Awantipora,2017,2,0,0,0,2
Jammu & Kashmir,Awantipora,2018,3,0,0,0,3
Jammu & Kashmir,Awantipora,2019,5,1,1,0,7
Jammu & Kashmir,Awantipora,2020,10,2,1,1,14
Jammu & Kashmir,Awantipora,2021,10,2,1,1,14
Jammu & Kashmir,Awantipora,2022,13,3,2,1,19
Jammu & Kashmir,Baramulla,2017,6,1,1,0,8
Jammu & Kashmir,Baramulla,2018,7,1,1,0,9
Jammu & Kashmir,Baramulla,2019,11,2,2,1,16
Jammu & Kashmir,Baramulla,2020,14,3,2,1,20
Jammu & Kashmir,Baramulla,2021,21,4,3,2,30
Jammu & Kashmir,Baramulla,2022,30,7,5,3,45
Jammu & Kashmir,Border,2017,4,1,0,0,5
Jammu & Kashmir,Border,2018,6,1,1,0,8
Jammu & Kashmir,Border,2019,9,2,1,1,13
Jammu & Kashmir,Border,2020,15,3,2,1,21
Jammu & Kashmir,Border,2021,21,4,3,2,30
Jammu & Kashmir,Border,2022,27,6,5,3,41
Jammu & Kashmir,Budgam,2017,7,1,1,0,9
Jammu & Kashmir,Budgam,2018,13,3,2,1,19
Jammu & Kashmir,Budgam,2019,15,3,2,1,21
Jammu & Kashmir,Budgam,2020,27,6,5,3,41
Jammu & Kashmir,Budgam,2021,43,10,8,5,66
Jammu & Kashmir,Budgam,2022,49,11,9,6,75
Jammu & Kashmir,Crime Jammu,2017,15,3,2,1,21
Jammu & Kashmir,Crime Jammu,2018,18,4,3,2,27
Jammu & Kashmir,Crime Jammu,2019,33,7,6,4,50
Jammu & Kashmir,Crime Jammu,2020,45,10,8,5,68
Jammu & Kashmir,Crime Jammu,2021,50,11,9,6,76
Jammu & Kashmir,Crime Jammu,2022,82,18,15,10,125
Jammu & Kashmir,Crime Srinagar,2017,8,1,1,1,11
Jammu & Kashmir,Crime Srinagar,2018,12,2,2,1,17
Jammu & Kashmir,Crime Srinagar,2019,20,4,3,2,29
Jammu & Kashmir,Crime Srinagar,2020,30,7,5,3,45
Jammu & Kashmir,Crime Srinagar,2021,52,12,9,6,79
Jammu & Kashmir,Crime Srinagar,2022,63,14,11,7,95
Jammu & Kashmir,Doda,2017,1,0,0,0,1
Jammu & Kashmir,Doda,2018,3,0,0,0,3
Jammu & Kashmir,Doda,2019,3,0,0,0,3
Jammu & Kashmir,Doda,2020,6,1,1,0,8
Jammu & Kashmir,Doda,2021,8,1,1,1,11
Jammu & Kashmir,Doda,2022,11,2,2,1,16
Jammu & Kashmir,Ganderbal,2017,11,2,2,1,16
Jammu & Kashmir,Ganderbal,2018,16,3,3,2,24
Jammu & Kashmir,Ganderbal,2019,25,5,4,3,37
Jammu & Kashmir,Ganderbal,2020,37,8,6,4,55
Jammu & Kashmir,Ganderbal,2021,57,13,10,7,87
Jammu & Kashmir,Ganderbal,2022,61,14,11,7,93
Jammu & Kashmir,Jammu,2017,13,3,2,1,19
Jammu & Kashmir,Jammu,2018,22,5,4,2,33
Jammu & Kashmir,Jammu,2019,33,7,6,4,50
Jammu & Kashmir,Jammu,2020,46,10,8,5,69
Jammu & Kashmir,Jammu,2021,80,18,14,9,121
Jammu & Kashmir,Jammu,2022,102,23,18,12,155
Jammu & Kashmir,Kargil,2017,2,0,0,0,2
Jammu & Kashmir,Kargil,2018,3,0,0,0,3
Jammu & Kashmir,Kargil,2019,4,1,0,0,5
Jammu & Kashmir,Kargil,2020,8,2,1,1,12
Jammu & Kashmir,Kargil,2021,13,3,2,1,19
Jammu & Kashmir,Kargil,2022,17,4,3,2,26
Jammu & Kashmir,Kathua,2017,5,1,0,0,6
Jammu & Kashmir,Kathua,2018,5,1,1,0,7
Jammu & Kashmir,Kathua,2019,11,2,2,1,16
Jammu & Kashmir,Kathua,2020,16,3,3,2,24
Jammu & Kashmir,Kathua,2021,21,5,4,2,32
Jammu & Kashmir,Kathua,2022,29,6,5,3,43
Jammu & Kashmir,Kulgam,2017,1,0,0,0,1
Jammu & Kashmir,Kulgam,2018,2,0,0,0,2
Jammu & Kashmir,Kulgam,2019,4,1,0,0,5
Jammu & Kashmir,Kulgam,2020,6,1,1,0,8
Jammu & Kashmir,Kulgam,2021,7,1,1,0,9
Jammu & Kashmir,Kulgam,2022,13,3,2,1,19
Jammu & Kashmir,Kupwara,2017,8,1,1,0,10
Jammu & Kashmir,Kupwara,2018,9,2,1,1,13
Jammu & Kashmir,Kupwara,2019,17,4,3,2,26
Jammu & Kashmir,Kupwara,2020,23,5,4,2,34
Jammu & Kashmir,Kupwara,2021,32,7,5,3,47
Jammu & Kashmir,Kupwara,2022,46,10,8,5,69
Jammu & Kashmir,Leh,2017,13,3,2,1,19
Jammu & Kashmir,Leh,2018,19,4,3,2,28
Jammu & Kashmir,Leh,2019,26,6,4,3,39
Jammu & Kashmir,Leh,2020,46,10,8,5,69
Jammu & Kashmir,Leh,2021,52,12,9,6,79
Jammu & Kashmir,Leh,2022,90,20,16,11,137
Jammu & Kashmir,Poonch,2017,13,3,2,1,19
Jammu & Kashmir,Poonch,2018,17,3,3,2,25
Jammu & Kashmir,Poonch,2019,24,5,4,3,36
Jammu & Kashmir,Poonch,2020,36,8,6,4,54
Jammu & Kashmir,Poonch,2021,62,14,11,7,94
Jammu & Kashmir,Poonch,2022,68,15,12,8,103
Jammu & Kashmir,Pulwama,2017,11,2,2,1,16
Jammu & Kashmir,Pulwama,2018,15,3,2,1,21
Jammu & Kashmir,Pulwama,2019,23,5,4,2,34
Jammu & Kashmir,Pulwama,2020,39,9,7,4,59
Jammu & Kashmir,Pulwama,2021,43,9,7,5,64
Jammu & Kashmir,Pulwama,2022,75,17,13,9,114
Jammu & Kashmir,Railways,2017,14,3,2,1,20
Jammu & Kashmir,Railways,2018,24,5,4,2,35
Jammu & Kashmir,Railways,2019,27,6,5,3,41
Jammu & Kashmir,Railways,2020,50,11,9,6,76
Jammu & Kashmir,Railways,2021,65,15,12,8,100
Jammu & Kashmir,Railways,2022,95,22,17,11,145
Jammu & Kashmir,Rajouri,2017,16,3,3,2,24
Jammu & Kashmir,Rajouri,2018,18,4,3,2,27
Jammu & Kashmir,Rajouri,2019,35,8,6,4,53
Jammu & Kashmir,Rajouri,2020,40,9,7,4,60
Jammu & Kashmir,Rajouri,2021,63,14,11,7,95
Jammu & Kashmir,Rajouri,2022,99,22,18,12,151
Jammu & Kashmir,Ramban,2017,8,1,1,1,11
Jammu & Kashmir,Ramban,2018,14,3,2,1,20
Jammu & Kashmir,Ramban,2019,15,3,2,1,21
Jammu & Kashmir,Ramban,2020,32,7,6,4,49
Jammu & Kashmir,Ramban,2021,45,10,8,5,68
Jammu & Kashmir,Ramban,2022,45,10,8,5,68
Jammu & Kashmir,Reasi,2017,9,2,1,1,13
Jammu & Kashmir,Reasi,2018,13,3,2,1,19
Jammu & Kashmir,Reasi,2019,19,4,3,2,28
Jammu & Kashmir,Reasi,2020,33,7,6,4,50
Jammu & Kashmir,Reasi,2021,43,10,8,5,66
Jammu & Kashmir,Reasi,2022,59,13,11,7,90
Jammu & Kashmir,Srinagar,2017,9,2,1,1,13
Jammu & Kashmir,Srinagar,2018,13,3,2,1,19
Jammu & Kashmir,Srinagar,2019,16,3,3,2,24
Jammu & Kashmir,Srinagar,2020,30,6,5,3,44
Jammu & Kashmir,Srinagar,2021,48,11,8,5,72
Jammu & Kashmir,Srinagar,2022,54,12,10,6,82
Jammu & Kashmir,Udhampur,2017,1,0,0,0,1
Jammu & Kashmir,Udhampur,2018,3,0,0,0,3
Jammu & Kashmir,Udhampur,2019,4,0,0,0,4
Jammu & Kashmir,Udhampur,2020,7,1,1,0,9
Jammu & Kashmir,Udhampur,2021,10,2,2,1,15
Jammu & Kashmir,Udhampur,2022,13,3,2,1,19
Jharkhand,Bokaro,2017,6,1,1,0,8
Jharkhand,Bokaro,2018,10,2,1,1,14
Jharkhand,Bokaro,2019,19,4,3,2,28
Jharkhand,Bokaro,2020,30,7,5,3,45
Jharkhand,Bokaro,2021,38,8,7,4,57
Jharkhand,Bokaro,2022,49,11,9,6,75
Jharkhand,Chaibasa,2017,13,3,2,1,19
Jharkhand,Chaibasa,2018,20,4,3,2,29
Jharkhand,Chaibasa,2019,38,8,7,4,57
Jharkhand,Chaibasa,2020,46,10,8,5,69
Jharkhand,Chaibasa,2021,75,17,13,9,114
Jharkhand,Chaibasa,2022,93,21,17,11,142
Jharkhand,Chatra,2017,6,1,1,0,8
Jharkhand,Chatra,2018,11,2,2,1,16
Jharkhand,Chatra,2019,17,4,3,2,26
Jharkhand,Chatra,2020,23,5,4,2,34
Jharkhand,Chatra,2021,41,9,7,5,62
Jharkhand,Chatra,2022,41,9,7,5,62
Jharkhand,Deoghar,2017,11,2,2,1,16
Jharkhand,Deoghar,2018,13,3,2,1,19
Jharkhand,Deoghar,2019,23,5,4,2,34
Jharkhand,Deoghar,2020,35,8,6,4,53
Jharkhand,Deoghar,2021,41,9,7,5,62
Jharkhand,Deoghar,2022,68,15,12,8,103
Jharkhand,Dhanbad,2017,6,1,1,0,8
Jharkhand,Dhanbad,2018,8,1,1,1,11
Jharkhand,Dhanbad,2019,13,3,2,1,19
Jharkhand,Dhanbad,2020,19,4,3,2,28
Jharkhand,Dhanbad,2021,23,5,4,2,34
Jharkhand,Dhanbad,2022,38,8,7,4,57
Jharkhand,Dhanbad Rly.,2017,8,2,1,1,12
Jharkhand,Dhanbad Rly.,2018,17,4,3,2,26
Jharkhand,Dhanbad Rly.,2019,20,4,3,2,29
Jharkhand,Dhanbad Rly.,2020,36,8,6,4,54
Jharkhand,Dhanbad Rly.,2021,43,9,7,5,64
Jharkhand,Dhanbad Rly.,2022,51,11,9,6,77
Jharkhand,Dumka,2017,12,2,2,1,17
Jharkhand,Dumka,2018,16,3,2,1,22
Jharkhand,Dumka,2019,29,6,5,3,43
Jharkhand,Dumka,2020,34,7,6,4,51
Jharkhand,Dumka,2021,55,12,10,6,83
Jharkhand,Dumka,2022,81,18,15,10,124
Jharkhand,Garhwa,2017,14,3,2,1,20
Jharkhand,Garhwa,2018,23,5,4,2,34
Jharkhand,Garhwa,2019,29,6,5,3,43
Jharkhand,Garhwa,2020,47,11,8,5,71
Jharkhand,Garhwa,2021,60,13,11,7,91
Jharkhand,Garhwa,2022,88,20,16,10,134
Jharkhand,Giridih,2017,7,1,1,0,9
Jharkhand,Giridih,2018,13,3,2,1,19
Jharkhand,Giridih,2019,15,3,2,1,21
Jharkhand,Giridih,2020,23,5,4,2,34
Jharkhand,Giridih,2021,33,7,6,4,50
Jharkhand,Giridih,2022,57,13,10,7,87
Jharkhand,Godda,2017,16,3,3,2,24
Jharkhand,Godda,2018,25,5,4,3,37
Jharkhand,Godda,2019,37,8,6,4,55
Jharkhand,Godda,2020,47,10,8,5,70
Jharkhand,Godda,2021,65,15,12,8,100
Jharkhand,Godda,2022,103,23,19,12,157
Jharkhand,Gumla,2017,11,2,2,1,16
Jharkhand,Gumla,2018,15,3,2,1,21
Jharkhand,Gumla,2019,23,5,4,2,34
Jharkhand,Gumla,2020,35,8,6,4,53
Jharkhand,Gumla,2021,51,11,9,6,77
Jharkhand,Gumla,2022,52,12,9,6,79
Jharkhand,Hazaribagh,2017,12,2,2,1,17
Jharkhand,Hazaribagh,2018,12,2,2,1,17
Jharkhand,Hazaribagh,2019,18,4,3,2,27
Jharkhand,Hazaribagh,2020,38,8,7,4,57
Jharkhand,Hazaribagh,2021,57,13,10,7,87
Jharkhand,Hazaribagh,2022,65,15,12,8,100
Jharkhand,Jamshedpur,2017,3,0,0,0,3
Jharkhand,Jamshedpur,2018,5,1,1,0,7
Jharkhand,Jamshedpur,2019,5,1,1,0,7
Jharkhand,Jamshedpur,2020,12,2,2,1,17
Jharkhand,Jamshedpur,2021,14,3,2,1,20
Jharkhand,Jamshedpur,2022,18,4,3,2,27
Jharkhand,Jamshedpur Rly.,2017,3,0,0,0,3
Jharkhand,Jamshedpur Rly.,2018,4,1,0,0,5
Jharkhand,Jamshedpur Rly.,2019,6,1,1,0,8
Jharkhand,Jamshedpur Rly.,2020,11,2,2,1,16
Jharkhand,Jamshedpur Rly.,2021,13,3,2,1,19
Jharkhand,Jamshedpur Rly.,2022,17,4,3,2,26
Jharkhand,Jamtara,2017,6,1,1,0,8
Jharkhand,Jamtara,2018,10,2,1,1,14
Jharkhand,Jamtara,2019,16,3,2,1,22
Jharkhand,Jamtara,2020,23,5,4,2,34
Jharkhand,Jamtara,2021,25,5,4,3,37
Jharkhand,Jamtara,2022,41,9,7,5,62
Jharkhand,Koderma,2017,12,2,2,1,17
Jharkhand,Koderma,2018,23,5,4,2,34
Jharkhand,Koderma,2019,24,5,4,3,36
Jharkhand,Koderma,2020,49,11,9,6,75
Jharkhand,Koderma,2021,52,12,9,6,79
Jharkhand,Koderma,2022,87,20,16,10,133
Jharkhand,Latehar,2017,8,1,1,1,11
Jharkhand,Latehar,2018,10,2,1,1,14
Jharkhand,Latehar,2019,16,3,2,1,22
Jharkhand,Latehar,2020,22,5,4,2,33
Jharkhand,Latehar,2021,38,8,7,4,57
Jharkhand,Latehar,2022,46,10,8,5,69
Jharkhand,Lohardagga,2017,11,2,2,1,16
Jharkhand,Lohardagga,2018,21,5,4,2,32
Jharkhand,Lohardagga,2019,23,5,4,2,34
Jharkhand,Lohardagga,2020,38,8,7,4,57
Jharkhand,Lohardagga,2021,49,11,9,6,75
Jharkhand,Lohardagga,2022,76,17,14,9,116
Jharkhand,Pakur,2017,11,2,2,1,16
Jharkhand,Pakur,2018,17,4,3,2,26
Jharkhand,Pakur,2019,29,6,5,3,43
Jharkhand,Pakur,2020,37,8,6,4,55
Jharkhand,Pakur,2021,64,14,11,7,96
Jharkhand,Pakur,2022,72,16,13,8,109
Jharkhand,Palamu,2017,1,0,0,0,1
Jharkhand,Palamu,2018,1,0,0,0,1
Jharkhand,Palamu,2019,3,0,0,0,3
Jharkhand,Palamu,2020,4,1,0,0,5
Jharkhand,Palamu,2021,5,1,0,0,6
Jharkhand,Palamu,2022,6,1,1,0,8
Jharkhand,Ranchi,2017,6,1,1,0,8
Jharkhand,Ranchi,2018,11,2,2,1,16
Jharkhand,Ranchi,2019,15,3,2,1,21
Jharkhand,Ranchi,2020,18,4,3,2,27
Jharkhand,Ranchi,2021,30,6,5,3,44
Jharkhand,Ranchi,2022,38,8,7,4,57
Jharkhand,Sahebganj,2017,14,3,2,1,20
Jharkhand,Sahebganj,2018,17,4,3,2,26
Jharkhand,Sahebganj,2019,27,6,5,3,41
Jharkhand,Sahebganj,2020,46,10,8,5,69
Jharkhand,Sahebganj,2021,53,12,9,6,80
Jharkhand,Sahebganj,2022,98,22,18,12,150
Jharkhand,Saraikela,2017,11,2,2,1,16
Jharkhand,Saraikela,2018,15,3,2,1,21
Jharkhand,Saraikela,2019,19,4,3,2,28
Jharkhand,Saraikela,2020,35,8,6,4,53
Jharkhand,Saraikela,2021,45,10,8,5,68
Jharkhand,Saraikela,2022,67,15,12,8,102
Jharkhand,Simdega,2017,2,0,0,0,2
Jharkhand,Simdega,2018,3,0,0,0,3
Jharkhand,Simdega,2019,5,1,0,0,6
Jharkhand,Simdega,2020,8,1,1,1,11
Jharkhand,Simdega,2021,10,2,1,1,14
Jharkhand,Simdega,2022,19,4,3,2,28
Karnataka,Bagalkot,2017,13,3,2,1,19
Karnataka,Bagalkot,2018,22,5,4,2,33
Karnataka,Bagalkot,2019,25,5,4,3,37
Karnataka,Bagalkot,2020,40,9,7,4,60
Karnataka,Bagalkot,2021,57,13,10,7,87
Karnataka,Bagalkot,2022,91,21,16,11,139
Karnataka,Bangalore Commr.,2017,81,18,15,10,124
Karnataka,Bangalore Commr.,2018,95,22,17,11,145
Karnataka,Bangalore Commr.,2019,138,31,25,17,211
Karnataka,Bangalore Commr.,2020,233,53,43,28,357
Karnataka,Bangalore Commr.,2021,316,73,58,38,485
Karnataka,Bangalore Commr.,2022,529,122,97,65,813
Karnataka,Bangalore Rural,2017,106,24,19,13,162
Karnataka,Bangalore Rural,2018,113,26,20,13,172
Karnataka,Bangalore Rural,2019,222,51,41,27,341
Karnataka,Bangalore Rural,2020,367,84,67,45,563
Karnataka,Bangalore Rural,2021,403,93,74,49,619
Karnataka,Bangalore Rural,2022,536,123,99,66,824
Karnataka,Belgaum,2017,9,2,1,1,13
Karnataka,Belgaum,2018,11,2,2,1,16
Karnataka,Belgaum,2019,16,3,3,2,24
Karnataka,Belgaum,2020,25,5,4,3,37
Karnataka,Belgaum,2021,38,8,7,4,57
Karnataka,Belgaum,2022,51,11,9,6,77
Karnataka,Bellary,2017,8,2,1,1,12
Karnataka,Bellary,2018,14,3,2,1,20
Karnataka,Bellary,2019,19,4,3,2,28
Karnataka,Bellary,2020,39,9,7,4,59
Karnataka,Bellary,2021,53,12,9,6,80
Karnataka,Bellary,2022,75,17,13,9,114
Karnataka,Bidar,2017,15,3,2,1,21
Karnataka,Bidar,2018,17,3,3,2,25
Karnataka,Bidar,2019,28,6,5,3,42
Karnataka,Bidar,2020,42,9,7,5,63
Karnataka,Bidar,2021,70,16,13,8,107
Karnataka,Bidar,2022,87,20,16,10,133
Karnataka,Bijapur,2017,13,3,2,1,19
Karnataka,Bijapur,2018,18,4,3,2,27
Karnataka,Bijapur,2019,29,6,5,3,43
Karnataka,Bijapur,2020,52,12,9,6,79
Karnataka,Bijapur,2021,78,18,14,9,119
Karnataka,Bijapur,2022,84,19,15,10,128
Karnataka,Chamarajnagar,2017,8,1,1,1,11
Karnataka,Chamarajnagar,2018,16,3,3,2,24
Karnataka,Chamarajnagar,2019,23,5,4,2,34
Karnataka,Chamarajnagar,2020,30,7,5,3,45
Karnataka,Chamarajnagar,2021,37,8,6,4,55
Karnataka,Chamarajnagar,2022,58,13,10,7,88
Karnataka,Chickmagalur,2017,8,2,1,1,12
Karnataka,Chickmagalur,2018,13,3,2,1,19
Karnataka,Chickmagalur,2019,19,4,3,2,28
Karnataka,Chickmagalur,2020,33,7,6,4,50
Karnataka,Chickmagalur,2021,55,12,10,6,83
Karnataka,Chickmagalur,2022,78,18,14,9,119
Karnataka,Chitradurga,2017,7,1,1,0,9
Karnataka,Chitradurga,2018,15,3,2,1,21
Karnataka,Chitradurga,2019,21,4,3,2,30
Karnataka,Chitradurga,2020,36,8,6,4,54
Karnataka,Chitradurga,2021,36,8,6,4,54
Karnataka,Chitradurga,2022,52,12,9,6,79
Karnataka,Dakshin Kannada,2017,7,1,1,0,9
Karnataka,Dakshin Kannada,2018,11,2,2,1,16
Karnataka,Dakshin Kannada,2019,21,5,4,2,32
Karnataka,Dakshin Kannada,2020,32,7,5,3,47
Karnataka,Dakshin Kannada,2021,40,9,7,4,60
Karnataka,Dakshin Kannada,2022,59,13,10,7,89
Karnataka,Davanagere,2017,1,0,0,0,1
Karnataka,Davanagere,2018,1,0,0,0,1
Karnataka,Davanagere,2019,2,0,0,0,2
Karnataka,Davanagere,2020,3,0,0,0,3
Karnataka,Davanagere,2021,6,1,1,0,8
Karnataka,Davanagere,2022,7,1,1,0,9
Karnataka,Dharwad Commr.,2017,42,9,7,5,63
Karnataka,Dharwad Commr.,2018,57,13,10,7,87
Karnataka,Dharwad Commr.,2019,75,17,13,9,114
Karnataka,Dharwad Commr.,2020,158,36,29,19,242
Karnataka,Dharwad Commr.,2021,159,36,29,19,243
Karnataka,Dharwad Commr.,2022,301,69,55,37,462
Karnataka,Dharwad Rural,2017,8,2,1,1,12
Karnataka,Dharwad Rural,2018,15,3,2,1,21
Karnataka,Dharwad Rural,2019,15,3,2,1,21
Karnataka,Dharwad Rural,2020,29,6,5,3,43
Karnataka,Dharwad Rural,2021,42,9,7,5,63
Karnataka,Dharwad Rural,2022,57,13,10,7,87
Karnataka,Gadag,2017,3,0,0,0,3
Karnataka,Gadag,2018,4,1,0,0,5
Karnataka,Gadag,2019,6,1,1,0,8
Karnataka,Gadag,2020,9,2,1,1,13
Karnataka,Gadag,2021,10,2,1,1,14
Karnataka,Gadag,2022,18,4,3,2,27
Karnataka,Gulbarga,2017,12,2,2,1,17
Karnataka,Gulbarga,2018,15,3,2,1,21
Karnataka,Gulbarga,2019,25,5,4,3,37
Karnataka,Gulbarga,2020,41,9,7,5,62
Karnataka,Gulbarga,2021,54,12,10,6,82
Karnataka,Gulbarga,2022,66,15,12,8,101
Karnataka,Hassan,2017,7,1,1,0,9
Karnataka,Hassan,2018,15,3,2,1,21
Karnataka,Hassan,2019,17,4,3,2,26
Karnataka,Hassan,2020,28,6,5,3,42
Karnataka,Hassan,2021,37,8,6,4,55
Karnataka,Hassan,2022,55,12,10,6,83
Karnataka,Haveri,2017,14,3,2,1,20
Karnataka,Haveri,2018,20,4,3,2,29
Karnataka,Haveri,2019,26,6,4,3,39
Karnataka,Haveri,2020,37,8,6,4,55
Karnataka,Haveri,2021,66,15,12,8,101
Karnataka,Haveri,2022,86,20,16,10,132
Karnataka,K.G.F.,2017,10,2,1,1,14
Karnataka,K.G.F.,2018,14,3,2,1,20
Karnataka,K.G.F.,2019,24,5,4,3,36
Karnataka,K.G.F.,2020,38,8,7,4,57
Karnataka,K.G.F.,2021,54,12,9,6,81
Karnataka,K.G.F.,2022,57,13,10,7,87
Karnataka,Kodagu,2017,1,0,0,0,1
Karnataka,Kodagu,2018,2,0,0,0,2
Karnataka,Kodagu,2019,3,0,0,0,3
Karnataka,Kodagu,2020,3,0,0,0,3
Karnataka,Kodagu,2021,6,1,1,0,8
Karnataka,Kodagu,2022,8,1,1,1,11
Karnataka,Kolar,2017,16,3,3,2,24
Karnataka,Kolar,2018,23,5,4,2,34
Karnataka,Kolar,2019,31,7,5,3,46
Karnataka,Kolar,2020,59,13,10,7,89
Karnataka,Kolar,2021,81,18,15,10,124
Karnataka,Kolar,2022,92,21,17,11,141
Karnataka,Koppal,2017,14,3,2,1,20
Karnataka,Koppal,2018,18,4,3,2,27
Karnataka,Koppal,2019,24,5,4,3,36
Karnataka,Koppal,2020,44,10,8,5,67
Karnataka,Koppal,2021,69,15,12,8,104
Karnataka,Koppal,2022,87,20,16,10,133
Karnataka,Mandya,2017,12,2,2,1,17
Karnataka,Mandya,2018,13,3,2,1,19
Karnataka,Mandya,2019,26,6,4,3,39
Karnataka,Mandya,2020,42,9,7,5,63
Karnataka,Mandya,2021,51,11,9,6,77
Karnataka,Mandya,2022,57,13,10,7,87
Karnataka,Mysore Commr.,2017,57,13,10,7,87
Karnataka,Mysore Commr.,2018,98,22,18,12,150
Karnataka,Mysore Commr.,2019,123,28,22,15,188
Karnataka,Mysore Commr.,2020,259,59,47,31,396
Karnataka,Mysore Commr.,2021,283,65,52,34,434
Karnataka,Mysore Commr.,2022,449,103,82,55,689
Karnataka,Mysore Rural,2017,15,3,2,1,21
Karnataka,Mysore Rural,2018,21,5,4,2,32
Karnataka,Mysore Rural,2019,30,7,5,3,45
Karnataka,Mysore Rural,2020,56,12,10,6,84
Karnataka,Mysore Rural,2021,52,12,9,6,79
Karnataka,Mysore Rural,2022,98,22,18,12,150
Karnataka,Raichur,2017,14,3,2,1,20
Karnataka,Raichur,2018,14,3,2,1,20
Karnataka,Raichur,2019,29,6,5,3,43
Karnataka,Raichur,2020,34,7,6,4,51
Karnataka,Raichur,2021,58,13,10,7,88
Karnataka,Raichur,2022,67,15,12,8,102
Karnataka,Railways,2017,10,2,1,1,14
Karnataka,Railways,2018,16,3,3,2,24
Karnataka,Railways,2019,28,6,5,3,42
Karnataka,Railways,2020,41,9,7,5,62
Karnataka,Railways,2021,54,12,10,6,82
Karnataka,Railways,2022,85,19,15,10,129
Karnataka,Shimoga,2017,9,2,1,1,13
Karnataka,Shimoga,2018,12,2,2,1,17
Karnataka,Shimoga,2019,14,3,2,1,20
Karnataka,Shimoga,2020,30,6,5,3,44
Karnataka,Shimoga,2021,41,9,7,5,62
Karnataka,Shimoga,2022,43,10,8,5,66
Karnataka,Tumkur,2017,2,0,0,0,2
Karnataka,Tumkur,2018,2,0,0,0,2
Karnataka,Tumkur,2019,5,1,0,0,6
Karnataka,Tumkur,2020,7,1,1,0,9
Karnataka,Tumkur,2021,8,2,1,1,12
Karnataka,Tumkur,2022,13,3,2,1,19
Karnataka,Udupi,2017,9,2,1,1,13
Karnataka,Udupi,2018,16,3,3,2,24
Karnataka,Udupi,2019,27,6,5,3,41
Karnataka,Udupi,2020,40,9,7,4,60
Karnataka,Udupi,2021,45,10,8,5,68
Karnataka,Udupi,2022,61,14,11,7,93
Karnataka,Uttar Kannada,2017,5,1,0,0,6
Karnataka,Uttar Kannada,2018,9,2,1,1,13
Karnataka,Uttar Kannada,2019,11,2,2,1,16
Karnataka,Uttar Kannada,2020,23,5,4,2,34
Karnataka,Uttar Kannada,2021,24,5,4,3,36
Karnataka,Uttar Kannada,2022,38,8,7,4,57
Kerala,Alapuzha,2017,15,3,2,1,21
Kerala,Alapuzha,2018,20,4,3,2,29
Kerala,Alapuzha,2019,26,6,4,3,39
Kerala,Alapuzha,2020,54,12,10,6,82
Kerala,Alapuzha,2021,64,14,11,7,96
Kerala,Alapuzha,2022,79,18,14,9,120
Kerala,Cbcid,2017,12,2,2,1,17
Kerala,Cbcid,2018,17,4,3,2,26
Kerala,Cbcid,2019,21,4,3,2,30
Kerala,Cbcid,2020,41,9,7,5,62
Kerala,Cbcid,2021,41,9,7,5,62
Kerala,Cbcid,2022,55,12,10,6,83
Kerala,Ernakulam,2017,18,4,3,2,27
Kerala,Ernakulam,2018,28,6,5,3,42
Kerala,Ernakulam,2019,36,8,6,4,54
Kerala,Ernakulam,2020,50,11,9,6,76
Kerala,Ernakulam,2021,68,15,12,8,103
Kerala,Ernakulam,2022,85,19,15,10,129
Kerala,Idukki,2017,12,2,2,1,17
Kerala,Idukki,2018,16,3,2,1,22
Kerala,Idukki,2019,22,5,4,2,33
Kerala,Idukki,2020,33,7,6,4,50
Kerala,Idukki,2021,56,12,10,6,84
Kerala,Idukki,2022,64,14,11,7,96
Kerala,Kannur,2017,9,2,1,1,13
Kerala,Kannur,2018,14,3,2,1,20
Kerala,Kannur,2019,20,4,3,2,29
Kerala,Kannur,2020,28,6,5,3,42
Kerala,Kannur,2021,42,9,7,5,63
Kerala,Kannur,2022,72,16,13,8,109
Kerala,Kasargod,2017,3,0,0,0,3
Kerala,Kasargod,2018,6,1,1,0,8
Kerala,Kasargod,2019,9,2,1,1,13
Kerala,Kasargod,2020,14,3,2,1,20
Kerala,Kasargod,2021,20,4,3,2,29
Kerala,Kasargod,2022,28,6,5,3,42
Kerala,Kollam,2017,2,0,0,0,2
Kerala,Kollam,2018,2,0,0,0,2
Kerala,Kollam,2019,4,1,0,0,5
Kerala,Kollam,2020,5,1,1,0,7
Kerala,Kollam,2021,7,1,1,0,9
Kerala,Kollam,2022,12,2,2,1,17
Kerala,Kottayam,2017,11,2,2,1,16
Kerala,Kottayam,2018,15,3,2,1,21
Kerala,Kottayam,2019,30,7,5,3,45
Kerala,Kottayam,2020,39,9,7,4,59
Kerala,Kottayam,2021,59,13,11,7,90
Kerala,Kottayam,2022,89,20,16,11,136
Kerala,Kozhikode,2017,10,2,1,1,14
Kerala,Kozhikode,2018,13,3,2,1,19
Kerala,Kozhikode,2019,23,5,4,2,34
Kerala,Kozhikode,2020,29,6,5,3,43
Kerala,Kozhikode,2021,43,9,7,5,64
Kerala,Kozhikode,2022,58,13,10,7,88
Kerala,Malappuram,2017,14,3,2,1,20
Kerala,Malappuram,2018,22,5,4,2,33
Kerala,Malappuram,2019,24,5,4,3,36
Kerala,Malappuram,2020,46,10,8,5,69
Kerala,Malappuram,2021,67,15,12,8,102
Kerala,Malappuram,2022,92,21,17,11,141
Kerala,Palakkad,2017,13,3,2,1,19
Kerala,Palakkad,2018,18,4,3,2,27
Kerala,Palakkad,2019,30,7,5,3,45
Kerala,Palakkad,2020,37,8,7,4,56
Kerala,Palakkad,2021,58,13,10,7,88
Kerala,Palakkad,2022,63,14,11,7,95
Kerala,Pathanamthitta,2017,11,2,2,1,16
Kerala,Pathanamthitta,2018,19,4,3,2,28
Kerala,Pathanamthitta,2019,27,6,4,3,40
Kerala,Pathanamthitta,2020,31,7,5,3,46
Kerala,Pathanamthitta,2021,53,12,9,6,80
Kerala,Pathanamthitta,2022,70,16,13,8,107
Kerala,Railways,2017,15,3,2,1,21
Kerala,Railways,2018,17,4,3,2,26
Kerala,Railways,2019,30,7,5,3,45
Kerala,Railways,2020,47,10,8,5,70
Kerala,Railways,2021,59,13,10,7,89
Kerala,Railways,2022,87,20,16,10,133
Kerala,Thrissur,2017,12,2,2,1,17
Kerala,Thrissur,2018,13,3,2,1,19
Kerala,Thrissur,2019,25,5,4,3,37
Kerala,Thrissur,2020,33,7,6,4,50
Kerala,Thrissur,2021,58,13,10,7,88
Kerala,Thrissur,2022,57,13,10,7,87
Kerala,Trivandrum,2017,1,0,0,0,1
Kerala,Trivandrum,2018,1,0,0,0,1
Kerala,Trivandrum,2019,3,0,0,0,3
Kerala,Trivandrum,2020,3,0,0,0,3
Kerala,Trivandrum,2021,5,1,1,0,7
Kerala,Trivandrum,2022,8,2,1,1,12
Kerala,Wayanadu,2017,6,1,1,0,8
Kerala,Wayanadu,2018,6,1,1,0,8
Kerala,Wayanadu,2019,10,2,1,1,14
Kerala,Wayanadu,2020,20,4,3,2,29
Kerala,Wayanadu,2021,20,4,3,2,29
Kerala,Wayanadu,2022,36,8,6,4,54
Madhya Pradesh,Balaghat,2017,4,1,0,0,5
Madhya Pradesh,Balaghat,2018,6,1,1,0,8
Madhya Pradesh,Balaghat,2019,7,1,1,0,9
Madhya Pradesh,Balaghat,2020,10,2,2,1,15
Madhya Pradesh,Balaghat,2021,19,4,3,2,28
Madhya Pradesh,Balaghat,2022,28,6,5,3,42
Madhya Pradesh,Barwani,2017,7,1,1,0,9
Madhya Pradesh,Barwani,2018,9,2,1,1,13
Madhya Pradesh,Barwani,2019,16,3,3,2,24
Madhya Pradesh,Barwani,2020,24,5,4,3,36
Madhya Pradesh,Barwani,2021,35,8,6,4,53
Madhya Pradesh,Barwani,2022,48,11,8,5,72
Madhya Pradesh,Betul,2017,14,3,2,1,20
Madhya Pradesh,Betul,2018,20,4,3,2,29
Madhya Pradesh,Betul,2019,29,6,5,3,43
Madhya Pradesh,Betul,2020,42,9,7,5,63
Madhya Pradesh,Betul,2021,50,11,9,6,76
Madhya Pradesh,Betul,2022,75,17,13,9,114
Madhya Pradesh,Bhind,2017,3,0,0,0,3
Madhya Pradesh,Bhind,2018,6,1,1,0,8
Madhya Pradesh,Bhind,2019,9,2,1,1,13
Madhya Pradesh,Bhind,2020,11,2,2,1,16
Madhya Pradesh,Bhind,2021,16,3,3,2,24
Madhya Pradesh,Bhind,2022,23,5,4,2,34
Madhya Pradesh,Bhopal,2017,16,3,3,2,24
Madhya Pradesh,Bhopal,2018,21,4,3,2,30
Madhya Pradesh,Bhopal,2019,29,6,5,3,43
Madhya Pradesh,Bhopal,2020,55,12,10,6,83
Madhya Pradesh,Bhopal,2021,76,17,14,9,116
Madhya Pradesh,Bhopal,2022,94,21,17,11,143
Madhya Pradesh,Bhopal Rly.,2017,16,3,3,2,24
Madhya Pradesh,Bhopal Rly.,2018,21,5,4,2,32
Madhya Pradesh,Bhopal Rly.,2019,31,7,5,3,46
Madhya Pradesh,Bhopal Rly.,2020,55,12,10,6,83
Madhya Pradesh,Bhopal Rly.,2021,75,17,13,9,114
Madhya Pradesh,Bhopal Rly.,2022,101,23,18,12,154
Madhya Pradesh,Chhatarpur,2017,3,0,0,0,3
Madhya Pradesh,Chhatarpur,2018,4,1,0,0,5
Madhya Pradesh,Chhatarpur,2019,7,1,1,0,9
Madhya Pradesh,Chhatarpur,2020,9,2,1,1,13
Madhya Pradesh,Chhatarpur,2021,15,3,2,1,21
Madhya Pradesh,Chhatarpur,2022,20,4,3,2,29
Madhya Pradesh,Chhindwara,2017,6,1,1,0,8
Madhya Pradesh,Chhindwara,2018,11,2,2,1,16
Madhya Pradesh,Chhindwara,2019,15,3,2,1,21
Madhya Pradesh,Chhindwara,2020,29,6,5,3,43
Madhya Pradesh,Chhindwara,2021,31,7,5,3,46
Madhya Pradesh,Chhindwara,2022,39,9,7,4,59
Madhya Pradesh,Damoh,2017,15,3,2,1,21
Madhya Pradesh,Damoh,2018,20,4,3,2,29
Madhya Pradesh,Damoh,2019,31,7,5,3,46
Madhya Pradesh,Damoh,2020,43,10,8,5,66
Madhya Pradesh,Damoh,2021,85,19,15,10,129
Madhya Pradesh,Damoh,2022,107,24,19,13,163
Madhya Pradesh,Datiya,2017,11,2,2,1,16
Madhya Pradesh,Datiya,2018,17,4,3,2,26
Madhya Pradesh,Datiya,2019,19,4,3,2,28
Madhya Pradesh,Datiya,2020,28,6,5,3,42
Madhya Pradesh,Datiya,2021,49,11,9,6,75
Madhya Pradesh,Datiya,2022,58,13,10,7,88
Madhya Pradesh,Dewas,2017,2,0,0,0,2
Madhya Pradesh,Dewas,2018,3,0,0,0,3
Madhya Pradesh,Dewas,2019,6,1,1,0,8
Madhya Pradesh,Dewas,2020,7,1,1,0,9
Madhya Pradesh,Dewas,2021,10,2,1,1,14
Madhya Pradesh,Dewas,2022,15,3,2,1,21
Madhya Pradesh,Dhar,2017,8,1,1,1,11
Madhya Pradesh,Dhar,2018,10,2,1,1,14
Madhya Pradesh,Dhar,2019,18,4,3,2,27
Madhya Pradesh,Dhar,2020,26,6,4,3,39
Madhya Pradesh,Dhar,2021,36,8,6,4,54
Madhya Pradesh,Dhar,2022,48,11,9,6,74
Madhya Pradesh,Dindori,2017,9,2,1,1,13
Madhya Pradesh,Dindori,2018,18,4,3,2,27
Madhya Pradesh,Dindori,2019,21,4,3,2,30
Madhya Pradesh,Dindori,2020,31,7,5,3,46
Madhya Pradesh,Dindori,2021,52,12,9,6,79
Madhya Pradesh,Dindori,2022,76,17,14,9,116
Madhya Pradesh,Guna,2017,11,2,2,1,16
Madhya Pradesh,Guna,2018,17,4,3,2,26
Madhya Pradesh,Guna,2019,25,5,4,3,37
Madhya Pradesh,Guna,2020,42,9,7,5,63
Madhya Pradesh,Guna,2021,51,11,9,6,77
Madhya Pradesh,Guna,2022,73,16,13,9,111
Madhya Pradesh,Gwalior,2017,8,2,1,1,12
Madhya Pradesh,Gwalior,2018,12,2,2,1,17
Madhya Pradesh,Gwalior,2019,18,4,3,2,27
Madhya Pradesh,Gwalior,2020,27,6,4,3,40
Madhya Pradesh,Gwalior,2021,40,9,7,5,61
Madhya Pradesh,Gwalior,2022,42,9,7,5,63
Madhya Pradesh,Harda,2017,9,2,1,1,13
Madhya Pradesh,Harda,2018,15,3,2,1,21
Madhya Pradesh,Harda,2019,24,5,4,3,36
Madhya Pradesh,Harda,2020,41,9,7,5,62
Madhya Pradesh,Harda,2021,48,11,9,6,74
Madhya Pradesh,Harda,2022,64,14,11,7,96
Madhya Pradesh,Hoshangabad,2017,11,2,2,1,16
Madhya Pradesh,Hoshangabad,2018,14,3,2,1,20
Madhya Pradesh,Hoshangabad,2019,26,6,4,3,39
Madhya Pradesh,Hoshangabad,2020,45,10,8,5,68
Madhya Pradesh,Hoshangabad,2021,47,10,8,5,70
Madhya Pradesh,Hoshangabad,2022,76,17,14,9,116
Madhya Pradesh,Indore,2017,10,2,2,1,15
Madhya Pradesh,Indore,2018,16,3,3,2,24
Madhya Pradesh,Indore,2019,22,5,4,2,33
Madhya Pradesh,Indore,2020,33,7,6,4,50
Madhya Pradesh,Indore,2021,54,12,10,6,82
Madhya Pradesh,Indore,2022,61,14,11,7,93
Madhya Pradesh,Indore Rly.,2017,16,3,3,2,24
Madhya Pradesh,Indore Rly.,2018,25,5,4,3,37
Madhya Pradesh,Indore Rly.,2019,33,7,6,4,50
Madhya Pradesh,Indore Rly.,2020,56,13,10,6,85
Madhya Pradesh,Indore Rly.,2021,65,15,12,8,100
Madhya Pradesh,Indore Rly.,2022,99,23,18,12,152
Madhya Pradesh,Jabalpur,2017,15,3,2,1,21
Madhya Pradesh,Jabalpur,2018,20,4,3,2,29
Madhya Pradesh,Jabalpur,2019,34,7,6,4,51
Madhya Pradesh,Jabalpur,2020,42,9,7,5,63
Madhya Pradesh,Jabalpur,2021,65,15,12,8,100
Madhya Pradesh,Jabalpur,2022,111,25,20,13,169
Madhya Pradesh,Jabalpur Rly.,2017,14,3,2,1,20
Madhya Pradesh,Jabalpur Rly.,2018,25,5,4,3,37
Madhya Pradesh,Jabalpur Rly.,2019,41,9,7,5,62
Madhya Pradesh,Jabalpur Rly.,2020,64,14,11,7,96
Madhya Pradesh,Jabalpur Rly.,2021,66,15,12,8,101
Madhya Pradesh,Jabalpur Rly.,2022,87,20,16,10,133
Madhya Pradesh,Jhabua,2017,6,1,1,0,8
Madhya Pradesh,Jhabua,2018,12,2,2,1,17
Madhya Pradesh,Jhabua,2019,18,4,3,2,27
Madhya Pradesh,Jhabua,2020,28,6,5,3,42
Madhya Pradesh,Jhabua,2021,28,6,5,3,42
Madhya Pradesh,Jhabua,2022,39,9,7,4,59
Madhya Pradesh,Katni,2017,15,3,2,1,21
Madhya Pradesh,Katni,2018,28,6,5,3,42
Madhya Pradesh,Katni,2019,35,8,6,4,53
Madhya Pradesh,Katni,2020,53,12,9,6,80
Madhya Pradesh,Katni,2021,70,16,12,8,106
Madhya Pradesh,Katni,2022,93,21,17,11,142
Madhya Pradesh,Khandwa,2017,4,0,0,0,4
Madhya Pradesh,Khandwa,2018,5,1,1,0,7
Madhya Pradesh,Khandwa,2019,8,2,1,1,12
Madhya Pradesh,Khandwa,2020,12,2,2,1,17
Madhya Pradesh,Khandwa,2021,17,4,3,2,26
Madhya Pradesh,Khandwa,2022,28,6,5,3,42
Madhya Pradesh,Khargon,2017,3,0,0,0,3
Madhya Pradesh,Khargon,2018,5,1,1,0,7
Madhya Pradesh,Khargon,2019,6,1,1,0,8
Madhya Pradesh,Khargon,2020,9,2,1,1,13
Madhya Pradesh,Khargon,2021,17,4,3,2,26
Madhya Pradesh,Khargon,2022,18,4,3,2,27
Madhya Pradesh,Mandla,2017,8,1,1,0,10
Madhya Pradesh,Mandla,2018,11,2,2,1,16
Madhya Pradesh,Mandla,2019,19,4,3,2,28
Madhya Pradesh,Mandla,2020,29,6,5,3,43
Madhya Pradesh,Mandla,2021,35,8,6,4,53
Madhya Pradesh,Mandla,2022,43,9,7,5,64
Madhya Pradesh,Mandsaur,2017,2,0,0,0,2
Madhya Pradesh,Mandsaur,2018,3,0,0,0,3
Madhya Pradesh,Mandsaur,2019,6,1,1,0,8
Madhya Pradesh,Mandsaur,2020,8,2,1,1,12
Madhya Pradesh,Mandsaur,2021,12,2,2,1,17
Madhya Pradesh,Mandsaur,2022,13,3,2,1,19
Madhya Pradesh,Morena,2017,16,3,3,2,24
Madhya Pradesh,Morena,2018,23,5,4,2,34
Madhya Pradesh,Morena,2019,36,8,6,4,54
Madhya Pradesh,Morena,2020,47,10,8,5,70
Madhya Pradesh,Morena,2021,77,17,14,9,117
Madhya Pradesh,Morena,2022,101,23,18,12,154
Madhya Pradesh,Narsinghpur,2017,11,2,2,1,16
Madhya Pradesh,Narsinghpur,2018,24,5,4,2,35
Madhya Pradesh,Narsinghpur,2019,27,6,5,3,41
Madhya Pradesh,Narsinghpur,2020,54,12,10,6,82
Madhya Pradesh,Narsinghpur,2021,52,12,9,6,79
Madhya Pradesh,Narsinghpur,2022,102,23,18,12,155
Madhya Pradesh,Neemuch,2017,14,3,2,1,20
Madhya Pradesh,Neemuch,2018,19,4,3,2,28
Madhya Pradesh,Neemuch,2019,25,5,4,3,37
Madhya Pradesh,Neemuch,2020,36,8,6,4,54
Madhya Pradesh,Neemuch,2021,57,13,10,7,87
Madhya Pradesh,Neemuch,2022,90,20,16,11,137
Madhya Pradesh,Panna,2017,12,2,2,1,17
Madhya Pradesh,Panna,2018,16,3,3,2,24
Madhya Pradesh,Panna,2019,23,5,4,2,34
Madhya Pradesh,Panna,2020,45,10,8,5,68
Madhya Pradesh,Panna,2021,65,15,12,8,100
Madhya Pradesh,Panna,2022,82,19,15,10,126
Madhya Pradesh,Raisen,2017,12,2,2,1,17
Madhya Pradesh,Raisen,2018,21,5,4,2,32
Madhya Pradesh,Raisen,2019,37,8,6,4,55
Madhya Pradesh,Raisen,2020,59,13,11,7,90
Madhya Pradesh,Raisen,2021,65,15,12,8,100
Madhya Pradesh,Raisen,2022,79,18,14,9,120
Madhya Pradesh,Rajgarh,2017,13,3,2,1,19
Madhya Pradesh,Rajgarh,2018,16,3,3,2,24
Madhya Pradesh,Rajgarh,2019,28,6,5,3,42
Madhya Pradesh,Rajgarh,2020,46,10,8,5,69
Madhya Pradesh,Rajgarh,2021,67,15,12,8,102
Madhya Pradesh,Rajgarh,2022,67,15,12,8,102
Madhya Pradesh,Ratlam,2017,13,3,2,1,19
Madhya Pradesh,Ratlam,2018,20,4,3,2,29
Madhya Pradesh,Ratlam,2019,33,7,6,4,50
Madhya Pradesh,Ratlam,2020,47,11,8,5,71
Madhya Pradesh,Ratlam,2021,68,15,12,8,103
Madhya Pradesh,Ratlam,2022,93,21,17,11,142
Madhya Pradesh,Rewa,2017,4,0,0,0,4
Madhya Pradesh,Rewa,2018,5,1,0,0,6
Madhya Pradesh,Rewa,2019,8,1,1,1,11
Madhya Pradesh,Rewa,2020,11,2,2,1,16
Madhya Pradesh,Rewa,2021,15,3,2,1,21
Madhya Pradesh,Rewa,2022,26,6,4,3,39
Madhya Pradesh,Sagar,2017,6,1,1,0,8
Madhya Pradesh,Sagar,2018,8,1,1,1,11
Madhya Pradesh,Sagar,2019,15,3,2,1,21
Madhya Pradesh,Sagar,2020,23,5,4,2,34
Madhya Pradesh,Sagar,2021,22,5,4,2,33
Madhya Pradesh,Sagar,2022,37,8,6,4,55
Madhya Pradesh,Satna,2017,10,2,1,1,14
Madhya Pradesh,Satna,2018,12,2,2,1,17
Madhya Pradesh,Satna,2019,22,5,4,2,33
Madhya Pradesh,Satna,2020,34,8,6,4,52
Madhya Pradesh,Satna,2021,45,10,8,5,68
Madhya Pradesh,Satna,2022,49,11,9,6,75
Madhya Pradesh,Seoni,2017,8,2,1,1,12
Madhya Pradesh,Seoni,2018,15,3,2,1,21
Madhya Pradesh,Seoni,2019,23,5,4,2,34
Madhya Pradesh,Seoni,2020,31,7,5,3,46
Madhya Pradesh,Seoni,2021,43,10,8,5,66
Madhya Pradesh,Seoni,2022,53,12,9,6,80
Madhya Pradesh,Shahdol,2017,6,1,1,0,8
Madhya Pradesh,Shahdol,2018,9,2,1,1,13
Madhya Pradesh,Shahdol,2019,17,4,3,2,26
Madhya Pradesh,Shahdol,2020,23,5,4,2,34
Madhya Pradesh,Shahdol,2021,37,8,6,4,55
Madhya Pradesh,Shahdol,2022,53,12,9,6,80
Madhya Pradesh,Shajapur,2017,16,3,2,1,22
Madhya Pradesh,Shajapur,2018,26,6,4,3,39
Madhya Pradesh,Shajapur,2019,30,6,5,3,44
Madhya Pradesh,Shajapur,2020,60,13,11,7,91
Madhya Pradesh,Shajapur,2021,58,13,10,7,88
Madhya Pradesh,Shajapur,2022,80,18,14,9,121
Madhya Pradesh,Sheopur,2017,2,0,0,0,2
Madhya Pradesh,Sheopur,2018,3,0,0,0,3
Madhya Pradesh,Sheopur,2019,4,1,0,0,5
Madhya Pradesh,Sheopur,2020,6,1,1,0,8
Madhya Pradesh,Sheopur,2021,7,1,1,0,9
Madhya Pradesh,Sheopur,2022,14,3,2,1,20
Madhya Pradesh,Shivpuri,2017,10,2,2,1,15
Madhya Pradesh,Shivpuri,2018,15,3,2,1,21
Madhya Pradesh,Shivpuri,2019,17,3,3,2,25
Madhya Pradesh,Shivpuri,2020,32,7,6,4,49
Madhya Pradesh,Shivpuri,2021,36,8,6,4,54
Madhya Pradesh,Shivpuri,2022,63,14,11,7,95
Madhya Pradesh,Sidhi,2017,6,1,1,0,8
Madhya Pradesh,Sidhi,2018,12,2,2,1,17
Madhya Pradesh,Sidhi,2019,17,4,3,2,26
Madhya Pradesh,Sidhi,2020,26,6,4,3,39
Madhya Pradesh,Sidhi,2021,36,8,6,4,54
Madhya Pradesh,Sidhi,2022,50,11,9,6,76
Madhya Pradesh,Sihore,2017,1,0,0,0,1
Madhya Pradesh,Sihore,2018,3,0,0,0,3
Madhya Pradesh,Sihore,2019,3,0,0,0,3
Madhya Pradesh,Sihore,2020,5,1,1,0,7
Madhya Pradesh,Sihore,2021,8,2,1,1,12
Madhya Pradesh,Sihore,2022,11,2,2,1,16
Madhya Pradesh,Tikamgarh,2017,13,3,2,1,19
Madhya Pradesh,Tikamgarh,2018,19,4,3,2,28
Madhya Pradesh,Tikamgarh,2019,25,5,4,3,37
Madhya Pradesh,Tikamgarh,2020,41,9,7,5,62
Madhya Pradesh,Tikamgarh,2021,55,12,10,6,83
Madhya Pradesh,Tikamgarh,2022,89,20,16,11,136
Madhya Pradesh,Ujjain,2017,8,1,1,1,11
Madhya Pradesh,Ujjain,2018,15,3,2,1,21
Madhya Pradesh,Ujjain,2019,17,4,3,2,26
Madhya Pradesh,Ujjain,2020,32,7,6,4,49
Madhya Pradesh,Ujjain,2021,41,9,7,5,62
Madhya Pradesh,Ujjain,2022,55,12,10,6,83
Madhya Pradesh,Umariya,2017,10,2,1,1,14
Madhya Pradesh,Umariya,2018,16,3,3,2,24
Madhya Pradesh,Umariya,2019,20,4,3,2,29
Madhya Pradesh,Umariya,2020,32,7,5,3,47
Madhya Pradesh,Umariya,2021,56,13,10,6,85
Madhya Pradesh,Umariya,2022,72,16,13,8,109
Madhya Pradesh,Vidisha,2017,14,3,2,1,20
Madhya Pradesh,Vidisha,2018,17,3,3,2,25
Madhya Pradesh,Vidisha,2019,33,7,6,4,50
Madhya Pradesh,Vidisha,2020,53,12,9,6,80
Madhya Pradesh,Vidisha,2021,59,13,10,7,89
Madhya Pradesh,Vidisha,2022,96,22,17,11,146
Maharashtra,Ahmednagar,2017,2,0,0,0,2
Maharashtra,Ahmednagar,2018,3,0,0,0,3
Maharashtra,Ahmednagar,2019,6,1,1,0,8
Maharashtra,Ahmednagar,2020,7,1,1,0,9
Maharashtra,Ahmednagar,2021,14,3,2,1,20
Maharashtra,Ahmednagar,2022,16,3,2,1,22
Maharashtra,Akola,2017,10,2,1,1,14
Maharashtra,Akola,2018,17,4,3,2,26
Maharashtra,Akola,2019,24,5,4,3,36
Maharashtra,Akola,2020,35,8,6,4,53
Maharashtra,Akola,2021,44,10,8,5,67
Maharashtra,Akola,2022,55,12,10,6,83
Maharashtra,Amravati Commr.,2017,54,12,10,6,82
Maharashtra,Amravati Commr.,2018,82,19,15,10,126
Maharashtra,Amravati Commr.,2019,107,24,19,13,163
Maharashtra,Amravati Commr.,2020,166,38,30,20,254
Maharashtra,Amravati Commr.,2021,211,48,38,25,322
Maharashtra,Amravati Commr.,2022,253,58,46,31,388
Maharashtra,Amravati Rural,2017,17,3,3,2,25
Maharashtra,Amravati Rural,2018,26,6,4,3,39
Maharashtra,Amravati Rural,2019,35,8,6,4,53
Maharashtra,Amravati Rural,2020,61,14,11,7,93
Maharashtra,Amravati Rural,2021,74,17,13,9,113
Maharashtra,Amravati Rural,2022,91,21,16,11,139
Maharashtra,Aurangabad Commr.,2017,56,13,10,6,85
Maharashtra,Aurangabad Commr.,2018,95,22,17,11,145
Maharashtra,Aurangabad Commr.,2019,142,32,26,17,217
Maharashtra,Aurangabad Commr.,2020,175,40,32,21,268
Maharashtra,Aurangabad Commr.,2021,298,68,55,36,457
Maharashtra,Aurangabad Commr.,2022,307,70,56,37,470
Maharashtra,Aurangabad Rural,2017,13,3,2,1,19
Maharashtra,Aurangabad Rural,2018,20,4,3,2,29
Maharashtra,Aurangabad Rural,2019,27,6,5,3,41
Maharashtra,Aurangabad Rural,2020,52,12,9,6,79
Maharashtra,Aurangabad Rural,2021,58,13,10,7,88
Maharashtra,Aurangabad Rural,2022,99,23,18,12,152
Maharashtra,Beed,2017,4,0,0,0,4
Maharashtra,Beed,2018,6,1,1,0,8
Maharashtra,Beed,2019,7,1,1,0,9
Maharashtra,Beed,2020,11,2,2,1,16
Maharashtra,Beed,2021,15,3,2,1,21
Maharashtra,Beed,2022,26,6,4,3,39
Maharashtra,Bhandara,2017,14,3,2,1,20
Maharashtra,Bhandara,2018,18,4,3,2,27
Maharashtra,Bhandara,2019,31,7,5,3,46
Maharashtra,Bhandara,2020,55,12,10,6,83
Maharashtra,Bhandara,2021,61,14,11,7,93
Maharashtra,Bhandara,2022,114,26,21,14,175
Maharashtra,Buldhana,2017,13,3,2,1,19
Maharashtra,Buldhana,2018,17,4,3,2,26
Maharashtra,Buldhana,2019,23,5,4,2,34
Maharashtra,Buldhana,2020,45,10,8,5,68
Maharashtra,Buldhana,2021,63,14,11,7,95
Maharashtra,Buldhana,2022,80,18,14,9,121
Maharashtra,Chandrapur,2017,1,0,0,0,1
Maharashtra,Chandrapur,2018,3,0,0,0,3
Maharashtra,Chandrapur,2019,4,1,0,0,5
Maharashtra,Chandrapur,2020,6,1,1,0,8
Maharashtra,Chandrapur,2021,8,1,1,1,11
Maharashtra,Chandrapur,2022,12,2,2,1,17
Maharashtra,Dhule,2017,8,1,1,1,11
Maharashtra,Dhule,2018,12,2,2,1,17
Maharashtra,Dhule,2019,13,3,2,1,19
Maharashtra,Dhule,2020,23,5,4,2,34
Maharashtra,Dhule,2021,36,8,6,4,54
Maharashtra,Dhule,2022,45,10,8,5,68
Maharashtra,Gadchiroli,2017,8,1,1,1,11
Maharashtra,Gadchiroli,2018,9,2,1,1,13
Maharashtra,Gadchiroli,2019,16,3,2,1,22
Maharashtra,Gadchiroli,2020,24,5,4,3,36
Maharashtra,Gadchiroli,2021,34,7,6,4,51
Maharashtra,Gadchiroli,2022,40,9,7,5,61
Maharashtra,Gondia,2017,1,0,0,0,1
Maharashtra,Gondia,2018,2,0,0,0,2
Maharashtra,Gondia,2019,2,0,0,0,2
Maharashtra,Gondia,2020,4,0,0,0,4
Maharashtra,Gondia,2021,5,1,0,0,6
Maharashtra,Gondia,2022,8,2,1,1,12
Maharashtra,Hingoli,2017,9,2,1,1,13
Maharashtra,Hingoli,2018,16,3,2,1,22
Maharashtra,Hingoli,2019,19,4,3,2,28
Maharashtra,Hingoli,2020,31,7,5,3,46
Maharashtra,Hingoli,2021,48,11,8,5,72
Maharashtra,Hingoli,2022,55,12,10,6,83
Maharashtra,Jalgaon,2017,8,2,1,1,12
Maharashtra,Jalgaon,2018,14,3,2,1,20
Maharashtra,Jalgaon,2019,20,4,3,2,29
Maharashtra,Jalgaon,2020,33,7,6,4,50
Maharashtra,Jalgaon,2021,45,10,8,5,68
Maharashtra,Jalgaon,2022,57,13,10,7,87
Maharashtra,Jalna,2017,3,0,0,0,3
Maharashtra,Jalna,2018,4,0,0,0,4
Maharashtra,Jalna,2019,5,1,1,0,7
Maharashtra,Jalna,2020,9,2,1,1,13
Maharashtra,Jalna,2021,11,2,2,1,16
Maharashtra,Jalna,2022,15,3,2,1,21
Maharashtra,Kolhapur,2017,7,1,1,0,9
Maharashtra,Kolhapur,2018,10,2,1,1,14
Maharashtra,Kolhapur,2019,16,3,3,2,24
Maharashtra,Kolhapur,2020,27,6,5,3,41
Maharashtra,Kolhapur,2021,41,9,7,5,62
Maharashtra,Kolhapur,2022,49,11,9,6,75
Maharashtra,Latur,2017,8,1,1,1,11
Maharashtra,Latur,2018,12,2,2,1,17
Maharashtra,Latur,2019,19,4,3,2,28
Maharashtra,Latur,2020,29,6,5,3,43
Maharashtra,Latur,2021,39,9,7,4,59
Maharashtra,Latur,2022,59,13,10,7,89
Maharashtra,Mumbai,2017,85,19,15,10,129
Maharashtra,Mumbai,2018,131,30,24,16,201
Maharashtra,Mumbai,2019,212,48,39,26,325
Maharashtra,Mumbai,2020,358,82,66,44,550
Maharashtra,Mumbai,2021,481,111,88,59,739
Maharashtra,Mumbai,2022,548,126,101,67,842
Maharashtra,Mumbai Rly.,2017,98,22,18,12,150
Maharashtra,Mumbai Rly.,2018,123,28,22,15,188
Maharashtra,Mumbai Rly.,2019,160,37,29,19,245
Maharashtra,Mumbai Rly.,2020,263,60,48,32,403
Maharashtra,Mumbai Rly.,2021,379,87,70,46,582
Maharashtra,Mumbai Rly.,2022,457,105,84,56,702
Maharashtra,Nagpur Commr.,2017,116,26,21,14,177
Maharashtra,Nagpur Commr.,2018,134,30,24,16,204
Maharashtra,Nagpur Commr.,2019,217,50,40,26,333
Maharashtra,Nagpur Commr.,2020,352,81,65,43,541
Maharashtra,Nagpur Commr.,2021,419,96,77,51,643
Maharashtra,Nagpur Commr.,2022,533,123,98,65,819
Maharashtra,Nagpur Rly.,2017,14,3,2,1,20
Maharashtra,Nagpur Rly.,2018,17,4,3,2,26
Maharashtra,Nagpur Rly.,2019,29,6,5,3,43
Maharashtra,Nagpur Rly.,2020,42,9,7,5,63
Maharashtra,Nagpur Rly.,2021,61,14,11,7,93
Maharashtra,Nagpur Rly.,2022,69,16,12,8,105
Maharashtra,Nagpur Rural,2017,6,1,1,0,8
Maharashtra,Nagpur Rural,2018,6,1,1,0,8
Maharashtra,Nagpur Rural,2019,12,2,2,1,17
Maharashtra,Nagpur Rural,2020,19,4,3,2,28
Maharashtra,Nagpur Rural,2021,23,5,4,2,34
Maharashtra,Nagpur Rural,2022,31,7,5,3,46
Maharashtra,Nanded,2017,7,1,1,0,9
Maharashtra,Nanded,2018,11,2,2,1,16
Maharashtra,Nanded,2019,21,4,3,2,30
Maharashtra,Nanded,2020,31,7,5,3,46
Maharashtra,Nanded,2021,40,9,7,5,61
Maharashtra,Nanded,2022,64,14,11,7,96
Maharashtra,Nandurbar,2017,4,1,0,0,5
Maharashtra,Nandurbar,2018,6,1,1,0,8
Maharashtra,Nandurbar,2019,8,2,1,1,12
Maharashtra,Nandurbar,2020,12,2,2,1,17
Maharashtra,Nandurbar,2021,23,5,4,2,34
Maharashtra,Nandurbar,2022,27,6,5,3,41
Maharashtra,Nasik Commr.,2017,80,18,14,9,121
Maharashtra,Nasik Commr.,2018,113,26,20,13,172
Maharashtra,Nasik Commr.,2019,162,37,30,20,249
Maharashtra,Nasik Commr.,2020,249,57,46,30,382
Maharashtra,Nasik Commr.,2021,281,64,51,34,430
Maharashtra,Nasik Commr.,2022,373,86,69,46,574
Maharashtra,Nasik Rural,2017,3,0,0,0,3
Maharashtra,Nasik Rural,2018,5,1,0,0,6
Maharashtra,Nasik Rural,2019,5,1,1,0,7
Maharashtra,Nasik Rural,2020,12,2,2,1,17
Maharashtra,Nasik Rural,2021,14,3,2,1,20
Maharashtra,Nasik Rural,2022,20,4,3,2,29
Maharashtra,Navi Mumbai,2017,42,9,7,5,63
Maharashtra,Navi Mumbai,2018,55,12,10,6,83
Maharashtra,Navi Mumbai,2019,87,20,16,10,133
Maharashtra,Navi Mumbai,2020,140,32,25,17,214
Maharashtra,Navi Mumbai,2021,159,36,29,19,243
Maharashtra,Navi Mumbai,2022,258,59,47,31,395
Maharashtra,Osmanabad,2017,11,2,2,1,16
Maharashtra,Osmanabad,2018,19,4,3,2,28
Maharashtra,Osmanabad,2019,21,4,3,2,30
Maharashtra,Osmanabad,2020,42,9,7,5,63
Maharashtra,Osmanabad,2021,61,14,11,7,93
Maharashtra,Osmanabad,2022,63,14,11,7,95
Maharashtra,Parbhani,2017,7,1,1,0,9
Maharashtra,Parbhani,2018,8,1,1,1,11
Maharashtra,Parbhani,2019,13,3,2,1,19
Maharashtra,Parbhani,2020,21,4,3,2,30
Maharashtra,Parbhani,2021,34,8,6,4,52
Maharashtra,Parbhani,2022,48,11,9,6,74
Maharashtra,Pune Commr.,2017,32,7,6,4,49
Maharashtra,Pune Commr.,2018,50,11,9,6,76
Maharashtra,Pune Commr.,2019,62,14,11,7,94
Maharashtra,Pune Commr.,2020,94,21,17,11,143
Maharashtra,Pune Commr.,2021,171,39,31,21,262
Maharashtra,Pune Commr.,2022,254,58,46,31,389
Maharashtra,Pune Rly.,2017,42,9,7,5,63
Maharashtra,Pune Rly.,2018,67,15,12,8,102
Maharashtra,Pune Rly.,2019,90,20,16,11,137
Maharashtra,Pune Rly.,2020,134,31,24,16,205
Maharashtra,Pune Rly.,2021,188,43,34,23,288
Maharashtra,Pune Rly.,2022,259,59,47,31,396
Maharashtra,Pune Rural,2017,40,9,7,4,60
Maharashtra,Pune Rural,2018,76,17,14,9,116
Maharashtra,Pune Rural,2019,90,20,16,11,137
Maharashtra,Pune Rural,2020,149,34,27,18,228
Maharashtra,Pune Rural,2021,166,38,30,20,254
Maharashtra,Pune Rural,2022,290,66,53,35,444
Maharashtra,Raigad,2017,10,2,1,1,14
Maharashtra,Raigad,2018,13,3,2,1,19
Maharashtra,Raigad,2019,23,5,4,2,34
Maharashtra,Raigad,2020,40,9,7,5,61
Maharashtra,Raigad,2021,48,11,9,6,74
Maharashtra,Raigad,2022,68,15,12,8,103
Maharashtra,Ratnagiri,2017,17,3,3,2,25
Maharashtra,Ratnagiri,2018,27,6,5,3,41
Maharashtra,Ratnagiri,2019,39,9,7,4,59
Maharashtra,Ratnagiri,2020,50,11,9,6,76
Maharashtra,Ratnagiri,2021,62,14,11,7,94
Maharashtra,Ratnagiri,2022,122,28,22,15,187
Maharashtra,Sangli,2017,16,3,3,2,24
Maharashtra,Sangli,2018,25,5,4,3,37
Maharashtra,Sangli,2019,36,8,6,4,54
Maharashtra,Sangli,2020,51,11,9,6,77
Maharashtra,Sangli,2021,60,13,11,7,91
Maharashtra,Sangli,2022,101,23,18,12,154
Maharashtra,Satara,2017,19,4,3,2,28
Maharashtra,Satara,2018,26,6,4,3,39
Maharashtra,Satara,2019,41,9,7,5,62
Maharashtra,Satara,2020,63,14,11,7,95
Maharashtra,Satara,2021,74,17,13,9,113
Maharashtra,Satara,2022,95,22,17,11,145
Maharashtra,Sindhudurg,2017,19,4,3,2,28
Maharashtra,Sindhudurg,2018,23,5,4,2,34
Maharashtra,Sindhudurg,2019,35,8,6,4,53
Maharashtra,Sindhudurg,2020,61,14,11,7,93
Maharashtra,Sindhudurg,2021,85,19,15,10,129
Maharashtra,Sindhudurg,2022,115,26,21,14,176
Maharashtra,Solapur Commr.,2017,80,18,14,9,121
Maharashtra,Solapur Commr.,2018,92,21,17,11,141
Maharashtra,Solapur Commr.,2019,159,36,29,19,243
Maharashtra,Solapur Commr.,2020,255,58,47,31,391
Maharashtra,Solapur Commr.,2021,343,79,63,42,527
Maharashtra,Solapur Commr.,2022,394,91,72,48,605
Maharashtra,Solapur Rural,2017,2,0,0,0,2
Maharashtra,Solapur Rural,2018,3,0,0,0,3
Maharashtra,Solapur Rural,2019,4,1,0,0,5
Maharashtra,Solapur Rural,2020,5,1,1,0,7
Maharashtra,Solapur Rural,2021,10,2,2,1,15
Maharashtra,Solapur Rural,2022,11,2,2,1,16
Maharashtra,Thane Commr.,2017,55,12,10,6,83
Maharashtra,Thane Commr.,2018,83,19,15,10,127
Maharashtra,Thane Commr.,2019,137,31,25,16,209
Maharashtra,Thane Commr.,2020,210,48,38,25,321
Maharashtra,Thane Commr.,2021,288,66,53,35,442
Maharashtra,Thane Commr.,2022,358,82,66,44,550
Maharashtra,Thane Rural,2017,3,0,0,0,3
Maharashtra,Thane Rural,2018,4,1,0,0,5
Maharashtra,Thane Rural,2019,4,1,0,0,5
Maharashtra,Thane Rural,2020,9,2,1,1,13
Maharashtra,Thane Rural,2021,10,2,1,1,14
Maharashtra,Thane Rural,2022,17,3,3,2,25
Maharashtra,Wardha,2017,15,3,2,1,21
Maharashtra,Wardha,2018,26,6,4,3,39
Maharashtra,Wardha,2019,34,7,6,4,51
Maharashtra,Wardha,2020,60,13,11,7,91
Maharashtra,Wardha,2021,78,18,14,9,119
Maharashtra,Wardha,2022,84,19,15,10,128
Maharashtra,Washim,2017,6,1,1,0,8
Maharashtra,Washim,2018,7,1,1,0,9
Maharashtra,Washim,2019,13,3,2,1,19
Maharashtra,Washim,2020,17,4,3,2,26
Maharashtra,Washim,2021,30,7,5,3,45
Maharashtra,Washim,2022,43,10,8,5,66
Maharashtra,Yavatmal,2017,4,1,0,0,5
Maharashtra,Yavatmal,2018,5,1,1,0,7
Maharashtra,Yavatmal,2019,8,2,1,1,12
Maharashtra,Yavatmal,2020,15,3,2,1,21
Maharashtra,Yavatmal,2021,21,4,3,2,30
Maharashtra,Yavatmal,2022,22,5,4,2,33
Manipur,Bishnupur,2017,18,4,3,2,27
Manipur,Bishnupur,2018,21,4,3,2,30
Manipur,Bishnupur,2019,36,8,6,4,54
Manipur,Bishnupur,2020,58,13,10,7,88
Manipur,Bishnupur,2021,88,20,16,10,134
Manipur,Bishnupur,2022,107,24,19,13,163
Manipur,Chandel,2017,6,1,1,0,8
Manipur,Chandel,2018,10,2,1,1,14
Manipur,Chandel,2019,15,3,2,1,21
Manipur,Chandel,2020,25,5,4,3,37
Manipur,Chandel,2021,29,6,5,3,43
Manipur,Chandel,2022,42,9,7,5,63
Manipur,Churachandpur,2017,11,2,2,1,16
Manipur,Churachandpur,2018,20,4,3,2,29
Manipur,Churachandpur,2019,26,6,4,3,39
Manipur,Churachandpur,2020,43,10,8,5,66
Manipur,Churachandpur,2021,57,13,10,7,87
Manipur,Churachandpur,2022,85,19,15,10,129
Manipur,Imphal(East),2017,10,2,2,1,15
Manipur,Imphal(East),2018,15,3,2,1,21
Manipur,Imphal(East),2019,22,5,4,2,33
Manipur,Imphal(East),2020,38,8,7,4,57
Manipur,Imphal(East),2021,52,12,9,6,79
Manipur,Imphal(East),2022,78,18,14,9,119
Manipur,Imphal(West),2017,13,3,2,1,19
Manipur,Imphal(West),2018,21,5,4,2,32
Manipur,Imphal(West),2019,26,6,4,3,39
Manipur,Imphal(West),2020,50,11,9,6,76
Manipur,Imphal(West),2021,55,12,10,6,83
Manipur,Imphal(West),2022,74,17,13,9,113
Manipur,Senapati,2017,1,0,0,0,1
Manipur,Senapati,2018,2,0,0,0,2
Manipur,Senapati,2019,2,0,0,0,2
Manipur,Senapati,2020,5,1,0,0,6
Manipur,Senapati,2021,6,1,1,0,8
Manipur,Senapati,2022,9,2,1,1,13
Manipur,Tamenglong,2017,14,3,2,1,20
Manipur,Tamenglong,2018,23,5,4,2,34
Manipur,Tamenglong,2019,32,7,5,3,47
Manipur,Tamenglong,2020,47,11,8,5,71
Manipur,Tamenglong,2021,58,13,10,7,88
Manipur,Tamenglong,2022,106,24,19,13,162
Manipur,Thoubal,2017,11,2,2,1,16
Manipur,Thoubal,2018,16,3,3,2,24
Manipur,Thoubal,2019,22,5,4,2,33
Manipur,Thoubal,2020,41,9,7,5,62
Manipur,Thoubal,2021,47,10,8,5,70
Manipur,Thoubal,2022,64,14,11,7,96
Manipur,Ukhrul,2017,7,1,1,0,9
Manipur,Ukhrul,2018,12,2,2,1,17
Manipur,Ukhrul,2019,14,3,2,1,20
Manipur,Ukhrul,2020,22,5,4,2,33
Manipur,Ukhrul,2021,41,9,7,5,62
Manipur,Ukhrul,2022,45,10,8,5,68
Meghalaya,Garo Hills East,2017,15,3,2,1,21
Meghalaya,Garo Hills East,2018,22,5,4,2,33
Meghalaya,Garo Hills East,2019,40,9,7,4,60
Meghalaya,Garo Hills East,2020,58,13,10,7,88
Meghalaya,Garo Hills East,2021,72,16,13,8,109
Meghalaya,Garo Hills East,2022,111,25,20,13,169
Meghalaya,Garo Hills South,2017,8,1,1,1,11
Meghalaya,Garo Hills South,2018,14,3,2,1,20
Meghalaya,Garo Hills South,2019,18,4,3,2,27
Meghalaya,Garo Hills South,2020,24,5,4,3,36
Meghalaya,Garo Hills South,2021,39,9,7,4,59
Meghalaya,Garo Hills South,2022,61,14,11,7,93
Meghalaya,Garo Hills West,2017,16,3,3,2,24
Meghalaya,Garo Hills West,2018,23,5,4,2,34
Meghalaya,Garo Hills West,2019,29,6,5,3,43
Meghalaya,Garo Hills West,2020,47,10,8,5,70
Meghalaya,Garo Hills West,2021,77,17,14,9,117
Meghalaya,Garo Hills West,2022,102,23,18,12,155
Meghalaya,Jaintia Hills,2017,9,2,1,1,13
Meghalaya,Jaintia Hills,2018,14,3,2,1,20
Meghalaya,Jaintia Hills,2019,20,4,3,2,29
Meghalaya,Jaintia Hills,2020,28,6,5,3,42
Meghalaya,Jaintia Hills,2021,35,8,6,4,53
Meghalaya,Jaintia Hills,2022,48,11,8,5,72
Meghalaya,Khasi Hills East,2017,5,1,0,0,6
Meghalaya,Khasi Hills East,2018,9,2,1,1,13
Meghalaya,Khasi Hills East,2019,11,2,2,1,16
Meghalaya,Khasi Hills East,2020,17,3,3,2,25
Meghalaya,Khasi Hills East,2021,27,6,5,3,41
Meghalaya,Khasi Hills East,2022,36,8,6,4,54
Meghalaya,Khasi Hills West,2017,1,0,0,0,1
Meghalaya,Khasi Hills West,2018,2,0,0,0,2
Meghalaya,Khasi Hills West,2019,2,0,0,0,2
Meghalaya,Khasi Hills West,2020,4,0,0,0,4
Meghalaya,Khasi Hills West,2021,5,1,0,0,6
Meghalaya,Khasi Hills West,2022,9,2,1,1,13
Meghalaya,Ri-Bhoi,2017,10,2,1,1,14
Meghalaya,Ri-Bhoi,2018,17,4,3,2,26
Meghalaya,Ri-Bhoi,2019,25,5,4,3,37
Meghalaya,Ri-Bhoi,2020,40,9,7,4,60
Meghalaya,Ri-Bhoi,2021,62,14,11,7,94
Meghalaya,Ri-Bhoi,2022,62,14,11,7,94
Mizoram,Aizawl,2017,14,3,2,1,20
Mizoram,Aizawl,2018,20,4,3,2,29
Mizoram,Aizawl,2019,27,6,5,3,41
Mizoram,Aizawl,2020,41,9,7,5,62
Mizoram,Aizawl,2021,58,13,10,7,88
Mizoram,Aizawl,2022,84,19,15,10,128
Mizoram,Champhai,2017,8,1,1,1,11
Mizoram,Champhai,2018,9,2,1,1,13
Mizoram,Champhai,2019,13,3,2,1,19
Mizoram,Champhai,2020,26,6,4,3,39
Mizoram,Champhai,2021,33,7,6,4,50
Mizoram,Champhai,2022,46,10,8,5,69
Mizoram,Kolasib,2017,6,1,1,0,8
Mizoram,Kolasib,2018,8,1,1,1,11
Mizoram,Kolasib,2019,14,3,2,1,20
Mizoram,Kolasib,2020,18,4,3,2,27
Mizoram,Kolasib,2021,31,7,5,3,46
Mizoram,Kolasib,2022,48,11,9,6,74
Mizoram,Lawngtlai,2017,13,3,2,1,19
Mizoram,Lawngtlai,2018,22,5,4,2,33
Mizoram,Lawngtlai,2019,25,5,4,3,37
Mizoram,Lawngtlai,2020,45,10,8,5,68
Mizoram,Lawngtlai,2021,53,12,9,6,80
Mizoram,Lawngtlai,2022,72,16,13,8,109
Mizoram,Lunglei,2017,8,2,1,1,12
Mizoram,Lunglei,2018,13,3,2,1,19
Mizoram,Lunglei,2019,15,3,2,1,21
Mizoram,Lunglei,2020,33,7,6,4,50
Mizoram,Lunglei,2021,38,8,7,4,57
Mizoram,Lunglei,2022,57,13,10,7,87
Mizoram,Mamit,2017,12,2,2,1,17
Mizoram,Mamit,2018,13,3,2,1,19
Mizoram,Mamit,2019,23,5,4,2,34
Mizoram,Mamit,2020,39,9,7,4,59
Mizoram,Mamit,2021,44,10,8,5,67
Mizoram,Mamit,2022,62,14,11,7,94
Mizoram,Saiha,2017,9,2,1,1,13
Mizoram,Saiha,2018,17,4,3,2,26
Mizoram,Saiha,2019,22,5,4,2,33
Mizoram,Saiha,2020,37,8,6,4,55
Mizoram,Saiha,2021,43,10,8,5,66
Mizoram,Saiha,2022,58,13,10,7,88
Mizoram,Serchhip,2017,6,1,1,0,8
Mizoram,Serchhip,2018,11,2,2,1,16
Mizoram,Serchhip,2019,13,3,2,1,19
Mizoram,Serchhip,2020,25,5,4,3,37
Mizoram,Serchhip,2021,33,7,6,4,50
Mizoram,Serchhip,2022,50,11,9,6,76
Nagaland,Dimapur,2017,2,0,0,0,2
Nagaland,Dimapur,2018,2,0,0,0,2
Nagaland,Dimapur,2019,4,1,0,0,5
Nagaland,Dimapur,2020,7,1,1,0,9
Nagaland,Dimapur,2021,9,2,1,1,13
Nagaland,Dimapur,2022,11,2,2,1,16
Nagaland,Kiphire,2017,13,3,2,1,19
Nagaland,Kiphire,2018,22,5,4,2,33
Nagaland,Kiphire,2019,35,8,6,4,53
Nagaland,Kiphire,2020,61,14,11,7,93
Nagaland,Kiphire,2021,62,14,11,7,94
Nagaland,Kiphire,2022,110,25,20,13,168
Nagaland,Kohima,2017,12,2,2,1,17
Nagaland,Kohima,2018,21,4,3,2,30
Nagaland,Kohima,2019,35,8,6,4,53
Nagaland,Kohima,2020,45,10,8,5,68
Nagaland,Kohima,2021,78,18,14,9,119
Nagaland,Kohima,2022,80,18,14,9,121
Nagaland,Mokokchung,2017,12,2,2,1,17
Nagaland,Mokokchung,2018,24,5,4,3,36
Nagaland,Mokokchung,2019,32,7,6,4,49
Nagaland,Mokokchung,2020,50,11,9,6,76
Nagaland,Mokokchung,2021,59,13,11,7,90
Nagaland,Mokokchung,2022,96,22,17,11,146
Nagaland,Mon,2017,1,0,0,0,1
Nagaland,Mon,2018,1,0,0,0,1
Nagaland,Mon,2019,3,0,0,0,3
Nagaland,Mon,2020,3,0,0,0,3
Nagaland,Mon,2021,5,1,0,0,6
Nagaland,Mon,2022,8,2,1,1,12
Nagaland,Peren,2017,8,2,1,1,12
Nagaland,Peren,2018,12,2,2,1,17
Nagaland,Peren,2019,17,4,3,2,26
Nagaland,Peren,2020,25,5,4,3,37
Nagaland,Peren,2021,36,8,6,4,54
Nagaland,Peren,2022,46,10,8,5,69
Nagaland,Phek,2017,5,1,1,0,7
Nagaland,Phek,2018,6,1,1,0,8
Nagaland,Phek,2019,10,2,1,1,14
Nagaland,Phek,2020,12,2,2,1,17
Nagaland,Phek,2021,19,4,3,2,28
Nagaland,Phek,2022,30,7,5,3,45
Nagaland,Tuensang,2017,1,0,0,0,1
Nagaland,Tuensang,2018,2,0,0,0,2
Nagaland,Tuensang,2019,3,0,0,0,3
Nagaland,Tuensang,2020,4,1,0,0,5
Nagaland,Tuensang,2021,6,1,1,0,8
Nagaland,Tuensang,2022,7,1,1,0,9
Nagaland,Wokha,2017,11,2,2,1,16
Nagaland,Wokha,2018,14,3,2,1,20
Nagaland,Wokha,2019,20,4,3,2,29
Nagaland,Wokha,2020,43,10,8,5,66
Nagaland,Wokha,2021,52,12,9,6,79
Nagaland,Wokha,2022,80,18,14,9,121
Nagaland,Zunheboto,2017,16,3,3,2,24
Nagaland,Zunheboto,2018,19,4,3,2,28
Nagaland,Zunheboto,2019,40,9,7,4,60
Nagaland,Zunheboto,2020,57,13,10,7,87
Nagaland,Zunheboto,2021,84,19,15,10,128
Nagaland,Zunheboto,2022,90,20,16,11,137
Odisha,Angul,2017,19,4,3,2,28
Odisha,Angul,2018,21,5,4,2,32
Odisha,Angul,2019,39,9,7,4,59
Odisha,Angul,2020,60,13,11,7,91
Odisha,Angul,2021,82,19,15,10,126
Odisha,Angul,2022,114,26,21,14,175
Odisha,Balasore,2017,3,0,0,0,3
Odisha,Balasore,2018,4,1,0,0,5
Odisha,Balasore,2019,6,1,1,0,8
Odisha,Balasore,2020,13,3,2,1,19
Odisha,Balasore,2021,16,3,3,2,24
Odisha,Balasore,2022,20,4,3,2,29
Odisha,Baragarh,2017,10,2,1,1,14
Odisha,Baragarh,2018,14,3,2,1,20
Odisha,Baragarh,2019,21,5,4,2,32
Odisha,Baragarh,2020,42,9,7,5,63
Odisha,Baragarh,2021,56,13,10,6,85
Odisha,Baragarh,2022,82,19,15,10,126
Odisha,Berhampur,2017,14,3,2,1,20
Odisha,Berhampur,2018,18,4,3,2,27
Odisha,Berhampur,2019,30,7,5,3,45
Odisha,Berhampur,2020,40,9,7,4,60
Odisha,Berhampur,2021,57,13,10,7,87
Odisha,Berhampur,2022,90,20,16,11,137
Odisha,Bhadrak,2017,12,2,2,1,17
Odisha,Bhadrak,2018,22,5,4,2,33
Odisha,Bhadrak,2019,27,6,5,3,41
Odisha,Bhadrak,2020,42,9,7,5,63
Odisha,Bhadrak,2021,54,12,10,6,82
Odisha,Bhadrak,2022,80,18,14,9,121
Odisha,Bolangir,2017,20,4,3,2,29
Odisha,Bolangir,2018,27,6,5,3,41
Odisha,Bolangir,2019,31,7,5,3,46
Odisha,Bolangir,2020,47,11,8,5,71
Odisha,Bolangir,2021,67,15,12,8,102
Odisha,Bolangir,2022,94,21,17,11,143
Odisha,Boudh,2017,6,1,1,0,8
Odisha,Boudh,2018,9,2,1,1,13
Odisha,Boudh,2019,13,3,2,1,19
Odisha,Boudh,2020,26,6,4,3,39
Odisha,Boudh,2021,32,7,6,4,49
Odisha,Boudh,2022,34,7,6,4,51
Odisha,Cuttack,2017,15,3,2,1,21
Odisha,Cuttack,2018,22,5,4,2,33
Odisha,Cuttack,2019,33,7,6,4,50
Odisha,Cuttack,2020,43,9,7,5,64
Odisha,Cuttack,2021,56,13,10,6,85
Odisha,Cuttack,2022,74,17,13,9,113
Odisha,Deogarh,2017,3,0,0,0,3
Odisha,Deogarh,2018,5,1,1,0,7
Odisha,Deogarh,2019,6,1,1,0,8
Odisha,Deogarh,2020,12,2,2,1,17
Odisha,Deogarh,2021,14,3,2,1,20
Odisha,Deogarh,2022,29,6,5,3,43
Odisha,Dhenkanal,2017,10,2,1,1,14
Odisha,Dhenkanal,2018,20,4,3,2,29
Odisha,Dhenkanal,2019,22,5,4,2,33
Odisha,Dhenkanal,2020,33,7,6,4,50
Odisha,Dhenkanal,2021,59,13,10,7,89
Odisha,Dhenkanal,2022,69,16,12,8,105
Odisha,Gajapati,2017,10,2,1,1,14
Odisha,Gajapati,2018,21,4,3,2,30
Odisha,Gajapati,2019,27,6,5,3,41
Odisha,Gajapati,2020,43,9,7,5,64
Odisha,Gajapati,2021,62,14,11,7,94
Odisha,Gajapati,2022,85,19,15,10,129
Odisha,Ganjam,2017,13,3,2,1,19
Odisha,Ganjam,2018,21,5,4,2,32
Odisha,Ganjam,2019,28,6,5,3,42
Odisha,Ganjam,2020,51,11,9,6,77
Odisha,Ganjam,2021,52,12,9,6,79
Odisha,Ganjam,2022,77,17,14,9,117
Odisha,Jagatsinghpur,2017,17,3,3,2,25
Odisha,Jagatsinghpur,2018,21,4,3,2,30
Odisha,Jagatsinghpur,2019,37,8,7,4,56
Odisha,Jagatsinghpur,2020,46,10,8,5,69
Odisha,Jagatsinghpur,2021,71,16,13,8,108
Odisha,Jagatsinghpur,2022,123,28,22,15,188
Odisha,Jajpur,2017,4,0,0,0,4
Odisha,Jajpur,2018,5,1,0,0,6
Odisha,Jajpur,2019,9,2,1,1,13
Odisha,Jajpur,2020,12,2,2,1,17
Odisha,Jajpur,2021,18,4,3,2,27
Odisha,Jajpur,2022,22,5,4,2,33
Odisha,Jharsuguda,2017,1,0,0,0,1
Odisha,Jharsuguda,2018,1,0,0,0,1
Odisha,Jharsuguda,2019,2,0,0,0,2
Odisha,Jharsuguda,2020,4,0,0,0,4
Odisha,Jharsuguda,2021,6,1,1,0,8
Odisha,Jharsuguda,2022,9,2,1,1,13
Odisha,Kalahandi,2017,1,0,0,0,1
Odisha,Kalahandi,2018,3,0,0,0,3
Odisha,Kalahandi,2019,4,1,0,0,5
Odisha,Kalahandi,2020,6,1,1,0,8
Odisha,Kalahandi,2021,10,2,1,1,14
Odisha,Kalahandi,2022,10,2,2,1,15
Odisha,Kandhamal,2017,4,0,0,0,4
Odisha,Kandhamal,2018,5,1,0,0,6
Odisha,Kandhamal,2019,7,1,1,0,9
Odisha,Kandhamal,2020,14,3,2,1,20
Odisha,Kandhamal,2021,17,3,3,2,25
Odisha,Kandhamal,2022,29,6,5,3,43
Odisha,Kendrapara,2017,17,4,3,2,26
Odisha,Kendrapara,2018,22,5,4,2,33
Odisha,Kendrapara,2019,31,7,5,3,46
Odisha,Kendrapara,2020,46,10,8,5,69
Odisha,Kendrapara,2021,77,17,14,9,117
Odisha,Kendrapara,2022,90,20,16,11,137
Odisha,Keonjhar,2017,10,2,1,1,14
Odisha,Keonjhar,2018,14,3,2,1,20
Odisha,Keonjhar,2019,22,5,4,2,33
Odisha,Keonjhar,2020,35,8,6,4,53
Odisha,Keonjhar,2021,38,8,7,4,57
Odisha,Keonjhar,2022,60,13,11,7,91
Odisha,Khurda,2017,13,3,2,1,19
Odisha,Khurda,2018,27,6,5,3,41
Odisha,Khurda,2019,37,8,6,4,55
Odisha,Khurda,2020,50,11,9,6,76
Odisha,Khurda,2021,65,15,12,8,100
Odisha,Khurda,2022,110,25,20,13,168
Odisha,Koraput,2017,16,3,2,1,22
Odisha,Koraput,2018,23,5,4,2,34
Odisha,Koraput,2019,35,8,6,4,53
Odisha,Koraput,2020,47,10,8,5,70
Odisha,Koraput,2021,54,12,10,6,82
Odisha,Koraput,2022,98,22,18,12,150
Odisha,Malkangir,2017,11,2,2,1,16
Odisha,Malkangir,2018,11,2,2,1,16
Odisha,Malkangir,2019,21,4,3,2,30
Odisha,Malkangir,2020,31,7,5,3,46
Odisha,Malkangir,2021,35,8,6,4,53
Odisha,Malkangir,2022,67,15,12,8,102
Odisha,Mayurbhanj,2017,11,2,2,1,16
Odisha,Mayurbhanj,2018,24,5,4,2,35
Odisha,Mayurbhanj,2019,34,7,6,4,51
Odisha,Mayurbhanj,2020,41,9,7,5,62
Odisha,Mayurbhanj,2021,57,13,10,7,87
Odisha,Mayurbhanj,2022,86,19,15,10,130
Odisha,Nayagarh,2017,14,3,2,1,20
Odisha,Nayagarh,2018,16,3,3,2,24
Odisha,Nayagarh,2019,22,5,4,2,33
Odisha,Nayagarh,2020,41,9,7,5,62
Odisha,Nayagarh,2021,55,12,10,6,83
Odisha,Nayagarh,2022,75,17,14,9,115
Odisha,Nowrangpur,2017,13,3,2,1,19
Odisha,Nowrangpur,2018,21,4,3,2,30
Odisha,Nowrangpur,2019,30,7,5,3,45
Odisha,Nowrangpur,2020,40,9,7,4,60
Odisha,Nowrangpur,2021,52,12,9,6,79
Odisha,Nowrangpur,2022,99,22,18,12,151
Odisha,Nuapada,2017,1,0,0,0,1
Odisha,Nuapada,2018,1,0,0,0,1
Odisha,Nuapada,2019,2,0,0,0,2
Odisha,Nuapada,2020,5,1,0,0,6
Odisha,Nuapada,2021,5,1,0,0,6
Odisha,Nuapada,2022,9,2,1,1,13
Odisha,Puri,2017,16,3,3,2,24
Odisha,Puri,2018,23,5,4,2,34
Odisha,Puri,2019,32,7,5,3,47
Odisha,Puri,2020,59,13,10,7,89
Odisha,Puri,2021,75,17,13,9,114
Odisha,Puri,2022,103,23,19,12,157
Odisha,Rayagada,2017,13,3,2,1,19
Odisha,Rayagada,2018,15,3,2,1,21
Odisha,Rayagada,2019,26,6,4,3,39
Odisha,Rayagada,2020,44,10,8,5,67
Odisha,Rayagada,2021,47,10,8,5,70
Odisha,Rayagada,2022,70,16,13,8,107
Odisha,Rourkela,2017,6,1,1,0,8
Odisha,Rourkela,2018,11,2,2,1,16
Odisha,Rourkela,2019,17,4,3,2,26
Odisha,Rourkela,2020,22,5,4,2,33
Odisha,Rourkela,2021,39,9,7,4,59
Odisha,Rourkela,2022,44,10,8,5,67
Odisha,Sambalpur,2017,7,1,1,0,9
Odisha,Sambalpur,2018,11,2,2,1,16
Odisha,Sambalpur,2019,14,3,2,1,20
Odisha,Sambalpur,2020,27,6,5,3,41
Odisha,Sambalpur,2021,35,8,6,4,53
Odisha,Sambalpur,2022,60,13,11,7,91
Odisha,Sonepur,2017,13,3,2,1,19
Odisha,Sonepur,2018,15,3,2,1,21
Odisha,Sonepur,2019,26,6,4,3,39
Odisha,Sonepur,2020,44,10,8,5,67
Odisha,Sonepur,2021,56,13,10,6,85
Odisha,Sonepur,2022,84,19,15,10,128
Odisha,Srp(Cuttack),2017,5,1,1,0,7
Odisha,Srp(Cuttack),2018,7,1,1,0,9
Odisha,Srp(Cuttack),2019,10,2,1,1,14
Odisha,Srp(Cuttack),2020,14,3,2,1,20
Odisha,Srp(Cuttack),2021,24,5,4,3,36
Odisha,Srp(Cuttack),2022,30,7,5,3,45
Odisha,Srp(Rourkela),2017,5,1,1,0,7
Odisha,Srp(Rourkela),2018,11,2,2,1,16
Odisha,Srp(Rourkela),2019,13,3,2,1,19
Odisha,Srp(Rourkela),2020,23,5,4,2,34
Odisha,Srp(Rourkela),2021,36,8,6,4,54
Odisha,Srp(Rourkela),2022,42,9,7,5,63
Odisha,Sundargarh,2017,5,1,1,0,7
Odisha,Sundargarh,2018,8,1,1,1,11
Odisha,Sundargarh,2019,12,2,2,1,17
Odisha,Sundargarh,2020,19,4,3,2,28
Odisha,Sundargarh,2021,23,5,4,2,34
Odisha,Sundargarh,2022,28,6,5,3,42
Punjab,Amritsar,2017,13,3,2,1,19
Punjab,Amritsar,2018,14,3,2,1,20
Punjab,Amritsar,2019,22,5,4,2,33
Punjab,Amritsar,2020,38,8,7,4,57
Punjab,Amritsar,2021,53,12,9,6,80
Punjab,Amritsar,2022,66,15,12,8,101
Punjab,Barnala,2017,4,1,0,0,5
Punjab,Barnala,2018,5,1,0,0,6
Punjab,Barnala,2019,9,2,1,1,13
Punjab,Barnala,2020,14,3,2,1,20
Punjab,Barnala,2021,21,5,4,2,32
Punjab,Barnala,2022,25,5,4,3,37
Punjab,Batala,2017,14,3,2,1,20
Punjab,Batala,2018,20,4,3,2,29
Punjab,Batala,2019,26,6,4,3,39
Punjab,Batala,2020,56,12,10,6,84
Punjab,Batala,2021,76,17,14,9,116
Punjab,Batala,2022,78,18,14,9,119
Punjab,Bhatinda,2017,11,2,2,1,16
Punjab,Bhatinda,2018,16,3,3,2,24
Punjab,Bhatinda,2019,25,5,4,3,37
Punjab,Bhatinda,2020,38,8,7,4,57
Punjab,Bhatinda,2021,43,10,8,5,66
Punjab,Bhatinda,2022,62,14,11,7,94
Punjab,Faridkot,2017,1,0,0,0,1
Punjab,Faridkot,2018,1,0,0,0,1
Punjab,Faridkot,2019,3,0,0,0,3
Punjab,Faridkot,2020,3,0,0,0,3
Punjab,Faridkot,2021,5,1,0,0,6
Punjab,Faridkot,2022,9,2,1,1,13
Punjab,Fatehgarh Sahib,2017,6,1,1,0,8
Punjab,Fatehgarh Sahib,2018,7,1,1,0,9
Punjab,Fatehgarh Sahib,2019,12,2,2,1,17
Punjab,Fatehgarh Sahib,2020,20,4,3,2,29
Punjab,Fatehgarh Sahib,2021,25,5,4,3,37
Punjab,Fatehgarh Sahib,2022,33,7,6,4,50
Punjab,Ferozepur,2017,3,0,0,0,3
Punjab,Ferozepur,2018,4,0,0,0,4
Punjab,Ferozepur,2019,4,1,0,0,5
Punjab,Ferozepur,2020,10,2,1,1,14
Punjab,Ferozepur,2021,11,2,2,1,16
Punjab,Ferozepur,2022,16,3,3,2,24
Punjab,G.R.P,2017,1,0,0,0,1
Punjab,G.R.P,2018,3,0,0,0,3
Punjab,G.R.P,2019,5,1,0,0,6
Punjab,G.R.P,2020,7,1,1,0,9
Punjab,G.R.P,2021,10,2,1,1,14
Punjab,G.R.P,2022,12,2,2,1,17
Punjab,Gurdaspur,2017,3,0,0,0,3
Punjab,Gurdaspur,2018,6,1,1,0,8
Punjab,Gurdaspur,2019,7,1,1,0,9
Punjab,Gurdaspur,2020,14,3,2,1,20
Punjab,Gurdaspur,2021,16,3,3,2,24
Punjab,Gurdaspur,2022,28,6,5,3,42
Punjab,Hoshiarpur,2017,3,0,0,0,3
Punjab,Hoshiarpur,2018,5,1,0,0,6
Punjab,Hoshiarpur,2019,7,1,1,0,9
Punjab,Hoshiarpur,2020,11,2,2,1,16
Punjab,Hoshiarpur,2021,15,3,2,1,21
Punjab,Hoshiarpur,2022,21,4,3,2,30
Punjab,Jagraon,2017,4,1,0,0,5
Punjab,Jagraon,2018,8,2,1,1,12
Punjab,Jagraon,2019,12,2,2,1,17
Punjab,Jagraon,2020,15,3,2,1,21
Punjab,Jagraon,2021,22,5,4,2,33
Punjab,Jagraon,2022,39,9,7,4,59
Punjab,Jalandhar,2017,4,0,0,0,4
Punjab,Jalandhar,2018,4,0,0,0,4
Punjab,Jalandhar,2019,6,1,1,0,8
Punjab,Jalandhar,2020,12,2,2,1,17
Punjab,Jalandhar,2021,16,3,3,2,24
Punjab,Jalandhar,2022,21,5,4,2,32
Punjab,Kapurthala,2017,6,1,1,0,8
Punjab,Kapurthala,2018,9,2,1,1,13
Punjab,Kapurthala,2019,16,3,3,2,24
Punjab,Kapurthala,2020,24,5,4,2,35
Punjab,Kapurthala,2021,31,7,5,3,46
Punjab,Kapurthala,2022,51,11,9,6,77
Punjab,Khanna,2017,12,2,2,1,17
Punjab,Khanna,2018,23,5,4,2,34
Punjab,Khanna,2019,25,5,4,3,37
Punjab,Khanna,2020,42,9,7,5,63
Punjab,Khanna,2021,65,15,12,8,100
Punjab,Khanna,2022,79,18,14,9,120
Punjab,Ludhiana,2017,2,0,0,0,2
Punjab,Ludhiana,2018,3,0,0,0,3
Punjab,Ludhiana,2019,4,1,0,0,5
Punjab,Ludhiana,2020,5,1,1,0,7
Punjab,Ludhiana,2021,9,2,1,1,13
Punjab,Ludhiana,2022,11,2,2,1,16
Punjab,Majitha,2017,5,1,1,0,7
Punjab,Majitha,2018,8,1,1,1,11
Punjab,Majitha,2019,12,2,2,1,17
Punjab,Majitha,2020,14,3,2,1,20
Punjab,Majitha,2021,24,5,4,3,36
Punjab,Majitha,2022,32,7,6,4,49
Punjab,Mansa,2017,1,0,0,0,1
Punjab,Mansa,2018,1,0,0,0,1
Punjab,Mansa,2019,3,0,0,0,3
Punjab,Mansa,2020,3,0,0,0,3
Punjab,Mansa,2021,5,1,1,0,7
Punjab,Mansa,2022,9,2,1,1,13
Punjab,Moga,2017,3,0,0,0,3
Punjab,Moga,2018,4,1,0,0,5
Punjab,Moga,2019,6,1,1,0,8
Punjab,Moga,2020,10,2,2,1,15
Punjab,Moga,2021,17,4,3,2,26
Punjab,Moga,2022,18,4,3,2,27
Punjab,Muktsar,2017,7,1,1,0,9
Punjab,Muktsar,2018,9,2,1,1,13
Punjab,Muktsar,2019,15,3,2,1,21
Punjab,Muktsar,2020,19,4,3,2,28
Punjab,Muktsar,2021,35,8,6,4,53
Punjab,Muktsar,2022,41,9,7,5,62
Punjab,Nawan Shahr,2017,6,1,1,0,8
Punjab,Nawan Shahr,2018,10,2,2,1,15
Punjab,Nawan Shahr,2019,12,2,2,1,17
Punjab,Nawan Shahr,2020,18,4,3,2,27
Punjab,Nawan Shahr,2021,30,7,5,3,45
Punjab,Nawan Shahr,2022,44,10,8,5,67
Punjab,Patiala,2017,7,1,1,0,9
Punjab,Patiala,2018,10,2,1,1,14
Punjab,Patiala,2019,17,3,3,2,25
Punjab,Patiala,2020,26,6,4,3,39
Punjab,Patiala,2021,30,7,5,3,45
Punjab,Patiala,2022,53,12,9,6,80
Punjab,Ropar,2017,4,1,0,0,5
Punjab,Ropar,2018,6,1,1,0,8
Punjab,Ropar,2019,9,2,1,1,13
Punjab,Ropar,2020,12,2,2,1,17
Punjab,Ropar,2021,23,5,4,2,34
Punjab,Ropar,2022,34,8,6,4,52
Punjab,Sangrur,2017,10,2,1,1,14
Punjab,Sangrur,2018,15,3,2,1,21
Punjab,Sangrur,2019,19,4,3,2,28
Punjab,Sangrur,2020,35,8,6,4,53
Punjab,Sangrur,2021,41,9,7,5,62
Punjab,Sangrur,2022,51,11,9,6,77
Punjab,Tarn Taran,2017,2,0,0,0,2
Punjab,Tarn Taran,2018,2,0,0,0,2
Punjab,Tarn Taran,2019,5,1,0,0,6
Punjab,Tarn Taran,2020,6,1,1,0,8
Punjab,Tarn Taran,2021,9,2,1,1,13
Punjab,Tarn Taran,2022,12,2,2,1,17
Rajasthan,Ajmer,2017,11,2,2,1,16
Rajasthan,Ajmer,2018,14,3,2,1,20
Rajasthan,Ajmer,2019,23,5,4,2,34
Rajasthan,Ajmer,2020,45,10,8,5,68
Rajasthan,Ajmer,2021,50,11,9,6,76
Rajasthan,Ajmer,2022,63,14,11,7,95
Rajasthan,Alwar,2017,13,3,2,1,19
Rajasthan,Alwar,2018,19,4,3,2,28
Rajasthan,Alwar,2019,33,7,6,4,50
Rajasthan,Alwar,2020,43,10,8,5,66
Rajasthan,Alwar,2021,70,16,13,8,107
Rajasthan,Alwar,2022,79,18,14,9,120
Rajasthan,Banswara,2017,2,0,0,0,2
Rajasthan,Banswara,2018,4,0,0,0,4
Rajasthan,Banswara,2019,7,1,1,0,9
Rajasthan,Banswara,2020,13,3,2,1,19
Rajasthan,Banswara,2021,18,4,3,2,27
Rajasthan,Banswara,2022,22,5,4,2,33
Rajasthan,Baran,2017,16,3,2,1,22
Rajasthan,Baran,2018,17,3,3,2,25
Rajasthan,Baran,2019,32,7,6,4,49
Rajasthan,Baran,2020,37,8,6,4,55
Rajasthan,Baran,2021,53,12,9,6,80
Rajasthan,Baran,2022,86,20,16,10,132
Rajasthan,Barmer,2017,14,3,2,1,20
Rajasthan,Barmer,2018,19,4,3,2,28
Rajasthan,Barmer,2019,26,6,4,3,39
Rajasthan,Barmer,2020,47,10,8,5,70
Rajasthan,Barmer,2021,52,12,9,6,79
Rajasthan,Barmer,2022,70,16,13,8,107
Rajasthan,Bharatpur,2017,10,2,1,1,14
Rajasthan,Bharatpur,2018,11,2,2,1,16
Rajasthan,Bharatpur,2019,16,3,3,2,24
Rajasthan,Bharatpur,2020,36,8,6,4,54
Rajasthan,Bharatpur,2021,42,9,7,5,63
Rajasthan,Bharatpur,2022,50,11,9,6,76
Rajasthan,Bhilwara,2017,3,0,0,0,3
Rajasthan,Bhilwara,2018,5,1,1,0,7
Rajasthan,Bhilwara,2019,6,1,1,0,8
Rajasthan,Bhilwara,2020,10,2,1,1,14
Rajasthan,Bhilwara,2021,17,4,3,2,26
Rajasthan,Bhilwara,2022,22,5,4,2,33
Rajasthan,Bikaner,2017,12,2,2,1,17
Rajasthan,Bikaner,2018,21,5,4,2,32
Rajasthan,Bikaner,2019,26,6,4,3,39
Rajasthan,Bikaner,2020,42,9,7,5,63
Rajasthan,Bikaner,2021,51,11,9,6,77
Rajasthan,Bikaner,2022,75,17,14,9,115
Rajasthan,Bundi,2017,9,2,1,1,13
Rajasthan,Bundi,2018,10,2,1,1,14
Rajasthan,Bundi,2019,18,4,3,2,27
Rajasthan,Bundi,2020,21,5,4,2,32
Rajasthan,Bundi,2021,35,8,6,4,53
Rajasthan,Bundi,2022,42,9,7,5,63
Rajasthan,Chittorgarh,2017,18,4,3,2,27
Rajasthan,Chittorgarh,2018,20,4,3,2,29
Rajasthan,Chittorgarh,2019,38,8,7,4,57
Rajasthan,Chittorgarh,2020,45,10,8,5,68
Rajasthan,Chittorgarh,2021,76,17,14,9,116
Rajasthan,Chittorgarh,2022,104,24,19,12,159
Rajasthan,Churu,2017,6,1,1,0,8
Rajasthan,Churu,2018,6,1,1,0,8
Rajasthan,Churu,2019,10,2,1,1,14
Rajasthan,Churu,2020,20,4,3,2,29
Rajasthan,Churu,2021,25,5,4,3,37
Rajasthan,Churu,2022,32,7,6,4,49
Rajasthan,Dausa,2017,6,1,1,0,8
Rajasthan,Dausa,2018,8,1,1,1,11
Rajasthan,Dausa,2019,14,3,2,1,20
Rajasthan,Dausa,2020,20,4,3,2,29
Rajasthan,Dausa,2021,25,5,4,3,37
Rajasthan,Dausa,2022,37,8,6,4,55
Rajasthan,Dholpur,2017,5,1,0,0,6
Rajasthan,Dholpur,2018,9,2,1,1,13
Rajasthan,Dholpur,2019,12,2,2,1,17
Rajasthan,Dholpur,2020,18,4,3,2,27
Rajasthan,Dholpur,2021,22,5,4,2,33
Rajasthan,Dholpur,2022,36,8,6,4,54
Rajasthan,Dungarpur,2017,4,0,0,0,4
Rajasthan,Dungarpur,2018,7,1,1,0,9
Rajasthan,Dungarpur,2019,8,2,1,1,12
Rajasthan,Dungarpur,2020,18,4,3,2,27
Rajasthan,Dungarpur,2021,24,5,4,3,36
Rajasthan,Dungarpur,2022,31,7,5,3,46
Rajasthan,G.R.P.,2017,4,0,0,0,4
Rajasthan,G.R.P.,2018,5,1,0,0,6
Rajasthan,G.R.P.,2019,7,1,1,0,9
Rajasthan,G.R.P.,2020,15,3,2,1,21
Rajasthan,G.R.P.,2021,18,4,3,2,27
Rajasthan,G.R.P.,2022,27,6,4,3,40
Rajasthan,Ganganagar,2017,15,3,2,1,21
Rajasthan,Ganganagar,2018,21,5,4,2,32
Rajasthan,Ganganagar,2019,30,7,5,3,45
Rajasthan,Ganganagar,2020,53,12,9,6,80
Rajasthan,Ganganagar,2021,56,13,10,6,85
Rajasthan,Ganganagar,2022,95,21,17,11,144
Rajasthan,Hanumangarh,2017,10,2,1,1,14
Rajasthan,Hanumangarh,2018,17,4,3,2,26
Rajasthan,Hanumangarh,2019,18,4,3,2,27
Rajasthan,Hanumangarh,2020,36,8,6,4,54
Rajasthan,Hanumangarh,2021,58,13,10,7,88
Rajasthan,Hanumangarh,2022,71,16,13,8,108
Rajasthan,Jaipur,2017,15,3,2,1,21
Rajasthan,Jaipur,2018,22,5,4,2,33
Rajasthan,Jaipur,2019,32,7,6,4,49
Rajasthan,Jaipur,2020,44,10,8,5,67
Rajasthan,Jaipur,2021,68,15,12,8,103
Rajasthan,Jaipur,2022,103,23,19,12,157
Rajasthan,Jaisalmer,2017,3,0,0,0,3
Rajasthan,Jaisalmer,2018,5,1,1,0,7
Rajasthan,Jaisalmer,2019,7,1,1,0,9
Rajasthan,Jaisalmer,2020,10,2,1,1,14
Rajasthan,Jaisalmer,2021,13,3,2,1,19
Rajasthan,Jaisalmer,2022,19,4,3,2,28
Rajasthan,Jalore,2017,10,2,1,1,14
Rajasthan,Jalore,2018,16,3,2,1,22
Rajasthan,Jalore,2019,28,6,5,3,42
Rajasthan,Jalore,2020,31,7,5,3,46
Rajasthan,Jalore,2021,44,10,8,5,67
Rajasthan,Jalore,2022,58,13,10,7,88
Rajasthan,Jhalawar,2017,2,0,0,0,2
Rajasthan,Jhalawar,2018,3,0,0,0,3
Rajasthan,Jhalawar,2019,4,1,0,0,5
Rajasthan,Jhalawar,2020,5,1,1,0,7
Rajasthan,Jhalawar,2021,9,2,1,1,13
Rajasthan,Jhalawar,2022,11,2,2,1,16
Rajasthan,Jhunjhunu,2017,3,0,0,0,3
Rajasthan,Jhunjhunu,2018,3,0,0,0,3
Rajasthan,Jhunjhunu,2019,5,1,1,0,7
Rajasthan,Jhunjhunu,2020,7,1,1,0,9
Rajasthan,Jhunjhunu,2021,11,2,2,1,16
Rajasthan,Jhunjhunu,2022,19,4,3,2,28
Rajasthan,Jodhpur,2017,7,1,1,0,9
Rajasthan,Jodhpur,2018,11,2,2,1,16
Rajasthan,Jodhpur,2019,18,4,3,2,27
Rajasthan,Jodhpur,2020,30,7,5,3,45
Rajasthan,Jodhpur,2021,33,7,6,4,50
Rajasthan,Jodhpur,2022,63,14,11,7,95
Rajasthan,Karauli,2017,16,3,3,2,24
Rajasthan,Karauli,2018,19,4,3,2,28
Rajasthan,Karauli,2019,25,5,4,3,37
Rajasthan,Karauli,2020,49,11,9,6,75
Rajasthan,Karauli,2021,76,17,14,9,116
Rajasthan,Karauli,2022,98,22,18,12,150
Rajasthan,Kota,2017,19,4,3,2,28
Rajasthan,Kota,2018,28,6,5,3,42
Rajasthan,Kota,2019,33,7,6,4,50
Rajasthan,Kota,2020,55,12,10,6,83
Rajasthan,Kota,2021,67,15,12,8,102
Rajasthan,Kota,2022,115,26,21,14,176
Rajasthan,Nagaur,2017,15,3,2,1,21
Rajasthan,Nagaur,2018,24,5,4,2,35
Rajasthan,Nagaur,2019,35,8,6,4,53
Rajasthan,Nagaur,2020,49,11,9,6,75
Rajasthan,Nagaur,2021,79,18,14,9,120
Rajasthan,Nagaur,2022,105,24,19,12,160
Rajasthan,Pali,2017,12,2,2,1,17
Rajasthan,Pali,2018,17,3,3,2,25
Rajasthan,Pali,2019,23,5,4,2,34
Rajasthan,Pali,2020,45,10,8,5,68
Rajasthan,Pali,2021,64,14,11,7,96
Rajasthan,Pali,2022,95,21,17,11,144
Rajasthan,Rajsamand,2017,6,1,1,0,8
Rajasthan,Rajsamand,2018,7,1,1,0,9
Rajasthan,Rajsamand,2019,13,3,2,1,19
Rajasthan,Rajsamand,2020,21,4,3,2,30
Rajasthan,Rajsamand,2021,24,5,4,3,36
Rajasthan,Rajsamand,2022,41,9,7,5,62
Rajasthan,Sawai Madhopur,2017,14,3,2,1,20
Rajasthan,Sawai Madhopur,2018,25,5,4,3,37
Rajasthan,Sawai Madhopur,2019,28,6,5,3,42
Rajasthan,Sawai Madhopur,2020,57,13,10,7,87
Rajasthan,Sawai Madhopur,2021,86,19,15,10,130
Rajasthan,Sawai Madhopur,2022,110,25,20,13,168
Rajasthan,Sikar,2017,10,2,1,1,14
Rajasthan,Sikar,2018,15,3,2,1,21
Rajasthan,Sikar,2019,16,3,3,2,24
Rajasthan,Sikar,2020,37,8,6,4,55
Rajasthan,Sikar,2021,44,10,8,5,67
Rajasthan,Sikar,2022,48,11,9,6,74
Rajasthan,Sirohi,2017,3,0,0,0,3
Rajasthan,Sirohi,2018,5,1,1,0,7
Rajasthan,Sirohi,2019,10,2,1,1,14
Rajasthan,Sirohi,2020,15,3,2,1,21
Rajasthan,Sirohi,2021,18,4,3,2,27
Rajasthan,Sirohi,2022,25,5,4,3,37
Rajasthan,Tonk,2017,2,0,0,0,2
Rajasthan,Tonk,2018,2,0,0,0,2
Rajasthan,Tonk,2019,3,0,0,0,3
Rajasthan,Tonk,2020,7,1,1,0,9
Rajasthan,Tonk,2021,7,1,1,0,9
Rajasthan,Tonk,2022,13,3,2,1,19
Rajasthan,Udaipur,2017,7,1,1,0,9
Rajasthan,Udaipur,2018,11,2,2,1,16
Rajasthan,Udaipur,2019,19,4,3,2,28
Rajasthan,Udaipur,2020,23,5,4,2,34
Rajasthan,Udaipur,2021,30,7,5,3,45
Rajasthan,Udaipur,2022,42,9,7,5,63
Sikkim,East,2017,11,2,2,1,16
Sikkim,East,2018,13,3,2,1,19
Sikkim,East,2019,25,5,4,3,37
Sikkim,East,2020,36,8,6,4,54
Sikkim,East,2021,55,12,10,6,83
Sikkim,East,2022,84,19,15,10,128
Sikkim,North,2017,20,4,3,2,29
Sikkim,North,2018,28,6,5,3,42
Sikkim,North,2019,42,9,7,5,63
Sikkim,North,2020,55,12,10,6,83
Sikkim,North,2021,73,17,13,9,112
Sikkim,North,2022,122,28,22,15,187
Sikkim,South,2017,13,3,2,1,19
Sikkim,South,2018,22,5,4,2,33
Sikkim,South,2019,33,7,6,4,50
Sikkim,South,2020,46,10,8,5,69
Sikkim,South,2021,57,13,10,7,87
Sikkim,South,2022,84,19,15,10,128
Sikkim,West,2017,6,1,1,0,8
Sikkim,West,2018,9,2,1,1,13
Sikkim,West,2019,16,3,2,1,22
Sikkim,West,2020,21,4,3,2,30
Sikkim,West,2021,34,7,6,4,51
Sikkim,West,2022,36,8,6,4,54
Tamil Nadu,Ariyalur,2017,7,1,1,0,9
Tamil Nadu,Ariyalur,2018,8,2,1,1,12
Tamil Nadu,Ariyalur,2019,15,3,2,1,21
Tamil Nadu,Ariyalur,2020,18,4,3,2,27
Tamil Nadu,Ariyalur,2021,32,7,6,4,49
Tamil Nadu,Ariyalur,2022,34,8,6,4,52
Tamil Nadu,Chengai,2017,4,0,0,0,4
Tamil Nadu,Chengai,2018,4,1,0,0,5
Tamil Nadu,Chengai,2019,8,1,1,1,11
Tamil Nadu,Chengai,2020,13,3,2,1,19
Tamil Nadu,Chengai,2021,16,3,2,1,22
Tamil Nadu,Chengai,2022,28,6,5,3,42
Tamil Nadu,Chennai,2017,30,7,5,3,45
Tamil Nadu,Chennai,2018,40,9,7,5,61
Tamil Nadu,Chennai,2019,54,12,10,6,82
Tamil Nadu,Chennai,2020,101,23,18,12,154
Tamil Nadu,Chennai,2021,122,28,22,15,187
Tamil Nadu,Chennai,2022,203,46,37,25,311
Tamil Nadu,Chennai Rly.,2017,23,5,4,2,34
Tamil Nadu,Chennai Rly.,2018,42,9,7,5,63
Tamil Nadu,Chennai Rly.,2019,47,10,8,5,70
Tamil Nadu,Chennai Rly.,2020,77,17,14,9,117
Tamil Nadu,Chennai Rly.,2021,117,27,21,14,179
Tamil Nadu,Chennai Rly.,2022,174,40,32,21,267
Tamil Nadu,Coimbatore Rural,2017,7,1,1,0,9
Tamil Nadu,Coimbatore Rural,2018,9,2,1,1,13
Tamil Nadu,Coimbatore Rural,2019,13,3,2,1,19
Tamil Nadu,Coimbatore Rural,2020,23,5,4,2,34
Tamil Nadu,Coimbatore Rural,2021,25,5,4,3,37
Tamil Nadu,Coimbatore Rural,2022,35,8,6,4,53
Tamil Nadu,Coimbatore Urban,2017,5,1,0,0,6
Tamil Nadu,Coimbatore Urban,2018,5,1,1,0,7
Tamil Nadu,Coimbatore Urban,2019,9,2,1,1,13
Tamil Nadu,Coimbatore Urban,2020,13,3,2,1,19
Tamil Nadu,Coimbatore Urban,2021,23,5,4,2,34
Tamil Nadu,Coimbatore Urban,2022,35,8,6,4,53
Tamil Nadu,Cuddalore,2017,5,1,1,0,7
Tamil Nadu,Cuddalore,2018,7,1,1,0,9
Tamil Nadu,Cuddalore,2019,11,2,2,1,16
Tamil Nadu,Cuddalore,2020,18,4,3,2,27
Tamil Nadu,Cuddalore,2021,20,4,3,2,29
Tamil Nadu,Cuddalore,2022,39,9,7,4,59
Tamil Nadu,Dharmapuri,2017,3,0,0,0,3
Tamil Nadu,Dharmapuri,2018,4,1,0,0,5
Tamil Nadu,Dharmapuri,2019,9,2,1,1,13
Tamil Nadu,Dharmapuri,2020,12,2,2,1,17
Tamil Nadu,Dharmapuri,2021,20,4,3,2,29
Tamil Nadu,Dharmapuri,2022,25,5,4,3,37
Tamil Nadu,Dindigul,2017,3,0,0,0,3
Tamil Nadu,Dindigul,2018,5,1,0,0,6
Tamil Nadu,Dindigul,2019,8,1,1,0,10
Tamil Nadu,Dindigul,2020,11,2,2,1,16
Tamil Nadu,Dindigul,2021,15,3,2,1,21
Tamil Nadu,Dindigul,2022,18,4,3,2,27
Tamil Nadu,Erode,2017,11,2,2,1,16
Tamil Nadu,Erode,2018,22,5,4,2,33
Tamil Nadu,Erode,2019,26,6,4,3,39
Tamil Nadu,Erode,2020,53,12,9,6,80
Tamil Nadu,Erode,2021,55,12,10,6,83
Tamil Nadu,Erode,2022,86,20,16,10,132
Tamil Nadu,Kanchipuram,2017,7,1,1,0,9
Tamil Nadu,Kanchipuram,2018,10,2,2,1,15
Tamil Nadu,Kanchipuram,2019,19,4,3,2,28
Tamil Nadu,Kanchipuram,2020,32,7,5,3,47
Tamil Nadu,Kanchipuram,2021,39,9,7,4,59
Tamil Nadu,Kanchipuram,2022,48,11,9,6,74
Tamil Nadu,Kanyakumari,2017,2,0,0,0,2
Tamil Nadu,Kanyakumari,2018,3,0,0,0,3
Tamil Nadu,Kanyakumari,2019,3,0,0,0,3
Tamil Nadu,Kanyakumari,2020,5,1,1,0,7
Tamil Nadu,Kanyakumari,2021,7,1,1,0,9
Tamil Nadu,Kanyakumari,2022,12,2,2,1,17
Tamil Nadu,Karur,2017,2,0,0,0,2
Tamil Nadu,Karur,2018,3,0,0,0,3
Tamil Nadu,Karur,2019,4,1,0,0,5
Tamil Nadu,Karur,2020,6,1,1,0,8
Tamil Nadu,Karur,2021,9,2,1,1,13
Tamil Nadu,Karur,2022,11,2,2,1,16
Tamil Nadu,Madurai Rural,2017,17,4,3,2,26
Tamil Nadu,Madurai Rural,2018,26,6,4,3,39
Tamil Nadu,Madurai Rural,2019,38,8,7,4,57
Tamil Nadu,Madurai Rural,2020,44,10,8,5,67
Tamil Nadu,Madurai Rural,2021,58,13,10,7,88
Tamil Nadu,Madurai Rural,2022,114,26,21,14,175
Tamil Nadu,Madurai Urban,2017,9,2,1,1,13
Tamil Nadu,Madurai Urban,2018,13,3,2,1,19
Tamil Nadu,Madurai Urban,2019,23,5,4,2,34
Tamil Nadu,Madurai Urban,2020,31,7,5,3,46
Tamil Nadu,Madurai Urban,2021,51,11,9,6,77
Tamil Nadu,Madurai Urban,2022,56,13,10,6,85
Tamil Nadu,Nagapattinam,2017,6,1,1,0,8
Tamil Nadu,Nagapattinam,2018,10,2,1,1,14
Tamil Nadu,Nagapattinam,2019,12,2,2,1,17
Tamil Nadu,Nagapattinam,2020,23,5,4,2,34
Tamil Nadu,Nagapattinam,2021,24,5,4,2,35
Tamil Nadu,Nagapattinam,2022,40,9,7,4,60
Tamil Nadu,Namakkal,2017,7,1,1,0,9
Tamil Nadu,Namakkal,2018,10,2,1,1,14
Tamil Nadu,Namakkal,2019,10,2,2,1,15
Tamil Nadu,Namakkal,2020,16,3,3,2,24
Tamil Nadu,Namakkal,2021,26,6,4,3,39
Tamil Nadu,Namakkal,2022,36,8,6,4,54
Tamil Nadu,Nilgiris,2017,12,2,2,1,17
Tamil Nadu,Nilgiris,2018,20,4,3,2,29
Tamil Nadu,Nilgiris,2019,30,6,5,3,44
Tamil Nadu,Nilgiris,2020,49,11,9,6,75
Tamil Nadu,Nilgiris,2021,55,12,10,6,83
Tamil Nadu,Nilgiris,2022,88,20,16,10,134
Tamil Nadu,Perambalur,2017,17,4,3,2,26
Tamil Nadu,Perambalur,2018,26,6,4,3,39
Tamil Nadu,Perambalur,2019,29,6,5,3,43
Tamil Nadu,Perambalur,2020,55,12,10,6,83
Tamil Nadu,Perambalur,2021,90,20,16,11,137
Tamil Nadu,Perambalur,2022,91,21,16,11,139
Tamil Nadu,Pudukottai,2017,12,2,2,1,17
Tamil Nadu,Pudukottai,2018,14,3,2,1,20
Tamil Nadu,Pudukottai,2019,20,4,3,2,29
Tamil Nadu,Pudukottai,2020,37,8,7,4,56
Tamil Nadu,Pudukottai,2021,43,9,7,5,64
Tamil Nadu,Pudukottai,2022,73,17,13,9,112
Tamil Nadu,Ramnathapuram,2017,2,0,0,0,2
Tamil Nadu,Ramnathapuram,2018,3,0,0,0,3
Tamil Nadu,Ramnathapuram,2019,6,1,1,0,8
Tamil Nadu,Ramnathapuram,2020,8,1,1,1,11
Tamil Nadu,Ramnathapuram,2021,12,2,2,1,17
Tamil Nadu,Ramnathapuram,2022,18,4,3,2,27
Tamil Nadu,Salem Rural,2017,5,1,1,0,7
Tamil Nadu,Salem Rural,2018,8,1,1,1,11
Tamil Nadu,Salem Rural,2019,10,2,1,1,14
Tamil Nadu,Salem Rural,2020,18,4,3,2,27
Tamil Nadu,Salem Rural,2021,20,4,3,2,29
Tamil Nadu,Salem Rural,2022,38,8,7,4,57
Tamil Nadu,Salem Urban,2017,8,1,1,1,11
Tamil Nadu,Salem Urban,2018,14,3,2,1,20
Tamil Nadu,Salem Urban,2019,17,4,3,2,26
Tamil Nadu,Salem Urban,2020,28,6,5,3,42
Tamil Nadu,Salem Urban,2021,45,10,8,5,68
Tamil Nadu,Salem Urban,2022,69,16,12,8,105
Tamil Nadu,Sivagangai,2017,15,3,2,1,21
Tamil Nadu,Sivagangai,2018,27,6,5,3,41
Tamil Nadu,Sivagangai,2019,29,6,5,3,43
Tamil Nadu,Sivagangai,2020,48,11,8,5,72
Tamil Nadu,Sivagangai,2021,85,19,15,10,129
Tamil Nadu,Sivagangai,2022,91,21,16,11,139
Tamil Nadu,Thanjavur,2017,3,0,0,0,3
Tamil Nadu,Thanjavur,2018,6,1,1,0,8
Tamil Nadu,Thanjavur,2019,7,1,1,0,9
Tamil Nadu,Thanjavur,2020,14,3,2,1,20
Tamil Nadu,Thanjavur,2021,15,3,2,1,21
Tamil Nadu,Thanjavur,2022,21,5,4,2,32
Tamil Nadu,Theni,2017,15,3,2,1,21
Tamil Nadu,Theni,2018,23,5,4,2,34
Tamil Nadu,Theni,2019,25,5,4,3,37
Tamil Nadu,Theni,2020,51,11,9,6,77
Tamil Nadu,Theni,2021,68,15,12,8,103
Tamil Nadu,Theni,2022,81,18,15,10,124
Tamil Nadu,Thirunelveli Rural,2017,9,2,1,1,13
Tamil Nadu,Thirunelveli Rural,2018,17,3,3,2,25
Tamil Nadu,Thirunelveli Rural,2019,24,5,4,3,36
Tamil Nadu,Thirunelveli Rural,2020,38,8,7,4,57
Tamil Nadu,Thirunelveli Rural,2021,47,10,8,5,70
Tamil Nadu,Thirunelveli Rural,2022,75,17,13,9,114
Tamil Nadu,Thirunelveli Urban,2017,1,0,0,0,1
Tamil Nadu,Thirunelveli Urban,2018,1,0,0,0,1
Tamil Nadu,Thirunelveli Urban,2019,2,0,0,0,2
Tamil Nadu,Thirunelveli Urban,2020,4,1,0,0,5
Tamil Nadu,Thirunelveli Urban,2021,6,1,1,0,8
Tamil Nadu,Thirunelveli Urban,2022,7,1,1,0,9
Tamil Nadu,Thiruvallur,2017,16,3,3,2,24
Tamil Nadu,Thiruvallur,2018,29,6,5,3,43
Tamil Nadu,Thiruvallur,2019,38,8,7,4,57
Tamil Nadu,Thiruvallur,2020,56,13,10,6,85
Tamil Nadu,Thiruvallur,2021,65,15,12,8,100
Tamil Nadu,Thiruvallur,2022,110,25,20,13,168
Tamil Nadu,Thiruvannamalai,2017,16,3,2,1,22
Tamil Nadu,Thiruvannamalai,2018,20,4,3,2,29
Tamil Nadu,Thiruvannamalai,2019,31,7,5,3,46
Tamil Nadu,Thiruvannamalai,2020,41,9,7,5,62
Tamil Nadu,Thiruvannamalai,2021,65,15,12,8,100
Tamil Nadu,Thiruvannamalai,2022,90,20,16,11,137
Tamil Nadu,Thiruvarur,2017,12,2,2,1,17
Tamil Nadu,Thiruvarur,2018,13,3,2,1,19
Tamil Nadu,Thiruvarur,2019,22,5,4,2,33
Tamil Nadu,Thiruvarur,2020,34,7,6,4,51
Tamil Nadu,Thiruvarur,2021,54,12,10,6,82
Tamil Nadu,Thiruvarur,2022,65,15,12,8,100
Tamil Nadu,Thoothugudi,2017,1,0,0,0,1
Tamil Nadu,Thoothugudi,2018,1,0,0,0,1
Tamil Nadu,Thoothugudi,2019,2,0,0,0,2
Tamil Nadu,Thoothugudi,2020,4,0,0,0,4
Tamil Nadu,Thoothugudi,2021,6,1,1,0,8
Tamil Nadu,Thoothugudi,2022,9,2,1,1,13
Tamil Nadu,Trichy Rly.,2017,17,4,3,2,26
Tamil Nadu,Trichy Rly.,2018,18,4,3,2,27
Tamil Nadu,Trichy Rly.,2019,30,7,5,3,45
Tamil Nadu,Trichy Rly.,2020,47,11,8,5,71
Tamil Nadu,Trichy Rly.,2021,60,13,11,7,91
Tamil Nadu,Trichy Rly.,2022,97,22,17,11,147
Tamil Nadu,Trichy Rural,2017,16,3,3,2,24
Tamil Nadu,Trichy Rural,2018,23,5,4,2,34
Tamil Nadu,Trichy Rural,2019,30,7,5,3,45
Tamil Nadu,Trichy Rural,2020,46,10,8,5,69
Tamil Nadu,Trichy Rural,2021,61,14,11,7,93
Tamil Nadu,Trichy Rural,2022,101,23,18,12,154
Tamil Nadu,Trichy Urban,2017,2,0,0,0,2
Tamil Nadu,Trichy Urban,2018,2,0,0,0,2
Tamil Nadu,Trichy Urban,2019,3,0,0,0,3
Tamil Nadu,Trichy Urban,2020,5,1,1,0,7
Tamil Nadu,Trichy Urban,2021,9,2,1,1,13
Tamil Nadu,Trichy Urban,2022,10,2,1,1,14
Tamil Nadu,Vellore,2017,3,0,0,0,3
Tamil Nadu,Vellore,2018,8,1,1,0,10
Tamil Nadu,Vellore,2019,11,2,2,1,16
Tamil Nadu,Vellore,2020,15,3,2,1,21
Tamil Nadu,Vellore,2021,18,4,3,2,27
Tamil Nadu,Vellore,2022,26,6,4,3,39
Tamil Nadu,Villupuram,2017,18,4,3,2,27
Tamil Nadu,Villupuram,2018,21,4,3,2,30
Tamil Nadu,Villupuram,2019,38,8,7,4,57
Tamil Nadu,Villupuram,2020,51,11,9,6,77
Tamil Nadu,Villupuram,2021,69,15,12,8,104
Tamil Nadu,Villupuram,2022,97,22,17,11,147
Tamil Nadu,Virudhunagar,2017,7,1,1,0,9
Tamil Nadu,Virudhunagar,2018,11,2,2,1,16
Tamil Nadu,Virudhunagar,2019,18,4,3,2,27
Tamil Nadu,Virudhunagar,2020,25,5,4,3,37
Tamil Nadu,Virudhunagar,2021,42,9,7,5,63
Tamil Nadu,Virudhunagar,2022,45,10,8,5,68
Tripura,Dhalai,2017,4,1,0,0,5
Tripura,Dhalai,2018,7,1,1,0,9
Tripura,Dhalai,2019,13,3,2,1,19
Tripura,Dhalai,2020,16,3,3,2,24
Tripura,Dhalai,2021,24,5,4,3,36
Tripura,Dhalai,2022,36,8,6,4,54
Tripura,North,2017,12,2,2,1,17
Tripura,North,2018,20,4,3,2,29
Tripura,North,2019,27,6,4,3,40
Tripura,North,2020,42,9,7,5,63
Tripura,North,2021,69,16,12,8,105
Tripura,North,2022,80,18,14,9,121
Tripura,South,2017,6,1,1,0,8
Tripura,South,2018,10,2,1,1,14
Tripura,South,2019,16,3,3,2,24
Tripura,South,2020,21,4,3,2,30
Tripura,South,2021,35,8,6,4,53
Tripura,South,2022,48,11,8,5,72
Tripura,West,2017,8,1,1,1,11
Tripura,West,2018,11,2,2,1,16
Tripura,West,2019,15,3,2,1,21
Tripura,West,2020,22,5,4,2,33
Tripura,West,2021,39,9,7,4,59
Tripura,West,2022,42,9,7,5,63
Uttar Pradesh,Agra,2017,12,2,2,1,17
Uttar Pradesh,Agra,2018,15,3,2,1,21
Uttar Pradesh,Agra,2019,27,6,5,3,41
Uttar Pradesh,Agra,2020,33,7,6,4,50
Uttar Pradesh,Agra,2021,57,13,10,7,87
Uttar Pradesh,Agra,2022,68,15,12,8,103
Uttar Pradesh,Aligarh,2017,8,1,1,1,11
Uttar Pradesh,Aligarh,2018,9,2,1,1,13
Uttar Pradesh,Aligarh,2019,18,4,3,2,27
Uttar Pradesh,Aligarh,2020,25,5,4,3,37
Uttar Pradesh,Aligarh,2021,36,8,6,4,54
Uttar Pradesh,Aligarh,2022,58,13,10,7,88
Uttar Pradesh,Allahabad,2017,18,4,3,2,27
Uttar Pradesh,Allahabad,2018,23,5,4,2,34
Uttar Pradesh,Allahabad,2019,34,7,6,4,51
Uttar Pradesh,Allahabad,2020,45,10,8,5,68
Uttar Pradesh,Allahabad,2021,63,14,11,7,95
Uttar Pradesh,Allahabad,2022,99,22,18,12,151
Uttar Pradesh,Ambedkar Nagar,2017,15,3,2,1,21
Uttar Pradesh,Ambedkar Nagar,2018,17,4,3,2,26
Uttar Pradesh,Ambedkar Nagar,2019,23,5,4,2,34
Uttar Pradesh,Ambedkar Nagar,2020,37,8,6,4,55
Uttar Pradesh,Ambedkar Nagar,2021,68,15,12,8,103
Uttar Pradesh,Ambedkar Nagar,2022,83,19,15,10,127
Uttar Pradesh,Auraiya,2017,9,2,1,1,13
Uttar Pradesh,Auraiya,2018,12,2,2,1,17
Uttar Pradesh,Auraiya,2019,18,4,3,2,27
Uttar Pradesh,Auraiya,2020,27,6,5,3,41
Uttar Pradesh,Auraiya,2021,34,7,6,4,51
Uttar Pradesh,Auraiya,2022,45,10,8,5,68
Uttar Pradesh,Azamgarh,2017,15,3,2,1,21
Uttar Pradesh,Azamgarh,2018,18,4,3,2,27
Uttar Pradesh,Azamgarh,2019,29,6,5,3,43
Uttar Pradesh,Azamgarh,2020,43,10,8,5,66
Uttar Pradesh,Azamgarh,2021,72,16,13,8,109
Uttar Pradesh,Azamgarh,2022,114,26,21,14,175
Uttar Pradesh,Badaun,2017,12,2,2,1,17
Uttar Pradesh,Badaun,2018,23,5,4,2,34
Uttar Pradesh,Badaun,2019,35,8,6,4,53
Uttar Pradesh,Badaun,2020,57,13,10,7,87
Uttar Pradesh,Badaun,2021,59,13,11,7,90
Uttar Pradesh,Badaun,2022,92,21,17,11,141
Uttar Pradesh,Baghpat,2017,10,2,2,1,15
Uttar Pradesh,Baghpat,2018,11,2,2,1,16
Uttar Pradesh,Baghpat,2019,19,4,3,2,28
Uttar Pradesh,Baghpat,2020,28,6,5,3,42
Uttar Pradesh,Baghpat,2021,44,10,8,5,67
Uttar Pradesh,Baghpat,2022,58,13,10,7,88
Uttar Pradesh,Bahraich,2017,15,3,2,1,21
Uttar Pradesh,Bahraich,2018,22,5,4,2,33
Uttar Pradesh,Bahraich,2019,37,8,7,4,56
Uttar Pradesh,Bahraich,2020,56,12,10,6,84
Uttar Pradesh,Bahraich,2021,82,19,15,10,126
Uttar Pradesh,Bahraich,2022,103,23,19,12,157
Uttar Pradesh,Ballia,2017,3,0,0,0,3
Uttar Pradesh,Ballia,2018,4,1,0,0,5
Uttar Pradesh,Ballia,2019,8,1,1,1,11
Uttar Pradesh,Ballia,2020,9,2,1,1,13
Uttar Pradesh,Ballia,2021,17,4,3,2,26
Uttar Pradesh,Ballia,2022,21,4,3,2,30
Uttar Pradesh,Balrampur,2017,4,1,0,0,5
Uttar Pradesh,Balrampur,2018,6,1,1,0,8
Uttar Pradesh,Balrampur,2019,10,2,1,1,14
Uttar Pradesh,Balrampur,2020,15,3,2,1,21
Uttar Pradesh,Balrampur,2021,21,4,3,2,30
Uttar Pradesh,Balrampur,2022,31,7,5,3,46
Uttar Pradesh,Banda,2017,5,1,1,0,7
Uttar Pradesh,Banda,2018,9,2,1,1,13
Uttar Pradesh,Banda,2019,11,2,2,1,16
Uttar Pradesh,Banda,2020,20,4,3,2,29
Uttar Pradesh,Banda,2021,25,5,4,3,37
Uttar Pradesh,Banda,2022,40,9,7,5,61
Uttar Pradesh,Barabanki,2017,1,0,0,0,1
Uttar Pradesh,Barabanki,2018,2,0,0,0,2
Uttar Pradesh,Barabanki,2019,4,0,0,0,4
Uttar Pradesh,Barabanki,2020,6,1,1,0,8
Uttar Pradesh,Barabanki,2021,10,2,2,1,15
Uttar Pradesh,Barabanki,2022,11,2,2,1,16
Uttar Pradesh,Bareilly,2017,3,0,0,0,3
Uttar Pradesh,Bareilly,2018,5,1,1,0,7
Uttar Pradesh,Bareilly,2019,7,1,1,0,9
Uttar Pradesh,Bareilly,2020,13,3,2,1,19
Uttar Pradesh,Bareilly,2021,21,5,4,2,32
Uttar Pradesh,Bareilly,2022,24,5,4,2,35
Uttar Pradesh,Basti,2017,19,4,3,2,28
Uttar Pradesh,Basti,2018,29,6,5,3,43
Uttar Pradesh,Basti,2019,35,8,6,4,53
Uttar Pradesh,Basti,2020,67,15,12,8,102
Uttar Pradesh,Basti,2021,81,18,14,9,122
Uttar Pradesh,Basti,2022,109,25,20,13,167
Uttar Pradesh,Bijnor,2017,11,2,2,1,16
Uttar Pradesh,Bijnor,2018,12,2,2,1,17
Uttar Pradesh,Bijnor,2019,24,5,4,3,36
Uttar Pradesh,Bijnor,2020,31,7,5,3,46
Uttar Pradesh,Bijnor,2021,39,9,7,4,59
Uttar Pradesh,Bijnor,2022,58,13,10,7,88
Uttar Pradesh,Bulandshahar,2017,8,1,1,0,10
Uttar Pradesh,Bulandshahar,2018,12,2,2,1,17
Uttar Pradesh,Bulandshahar,2019,18,4,3,2,27
Uttar Pradesh,Bulandshahar,2020,20,4,3,2,29
Uttar Pradesh,Bulandshahar,2021,37,8,6,4,55
Uttar Pradesh,Bulandshahar,2022,52,12,9,6,79
Uttar Pradesh,Chandoli,2017,12,2,2,1,17
Uttar Pradesh,Chandoli,2018,15,3,2,1,21
Uttar Pradesh,Chandoli,2019,24,5,4,3,36
Uttar Pradesh,Chandoli,2020,41,9,7,5,62
Uttar Pradesh,Chandoli,2021,43,10,8,5,66
Uttar Pradesh,Chandoli,2022,56,13,10,6,85
Uttar Pradesh,Chitrakoot Dham,2017,13,3,2,1,19
Uttar Pradesh,Chitrakoot Dham,2018,17,3,3,2,25
Uttar Pradesh,Chitrakoot Dham,2019,24,5,4,3,36
Uttar Pradesh,Chitrakoot Dham,2020,50,11,9,6,76
Uttar Pradesh,Chitrakoot Dham,2021,68,15,12,8,103
Uttar Pradesh,Chitrakoot Dham,2022,87,20,16,10,133
Uttar Pradesh,Deoria,2017,7,1,1,0,9
Uttar Pradesh,Deoria,2018,8,1,1,1,11
Uttar Pradesh,Deoria,2019,14,3,2,1,20
Uttar Pradesh,Deoria,2020,18,4,3,2,27
Uttar Pradesh,Deoria,2021,35,8,6,4,53
Uttar Pradesh,Deoria,2022,45,10,8,5,68
Uttar Pradesh,Etah,2017,14,3,2,1,20
Uttar Pradesh,Etah,2018,17,4,3,2,26
Uttar Pradesh,Etah,2019,34,8,6,4,52
Uttar Pradesh,Etah,2020,53,12,9,6,80
Uttar Pradesh,Etah,2021,62,14,11,7,94
Uttar Pradesh,Etah,2022,99,22,18,12,151
Uttar Pradesh,Etawah,2017,4,1,0,0,5
Uttar Pradesh,Etawah,2018,6,1,1,0,8
Uttar Pradesh,Etawah,2019,11,2,2,1,16
Uttar Pradesh,Etawah,2020,13,3,2,1,19
Uttar Pradesh,Etawah,2021,21,5,4,2,32
Uttar Pradesh,Etawah,2022,28,6,5,3,42
Uttar Pradesh,Faizabad,2017,13,3,2,1,19
Uttar Pradesh,Faizabad,2018,28,6,5,3,42
Uttar Pradesh,Faizabad,2019,31,7,5,3,46
Uttar Pradesh,Faizabad,2020,47,10,8,5,70
Uttar Pradesh,Faizabad,2021,81,18,14,9,122
Uttar Pradesh,Faizabad,2022,98,22,18,12,150
Uttar Pradesh,Fatehgarh,2017,11,2,2,1,16
Uttar Pradesh,Fatehgarh,2018,16,3,3,2,24
Uttar Pradesh,Fatehgarh,2019,25,5,4,3,37
Uttar Pradesh,Fatehgarh,2020,35,8,6,4,53
Uttar Pradesh,Fatehgarh,2021,61,14,11,7,93
Uttar Pradesh,Fatehgarh,2022,84,19,15,10,128
Uttar Pradesh,Fatehpur,2017,8,1,1,1,11
Uttar Pradesh,Fatehpur,2018,10,2,1,1,14
Uttar Pradesh,Fatehpur,2019,15,3,2,1,21
Uttar Pradesh,Fatehpur,2020,34,7,6,4,51
Uttar Pradesh,Fatehpur,2021,44,10,8,5,67
Uttar Pradesh,Fatehpur,2022,54,12,10,6,82
Uttar Pradesh,Firozabad,2017,10,2,1,1,14
Uttar Pradesh,Firozabad,2018,11,2,2,1,16
Uttar Pradesh,Firozabad,2019,19,4,3,2,28
Uttar Pradesh,Firozabad,2020,29,6,5,3,43
Uttar Pradesh,Firozabad,2021,43,10,8,5,66
Uttar Pradesh,Firozabad,2022,63,14,11,7,95
Uttar Pradesh,G.R.P.,2017,16,3,3,2,24
Uttar Pradesh,G.R.P.,2018,25,5,4,3,37
Uttar Pradesh,G.R.P.,2019,35,8,6,4,53
Uttar Pradesh,G.R.P.,2020,44,10,8,5,67
Uttar Pradesh,G.R.P.,2021,64,14,11,7,96
Uttar Pradesh,G.R.P.,2022,83,19,15,10,127
Uttar Pradesh,Gautambudh Nagar,2017,14,3,2,1,20
Uttar Pradesh,Gautambudh Nagar,2018,20,4,3,2,29
Uttar Pradesh,Gautambudh Nagar,2019,26,6,4,3,39
Uttar Pradesh,Gautambudh Nagar,2020,47,10,8,5,70
Uttar Pradesh,Gautambudh Nagar,2021,53,12,9,6,80
Uttar Pradesh,Gautambudh Nagar,2022,70,16,12,8,106
Uttar Pradesh,Ghaziabad,2017,5,1,1,0,7
Uttar Pradesh,Ghaziabad,2018,10,2,1,1,14
Uttar Pradesh,Ghaziabad,2019,12,2,2,1,17
Uttar Pradesh,Ghaziabad,2020,16,3,3,2,24
Uttar Pradesh,Ghaziabad,2021,24,5,4,2,35
Uttar Pradesh,Ghaziabad,2022,41,9,7,5,62
Uttar Pradesh,Ghazipur,2017,14,3,2,1,20
Uttar Pradesh,Ghazipur,2018,21,4,3,2,30
Uttar Pradesh,Ghazipur,2019,27,6,5,3,41
Uttar Pradesh,Ghazipur,2020,46,10,8,5,69
Uttar Pradesh,Ghazipur,2021,65,15,12,8,100
Uttar Pradesh,Ghazipur,2022,94,21,17,11,143
Uttar Pradesh,Gonda,2017,14,3,2,1,20
Uttar Pradesh,Gonda,2018,21,4,3,2,30
Uttar Pradesh,Gonda,2019,29,6,5,3,43
Uttar Pradesh,Gonda,2020,40,9,7,4,60
Uttar Pradesh,Gonda,2021,59,13,11,7,90
Uttar Pradesh,Gonda,2022,77,17,14,9,117
Uttar Pradesh,Gorakhpur,2017,10,2,1,1,14
Uttar Pradesh,Gorakhpur,2018,13,3,2,1,19
Uttar Pradesh,Gorakhpur,2019,20,4,3,2,29
Uttar Pradesh,Gorakhpur,2020,34,7,6,4,51
Uttar Pradesh,Gorakhpur,2021,35,8,6,4,53
Uttar Pradesh,Gorakhpur,2022,61,14,11,7,93
Uttar Pradesh,Hamirpur,2017,19,4,3,2,28
Uttar Pradesh,Hamirpur,2018,27,6,5,3,41
Uttar Pradesh,Hamirpur,2019,33,7,6,4,50
Uttar Pradesh,Hamirpur,2020,46,10,8,5,69
Uttar Pradesh,Hamirpur,2021,69,15,12,8,104
Uttar Pradesh,Hamirpur,2022,110,25,20,13,168
Uttar Pradesh,Hardoi,2017,11,2,2,1,16
Uttar Pradesh,Hardoi,2018,18,4,3,2,27
Uttar Pradesh,Hardoi,2019,30,6,5,3,44
Uttar Pradesh,Hardoi,2020,50,11,9,6,76
Uttar Pradesh,Hardoi,2021,64,14,11,7,96
Uttar Pradesh,Hardoi,2022,72,16,13,8,109
Uttar Pradesh,Hathras,2017,7,1,1,0,9
Uttar Pradesh,Hathras,2018,13,3,2,1,19
Uttar Pradesh,Hathras,2019,14,3,2,1,20
Uttar Pradesh,Hathras,2020,23,5,4,2,34
Uttar Pradesh,Hathras,2021,36,8,6,4,54
Uttar Pradesh,Hathras,2022,54,12,10,6,82
Uttar Pradesh,J.P.Nagar,2017,9,2,1,1,13
Uttar Pradesh,J.P.Nagar,2018,13,3,2,1,19
Uttar Pradesh,J.P.Nagar,2019,17,3,3,2,25
Uttar Pradesh,J.P.Nagar,2020,31,7,5,3,46
Uttar Pradesh,J.P.Nagar,2021,35,8,6,4,53
Uttar Pradesh,J.P.Nagar,2022,54,12,10,6,82
Uttar Pradesh,Jalaun,2017,1,0,0,0,1
Uttar Pradesh,Jalaun,2018,1,0,0,0,1
Uttar Pradesh,Jalaun,2019,2,0,0,0,2
Uttar Pradesh,Jalaun,2020,3,0,0,0,3
Uttar Pradesh,Jalaun,2021,5,1,0,0,6
Uttar Pradesh,Jalaun,2022,7,1,1,0,9
Uttar Pradesh,Jaunpur,2017,13,3,2,1,19
Uttar Pradesh,Jaunpur,2018,24,5,4,3,36
Uttar Pradesh,Jaunpur,2019,33,7,6,4,50
Uttar Pradesh,Jaunpur,2020,43,9,7,5,64
Uttar Pradesh,Jaunpur,2021,73,16,13,9,111
Uttar Pradesh,Jaunpur,2022,85,19,15,10,129
Uttar Pradesh,Jhansi,2017,15,3,2,1,21
Uttar Pradesh,Jhansi,2018,18,4,3,2,27
Uttar Pradesh,Jhansi,2019,30,7,5,3,45
Uttar Pradesh,Jhansi,2020,41,9,7,5,62
Uttar Pradesh,Jhansi,2021,70,16,12,8,106
Uttar Pradesh,Jhansi,2022,85,19,15,10,129
Uttar Pradesh,Kannauj,2017,8,1,1,1,11
Uttar Pradesh,Kannauj,2018,10,2,1,1,14
Uttar Pradesh,Kannauj,2019,18,4,3,2,27
Uttar Pradesh,Kannauj,2020,28,6,5,3,42
Uttar Pradesh,Kannauj,2021,37,8,6,4,55
Uttar Pradesh,Kannauj,2022,43,10,8,5,66
Uttar Pradesh,Kanpur Dehat,2017,14,3,2,1,20
Uttar Pradesh,Kanpur Dehat,2018,15,3,2,1,21
Uttar Pradesh,Kanpur Dehat,2019,29,6,5,3,43
Uttar Pradesh,Kanpur Dehat,2020,37,8,7,4,56
Uttar Pradesh,Kanpur Dehat,2021,53,12,9,6,80
Uttar Pradesh,Kanpur Dehat,2022,65,15,12,8,100
Uttar Pradesh,Kanpur Nagar,2017,10,2,1,1,14
Uttar Pradesh,Kanpur Nagar,2018,13,3,2,1,19
Uttar Pradesh,Kanpur Nagar,2019,20,4,3,2,29
Uttar Pradesh,Kanpur Nagar,2020,32,7,5,3,47
Uttar Pradesh,Kanpur Nagar,2021,51,11,9,6,77
Uttar Pradesh,Kanpur Nagar,2022,63,14,11,7,95
Uttar Pradesh,Kaushambi,2017,1,0,0,0,1
Uttar Pradesh,Kaushambi,2018,2,0,0,0,2
Uttar Pradesh,Kaushambi,2019,2,0,0,0,2
Uttar Pradesh,Kaushambi,2020,3,0,0,0,3
Uttar Pradesh,Kaushambi,2021,5,1,0,0,6
Uttar Pradesh,Kaushambi,2022,9,2,1,1,13
Uttar Pradesh,Khiri,2017,6,1,1,0,8
Uttar Pradesh,Khiri,2018,9,2,1,1,13
Uttar Pradesh,Khiri,2019,16,3,3,2,24
Uttar Pradesh,Khiri,2020,20,4,3,2,29
Uttar Pradesh,Khiri,2021,34,8,6,4,52
Uttar Pradesh,Khiri,2022,37,8,7,4,56
Uttar Pradesh,Kushi Nagar,2017,4,1,0,0,5
Uttar Pradesh,Kushi Nagar,2018,5,1,1,0,7
Uttar Pradesh,Kushi Nagar,2019,8,1,1,1,11
Uttar Pradesh,Kushi Nagar,2020,14,3,2,1,20
Uttar Pradesh,Kushi Nagar,2021,20,4,3,2,29
Uttar Pradesh,Kushi Nagar,2022,22,5,4,2,33
Uttar Pradesh,Lalitpur,2017,14,3,2,1,20
Uttar Pradesh,Lalitpur,2018,17,4,3,2,26
Uttar Pradesh,Lalitpur,2019,26,6,4,3,39
Uttar Pradesh,Lalitpur,2020,47,10,8,5,70
Uttar Pradesh,Lalitpur,2021,45,10,8,5,68
Uttar Pradesh,Lalitpur,2022,71,16,13,8,108
Uttar Pradesh,Lucknow,2017,13,3,2,1,19
Uttar Pradesh,Lucknow,2018,23,5,4,2,34
Uttar Pradesh,Lucknow,2019,27,6,5,3,41
Uttar Pradesh,Lucknow,2020,40,9,7,5,61
Uttar Pradesh,Lucknow,2021,71,16,13,8,108
Uttar Pradesh,Lucknow,2022,90,20,16,11,137
Uttar Pradesh,Maharajganj,2017,8,1,1,1,11
Uttar Pradesh,Maharajganj,2018,13,3,2,1,19
Uttar Pradesh,Maharajganj,2019,15,3,2,1,21
Uttar Pradesh,Maharajganj,2020,22,5,4,2,33
Uttar Pradesh,Maharajganj,2021,43,10,8,5,66
Uttar Pradesh,Maharajganj,2022,54,12,10,6,82
Uttar Pradesh,Mahoba,2017,13,3,2,1,19
Uttar Pradesh,Mahoba,2018,21,4,3,2,30
Uttar Pradesh,Mahoba,2019,22,5,4,2,33
Uttar Pradesh,Mahoba,2020,46,10,8,5,69
Uttar Pradesh,Mahoba,2021,53,12,9,6,80
Uttar Pradesh,Mahoba,2022,94,21,17,11,143
Uttar Pradesh,Mainpuri,2017,2,0,0,0,2
Uttar Pradesh,Mainpuri,2018,3,0,0,0,3
Uttar Pradesh,Mainpuri,2019,3,0,0,0,3
Uttar Pradesh,Mainpuri,2020,6,1,1,0,8
Uttar Pradesh,Mainpuri,2021,7,1,1,0,9
Uttar Pradesh,Mainpuri,2022,12,2,2,1,17
Uttar Pradesh,Mathura,2017,17,4,3,2,26
Uttar Pradesh,Mathura,2018,26,6,4,3,39
Uttar Pradesh,Mathura,2019,38,8,7,4,57
Uttar Pradesh,Mathura,2020,54,12,10,6,82
Uttar Pradesh,Mathura,2021,61,14,11,7,93
Uttar Pradesh,Mathura,2022,80,18,14,9,121
Uttar Pradesh,Mau,2017,4,1,0,0,5
Uttar Pradesh,Mau,2018,7,1,1,0,9
Uttar Pradesh,Mau,2019,9,2,1,1,13
Uttar Pradesh,Mau,2020,16,3,3,2,24
Uttar Pradesh,Mau,2021,17,4,3,2,26
Uttar Pradesh,Mau,2022,33,7,6,4,50
Uttar Pradesh,Meerut,2017,15,3,2,1,21
Uttar Pradesh,Meerut,2018,20,4,3,2,29
Uttar Pradesh,Meerut,2019,35,8,6,4,53
Uttar Pradesh,Meerut,2020,45,10,8,5,68
Uttar Pradesh,Meerut,2021,75,17,13,9,114
Uttar Pradesh,Meerut,2022,90,20,16,11,137
Uttar Pradesh,Mirzapur,2017,1,0,0,0,1
Uttar Pradesh,Mirzapur,2018,2,0,0,0,2
Uttar Pradesh,Mirzapur,2019,2,0,0,0,2
Uttar Pradesh,Mirzapur,2020,3,0,0,0,3
Uttar Pradesh,Mirzapur,2021,5,1,1,0,7
Uttar Pradesh,Mirzapur,2022,8,1,1,0,10
Uttar Pradesh,Moradabad,2017,9,2,1,1,13
Uttar Pradesh,Moradabad,2018,13,3,2,1,19
Uttar Pradesh,Moradabad,2019,16,3,3,2,24
Uttar Pradesh,Moradabad,2020,35,8,6,4,53
Uttar Pradesh,Moradabad,2021,51,11,9,6,77
Uttar Pradesh,Moradabad,2022,57,13,10,7,87
Uttar Pradesh,Muzaffarnagar,2017,12,2,2,1,17
Uttar Pradesh,Muzaffarnagar,2018,19,4,3,2,28
Uttar Pradesh,Muzaffarnagar,2019,31,7,5,3,46
Uttar Pradesh,Muzaffarnagar,2020,49,11,9,6,75
Uttar Pradesh,Muzaffarnagar,2021,54,12,10,6,82
Uttar Pradesh,Muzaffarnagar,2022,71,16,13,8,108
Uttar Pradesh,Pilibhit,2017,3,0,0,0,3
Uttar Pradesh,Pilibhit,2018,5,1,0,0,6
Uttar Pradesh,Pilibhit,2019,6,1,1,0,8
Uttar Pradesh,Pilibhit,2020,9,2,1,1,13
Uttar Pradesh,Pilibhit,2021,14,3,2,1,20
Uttar Pradesh,Pilibhit,2022,22,5,4,2,33
Uttar Pradesh,Pratapgarh,2017,3,0,0,0,3
Uttar Pradesh,Pratapgarh,2018,6,1,1,0,8
Uttar Pradesh,Pratapgarh,2019,8,1,1,1,11
Uttar Pradesh,Pratapgarh,2020,13,3,2,1,19
Uttar Pradesh,Pratapgarh,2021,18,4,3,2,27
Uttar Pradesh,Pratapgarh,2022,24,5,4,3,36
Uttar Pradesh,Raibareilly,2017,16,3,3,2,24
Uttar Pradesh,Raibareilly,2018,26,6,4,3,39
Uttar Pradesh,Raibareilly,2019,36,8,6,4,54
Uttar Pradesh,Raibareilly,2020,52,12,9,6,79
Uttar Pradesh,Raibareilly,2021,77,17,14,9,117
Uttar Pradesh,Raibareilly,2022,104,24,19,12,159
Uttar Pradesh,Rampur,2017,4,0,0,0,4
Uttar Pradesh,Rampur,2018,7,1,1,0,9
Uttar Pradesh,Rampur,2019,11,2,2,1,16
Uttar Pradesh,Rampur,2020,17,4,3,2,26
Uttar Pradesh,Rampur,2021,17,4,3,2,26
Uttar Pradesh,Rampur,2022,25,5,4,3,37
Uttar Pradesh,Saharanpur,2017,5,1,1,0,7
Uttar Pradesh,Saharanpur,2018,5,1,1,0,7
Uttar Pradesh,Saharanpur,2019,10,2,1,1,14
Uttar Pradesh,Saharanpur,2020,15,3,2,1,21
Uttar Pradesh,Saharanpur,2021,18,4,3,2,27
Uttar Pradesh,Saharanpur,2022,31,7,5,3,46
Uttar Pradesh,Sant Kabirnagar,2017,10,2,1,1,14
Uttar Pradesh,Sant Kabirnagar,2018,16,3,2,1,22
Uttar Pradesh,Sant Kabirnagar,2019,20,4,3,2,29
Uttar Pradesh,Sant Kabirnagar,2020,39,9,7,4,59
Uttar Pradesh,Sant Kabirnagar,2021,48,11,9,6,74
Uttar Pradesh,Sant Kabirnagar,2022,65,15,12,8,100
Uttar Pradesh,Shahjahanpur,2017,20,4,3,2,29
Uttar Pradesh,Shahjahanpur,2018,29,6,5,3,43
Uttar Pradesh,Shahjahanpur,2019,29,6,5,3,43
Uttar Pradesh,Shahjahanpur,2020,65,15,12,8,100
Uttar Pradesh,Shahjahanpur,2021,64,14,11,7,96
Uttar Pradesh,Shahjahanpur,2022,87,20,16,10,133
Uttar Pradesh,Shrawasti,2017,6,1,1,0,8
Uttar Pradesh,Shrawasti,2018,9,2,1,1,13
Uttar Pradesh,Shrawasti,2019,14,3,2,1,20
Uttar Pradesh,Shrawasti,2020,17,4,3,2,26
Uttar Pradesh,Shrawasti,2021,32,7,5,3,47
Uttar Pradesh,Shrawasti,2022,30,7,5,3,45
Uttar Pradesh,Sidharthnagar,2017,1,0,0,0,1
Uttar Pradesh,Sidharthnagar,2018,2,0,0,0,2
Uttar Pradesh,Sidharthnagar,2019,4,1,0,0,5
Uttar Pradesh,Sidharthnagar,2020,6,1,1,0,8
Uttar Pradesh,Sidharthnagar,2021,7,1,1,0,9
Uttar Pradesh,Sidharthnagar,2022,15,3,2,1,21
Uttar Pradesh,Sitapur,2017,6,1,1,0,8
Uttar Pradesh,Sitapur,2018,11,2,2,1,16
Uttar Pradesh,Sitapur,2019,16,3,2,1,22
Uttar Pradesh,Sitapur,2020,27,6,5,3,41
Uttar Pradesh,Sitapur,2021,35,8,6,4,53
Uttar Pradesh,Sitapur,2022,53,12,9,6,80
Uttar Pradesh,Sonbhadra,2017,3,0,0,0,3
Uttar Pradesh,Sonbhadra,2018,4,0,0,0,4
Uttar Pradesh,Sonbhadra,2019,7,1,1,0,9
Uttar Pradesh,Sonbhadra,2020,10,2,1,1,14
Uttar Pradesh,Sonbhadra,2021,13,3,2,1,19
Uttar Pradesh,Sonbhadra,2022,19,4,3,2,28
Uttar Pradesh,St.Ravidasnagar,2017,12,2,2,1,17
Uttar Pradesh,St.Ravidasnagar,2018,17,4,3,2,26
Uttar Pradesh,St.Ravidasnagar,2019,25,5,4,3,37
Uttar Pradesh,St.Ravidasnagar,2020,39,9,7,4,59
Uttar Pradesh,St.Ravidasnagar,2021,53,12,9,6,80
Uttar Pradesh,St.Ravidasnagar,2022,81,18,15,10,124
Uttar Pradesh,Sultanpur,2017,8,2,1,1,12
Uttar Pradesh,Sultanpur,2018,12,2,2,1,17
Uttar Pradesh,Sultanpur,2019,15,3,2,1,21
Uttar Pradesh,Sultanpur,2020,27,6,5,3,41
Uttar Pradesh,Sultanpur,2021,31,7,5,3,46
Uttar Pradesh,Sultanpur,2022,49,11,9,6,75
Uttar Pradesh,Unnao,2017,18,4,3,2,27
Uttar Pradesh,Unnao,2018,27,6,4,3,40
Uttar Pradesh,Unnao,2019,31,7,5,3,46
Uttar Pradesh,Unnao,2020,43,10,8,5,66
Uttar Pradesh,Unnao,2021,64,14,11,7,96
Uttar Pradesh,Unnao,2022,86,20,16,10,132
Uttar Pradesh,Varanasi,2017,1,0,0,0,1
Uttar Pradesh,Varanasi,2018,1,0,0,0,1
Uttar Pradesh,Varanasi,2019,2,0,0,0,2
Uttar Pradesh,Varanasi,2020,4,1,0,0,5
Uttar Pradesh,Varanasi,2021,7,1,1,0,9
Uttar Pradesh,Varanasi,2022,9,2,1,1,13
Uttarakhand,Almora,2017,1,0,0,0,1
Uttarakhand,Almora,2018,2,0,0,0,2
Uttarakhand,Almora,2019,4,0,0,0,4
Uttarakhand,Almora,2020,6,1,1,0,8
Uttarakhand,Almora,2021,8,1,1,0,10
Uttarakhand,Almora,2022,11,2,2,1,16
Uttarakhand,Bageshwar,2017,5,1,0,0,6
Uttarakhand,Bageshwar,2018,9,2,1,1,13
Uttarakhand,Bageshwar,2019,12,2,2,1,17
Uttarakhand,Bageshwar,2020,18,4,3,2,27
Uttarakhand,Bageshwar,2021,24,5,4,2,35
Uttarakhand,Bageshwar,2022,37,8,6,4,55
Uttarakhand,Chamoli,2017,5,1,1,0,7
Uttarakhand,Chamoli,2018,7,1,1,0,9
Uttarakhand,Chamoli,2019,11,2,2,1,16
Uttarakhand,Chamoli,2020,18,4,3,2,27
Uttarakhand,Chamoli,2021,21,4,3,2,30
Uttarakhand,Chamoli,2022,36,8,6,4,54
Uttarakhand,Champawat,2017,9,2,1,1,13
Uttarakhand,Champawat,2018,19,4,3,2,28
Uttarakhand,Champawat,2019,28,6,5,3,42
Uttarakhand,Champawat,2020,38,8,7,4,57
Uttarakhand,Champawat,2021,48,11,8,5,72
Uttarakhand,Champawat,2022,81,18,14,9,122
Uttarakhand,Dehradun,2017,6,1,1,0,8
Uttarakhand,Dehradun,2018,11,2,2,1,16
Uttarakhand,Dehradun,2019,15,3,2,1,21
Uttarakhand,Dehradun,2020,19,4,3,2,28
Uttarakhand,Dehradun,2021,26,6,4,3,39
Uttarakhand,Dehradun,2022,37,8,6,4,55
Uttarakhand,Haridwar,2017,10,2,1,1,14
Uttarakhand,Haridwar,2018,14,3,2,1,20
Uttarakhand,Haridwar,2019,23,5,4,2,34
Uttarakhand,Haridwar,2020,29,6,5,3,43
Uttarakhand,Haridwar,2021,35,8,6,4,53
Uttarakhand,Haridwar,2022,48,11,8,5,72
Uttarakhand,Nainital,2017,3,0,0,0,3
Uttarakhand,Nainital,2018,5,1,1,0,7
Uttarakhand,Nainital,2019,7,1,1,0,9
Uttarakhand,Nainital,2020,13,3,2,1,19
Uttarakhand,Nainital,2021,15,3,2,1,21
Uttarakhand,Nainital,2022,25,5,4,3,37
Uttarakhand,Pauri Garhwal,2017,10,2,1,1,14
Uttarakhand,Pauri Garhwal,2018,12,2,2,1,17
Uttarakhand,Pauri Garhwal,2019,17,4,3,2,26
Uttarakhand,Pauri Garhwal,2020,30,7,5,3,45
Uttarakhand,Pauri Garhwal,2021,47,10,8,5,70
Uttarakhand,Pauri Garhwal,2022,65,15,12,8,100
Uttarakhand,Pithoragarh,2017,1,0,0,0,1
Uttarakhand,Pithoragarh,2018,1,0,0,0,1
Uttarakhand,Pithoragarh,2019,2,0,0,0,2
Uttarakhand,Pithoragarh,2020,5,1,0,0,6
Uttarakhand,Pithoragarh,2021,6,1,1,0,8
Uttarakhand,Pithoragarh,2022,9,2,1,1,13
Uttarakhand,Rudra Prayag,2017,1,0,0,0,1
Uttarakhand,Rudra Prayag,2018,1,0,0,0,1
Uttarakhand,Rudra Prayag,2019,2,0,0,0,2
Uttarakhand,Rudra Prayag,2020,4,1,0,0,5
Uttarakhand,Rudra Prayag,2021,6,1,1,0,8
Uttarakhand,Rudra Prayag,2022,10,2,1,1,14
Uttarakhand,Tehri Garhwal,2017,14,3,2,1,20
Uttarakhand,Tehri Garhwal,2018,26,6,4,3,39
Uttarakhand,Tehri Garhwal,2019,32,7,6,4,49
Uttarakhand,Tehri Garhwal,2020,47,10,8,5,70
Uttarakhand,Tehri Garhwal,2021,87,20,16,10,133
Uttarakhand,Tehri Garhwal,2022,100,23,18,12,153
Uttarakhand,Udhamsingh Nagar,2017,3,0,0,0,3
Uttarakhand,Udhamsingh Nagar,2018,5,1,0,0,6
Uttarakhand,Udhamsingh Nagar,2019,8,1,1,0,10
Uttarakhand,Udhamsingh Nagar,2020,12,2,2,1,17
Uttarakhand,Udhamsingh Nagar,2021,21,4,3,2,30
Uttarakhand,Udhamsingh Nagar,2022,24,5,4,3,36
Uttarakhand,Uttarkashi,2017,6,1,1,0,8
Uttarakhand,Uttarkashi,2018,10,2,1,1,14
Uttarakhand,Uttarkashi,2019,15,3,2,1,21
Uttarakhand,Uttarkashi,2020,22,5,4,2,33
Uttarakhand,Uttarkashi,2021,31,7,5,3,46
Uttarakhand,Uttarkashi,2022,34,7,6,4,51
West Bengal,24 Parganas North,2017,14,3,2,1,20
West Bengal,24 Parganas North,2018,26,6,4,3,39
West Bengal,24 Parganas North,2019,36,8,6,4,54
West Bengal,24 Parganas North,2020,48,11,9,6,74
West Bengal,24 Parganas North,2021,61,14,11,7,93
West Bengal,24 Parganas North,2022,116,26,21,14,177
West Bengal,24 Parganas South,2017,7,1,1,0,9
West Bengal,24 Parganas South,2018,14,3,2,1,20
West Bengal,24 Parganas South,2019,16,3,2,1,22
West Bengal,24 Parganas South,2020,33,7,6,4,50
West Bengal,24 Parganas South,2021,40,9,7,4,60
West Bengal,24 Parganas South,2022,61,14,11,7,93
West Bengal,Asansol,2017,5,1,1,0,7
West Bengal,Asansol,2018,9,2,1,1,13
West Bengal,Asansol,2019,13,3,2,1,19
West Bengal,Asansol,2020,22,5,4,2,33
West Bengal,Asansol,2021,34,7,6,4,51
West Bengal,Asansol,2022,42,9,7,5,63
West Bengal,Bankura,2017,9,2,1,1,13
West Bengal,Bankura,2018,11,2,2,1,16
West Bengal,Bankura,2019,16,3,3,2,24
West Bengal,Bankura,2020,27,6,5,3,41
West Bengal,Bankura,2021,44,10,8,5,67
West Bengal,Bankura,2022,60,13,11,7,91
West Bengal,Birbhum,2017,11,2,2,1,16
West Bengal,Birbhum,2018,18,4,3,2,27
West Bengal,Birbhum,2019,26,6,4,3,39
West Bengal,Birbhum,2020,41,9,7,5,62
West Bengal,Birbhum,2021,65,15,12,8,100
West Bengal,Birbhum,2022,75,17,14,9,115
West Bengal,Burdwan,2017,11,2,2,1,16
West Bengal,Burdwan,2018,18,4,3,2,27
West Bengal,Burdwan,2019,29,6,5,3,43
West Bengal,Burdwan,2020,41,9,7,5,62
West Bengal,Burdwan,2021,52,12,9,6,79
West Bengal,Burdwan,2022,76,17,14,9,116
West Bengal,Coochbehar,2017,11,2,2,1,16
West Bengal,Coochbehar,2018,18,4,3,2,27
West Bengal,Coochbehar,2019,30,6,5,3,44
West Bengal,Coochbehar,2020,46,10,8,5,69
West Bengal,Coochbehar,2021,57,13,10,7,87
West Bengal,Coochbehar,2022,87,20,16,10,133
West Bengal,Dakshin Dinajpur,2017,11,2,2,1,16
West Bengal,Dakshin Dinajpur,2018,19,4,3,2,28
West Bengal,Dakshin Dinajpur,2019,29,6,5,3,43
West Bengal,Dakshin Dinajpur,2020,37,8,6,4,55
West Bengal,Dakshin Dinajpur,2021,68,15,12,8,103
West Bengal,Dakshin Dinajpur,2022,91,21,16,11,139
West Bengal,Darjeeling,2017,6,1,1,0,8
West Bengal,Darjeeling,2018,9,2,1,1,13
West Bengal,Darjeeling,2019,13,3,2,1,19
West Bengal,Darjeeling,2020,24,5,4,2,35
West Bengal,Darjeeling,2021,28,6,5,3,42
West Bengal,Darjeeling,2022,43,10,8,5,66
West Bengal,Hooghly,2017,17,3,3,2,25
West Bengal,Hooghly,2018,18,4,3,2,27
West Bengal,Hooghly,2019,36,8,6,4,54
West Bengal,Hooghly,2020,51,11,9,6,77
West Bengal,Hooghly,2021,77,17,14,9,117
West Bengal,Hooghly,2022,94,21,17,11,143
West Bengal,Howrah,2017,7,1,1,0,9
West Bengal,Howrah,2018,9,2,1,1,13
West Bengal,Howrah,2019,14,3,2,1,20
West Bengal,Howrah,2020,23,5,4,2,34
West Bengal,Howrah,2021,33,7,6,4,50
West Bengal,Howrah,2022,42,9,7,5,63
West Bengal,Howrah City,2017,5,1,0,0,6
West Bengal,Howrah City,2018,7,1,1,0,9
West Bengal,Howrah City,2019,8,2,1,1,12
West Bengal,Howrah City,2020,16,3,3,2,24
West Bengal,Howrah City,2021,23,5,4,2,34
West Bengal,Howrah City,2022,30,7,5,3,45
West Bengal,Howrah G.R.P.,2017,12,2,2,1,17
West Bengal,Howrah G.R.P.,2018,24,5,4,2,35
West Bengal,Howrah G.R.P.,2019,29,6,5,3,43
West Bengal,Howrah G.R.P.,2020,58,13,10,7,88
West Bengal,Howrah G.R.P.,2021,60,13,11,7,91
West Bengal,Howrah G.R.P.,2022,100,23,18,12,153
West Bengal,Jalpaiguri,2017,9,2,1,1,13
West Bengal,Jalpaiguri,2018,13,3,2,1,19
West Bengal,Jalpaiguri,2019,16,3,3,2,24
West Bengal,Jalpaiguri,2020,30,7,5,3,45
West Bengal,Jalpaiguri,2021,46,10,8,5,69
West Bengal,Jalpaiguri,2022,61,14,11,7,93
West Bengal,Kolkata,2017,59,13,11,7,90
West Bengal,Kolkata,2018,76,17,14,9,116
West Bengal,Kolkata,2019,95,21,17,11,144
West Bengal,Kolkata,2020,159,36,29,19,243
West Bengal,Kolkata,2021,240,55,44,29,368
West Bengal,Kolkata,2022,331,76,61,40,508
West Bengal,Malda,2017,1,0,0,0,1
West Bengal,Malda,2018,2,0,0,0,2
West Bengal,Malda,2019,4,0,0,0,4
West Bengal,Malda,2020,6,1,1,0,8
West Bengal,Malda,2021,8,1,1,1,11
West Bengal,Malda,2022,14,3,2,1,20
West Bengal,Midnapur,2017,13,3,2,1,19
West Bengal,Midnapur,2018,22,5,4,2,33
West Bengal,Midnapur,2019,25,5,4,3,37
West Bengal,Midnapur,2020,42,9,7,5,63
West Bengal,Midnapur,2021,72,16,13,8,109
West Bengal,Midnapur,2022,88,20,16,10,134
West Bengal,Murshidabad,2017,6,1,1,0,8
West Bengal,Murshidabad,2018,13,3,2,1,19
West Bengal,Murshidabad,2019,19,4,3,2,28
West Bengal,Murshidabad,2020,25,5,4,3,37
West Bengal,Murshidabad,2021,35,8,6,4,53
West Bengal,Murshidabad,2022,46,10,8,5,69
West Bengal,Nadia,2017,3,0,0,0,3
West Bengal,Nadia,2018,4,1,0,0,5
West Bengal,Nadia,2019,6,1,1,0,8
West Bengal,Nadia,2020,10,2,1,1,14
West Bengal,Nadia,2021,15,3,2,1,21
West Bengal,Nadia,2022,22,5,4,2,33
West Bengal,Purulia,2017,12,2,2,1,17
West Bengal,Purulia,2018,15,3,2,1,21
West Bengal,Purulia,2019,21,5,4,2,32
West Bengal,Purulia,2020,32,7,5,3,47
West Bengal,Purulia,2021,42,9,7,5,63
West Bengal,Purulia,2022,65,15,12,8,100
West Bengal,Sealdah G.R.P.,2017,17,4,3,2,26
West Bengal,Sealdah G.R.P.,2018,25,5,4,3,37
West Bengal,Sealdah G.R.P.,2019,26,6,4,3,39
West Bengal,Sealdah G.R.P.,2020,53,12,9,6,80
West Bengal,Sealdah G.R.P.,2021,61,14,11,7,93
West Bengal,Sealdah G.R.P.,2022,95,21,17,11,144
West Bengal,Siliguri G.R.P.,2017,4,1,0,0,5
West Bengal,Siliguri G.R.P.,2018,8,1,1,1,11
West Bengal,Siliguri G.R.P.,2019,10,2,1,1,14
West Bengal,Siliguri G.R.P.,2020,19,4,3,2,28
West Bengal,Siliguri G.R.P.,2021,22,5,4,2,33
West Bengal,Siliguri G.R.P.,2022,38,8,7,4,57
West Bengal,Uttar Dinajpur,2017,8,2,1,1,12
West Bengal,Uttar Dinajpur,2018,12,2,2,1,17
West Bengal,Uttar Dinajpur,2019,19,4,3,2,28
West Bengal,Uttar Dinajpur,2020,37,8,6,4,55
West Bengal,Uttar Dinajpur,2021,46,10,8,5,69
West Bengal,Uttar Dinajpur,2022,55,12,10,6,83
Andaman & Nicobar Islands,Andaman,2017,17,4,3,2,26
Andaman & Nicobar Islands,Andaman,2018,25,5,4,3,37
Andaman & Nicobar Islands,Andaman,2019,35,8,6,4,53
Andaman & Nicobar Islands,Andaman,2020,53,12,9,6,80
Andaman & Nicobar Islands,Andaman,2021,58,13,10,7,88
Andaman & Nicobar Islands,Andaman,2022,79,18,14,9,120
Andaman & Nicobar Islands,Nicobar,2017,16,3,3,2,24
Andaman & Nicobar Islands,Nicobar,2018,24,5,4,3,36
Andaman & Nicobar Islands,Nicobar,2019,32,7,6,4,49
Andaman & Nicobar Islands,Nicobar,2020,58,13,10,7,88
Andaman & Nicobar Islands,Nicobar,2021,63,14,11,7,95
Andaman & Nicobar Islands,Nicobar,2022,92,21,17,11,141
Chandigarh,Chandigarh,2017,11,2,2,1,16
Chandigarh,Chandigarh,2018,16,3,3,2,24
Chandigarh,Chandigarh,2019,23,5,4,2,34
Chandigarh,Chandigarh,2020,39,9,7,4,59
Chandigarh,Chandigarh,2021,54,12,10,6,82
Chandigarh,Chandigarh,2022,71,16,13,8,108
Dadra & Nagar Haveli,D And N Haveli,2017,5,1,1,0,7
Dadra & Nagar Haveli,D And N Haveli,2018,10,2,1,1,14
Dadra & Nagar Haveli,D And N Haveli,2019,13,3,2,1,19
Dadra & Nagar Haveli,D And N Haveli,2020,24,5,4,2,35
Dadra & Nagar Haveli,D And N Haveli,2021,34,8,6,4,52
Dadra & Nagar Haveli,D And N Haveli,2022,37,8,6,4,55
Daman & Diu,Daman,2017,1,0,0,0,1
Daman & Diu,Daman,2018,1,0,0,0,1
Daman & Diu,Daman,2019,2,0,0,0,2
Daman & Diu,Daman,2020,4,0,0,0,4
Daman & Diu,Daman,2021,5,1,0,0,6
Daman & Diu,Daman,2022,8,2,1,1,12
Daman & Diu,Diu,2017,15,3,2,1,21
Daman & Diu,Diu,2018,24,5,4,2,35
Daman & Diu,Diu,2019,26,6,4,3,39
Daman & Diu,Diu,2020,42,9,7,5,63
Daman & Diu,Diu,2021,56,13,10,6,85
Daman & Diu,Diu,2022,92,21,17,11,141
Delhi,Central,2017,11,2,2,1,16
Delhi,Central,2018,14,3,2,1,20
Delhi,Central,2019,21,4,3,2,30
Delhi,Central,2020,43,9,7,5,64
Delhi,Central,2021,46,10,8,5,69
Delhi,Central,2022,66,15,12,8,101
Delhi,East,2017,3,0,0,0,3
Delhi,East,2018,4,0,0,0,4
Delhi,East,2019,6,1,1,0,8
Delhi,East,2020,10,2,1,1,14
Delhi,East,2021,16,3,3,2,24
Delhi,East,2022,23,5,4,2,34
Delhi,G.R.P.(Rly),2017,3,0,0,0,3
Delhi,G.R.P.(Rly),2018,3,0,0,0,3
Delhi,G.R.P.(Rly),2019,6,1,1,0,8
Delhi,G.R.P.(Rly),2020,10,2,1,1,14
Delhi,G.R.P.(Rly),2021,13,3,2,1,19
Delhi,G.R.P.(Rly),2022,14,3,2,1,20
Delhi,I.G.I. Airport,2017,6,1,1,0,8
Delhi,I.G.I. Airport,2018,7,1,1,0,9
Delhi,I.G.I. Airport,2019,9,2,1,1,13
Delhi,I.G.I. Airport,2020,17,4,3,2,26
Delhi,I.G.I. Airport,2021,19,4,3,2,28
Delhi,I.G.I. Airport,2022,29,6,5,3,43
Delhi,New Delhi,2017,32,7,6,4,49
Delhi,New Delhi,2018,57,13,10,7,87
Delhi,New Delhi,2019,76,17,14,9,116
Delhi,New Delhi,2020,113,26,20,13,172
Delhi,New Delhi,2021,180,41,33,22,276
Delhi,New Delhi,2022,241,55,44,29,369
Delhi,North,2017,12,2,2,1,17
Delhi,North,2018,20,4,3,2,29
Delhi,North,2019,27,6,5,3,41
Delhi,North,2020,42,9,7,5,63
Delhi,North,2021,65,15,12,8,100
Delhi,North,2022,74,17,13,9,113
Delhi,North East,2017,10,2,1,1,14
Delhi,North East,2018,14,3,2,1,20
Delhi,North East,2019,21,5,4,2,32
Delhi,North East,2020,31,7,5,3,46
Delhi,North East,2021,48,11,9,6,74
Delhi,North East,2022,64,14,11,7,96
Delhi,North West,2017,13,3,2,1,19
Delhi,North West,2018,20,4,3,2,29
Delhi,North West,2019,28,6,5,3,42
Delhi,North West,2020,38,8,7,4,57
Delhi,North West,2021,60,13,11,7,91
Delhi,North West,2022,68,15,12,8,103
Delhi,S.T.F.,2017,3,0,0,0,3
Delhi,S.T.F.,2018,4,1,0,0,5
Delhi,S.T.F.,2019,8,1,1,0,10
Delhi,S.T.F.,2020,11,2,2,1,16
Delhi,S.T.F.,2021,15,3,2,1,21
Delhi,S.T.F.,2022,19,4,3,2,28
Delhi,South,2017,3,0,0,0,3
Delhi,South,2018,4,1,0,0,5
Delhi,South,2019,6,1,1,0,8
Delhi,South,2020,10,2,2,1,15
Delhi,South,2021,14,3,2,1,20
Delhi,South,2022,21,4,3,2,30
Delhi,South West,2017,2,0,0,0,2
Delhi,South West,2018,2,0,0,0,2
Delhi,South West,2019,4,0,0,0,4
Delhi,South West,2020,6,1,1,0,8
Delhi,South West,2021,9,2,1,1,13
Delhi,South West,2022,14,3,2,1,20
Delhi,West,2017,11,2,2,1,16
Delhi,West,2018,16,3,3,2,24
Delhi,West,2019,33,7,6,4,50
Delhi,West,2020,45,10,8,5,68
Delhi,West,2021,61,14,11,7,93
Delhi,West,2022,99,22,18,12,151
Lakshadweep,Lakshadweep,2017,9,2,1,1,13
Lakshadweep,Lakshadweep,2018,15,3,2,1,21
Lakshadweep,Lakshadweep,2019,17,3,3,2,25
Lakshadweep,Lakshadweep,2020,26,6,4,3,39
Lakshadweep,Lakshadweep,2021,43,10,8,5,66
Lakshadweep,Lakshadweep,2022,57,13,10,7,87
Puducherry,Pondicherry,2017,3,0,0,0,3
Puducherry,Pondicherry,2018,3,0,0,0,3
Puducherry,Pondicherry,2019,5,1,1,0,7
Puducherry,Pondicherry,2020,9,2,1,1,13
Puducherry,Pondicherry,2021,12,2,2,1,17
Puducherry,Pondicherry,2022,18,4,3,2,27
Chhattisgarh,Kabirdham,2017,2,0,0,0,2
Chhattisgarh,Kabirdham,2018,3,0,0,0,3
Chhattisgarh,Kabirdham,2019,6,1,1,0,8
Chhattisgarh,Kabirdham,2020,8,2,1,1,12
Chhattisgarh,Kabirdham,2021,11,2,2,1,16
Chhattisgarh,Kabirdham,2022,15,3,2,1,21
Jammu & Kashmir,Handwara,2017,14,3,2,1,20
Jammu & Kashmir,Handwara,2018,20,4,3,2,29
Jammu & Kashmir,Handwara,2019,30,6,5,3,44
Jammu & Kashmir,Handwara,2020,52,12,9,6,79
Jammu & Kashmir,Handwara,2021,68,15,12,8,103
Jammu & Kashmir,Handwara,2022,76,17,14,9,116
West Bengal,Kharagpur G.R.P.,2017,16,3,3,2,24
West Bengal,Kharagpur G.R.P.,2018,24,5,4,3,36
West Bengal,Kharagpur G.R.P.,2019,40,9,7,5,61
West Bengal,Kharagpur G.R.P.,2020,54,12,10,6,82
West Bengal,Kharagpur G.R.P.,2021,59,13,11,7,90
West Bengal,Kharagpur G.R.P.,2022,94,21,17,11,143
West Bengal,Paschim Midnapur,2017,17,3,3,2,25
West Bengal,Paschim Midnapur,2018,25,5,4,3,37
West Bengal,Paschim Midnapur,2019,40,9,7,5,61
West Bengal,Paschim Midnapur,2020,44,10,8,5,67
West Bengal,Paschim Midnapur,2021,76,17,14,9,116
West Bengal,Paschim Midnapur,2022,99,22,18,12,151
West Bengal,Purab Midnapur,2017,14,3,2,1,20
West Bengal,Purab Midnapur,2018,15,3,2,1,21
West Bengal,Purab Midnapur,2019,26,6,4,3,39
West Bengal,Purab Midnapur,2020,47,10,8,5,70
West Bengal,Purab Midnapur,2021,51,11,9,6,77
West Bengal,Purab Midnapur,2022,84,19,15,10,128
Delhi,Spl Cell,2017,3,0,0,0,3
Delhi,Spl Cell,2018,7,1,1,0,9
Delhi,Spl Cell,2019,11,2,2,1,16
Delhi,Spl Cell,2020,14,3,2,1,20
Delhi,Spl Cell,2021,25,5,4,3,37
Delhi,Spl Cell,2022,28,6,5,3,42
Andhra Pradesh,Cyberabad,2017,13,3,2,1,19
Andhra Pradesh,Cyberabad,2018,18,4,3,2,27
Andhra Pradesh,Cyberabad,2019,27,6,5,3,41
Andhra Pradesh,Cyberabad,2020,44,10,8,5,67
Andhra Pradesh,Cyberabad,2021,46,10,8,5,69
Andhra Pradesh,Cyberabad,2022,79,18,14,9,120
Arunachal Pradesh,K/Kumey,2017,3,0,0,0,3
Arunachal Pradesh,K/Kumey,2018,4,1,0,0,5
Arunachal Pradesh,K/Kumey,2019,5,1,1,0,7
Arunachal Pradesh,K/Kumey,2020,9,2,1,1,13
Arunachal Pradesh,K/Kumey,2021,13,3,2,1,19
Arunachal Pradesh,K/Kumey,2022,18,4,3,2,27
Arunachal Pradesh,Upper Dibang Valley,2017,9,2,1,1,13
Arunachal Pradesh,Upper Dibang Valley,2018,15,3,2,1,21
Arunachal Pradesh,Upper Dibang Valley,2019,20,4,3,2,29
Arunachal Pradesh,Upper Dibang Valley,2020,41,9,7,5,62
Arunachal Pradesh,Upper Dibang Valley,2021,53,12,9,6,80
Arunachal Pradesh,Upper Dibang Valley,2022,72,16,13,8,109
Chhattisgarh,Narayanpur,2017,3,0,0,0,3
Chhattisgarh,Narayanpur,2018,4,1,0,0,5
Chhattisgarh,Narayanpur,2019,7,1,1,0,9
Chhattisgarh,Narayanpur,2020,10,2,1,1,14
Chhattisgarh,Narayanpur,2021,13,3,2,1,19
Chhattisgarh,Narayanpur,2022,25,5,4,3,37
Kerala,Ernakulam Commr.,2017,99,22,18,12,151
Kerala,Ernakulam Commr.,2018,147,33,27,18,225
Kerala,Ernakulam Commr.,2019,217,50,40,26,333
Kerala,Ernakulam Commr.,2020,289,66,53,35,443
Kerala,Ernakulam Commr.,2021,400,92,74,49,615
Kerala,Ernakulam Commr.,2022,579,133,106,71,889
Kerala,Ernakulam Rural,2017,6,1,1,0,8
Kerala,Ernakulam Rural,2018,9,2,1,1,13
Kerala,Ernakulam Rural,2019,14,3,2,1,20
Kerala,Ernakulam Rural,2020,20,4,3,2,29
Kerala,Ernakulam Rural,2021,25,5,4,3,37
Kerala,Ernakulam Rural,2022,31,7,5,3,46
Kerala,Kozhikode Commr.,2017,92,21,17,11,141
Kerala,Kozhikode Commr.,2018,136,31,25,16,208
Kerala,Kozhikode Commr.,2019,154,35,28,18,235
Kerala,Kozhikode Commr.,2020,298,68,55,36,457
Kerala,Kozhikode Commr.,2021,320,73,59,39,491
Kerala,Kozhikode Commr.,2022,554,128,102,68,852
Kerala,Kozhikode Rural,2017,8,1,1,1,11
Kerala,Kozhikode Rural,2018,15,3,2,1,21
Kerala,Kozhikode Rural,2019,19,4,3,2,28
Kerala,Kozhikode Rural,2020,28,6,5,3,42
Kerala,Kozhikode Rural,2021,37,8,6,4,55
Kerala,Kozhikode Rural,2022,52,12,9,6,79
Kerala,Trivandrum Commr.,2017,44,10,8,5,67
Kerala,Trivandrum Commr.,2018,52,12,9,6,79
Kerala,Trivandrum Commr.,2019,89,20,16,10,135
Kerala,Trivandrum Commr.,2020,141,32,26,17,216
Kerala,Trivandrum Commr.,2021,206,47,38,25,316
Kerala,Trivandrum Commr.,2022,205,47,37,25,314
Kerala,Trivandrum Rural,2017,2,0,0,0,2
Kerala,Trivandrum Rural,2018,4,1,0,0,5
Kerala,Trivandrum Rural,2019,5,1,1,0,7
Kerala,Trivandrum Rural,2020,8,1,1,1,11
Kerala,Trivandrum Rural,2021,13,3,2,1,19
Kerala,Trivandrum Rural,2022,15,3,2,1,21
Madhya Pradesh,Anuppur,2017,5,1,1,0,7
Madhya Pradesh,Anuppur,2018,11,2,2,1,16
Madhya Pradesh,Anuppur,2019,13,3,2,1,19
Madhya Pradesh,Anuppur,2020,24,5,4,3,36
Madhya Pradesh,Anuppur,2021,28,6,5,3,42
Madhya Pradesh,Anuppur,2022,49,11,9,6,75
Madhya Pradesh,Ashok Nagar,2017,10,2,2,1,15
Madhya Pradesh,Ashok Nagar,2018,14,3,2,1,20
Madhya Pradesh,Ashok Nagar,2019,17,4,3,2,26
Madhya Pradesh,Ashok Nagar,2020,40,9,7,4,60
Madhya Pradesh,Ashok Nagar,2021,47,11,8,5,71
Madhya Pradesh,Ashok Nagar,2022,61,14,11,7,93
Madhya Pradesh,Burhanpur,2017,4,0,0,0,4
Madhya Pradesh,Burhanpur,2018,6,1,1,0,8
Madhya Pradesh,Burhanpur,2019,10,2,1,1,14
Madhya Pradesh,Burhanpur,2020,17,4,3,2,26
Madhya Pradesh,Burhanpur,2021,18,4,3,2,27
Madhya Pradesh,Burhanpur,2022,34,7,6,4,51
Tamil Nadu,Krishnagiri,2017,4,0,0,0,4
Tamil Nadu,Krishnagiri,2018,7,1,1,0,9
Tamil Nadu,Krishnagiri,2019,9,2,1,1,13
Tamil Nadu,Krishnagiri,2020,17,3,3,2,25
Tamil Nadu,Krishnagiri,2021,25,5,4,3,37
Tamil Nadu,Krishnagiri,2022,25,5,4,3,37
Assam,Baska,2017,14,3,2,1,20
Assam,Baska,2018,20,4,3,2,29
Assam,Baska,2019,31,7,5,3,46
Assam,Baska,2020,45,10,8,5,68
Assam,Baska,2021,78,18,14,9,119
Assam,Baska,2022,108,25,20,13,166
Assam,Chirang,2017,3,0,0,0,3
Assam,Chirang,2018,5,1,1,0,7
Assam,Chirang,2019,8,1,1,1,11
Assam,Chirang,2020,12,2,2,1,17
Assam,Chirang,2021,19,4,3,2,28
Assam,Chirang,2022,20,4,3,2,29
Assam,Udalguri,2017,1,0,0,0,1
Assam,Udalguri,2018,2,0,0,0,2
Assam,Udalguri,2019,2,0,0,0,2
Assam,Udalguri,2020,4,1,0,0,5
Assam,Udalguri,2021,7,1,1,0,9
Assam,Udalguri,2022,8,2,1,1,12
Chhattisgarh,Surajpur,2017,1,0,0,0,1
Chhattisgarh,Surajpur,2018,2,0,0,0,2
Chhattisgarh,Surajpur,2019,3,0,0,0,3
Chhattisgarh,Surajpur,2020,4,1,0,0,5
Chhattisgarh,Surajpur,2021,6,1,1,0,8
Chhattisgarh,Surajpur,2022,8,2,1,1,12
Haryana,Mewat,2017,3,0,0,0,3
Haryana,Mewat,2018,4,1,0,0,5
Haryana,Mewat,2019,8,1,1,1,11
Haryana,Mewat,2020,9,2,1,1,13
Haryana,Mewat,2021,13,3,2,1,19
Haryana,Mewat,2022,23,5,4,2,34
Punjab,Ferozpur,2017,13,3,2,1,19
Punjab,Ferozpur,2018,24,5,4,3,36
Punjab,Ferozpur,2019,28,6,5,3,42
Punjab,Ferozpur,2020,42,9,7,5,63
Punjab,Ferozpur,2021,75,17,13,9,114
Punjab,Ferozpur,2022,98,22,18,12,150
Tamil Nadu,Viluppuram,2017,14,3,2,1,20
Tamil Nadu,Viluppuram,2018,18,4,3,2,27
Tamil Nadu,Viluppuram,2019,27,6,5,3,41
Tamil Nadu,Viluppuram,2020,54,12,10,6,82
Tamil Nadu,Viluppuram,2021,58,13,10,7,88
Tamil Nadu,Viluppuram,2022,83,19,15,10,127
Delhi,Igi Airport,2017,6,1,1,0,8
Delhi,Igi Airport,2018,11,2,2,1,16
Delhi,Igi Airport,2019,17,4,3,2,26
Delhi,Igi Airport,2020,31,7,5,3,46
Delhi,Igi Airport,2021,34,8,6,4,52
Delhi,Igi Airport,2022,58,13,10,7,88
Delhi,North-East,2017,6,1,1,0,8
Delhi,North-East,2018,12,2,2,1,17
Delhi,North-East,2019,14,3,2,1,20
Delhi,North-East,2020,26,6,4,3,39
Delhi,North-East,2021,38,8,7,4,57
Delhi,North-East,2022,52,12,9,6,79
Delhi,North-West,2017,3,0,0,0,3
Delhi,North-West,2018,4,0,0,0,4
Delhi,North-West,2019,7,1,1,0,9
Delhi,North-West,2020,9,2,1,1,13
Delhi,North-West,2021,15,3,2,1,21
Delhi,North-West,2022,21,4,3,2,30
Delhi,South-West,2017,7,1,1,0,9
Delhi,South-West,2018,12,2,2,1,17
Delhi,South-West,2019,16,3,3,2,24
Delhi,South-West,2020,23,5,4,2,34
Delhi,South-West,2021,37,8,6,4,55
Delhi,South-West,2022,47,10,8,5,70
Andhra Pradesh,Vijayawada City,2017,5,1,0,0,6
Andhra Pradesh,Vijayawada City,2018,8,1,1,0,10
Andhra Pradesh,Vijayawada City,2019,11,2,2,1,16
Andhra Pradesh,Vijayawada City,2020,21,4,3,2,30
Andhra Pradesh,Vijayawada City,2021,25,5,4,3,37
Andhra Pradesh,Vijayawada City,2022,37,8,6,4,55
Haryana,Palwal,2017,13,3,2,1,19
Haryana,Palwal,2018,17,3,3,2,25
Haryana,Palwal,2019,27,6,5,3,41
Haryana,Palwal,2020,47,10,8,5,70
Haryana,Palwal,2021,58,13,10,7,88
Haryana,Palwal,2022,76,17,14,9,116
Jammu & Kashmir,Border District,2017,1,0,0,0,1
Jammu & Kashmir,Border District,2018,1,0,0,0,1
Jammu & Kashmir,Border District,2019,3,0,0,0,3
Jammu & Kashmir,Border District,2020,5,1,0,0,6
Jammu & Kashmir,Border District,2021,4,1,0,0,5
Jammu & Kashmir,Border District,2022,7,1,1,0,9
Maharashtra,Mumbai Commr.,2017,70,16,12,8,106
Maharashtra,Mumbai Commr.,2018,126,29,23,15,193
Maharashtra,Mumbai Commr.,2019,157,36,29,19,241
Maharashtra,Mumbai Commr.,2020,288,66,53,35,442
Maharashtra,Mumbai Commr.,2021,279,64,51,34,428
Maharashtra,Mumbai Commr.,2022,537,124,99,66,826
Manipur,Imphal East,2017,10,2,1,1,14
Manipur,Imphal East,2018,13,3,2,1,19
Manipur,Imphal East,2019,21,4,3,2,30
Manipur,Imphal East,2020,34,7,6,4,51
Manipur,Imphal East,2021,59,13,11,7,90
Manipur,Imphal East,2022,70,16,13,8,107
Manipur,Imphal West,2017,19,4,3,2,28
Manipur,Imphal West,2018,26,6,4,3,39
Manipur,Imphal West,2019,38,8,7,4,57
Manipur,Imphal West,2020,62,14,11,7,94
Manipur,Imphal West,2021,61,14,11,7,93
Manipur,Imphal West,2022,91,21,16,11,139
Punjab,Sas Ngr,2017,10,2,1,1,14
Punjab,Sas Ngr,2018,14,3,2,1,20
Punjab,Sas Ngr,2019,22,5,4,2,33
Punjab,Sas Ngr,2020,28,6,5,3,42
Punjab,Sas Ngr,2021,44,10,8,5,67
Punjab,Sas Ngr,2022,67,15,12,8,102
Rajasthan,Jaipur East,2017,12,2,2,1,17
Rajasthan,Jaipur East,2018,21,4,3,2,30
Rajasthan,Jaipur East,2019,24,5,4,2,35
Rajasthan,Jaipur East,2020,43,10,8,5,66
Rajasthan,Jaipur East,2021,67,15,12,8,102
Rajasthan,Jaipur East,2022,95,21,17,11,144
Rajasthan,Jaipur North,2017,6,1,1,0,8
Rajasthan,Jaipur North,2018,12,2,2,1,17
Rajasthan,Jaipur North,2019,18,4,3,2,27
Rajasthan,Jaipur North,2020,21,5,4,2,32
Rajasthan,Jaipur North,2021,33,7,6,4,50
Rajasthan,Jaipur North,2022,50,11,9,6,76
Rajasthan,Jaipur Rural,2017,5,1,1,0,7
Rajasthan,Jaipur Rural,2018,10,2,2,1,15
Rajasthan,Jaipur Rural,2019,14,3,2,1,20
Rajasthan,Jaipur Rural,2020,26,6,4,3,39
Rajasthan,Jaipur Rural,2021,36,8,6,4,54
Rajasthan,Jaipur Rural,2022,49,11,9,6,75
Rajasthan,Jaipur South,2017,4,0,0,0,4
Rajasthan,Jaipur South,2018,5,1,1,0,7
Rajasthan,Jaipur South,2019,9,2,1,1,13
Rajasthan,Jaipur South,2020,11,2,2,1,16
Rajasthan,Jaipur South,2021,15,3,2,1,21
Rajasthan,Jaipur South,2022,20,4,3,2,29
Rajasthan,Jodhpur City,2017,8,2,1,1,12
Rajasthan,Jodhpur City,2018,12,2,2,1,17
Rajasthan,Jodhpur City,2019,20,4,3,2,29
Rajasthan,Jodhpur City,2020,37,8,6,4,55
Rajasthan,Jodhpur City,2021,37,8,6,4,55
Rajasthan,Jodhpur City,2022,67,15,12,8,102
Rajasthan,Jodhpur Rural,2017,13,3,2,1,19
Rajasthan,Jodhpur Rural,2018,18,4,3,2,27
Rajasthan,Jodhpur Rural,2019,24,5,4,2,35
Rajasthan,Jodhpur Rural,2020,37,8,6,4,55
Rajasthan,Jodhpur Rural,2021,70,16,12,8,106
Rajasthan,Jodhpur Rural,2022,92,21,17,11,141
Rajasthan,Kota City,2017,7,1,1,0,9
Rajasthan,Kota City,2018,13,3,2,1,19
Rajasthan,Kota City,2019,15,3,2,1,21
Rajasthan,Kota City,2020,29,6,5,3,43
Rajasthan,Kota City,2021,35,8,6,4,53
Rajasthan,Kota City,2022,57,13,10,7,87
Rajasthan,Kota Rural,2017,9,2,1,1,13
Rajasthan,Kota Rural,2018,11,2,2,1,16
Rajasthan,Kota Rural,2019,17,4,3,2,26
Rajasthan,Kota Rural,2020,33,7,6,4,50
Rajasthan,Kota Rural,2021,36,8,6,4,54
Rajasthan,Kota Rural,2022,50,11,9,6,76
Delhi,Grp(Rly),2017,11,2,2,1,16
Delhi,Grp(Rly),2018,14,3,2,1,20
Delhi,Grp(Rly),2019,26,6,4,3,39
Delhi,Grp(Rly),2020,36,8,6,4,54
Delhi,Grp(Rly),2021,59,13,10,7,89
Delhi,Grp(Rly),2022,60,13,11,7,91
Delhi,Stf,2017,1,0,0,0,1
Delhi,Stf,2018,1,0,0,0,1
Delhi,Stf,2019,3,0,0,0,3
Delhi,Stf,2020,4,0,0,0,4
Delhi,Stf,2021,6,1,1,0,8
Delhi,Stf,2022,7,1,1,0,9
Puducherry,Karaikal,2017,7,1,1,0,9
Puducherry,Karaikal,2018,12,2,2,1,17
Puducherry,Karaikal,2019,14,3,2,1,20
Puducherry,Karaikal,2020,23,5,4,2,34
Puducherry,Karaikal,2021,32,7,6,4,49
Puducherry,Karaikal,2022,46,10,8,5,69
Jharkhand,Khunti,2017,7,1,1,0,9
Jharkhand,Khunti,2018,10,2,1,1,14
Jharkhand,Khunti,2019,15,3,2,1,21
Jharkhand,Khunti,2020,24,5,4,3,36
Jharkhand,Khunti,2021,43,10,8,5,66
Jharkhand,Khunti,2022,46,10,8,5,69
Jharkhand,Ramgarh,2017,2,0,0,0,2
Jharkhand,Ramgarh,2018,3,0,0,0,3
Jharkhand,Ramgarh,2019,4,1,0,0,5
Jharkhand,Ramgarh,2020,7,1,1,0,9
Jharkhand,Ramgarh,2021,13,3,2,1,19
Jharkhand,Ramgarh,2022,15,3,2,1,21
Nagaland,Longleng,2017,9,2,1,1,13
Nagaland,Longleng,2018,15,3,2,1,21
Nagaland,Longleng,2019,23,5,4,2,34
Nagaland,Longleng,2020,35,8,6,4,53
Nagaland,Longleng,2021,48,11,8,5,72
Nagaland,Longleng,2022,62,14,11,7,94
Punjab,Amritsar Rural,2017,3,0,0,0,3
Punjab,Amritsar Rural,2018,4,0,0,0,4
Punjab,Amritsar Rural,2019,5,1,0,0,6
Punjab,Amritsar Rural,2020,9,2,1,1,13
Punjab,Amritsar Rural,2021,12,2,2,1,17
Punjab,Amritsar Rural,2022,18,4,3,2,27
Andaman & Nicobar Islands,A And N Islands,2017,12,2,2,1,17
Andaman & Nicobar Islands,A And N Islands,2018,15,3,2,1,21
Andaman & Nicobar Islands,A And N Islands,2019,22,5,4,2,33
Andaman & Nicobar Islands,A And N Islands,2020,36,8,6,4,54
Andaman & Nicobar Islands,A And N Islands,2021,40,9,7,4,60
Andaman & Nicobar Islands,A And N Islands,2022,60,14,11,7,92
Delhi,Outer,2017,18,4,3,2,27
Delhi,Outer,2018,25,5,4,3,37
Delhi,Outer,2019,27,6,5,3,41
Delhi,Outer,2020,51,11,9,6,77
Delhi,Outer,2021,82,19,15,10,126
Delhi,Outer,2022,112,25,20,13,170
Gujarat,Tapi,2017,6,1,1,0,8
Gujarat,Tapi,2018,11,2,2,1,16
Gujarat,Tapi,2019,15,3,2,1,21
Gujarat,Tapi,2020,24,5,4,3,36
Gujarat,Tapi,2021,33,7,6,4,50
Gujarat,Tapi,2022,40,9,7,4,60
Jammu & Kashmir,Bandipora,2017,19,4,3,2,28
Jammu & Kashmir,Bandipora,2018,21,4,3,2,30
Jammu & Kashmir,Bandipora,2019,29,6,5,3,43
Jammu & Kashmir,Bandipora,2020,50,11,9,6,76
Jammu & Kashmir,Bandipora,2021,72,16,13,8,109
Jammu & Kashmir,Bandipora,2022,96,22,17,11,146
Jammu & Kashmir,Kishtwar,2017,2,0,0,0,2
Jammu & Kashmir,Kishtwar,2018,3,0,0,0,3
Jammu & Kashmir,Kishtwar,2019,5,1,1,0,7
Jammu & Kashmir,Kishtwar,2020,9,2,1,1,13
Jammu & Kashmir,Kishtwar,2021,12,2,2,1,17
Jammu & Kashmir,Kishtwar,2022,15,3,2,1,21
Jammu & Kashmir,Samba,2017,16,3,2,1,22
Jammu & Kashmir,Samba,2018,24,5,4,3,36
Jammu & Kashmir,Samba,2019,39,9,7,4,59
Jammu & Kashmir,Samba,2020,57,13,10,7,87
Jammu & Kashmir,Samba,2021,63,14,11,7,95
Jammu & Kashmir,Samba,2022,118,27,21,14,180
Jammu & Kashmir,Shopian,2017,12,2,2,1,17
Jammu & Kashmir,Shopian,2018,21,4,3,2,30
Jammu & Kashmir,Shopian,2019,36,8,6,4,54
Jammu & Kashmir,Shopian,2020,49,11,9,6,75
Jammu & Kashmir,Shopian,2021,77,17,14,9,117
Jammu & Kashmir,Shopian,2022,95,21,17,11,144
Karnataka,Cbpura,2017,12,2,2,1,17
Karnataka,Cbpura,2018,18,4,3,2,27
Karnataka,Cbpura,2019,22,5,4,2,33
Karnataka,Cbpura,2020,35,8,6,4,53
Karnataka,Cbpura,2021,57,13,10,7,87
Karnataka,Cbpura,2022,59,13,10,7,89
Karnataka,Ramanagar,2017,2,0,0,0,2
Karnataka,Ramanagar,2018,2,0,0,0,2
Karnataka,Ramanagar,2019,4,0,0,0,4
Karnataka,Ramanagar,2020,8,1,1,0,10
Karnataka,Ramanagar,2021,8,1,1,1,11
Karnataka,Ramanagar,2022,13,3,2,1,19
Madhya Pradesh,Alirajpur,2017,16,3,3,2,24
Madhya Pradesh,Alirajpur,2018,25,5,4,3,37
Madhya Pradesh,Alirajpur,2019,37,8,6,4,55
Madhya Pradesh,Alirajpur,2020,60,13,11,7,91
Madhya Pradesh,Alirajpur,2021,74,17,13,9,113
Madhya Pradesh,Alirajpur,2022,90,20,16,11,137
Madhya Pradesh,Singrauli,2017,8,1,1,1,11
Madhya Pradesh,Singrauli,2018,10,2,1,1,14
Madhya Pradesh,Singrauli,2019,18,4,3,2,27
Madhya Pradesh,Singrauli,2020,27,6,5,3,41
Madhya Pradesh,Singrauli,2021,42,9,7,5,63
Madhya Pradesh,Singrauli,2022,50,11,9,6,76
Manipur,Cid,2017,14,3,2,1,20
Manipur,Cid,2018,15,3,2,1,21
Manipur,Cid,2019,30,6,5,3,44
Manipur,Cid,2020,46,10,8,5,69
Manipur,Cid,2021,54,12,10,6,82
Manipur,Cid,2022,68,15,12,8,103
Odisha,Dcp Bbsr,2017,4,1,0,0,5
Odisha,Dcp Bbsr,2018,6,1,1,0,8
Odisha,Dcp Bbsr,2019,9,2,1,1,13
Odisha,Dcp Bbsr,2020,15,3,2,1,21
Odisha,Dcp Bbsr,2021,17,4,3,2,26
Odisha,Dcp Bbsr,2022,24,5,4,2,35
Odisha,Dcp Ctc,2017,13,3,2,1,19
Odisha,Dcp Ctc,2018,19,4,3,2,28
Odisha,Dcp Ctc,2019,33,7,6,4,50
Odisha,Dcp Ctc,2020,46,10,8,5,69
Odisha,Dcp Ctc,2021,53,12,9,6,80
Odisha,Dcp Ctc,2022,88,20,16,10,134
Punjab,Ludhiana Rural,2017,2,0,0,0,2
Punjab,Ludhiana Rural,2018,2,0,0,0,2
Punjab,Ludhiana Rural,2019,4,1,0,0,5
Punjab,Ludhiana Rural,2020,7,1,1,0,9
Punjab,Ludhiana Rural,2021,9,2,1,1,13
Punjab,Ludhiana Rural,2022,13,3,2,1,19
Punjab,Sbs Nagar,2017,7,1,1,0,9
Punjab,Sbs Nagar,2018,11,2,2,1,16
Punjab,Sbs Nagar,2019,16,3,2,1,22
Punjab,Sbs Nagar,2020,28,6,5,3,42
Punjab,Sbs Nagar,2021,28,6,5,3,42
Punjab,Sbs Nagar,2022,43,9,7,5,64
Rajasthan,Pratapgarh,2017,7,1,1,0,9
Rajasthan,Pratapgarh,2018,10,2,1,1,14
Rajasthan,Pratapgarh,2019,10,2,1,1,14
Rajasthan,Pratapgarh,2020,19,4,3,2,28
Rajasthan,Pratapgarh,2021,28,6,5,3,42
Rajasthan,Pratapgarh,2022,31,7,5,3,46
Tamil Nadu,Chennaisuburban,2017,92,21,16,11,140
Tamil Nadu,Chennaisuburban,2018,111,25,20,13,169
Tamil Nadu,Chennaisuburban,2019,218,50,40,26,334
Tamil Nadu,Chennaisuburban,2020,300,69,55,37,461
Tamil Nadu,Chennaisuburban,2021,431,99,79,53,662
Tamil Nadu,Chennaisuburban,2022,556,128,102,68,854
Uttar Pradesh,Kanshiram Nagar,2017,3,0,0,0,3
Uttar Pradesh,Kanshiram Nagar,2018,7,1,1,0,9
Uttar Pradesh,Kanshiram Nagar,2019,9,2,1,1,13
Uttar Pradesh,Kanshiram Nagar,2020,13,3,2,1,19
Uttar Pradesh,Kanshiram Nagar,2021,18,4,3,2,27
Uttar Pradesh,Kanshiram Nagar,2022,27,6,5,3,41
Delhi,Caw,2017,8,1,1,1,11
Delhi,Caw,2018,9,2,1,1,13
Delhi,Caw,2019,18,4,3,2,27
Delhi,Caw,2020,24,5,4,3,36
Delhi,Caw,2021,28,6,5,3,42
Delhi,Caw,2022,52,12,9,6,79
Delhi,Crime Branch,2017,5,1,0,0,6
Delhi,Crime Branch,2018,6,1,1,0,8
Delhi,Crime Branch,2019,9,2,1,1,13
Delhi,Crime Branch,2020,20,4,3,2,29
Delhi,Crime Branch,2021,20,4,3,2,29
Delhi,Crime Branch,2022,31,7,5,3,46
Delhi,Eow,2017,11,2,2,1,16
Delhi,Eow,2018,19,4,3,2,28
Delhi,Eow,2019,27,6,5,3,41
Delhi,Eow,2020,34,7,6,4,51
Delhi,Eow,2021,56,13,10,6,85
Delhi,Eow,2022,75,17,13,9,114
Delhi,South-East,2017,2,0,0,0,2
Delhi,South-East,2018,3,0,0,0,3
Delhi,South-East,2019,4,1,0,0,5
Delhi,South-East,2020,9,2,1,1,13
Delhi,South-East,2021,13,3,2,1,19
Delhi,South-East,2022,15,3,2,1,21
Puducherry,Puducherry,2017,14,3,2,1,20
Puducherry,Puducherry,2018,16,3,2,1,22
Puducherry,Puducherry,2019,23,5,4,2,34
Puducherry,Puducherry,2020,34,8,6,4,52
Puducherry,Puducherry,2021,52,12,9,6,79
Puducherry,Puducherry,2022,82,19,15,10,126
Arunachal Pradesh,Anjaw,2017,13,3,2,1,19
Arunachal Pradesh,Anjaw,2018,22,5,4,2,33
Arunachal Pradesh,Anjaw,2019,26,6,4,3,39
Arunachal Pradesh,Anjaw,2020,44,10,8,5,67
Arunachal Pradesh,Anjaw,2021,67,15,12,8,102
Arunachal Pradesh,Anjaw,2022,91,21,16,11,139
Himachal Pradesh,Baddipolicedist,2017,3,0,0,0,3
Himachal Pradesh,Baddipolicedist,2018,4,1,0,0,5
Himachal Pradesh,Baddipolicedist,2019,8,1,1,1,11
Himachal Pradesh,Baddipolicedist,2020,9,2,1,1,13
Himachal Pradesh,Baddipolicedist,2021,15,3,2,1,21
Himachal Pradesh,Baddipolicedist,2022,19,4,3,2,28
Himachal Pradesh,Cid,2017,18,4,3,2,27
Himachal Pradesh,Cid,2018,26,6,4,3,39
Himachal Pradesh,Cid,2019,28,6,5,3,42
Himachal Pradesh,Cid,2020,56,12,10,6,84
Himachal Pradesh,Cid,2021,73,16,13,9,111
Himachal Pradesh,Cid,2022,119,27,22,14,182
Jammu & Kashmir,Railways Kmr,2017,4,1,0,0,5
Jammu & Kashmir,Railways Kmr,2018,7,1,1,0,9
Jammu & Kashmir,Railways Kmr,2019,9,2,1,1,13
Jammu & Kashmir,Railways Kmr,2020,19,4,3,2,28
Jammu & Kashmir,Railways Kmr,2021,28,6,5,3,42
Jammu & Kashmir,Railways Kmr,2022,38,8,7,4,57
Tamil Nadu,Tiruppur,2017,13,3,2,1,19
Tamil Nadu,Tiruppur,2018,15,3,2,1,21
Tamil Nadu,Tiruppur,2019,22,5,4,2,33
Tamil Nadu,Tiruppur,2020,33,7,6,4,50
Tamil Nadu,Tiruppur,2021,48,11,9,6,74
Tamil Nadu,Tiruppur,2022,82,19,15,10,126
Andhra Pradesh,Guntur Urban,2017,11,2,2,1,16
Andhra Pradesh,Guntur Urban,2018,17,3,3,2,25
Andhra Pradesh,Guntur Urban,2019,28,6,5,3,42
Andhra Pradesh,Guntur Urban,2020,46,10,8,5,69
Andhra Pradesh,Guntur Urban,2021,54,12,10,6,82
Andhra Pradesh,Guntur Urban,2022,71,16,13,8,108
Andhra Pradesh,Rajahmundry,2017,2,0,0,0,2
Andhra Pradesh,Rajahmundry,2018,2,0,0,0,2
Andhra Pradesh,Rajahmundry,2019,3,0,0,0,3
Andhra Pradesh,Rajahmundry,2020,5,1,1,0,7
Andhra Pradesh,Rajahmundry,2021,7,1,1,0,9
Andhra Pradesh,Rajahmundry,2022,11,2,2,1,16
Andhra Pradesh,Tirupathi Urban,2017,15,3,2,1,21
Andhra Pradesh,Tirupathi Urban,2018,21,4,3,2,30
Andhra Pradesh,Tirupathi Urban,2019,33,7,6,4,50
Andhra Pradesh,Tirupathi Urban,2020,44,10,8,5,67
Andhra Pradesh,Tirupathi Urban,2021,78,18,14,9,119
Andhra Pradesh,Tirupathi Urban,2022,85,19,15,10,129
Andhra Pradesh,Warangal Urban,2017,6,1,1,0,8
Andhra Pradesh,Warangal Urban,2018,8,2,1,1,12
Andhra Pradesh,Warangal Urban,2019,15,3,2,1,21
Andhra Pradesh,Warangal Urban,2020,19,4,3,2,28
Andhra Pradesh,Warangal Urban,2021,31,7,5,3,46
Andhra Pradesh,Warangal Urban,2022,41,9,7,5,62
Arunachal Pradesh,Rural,2017,12,2,2,1,17
Arunachal Pradesh,Rural,2018,17,3,3,2,25
Arunachal Pradesh,Rural,2019,31,7,5,3,46
Arunachal Pradesh,Rural,2020,36,8,6,4,54
Arunachal Pradesh,Rural,2021,65,15,12,8,100
Arunachal Pradesh,Rural,2022,89,20,16,10,135
Gujarat,Cid Crime,2017,13,3,2,1,19
Gujarat,Cid Crime,2018,17,3,3,2,25
Gujarat,Cid Crime,2019,31,7,5,3,46
Gujarat,Cid Crime,2020,50,11,9,6,76
Gujarat,Cid Crime,2021,60,13,11,7,91
Gujarat,Cid Crime,2022,89,20,16,11,136
Jammu & Kashmir,Crime Kashmir,2017,8,2,1,1,12
Jammu & Kashmir,Crime Kashmir,2018,12,2,2,1,17
Jammu & Kashmir,Crime Kashmir,2019,19,4,3,2,28
Jammu & Kashmir,Crime Kashmir,2020,28,6,5,3,42
Jammu & Kashmir,Crime Kashmir,2021,46,10,8,5,69
Jammu & Kashmir,Crime Kashmir,2022,67,15,12,8,102
Jammu & Kashmir,Sopore,2017,8,2,1,1,12
Jammu & Kashmir,Sopore,2018,10,2,1,1,14
Jammu & Kashmir,Sopore,2019,14,3,2,1,20
Jammu & Kashmir,Sopore,2020,23,5,4,2,34
Jammu & Kashmir,Sopore,2021,39,9,7,4,59
Jammu & Kashmir,Sopore,2022,50,11,9,6,76
Karnataka,Yadgiri,2017,4,0,0,0,4
Karnataka,Yadgiri,2018,7,1,1,0,9
Karnataka,Yadgiri,2019,9,2,1,1,13
Karnataka,Yadgiri,2020,13,3,2,1,19
Karnataka,Yadgiri,2021,23,5,4,2,34
Karnataka,Yadgiri,2022,29,6,5,3,43
Punjab,Cp Amritsar,2017,15,3,2,1,21
Punjab,Cp Amritsar,2018,18,4,3,2,27
Punjab,Cp Amritsar,2019,35,8,6,4,53
Punjab,Cp Amritsar,2020,58,13,10,7,88
Punjab,Cp Amritsar,2021,83,19,15,10,127
Punjab,Cp Amritsar,2022,95,22,17,11,145
Punjab,Cp Jalandhar,2017,13,3,2,1,19
Punjab,Cp Jalandhar,2018,21,4,3,2,30
Punjab,Cp Jalandhar,2019,34,7,6,4,51
Punjab,Cp Jalandhar,2020,54,12,9,6,81
Punjab,Cp Jalandhar,2021,55,12,10,6,83
Punjab,Cp Jalandhar,2022,79,18,14,9,120
Punjab,Cp Ludhiana,2017,15,3,2,1,21
Punjab,Cp Ludhiana,2018,17,4,3,2,26
Punjab,Cp Ludhiana,2019,27,6,5,3,41
Punjab,Cp Ludhiana,2020,58,13,10,7,88
Punjab,Cp Ludhiana,2021,80,18,14,9,121
Punjab,Cp Ludhiana,2022,93,21,17,11,142
Punjab,Jalandhar Rural,2017,4,0,0,0,4
Punjab,Jalandhar Rural,2018,5,1,1,0,7
Punjab,Jalandhar Rural,2019,10,2,1,1,14
Punjab,Jalandhar Rural,2020,14,3,2,1,20
Punjab,Jalandhar Rural,2021,18,4,3,2,27
Punjab,Jalandhar Rural,2022,25,5,4,3,37
Rajasthan,G.R.P. Ajmer,2017,6,1,1,0,8
Rajasthan,G.R.P. Ajmer,2018,10,2,1,1,14
Rajasthan,G.R.P. Ajmer,2019,17,3,3,2,25
Rajasthan,G.R.P. Ajmer,2020,23,5,4,2,34
Rajasthan,G.R.P. Ajmer,2021,39,9,7,4,59
Rajasthan,G.R.P. Ajmer,2022,47,11,8,5,71
Rajasthan,G.R.P. Jodhpur,2017,7,1,1,0,9
Rajasthan,G.R.P. Jodhpur,2018,8,1,1,1,11
Rajasthan,G.R.P. Jodhpur,2019,12,2,2,1,17
Rajasthan,G.R.P. Jodhpur,2020,23,5,4,2,34
Rajasthan,G.R.P. Jodhpur,2021,25,5,4,3,37
Rajasthan,G.R.P. Jodhpur,2022,36,8,6,4,54
Tripura,G.R.P.,2017,9,2,1,1,13
Tripura,G.R.P.,2018,17,4,3,2,26
Tripura,G.R.P.,2019,26,6,4,3,39
Tripura,G.R.P.,2020,35,8,6,4,53
Tripura,G.R.P.,2021,45,10,8,5,68
Tripura,G.R.P.,2022,71,16,13,8,108
Uttar Pradesh,Csm Nagar,2017,15,3,2,1,21
Uttar Pradesh,Csm Nagar,2018,24,5,4,3,36
Uttar Pradesh,Csm Nagar,2019,38,8,7,4,57
Uttar Pradesh,Csm Nagar,2020,51,11,9,6,77
Uttar Pradesh,Csm Nagar,2021,74,17,13,9,113
Uttar Pradesh,Csm Nagar,2022,99,22,18,12,151
Uttar Pradesh,Ramabai Nagar,2017,16,3,3,2,24
Uttar Pradesh,Ramabai Nagar,2018,23,5,4,2,34
Uttar Pradesh,Ramabai Nagar,2019,33,7,6,4,50
Uttar Pradesh,Ramabai Nagar,2020,46,10,8,5,69
Uttar Pradesh,Ramabai Nagar,2021,54,12,10,6,82
Uttar Pradesh,Ramabai Nagar,2022,72,16,13,8,109
Chhattisgarh,Gariyaband,2017,12,2,2,1,17
Chhattisgarh,Gariyaband,2018,21,4,3,2,30
Chhattisgarh,Gariyaband,2019,26,6,4,3,39
Chhattisgarh,Gariyaband,2020,54,12,9,6,81
Chhattisgarh,Gariyaband,2021,63,14,11,7,95
Chhattisgarh,Gariyaband,2022,98,22,18,12,150
Gujarat,Kutch (East(G)),2017,13,3,2,1,19
Gujarat,Kutch (East(G)),2018,16,3,2,1,22
Gujarat,Kutch (East(G)),2019,21,4,3,2,30
Gujarat,Kutch (East(G)),2020,43,10,8,5,66
Gujarat,Kutch (East(G)),2021,45,10,8,5,68
Gujarat,Kutch (East(G)),2022,85,19,15,10,129
Gujarat,Kutch (West-Bhuj),2017,4,0,0,0,4
Gujarat,Kutch (West-Bhuj),2018,5,1,0,0,6
Gujarat,Kutch (West-Bhuj),2019,8,1,1,1,11
Gujarat,Kutch (West-Bhuj),2020,15,3,2,1,21
Gujarat,Kutch (West-Bhuj),2021,18,4,3,2,27
Gujarat,Kutch (West-Bhuj),2022,24,5,4,3,36
Gujarat,W.Rly Ahmedabad,2017,85,19,15,10,129
Gujarat,W.Rly Ahmedabad,2018,100,23,18,12,153
Gujarat,W.Rly Ahmedabad,2019,181,41,33,22,277
Gujarat,W.Rly Ahmedabad,2020,273,63,50,33,419
Gujarat,W.Rly Ahmedabad,2021,342,79,63,42,526
Gujarat,W.Rly Ahmedabad,2022,433,99,79,53,664
Gujarat,W.Rly Vadodara,2017,3,0,0,0,3
Gujarat,W.Rly Vadodara,2018,4,1,0,0,5
Gujarat,W.Rly Vadodara,2019,7,1,1,0,9
Gujarat,W.Rly Vadodara,2020,11,2,2,1,16
Gujarat,W.Rly Vadodara,2021,16,3,3,2,24
Gujarat,W.Rly Vadodara,2022,22,5,4,2,33
Jammu & Kashmir,Railways Jammu,2017,10,2,1,1,14
Jammu & Kashmir,Railways Jammu,2018,12,2,2,1,17
Jammu & Kashmir,Railways Jammu,2019,18,4,3,2,27
Jammu & Kashmir,Railways Jammu,2020,31,7,5,3,46
Jammu & Kashmir,Railways Jammu,2021,41,9,7,5,62
Jammu & Kashmir,Railways Jammu,2022,45,10,8,5,68
Jammu & Kashmir,Railways Kashmir,2017,11,2,2,1,16
Jammu & Kashmir,Railways Kashmir,2018,15,3,2,1,21
Jammu & Kashmir,Railways Kashmir,2019,20,4,3,2,29
Jammu & Kashmir,Railways Kashmir,2020,29,6,5,3,43
Jammu & Kashmir,Railways Kashmir,2021,54,12,9,6,81
Jammu & Kashmir,Railways Kashmir,2022,57,13,10,7,87
Karnataka,Mangalore City,2017,11,2,2,1,16
Karnataka,Mangalore City,2018,14,3,2,1,20
Karnataka,Mangalore City,2019,28,6,5,3,42
Karnataka,Mangalore City,2020,33,7,6,4,50
Karnataka,Mangalore City,2021,61,14,11,7,93
Karnataka,Mangalore City,2022,74,17,13,9,113
Kerala,Kollam Commr.,2017,94,21,17,11,143
Kerala,Kollam Commr.,2018,118,27,21,14,180
Kerala,Kollam Commr.,2019,221,51,40,27,339
Kerala,Kollam Commr.,2020,352,81,65,43,541
Kerala,Kollam Commr.,2021,374,86,69,46,575
Kerala,Kollam Commr.,2022,679,156,125,83,1043
Kerala,Kollam Rural,2017,2,0,0,0,2
Kerala,Kollam Rural,2018,3,0,0,0,3
Kerala,Kollam Rural,2019,4,1,0,0,5
Kerala,Kollam Rural,2020,6,1,1,0,8
Kerala,Kollam Rural,2021,8,2,1,1,12
Kerala,Kollam Rural,2022,10,2,1,1,14
Kerala,Thrissur Commr.,2017,38,8,7,4,57
Kerala,Thrissur Commr.,2018,47,11,8,5,71
Kerala,Thrissur Commr.,2019,84,19,15,10,128
Kerala,Thrissur Commr.,2020,123,28,22,15,188
Kerala,Thrissur Commr.,2021,176,40,32,21,269
Kerala,Thrissur Commr.,2022,191,44,35,23,293
Kerala,Thrissur Rural,2017,6,1,1,0,8
Kerala,Thrissur Rural,2018,7,1,1,0,9
Kerala,Thrissur Rural,2019,12,2,2,1,17
Kerala,Thrissur Rural,2020,22,5,4,2,33
Kerala,Thrissur Rural,2021,31,7,5,3,46
Kerala,Thrissur Rural,2022,45,10,8,5,68
Punjab,Fazilka,2017,9,2,1,1,13
Punjab,Fazilka,2018,16,3,3,2,24
Punjab,Fazilka,2019,26,6,4,3,39
Punjab,Fazilka,2020,36,8,6,4,54
Punjab,Fazilka,2021,54,12,10,6,82
Punjab,Fazilka,2022,60,14,11,7,92
Punjab,Pathankot,2017,10,2,2,1,15
Punjab,Pathankot,2018,17,3,3,2,25
Punjab,Pathankot,2019,24,5,4,2,35
Punjab,Pathankot,2020,32,7,6,4,49
Punjab,Pathankot,2021,54,12,9,6,81
Punjab,Pathankot,2022,65,15,12,8,100
Rajasthan,G.R.P.Ajmer,2017,17,4,3,2,26
Rajasthan,G.R.P.Ajmer,2018,23,5,4,2,34
Rajasthan,G.R.P.Ajmer,2019,28,6,5,3,42
Rajasthan,G.R.P.Ajmer,2020,46,10,8,5,69
Rajasthan,G.R.P.Ajmer,2021,65,15,12,8,100
Rajasthan,G.R.P.Ajmer,2022,112,25,20,13,170
Rajasthan,G.R.P.Jodhpur,2017,13,3,2,1,19
Rajasthan,G.R.P.Jodhpur,2018,23,5,4,2,34
Rajasthan,G.R.P.Jodhpur,2019,31,7,5,3,46
Rajasthan,G.R.P.Jodhpur,2020,47,11,8,5,71
Rajasthan,G.R.P.Jodhpur,2021,56,12,10,6,84
Rajasthan,G.R.P.Jodhpur,2022,85,19,15,10,129
Rajasthan,Jaipur West,2017,11,2,2,1,16
Rajasthan,Jaipur West,2018,17,4,3,2,26
Rajasthan,Jaipur West,2019,32,7,6,4,49
Rajasthan,Jaipur West,2020,48,11,8,5,72
Rajasthan,Jaipur West,2021,72,16,13,8,109
Rajasthan,Jaipur West,2022,86,20,16,10,132
Tripura,Grp,2017,1,0,0,0,1
Tripura,Grp,2018,2,0,0,0,2
Tripura,Grp,2019,3,0,0,0,3
Tripura,Grp,2020,6,1,1,0,8
Tripura,Grp,2021,8,1,1,1,11
Tripura,Grp,2022,10,2,1,1,14
Uttar Pradesh,Bhim Nagar,2017,1,0,0,0,1
Uttar Pradesh,Bhim Nagar,2018,2,0,0,0,2
Uttar Pradesh,Bhim Nagar,2019,3,0,0,0,3
Uttar Pradesh,Bhim Nagar,2020,4,0,0,0,4
Uttar Pradesh,Bhim Nagar,2021,6,1,1,0,8
Uttar Pradesh,Bhim Nagar,2022,8,2,1,1,12
Uttar Pradesh,Panchshil Nagar,2017,7,1,1,0,9
Uttar Pradesh,Panchshil Nagar,2018,11,2,2,1,16
Uttar Pradesh,Panchshil Nagar,2019,14,3,2,1,20
Uttar Pradesh,Panchshil Nagar,2020,25,5,4,3,37
Uttar Pradesh,Panchshil Nagar,2021,30,7,5,3,45
Uttar Pradesh,Panchshil Nagar,2022,46,10,8,5,69
Uttar Pradesh,Prabuddh Nagar,2017,12,2,2,1,17
Uttar Pradesh,Prabuddh Nagar,2018,15,3,2,1,21
Uttar Pradesh,Prabuddh Nagar,2019,23,5,4,2,34
Uttar Pradesh,Prabuddh Nagar,2020,46,10,8,5,69
Uttar Pradesh,Prabuddh Nagar,2021,64,14,11,7,96
Uttar Pradesh,Prabuddh Nagar,2022,67,15,12,8,102
Assam,Baksa,2017,1,0,0,0,1
Assam,Baksa,2018,1,0,0,0,1
Assam,Baksa,2019,3,0,0,0,3
Assam,Baksa,2020,4,1,0,0,5
Assam,Baksa,2021,5,1,0,0,6
Assam,Baksa,2022,9,2,1,1,13
Assam,Bieo,2017,12,2,2,1,17
Assam,Bieo,2018,16,3,3,2,24
Assam,Bieo,2019,25,5,4,3,37
Assam,Bieo,2020,31,7,5,3,46
Assam,Bieo,2021,54,12,9,6,81
Assam,Bieo,2022,71,16,13,8,108
Assam,Hamren,2017,14,3,2,1,20
Assam,Hamren,2018,23,5,4,2,34
Assam,Hamren,2019,39,9,7,4,59
Assam,Hamren,2020,53,12,9,6,80
Assam,Hamren,2021,62,14,11,7,94
Assam,Hamren,2022,102,23,18,12,155
Chhattisgarh,Balod,2017,15,3,2,1,21
Chhattisgarh,Balod,2018,21,5,4,2,32
Chhattisgarh,Balod,2019,30,7,5,3,45
Chhattisgarh,Balod,2020,45,10,8,5,68
Chhattisgarh,Balod,2021,78,18,14,9,119
Chhattisgarh,Balod,2022,111,25,20,13,169
Chhattisgarh,Baloda Bazar,2017,3,0,0,0,3
Chhattisgarh,Baloda Bazar,2018,4,0,0,0,4
Chhattisgarh,Baloda Bazar,2019,5,1,1,0,7
Chhattisgarh,Baloda Bazar,2020,8,1,1,1,11
Chhattisgarh,Baloda Bazar,2021,13,3,2,1,19
Chhattisgarh,Baloda Bazar,2022,17,4,3,2,26
Chhattisgarh,Bemetara,2017,13,3,2,1,19
Chhattisgarh,Bemetara,2018,15,3,2,1,21
Chhattisgarh,Bemetara,2019,23,5,4,2,34
Chhattisgarh,Bemetara,2020,39,9,7,4,59
Chhattisgarh,Bemetara,2021,58,13,10,7,88
Chhattisgarh,Bemetara,2022,76,17,14,9,116
Chhattisgarh,Kondagaon,2017,10,2,1,1,14
Chhattisgarh,Kondagaon,2018,12,2,2,1,17
Chhattisgarh,Kondagaon,2019,20,4,3,2,29
Chhattisgarh,Kondagaon,2020,28,6,5,3,42
Chhattisgarh,Kondagaon,2021,37,8,6,4,55
Chhattisgarh,Kondagaon,2022,58,13,10,7,88
Chhattisgarh,Mungeli,2017,15,3,2,1,21
Chhattisgarh,Mungeli,2018,20,4,3,2,29
Chhattisgarh,Mungeli,2019,34,7,6,4,51
Chhattisgarh,Mungeli,2020,57,13,10,7,87
Chhattisgarh,Mungeli,2021,62,14,11,7,94
Chhattisgarh,Mungeli,2022,103,23,19,12,157
Chhattisgarh,Sukma,2017,9,2,1,1,13
Chhattisgarh,Sukma,2018,13,3,2,1,19
Chhattisgarh,Sukma,2019,21,4,3,2,30
Chhattisgarh,Sukma,2020,33,7,6,4,50
Chhattisgarh,Sukma,2021,36,8,6,4,54
Chhattisgarh,Sukma,2022,53,12,9,6,80
Haryana,Ambala Rural,2017,12,2,2,1,17
Haryana,Ambala Rural,2018,13,3,2,1,19
Haryana,Ambala Rural,2019,23,5,4,2,34
Haryana,Ambala Rural,2020,30,7,5,3,45
Haryana,Ambala Rural,2021,53,12,9,6,80
Haryana,Ambala Rural,2022,74,17,13,9,113
Haryana,Ambala Urban,2017,3,0,0,0,3
Haryana,Ambala Urban,2018,7,1,1,0,9
Haryana,Ambala Urban,2019,10,2,1,1,14
Haryana,Ambala Urban,2020,13,3,2,1,19
Haryana,Ambala Urban,2021,20,4,3,2,29
Haryana,Ambala Urban,2022,33,7,6,4,50
Jammu & Kashmir,Railways Katra,2017,13,3,2,1,19
Jammu & Kashmir,Railways Katra,2018,22,5,4,2,33
Jammu & Kashmir,Railways Katra,2019,30,7,5,3,45
Jammu & Kashmir,Railways Katra,2020,39,9,7,4,59
Jammu & Kashmir,Railways Katra,2021,71,16,13,8,108
Jammu & Kashmir,Railways Katra,2022,74,17,13,9,113
Rajasthan,Jodhpur East,2017,15,3,2,1,21
Rajasthan,Jodhpur East,2018,16,3,3,2,24
Rajasthan,Jodhpur East,2019,28,6,5,3,42
Rajasthan,Jodhpur East,2020,49,11,9,6,75
Rajasthan,Jodhpur East,2021,68,15,12,8,103
Rajasthan,Jodhpur East,2022,93,21,17,11,142
Rajasthan,Jodhpur West,2017,6,1,1,0,8
Rajasthan,Jodhpur West,2018,10,2,1,1,14
Rajasthan,Jodhpur West,2019,13,3,2,1,19
Rajasthan,Jodhpur West,2020,25,5,4,3,37
Rajasthan,Jodhpur West,2021,27,6,5,3,41
Rajasthan,Jodhpur West,2022,37,8,6,4,55
Tripura,Gomati,2017,6,1,1,0,8
Tripura,Gomati,2018,12,2,2,1,17
Tripura,Gomati,2019,17,4,3,2,26
Tripura,Gomati,2020,23,5,4,2,34
Tripura,Gomati,2021,32,7,6,4,49
Tripura,Gomati,2022,54,12,10,6,82
Tripura,Khowai,2017,4,1,0,0,5
Tripura,Khowai,2018,6,1,1,0,8
Tripura,Khowai,2019,10,2,1,1,14
Tripura,Khowai,2020,20,4,3,2,29
Tripura,Khowai,2021,25,5,4,3,37
Tripura,Khowai,2022,29,6,5,3,43
Tripura,Sipahijala,2017,2,0,0,0,2
Tripura,Sipahijala,2018,4,1,0,0,5
Tripura,Sipahijala,2019,4,1,0,0,5
Tripura,Sipahijala,2020,7,1,1,0,9
Tripura,Sipahijala,2021,11,2,2,1,16
Tripura,Sipahijala,2022,17,3,3,2,25
Tripura,Unakoti,2017,14,3,2,1,20
Tripura,Unakoti,2018,24,5,4,3,36
Tripura,Unakoti,2019,38,8,7,4,57
Tripura,Unakoti,2020,58,13,10,7,88
Tripura,Unakoti,2021,79,18,14,9,120
Tripura,Unakoti,2022,116,26,21,14,177
West Bengal,Bdn Cp,2017,15,3,2,1,21
West Bengal,Bdn Cp,2018,22,5,4,2,33
West Bengal,Bdn Cp,2019,31,7,5,3,46
West Bengal,Bdn Cp,2020,46,10,8,5,69
West Bengal,Bdn Cp,2021,76,17,14,9,116
West Bengal,Bdn Cp,2022,85,19,15,10,129
West Bengal,Bkp Cp,2017,9,2,1,1,13
West Bengal,Bkp Cp,2018,17,4,3,2,26
West Bengal,Bkp Cp,2019,29,6,5,3,43
West Bengal,Bkp Cp,2020,34,7,6,4,51
West Bengal,Bkp Cp,2021,54,12,10,6,82
West Bengal,Bkp Cp,2022,64,14,11,7,96
West Bengal,Jhargram,2017,18,4,3,2,27
West Bengal,Jhargram,2018,21,4,3,2,30
West Bengal,Jhargram,2019,30,6,5,3,44
West Bengal,Jhargram,2020,54,12,10,6,82
West Bengal,Jhargram,2021,67,15,12,8,102
West Bengal,Jhargram,2022,95,22,17,11,145
West Bengal,Siliguri_Pc,2017,10,2,1,1,14
West Bengal,Siliguri_Pc,2018,20,4,3,2,29
West Bengal,Siliguri_Pc,2019,25,5,4,3,37
West Bengal,Siliguri_Pc,2020,45,10,8,5,68
West Bengal,Siliguri_Pc,2021,49,11,9,6,75
West Bengal,Siliguri_Pc,2022,68,15,12,8,103
Andaman & Nicobar Islands,Car,2017,11,2,2,1,16
Andaman & Nicobar Islands,Car,2018,15,3,2,1,21
Andaman & Nicobar Islands,Car,2019,25,5,4,3,37
Andaman & Nicobar Islands,Car,2020,34,8,6,4,52
Andaman & Nicobar Islands,Car,2021,42,9,7,5,63
Andaman & Nicobar Islands,Car,2022,61,14,11,7,93
Andaman & Nicobar Islands,North,2017,13,3,2,1,19
Andaman & Nicobar Islands,North,2018,22,5,4,2,33
Andaman & Nicobar Islands,North,2019,30,6,5,3,44
Andaman & Nicobar Islands,North,2020,43,10,8,5,66
Andaman & Nicobar Islands,North,2021,76,17,14,9,116
Andaman & Nicobar Islands,North,2022,97,22,18,12,149
Andaman & Nicobar Islands,South,2017,2,0,0,0,2
Andaman & Nicobar Islands,South,2018,4,1,0,0,5
Andaman & Nicobar Islands,South,2019,6,1,1,0,8
Andaman & Nicobar Islands,South,2020,7,1,1,0,9
Andaman & Nicobar Islands,South,2021,13,3,2,1,19
Andaman & Nicobar Islands,South,2022,14,3,2,1,20
Arunachal Pradesh,Longding,2017,15,3,2,1,21
Arunachal Pradesh,Longding,2018,21,5,4,2,32
Arunachal Pradesh,Longding,2019,38,8,7,4,57
Arunachal Pradesh,Longding,2020,63,14,11,7,95
Arunachal Pradesh,Longding,2021,87,20,16,10,133
Arunachal Pradesh,Longding,2022,115,26,21,14,176
Assam,Stf,2017,2,0,0,0,2
Assam,Stf,2018,4,1,0,0,5
Assam,Stf,2019,7,1,1,0,9
Assam,Stf,2020,11,2,2,1,16
Assam,Stf,2021,14,3,2,1,20
Assam,Stf,2022,18,4,3,2,27
Haryana,I&P Haryana,2017,12,2,2,1,17
Haryana,I&P Haryana,2018,23,5,4,2,34
Haryana,I&P Haryana,2019,36,8,6,4,54
Haryana,I&P Haryana,2020,53,12,9,6,80
Haryana,I&P Haryana,2021,75,17,13,9,114
Haryana,I&P Haryana,2022,99,22,18,12,151
Madhya Pradesh,Agar,2017,8,1,1,1,11
Madhya Pradesh,Agar,2018,13,3,2,1,19
Madhya Pradesh,Agar,2019,18,4,3,2,27
Madhya Pradesh,Agar,2020,33,7,6,4,50
Madhya Pradesh,Agar,2021,36,8,6,4,54
Madhya Pradesh,Agar,2022,47,10,8,5,70
Meghalaya,Garo Hills North,2017,9,2,1,1,13
Meghalaya,Garo Hills North,2018,12,2,2,1,17
Meghalaya,Garo Hills North,2019,20,4,3,2,29
Meghalaya,Garo Hills North,2020,25,5,4,3,37
Meghalaya,Garo Hills North,2021,39,9,7,4,59
Meghalaya,Garo Hills North,2022,56,12,10,6,84
Meghalaya,Garo Hills South W.,2017,8,2,1,1,12
Meghalaya,Garo Hills South W.,2018,9,2,1,1,13
Meghalaya,Garo Hills South W.,2019,16,3,3,2,24
Meghalaya,Garo Hills South W.,2020,21,4,3,2,30
Meghalaya,Garo Hills South W.,2021,29,6,5,3,43
Meghalaya,Garo Hills South W.,2022,39,9,7,4,59
Meghalaya,Jaintia Hills East,2017,16,3,3,2,24
Meghalaya,Jaintia Hills East,2018,24,5,4,3,36
Meghalaya,Jaintia Hills East,2019,36,8,6,4,54
Meghalaya,Jaintia Hills East,2020,44,10,8,5,67
Meghalaya,Jaintia Hills East,2021,57,13,10,7,87
Meghalaya,Jaintia Hills East,2022,103,23,19,12,157
Meghalaya,Jaintia Hills West,2017,2,0,0,0,2
Meghalaya,Jaintia Hills West,2018,2,0,0,0,2
Meghalaya,Jaintia Hills West,2019,4,1,0,0,5
Meghalaya,Jaintia Hills West,2020,7,1,1,0,9
Meghalaya,Jaintia Hills West,2021,10,2,1,1,14
Meghalaya,Jaintia Hills West,2022,10,2,2,1,15
Meghalaya,Khasi Hills South W.,2017,14,3,2,1,20
Meghalaya,Khasi Hills South W.,2018,17,4,3,2,26
Meghalaya,Khasi Hills South W.,2019,26,6,4,3,39
Meghalaya,Khasi Hills South W.,2020,47,11,8,5,71
Meghalaya,Khasi Hills South W.,2021,47,10,8,5,70
Meghalaya,Khasi Hills South W.,2022,77,17,14,9,117
Mizoram,Spl Narcotic,2017,10,2,1,1,14
Mizoram,Spl Narcotic,2018,15,3,2,1,21
Mizoram,Spl Narcotic,2019,22,5,4,2,33
Mizoram,Spl Narcotic,2020,41,9,7,5,62
Mizoram,Spl Narcotic,2021,46,10,8,5,69
Mizoram,Spl Narcotic,2022,70,16,13,8,107
Mizoram,Traffic Ps,2017,9,2,1,1,13
Mizoram,Traffic Ps,2018,11,2,2,1,16
Mizoram,Traffic Ps,2019,22,5,4,2,33
Mizoram,Traffic Ps,2020,25,5,4,3,37
Mizoram,Traffic Ps,2021,33,7,6,4,50
Mizoram,Traffic Ps,2022,48,11,8,5,72
Rajasthan,Discom,2017,4,1,0,0,5
Rajasthan,Discom,2018,6,1,1,0,8
Rajasthan,Discom,2019,9,2,1,1,13
Rajasthan,Discom,2020,18,4,3,2,27
Rajasthan,Discom,2021,23,5,4,2,34
Rajasthan,Discom,2022,34,7,6,4,51
Uttar Pradesh,Amethi,2017,12,2,2,1,17
Uttar Pradesh,Amethi,2018,13,3,2,1,19
Uttar Pradesh,Amethi,2019,26,6,4,3,39
Uttar Pradesh,Amethi,2020,33,7,6,4,50
Uttar Pradesh,Amethi,2021,41,9,7,5,62
Uttar Pradesh,Amethi,2022,63,14,11,7,95
Uttar Pradesh,Amroha,2017,12,2,2,1,17
Uttar Pradesh,Amroha,2018,21,4,3,2,30
Uttar Pradesh,Amroha,2019,26,6,4,3,39
Uttar Pradesh,Amroha,2020,45,10,8,5,68
Uttar Pradesh,Amroha,2021,73,17,13,9,112
Uttar Pradesh,Amroha,2022,97,22,17,11,147
Uttar Pradesh,Hapur,2017,4,1,0,0,5
Uttar Pradesh,Hapur,2018,7,1,1,0,9
Uttar Pradesh,Hapur,2019,8,1,1,1,11
Uttar Pradesh,Hapur,2020,13,3,2,1,19
Uttar Pradesh,Hapur,2021,25,5,4,3,37
Uttar Pradesh,Hapur,2022,32,7,6,4,49
Uttar Pradesh,Kasganj,2017,2,0,0,0,2
Uttar Pradesh,Kasganj,2018,3,0,0,0,3
Uttar Pradesh,Kasganj,2019,4,1,0,0,5
Uttar Pradesh,Kasganj,2020,7,1,1,0,9
Uttar Pradesh,Kasganj,2021,8,1,1,1,11
Uttar Pradesh,Kasganj,2022,12,2,2,1,17
Uttar Pradesh,Sambhal,2017,10,2,1,1,14
Uttar Pradesh,Sambhal,2018,14,3,2,1,20
Uttar Pradesh,Sambhal,2019,18,4,3,2,27
Uttar Pradesh,Sambhal,2020,29,6,5,3,43
Uttar Pradesh,Sambhal,2021,36,8,6,4,54
Uttar Pradesh,Sambhal,2022,64,14,11,7,96
Uttar Pradesh,Shamli,2017,5,1,0,0,6
Uttar Pradesh,Shamli,2018,7,1,1,0,9
Uttar Pradesh,Shamli,2019,11,2,2,1,16
Uttar Pradesh,Shamli,2020,13,3,2,1,19
Uttar Pradesh,Shamli,2021,19,4,3,2,28
Uttar Pradesh,Shamli,2022,25,5,4,3,37
Dadra & Nagar Haveli,D&N Haveli,2017,2,0,0,0,2
Dadra & Nagar Haveli,D&N Haveli,2018,2,0,0,0,2
Dadra & Nagar Haveli,D&N Haveli,2019,4,0,0,0,4
Dadra & Nagar Haveli,D&N Haveli,2020,6,1,1,0,8
Dadra & Nagar Haveli,D&N Haveli,2021,10,2,1,1,14
Dadra & Nagar Haveli,D&N Haveli,2022,13,3,2,1,19
Delhi,Metro Rail,2017,12,2,2,1,17
Delhi,Metro Rail,2018,18,4,3,2,27
Delhi,Metro Rail,2019,28,6,5,3,42
Delhi,Metro Rail,2020,44,10,8,5,67
Delhi,Metro Rail,2021,61,14,11,7,93
Delhi,Metro Rail,2022,101,23,18,12,154
Andhra Pradesh,Guntakal Railway,2017,8,2,1,1,12
Andhra Pradesh,Guntakal Railway,2018,15,3,2,1,21
Andhra Pradesh,Guntakal Railway,2019,20,4,3,2,29
Andhra Pradesh,Guntakal Railway,2020,30,6,5,3,44
Andhra Pradesh,Guntakal Railway,2021,39,9,7,4,59
Andhra Pradesh,Guntakal Railway,2022,65,15,12,8,100
Andhra Pradesh,Vijayawada Railway,2017,11,2,2,1,16
Andhra Pradesh,Vijayawada Railway,2018,19,4,3,2,28
Andhra Pradesh,Vijayawada Railway,2019,30,6,5,3,44
Andhra Pradesh,Vijayawada Railway,2020,45,10,8,5,68
Andhra Pradesh,Vijayawada Railway,2021,51,11,9,6,77
Andhra Pradesh,Vijayawada Railway,2022,68,15,12,8,103
Arunachal Pradesh,Crime Branch,2017,8,1,1,1,11
Arunachal Pradesh,Crime Branch,2018,10,2,1,1,14
Arunachal Pradesh,Crime Branch,2019,15,3,2,1,21
Arunachal Pradesh,Crime Branch,2020,34,7,6,4,51
Arunachal Pradesh,Crime Branch,2021,33,7,6,4,50
Arunachal Pradesh,Crime Branch,2022,50,11,9,6,76
Arunachal Pradesh,Kukung Kumey,2017,5,1,0,0,6
Arunachal Pradesh,Kukung Kumey,2018,6,1,1,0,8
Arunachal Pradesh,Kukung Kumey,2019,8,2,1,1,12
Arunachal Pradesh,Kukung Kumey,2020,14,3,2,1,20
Arunachal Pradesh,Kukung Kumey,2021,21,5,4,2,32
Arunachal Pradesh,Kukung Kumey,2022,28,6,5,3,42
Arunachal Pradesh,Lower Dibang Valley,2017,7,1,1,0,9
Arunachal Pradesh,Lower Dibang Valley,2018,16,3,3,2,24
Arunachal Pradesh,Lower Dibang Valley,2019,20,4,3,2,29
Arunachal Pradesh,Lower Dibang Valley,2020,31,7,5,3,46
Arunachal Pradesh,Lower Dibang Valley,2021,50,11,9,6,76
Arunachal Pradesh,Lower Dibang Valley,2022,57,13,10,7,87
Arunachal Pradesh,Papum Pare City,2017,3,0,0,0,3
Arunachal Pradesh,Papum Pare City,2018,5,1,1,0,7
Arunachal Pradesh,Papum Pare City,2019,7,1,1,0,9
Arunachal Pradesh,Papum Pare City,2020,10,2,1,1,14
Arunachal Pradesh,Papum Pare City,2021,17,4,3,2,26
Arunachal Pradesh,Papum Pare City,2022,21,5,4,2,32
Arunachal Pradesh,Papum Pare Rural,2017,14,3,2,1,20
Arunachal Pradesh,Papum Pare Rural,2018,21,5,4,2,32
Arunachal Pradesh,Papum Pare Rural,2019,32,7,5,3,47
Arunachal Pradesh,Papum Pare Rural,2020,41,9,7,5,62
Arunachal Pradesh,Papum Pare Rural,2021,64,14,11,7,96
Arunachal Pradesh,Papum Pare Rural,2022,92,21,17,11,141
Assam,G. R. P.,2017,3,0,0,0,3
Assam,G. R. P.,2018,6,1,1,0,8
Assam,G. R. P.,2019,7,1,1,0,9
Assam,G. R. P.,2020,14,3,2,1,20
Assam,G. R. P.,2021,18,4,3,2,27
Assam,G. R. P.,2022,24,5,4,2,35
Assam,N. C. Hills,2017,3,0,0,0,3
Assam,N. C. Hills,2018,7,1,1,0,9
Assam,N. C. Hills,2019,8,1,1,0,10
Assam,N. C. Hills,2020,14,3,2,1,20
Assam,N. C. Hills,2021,21,4,3,2,30
Assam,N. C. Hills,2022,26,6,4,3,39
Bihar,Jamalpur Railway,2017,10,2,1,1,14
Bihar,Jamalpur Railway,2018,13,3,2,1,19
Bihar,Jamalpur Railway,2019,15,3,2,1,21
Bihar,Jamalpur Railway,2020,30,6,5,3,44
Bihar,Jamalpur Railway,2021,43,9,7,5,64
Bihar,Jamalpur Railway,2022,62,14,11,7,94
Bihar,Katihar Railway,2017,1,0,0,0,1
Bihar,Katihar Railway,2018,2,0,0,0,2
Bihar,Katihar Railway,2019,2,0,0,0,2
Bihar,Katihar Railway,2020,3,0,0,0,3
Bihar,Katihar Railway,2021,5,1,1,0,7
Bihar,Katihar Railway,2022,6,1,1,0,8
Bihar,Muzaffarpur Railway,2017,2,0,0,0,2
Bihar,Muzaffarpur Railway,2018,3,0,0,0,3
Bihar,Muzaffarpur Railway,2019,5,1,1,0,7
Bihar,Muzaffarpur Railway,2020,9,2,1,1,13
Bihar,Muzaffarpur Railway,2021,9,2,1,1,13
Bihar,Muzaffarpur Railway,2022,17,4,3,2,26
Bihar,Patna Railway,2017,2,0,0,0,2
Bihar,Patna Railway,2018,4,1,0,0,5
Bihar,Patna Railway,2019,5,1,0,0,6
Bihar,Patna Railway,2020,8,1,1,1,11
Bihar,Patna Railway,2021,14,3,2,1,20
Bihar,Patna Railway,2022,14,3,2,1,20
Bihar,Economic Offences Unit,2017,5,1,1,0,7
Bihar,Economic Offences Unit,2018,7,1,1,0,9
Bihar,Economic Offences Unit,2019,11,2,2,1,16
Bihar,Economic Offences Unit,2020,18,4,3,2,27
Bihar,Economic Offences Unit,2021,27,6,5,3,41
Bihar,Economic Offences Unit,2022,36,8,6,4,54
Bihar,Anti Terrorist Squad,2017,6,1,1,0,8
Bihar,Anti Terrorist Squad,2018,7,1,1,0,9
Bihar,Anti Terrorist Squad,2019,9,2,1,1,13
Bihar,Anti Terrorist Squad,2020,15,3,2,1,21
Bihar,Anti Terrorist Squad,2021,25,5,4,3,37
Bihar,Anti Terrorist Squad,2022,39,9,7,4,59
Chhattisgarh,Balodbazar,2017,1,0,0,0,1
Chhattisgarh,Balodbazar,2018,2,0,0,0,2
Chhattisgarh,Balodbazar,2019,3,0,0,0,3
Chhattisgarh,Balodbazar,2020,4,1,0,0,5
Chhattisgarh,Balodbazar,2021,5,1,0,0,6
Chhattisgarh,Balodbazar,2022,9,2,1,1,13
Chhattisgarh,Bemetra,2017,6,1,1,0,8
Chhattisgarh,Bemetra,2018,10,2,2,1,15
Chhattisgarh,Bemetra,2019,15,3,2,1,21
Chhattisgarh,Bemetra,2020,23,5,4,2,34
Chhattisgarh,Bemetra,2021,36,8,6,4,54
Chhattisgarh,Bemetra,2022,45,10,8,5,68
Chhattisgarh,G. R. P. Raipur,2017,18,4,3,2,27
Chhattisgarh,G. R. P. Raipur,2018,25,5,4,3,37
Chhattisgarh,G. R. P. Raipur,2019,35,8,6,4,53
Chhattisgarh,G. R. P. Raipur,2020,56,13,10,6,85
Chhattisgarh,G. R. P. Raipur,2021,68,15,12,8,103
Chhattisgarh,G. R. P. Raipur,2022,100,23,18,12,153
Chhattisgarh,Mungali,2017,13,3,2,1,19
Chhattisgarh,Mungali,2018,19,4,3,2,28
Chhattisgarh,Mungali,2019,30,7,5,3,45
Chhattisgarh,Mungali,2020,52,12,9,6,79
Chhattisgarh,Mungali,2021,65,15,12,8,100
Chhattisgarh,Mungali,2022,101,23,18,12,154
Goa,C. I. D.,2017,19,4,3,2,28
Goa,C. I. D.,2018,24,5,4,3,36
Goa,C. I. D.,2019,41,9,7,5,62
Goa,C. I. D.,2020,54,12,9,6,81
Goa,C. I. D.,2021,69,16,12,8,105
Goa,C. I. D.,2022,90,20,16,11,137
Gujarat,Ahmedabad City,2017,105,24,19,13,161
Gujarat,Ahmedabad City,2018,118,27,21,14,180
Gujarat,Ahmedabad City,2019,195,45,36,24,300
Gujarat,Ahmedabad City,2020,281,65,52,34,432
Gujarat,Ahmedabad City,2021,387,89,71,47,594
Gujarat,Ahmedabad City,2022,513,118,94,63,788
Gujarat,Arvalli,2017,13,3,2,1,19
Gujarat,Arvalli,2018,14,3,2,1,20
Gujarat,Arvalli,2019,20,4,3,2,29
Gujarat,Arvalli,2020,42,9,7,5,63
Gujarat,Arvalli,2021,54,12,10,6,82
Gujarat,Arvalli,2022,61,14,11,7,93
Gujarat,Banaskantha,2017,15,3,2,1,21
Gujarat,Banaskantha,2018,17,3,3,2,25
Gujarat,Banaskantha,2019,27,6,5,3,41
Gujarat,Banaskantha,2020,46,10,8,5,69
Gujarat,Banaskantha,2021,70,16,13,8,107
Gujarat,Banaskantha,2022,97,22,17,11,147
Gujarat,Botad,2017,4,1,0,0,5
Gujarat,Botad,2018,7,1,1,0,9
Gujarat,Botad,2019,11,2,2,1,16
Gujarat,Botad,2020,21,4,3,2,30
Gujarat,Botad,2021,20,4,3,2,29
Gujarat,Botad,2022,30,6,5,3,44
Gujarat,Chhotaudepur,2017,7,1,1,0,9
Gujarat,Chhotaudepur,2018,13,3,2,1,19
Gujarat,Chhotaudepur,2019,22,5,4,2,33
Gujarat,Chhotaudepur,2020,34,8,6,4,52
Gujarat,Chhotaudepur,2021,43,10,8,5,66
Gujarat,Chhotaudepur,2022,68,15,12,8,103
Gujarat,C. I. D. Crime,2017,11,2,2,1,16
Gujarat,C. I. D. Crime,2018,19,4,3,2,28
Gujarat,C. I. D. Crime,2019,22,5,4,2,33
Gujarat,C. I. D. Crime,2020,34,7,6,4,51
Gujarat,C. I. D. Crime,2021,58,13,10,7,88
Gujarat,C. I. D. Crime,2022,84,19,15,10,128
Gujarat,Dang,2017,2,0,0,0,2
Gujarat,Dang,2018,4,1,0,0,5
Gujarat,Dang,2019,6,1,1,0,8
Gujarat,Dang,2020,8,1,1,1,11
Gujarat,Dang,2021,10,2,1,1,14
Gujarat,Dang,2022,15,3,2,1,21
Gujarat,Devbhumi Dwarka,2017,15,3,2,1,21
Gujarat,Devbhumi Dwarka,2018,18,4,3,2,27
Gujarat,Devbhumi Dwarka,2019,29,6,5,3,43
Gujarat,Devbhumi Dwarka,2020,47,10,8,5,70
Gujarat,Devbhumi Dwarka,2021,59,13,11,7,90
Gujarat,Devbhumi Dwarka,2022,85,19,15,10,129
Gujarat,Gir Somnath,2017,3,0,0,0,3
Gujarat,Gir Somnath,2018,7,1,1,0,9
Gujarat,Gir Somnath,2019,10,2,2,1,15
Gujarat,Gir Somnath,2020,16,3,3,2,24
Gujarat,Gir Somnath,2021,19,4,3,2,28
Gujarat,Gir Somnath,2022,28,6,5,3,42
Gujarat,Kachchh East(G),2017,12,2,2,1,17
Gujarat,Kachchh East(G),2018,19,4,3,2,28
Gujarat,Kachchh East(G),2019,29,6,5,3,43
Gujarat,Kachchh East(G),2020,36,8,6,4,54
Gujarat,Kachchh East(G),2021,67,15,12,8,102
Gujarat,Kachchh East(G),2022,76,17,14,9,116
Gujarat,Kachchh West(B),2017,16,3,3,2,24
Gujarat,Kachchh West(B),2018,20,4,3,2,29
Gujarat,Kachchh West(B),2019,31,7,5,3,46
Gujarat,Kachchh West(B),2020,45,10,8,5,68
Gujarat,Kachchh West(B),2021,69,15,12,8,104
Gujarat,Kachchh West(B),2022,86,19,15,10,130
Gujarat,Kheda,2017,4,0,0,0,4
Gujarat,Kheda,2018,6,1,1,0,8
Gujarat,Kheda,2019,8,1,1,1,11
Gujarat,Kheda,2020,13,3,2,1,19
Gujarat,Kheda,2021,20,4,3,2,29
Gujarat,Kheda,2022,25,5,4,3,37
Gujarat,Mahisagar,2017,11,2,2,1,16
Gujarat,Mahisagar,2018,17,4,3,2,26
Gujarat,Mahisagar,2019,20,4,3,2,29
Gujarat,Mahisagar,2020,44,10,8,5,67
Gujarat,Mahisagar,2021,47,10,8,5,70
Gujarat,Mahisagar,2022,61,14,11,7,93
Gujarat,Morbi,2017,17,4,3,2,26
Gujarat,Morbi,2018,22,5,4,2,33
Gujarat,Morbi,2019,33,7,6,4,50
Gujarat,Morbi,2020,51,11,9,6,77
Gujarat,Morbi,2021,75,17,13,9,114
Gujarat,Morbi,2022,96,22,17,11,146
Gujarat,Rajkot City,2017,5,1,1,0,7
Gujarat,Rajkot City,2018,9,2,1,1,13
Gujarat,Rajkot City,2019,10,2,1,1,14
Gujarat,Rajkot City,2020,23,5,4,2,34
Gujarat,Rajkot City,2021,32,7,5,3,47
Gujarat,Rajkot City,2022,42,9,7,5,63
Gujarat,Sabarkantha,2017,5,1,1,0,7
Gujarat,Sabarkantha,2018,8,1,1,1,11
Gujarat,Sabarkantha,2019,11,2,2,1,16
Gujarat,Sabarkantha,2020,20,4,3,2,29
Gujarat,Sabarkantha,2021,32,7,5,3,47
Gujarat,Sabarkantha,2022,34,7,6,4,51
Gujarat,Surat City,2017,15,3,2,1,21
Gujarat,Surat City,2018,22,5,4,2,33
Gujarat,Surat City,2019,31,7,5,3,46
Gujarat,Surat City,2020,49,11,9,6,75
Gujarat,Surat City,2021,54,12,10,6,82
Gujarat,Surat City,2022,99,22,18,12,151
Gujarat,Vadodara City,2017,18,4,3,2,27
Gujarat,Vadodara City,2018,23,5,4,2,34
Gujarat,Vadodara City,2019,30,7,5,3,45
Gujarat,Vadodara City,2020,63,14,11,7,95
Gujarat,Vadodara City,2021,75,17,13,9,114
Gujarat,Vadodara City,2022,105,24,19,13,161
Gujarat,W.Rly  Ahmedabad,2017,61,14,11,7,93
Gujarat,W.Rly  Ahmedabad,2018,83,19,15,10,127
Gujarat,W.Rly  Ahmedabad,2019,96,22,17,11,146
Gujarat,W.Rly  Ahmedabad,2020,145,33,26,17,221
Gujarat,W.Rly  Ahmedabad,2021,229,53,42,28,352
Gujarat,W.Rly  Ahmedabad,2022,318,73,58,39,488
Haryana,Ambala (Rural),2017,9,2,1,1,13
Haryana,Ambala (Rural),2018,14,3,2,1,20
Haryana,Ambala (Rural),2019,22,5,4,2,33
Haryana,Ambala (Rural),2020,37,8,6,4,55
Haryana,Ambala (Rural),2021,40,9,7,4,60
Haryana,Ambala (Rural),2022,61,14,11,7,93
Haryana,Ambala (Urban),2017,2,0,0,0,2
Haryana,Ambala (Urban),2018,4,1,0,0,5
Haryana,Ambala (Urban),2019,5,1,1,0,7
Haryana,Ambala (Urban),2020,7,1,1,0,9
Haryana,Ambala (Urban),2021,13,3,2,1,19
Haryana,Ambala (Urban),2022,13,3,2,1,19
Haryana,G. R. P.,2017,5,1,1,0,7
Haryana,G. R. P.,2018,6,1,1,0,8
Haryana,G. R. P.,2019,8,1,1,1,11
Haryana,G. R. P.,2020,14,3,2,1,20
Haryana,G. R. P.,2021,21,5,4,2,32
Haryana,G. R. P.,2022,30,7,5,3,45
Haryana,Mahendergarh,2017,13,3,2,1,19
Haryana,Mahendergarh,2018,18,4,3,2,27
Haryana,Mahendergarh,2019,31,7,5,3,46
Haryana,Mahendergarh,2020,53,12,9,6,80
Haryana,Mahendergarh,2021,66,15,12,8,101
Haryana,Mahendergarh,2022,87,20,16,10,133
Haryana,Irrigation & Power,2017,9,2,1,1,13
Haryana,Irrigation & Power,2018,14,3,2,1,20
Haryana,Irrigation & Power,2019,18,4,3,2,27
Haryana,Irrigation & Power,2020,34,8,6,4,52
Haryana,Irrigation & Power,2021,39,9,7,4,59
Haryana,Irrigation & Power,2022,54,12,10,6,82
Himachal Pradesh,Baddi,2017,15,3,2,1,21
Himachal Pradesh,Baddi,2018,19,4,3,2,28
Himachal Pradesh,Baddi,2019,39,9,7,4,59
Himachal Pradesh,Baddi,2020,51,11,9,6,77
Himachal Pradesh,Baddi,2021,65,15,12,8,100
Himachal Pradesh,Baddi,2022,101,23,18,12,154
Himachal Pradesh,C. I. D.,2017,2,0,0,0,2
Himachal Pradesh,C. I. D.,2018,3,0,0,0,3
Himachal Pradesh,C. I. D.,2019,4,1,0,0,5
Himachal Pradesh,C. I. D.,2020,7,1,1,0,9
Himachal Pradesh,C. I. D.,2021,12,2,2,1,17
Himachal Pradesh,C. I. D.,2022,16,3,3,2,24
Himachal Pradesh,G. R. P.,2017,7,1,1,0,9
Himachal Pradesh,G. R. P.,2018,13,3,2,1,19
Himachal Pradesh,G. R. P.,2019,15,3,2,1,21
Himachal Pradesh,G. R. P.,2020,24,5,4,2,35
Himachal Pradesh,G. R. P.,2021,35,8,6,4,53
Himachal Pradesh,G. R. P.,2022,58,13,10,7,88
Himachal Pradesh,Lahaul & Spiti,2017,8,1,1,1,11
Himachal Pradesh,Lahaul & Spiti,2018,16,3,2,1,22
Himachal Pradesh,Lahaul & Spiti,2019,23,5,4,2,34
Himachal Pradesh,Lahaul & Spiti,2020,37,8,6,4,55
Himachal Pradesh,Lahaul & Spiti,2021,40,9,7,4,60
Himachal Pradesh,Lahaul & Spiti,2022,64,14,11,7,96
Jharkhand,Dhanbad Railway,2017,20,4,3,2,29
Jharkhand,Dhanbad Railway,2018,26,6,4,3,39
Jharkhand,Dhanbad Railway,2019,42,9,7,5,63
Jharkhand,Dhanbad Railway,2020,64,14,11,7,96
Jharkhand,Dhanbad Railway,2021,73,17,13,9,112
Jharkhand,Dhanbad Railway,2022,107,24,19,13,163
Jharkhand,Jamshedpur Railway,2017,13,3,2,1,19
Jharkhand,Jamshedpur Railway,2018,19,4,3,2,28
Jharkhand,Jamshedpur Railway,2019,23,5,4,2,34
Jharkhand,Jamshedpur Railway,2020,36,8,6,4,54
Jharkhand,Jamshedpur Railway,2021,54,12,9,6,81
Jharkhand,Jamshedpur Railway,2022,90,20,16,11,137
Karnataka,Bengaluru City,2017,4,0,0,0,4
Karnataka,Bengaluru City,2018,5,1,1,0,7
Karnataka,Bengaluru City,2019,10,2,1,1,14
Karnataka,Bengaluru City,2020,13,3,2,1,19
Karnataka,Bengaluru City,2021,19,4,3,2,28
Karnataka,Bengaluru City,2022,34,7,6,4,51
Karnataka,Bengaluru District,2017,18,4,3,2,27
Karnataka,Bengaluru District,2018,23,5,4,2,34
Karnataka,Bengaluru District,2019,32,7,6,4,49
Karnataka,Bengaluru District,2020,51,11,9,6,77
Karnataka,Bengaluru District,2021,68,15,12,8,103
Karnataka,Bengaluru District,2022,99,22,18,12,151
Karnataka,Belagavi District,2017,13,3,2,1,19
Karnataka,Belagavi District,2018,23,5,4,2,34
Karnataka,Belagavi District,2019,32,7,5,3,47
Karnataka,Belagavi District,2020,56,13,10,6,85
Karnataka,Belagavi District,2021,81,18,15,10,124
Karnataka,Belagavi District,2022,89,20,16,11,136
Karnataka,Ballari,2017,12,2,2,1,17
Karnataka,Ballari,2018,18,4,3,2,27
Karnataka,Ballari,2019,35,8,6,4,53
Karnataka,Ballari,2020,49,11,9,6,75
Karnataka,Ballari,2021,71,16,13,8,108
Karnataka,Ballari,2022,84,19,15,10,128
Karnataka,Vijayapura,2017,3,0,0,0,3
Karnataka,Vijayapura,2018,4,0,0,0,4
Karnataka,Vijayapura,2019,6,1,1,0,8
Karnataka,Vijayapura,2020,10,2,1,1,14
Karnataka,Vijayapura,2021,12,2,2,1,17
Karnataka,Vijayapura,2022,15,3,2,1,21
Karnataka,Chikkaballapura,2017,11,2,2,1,16
Karnataka,Chikkaballapura,2018,22,5,4,2,33
Karnataka,Chikkaballapura,2019,32,7,6,4,49
Karnataka,Chikkaballapura,2020,55,12,10,6,83
Karnataka,Chikkaballapura,2021,67,15,12,8,102
Karnataka,Chikkaballapura,2022,75,17,14,9,115
Karnataka,Chikkamagaluru,2017,8,2,1,1,12
Karnataka,Chikkamagaluru,2018,12,2,2,1,17
Karnataka,Chikkamagaluru,2019,15,3,2,1,21
Karnataka,Chikkamagaluru,2020,29,6,5,3,43
Karnataka,Chikkamagaluru,2021,36,8,6,4,54
Karnataka,Chikkamagaluru,2022,41,9,7,5,62
Karnataka,Dakshina Kannada,2017,10,2,1,1,14
Karnataka,Dakshina Kannada,2018,18,4,3,2,27
Karnataka,Dakshina Kannada,2019,28,6,5,3,42
Karnataka,Dakshina Kannada,2020,36,8,6,4,54
Karnataka,Dakshina Kannada,2021,60,13,11,7,91
Karnataka,Dakshina Kannada,2022,72,16,13,8,109
Karnataka,Dharwad,2017,12,2,2,1,17
Karnataka,Dharwad,2018,19,4,3,2,28
Karnataka,Dharwad,2019,21,4,3,2,30
Karnataka,Dharwad,2020,37,8,6,4,55
Karnataka,Dharwad,2021,54,12,10,6,82
Karnataka,Dharwad,2022,85,19,15,10,129
Karnataka,Kalaburgi,2017,16,3,3,2,24
Karnataka,Kalaburgi,2018,21,5,4,2,32
Karnataka,Kalaburgi,2019,36,8,6,4,54
Karnataka,Kalaburgi,2020,46,10,8,5,69
Karnataka,Kalaburgi,2021,62,14,11,7,94
Karnataka,Kalaburgi,2022,96,22,17,11,146
Karnataka,Hubballi Dharwad City,2017,10,2,2,1,15
Karnataka,Hubballi Dharwad City,2018,18,4,3,2,27
Karnataka,Hubballi Dharwad City,2019,20,4,3,2,29
Karnataka,Hubballi Dharwad City,2020,34,8,6,4,52
Karnataka,Hubballi Dharwad City,2021,44,10,8,5,67
Karnataka,Hubballi Dharwad City,2022,65,15,12,8,100
Karnataka,Mangaluru City,2017,13,3,2,1,19
Karnataka,Mangaluru City,2018,16,3,2,1,22
Karnataka,Mangaluru City,2019,30,7,5,3,45
Karnataka,Mangaluru City,2020,38,8,7,4,57
Karnataka,Mangaluru City,2021,52,12,9,6,79
Karnataka,Mangaluru City,2022,72,16,13,8,109
Karnataka,Mysuru City,2017,12,2,2,1,17
Karnataka,Mysuru City,2018,18,4,3,2,27
Karnataka,Mysuru City,2019,20,4,3,2,29
Karnataka,Mysuru City,2020,32,7,6,4,49
Karnataka,Mysuru City,2021,54,12,10,6,82
Karnataka,Mysuru City,2022,81,18,15,10,124
Karnataka,Mysuru District,2017,17,4,3,2,26
Karnataka,Mysuru District,2018,20,4,3,2,29
Karnataka,Mysuru District,2019,39,9,7,4,59
Karnataka,Mysuru District,2020,48,11,8,5,72
Karnataka,Mysuru District,2021,75,17,13,9,114
Karnataka,Mysuru District,2022,92,21,17,11,141
Karnataka,K.Railways,2017,8,1,1,0,10
Karnataka,K.Railways,2018,8,2,1,1,12
Karnataka,K.Railways,2019,12,2,2,1,17
Karnataka,K.Railways,2020,24,5,4,3,36
Karnataka,K.Railways,2021,30,6,5,3,44
Karnataka,K.Railways,2022,34,7,6,4,51
Karnataka,Tumakuru,2017,4,0,0,0,4
Karnataka,Tumakuru,2018,7,1,1,0,9
Karnataka,Tumakuru,2019,11,2,2,1,16
Karnataka,Tumakuru,2020,18,4,3,2,27
Karnataka,Tumakuru,2021,20,4,3,2,29
Karnataka,Tumakuru,2022,28,6,5,3,42
Karnataka,Uttara Kannada,2017,2,0,0,0,2
Karnataka,Uttara Kannada,2018,3,0,0,0,3
Karnataka,Uttara Kannada,2019,3,0,0,0,3
Karnataka,Uttara Kannada,2020,6,1,1,0,8
Karnataka,Uttara Kannada,2021,9,2,1,1,13
Karnataka,Uttara Kannada,2022,13,3,2,1,19
Karnataka,Belagavi City,2017,2,0,0,0,2
Karnataka,Belagavi City,2018,3,0,0,0,3
Karnataka,Belagavi City,2019,5,1,1,0,7
Karnataka,Belagavi City,2020,8,1,1,1,11
Karnataka,Belagavi City,2021,10,2,1,1,14
Karnataka,Belagavi City,2022,15,3,2,1,21
Kerala,Crime Branch,2017,20,4,3,2,29
Kerala,Crime Branch,2018,24,5,4,3,36
Kerala,Crime Branch,2019,33,7,6,4,50
Kerala,Crime Branch,2020,50,11,9,6,76
Kerala,Crime Branch,2021,76,17,14,9,116
Kerala,Crime Branch,2022,88,20,16,10,134
Madhya Pradesh,Bhopal Railway,2017,8,2,1,1,12
Madhya Pradesh,Bhopal Railway,2018,11,2,2,1,16
Madhya Pradesh,Bhopal Railway,2019,17,3,3,2,25
Madhya Pradesh,Bhopal Railway,2020,34,8,6,4,52
Madhya Pradesh,Bhopal Railway,2021,41,9,7,5,62
Madhya Pradesh,Bhopal Railway,2022,60,13,11,7,91
Madhya Pradesh,Datia,2017,6,1,1,0,8
Madhya Pradesh,Datia,2018,8,2,1,1,12
Madhya Pradesh,Datia,2019,13,3,2,1,19
Madhya Pradesh,Datia,2020,25,5,4,3,37
Madhya Pradesh,Datia,2021,27,6,5,3,41
Madhya Pradesh,Datia,2022,49,11,9,6,75
Madhya Pradesh,Indore Railway,2017,13,3,2,1,19
Madhya Pradesh,Indore Railway,2018,14,3,2,1,20
Madhya Pradesh,Indore Railway,2019,24,5,4,3,36
Madhya Pradesh,Indore Railway,2020,34,8,6,4,52
Madhya Pradesh,Indore Railway,2021,45,10,8,5,68
Madhya Pradesh,Indore Railway,2022,77,17,14,9,117
Madhya Pradesh,Jabalpur Railway,2017,10,2,1,1,14
Madhya Pradesh,Jabalpur Railway,2018,16,3,2,1,22
Madhya Pradesh,Jabalpur Railway,2019,28,6,5,3,42
Madhya Pradesh,Jabalpur Railway,2020,42,9,7,5,63
Madhya Pradesh,Jabalpur Railway,2021,49,11,9,6,75
Madhya Pradesh,Jabalpur Railway,2022,69,16,12,8,105
Madhya Pradesh,Khargone,2017,17,3,3,2,25
Madhya Pradesh,Khargone,2018,21,4,3,2,30
Madhya Pradesh,Khargone,2019,30,7,5,3,45
Madhya Pradesh,Khargone,2020,61,14,11,7,93
Madhya Pradesh,Khargone,2021,68,15,12,8,103
Madhya Pradesh,Khargone,2022,96,22,17,11,146
Madhya Pradesh,Sehore,2017,7,1,1,0,9
Madhya Pradesh,Sehore,2018,12,2,2,1,17
Madhya Pradesh,Sehore,2019,17,4,3,2,26
Madhya Pradesh,Sehore,2020,29,6,5,3,43
Madhya Pradesh,Sehore,2021,41,9,7,5,62
Madhya Pradesh,Sehore,2022,47,10,8,5,70
Madhya Pradesh,Umaria,2017,3,0,0,0,3
Madhya Pradesh,Umaria,2018,5,1,1,0,7
Madhya Pradesh,Umaria,2019,9,2,1,1,13
Madhya Pradesh,Umaria,2020,15,3,2,1,21
Madhya Pradesh,Umaria,2021,20,4,3,2,29
Madhya Pradesh,Umaria,2022,27,6,5,3,41
Madhya Pradesh,Cyber Cell,2017,3,0,0,0,3
Madhya Pradesh,Cyber Cell,2018,4,1,0,0,5
Madhya Pradesh,Cyber Cell,2019,7,1,1,0,9
Madhya Pradesh,Cyber Cell,2020,10,2,1,1,14
Madhya Pradesh,Cyber Cell,2021,14,3,2,1,20
Madhya Pradesh,Cyber Cell,2022,17,4,3,2,26
Maharashtra,Mumbai Railway,2017,76,17,14,9,116
Maharashtra,Mumbai Railway,2018,119,27,22,14,182
Maharashtra,Mumbai Railway,2019,205,47,37,25,314
Maharashtra,Mumbai Railway,2020,252,58,46,31,387
Maharashtra,Mumbai Railway,2021,367,84,67,45,563
Maharashtra,Mumbai Railway,2022,617,142,113,75,947
Maharashtra,Nagpur Railway,2017,3,0,0,0,3
Maharashtra,Nagpur Railway,2018,4,1,0,0,5
Maharashtra,Nagpur Railway,2019,7,1,1,0,9
Maharashtra,Nagpur Railway,2020,13,3,2,1,19
Maharashtra,Nagpur Railway,2021,15,3,2,1,21
Maharashtra,Nagpur Railway,2022,19,4,3,2,28
Maharashtra,Palghar,2017,7,1,1,0,9
Maharashtra,Palghar,2018,13,3,2,1,19
Maharashtra,Palghar,2019,15,3,2,1,21
Maharashtra,Palghar,2020,27,6,5,3,41
Maharashtra,Palghar,2021,42,9,7,5,63
Maharashtra,Palghar,2022,42,9,7,5,63
Maharashtra,Pune Railway,2017,55,12,10,6,83
Maharashtra,Pune Railway,2018,62,14,11,7,94
Maharashtra,Pune Railway,2019,111,25,20,13,169
Maharashtra,Pune Railway,2020,190,43,35,23,291
Maharashtra,Pune Railway,2021,254,58,47,31,390
Maharashtra,Pune Railway,2022,289,66,53,35,443
Manipur,C. I. D.,2017,18,4,3,2,27
Manipur,C. I. D.,2018,20,4,3,2,29
Manipur,C. I. D.,2019,29,6,5,3,43
Manipur,C. I. D.,2020,62,14,11,7,94
Manipur,C. I. D.,2021,64,14,11,7,96
Manipur,C. I. D.,2022,93,21,17,11,142
Meghalaya,Garo Hills South West,2017,5,1,0,0,6
Meghalaya,Garo Hills South West,2018,7,1,1,0,9
Meghalaya,Garo Hills South West,2019,10,2,1,1,14
Meghalaya,Garo Hills South West,2020,15,3,2,1,21
Meghalaya,Garo Hills South West,2021,24,5,4,3,36
Meghalaya,Garo Hills South West,2022,28,6,5,3,42
Meghalaya,Khasi Hills South West,2017,8,1,1,1,11
Meghalaya,Khasi Hills South West,2018,17,3,3,2,25
Meghalaya,Khasi Hills South West,2019,17,4,3,2,26
Meghalaya,Khasi Hills South West,2020,28,6,5,3,42
Meghalaya,Khasi Hills South West,2021,47,10,8,5,70
Meghalaya,Khasi Hills South West,2022,62,14,11,7,94
Mizoram,Spl Traffic,2017,3,0,0,0,3
Mizoram,Spl Traffic,2018,5,1,0,0,6
Mizoram,Spl Traffic,2019,7,1,1,0,9
Mizoram,Spl Traffic,2020,9,2,1,1,13
Mizoram,Spl Traffic,2021,14,3,2,1,20
Mizoram,Spl Traffic,2022,22,5,4,2,33
Odisha,Malkangiri,2017,8,1,1,0,10
Odisha,Malkangiri,2018,11,2,2,1,16
Odisha,Malkangiri,2019,15,3,2,1,21
Odisha,Malkangiri,2020,24,5,4,3,36
Odisha,Malkangiri,2021,34,8,6,4,52
Odisha,Malkangiri,2022,45,10,8,5,68
Odisha,Nabarangpur,2017,6,1,1,0,8
Odisha,Nabarangpur,2018,9,2,1,1,13
Odisha,Nabarangpur,2019,12,2,2,1,17
Odisha,Nabarangpur,2020,24,5,4,3,36
Odisha,Nabarangpur,2021,33,7,6,4,50
Odisha,Nabarangpur,2022,39,9,7,4,59
Odisha,Srp (Cuttack),2017,15,3,2,1,21
Odisha,Srp (Cuttack),2018,28,6,5,3,42
Odisha,Srp (Cuttack),2019,38,8,7,4,57
Odisha,Srp (Cuttack),2020,59,13,11,7,90
Odisha,Srp (Cuttack),2021,86,19,15,10,130
Odisha,Srp (Cuttack),2022,92,21,17,11,141
Odisha,Srp (Rourkela),2017,15,3,2,1,21
Odisha,Srp (Rourkela),2018,19,4,3,2,28
Odisha,Srp (Rourkela),2019,38,8,7,4,57
Odisha,Srp (Rourkela),2020,50,11,9,6,76
Odisha,Srp (Rourkela),2021,65,15,12,8,100
Odisha,Srp (Rourkela),2022,94,21,17,11,143
Punjab,Bathinda,2017,1,0,0,0,1
Punjab,Bathinda,2018,2,0,0,0,2
Punjab,Bathinda,2019,3,0,0,0,3
Punjab,Bathinda,2020,4,0,0,0,4
Punjab,Bathinda,2021,6,1,1,0,8
Punjab,Bathinda,2022,9,2,1,1,13
Punjab,G. R. P.,2017,4,0,0,0,4
Punjab,G. R. P.,2018,4,1,0,0,5
Punjab,G. R. P.,2019,9,2,1,1,13
Punjab,G. R. P.,2020,11,2,2,1,16
Punjab,G. R. P.,2021,15,3,2,1,21
Punjab,G. R. P.,2022,28,6,5,3,42
Punjab,Sas Nagar,2017,18,4,3,2,27
Punjab,Sas Nagar,2018,26,6,4,3,39
Punjab,Sas Nagar,2019,37,8,6,4,55
Punjab,Sas Nagar,2020,60,14,11,7,92
Punjab,Sas Nagar,2021,69,16,12,8,105
Punjab,Sas Nagar,2022,94,21,17,11,143
Rajasthan,Praapgarh,2017,13,3,2,1,19
Rajasthan,Praapgarh,2018,23,5,4,2,34
Rajasthan,Praapgarh,2019,27,6,5,3,41
Rajasthan,Praapgarh,2020,53,12,9,6,80
Rajasthan,Praapgarh,2021,77,17,14,9,117
Rajasthan,Praapgarh,2022,99,23,18,12,152
Sikkim,Cid,2017,17,4,3,2,26
Sikkim,Cid,2018,20,4,3,2,29
Sikkim,Cid,2019,29,6,5,3,43
Sikkim,Cid,2020,43,9,7,5,64
Sikkim,Cid,2021,62,14,11,7,94
Sikkim,Cid,2022,93,21,17,11,142
Tamil Nadu,Coimbatore,2017,8,1,1,0,10
Tamil Nadu,Coimbatore,2018,13,3,2,1,19
Tamil Nadu,Coimbatore,2019,21,4,3,2,30
Tamil Nadu,Coimbatore,2020,27,6,5,3,41
Tamil Nadu,Coimbatore,2021,36,8,6,4,54
Tamil Nadu,Coimbatore,2022,46,10,8,5,69
Tamil Nadu,Coimbatore City,2017,9,2,1,1,13
Tamil Nadu,Coimbatore City,2018,14,3,2,1,20
Tamil Nadu,Coimbatore City,2019,18,4,3,2,27
Tamil Nadu,Coimbatore City,2020,29,6,5,3,43
Tamil Nadu,Coimbatore City,2021,32,7,5,3,47
Tamil Nadu,Coimbatore City,2022,57,13,10,7,87
Tamil Nadu,Madurai,2017,10,2,1,1,14
Tamil Nadu,Madurai,2018,13,3,2,1,19
Tamil Nadu,Madurai,2019,21,4,3,2,30
Tamil Nadu,Madurai,2020,36,8,6,4,54
Tamil Nadu,Madurai,2021,49,11,9,6,75
Tamil Nadu,Madurai,2022,59,13,10,7,89
Tamil Nadu,Madurai City,2017,13,3,2,1,19
Tamil Nadu,Madurai City,2018,16,3,3,2,24
Tamil Nadu,Madurai City,2019,22,5,4,2,33
Tamil Nadu,Madurai City,2020,38,8,7,4,57
Tamil Nadu,Madurai City,2021,44,10,8,5,67
Tamil Nadu,Madurai City,2022,63,14,11,7,95
Tamil Nadu,Railway Chennai,2017,95,21,17,11,144
Tamil Nadu,Railway Chennai,2018,160,37,29,19,245
Tamil Nadu,Railway Chennai,2019,172,39,31,21,263
Tamil Nadu,Railway Chennai,2020,301,69,55,37,462
Tamil Nadu,Railway Chennai,2021,395,91,73,48,607
Tamil Nadu,Railway Chennai,2022,643,148,118,79,988
Tamil Nadu,Railway Trichy,2017,9,2,1,1,13
Tamil Nadu,Railway Trichy,2018,15,3,2,1,21
Tamil Nadu,Railway Trichy,2019,22,5,4,2,33
Tamil Nadu,Railway Trichy,2020,28,6,5,3,42
Tamil Nadu,Railway Trichy,2021,40,9,7,5,61
Tamil Nadu,Railway Trichy,2022,67,15,12,8,102
Tamil Nadu,Salem,2017,16,3,3,2,24
Tamil Nadu,Salem,2018,18,4,3,2,27
Tamil Nadu,Salem,2019,30,6,5,3,44
Tamil Nadu,Salem,2020,44,10,8,5,67
Tamil Nadu,Salem,2021,61,14,11,7,93
Tamil Nadu,Salem,2022,86,19,15,10,130
Tamil Nadu,Salem City,2017,9,2,1,1,13
Tamil Nadu,Salem City,2018,19,4,3,2,28
Tamil Nadu,Salem City,2019,20,4,3,2,29
Tamil Nadu,Salem City,2020,38,8,7,4,57
Tamil Nadu,Salem City,2021,54,12,10,6,82
Tamil Nadu,Salem City,2022,82,18,15,10,125
Tamil Nadu,Thirunelveli,2017,17,4,3,2,26
Tamil Nadu,Thirunelveli,2018,24,5,4,3,36
Tamil Nadu,Thirunelveli,2019,27,6,5,3,41
Tamil Nadu,Thirunelveli,2020,57,13,10,7,87
Tamil Nadu,Thirunelveli,2021,56,13,10,6,85
Tamil Nadu,Thirunelveli,2022,77,17,14,9,117
Tamil Nadu,Thirunelveli City,2017,9,2,1,1,13
Tamil Nadu,Thirunelveli City,2018,13,3,2,1,19
Tamil Nadu,Thirunelveli City,2019,21,4,3,2,30
Tamil Nadu,Thirunelveli City,2020,29,6,5,3,43
Tamil Nadu,Thirunelveli City,2021,53,12,9,6,80
Tamil Nadu,Thirunelveli City,2022,78,18,14,9,119
Tamil Nadu,Tiruppur City,2017,4,1,0,0,5
Tamil Nadu,Tiruppur City,2018,6,1,1,0,8
Tamil Nadu,Tiruppur City,2019,9,2,1,1,13
Tamil Nadu,Tiruppur City,2020,21,4,3,2,30
Tamil Nadu,Tiruppur City,2021,25,5,4,3,37
Tamil Nadu,Tiruppur City,2022,35,8,6,4,53
Tamil Nadu,Trichy,2017,9,2,1,1,13
Tamil Nadu,Trichy,2018,13,3,2,1,19
Tamil Nadu,Trichy,2019,19,4,3,2,28
Tamil Nadu,Trichy,2020,30,7,5,3,45
Tamil Nadu,Trichy,2021,50,11,9,6,76
Tamil Nadu,Trichy,2022,68,15,12,8,103
Tamil Nadu,Trichy City,2017,4,1,0,0,5
Tamil Nadu,Trichy City,2018,7,1,1,0,9
Tamil Nadu,Trichy City,2019,10,2,1,1,14
Tamil Nadu,Trichy City,2020,19,4,3,2,28
Tamil Nadu,Trichy City,2021,20,4,3,2,29
Tamil Nadu,Trichy City,2022,28,6,5,3,42
Tamil Nadu,Cyber Cell,2017,11,2,2,1,16
Tamil Nadu,Cyber Cell,2018,16,3,3,2,24
Tamil Nadu,Cyber Cell,2019,28,6,5,3,42
Tamil Nadu,Cyber Cell,2020,36,8,6,4,54
Tamil Nadu,Cyber Cell,2021,58,13,10,7,88
Tamil Nadu,Cyber Cell,2022,62,14,11,7,94
Tamil Nadu,Other Units,2017,4,0,0,0,4
Tamil Nadu,Other Units,2018,4,1,0,0,5
Tamil Nadu,Other Units,2019,9,2,1,1,13
Tamil Nadu,Other Units,2020,11,2,2,1,16
Tamil Nadu,Other Units,2021,19,4,3,2,28
Tamil Nadu,Other Units,2022,23,5,4,2,34
Telangana,Adilabad,2017,10,2,1,1,14
Telangana,Adilabad,2018,15,3,2,1,21
Telangana,Adilabad,2019,28,6,5,3,42
Telangana,Adilabad,2020,41,9,7,5,62
Telangana,Adilabad,2021,60,14,11,7,92
Telangana,Adilabad,2022,90,20,16,11,137
Telangana,Cyberabad,2017,9,2,1,1,13
Telangana,Cyberabad,2018,14,3,2,1,20
Telangana,Cyberabad,2019,19,4,3,2,28
Telangana,Cyberabad,2020,25,5,4,3,37
Telangana,Cyberabad,2021,36,8,6,4,54
Telangana,Cyberabad,2022,63,14,11,7,95
Telangana,Hyderabad City,2017,65,15,12,8,100
Telangana,Hyderabad City,2018,69,15,12,8,104
Telangana,Hyderabad City,2019,119,27,22,14,182
Telangana,Hyderabad City,2020,195,45,36,24,300
Telangana,Hyderabad City,2021,287,66,53,35,441
Telangana,Hyderabad City,2022,402,92,74,49,617
Telangana,Karimnagar,2017,6,1,1,0,8
Telangana,Karimnagar,2018,7,1,1,0,9
Telangana,Karimnagar,2019,11,2,2,1,16
Telangana,Karimnagar,2020,19,4,3,2,28
Telangana,Karimnagar,2021,22,5,4,2,33
Telangana,Karimnagar,2022,36,8,6,4,54
Telangana,Khammam,2017,16,3,3,2,24
Telangana,Khammam,2018,18,4,3,2,27
Telangana,Khammam,2019,34,7,6,4,51
Telangana,Khammam,2020,43,10,8,5,66
Telangana,Khammam,2021,57,13,10,7,87
Telangana,Khammam,2022,107,24,19,13,163
Telangana,Mahaboob Nagar,2017,5,1,1,0,7
Telangana,Mahaboob Nagar,2018,7,1,1,0,9
Telangana,Mahaboob Nagar,2019,8,1,1,1,11
Telangana,Mahaboob Nagar,2020,17,3,3,2,25
Telangana,Mahaboob Nagar,2021,23,5,4,2,34
Telangana,Mahaboob Nagar,2022,32,7,5,3,47
Telangana,Medak,2017,6,1,1,0,8
Telangana,Medak,2018,9,2,1,1,13
Telangana,Medak,2019,16,3,3,2,24
Telangana,Medak,2020,24,5,4,2,35
Telangana,Medak,2021,32,7,6,4,49
Telangana,Medak,2022,52,12,9,6,79
Telangana,Nalgonda,2017,12,2,2,1,17
Telangana,Nalgonda,2018,15,3,2,1,21
Telangana,Nalgonda,2019,20,4,3,2,29
Telangana,Nalgonda,2020,32,7,6,4,49
Telangana,Nalgonda,2021,49,11,9,6,75
Telangana,Nalgonda,2022,62,14,11,7,94
Telangana,Nizamabad,2017,17,3,3,2,25
Telangana,Nizamabad,2018,23,5,4,2,34
Telangana,Nizamabad,2019,24,5,4,3,36
Telangana,Nizamabad,2020,42,9,7,5,63
Telangana,Nizamabad,2021,53,12,9,6,80
Telangana,Nizamabad,2022,79,18,14,9,120
Telangana,Ranga Reddy,2017,15,3,2,1,21
Telangana,Ranga Reddy,2018,23,5,4,2,34
Telangana,Ranga Reddy,2019,33,7,6,4,50
Telangana,Ranga Reddy,2020,56,13,10,6,85
Telangana,Ranga Reddy,2021,71,16,13,8,108
Telangana,Ranga Reddy,2022,108,24,19,13,164
Telangana,Secunderabad Railway,2017,14,3,2,1,20
Telangana,Secunderabad Railway,2018,20,4,3,2,29
Telangana,Secunderabad Railway,2019,32,7,5,3,47
Telangana,Secunderabad Railway,2020,37,8,7,4,56
Telangana,Secunderabad Railway,2021,56,13,10,7,86
Telangana,Secunderabad Railway,2022,76,17,14,9,116
Telangana,Warangal,2017,4,1,0,0,5
Telangana,Warangal,2018,7,1,1,0,9
Telangana,Warangal,2019,10,2,1,1,14
Telangana,Warangal,2020,17,4,3,2,26
Telangana,Warangal,2021,19,4,3,2,28
Telangana,Warangal,2022,33,7,6,4,50
Telangana,Warangal Urban,2017,14,3,2,1,20
Telangana,Warangal Urban,2018,16,3,2,1,22
Telangana,Warangal Urban,2019,25,5,4,3,37
Telangana,Warangal Urban,2020,45,10,8,5,68
Telangana,Warangal Urban,2021,46,10,8,5,69
Telangana,Warangal Urban,2022,84,19,15,10,128
Tripura,G. R. P.,2017,8,1,1,1,11
Tripura,G. R. P.,2018,12,2,2,1,17
Tripura,G. R. P.,2019,16,3,3,2,24
Tripura,G. R. P.,2020,35,8,6,4,53
Tripura,G. R. P.,2021,36,8,6,4,54
Tripura,G. R. P.,2022,56,13,10,6,85
Tripura,Kowai,2017,11,2,2,1,16
Tripura,Kowai,2018,15,3,2,1,21
Tripura,Kowai,2019,24,5,4,3,36
Tripura,Kowai,2020,36,8,6,4,54
Tripura,Kowai,2021,55,12,10,6,83
Tripura,Kowai,2022,72,16,13,8,109
Uttar Pradesh,Chitrakoot,2017,2,0,0,0,2
Uttar Pradesh,Chitrakoot,2018,3,0,0,0,3
Uttar Pradesh,Chitrakoot,2019,5,1,0,0,6
Uttar Pradesh,Chitrakoot,2020,8,2,1,1,12
Uttar Pradesh,Chitrakoot,2021,13,3,2,1,19
Uttar Pradesh,Chitrakoot,2022,17,3,3,2,25
Uttar Pradesh,G. R. P.,2017,14,3,2,1,20
Uttar Pradesh,G. R. P.,2018,23,5,4,2,34
Uttar Pradesh,G. R. P.,2019,37,8,6,4,55
Uttar Pradesh,G. R. P.,2020,47,10,8,5,70
Uttar Pradesh,G. R. P.,2021,57,13,10,7,87
Uttar Pradesh,G. R. P.,2022,95,22,17,11,145
West Bengal,North 24 Parganas,2017,17,3,3,2,25
West Bengal,North 24 Parganas,2018,27,6,5,3,41
West Bengal,North 24 Parganas,2019,36,8,6,4,54
West Bengal,North 24 Parganas,2020,54,12,10,6,82
West Bengal,North 24 Parganas,2021,83,19,15,10,127
West Bengal,North 24 Parganas,2022,87,20,16,10,133
West Bengal,South 24 Parganas,2017,4,0,0,0,4
West Bengal,South 24 Parganas,2018,7,1,1,0,9
West Bengal,South 24 Parganas,2019,11,2,2,1,16
West Bengal,South 24 Parganas,2020,16,3,2,1,22
West Bengal,South 24 Parganas,2021,23,5,4,2,34
West Bengal,South 24 Parganas,2022,27,6,5,3,41
West Bengal,Alipurduar,2017,10,2,1,1,14
West Bengal,Alipurduar,2018,19,4,3,2,28
West Bengal,Alipurduar,2019,27,6,5,3,41
West Bengal,Alipurduar,2020,40,9,7,5,61
West Bengal,Alipurduar,2021,47,10,8,5,70
West Bengal,Alipurduar,2022,84,19,15,10,128
West Bengal,Asansol-Durgapur Pc,2017,6,1,1,0,8
West Bengal,Asansol-Durgapur Pc,2018,8,1,1,1,11
West Bengal,Asansol-Durgapur Pc,2019,10,2,1,1,14
West Bengal,Asansol-Durgapur Pc,2020,16,3,3,2,24
West Bengal,Asansol-Durgapur Pc,2021,22,5,4,2,33
West Bengal,Asansol-Durgapur Pc,2022,37,8,6,4,55
West Bengal,Barrackpur Pc,2017,6,1,1,0,8
West Bengal,Barrackpur Pc,2018,11,2,2,1,16
West Bengal,Barrackpur Pc,2019,13,3,2,1,19
West Bengal,Barrackpur Pc,2020,28,6,5,3,42
West Bengal,Barrackpur Pc,2021,32,7,5,3,47
West Bengal,Barrackpur Pc,2022,54,12,10,6,82
West Bengal,Bidhannagar Pc,2017,1,0,0,0,1
West Bengal,Bidhannagar Pc,2018,1,0,0,0,1
West Bengal,Bidhannagar Pc,2019,2,0,0,0,2
West Bengal,Bidhannagar Pc,2020,5,1,0,0,6
West Bengal,Bidhannagar Pc,2021,5,1,1,0,7
West Bengal,Bidhannagar Pc,2022,7,1,1,0,9
West Bengal,Howrah G. R. P.,2017,3,0,0,0,3
West Bengal,Howrah G. R. P.,2018,4,1,0,0,5
West Bengal,Howrah G. R. P.,2019,6,1,1,0,8
West Bengal,Howrah G. R. P.,2020,9,2,1,1,13
West Bengal,Howrah G. R. P.,2021,16,3,3,2,24
West Bengal,Howrah G. R. P.,2022,25,5,4,3,37
West Bengal,Howrah Pc,2017,13,3,2,1,19
West Bengal,Howrah Pc,2018,21,4,3,2,30
West Bengal,Howrah Pc,2019,24,5,4,2,35
West Bengal,Howrah Pc,2020,37,8,6,4,55
West Bengal,Howrah Pc,2021,64,14,11,7,96
West Bengal,Howrah Pc,2022,81,18,15,10,124
West Bengal,Howrah Rural,2017,13,3,2,1,19
West Bengal,Howrah Rural,2018,26,6,4,3,39
West Bengal,Howrah Rural,2019,29,6,5,3,43
West Bengal,Howrah Rural,2020,48,11,9,6,74
West Bengal,Howrah Rural,2021,63,14,11,7,95
West Bengal,Howrah Rural,2022,101,23,18,12,154
West Bengal,Jhargram Police District,2017,7,1,1,0,9
West Bengal,Jhargram Police District,2018,7,1,1,0,9
West Bengal,Jhargram Police District,2019,13,3,2,1,19
West Bengal,Jhargram Police District,2020,22,5,4,2,33
West Bengal,Jhargram Police District,2021,28,6,5,3,42
West Bengal,Jhargram Police District,2022,36,8,6,4,54
West Bengal,Kharagpur G. R. P.,2017,1,0,0,0,1
West Bengal,Kharagpur G. R. P.,2018,1,0,0,0,1
West Bengal,Kharagpur G. R. P.,2019,3,0,0,0,3
West Bengal,Kharagpur G. R. P.,2020,3,0,0,0,3
West Bengal,Kharagpur G. R. P.,2021,6,1,1,0,8
West Bengal,Kharagpur G. R. P.,2022,8,2,1,1,12
West Bengal,Paschim Medinipur,2017,3,0,0,0,3
West Bengal,Paschim Medinipur,2018,6,1,1,0,8
West Bengal,Paschim Medinipur,2019,9,2,1,1,13
West Bengal,Paschim Medinipur,2020,15,3,2,1,21
West Bengal,Paschim Medinipur,2021,19,4,3,2,28
West Bengal,Paschim Medinipur,2022,28,6,5,3,42
West Bengal,Purab Medinipur,2017,11,2,2,1,16
West Bengal,Purab Medinipur,2018,18,4,3,2,27
West Bengal,Purab Medinipur,2019,25,5,4,3,37
West Bengal,Purab Medinipur,2020,45,10,8,5,68
West Bengal,Purab Medinipur,2021,52,12,9,6,79
West Bengal,Purab Medinipur,2022,76,17,14,9,116
West Bengal,Sealdah G. R. P.,2017,13,3,2,1,19
West Bengal,Sealdah G. R. P.,2018,23,5,4,2,34
West Bengal,Sealdah G. R. P.,2019,36,8,6,4,54
West Bengal,Sealdah G. R. P.,2020,40,9,7,5,61
West Bengal,Sealdah G. R. P.,2021,63,14,11,7,95
West Bengal,Sealdah G. R. P.,2022,80,18,14,9,121
West Bengal,Siliguri G. R. P.,2017,13,3,2,1,19
West Bengal,Siliguri G. R. P.,2018,18,4,3,2,27
West Bengal,Siliguri G. R. P.,2019,30,7,5,3,45
West Bengal,Siliguri G. R. P.,2020,41,9,7,5,62
West Bengal,Siliguri G. R. P.,2021,54,12,10,6,82
West Bengal,Siliguri G. R. P.,2022,68,15,12,8,103
West Bengal,Siliguri Pc,2017,10,2,1,1,14
West Bengal,Siliguri Pc,2018,12,2,2,1,17
West Bengal,Siliguri Pc,2019,21,4,3,2,30
West Bengal,Siliguri Pc,2020,31,7,5,3,46
West Bengal,Siliguri Pc,2021,37,8,6,4,55
West Bengal,Siliguri Pc,2022,69,16,12,8,105
Andaman & Nicobar Islands,South Andaman,2017,4,1,0,0,5
Andaman & Nicobar Islands,South Andaman,2018,7,1,1,0,9
Andaman & Nicobar Islands,South Andaman,2019,11,2,2,1,16
Andaman & Nicobar Islands,South Andaman,2020,16,3,2,1,22
Andaman & Nicobar Islands,South Andaman,2021,27,6,4,3,40
Andaman & Nicobar Islands,South Andaman,2022,29,6,5,3,43
Andaman & Nicobar Islands,North & Middle Andaman,2017,12,2,2,1,17
Andaman & Nicobar Islands,North & Middle Andaman,2018,14,3,2,1,20
Andaman & Nicobar Islands,North & Middle Andaman,2019,25,5,4,3,37
Andaman & Nicobar Islands,North & Middle Andaman,2020,34,8,6,4,52
Andaman & Nicobar Islands,North & Middle Andaman,2021,43,10,8,5,66
Andaman & Nicobar Islands,North & Middle Andaman,2022,64,14,11,7,96
Delhi,Metro,2017,14,3,2,1,20
Delhi,Metro,2018,28,6,5,3,42
Delhi,Metro,2019,29,6,5,3,43
Delhi,Metro,2020,63,14,11,7,95
Delhi,Metro,2021,68,15,12,8,103
Delhi,Metro,2022,90,20,16,11,137
Delhi,Railway,2017,10,2,1,1,14
Delhi,Railway,2018,16,3,3,2,24
Delhi,Railway,2019,18,4,3,2,27
Delhi,Railway,2020,32,7,6,4,49
Delhi,Railway,2021,37,8,6,4,55
Delhi,Railway,2022,62,14,11,7,94
Delhi,Spuwac,2017,1,0,0,0,1
Delhi,Spuwac,2018,1,0,0,0,1
Delhi,Spuwac,2019,3,0,0,0,3
Delhi,Spuwac,2020,3,0,0,0,3
Delhi,Spuwac,2021,6,1,1,0,8
Delhi,Spuwac,2022,8,1,1,1,11
Delhi,Vigilance,2017,3,0,0,0,3
Delhi,Vigilance,2018,4,1,0,0,5
Delhi,Vigilance,2019,8,1,1,1,11
Delhi,Vigilance,2020,11,2,2,1,16
Delhi,Vigilance,2021,13,3,2,1,19
Delhi,Vigilance,2022,24,5,4,2,35
